t,ax,ay,az,gx,gy,gz
101688.793798,0.212933105,0.224283022,-0.0409971963,0.0326505415,0.00626680721,0.00442944281
101688.803826,0.181208289,0.165959866,0.0151730192,-0.0026973288,-0.00211735675,0.0214683469
101688.813853,0.0850892533,0.122252753,0.0895516761,-0.0191221088,0.00112850405,0.0463625118
101688.823881,0.0163810798,0.127128543,0.0944651671,-0.0337519199,0.00313386437,0.0632898286
101688.833909,-0.0543954609,0.184856071,0.0294920519,-0.0447774045,-0.00767963473,0.0636142045
101688.843936,-0.0186217714,0.407764808,-0.143061148,-0.0461776964,-0.0175285377,0.0515303761
101688.853964,-0.0163853541,0.40438956,-0.142623341,-0.0254404582,-0.0178814065,0.0301127024
101688.863991,0.0531127642,0.483224685,-0.207507609,0.00645941822,-0.0176209491,0.00870488118
101688.874019,0.13919702,0.491425673,-0.240157248,0.0264882538,-0.0255254786,-0.0181048941
101688.884046,0.182582463,0.483569333,-0.165316819,0.0352252834,-0.0290099587,-0.0368010849
101688.894074,0.165989311,0.42492133,-0.0320119258,0.0322460048,-0.0219656304,-0.0522530079
101688.904101,0.139104191,0.297053294,0.207964121,0.0156579763,-0.00542606786,-0.0425947905
101688.914129,0.0553627716,0.205938606,0.396401703,-0.00954511482,-0.000520791626,-0.0151144303
101688.924156,-0.00732278064,0.0462501484,0.439428944,-0.0535279401,0.0136817833,0.00639863405
101688.934184,-0.00897401844,0.0403289416,0.439887209,-0.0732403919,0.0249325726,0.0281742364
101688.944212,0.019363822,0.00253843244,0.313422391,-0.0833633319,0.0291161332,0.0480430201
101688.954239,0.0432722651,0.0040179304,0.0589893646,-0.0702680424,0.0260777324,0.0557890832
101688.964267,0.0701673228,0.0771792474,-0.274186943,-0.0311994664,0.00391650433,0.0498718098
101688.974294,0.122442504,0.158802761,-0.496380665,0.0015928346,-0.0209579524,0.036688365
101688.984322,0.160848332,0.208048803,-0.519030888,0.021904232,-0.0541342832,0.01669042
101688.994349,0.139569543,0.271812543,-0.380107571,0.0396440811,-0.0645227432,-0.00116474368
101689.004377,0.0982689798,0.268393016,-0.101558925,0.0454657488,-0.0499957316,-0.00760959275
101689.014404,0.0356527665,0.223541337,0.217449157,0.0360682532,-0.0275572669,-0.008830918
101689.024432,0.0315503362,0.180214894,0.388102076,0.00650663301,-0.0162074063,0.00195994368
101689.034459,0.0568956437,0.0959365548,0.460825952,-0.0255860556,-0.00535981823,0.0176614076
101689.044487,0.0690076314,0.022848157,0.447542692,-0.0461746864,0.00475912867,0.0306653585
101689.054515,0.0629381022,0.0373935458,0.370417951,-0.0520666651,0.0100265956,0.0296432357
101689.064542,0.0770901809,0.0777550015,0.246190099,-0.0528546944,0.00824387465,0.0219011605
101689.074570,0.102119262,0.0961482248,0.124759768,-0.0358725153,0.00397269707,0.0139417723
101689.084597,0.146558306,0.0991249756,0.0029828152,-0.00737243099,0.00442889659,0.00642233621
101689.094625,0.206059054,0.0845197464,-0.0748930362,0.0178245362,-0.000288893236,0.0027615549
101689.104652,0.262931755,0.0515885137,-0.0991682302,0.0276790299,-0.00979824178,0.00362095702
101689.114680,0.261255931,0.01681253,-0.0705874479,0.0276990049,-0.0231848881,0.0122088529
101689.124707,0.215347472,-0.000310234993,-0.0078746789,0.0290092789,-0.0274392888,0.0231661629
101689.134735,0.147245338,-0.0265171278,0.0638385582,0.0239434149,-0.0249518957,0.032564722
101689.144762,0.0991882866,-0.019461291,0.15986849,0.0123999417,-0.0262661651,0.0366199203
101689.154790,0.0926247269,0.0548529954,0.231045136,-0.00572446687,-0.020805886,0.0390806794
101689.164818,0.115742969,0.103756289,0.315056714,-0.0226544477,-0.0103194229,0.0413198695
101689.174845,0.149418627,0.165100181,0.34285073,-0.0322005488,0.00443422282,0.0388790816
101689.184873,0.190425103,0.234220332,0.274541164,-0.0307930671,0.0143326605,0.0310864039
101689.194900,0.190150195,0.306837606,0.153092128,-0.00596228708,0.0219969712,0.0244237073
101689.204928,0.23013478,0.328327626,-0.0126198276,0.0239319634,0.0225114934,0.0120258937
101689.214955,0.267413212,0.353820818,-0.126491706,0.0483403653,0.0206145234,0.00323373359
101689.224983,0.269623581,0.323761268,-0.154149528,0.0549719036,0.0126495427,-0.00445241574
101689.235010,0.217739007,0.278472147,-0.0696440296,0.040883515,0.0079381438,-0.00737949647
101689.245038,0.115325365,0.235247703,0.0799853909,0.0185363982,0.010242844,-0.00829375908
101689.255065,0.0123040396,0.18325996,0.168895262,0.00165169046,0.0135936327,-0.00762983225
101689.265093,-0.0594088686,0.185441104,0.163413616,0.00425439794,0.0218598172,-0.00715951808
101689.275121,-0.0595199643,0.192144328,0.0616553689,0.00680224411,0.023514973,-0.00318874605
101689.285148,0.00607208646,0.151847462,-0.0133218384,0.00670131017,0.0193055794,0.00386223942
101689.295176,0.0847638573,0.116170365,-0.0530740031,0.00497052167,0.0108146248,0.0142099522
101689.305203,0.178094285,0.0795130241,-0.103686584,0.00221974263,-0.0019589616,0.0293598771
101689.315231,0.203199135,0.0534223781,-0.104086397,-0.000532367965,-0.00894469861,0.04516121
101689.325258,0.175018019,0.0684388185,-0.0451934789,3.32874297e-05,-0.0100605637,0.0482589975
101689.335286,0.0938916781,0.154451945,-0.0069400284,-0.00271376316,-0.012268058,0.0427262783
101689.345313,0.0140711589,0.21612938,0.0853723446,-0.00903956965,-0.00436645932,0.0327032059
101689.355341,-0.0454256437,0.269974148,0.13501988,-0.010154102,0.00552904839,0.0205069967
101689.365368,-0.0829169873,0.307952143,0.192368492,-0.00868696719,0.0198800247,0.0153404642
101689.375396,-0.0375636417,0.296428659,0.173184484,-0.00751144765,0.0189950559,0.01187649
101689.385424,0.0182576874,0.278275747,0.0555851091,-0.0165006816,0.0113214245,0.0118432008
101689.395451,0.00874389948,0.234502729,-0.00235737678,-0.0191417374,0.00660389988,0.0137111414
101689.405479,0.0118182654,0.181356757,-0.050280573,-0.0111642387,0.00251461635,0.0192382671
101689.415506,0.0466509477,0.123387383,-0.112257429,-0.00884436071,-0.0113663115,0.0234327447
101689.425534,0.0630423298,0.122646794,-0.127900404,-0.0116896816,-0.0248704031,0.0277558547
101689.435561,0.0704750736,0.11550401,-0.0500882652,-0.00926434062,-0.0307392105,0.0271395985
101689.445589,0.0703751203,0.1847171,0.00851589941,0.00248952094,-0.0266765598,0.020320043
101689.455616,0.059214917,0.24983883,0.0813069949,0.0182293355,-0.017908901,0.0127444146
101689.465644,0.0982545129,0.29251207,0.150949855,0.0233013257,-0.00686050998,0.0114264162
101689.475671,0.122887873,0.271004733,0.193614108,0.0162937511,-0.000515528256,0.0124762338
101689.485699,0.109240711,0.247137609,0.173507724,0.00014300966,-0.00162872963,0.0120330844
101689.495727,0.0797534087,0.23024931,0.0971755951,-0.0191878099,-0.0111671071,0.0120972665
101689.505754,0.0206284351,0.20033706,0.0639461102,-0.0318767093,-0.0062932563,0.0130584016
101689.515782,0.00285202843,0.182459969,0.0973369232,-0.0352493338,0.00120008003,0.011196319
101689.525809,-0.0136313793,0.219404675,0.0211257901,-0.0191052537,0.00295270653,0.000829165801
101689.535837,0.0120581021,0.269354774,-0.142219436,0.0106824692,-0.00278161233,-0.0042244494
101689.545864,0.0964195161,0.244317875,-0.228823369,0.0306220893,-0.0163576081,-0.00563379377
101689.555892,0.148829868,0.222835673,-0.220904851,0.0426563807,-0.0307509303,-0.00382124633
101689.565919,0.156044731,0.213055014,-0.131779876,0.0490101501,-0.033089716,-0.00225717202
101689.575947,0.167341384,0.190542592,0.00912847835,0.037054956,-0.0311245695,0.00941120181
101689.585974,0.120480008,0.177652569,0.141531454,0.00975489058,-0.0300710239,0.0152797438
101689.596002,0.051427551,0.212006089,0.266968683,-0.0125530772,-0.0228780918,0.0176286511
101689.606030,0.00151025843,0.230574085,0.293262231,-0.0211428367,-0.00529616885,0.0181040261
101689.616058,-0.0443333185,0.265889728,0.255510885,-0.0264409296,0.00185415242,0.010455694
101689.626086,-0.0739025273,0.329483737,0.157187288,-0.0270577185,-0.00555769121,-0.00894862972
101689.636113,-0.0817549578,0.373203783,0.0145090023,-0.00817084685,-0.00531747425,-0.0284666698
101689.646141,0.00169200821,0.383745635,-0.108269821,0.0341654271,-0.00584691064,-0.0384929404
101689.656168,0.119068132,0.343175286,-0.27573125,0.0493952446,-0.0229390785,-0.0440895706
101689.666196,0.20187585,0.276732317,-0.280404503,0.032387767,-0.0434382297,-0.0404780582
101689.676223,0.230885343,0.168789317,-0.117001409,0.0271253586,-0.046641212,-0.0246231984
101689.686251,0.189951713,0.123315122,0.0136187755,0.0271589141,-0.0341528505,-0.0118994135
101689.696278,0.117424274,0.141344261,0.121651865,0.0155683048,-0.0308278948,-0.00116367824
101689.706306,0.0625135567,0.149440693,0.195756965,-0.00786138698,-0.0384815522,0.000436615199
101689.716333,-0.000577836421,0.197732649,0.170077165,-0.0125299077,-0.0416951887,0.00389792584
101689.726361,0.039475832,0.20936595,0.103511228,-0.00346530718,-0.0401502885,0.00438555051
101689.736389,0.0677580697,0.225888338,0.0287742591,0.0045958152,-0.0469512045,-0.00281190872
101689.746416,0.0914498379,0.271418136,-0.0244312614,0.00580275944,-0.055039756,-0.0188878141
101689.756444,0.118210894,0.293180982,0.00611877514,0.0156226326,-0.0487626866,-0.0375102311
101689.766471,0.138631678,0.290738265,0.0902004954,0.0322125293,-0.036320664,-0.0576850101
101689.776499,0.168805392,0.302788988,0.158236505,0.0453171469,-0.027099736,-0.0748296455
101689.786526,0.20252087,0.278488659,0.209063022,0.0525811836,-0.0154843582,-0.070966199
101689.796554,0.326479112,0.188209034,0.248894097,0.050767839,-0.000876386533,-0.0464794934
101689.806581,0.432452054,0.0796624425,0.192744924,0.020994762,-0.00938252266,-0.0154864248
101689.816609,0.401832861,0.0163326376,0.160690328,-0.0256126877,-0.0246195327,0.00909428578
101689.826636,0.304844203,0.0166352007,0.227722714,-0.0451842584,-0.0135700768,0.0255904384
101689.836664,0.164249299,0.0635666824,0.258786545,-0.0353920795,0.0109826699,0.0275289528
101689.846691,0.0428014327,0.114043436,0.231280114,-0.0255394503,0.028883107,0.0124826254
101689.856719,0.0341101402,0.183325281,0.153255794,-0.0195566583,0.0254883748,-0.0159695223
101689.866747,0.0896101648,0.238095712,0.0196329212,0.00205436046,0.0124455448,-0.0410234779
101689.876774,0.202407071,0.231850973,-0.127823247,0.0336013697,0.00439534057,-0.0461921394
101689.886802,0.361271901,0.228715305,-0.163798231,0.0463118367,-0.0109718973,-0.0391249061
101689.896829,0.436542282,0.187444187,-0.0769657508,0.0285602696,-0.0246070158,-0.0223832112
101689.906857,0.407656854,0.14534071,0.125601479,0.00744965859,-0.0262390021,-0.000545824878
101689.916884,0.36725693,0.0945331178,0.327425197,-0.0138953105,-0.0104387328,0.0202808939
101689.926912,0.282831657,0.0769427352,0.508237691,-0.0270047374,0.01374825,0.0353627205
101689.936939,0.213317135,0.136394676,0.493520015,-0.050239753,0.0230035335,0.0328734666
101689.946967,0.135535831,0.211151591,0.480651765,-0.0723256096,0.0369449146,0.0134297274
101689.956994,0.0692918917,0.288264057,0.462920294,-0.060620755,0.07208772,-0.011906255
101689.967022,0.0745780885,0.344674584,0.369106284,-0.0354344398,0.0995196104,-0.0356616527
101689.977050,0.144470321,0.342823111,0.143197926,-0.0184842199,0.101160124,-0.0466384031
101689.987077,0.230365228,0.248477625,-0.122741998,-0.00838897564,0.0771591812,-0.038737338
101689.997105,0.268644763,0.15110395,-0.368235931,-0.00493352348,0.0383902118,-0.0271054469
101690.007132,0.213522924,0.0649251844,-0.449223192,-0.0128468405,0.00583733059,-0.00754239969
101690.017160,0.0797043454,-0.00878967485,-0.327719212,-0.0183848832,-0.00658125617,0.00791005976
101690.027187,-0.0680678298,-0.0310995602,-0.0689385117,-0.023772724,-0.00121099153,0.0157442801
101690.037215,-0.186872561,-0.00933057679,0.143660867,-0.0416031219,0.00878864527,0.0124552771
101690.047242,-0.193373614,-0.00336216991,0.21359482,-0.0523383245,0.0193792377,0.00426845346
101690.057270,-0.124525411,0.0144984079,0.181094234,-0.0416342802,0.0366234742,0.000569855794
101690.067297,0.0210096529,-0.0217973327,0.0861450825,-0.0289712157,0.051115863,0.0108901374
101690.077325,0.139703289,-0.108005251,0.0168663791,-0.0345366895,0.0463125855,0.0288387779
101690.087353,0.25592268,-0.157141915,-0.0626256753,-0.0397245251,0.0350314341,0.0509486087
101690.097380,0.266961486,-0.149346293,-0.105158995,-0.0293211546,0.0381654426,0.0706871599
101690.107408,0.128767907,-0.144337305,-0.0912701705,-0.0178056452,0.0412403271,0.0835694075
101690.117435,-0.0472988537,-0.106591147,-0.0823421831,-0.0204152782,0.0365787297,0.0867460221
101690.127463,-0.246843886,-0.0997286406,-0.106129886,-0.0235964227,0.0291200168,0.0878307223
101690.137490,-0.334650034,-0.0893763195,-0.160837628,-0.0247535668,0.0194729809,0.0860027373
101690.147518,-0.395448421,-0.0411764984,-0.240323252,-0.020428326,0.00645997748,0.0770672858
101690.157545,-0.407247726,0.0191528096,-0.293143573,-0.0157499518,-0.008979965,0.0594781786
101690.167573,-0.431247427,0.118924193,-0.32663317,-0.00288022636,-0.0274870712,0.0363864414
101690.177600,-0.414900578,0.192744851,-0.346392348,0.0179353077,-0.0475899428,0.00096480269
101690.187628,-0.399592717,0.302822379,-0.363000953,0.0536698699,-0.0639936849,-0.0406465568
101690.197656,-0.357585394,0.387155516,-0.342474882,0.0974381194,-0.0741413906,-0.0728452355
101690.207683,-0.246728955,0.333143283,-0.230353647,0.123858809,-0.079694882,-0.0868859589
101690.217711,-0.117042179,0.252837355,-0.0315144977,0.115559332,-0.0837223828,-0.0825311542
101690.227738,-0.0109164212,0.173330979,0.19396073,0.0863553807,-0.0819689557,-0.0645620078
101690.237766,0.051972435,0.121594947,0.332785263,0.0464503057,-0.0787691697,-0.0458525047
101690.247793,-0.00995915702,0.148990611,0.369954425,0.0240430012,-0.0674230382,-0.0409299172
101690.257821,-0.0855215803,0.206430262,0.322474881,0.0197092388,-0.0544212162,-0.0412361808
101690.267848,-0.104706794,0.289215805,0.12561843,0.0242067855,-0.0580487065,-0.0472016633
101690.277876,-0.00973060896,0.364670932,-0.0387614001,0.031125145,-0.0730180666,-0.0495036989
101690.287903,0.19444844,0.380342768,-0.180405082,0.0419956371,-0.091302,-0.031050656
101690.297931,0.410265393,0.373076941,-0.188303727,0.045531515,-0.0983037204,0.00594065245
101690.307958,0.556855592,0.381390085,-0.0692301881,0.0267839264,-0.10084331,0.0485781282
101690.317986,0.60212009,0.344327817,0.097559626,-0.0161531549,-0.102935754,0.0838889778
101690.328014,0.52042585,0.376090809,0.296995572,-0.05112046,-0.0906916037,0.110876918
101690.338041,0.375618004,0.44381578,0.427591791,-0.0666536093,-0.0626567751,0.119107693
101690.348069,0.223674608,0.520275774,0.459872597,-0.0783390328,-0.0373857729,0.116023213
101690.358096,0.141747983,0.572343815,0.43485506,-0.0942857713,-0.0234390646,0.111299038
101690.368124,0.171062523,0.602947408,0.34980654,-0.113503143,-0.021969799,0.103201687
101690.378151,0.186643867,0.580801554,0.238407774,-0.124918513,-0.0190586988,0.0950540155
101690.388179,0.172523389,0.58226074,0.133125445,-0.116443537,-0.0137329083,0.0768715441
101690.398206,0.120206488,0.559048864,0.011668226,-0.0992853269,-0.00867689773,0.0526639484
101690.408234,0.0497711256,0.490601132,-0.0976841292,-0.0798578337,-0.0163531937,0.0294465106
101690.418261,-0.00678074618,0.408919751,-0.215229143,-0.0579876862,-0.030893255,-0.00744812377
101690.428289,-0.0810141129,0.350690995,-0.280922974,-0.0186922122,-0.0355897397,-0.0416694768
101690.438317,-0.079185911,0.223387461,-0.195025728,0.00952744018,-0.0317169689,-0.0606937669
101690.448344,0.0311595102,0.0684845574,-0.0525286441,0.0078866668,-0.0361069255,-0.0608013608
101690.458372,0.115789512,-0.0828379307,0.0826239227,-0.0157917626,-0.04247614,-0.0536755361
101690.468399,0.127233793,-0.170912593,0.16049802,-0.0347332284,-0.0377176031,-0.0442743152
101690.478427,0.0932770898,-0.200731977,0.23864509,-0.0504927523,-0.0291582048,-0.0337550938
101690.488454,0.0464187464,-0.19291239,0.223452782,-0.0535125099,-0.0219165366,-0.0318269655
101690.498482,0.0635278117,-0.127178885,0.149244221,-0.0456295535,-0.00941938628,-0.0220776666
101690.508509,0.176242702,-0.150973894,0.0790887343,-0.0347446799,0.000528851466,0.00893990416
101690.518537,0.366513199,-0.233777776,0.000540098226,-0.0449557751,-0.0042794859,0.0459328108
101690.528564,0.553756238,-0.225651753,-0.0808294405,-0.0640591606,-0.0225434452,0.0784611851
101690.538592,0.56805989,-0.202367981,-0.0779676213,-0.0669905022,-0.0237847436,0.11048384
101690.548619,0.488999249,-0.169759916,0.000981996775,-0.0587448217,-0.00851737428,0.136862442
101690.558647,0.349036542,-0.154530783,0.125983756,-0.0676869154,-0.00216440321,0.145559266
101690.568675,0.165849903,-0.0592035188,0.236714999,-0.0849940032,0.00233846949,0.13807632
101690.578702,0.0247641466,0.0274004865,0.31844168,-0.0893639848,0.0263218321,0.128000513
101690.588730,-0.027054413,0.0464151297,0.428382649,-0.101159126,0.058123704,0.121440083
101690.598757,-0.0330342546,0.0779522776,0.411264925,-0.110967018,0.0796726719,0.104743123
101690.608784,-0.00836589648,0.127639853,0.199230779,-0.0921469852,0.0829422325,0.0870384276
101690.618811,0.0747174604,0.163106449,-0.130820091,-0.0418007262,0.0732872114,0.0818191767
101690.628839,0.215700377,0.131153049,-0.425275915,0.0117913941,0.0386120565,0.100219488
101690.638866,0.339338667,0.0690952366,-0.52021396,0.0282012615,-0.0133291734,0.128845006
101690.648894,0.268773942,0.0802883924,-0.30056174,0.0109080235,-0.0522544682,0.150648296
101690.658921,0.0431841484,0.155512999,0.145749949,-0.0171505082,-0.0503857285,0.159689471
101690.668949,-0.262331597,0.295365048,0.604611323,-0.0510727875,-0.017901022,0.147345185
101690.678976,-0.475226927,0.42351117,0.846605138,-0.0854757726,0.01643751,0.107176989
101690.689004,-0.50076078,0.589298237,0.765799079,-0.107117951,0.0364495665,0.0527113527
101690.699032,-0.362047013,0.725706649,0.473079869,-0.101443015,0.0496191643,0.00435047876
101690.709059,-0.0935941564,0.757126966,0.142944244,-0.0732316226,0.0492495187,-0.0390598439
101690.719087,0.215081405,0.774328788,-0.225263046,-0.0286961105,0.0278909672,-0.0613220073
101690.729114,0.438121514,0.684150577,-0.513891187,0.0120364046,-0.012973641,-0.0769885927
101690.739142,0.518039831,0.657274991,-0.61050155,0.0526693203,-0.0498855859,-0.0902050585
101690.749169,0.433508468,0.574910962,-0.505842321,0.0808604807,-0.0637364239,-0.100901112
101690.759197,0.276980191,0.475045762,-0.117701666,0.0723170564,-0.0520118549,-0.11277695
101690.769224,0.102336558,0.360998746,0.332024215,0.0345486403,-0.0207085256,-0.120791733
101690.779252,0.0257059941,0.252563944,0.632275575,-0.0137927961,0.0195470173,-0.118140027
101690.789279,0.0769578963,0.124304863,0.712747288,-0.0592747927,0.0477355123,-0.0961897075
101690.799307,0.237980964,0.0254123814,0.498944962,-0.0864891037,0.0460630469,-0.0731837302
101690.809334,0.388865827,0.0324080855,0.0652647916,-0.0769392699,0.0335413963,-0.0502075702
101690.819362,0.465356325,0.0755938048,-0.262379017,-0.00732211256,0.0225238986,-0.0274348818
101690.829389,0.538401176,0.0624061142,-0.453274514,0.017659137,0.0121223908,-0.0219306592
101690.839417,0.425052335,0.0463700484,-0.278239434,0.0266510341,-0.00152258156,-0.0191820115
101690.849445,0.3006062,0.017142931,-0.0307651406,0.0178676639,0.0131178806,-0.0188182238
101690.859472,0.133807801,-0.018221447,0.30950551,-0.00667496445,0.0456582457,-0.0176933035
101690.869500,-0.019493805,-0.0562842703,0.540301055,-0.0426249765,0.0778561309,-0.00846252218
101690.879527,-0.0728569638,-0.0979638229,0.568648029,-0.0844917297,0.0938034058,-0.00135774072
101690.889555,-0.103022166,-0.0872042362,0.328994054,-0.0970525295,0.0936795697,0.00359440735
101690.899582,-0.039473092,-0.0576853693,-0.0110831196,-0.075145103,0.0772728994,0.0115556614
101690.909610,0.102595099,-0.0257364257,-0.324925197,-0.0448772125,0.0515989587,0.02556815
101690.919637,0.215766757,-0.0275075271,-0.473172223,-0.0218962617,0.0210477095,0.0375473127
101690.929665,0.258314909,-0.0187938401,-0.435096467,-0.00918666553,-0.00817166734,0.0519562736
101690.939692,0.215891662,0.00129025901,-0.279917596,-0.0203727409,-0.0196243264,0.0630704463
101690.949720,0.108983668,0.0112957394,0.0535848752,-0.0374963321,-0.015182971,0.0654699504
101690.959747,-0.060414502,0.103200628,0.286916077,-0.0608882084,-0.00146955636,0.055613324
101690.969775,-0.19433497,0.178930991,0.393292631,-0.0879493877,0.0145853106,0.0308864079
101690.979802,-0.297291852,0.212935698,0.427641475,-0.111041918,0.0282153673,0.00400898699
101690.989830,-0.333560229,0.212301273,0.307727979,-0.112141006,0.0317893326,-0.0229938682
101690.999858,-0.342772331,0.175517018,0.10605799,-0.0904293209,0.0220434926,-0.0532857254
101691.009885,-0.31135501,0.137383139,-0.184036717,-0.0524787419,0.00799425319,-0.078687489
101691.019913,-0.143393376,0.0641063788,-0.318544556,-0.0110106645,0.00127909216,-0.0896653086
101691.029940,-0.00314078224,-0.0699946697,-0.308701792,0.020662576,-0.00516895344,-0.0865986794
101691.039968,0.138127601,-0.152509104,-0.274568052,0.0352228805,-0.014273501,-0.0660739616
101691.049995,0.198290576,-0.27011184,-0.180696759,0.0285705682,-0.0264422838,-0.0370934382
101691.060023,0.115998954,-0.321122298,-0.0473603016,0.0112040937,-0.0320277289,-0.0123271085
101691.070050,-0.0438786335,-0.296399214,0.133218968,-0.0047495719,-0.0258627813,0.000527170487
101691.080078,-0.233178751,-0.212943151,0.277324072,-0.0171617679,-0.0161843207,0.00724259764
101691.090105,-0.326645664,-0.138377082,0.355612596,-0.0322200768,-0.00220405636,0.0141127538
101691.100133,-0.298764408,-0.0766031645,0.319668007,-0.0547240525,-0.00699162064,0.0295372494
101691.110160,-0.207709963,-0.0246871724,0.19114275,-0.0835301355,-0.021504784,0.0526612103
101691.120188,-0.10746592,0.0272012376,0.0172130006,-0.10750711,-0.0438439101,0.0711744428
101691.130215,-0.0625094285,0.123163548,-0.150728906,-0.109144151,-0.0620804355,0.080771409
101691.140243,-0.0398910617,0.235924652,-0.288747968,-0.0877485797,-0.0747839808,0.0828574598
101691.150270,-0.0346148018,0.313890228,-0.398096816,-0.0726210326,-0.0960008577,0.0727654099
101691.160298,-0.0745178462,0.411200299,-0.464906499,-0.065571107,-0.126689523,0.0567853823
101691.170326,-0.11185283,0.479666115,-0.470602665,-0.0592093505,-0.151248395,0.0383461863
101691.180353,-0.148017455,0.498346887,-0.445883819,-0.0586642027,-0.171879634,0.0265305415
101691.190381,-0.188443537,0.552183326,-0.472997451,-0.063968949,-0.204859689,0.0130650662
101691.200408,-0.263379901,0.602196991,-0.550333204,-0.0494960025,-0.236329466,0.00675044488
101691.210436,-0.256070309,0.616052389,-0.624006343,-0.0602141619,-0.29063186,-0.00945675373
101691.220463,-0.274799796,0.661617258,-0.782691761,-0.0699597299,-0.340231389,-0.0221232809
101691.230491,-0.31900052,0.702178401,-0.700944622,-0.04873221,-0.359719068,-0.0406333134
101691.240518,-0.375459562,0.761505619,-0.580779781,-0.0404857285,-0.371103019,-0.0640331805
101691.250546,-0.421611255,0.776880299,-0.495975591,-0.0674598217,-0.408710569,-0.0970401317
101691.260573,-0.458495317,0.830503314,-0.467075075,-0.101152807,-0.444047272,-0.124898404
101691.270601,-0.451074775,0.811509713,-0.452605821,-0.107175015,-0.460867524,-0.141789228
101691.280628,-0.432631283,0.789216925,-0.527220624,-0.106739052,-0.47286427,-0.147527277
101691.290656,-0.446102905,0.736502842,-0.635835897,-0.122169405,-0.51445806,-0.150260746
101691.300683,-0.437510689,0.711587742,-0.929596725,-0.149307296,-0.57999444,-0.148450062
101691.310711,-0.533058902,0.657504854,-0.989587376,-0.172763079,-0.639398634,-0.146261737
101691.320738,-0.59712294,0.635102907,-0.938948491,-0.187510073,-0.684639633,-0.131974414
101691.330766,-0.604483312,0.601060425,-0.885192935,-0.228814632,-0.724847794,-0.117536888
101691.340794,-0.645980713,0.593379917,-0.746498166,-0.275445253,-0.773788393,-0.107488245
101691.350821,-0.661856035,0.620705475,-0.868239463,-0.316676021,-0.827538431,-0.101335816
101691.360849,-0.619543153,0.640205783,-1.1098586,-0.346635252,-0.894896448,-0.106586233
101691.370876,-0.638049189,0.722801429,-1.30682494,-0.347312778,-0.953048706,-0.124430209
101691.380904,-0.640010845,0.775242614,-1.4872423,-0.317642748,-1.02540338,-0.153494358
101691.390931,-0.608653511,0.875962896,-1.69986097,-0.279224008,-1.08866537,-0.191211104
101691.400959,-0.578927504,0.914509777,-1.54569449,-0.241713926,-1.14876413,-0.223053992
101691.410986,-0.537021011,0.875663914,-1.33212071,-0.209940806,-1.17732573,-0.256162137
101691.421014,-0.502784614,0.80766619,-0.920723683,-0.192349032,-1.19975626,-0.280640036
101691.431041,-0.461236725,0.698770639,-0.675354253,-0.2024014,-1.20122421,-0.300274193
101691.441069,-0.387899832,0.568154765,-0.370658774,-0.224924028,-1.20425832,-0.315356225
101691.451096,-0.298044643,0.46543783,-0.252617501,-0.24668099,-1.19247568,-0.33008936
101691.461124,-0.216994838,0.390889771,-0.105451256,-0.237032622,-1.16725099,-0.337786138
101691.471151,-0.119458885,0.262156204,-0.112376087,-0.221879229,-1.14829278,-0.341794223
101691.481179,0.00443067592,0.145373434,-0.212559632,-0.198256195,-1.15476501,-0.341932952
101691.491206,0.113872901,0.028428286,-0.357978156,-0.172389179,-1.15692484,-0.335634053
101691.501234,0.193875097,-0.0574157586,-0.321570041,-0.141099691,-1.15229023,-0.321318775
101691.511261,0.287457782,-0.153416282,-0.198618785,-0.149189845,-1.14710236,-0.295511931
101691.521289,0.328230668,-0.230901965,0.00973638112,-0.163592756,-1.14557266,-0.269806296
101691.531317,0.325788244,-0.251398992,0.122464935,-0.167084426,-1.11508262,-0.24039942
101691.541344,0.320259836,-0.307129319,0.273770764,-0.181108892,-1.09006751,-0.208922192
101691.551372,0.274895384,-0.366373754,0.295025733,-0.206821978,-1.07611978,-0.191240668
101691.561399,0.198339383,-0.383520704,0.252770646,-0.200318545,-1.05467892,-0.170285314
101691.571427,0.251137784,-0.438431895,0.108646837,-0.187045887,-1.0313158,-0.150095627
101691.581454,0.302294555,-0.523159585,-0.197877611,-0.14221476,-1.03545356,-0.123966292
101691.591482,0.345846405,-0.633607992,-0.478309002,-0.112816654,-1.04947591,-0.101873241
101691.601509,0.363204659,-0.798119632,-0.590552402,-0.0827064216,-1.06120074,-0.0653730184
101691.611538,0.399313206,-0.944052463,-0.640510903,-0.0571368784,-1.06857264,-0.0214686766
101691.621565,0.425374992,-1.05675778,-0.670801997,-0.0358893797,-1.08801663,0.0325948261
101691.631593,0.425946069,-1.12700197,-0.805038618,-0.031909287,-1.10519588,0.0944294259
101691.641620,0.361912573,-1.22880837,-0.880754661,-0.0412612408,-1.13986707,0.171752185
101691.651648,0.301056538,-1.30859955,-1.11781102,-0.0703911632,-1.17897189,0.247225359
101691.661675,0.257125626,-1.28320207,-1.27592185,-0.0808736309,-1.22749436,0.321608543
101691.671703,0.173740656,-1.25659551,-1.49582308,-0.0953612328,-1.27245414,0.392280042
101691.681730,0.0555441926,-1.21668224,-1.63300803,-0.11101982,-1.33303678,0.440176994
101691.691758,-0.0703390261,-1.12699707,-1.75601306,-0.10420692,-1.40071726,0.470767915
101691.701785,-0.173086576,-0.988969755,-1.91739371,-0.0714252666,-1.47383034,0.474055052
101691.711813,-0.285311272,-0.834528478,-2.04492587,-0.00668355962,-1.54520738,0.457457185
101691.721840,-0.358196183,-0.721986241,-2.07853529,0.0758997351,-1.604092,0.428876132
101691.731868,-0.390320337,-0.659205375,-1.9650036,0.151174501,-1.64817023,0.393768221
101691.741895,-0.347449456,-0.656015639,-1.81298816,0.23481001,-1.67872417,0.364740282
101691.751923,-0.161005385,-0.675736238,-1.73358028,0.296465665,-1.7073127,0.345311999
101691.761950,0.112020113,-0.697402784,-1.62099318,0.363199949,-1.76064801,0.344794005
101691.771978,0.456055669,-0.762431867,-1.53397482,0.385135353,-1.80232096,0.350113422
101691.782006,0.745690941,-0.780843503,-1.1155875,0.399185121,-1.82672131,0.370378196
101691.792033,1.01181791,-0.715118839,-0.755485775,0.413574457,-1.84802103,0.379855067
101691.802061,1.17000298,-0.540325751,-0.32842473,0.404653132,-1.83435845,0.379725099
101691.812088,1.20373106,-0.395588414,0.222964706,0.42723009,-1.82229912,0.365949363
101691.822116,1.21993459,-0.214895125,0.467215945,0.408972234,-1.77839291,0.326613933
101691.832143,1.09135264,0.0350001844,0.906584683,0.391926408,-1.71609259,0.282767385
101691.842171,1.06314303,0.207728777,1.12994745,0.472269982,-1.62840128,0.252283245
101691.852198,1.19115449,0.217164623,1.05617962,0.504518449,-1.53007185,0.221516281
101691.862226,1.26561966,0.401589481,1.19095224,0.533847034,-1.44779074,0.20691815
101691.872253,1.41137428,0.399472817,1.1610937,0.514563084,-1.39288116,0.187352449
101691.882281,1.50073365,0.501424614,1.17453302,0.52517581,-1.33675647,0.172218502
101691.892308,1.59621705,0.489975985,1.21297761,0.532552183,-1.26015699,0.158073649
101691.902336,1.61801329,0.49171819,1.39945705,0.565257668,-1.17944694,0.159087256
101691.912363,1.6145915,0.438739244,1.47519355,0.530493081,-1.09942484,0.16619283
101691.922391,1.54421156,0.393037487,1.64095402,0.437762886,-1.04560101,0.189595357
101691.932418,1.38701433,0.333897462,1.5910376,0.307442784,-1.01497126,0.205154195
101691.942446,1.08510001,0.343383522,1.4414678,0.210985214,-0.967270374,0.225305274
101691.952473,0.815399853,0.37580454,1.25779583,0.161429107,-0.907790542,0.246943459
101691.962501,0.583002133,0.441216338,0.936076735,0.133347675,-0.855697513,0.254298329
101691.972528,0.424313792,0.54769902,0.598159954,0.128808573,-0.827195525,0.243671224
101691.982556,0.35819969,0.669694401,0.244197463,0.149974853,-0.807962477,0.212042466
101691.992583,0.362422276,0.705508861,-0.0567132363,0.181765795,-0.800506949,0.176320955
101692.002611,0.409406146,0.669983155,-0.321734877,0.210510358,-0.821652412,0.137796462
101692.012638,0.436352605,0.592686309,-0.527103135,0.22496067,-0.860719681,0.0962492824
101692.022666,0.423196186,0.494846478,-0.516885693,0.224081039,-0.89009434,0.0632287562
101692.032693,0.452963548,0.40200208,-0.38705286,0.221268997,-0.890335083,0.0313121006
101692.042721,0.422146969,0.40083837,-0.160424955,0.217783719,-0.859259188,0.00596626569
101692.052749,0.394713604,0.328344723,0.00611292992,0.203590944,-0.826697528,-0.0103133712
101692.062776,0.399664504,0.261393787,0.0251291806,0.185421795,-0.785678208,-0.016658619
101692.072804,0.432587115,0.173692031,-0.0648778381,0.159639731,-0.769588709,-0.012237506
101692.082831,0.486998504,0.0974702763,-0.248722832,0.137933895,-0.769869924,-0.00956529006
101692.092859,0.523635167,0.0686050693,-0.465897848,0.13714081,-0.767521024,-0.00906994194
101692.102886,0.528719338,0.123256286,-0.646582917,0.163364962,-0.761316955,-0.0158309098
101692.112914,0.49573886,0.174367044,-0.758210231,0.185026839,-0.759563744,-0.0228014663
101692.122941,0.492662521,0.183518392,-0.870842923,0.202601045,-0.770795643,-0.0341116451
101692.132969,0.428750898,0.223875537,-0.854533009,0.1929335,-0.778268456,-0.0420872793
101692.142996,0.311389424,0.197583341,-0.70812898,0.172929704,-0.803532302,-0.0568438582
101692.153024,0.163104404,0.258337925,-0.648690703,0.16018568,-0.803812206,-0.0744289756
101692.163051,0.017276129,0.298475381,-0.500568764,0.155949384,-0.81798929,-0.110419199
101692.173079,-0.227650818,0.401631055,-0.470399251,0.161625117,-0.814550042,-0.165892586
101692.183106,-0.456515103,0.465438706,-0.408666726,0.180046469,-0.811738551,-0.240773484
101692.193134,-0.704789607,0.55587966,-0.375991367,0.205875397,-0.796566546,-0.321286947
101692.203161,-0.867939018,0.549355044,-0.308413038,0.25581792,-0.763422132,-0.399141282
101692.213189,-0.954327262,0.512690981,-0.224683785,0.321446747,-0.728632987,-0.462000132
101692.223216,-0.867870045,0.444459193,-0.242956523,0.363841861,-0.711395442,-0.505166531
101692.233244,-0.709665104,0.322753954,-0.230742939,0.397076517,-0.699200034,-0.521149218
101692.243271,-0.492401824,0.179625878,-0.22530104,0.423272163,-0.686901569,-0.519254148
101692.253299,-0.36077334,0.0538821046,-0.195459736,0.421532869,-0.662108839,-0.501324117
101692.263326,-0.376971611,-0.11568923,-0.00707914461,0.425553441,-0.616730988,-0.470942229
101692.273354,-0.389317882,-0.32286958,0.225398363,0.424406677,-0.553966641,-0.419118971
101692.283381,-0.29983401,-0.550958204,0.446171988,0.409190446,-0.495784819,-0.353794307
101692.293409,-0.224461082,-0.740563808,0.514479216,0.398642987,-0.450541973,-0.282906801
101692.303436,-0.114324298,-0.806192245,0.415305725,0.426104426,-0.406579047,-0.210340738
101692.313464,0.0287163914,-0.787466794,0.289452902,0.473771036,-0.358975053,-0.15357919
101692.323491,0.00217325239,-0.762653109,0.22685353,0.510610819,-0.301280588,-0.100131676
101692.333519,-0.0574041412,-0.743906104,0.230190858,0.517362952,-0.246701777,-0.051634714
101692.343546,-0.18373978,-0.720062287,0.176692784,0.49279052,-0.19485563,0.0104523599
101692.353574,-0.302638546,-0.768180713,0.0587929652,0.445866972,-0.143442765,0.0854597539
101692.363601,-0.326477687,-0.779232853,-0.0593614128,0.394593924,-0.10283915,0.173861519
101692.373629,-0.280547126,-0.78822448,-0.319550518,0.341197789,-0.0945748314,0.253677279
101692.383656,-0.233355167,-0.715237643,-0.652885816,0.28152436,-0.123504214,0.30727765
101692.393684,-0.334397959,-0.524259363,-1.02544487,0.233276397,-0.178099811,0.310036689
101692.403711,-0.643511254,-0.1809945,-1.38732442,0.234749123,-0.236681372,0.259169519
101692.413739,-1.04952951,0.164057393,-1.71469906,0.295718729,-0.280869335,0.161117762
101692.423766,-1.39420336,0.409757297,-2.01055539,0.40027231,-0.321259618,0.0287733097
101692.433794,-1.58527889,0.498062188,-2.25442377,0.504802704,-0.364196956,-0.100150317
101692.443822,-1.50554251,0.310965061,-2.32171042,0.557756484,-0.426660627,-0.192334577
101692.453849,-1.18667588,-0.0503507156,-2.28947638,0.562122166,-0.498540401,-0.227257133
101692.463877,-0.840082459,-0.454454736,-2.18974701,0.557112515,-0.559018135,-0.202373102
101692.473904,-0.391529713,-0.783463476,-2.12339033,0.550448239,-0.616425276,-0.130523667
101692.483932,-0.0202823251,-1.07008152,-2.02104581,0.476737261,-0.7038486,-0.0265485346
101692.493959,0.289037891,-1.2248445,-1.81403241,0.355740249,-0.806931555,0.053837385
101692.503987,0.467702267,-0.890205211,-1.49308986,0.347521752,-0.844458163,0.0945115834
101692.514014,0.259955005,-0.721353276,-1.20348732,0.427929491,-0.835866809,0.0954146534
101692.524042,0.153926241,-0.551384248,-0.848180133,0.530504346,-0.812758803,0.0418891124
101692.534069,0.00615267741,-0.430815137,-0.347817412,0.616883457,-0.769234478,-0.0397743247
101692.544097,-0.087880528,-0.559351354,0.262836697,0.632050157,-0.713293731,-0.0960296094
101692.554124,0.0800584561,-0.82964129,0.984737598,0.571130574,-0.624365449,-0.092533946
101692.564152,0.493977695,-1.08788335,1.68065445,0.460431516,-0.483386219,-0.0160583425
101692.574179,0.955925929,-1.22280313,2.32437146,0.264708877,-0.363449693,0.108933657
101692.584207,1.3427403,-1.07211865,2.49365105,-0.00835006963,-0.272367716,0.235134467
101692.594234,1.51585698,-0.695367406,2.4225802,-0.187572554,-0.217004612,0.346172065
101692.604262,1.42371529,-0.224028097,2.14329389,-0.302453607,-0.121521756,0.396093547
101692.614289,1.04507662,0.251819117,2.17330938,-0.341399938,-0.00963916443,0.384050727
101692.624317,0.649625353,0.627276013,1.96290371,-0.340226024,0.0779647157,0.307900846
101692.634344,0.325972076,0.842105781,1.72694274,-0.298321187,0.162433535,0.184930414
101692.644372,0.222848386,0.955686202,1.65761465,-0.274198532,0.283735991,0.0546525791
101692.654399,0.403582554,0.88620372,1.89494193,-0.253455162,0.377857447,-0.0601493679
101692.664427,0.786133426,0.710254448,2.09384976,-0.358800232,0.501325011,-0.140599743
101692.674454,1.21745505,0.53431672,2.90580094,-0.587675512,0.661581814,-0.152003139
101692.684482,1.54718093,0.371622066,3.70723656,-0.842127502,0.832275808,-0.130642712
101692.694509,1.25265437,0.204060537,4.05610845,-1.19944668,1.05228221,-0.0741301626
101692.704537,0.906774653,0.303046543,4.22519982,-1.45164478,1.27936995,0.0112782065
101692.714564,0.779729404,0.395074619,3.48012876,-1.51499903,1.49600339,0.0995718539
101692.724592,0.831939484,0.470441702,2.13113466,-1.40051425,1.67034376,0.212380424
101692.734619,1.26960142,0.478213359,0.574521305,-1.18357372,1.72725284,0.322547674
101692.744647,1.71325762,0.424366911,-1.08793961,-0.992611289,1.63915825,0.39990133
101692.754674,1.95128254,0.177751426,-2.27468272,-0.87009573,1.40260983,0.453329653
101692.764702,1.90965698,-0.0250334651,-3.14228096,-0.885567367,1.07929599,0.480908573
101692.774729,1.17378659,-0.102415578,-3.27569019,-0.963249624,0.765340686,0.492754847
101692.784757,0.182773565,-0.0643212271,-3.0109988,-1.00684416,0.556916356,0.501813054
101692.794784,-0.567808071,0.188868777,-2.26120656,-1.00059009,0.440819889,0.499230325
101692.804812,-1.18354752,0.417016621,-1.44210084,-0.968118727,0.433125228,0.507711112
101692.814839,-1.29388363,0.320974779,-0.313805253,-0.958269536,0.50279218,0.527395844
101692.824867,-0.974261797,0.118932313,0.532651417,-0.914316475,0.543584347,0.547860146
101692.834894,-0.482835539,0.0763565511,0.747667794,-0.930337489,0.560280204,0.564152002
101692.844922,0.345219213,-0.0658878189,0.82528178,-0.937591434,0.501088023,0.585995793
101692.854949,0.978794179,-0.195535925,0.545090628,-0.940045238,0.399684697,0.594115794
101692.864977,1.31385557,-0.220777023,0.376441449,-0.962040305,0.282243848,0.575848103
101692.875004,1.20819798,-0.144341616,0.434558123,-1.01273882,0.18681024,0.520891368
101692.885032,0.805736537,0.0707496527,0.741081402,-1.05869067,0.142642245,0.443571836
101692.895059,0.434976056,0.282410874,1.07306938,-1.06086826,0.172503203,0.370970875
101692.905087,0.201519182,0.308828852,1.51055712,-1.02158988,0.283744246,0.319842726
101692.915114,0.202044667,0.174342202,1.8526585,-0.923060954,0.42860052,0.298713982
101692.925142,0.478159364,-0.0741508395,1.75403036,-0.777673662,0.547650695,0.314550489
101692.935169,0.949904185,-0.249109347,1.44837919,-0.664697111,0.595821738,0.316975951
101692.945197,1.23663731,-0.319204847,0.988863738,-0.567839801,0.559203029,0.301921636
101692.955224,1.47689977,-0.213833962,0.328432328,-0.539688885,0.412519008,0.217689306
101692.965252,1.28524381,0.239355576,-0.287277896,-0.544693708,0.231139094,0.0753718317
101692.975279,0.619502602,0.463385792,-0.459521299,-0.481016487,0.153522328,-0.0753550902
101692.985307,0.0793313109,0.5536066,-0.157702252,-0.306655079,0.223654285,-0.191310719
101692.995334,-0.328293212,0.508385795,0.282529824,-0.150630608,0.374041915,-0.29501155
101693.005362,-0.821036982,0.545536252,0.800564687,-0.106536113,0.533024132,-0.401410162
101693.015389,-1.11749479,0.640315454,1.18110247,-0.159196392,0.678084135,-0.490728587
101693.025417,-1.067268,0.611392069,1.40063369,-0.269382536,0.825329483,-0.549337626
101693.035444,-0.860268922,0.628560061,1.4196289,-0.361680239,0.958517909,-0.591604114
101693.045472,-0.593854951,0.905566446,1.06083767,-0.420901209,1.09385848,-0.633335054
101693.055499,-0.430367685,1.15244855,0.62046531,-0.417550951,1.21014452,-0.653740466
101693.065527,-0.161852358,1.23197209,-0.0985942297,-0.327106297,1.27696407,-0.624646485
101693.075554,0.190831784,0.844795166,-0.837650263,-0.278470039,1.27068031,-0.569633305
101693.085582,0.504432454,0.536706465,-1.28323539,-0.2875413,1.18164074,-0.489415646
101693.095609,0.756367818,0.123799398,-1.50500007,-0.372342467,1.04428446,-0.396475315
101693.105637,0.776197723,-0.248041206,-1.38257898,-0.496067613,0.925832927,-0.28401643
101693.115665,0.805503313,-0.63298438,-0.885460647,-0.652758181,0.852634072,-0.154000372
101693.125692,0.611603958,-0.768779556,-0.228773684,-0.811177075,0.832376242,-0.0377105102
101693.135720,0.34739188,-0.662001727,0.315943434,-0.900356472,0.880850017,0.0745917931
101693.145747,0.193704709,-0.58621693,0.549742837,-0.905615687,0.978760898,0.189935699
101693.155775,0.1393243,-0.605354031,0.424608391,-0.877022922,1.04998422,0.272888631
101693.165802,0.0551660069,-0.36565249,-0.031923663,-0.835647523,1.0280211,0.293310285
101693.175830,0.0125315648,0.179165604,-1.0962217,-0.705901563,0.913850605,0.270782351
101693.185857,0.202127085,0.613696839,-2.60356805,-0.489347935,0.711805582,0.23192735
101693.195885,0.256651871,0.899124576,-3.52582669,-0.301397473,0.507812023,0.163853765
101693.205912,0.110915367,0.808440389,-3.61474065,-0.13766554,0.292807519,0.0853403136
101693.215940,-0.153080438,0.654609864,-3.27081849,-0.0361498259,0.13739422,0.0166075863
101693.225967,-0.421607456,0.508774867,-2.2984108,0.0129383579,0.0674758703,-0.0427670553
101693.235995,-0.822743201,0.325377471,-1.22551912,0.0118675008,0.125613734,-0.0623037368
101693.246022,-1.17952718,-0.142899966,0.0463058241,-0.0481702685,0.273034066,-0.0296163689
101693.256050,-1.39988492,-0.769349611,1.0531553,-0.154983804,0.442269444,0.0296402983
101693.266077,-1.47855513,-1.15546855,1.42682202,-0.265135318,0.595351994,0.0892828554
101693.276105,-1.38484575,-1.27642264,1.20161918,-0.308006108,0.691725135,0.114086211
101693.286132,-1.04057931,-0.985465766,0.082152798,-0.251380086,0.682456791,0.0883158669
101693.296160,-0.743878339,-0.54670347,-1.53911511,-0.088662304,0.581837475,0.0372633301
101693.306187,-0.357430459,-0.244815449,-3.03946063,0.168073341,0.3958399,-0.00484497473
101693.316215,0.0565939939,-0.0368302859,-3.99390948,0.318947017,0.206089929,-0.0559228063
101693.326242,0.153899937,0.01148454,-3.88568525,0.447889298,0.0127819944,-0.0603519082
101693.336270,0.269565129,-0.397724037,-3.52022346,0.503172517,-0.123342551,-0.0371384695
101693.346297,0.173353995,-0.815438724,-2.54375743,0.449356973,-0.196905985,0.0109816585
101693.356325,-0.0127267951,-1.10079793,-1.39837919,0.308929294,-0.210020989,0.0644675195
101693.366352,-0.246631413,-1.25409873,-0.246499311,0.129696131,-0.150939569,0.112365536
101693.376380,-0.440292282,-1.2736108,0.782276166,-0.0230041984,-0.0263963006,0.146970659
101693.386407,-0.545834724,-1.19772671,1.56186645,-0.138420805,0.16382131,0.169466913
101693.396435,-0.651088996,-1.14851815,2.12720784,-0.183649272,0.373917282,0.189813986
101693.406462,-0.482861258,-1.074494,2.13913618,-0.156391546,0.558014452,0.214959562
101693.416490,-0.115973235,-0.739472359,1.65672091,-0.0690907314,0.646894813,0.22019054
101693.426517,0.1916431,-0.315441476,0.750159027,0.0323778354,0.652657628,0.214588314
101693.436545,0.499445313,0.0744254186,-0.0283335296,0.147278324,0.575042725,0.20951499
101693.446572,0.785679253,0.374635423,-0.795210467,0.269802392,0.43605867,0.197076425
101693.456600,1.01057171,0.598293372,-1.36861884,0.352980644,0.252077669,0.168872491
101693.466627,1.09202191,0.767339002,-1.70489019,0.438267559,0.0550695285,0.149258569
101693.476655,1.12533557,0.708586807,-1.76297647,0.487820476,-0.105368078,0.133034855
101693.486682,1.12419634,0.665435063,-1.4109768,0.491009593,-0.229725987,0.12870349
101693.496710,0.969158336,0.651945613,-0.866648979,0.455442816,-0.297315419,0.117691599
101693.506737,0.8245786,0.682657124,-0.280348973,0.406366885,-0.324702829,0.111951947
101693.516765,0.771247407,0.611505028,0.212637958,0.370728195,-0.300140232,0.115498751
101693.526792,0.755542473,0.495719132,0.634302696,0.341199607,-0.229316935,0.123596355
101693.536820,0.69257836,0.522854684,1.03405313,0.317640483,-0.139323384,0.11366836
101693.546847,0.74191493,0.621965193,1.2253385,0.329211652,-0.0439886115,0.124162279
101693.556875,1.01464408,0.54609659,1.2420833,0.380539298,0.0368045047,0.16660507
101693.566902,1.3661165,0.484904747,1.03046299,0.452620655,0.0730591863,0.23955971
101693.576930,1.72012576,0.486718664,0.586585836,0.488190383,0.0378442034,0.32253316
101693.586957,1.93037594,0.548378271,0.17576807,0.471147746,-0.0794557855,0.398243636
101693.596985,2.05443954,0.711216498,-0.307057532,0.409800231,-0.287611127,0.441705883
101693.607011,2.00047707,1.03251627,-0.705324444,0.323428601,-0.503951132,0.456600934
101693.617039,1.89911396,1.28250035,-0.732191993,0.270485759,-0.688412845,0.445811421
101693.627066,1.70791392,1.45600925,-0.556703324,0.274615258,-0.79708153,0.44007203
101693.637094,1.57546477,1.43220796,-0.0897293708,0.304096431,-0.805704296,0.446463883
101693.647121,1.34900872,1.22622449,0.612452099,0.349909991,-0.734203219,0.47238791
101693.657149,1.15890934,0.976943583,1.22926999,0.372700542,-0.603836417,0.515435457
101693.667176,0.983987072,0.80070205,1.6703052,0.374400437,-0.46641311,0.56155026
101693.677204,0.736588766,0.75165248,1.84613991,0.352453858,-0.344939142,0.592547059
101693.687231,0.557543866,0.822223123,1.86649764,0.295614004,-0.266060561,0.59548372
101693.697259,0.439065956,1.00860772,1.7532284,0.226145968,-0.230751306,0.575465262
101693.707286,0.362348627,1.07452703,1.6362153,0.148161158,-0.218293846,0.534452319
101693.717314,0.378748557,1.16150155,1.52749598,0.125150383,-0.21008864,0.496790707
101693.727341,0.5063076,1.08194403,1.32235861,0.163088173,-0.191632137,0.474095523
101693.737369,0.610801994,0.982854707,1.13023328,0.242282331,-0.16163829,0.455804646
101693.747396,0.57417819,0.888811857,1.07746323,0.297724843,-0.118637808,0.420965731
101693.757424,0.362687065,0.890811214,1.18129594,0.318308949,-0.0794238299,0.364310443
101693.767451,0.0994996542,0.805194685,1.22906483,0.310063511,-0.00721328473,0.301345587
101693.777479,-0.0345639484,0.586258943,1.3685148,0.303285778,0.0779242516,0.243406385
101693.787506,-0.0929062472,0.386977895,1.26189684,0.307029903,0.146846846,0.211912632
101693.797534,0.10635142,0.205714734,1.00566348,0.309256583,0.167744681,0.202104747
101693.807561,0.393653281,0.114529904,0.67045596,0.298771441,0.133920133,0.206644371
101693.817589,0.602604074,0.0606856471,0.401062096,0.285333931,0.0787554234,0.217442155
101693.827616,0.694418435,0.0151445238,0.23717794,0.302279621,0.0391584747,0.231784075
101693.837644,0.607979922,0.0733684569,0.115845224,0.347871631,0.023100147,0.220580697
101693.847671,0.348497211,0.163245712,0.0141863463,0.406501651,0.0249150898,0.186271727
101693.857699,0.0957470236,0.203495012,-0.018078093,0.441208482,0.0488433242,0.138717785
101693.867726,-0.110032739,0.071129592,0.0682440997,0.449872017,0.0863909721,0.0900075063
101693.877754,-0.22210429,-0.0985480525,0.102117143,0.451694965,0.131016761,0.0507573038
101693.887781,-0.193149413,-0.295910846,-0.0566834257,0.475978196,0.162658304,0.0373054072
101693.897809,-0.0138210201,-0.510238071,-0.319772052,0.520287573,0.176524311,0.0594906062
101693.907836,0.293065247,-0.644511298,-0.57759589,0.576214254,0.143283799,0.119121976
101693.917864,0.635585137,-0.690345998,-0.922821532,0.614286542,0.0647250861,0.209326968
101693.927891,0.910631328,-0.676626027,-1.16241822,0.611153603,-0.0602301657,0.299858749
101693.937919,0.994064814,-0.5443005,-1.25695236,0.563725233,-0.198521197,0.369444817
101693.947946,0.850001211,-0.323218685,-1.09511696,0.492207915,-0.303932846,0.412926525
101693.957974,0.585364186,-0.200199405,-0.728650959,0.438571066,-0.355095387,0.441454828
101693.968001,0.278359845,-0.0977302333,-0.413965417,0.421819776,-0.333311766,0.46738258
101693.978029,0.00808978295,-0.102420802,-0.0394224943,0.440750331,-0.251258999,0.486405015
101693.988056,-0.225214531,-0.0692884211,0.226152104,0.480658323,-0.142370835,0.506747305
101693.998084,-0.329136677,-0.0311205299,0.391427422,0.510558426,-0.0488057435,0.526734054
101694.008111,-0.299516031,-0.0295236892,0.412658426,0.507975161,0.00513232453,0.562224686
101694.018139,-0.176939452,-0.04373422,0.385156671,0.461760283,0.0133870589,0.610496342
101694.028166,-0.0218172795,-0.0290084331,0.408188002,0.379076034,-0.0124373483,0.665388346
101694.038194,0.143659114,0.05935944,0.47122635,0.261101753,-0.0678286999,0.718603611
101694.048221,0.182830848,0.185303303,0.55027709,0.131590888,-0.12528266,0.755508125
101694.058249,0.168317754,0.288184197,0.591978635,0.0223735832,-0.173202783,0.785505176
101694.068276,0.111208212,0.422785413,0.58419748,-0.0599026456,-0.193111509,0.783810616
101694.078304,-0.148788878,0.679970223,0.581059182,-0.110246241,-0.183722809,0.73153007
101694.088331,-0.486712088,0.961957757,0.493162287,-0.113035105,-0.151766211,0.662978172
101694.098359,-0.604986001,1.05246147,0.351394686,-0.0638704896,-0.0958089381,0.604150295
101694.108387,-0.547676552,1.05261827,0.181677002,0.0219232421,-0.038995456,0.562923193
101694.118414,-0.381113533,1.01727779,-0.0202314716,0.113615349,0.00251390459,0.544653952
101694.128442,-0.171174897,0.988910061,-0.185934075,0.181652725,0.00173892477,0.528394282
101694.138469,0.107313543,1.0681005,-0.36163551,0.211614355,-0.0547666959,0.500073433
101694.148497,0.357104881,1.17722416,-0.490013468,0.226133108,-0.150993884,0.46606645
101694.158524,0.645013476,1.2375591,-0.506785155,0.258635908,-0.241513938,0.425650299
101694.168552,0.809583275,1.37907141,-0.443442855,0.306670547,-0.33741197,0.350310802
101694.178579,0.639777913,1.43752506,-0.383216058,0.352365077,-0.376663506,0.2884565
101694.188607,0.608974194,1.42268522,0.0696796854,0.402806401,-0.365202069,0.242778778
101694.198634,0.388249961,1.34296549,0.495586884,0.414965332,-0.303757608,0.192762196
101694.208662,0.0831909089,1.21229533,0.77813366,0.374269575,-0.211649239,0.17138502
101694.218689,-0.137045833,0.943931102,1.05908001,0.269151956,-0.121859446,0.196845353
101694.228717,-0.126538468,0.739389941,1.08427875,0.116876923,-0.0723171905,0.244298905
101694.238744,-0.0185673378,0.715260293,0.881941825,-0.0497059338,-0.0840558782,0.307688534
101694.248772,0.161290632,0.738381787,0.413466235,-0.178383753,-0.165446326,0.364021569
101694.258799,0.368467402,0.913792569,-0.209876092,-0.240099579,-0.288633794,0.409932852
101694.268827,0.480142647,1.09760834,-0.801229873,-0.244607508,-0.437588394,0.43901673
101694.278854,0.539608981,1.40425714,-1.25165601,-0.213969171,-0.600393534,0.431690902
101694.288882,0.437854826,1.72095607,-1.44505502,-0.178868711,-0.740840137,0.39989993
101694.298909,0.224650467,1.92270132,-1.23996324,-0.152576387,-0.820243061,0.344045997
101694.308937,-0.0873895296,2.00736814,-0.767125944,-0.118914567,-0.834130645,0.287372321
101694.318964,-0.333194428,1.96157027,-0.354898895,-0.0791202858,-0.783090115,0.245981753
101694.328992,-0.53452481,1.7821371,0.0750403357,-0.0720629022,-0.689369202,0.211045861
101694.339019,-0.742607004,1.5877713,0.497106641,-0.0955828801,-0.573202133,0.201619357
101694.349047,-0.713649205,1.33512325,0.682805738,-0.1610322,-0.496839464,0.20774436
101694.359074,-0.615620208,1.2306784,0.554687308,-0.269829512,-0.467442423,0.214266956
101694.369102,-0.481084896,1.3039564,0.31373511,-0.361308306,-0.483883977,0.208285511
101694.379129,-0.242927882,1.38390044,-0.166270759,-0.383847684,-0.569060385,0.208430648
101694.389157,0.0327723888,1.38712817,-0.975858126,-0.29182297,-0.72218734,0.206189871
101694.399184,0.158183314,1.33282447,-1.68257432,-0.206484631,-0.902231455,0.185986072
101694.409212,0.182967626,1.40270582,-1.76748489,-0.161432207,-1.07887697,0.143873751
101694.419239,0.149371062,1.41907784,-1.50105163,-0.199762806,-1.22452021,0.0792873129
101694.429267,0.132007255,1.43856069,-0.861801538,-0.288992286,-1.30084503,0.0115623269
101694.439294,0.156487616,1.325616,-0.1644716,-0.386298329,-1.29692483,-0.0491417684
101694.449322,0.343498965,1.20996762,0.380641824,-0.419063479,-1.23399436,-0.0764282495
101694.459349,0.792825617,1.07369701,0.491862311,-0.368287653,-1.16549015,-0.0714822263
101694.469377,1.29920687,1.06020084,0.372941917,-0.273474038,-1.12556481,-0.0714979395
101694.479404,1.55700382,1.1762445,0.29392917,-0.175589293,-1.11438513,-0.0985705703
101694.489432,1.5723709,1.26483742,0.36793198,-0.0739151314,-1.10765958,-0.166842312
101694.499459,1.44848382,1.28833812,0.573325373,-0.00503646908,-1.07682049,-0.252906352
101694.509487,1.15536597,1.02301136,1.10707569,0.0448855534,-0.983043432,-0.321171165
101694.519514,1.18311147,0.803411893,1.55855163,0.0854220614,-0.863280296,-0.382047296
101694.529542,0.987006127,0.454837233,1.77154089,0.112860344,-0.733814716,-0.405754477
101694.539569,1.17605921,0.0753261669,1.85179691,0.143959671,-0.651604295,-0.374555826
101694.549597,1.54473353,-0.253580501,1.55889884,0.192383125,-0.638272464,-0.304249704
101694.559624,1.92872525,-0.431502973,1.14888713,0.240340009,-0.694681168,-0.218158752
101694.569652,2.08366564,-0.496759873,0.903370397,0.26125142,-0.787910163,-0.14051643
101694.579679,2.00358322,-0.531590656,0.925192353,0.277454883,-0.887415171,-0.071328029
101694.589707,1.66509419,-0.673082801,1.13297995,0.269997776,-0.943822563,-0.0108524356
101694.599734,1.14359487,-0.866932033,1.60391374,0.241800487,-0.947688937,0.0374477208
101694.609762,0.603810528,-1.00154363,2.04046479,0.177600995,-0.90769279,0.0735388771
101694.619789,0.214230195,-0.998344391,2.43315741,0.105499096,-0.835384488,0.0933144465
101694.629817,-0.11572189,-0.998932127,2.56134306,0.071990937,-0.755308568,0.110152014
101694.639844,-0.309943901,-1.05061511,2.50201059,0.0807894915,-0.662288368,0.12658079
101694.649872,-0.369458166,-1.01563236,2.42051567,0.133815959,-0.580920517,0.149212062
101694.659899,-0.369372242,-0.979530092,2.26878898,0.201939091,-0.497583002,0.172544569
101694.669927,-0.305499197,-1.03194081,2.23462894,0.247575805,-0.43427673,0.206852198
101694.679954,-0.228610018,-1.08533864,2.23816296,0.238411069,-0.368333936,0.24682945
101694.689982,-0.109831663,-1.2133368,2.34985282,0.197067901,-0.313180953,0.312328815
101694.700010,0.0868862563,-1.34201886,2.253981,0.155910879,-0.285538405,0.391548812
101694.710037,0.398212552,-1.3708751,2.02458012,0.105184309,-0.283785254,0.476688713
101694.720065,0.643648617,-1.40330598,1.78461839,0.053211391,-0.304730207,0.559114099
101694.730092,0.856953514,-1.36414652,1.56504479,0.0238713454,-0.348979414,0.629688919
101694.740120,0.983534067,-1.27212597,1.22522159,0.0280543715,-0.414103031,0.686709344
101694.750147,0.916631445,-1.16379565,0.989178211,0.0380841047,-0.475860924,0.72438854
101694.760175,0.649748687,-1.09126364,0.927587431,0.0298354942,-0.526905239,0.74604857
101694.770202,0.277377848,-1.01728758,1.03809626,-0.0116988998,-0.551096857,0.750870228
101694.780230,-0.101990886,-0.945040086,1.24889941,-0.0847597942,-0.546402752,0.733729601
101694.790257,-0.41132104,-0.767353907,1.34342946,-0.174948007,-0.531828582,0.694354475
101694.800285,-0.63537471,-0.483062041,1.32144617,-0.250719726,-0.498742819,0.609847844
101694.810312,-0.767112499,-0.103678109,1.16240244,-0.279251784,-0.448200017,0.508943081
101694.820340,-0.729611329,0.201760882,0.923420959,-0.244511113,-0.374719948,0.390586585
101694.830367,-0.554929884,0.502148727,0.652751084,-0.126540527,-0.290665507,0.268451631
101694.840395,-0.378064082,0.666827248,0.311687822,0.0370513313,-0.206974596,0.13286452
101694.850422,-0.317789354,0.81619188,0.120805769,0.220906645,-0.119584039,-0.0109403189
101694.860450,-0.382881711,0.917958895,-0.0665986705,0.414707273,-0.0592088476,-0.162122637
101694.870477,-0.424689055,0.870945507,-0.0552121841,0.557117403,0.0246061571,-0.310877502
101694.880505,-0.602107231,0.740265409,0.276560102,0.647105336,0.11448811,-0.4480564
101694.890532,-0.743404876,0.519968169,0.641838353,0.668340027,0.229147315,-0.573157072
101694.900560,-0.833055336,0.275449803,1.07913847,0.647250473,0.357325792,-0.676265061
101694.910587,-0.90092242,0.0485183856,1.3824346,0.618232429,0.496286064,-0.753784657
101694.920615,-0.862176802,-0.171070706,1.54188691,0.611475945,0.636049569,-0.801267445
101694.930642,-0.731970459,-0.400456823,1.59002521,0.628538072,0.78592211,-0.820102394
101694.940670,-0.586671761,-0.546651447,1.69022337,0.64612031,0.931923985,-0.823700249
101694.950697,-0.482034744,-0.571033901,1.69918409,0.651239455,1.06878698,-0.820549726
101694.960725,-0.422058122,-0.542265341,1.74273915,0.634259403,1.20697868,-0.811146379
101694.970752,-0.46823126,-0.566391336,1.85906749,0.598268926,1.35406089,-0.793010294
101694.980780,-0.500413866,-0.550865704,1.91299431,0.548011899,1.50354671,-0.761492848
101694.990807,-0.441613302,-0.493996839,1.78817843,0.51264751,1.62269843,-0.717449188
101695.000835,-0.320709625,-0.452318966,1.32749393,0.510381699,1.69900358,-0.654363453
101695.010862,-0.0931692821,-0.394670495,0.753821056,0.538212776,1.73071063,-0.567950249
101695.020890,0.168414785,-0.338073579,0.259876679,0.563811064,1.70647931,-0.469987482
101695.030917,0.441447298,-0.241144213,-0.186888015,0.546646237,1.62043285,-0.364089012
101695.040945,0.661412822,-0.153709091,-0.544298016,0.489217281,1.45682323,-0.268531322
101695.050972,0.667874711,-0.0353667892,-0.864531256,0.352971822,1.26423669,-0.193911135
101695.061000,0.585659369,0.185981714,-0.934198666,0.217355683,1.08570075,-0.121185005
101695.071027,0.509366988,0.275589212,-0.984658687,0.111904085,0.951087594,-0.0439972728
101695.081055,0.372520476,0.298868088,-0.893674348,0.0324649215,0.870909095,0.0274577346
101695.091082,0.155454766,0.364443845,-0.751146869,-0.0259310119,0.828902006,0.0836831927
101695.101110,-0.087077395,0.434686425,-0.665173051,-0.0585118569,0.815638125,0.128836825
101695.111137,-0.26542496,0.495943735,-0.655381725,-0.0708609298,0.819044292,0.162466154
101695.121165,-0.354330155,0.520635255,-0.683990564,-0.0799316615,0.83145839,0.190502852
101695.131192,-0.382799294,0.543370233,-0.662991031,-0.0940983444,0.836618245,0.210717574
101695.141220,-0.269822319,0.643264878,-0.81467563,-0.113923982,0.803366005,0.216843903
101695.151248,-0.135801971,0.785887489,-1.0626982,-0.160298407,0.720681012,0.179772168
101695.161275,-0.00771919608,1.15152566,-1.47289579,-0.198086798,0.587403893,0.119502977
101695.171303,0.119399702,1.36157798,-1.98377143,-0.191994816,0.45964244,0.0668405592
101695.181330,0.334738735,1.37036408,-2.22778126,-0.140662119,0.361830384,0.0418760926
101695.191358,0.470756979,1.27662445,-2.28161515,-0.0678920448,0.294005275,0.0266175084
101695.201385,0.456576478,1.20258365,-2.18637958,-0.0237701219,0.257298648,0.0187926069
101695.211413,0.392200159,1.1819414,-1.90336811,-0.0254556369,0.248101175,0.0104161669
101695.221440,0.309845701,1.13806207,-1.60333711,-0.0935284272,0.254059464,-0.0128984768
101695.231468,0.185199331,1.13372288,-1.24604636,-0.198489472,0.267135561,-0.0425333306
101695.241495,0.142250416,1.09283089,-1.0360557,-0.296642691,0.298200011,-0.0672176406
101695.251523,0.199508427,1.11360992,-0.936056277,-0.364670992,0.337361276,-0.088842243
101695.261550,0.293781286,1.10158966,-0.988853801,-0.381708294,0.378097504,-0.105208963
101695.271578,0.435619614,1.09044999,-1.13360246,-0.361371607,0.398629427,-0.119332239
101695.281605,0.509836943,1.08554731,-1.32265379,-0.326084197,0.404548556,-0.143441573
101695.291633,0.404738739,1.07540863,-1.39357559,-0.29342851,0.399319708,-0.199068084
101695.301660,0.161903211,1.12947179,-1.38028882,-0.270296812,0.389792532,-0.260883272
101695.311688,-0.000171264914,1.00766825,-1.2870494,-0.256833494,0.39904353,-0.303286374
101695.321715,0.0461415734,0.842193021,-1.12687754,-0.255710691,0.410730302,-0.322289109
101695.331743,0.159622407,0.678357965,-1.06175654,-0.286638528,0.411280245,-0.317077011
101695.341770,0.394305023,0.557334315,-0.952706383,-0.380492032,0.392929196,-0.317255974
101695.351798,0.596966945,0.601231617,-0.805089471,-0.510548294,0.35780555,-0.324142128
101695.361825,0.829140793,0.601706687,-0.770900201,-0.618157864,0.313527584,-0.327070802
101695.371853,1.15293319,0.521090743,-0.967322937,-0.666606367,0.265857249,-0.310118198
101695.381880,1.45357618,0.475398813,-1.20363169,-0.632710457,0.219334781,-0.287612349
101695.391908,1.4958716,0.38963557,-1.47077573,-0.568570077,0.177189454,-0.277908593
101695.401935,1.39137486,0.390470559,-1.56570384,-0.489583373,0.134324819,-0.286275715
101695.411963,1.25187462,0.359277987,-1.55598383,-0.428691536,0.0795499831,-0.306806266
101695.421990,1.24220663,0.315239962,-1.49613405,-0.379036874,0.00909418985,-0.333319098
101695.432018,1.26830144,0.221894446,-1.34663497,-0.347294927,-0.053928718,-0.359053493
101695.442045,1.31838562,0.0773320999,-1.10115507,-0.319988489,-0.096902281,-0.377764612
101695.452073,1.36652216,-0.105898854,-0.804868522,-0.294052213,-0.120874196,-0.394566745
101695.462100,1.38431501,-0.254446616,-0.50499301,-0.256348521,-0.113499634,-0.403947473
101695.472128,1.36714292,-0.339881066,-0.267915024,-0.201341182,-0.0685084611,-0.414845407
101695.482155,1.19182377,-0.382638697,-0.042899815,-0.140677571,0.00473672617,-0.431901604
101695.492183,0.962049381,-0.358683236,0.0935883843,-0.0756056234,0.0936231911,-0.455189347
101695.502210,0.756430362,-0.311198723,0.114863227,-0.00505262613,0.18486096,-0.485909194
101695.512238,0.63661565,-0.270056127,0.0125286422,0.0713009983,0.262377053,-0.517002642
101695.522266,0.58808572,-0.231965904,-0.221839501,0.15577434,0.310889453,-0.544392467
101695.532293,0.684701343,-0.219304868,-0.521954082,0.249127463,0.330898046,-0.558024406
101695.542321,0.846345611,-0.265374984,-0.831049842,0.349299848,0.317289561,-0.555440307
101695.552348,1.00402624,-0.286959624,-1.13612877,0.441432178,0.275772214,-0.539441407
101695.562376,1.06503746,-0.310066358,-1.31718208,0.501026511,0.218709737,-0.526690722
101695.572403,0.979380455,-0.316202742,-1.31082307,0.532191396,0.173856512,-0.498571992
101695.582431,0.822592395,-0.480819523,-1.15380062,0.528619826,0.161078662,-0.448415607
101695.592458,0.660377049,-0.702714408,-0.848420079,0.485844374,0.185306773,-0.386520803
101695.602486,0.472507622,-0.91737883,-0.57603054,0.411030859,0.219932929,-0.304088265
101695.612513,0.447879961,-1.07089956,-0.437331095,0.315431893,0.239981472,-0.219215691
101695.622541,0.426351435,-1.01810087,-0.467346294,0.199501842,0.238559067,-0.148746848
101695.632568,0.422743182,-0.866045606,-0.586757101,0.0922560841,0.211627319,-0.073300831
101695.642596,0.549400307,-0.718638465,-0.81163144,0.0095971562,0.143632293,-0.00749518909
101695.652623,0.702207773,-0.468837628,-1.11578214,-0.0552004799,0.0486272201,0.0363308564
101695.662651,0.747781776,-0.123653048,-1.3320494,-0.0832685977,-0.051788602,0.059261471
101695.672678,0.747514065,0.150135543,-1.50552088,-0.0726990476,-0.145436794,0.0731538534
101695.682706,0.738378572,0.328375118,-1.49732179,-0.0411163531,-0.206391752,0.0764588341
101695.692733,0.5992232,0.39744091,-1.3032617,0.0106760031,-0.230206549,0.0848493874
101695.702761,0.433767265,0.33746648,-1.02799456,0.0590430051,-0.222345695,0.0926481932
101695.712788,0.317155148,0.289503682,-0.748484371,0.104466677,-0.197080553,0.111759834
101695.722816,0.278590147,0.263377819,-0.512362662,0.107059002,-0.163866937,0.126877263
101695.732843,0.162366737,0.270473987,-0.251283622,0.081760563,-0.140867874,0.140751809
101695.742871,0.0655921239,0.2948004,-0.101052144,0.0344015732,-0.120336503,0.153420731
101695.752898,-0.0668967767,0.321135888,0.0396375984,-0.0106327478,-0.0876206309,0.176233903
101695.762926,-0.251657716,0.314311814,0.115879127,-0.0370502397,-0.0563556552,0.195518121
101695.772953,-0.410841147,0.44119062,0.0137350954,-0.0250748042,-0.0531063341,0.210073084
101695.782981,-0.470733598,0.591041208,-0.248234172,0.0120488629,-0.0802237019,0.211184159
101695.793008,-0.473932102,0.71589355,-0.450480499,0.0622483827,-0.136143431,0.19628723
101695.803036,-0.533752656,0.778184586,-0.574794276,0.129547268,-0.211278662,0.163389742
101695.813063,-0.556774051,0.780216092,-0.672400664,0.203201771,-0.286889553,0.125625312
101695.823091,-0.585365939,0.696055242,-0.601819061,0.276303679,-0.332671404,0.0896827579
101695.833118,-0.612692338,0.512577182,-0.364517203,0.329710156,-0.344076931,0.0788151994
101695.843146,-0.560139728,0.303999898,-0.060641808,0.350839943,-0.350685298,0.0944884345
101695.853173,-0.522124178,0.14797537,0.175265381,0.314272612,-0.367847234,0.119751446
101695.863201,-0.512904514,0.146823131,0.43437809,0.211799785,-0.388218284,0.128912449
101695.873228,-0.603386749,0.323309359,0.684513127,0.0864669085,-0.421975464,0.114663742
101695.883256,-0.587133533,0.557641774,0.689087011,-0.0181990564,-0.461552173,0.079736121
101695.893283,-0.520540124,0.769844263,0.59058572,-0.0625303015,-0.477568686,0.0295706876
101695.903311,-0.610118103,0.844323311,0.523926259,-0.0463289581,-0.443482071,-0.0392006561
101695.913339,-0.684708357,0.876295489,0.50853346,0.0420914516,-0.377588302,-0.113566764
101695.923366,-0.711879273,0.845835761,0.354834598,0.17917873,-0.295425504,-0.193201676
101695.933394,-0.657056965,0.753913484,0.159226101,0.361064643,-0.219446301,-0.244504794
101695.943421,-0.376506331,0.56352506,-0.0772480749,0.559600472,-0.153767675,-0.256218791
101695.953449,-0.0501198294,0.320770562,-0.221841839,0.717320621,-0.101113252,-0.235466376
101695.963476,0.202357971,0.122934379,-0.147125329,0.774138093,-0.0789064839,-0.201104134
101695.973504,0.321105347,0.0152089673,0.00651858811,0.711064339,-0.0874533653,-0.167778939
101695.983531,0.382879958,0.019901436,0.14771628,0.554116488,-0.12739253,-0.144035801
101695.993559,0.417861255,0.109329888,0.23690263,0.355174094,-0.195951343,-0.134531766
101696.003586,0.492874118,0.252332876,0.164713592,0.172990963,-0.272883952,-0.123933464
101696.013614,0.584240735,0.398127869,0.0362269132,0.0434028767,-0.339238733,-0.124152631
101696.023641,0.631615649,0.526207648,-0.150147891,-0.0184764657,-0.39350304,-0.132269949
101696.033669,0.688978874,0.676611414,-0.329002822,-0.0238826834,-0.433544457,-0.152471632
101696.043696,0.735301065,0.785902248,-0.438406615,0.0277176611,-0.44731912,-0.183284134
101696.053724,0.805198192,0.826044362,-0.485882652,0.126580596,-0.428805113,-0.211444929
101696.063751,0.976758289,0.75117836,-0.486845359,0.253757447,-0.391984224,-0.22252129
101696.073779,1.16472884,0.617381664,-0.457463197,0.387090743,-0.364380836,-0.21593529
101696.083806,1.38083593,0.454243724,-0.448953143,0.488621622,-0.354279727,-0.196290478
101696.093834,1.51586166,0.315961773,-0.341559521,0.543963194,-0.365898848,-0.163623616
101696.103861,1.63807934,0.152889719,-0.198261057,0.556464911,-0.391113639,-0.111202747
101696.113889,1.71021636,-0.00441047339,0.0240852245,0.508996427,-0.420462757,-0.0518877618
101696.123916,1.66092596,-0.122496079,0.344844534,0.398279756,-0.448763371,0.00785492919
101696.133944,1.51243753,-0.163713402,0.652082099,0.250418901,-0.465450197,0.0624912754
101696.143971,1.32542151,-0.183433436,0.875536049,0.0905410945,-0.469627112,0.11562027
101696.153999,1.17157885,-0.201797835,0.974222634,-0.0525193885,-0.468907505,0.173739776
101696.164026,1.06249888,-0.203589066,0.885680427,-0.156439126,-0.470928043,0.219505936
101696.174054,0.90319621,-0.0969009064,0.655291708,-0.214103758,-0.490453273,0.247619331
101696.184081,0.746084909,0.0229624127,0.394632355,-0.224122301,-0.510783076,0.259349763
101696.194109,0.625623131,0.156634934,0.199140178,-0.190420002,-0.519901693,0.260451227
101696.204136,0.503379145,0.201732843,0.0336941798,-0.124337122,-0.518623948,0.24927102
101696.214164,0.338500133,0.197428625,-0.0609878449,-0.0464532413,-0.503476679,0.229347646
101696.224191,0.163134799,0.196654974,-0.0481733715,0.023614794,-0.471806616,0.199437946
101696.234219,-0.0280763399,0.139052643,0.0220271229,0.0702475384,-0.434962064,0.161129445
101696.244246,-0.201501647,0.0915750352,0.14629823,0.0954815224,-0.396410942,0.124710977
101696.254274,-0.263152339,0.00907338716,0.17243045,0.104844138,-0.34833768,0.0973525941
101696.264301,-0.287777662,-0.092006668,0.232704594,0.0938356891,-0.3031196,0.0787091255
101696.274329,-0.293314838,-0.171799678,0.231718506,0.0785576701,-0.272114277,0.0637123361
101696.284356,-0.173053551,-0.24771128,0.141232179,0.0621541962,-0.256266087,0.0619173646
101696.294384,-0.00871112972,-0.322829978,0.0133195003,0.0533391312,-0.265813261,0.0735415369
101696.304412,0.148656192,-0.313030578,-0.134416654,0.0645523742,-0.288637877,0.0888991803
101696.314439,0.281656549,-0.262803708,-0.297833777,0.0938519388,-0.318249822,0.0928558409
101696.324467,0.312546777,-0.154152012,-0.37895957,0.134223327,-0.355017692,0.0875265896
101696.334494,0.286810278,-0.0873735649,-0.412803387,0.183713645,-0.376503289,0.0626478717
101696.344522,0.169895379,-0.0262717017,-0.33019057,0.253891677,-0.376547754,0.028849693
101696.354549,0.0577267973,-0.05678674,-0.249966694,0.327041507,-0.338984936,0.000490489416
101696.364577,0.0305067819,-0.1883609,-0.046129883,0.397206485,-0.280868381,-0.0150447935
101696.374604,0.0348819283,-0.384905728,0.164646957,0.456304967,-0.210727632,-0.0120399501
101696.384632,0.1413409,-0.5464998,0.340829453,0.48431024,-0.143460974,0.00301969377
101696.394659,0.207839617,-0.622619711,0.532422869,0.478232086,-0.0772545263,0.0318952836
101696.404687,0.258882991,-0.676673958,0.712303051,0.446819305,-0.0162138101,0.0727782696
101696.414714,0.241688695,-0.663356065,0.788576143,0.398827016,0.0408436172,0.115158752
101696.424742,0.169303258,-0.605893252,0.817986362,0.336789489,0.0935584977,0.146831468
101696.434769,0.0552320579,-0.468249672,0.824123842,0.2720294,0.136796251,0.162284181
101696.444797,-0.0236252057,-0.283197659,0.740965666,0.210897073,0.159869075,0.168259785
101696.454824,0.0121785136,-0.103778555,0.611771716,0.166364759,0.160734877,0.170677409
101696.464852,0.154787826,0.0584861643,0.441567709,0.130716205,0.127755091,0.171587139
101696.474879,0.305672215,0.172009741,0.274519536,0.104068354,0.0738543049,0.16968511
101696.484907,0.432659596,0.278111442,0.220452431,0.0710315779,0.0186887793,0.164585426
101696.494934,0.445287022,0.361154229,0.31104514,0.0379929319,-0.00916575454,0.150333777
101696.504962,0.340326764,0.435716791,0.541601616,0.00878311694,0.00991792604,0.135278136
101696.514989,0.186875155,0.463312289,0.821398216,-0.025291495,0.0820128918,0.113714784
101696.525017,-0.00507481905,0.493944524,1.07951432,-0.0550509915,0.198854029,0.0898336917
101696.535044,-0.134062433,0.53692493,1.2431179,-0.0656394511,0.345000058,0.0781280249
101696.545072,-0.171142164,0.603259616,1.16333768,-0.0605064742,0.482503325,0.0582850799
101696.555099,-0.222789349,0.786608496,0.889110401,-0.0516344197,0.591127276,0.0237116553
101696.565127,-0.229246563,0.979052976,0.485619617,-0.0331984237,0.661969721,-0.011376556
101696.575154,-0.13797873,1.12442489,-0.00255085353,-0.00641873898,0.689081788,-0.0532603562
101696.585182,-0.0549023875,1.22627169,-0.429332497,0.00803769846,0.677950025,-0.0943963379
101696.595209,-0.031443186,1.27656424,-0.730561761,0.00301550911,0.628001153,-0.140624285
101696.605237,-0.0247556711,1.36842273,-1.03755733,-0.00682433834,0.550038934,-0.181393549
101696.615264,-0.00183598326,1.36781352,-1.32996967,0.00476600509,0.455238938,-0.206803039
101696.625292,0.0937584801,1.27090782,-1.59523272,0.0254132282,0.35650143,-0.217724398
101696.635319,0.141615041,1.15905576,-1.66575938,0.0469803028,0.262896121,-0.216529697
101696.645347,0.130443074,1.03489177,-1.57972827,0.0545404851,0.190820605,-0.214777872
101696.655374,0.0275087692,0.896648615,-1.37384096,0.0446875878,0.147275522,-0.213201553
101696.665402,-0.0893278042,0.745503456,-1.06270054,0.0213039704,0.123382442,-0.206789717
101696.675430,-0.150649411,0.57273033,-0.864458775,-0.00194196519,0.107392818,-0.20358488
101696.685457,-0.143610014,0.469682555,-0.744138451,-0.0252065398,0.0926050842,-0.19545877
101696.695485,-0.11474457,0.338738399,-0.653840925,-0.0464023761,0.076039955,-0.186124399
101696.705512,-0.0448737455,0.238592903,-0.585260725,-0.066936411,0.052755937,-0.172933221
101696.715540,0.0245452432,0.17567652,-0.547652002,-0.0821752846,0.0228917804,-0.166437238
101696.725567,0.0852758985,0.146647363,-0.572172696,-0.089399375,-0.0200104117,-0.159181461
101696.735595,0.134484458,0.109579981,-0.639979573,-0.0916625336,-0.0618108548,-0.155684203
101696.745622,0.123307815,0.10574475,-0.65014324,-0.0893096253,-0.0955605581,-0.154872999
101696.755650,0.093702366,0.0535845738,-0.588813449,-0.0851947814,-0.105933309,-0.149133354
101696.765677,0.0868938551,-0.0226314957,-0.484041408,-0.0848914459,-0.100215234,-0.139048234
101696.775705,0.0767155754,-0.0938761791,-0.422874699,-0.0875135958,-0.088190794,-0.127660558
101696.785732,0.0364706588,-0.110692993,-0.406157373,-0.0900316089,-0.0717050284,-0.119178385
101696.795760,0.0472977577,-0.125210918,-0.391489381,-0.096788846,-0.0654913411,-0.118807942
101696.805787,0.0600835896,-0.103157976,-0.425485758,-0.100514881,-0.07429602,-0.115578055
101696.815815,0.15199615,-0.0815397168,-0.495253122,-0.0875050724,-0.0937940851,-0.115160212
101696.825842,0.227050514,-0.0618000061,-0.582759556,-0.0534142107,-0.117383569,-0.116468877
101696.835870,0.319887787,-0.0364182619,-0.635564095,-0.00458834833,-0.149740174,-0.108215213
101696.845897,0.401030532,-0.0399299963,-0.622181466,0.0406134836,-0.180018723,-0.0975535214
101696.855925,0.406098336,-0.0569290254,-0.499891303,0.0614037178,-0.205714494,-0.0889610946
101696.865952,0.346492886,-0.0644206963,-0.352659592,0.0644128248,-0.234383956,-0.0798898339
101696.875980,0.308119024,-0.0638903934,-0.245263047,0.050345473,-0.256853312,-0.0673247725
101696.886007,0.295007613,-0.0583212104,-0.198363348,0.0268204417,-0.277783096,-0.0573248751
101696.896035,0.258299639,-0.0446981469,-0.103408352,0.00353882043,-0.293134898,-0.0460391939
101696.906062,0.230887315,-0.0533138671,-0.0430821859,-0.0125298947,-0.296167701,-0.0341234133
101696.916090,0.258930922,-0.0324777167,0.0415565837,-0.00845579058,-0.284437269,-0.0245160609
101696.926117,0.28710137,-0.0175757501,0.0799549957,0.00548346061,-0.26371336,-0.0152762234
101696.936145,0.284952083,0.00259924326,0.134922265,0.0208637491,-0.241934285,-0.0142439809
101696.946172,0.215835292,0.0323218777,0.220151402,0.0296798758,-0.211981952,-0.0193244591
101696.956200,0.192532743,0.0285181563,0.348445189,0.0382589847,-0.170643836,-0.0204586983
101696.966227,0.231524444,-0.0221736507,0.435861607,0.0391562022,-0.127978399,-0.00371753611
101696.976255,0.350520242,-0.0967987064,0.539832853,0.0142612392,-0.0900398046,0.0250123795
101696.986282,0.48329965,-0.185547706,0.629994186,-0.0428009816,-0.0637490749,0.0655124038
101696.996310,0.609873773,-0.235390929,0.697591804,-0.126761928,-0.0599197112,0.117229924
101697.006337,0.754215609,-0.214037084,0.683885935,-0.223439455,-0.077910699,0.172275066
101697.016365,0.794849817,-0.110261278,0.590966244,-0.32059744,-0.109749325,0.218658537
101697.026392,0.813609462,0.0170618652,0.49479778,-0.393210649,-0.145618647,0.258660823
101697.036420,0.838373317,0.13463521,0.367929057,-0.427720428,-0.180609122,0.284646869
101697.046447,0.79296941,0.311038564,0.226028185,-0.419448376,-0.204722181,0.293553829
101697.056475,0.696681703,0.428274366,0.131667063,-0.378472179,-0.216466188,0.283482283
101697.066502,0.550236758,0.496270775,0.126099492,-0.336030185,-0.205392495,0.257550567
101697.076530,0.355185895,0.543611714,0.212718622,-0.286928952,-0.166264802,0.228695735
101697.086557,0.160514972,0.528308529,0.285808408,-0.233556807,-0.101865567,0.187560812
101697.096585,-0.0176315183,0.522983937,0.383254636,-0.180835545,-0.0242019296,0.137950376
101697.106612,-0.167343356,0.51668944,0.399088165,-0.134037405,0.0596162714,0.0757858083
101697.116640,-0.315536022,0.512818809,0.350288771,-0.0944844186,0.130944252,0.00245274231
101697.126667,-0.3898761,0.45938748,0.279648716,-0.0533305891,0.193335712,-0.0683154389
101697.136695,-0.365177712,0.354148442,0.132319974,0.00170390226,0.246296138,-0.131686687
101697.146723,-0.304583835,0.234817787,0.00815349584,0.0575775541,0.291957617,-0.184985057
101697.156750,-0.228653857,0.153242752,-0.152567812,0.117743425,0.318809211,-0.231005818
101697.166778,-0.106092477,0.0379713457,-0.382852485,0.167267844,0.326394439,-0.260553598
101697.176805,0.0619341859,-0.064193637,-0.52327744,0.202497467,0.316952735,-0.280003995
101697.186833,0.209230779,-0.148998447,-0.652363838,0.234254062,0.297317237,-0.283609629
101697.196860,0.390737101,-0.238314506,-0.803432352,0.262088627,0.261818647,-0.269588888
101697.206888,0.529614241,-0.30503052,-0.925780382,0.284893543,0.21427536,-0.246111006
101697.216915,0.608500147,-0.373684296,-1.00459848,0.293010324,0.155254647,-0.214044139
101697.226943,0.64771572,-0.438243387,-0.981865257,0.283804297,0.0979585946,-0.179021716
101697.236970,0.605154343,-0.48537704,-0.865737124,0.258825719,0.0466469452,-0.140291899
101697.246998,0.568850273,-0.52775221,-0.723566203,0.219958216,-0.000166900922,-0.0975545496
101697.257025,0.557177371,-0.554280042,-0.628735125,0.170697987,-0.0364585929,-0.0496187136
101697.267053,0.535155509,-0.596279511,-0.472940753,0.112855189,-0.0657456443,0.00645307638
101697.277080,0.517960629,-0.598734941,-0.326010654,0.058183156,-0.0798233822,0.0606662482
101697.287108,0.513954316,-0.559761908,-0.235832371,0.0115141887,-0.0873300359,0.117912225
101697.297135,0.468515922,-0.486332259,-0.170813078,-0.0316189006,-0.0765881762,0.163090885
101697.307163,0.350709042,-0.299904555,-0.100830026,-0.0679444149,-0.0685094744,0.183442503
101697.317190,0.208204359,-0.0201867009,-0.182304194,-0.0918524116,-0.0601980127,0.173354983
101697.327218,0.0502285505,0.279889795,-0.327293095,-0.0897605047,-0.0497307256,0.151670456
101697.337245,-0.0202992762,0.447836524,-0.455215711,-0.0602880977,-0.0328926221,0.13804625
101697.347273,0.0427279656,0.514137928,-0.567644405,-0.0100174686,-0.0157605074,0.13970913
101697.357300,0.148362177,0.54191587,-0.653531713,0.037303973,-0.0133671258,0.148664549
101697.367328,0.216427413,0.560111306,-0.716392366,0.060915295,-0.0435886756,0.155316323
101697.377355,0.249173498,0.616319661,-0.768245303,0.051549755,-0.0948729068,0.156210616
101697.387383,0.244748668,0.65025934,-0.694631785,0.0194312334,-0.153572708,0.151451543
101697.397410,0.27547523,0.617618542,-0.537676552,-0.0200298894,-0.205046549,0.159404799
101697.407438,0.32019583,0.556673952,-0.393186832,-0.0662240162,-0.240930513,0.175441563
101697.417465,0.3156728,0.545593024,-0.210326173,-0.122732036,-0.272693753,0.184894457
101697.427493,0.263350492,0.572126518,-0.0545645339,-0.174368054,-0.291601151,0.188905701
101697.437520,0.21561142,0.591328172,0.0860240865,-0.210066393,-0.292393982,0.188772544
101697.447548,0.218095054,0.584495769,0.139395611,-0.229356736,-0.282068908,0.189889744
101697.457575,0.225806067,0.615403569,0.17257775,-0.241098344,-0.264509618,0.185500056
101697.467603,0.249224936,0.644104106,0.250062556,-0.228556991,-0.248165786,0.176069796
101697.477630,0.269427766,0.667650401,0.191665897,-0.18603456,-0.232899219,0.157614097
101697.487658,0.180349553,0.713520318,0.144584997,-0.123370126,-0.212008312,0.129629865
101697.497685,0.0504781413,0.734602707,0.16535832,-0.0587562472,-0.182967871,0.0927813053
101697.507713,-0.0651940644,0.723762895,0.235518482,0.00177793822,-0.144807979,0.0514394566
101697.517740,-0.211208217,0.710272422,0.279813551,0.0502405465,-0.0930734053,0.00804884266
101697.527768,-0.340355406,0.684340693,0.346632587,0.0778500661,-0.0361264981,-0.0402462557
101697.537795,-0.442854826,0.670926792,0.353598334,0.0911251307,0.0218667611,-0.0797862038
101697.547823,-0.473982955,0.606666648,0.353966583,0.0913701355,0.0823854953,-0.111584619
101697.557850,-0.458645685,0.535798081,0.371045728,0.0814810246,0.140263438,-0.129535913
101697.567878,-0.380748207,0.444552899,0.399569227,0.0508533381,0.202691138,-0.129508495
101697.577905,-0.284502001,0.356126062,0.435474069,-0.00279897032,0.258306742,-0.114144444
101697.587933,-0.133836224,0.331182029,0.42533086,-0.0812176093,0.301560193,-0.0942943096
101697.597960,0.056811436,0.393938637,0.33257542,-0.175284445,0.321078509,-0.0736745149
101697.607988,0.254126152,0.512626172,0.127825585,-0.27129966,0.309016764,-0.0509902462
101697.618015,0.440304557,0.658622241,-0.180763394,-0.352473885,0.259950161,-0.0386302471
101697.628043,0.523812862,0.867899125,-0.548251137,-0.422144026,0.194130942,-0.0374970734
101697.638071,0.485868039,1.0389504,-0.780231509,-0.471069753,0.132755727,-0.0408883393
101697.648098,0.457073321,1.12912459,-0.88703301,-0.505163848,0.0914285257,-0.044107303
101697.658126,0.408318351,1.20227831,-0.838777221,-0.535093784,0.067763947,-0.0506935641
101697.668153,0.324045492,1.25703668,-0.71939564,-0.566099107,0.0524257384,-0.0652783737
101697.678181,0.290372355,1.29053899,-0.638196781,-0.586294413,0.0351969488,-0.0803137794
101697.688208,0.296600435,1.30308312,-0.599888386,-0.607733905,0.020105347,-0.0948929861
101697.698236,0.301265505,1.28080963,-0.484929297,-0.620110929,0.00913152657,-0.115677096
101697.708263,0.240133283,1.2457047,-0.432833199,-0.615542531,0.00172660663,-0.138456181
101697.718291,0.205752874,1.19544327,-0.390839392,-0.599624813,0.00757544115,-0.162955388
101697.728318,0.142352123,1.12145683,-0.265146728,-0.571034729,0.0213378575,-0.190297276
101697.738346,0.122447984,1.05975696,-0.230073076,-0.535033047,0.0286924429,-0.225719973
101697.748373,0.118549223,0.997517657,-0.222778828,-0.493418217,0.0386966094,-0.262387961
101697.758401,0.102504681,0.865052942,-0.149630589,-0.455505192,0.0485505722,-0.295527279
101697.768428,0.112547352,0.673480788,-0.0448375051,-0.437591165,0.0756746009,-0.316073835
101697.778456,0.0788145935,0.420519295,0.176778124,-0.446046174,0.123129733,-0.322239339
101697.788483,-0.0145505034,0.134986709,0.442716879,-0.489029855,0.195930973,-0.316586494
101697.798511,-0.0890828896,-0.106582525,0.607133534,-0.542283773,0.284419835,-0.296053797
101697.808538,-0.0732797557,-0.339547012,0.530869794,-0.587228358,0.354081452,-0.260103256
101697.818566,0.0464595534,-0.462986637,0.233010883,-0.62616086,0.39318493,-0.216123804
101697.828593,0.192927879,-0.517770732,-0.136599843,-0.646940708,0.378032595,-0.167061985
101697.838621,0.393131303,-0.465978074,-0.628767859,-0.652885139,0.303594053,-0.126896188
101697.848648,0.60656421,-0.355063,-1.13963239,-0.654074788,0.181537122,-0.103194058
101697.858676,0.705363023,-0.21925175,-1.43618665,-0.640908897,0.0385927483,-0.0947824642
101697.868703,0.703220165,-0.191560537,-1.55685593,-0.652863562,-0.0722778514,-0.0943680778
101697.878731,0.690382896,-0.242394213,-1.30914725,-0.588607848,-0.165364116,-0.096852012
101697.888758,0.540426727,-0.416892629,-1.25503922,-0.557250738,-0.163581923,-0.0814525485
101697.898786,0.609399726,-0.621772885,-0.642356824,-0.518931329,-0.134608075,-0.0514573604
101697.908813,0.552905685,-0.823094572,-0.458948468,-0.505928993,-0.0878959596,-0.0115395058
101697.918841,0.610322686,-0.917895109,-0.243429986,-0.527220666,-0.0498918444,0.0301080719
101697.928868,0.685446024,-0.932175344,-0.205717803,-0.574056625,-0.0397593156,0.0681220293
101697.938896,0.758659728,-0.905717472,-0.294625336,-0.623710752,-0.0471663661,0.105879262
101697.948923,0.764339528,-0.805244296,-0.397640889,-0.652974248,-0.0586311743,0.128101766
101697.958951,0.681343265,-0.685505207,-0.57304188,-0.65050894,-0.0650427341,0.135886177
101697.968978,0.519763879,-0.575697728,-0.688435853,-0.614686251,-0.057640478,0.135844097
101697.979006,0.352179115,-0.474986579,-0.793895292,-0.559571862,-0.018334087,0.133856595
101697.989033,0.191675249,-0.392724256,-0.82343586,-0.507172048,0.0280573796,0.126248464
101697.999061,0.0466939466,-0.290702317,-0.900488704,-0.438322127,0.0623634234,0.0960964262
101698.009088,-0.165581607,-0.274860459,-1.11439449,-0.410372764,0.0846732557,0.0745224208
101698.019116,-0.0472872364,-0.150968122,-1.17059744,-0.386487424,0.0885087401,0.0590049811
101698.029143,0.00700198772,-0.163821027,-1.31491472,-0.373348981,0.0785375983,0.053017661
101698.039171,0.194565125,-0.155052615,-1.45316467,-0.360942632,0.0422280617,0.06613639
101698.049198,0.392510541,-0.0591305266,-1.60239194,-0.368164062,-0.00978267752,0.0703559071
101698.059226,0.418253469,0.103798959,-1.67686938,-0.394199669,-0.0679562315,0.0644554049
101698.069253,0.434941569,0.24698651,-1.66434775,-0.392606825,-0.105842099,0.0683646649
101698.079281,0.486624995,0.259875802,-1.5892554,-0.382738471,-0.113520786,0.0893903151
101698.089308,0.577130026,0.248307529,-1.42632869,-0.37432608,-0.0985932425,0.119570322
101698.099336,0.643852031,0.273121214,-1.32365566,-0.365092903,-0.0815042704,0.155664951
101698.109363,0.708078711,0.286064282,-1.27130121,-0.380163729,-0.0861131325,0.193655998
101698.119391,0.853856132,0.299204627,-1.27713824,-0.409829229,-0.129497632,0.231041729
101698.129418,1.00663437,0.356289473,-1.34047177,-0.463113487,-0.205811039,0.269789636
101698.139446,1.09090957,0.40204307,-1.34235277,-0.523759007,-0.30085209,0.303579867
101698.149473,1.13893623,0.555337589,-1.23014502,-0.588814974,-0.394261658,0.326584756
101698.159501,1.12404144,0.666704644,-1.0488427,-0.639858186,-0.46420905,0.345785856
101698.169528,1.15166536,0.697302758,-0.866919612,-0.644743741,-0.52919203,0.34718591
101698.179556,0.989212697,0.89276454,-0.833985311,-0.641083241,-0.564745724,0.326134145
101698.189583,0.918050664,0.951388724,-0.564383942,-0.626027346,-0.580266356,0.286411762
101698.199611,0.798143013,0.989183325,-0.339925782,-0.588173985,-0.554865658,0.248461187
101698.209638,0.760550657,0.968364263,-0.164829328,-0.53525883,-0.513565898,0.204239398
101698.219666,0.69200962,0.929815921,0.0543640429,-0.493539035,-0.43407166,0.16905798
101698.229693,0.714340694,0.801232942,0.356265507,-0.438167125,-0.357586473,0.128479123
101698.239721,0.605571692,0.860405116,0.355133288,-0.409987152,-0.262490571,0.0847902372
101698.249748,0.61030515,0.814337046,0.532559355,-0.394830287,-0.174495995,0.0337755233
101698.259776,0.49272448,0.831601192,0.468822504,-0.368289769,-0.0909947082,-0.0274662599
101698.269803,0.464991255,0.879435687,0.387149306,-0.339353204,-0.00585344899,-0.0922481865
101698.279831,0.482266799,0.856598417,0.340962724,-0.312276036,0.0638097823,-0.138725147
101698.289858,0.606955255,0.826746007,0.207156604,-0.295925021,0.106247522,-0.173157156
101698.299886,0.685253131,0.877700972,0.0657929071,-0.290789902,0.126606062,-0.22500889
101698.309913,0.674002839,0.92201986,-0.0659217942,-0.285808206,0.138406262,-0.273526609
101698.319941,0.808573222,0.867823721,-0.161406952,-0.262012333,0.134139881,-0.302860558
101698.329968,0.939163595,0.792052441,-0.312172683,-0.233098134,0.112214334,-0.328852475
101698.339996,0.973068203,0.798064249,-0.423860203,-0.210294023,0.0822993144,-0.363299906
101698.350023,0.884148395,0.819866915,-0.460887619,-0.175666273,0.0573177971,-0.396362543
101698.360051,0.854576263,0.74785148,-0.409892176,-0.132344365,0.0534572788,-0.41522783
101698.370078,0.837905699,0.597898089,-0.279137844,-0.0863427743,0.0708993897,-0.414508522
101698.380106,0.821457838,0.387734851,-0.0848331232,-0.0532601923,0.0937042981,-0.390923023
101698.390133,0.813520615,0.213505096,0.0351648369,-0.0486089811,0.115456469,-0.356446564
101698.400161,0.742840813,0.113052963,0.129125269,-0.0599415302,0.126428694,-0.316799521
101698.410188,0.683245299,0.053907239,0.159139007,-0.0882501304,0.124739982,-0.284275711
101698.420216,0.576247982,0.0946478302,0.137856565,-0.114555508,0.111444414,-0.264351249
101698.430243,0.43329614,0.170054807,0.0891769976,-0.130416498,0.0965861082,-0.255052805
101698.440271,0.295954539,0.207189775,0.0348088631,-0.126972228,0.0890315175,-0.249962196
101698.450298,0.202031808,0.192412039,0.0289443549,-0.0977911726,0.0936473086,-0.235412538
101698.460326,0.157862996,0.0989320834,0.0586094254,-0.0645210966,0.110584214,-0.211799085
101698.470353,0.0833697726,0.027152357,0.112899234,-0.0444262214,0.132783264,-0.183015108
101698.480381,-0.000768646285,-0.0477102841,0.229455821,-0.0405545197,0.147155002,-0.153673202
101698.490408,-0.055649991,-0.0834070359,0.256930981,-0.0787445083,0.177829027,-0.117272586
101698.500436,-0.0782856012,-0.127980483,0.413188002,-0.116415456,0.208575219,-0.07568492
101698.510463,-0.0942184989,-0.167629041,0.314116803,-0.154160976,0.236358121,-0.0380374119
101698.520491,-0.0440939933,-0.0883222804,0.137761873,-0.192072406,0.23942475,-0.0086323861
101698.530519,-0.0225432557,0.0504280186,-0.105625444,-0.224672168,0.229060262,0.00708638877
101698.540546,0.0620528438,0.163908998,-0.330493353,-0.240482017,0.205575436,0.012447332
101698.550573,0.145764562,0.263404268,-0.549133765,-0.239554435,0.176129669,0.00993597135
101698.560601,0.214479202,0.332623497,-0.750108758,-0.240154177,0.139901087,0.00385624077
101698.570629,0.238272165,0.402411903,-0.815244955,-0.245734841,0.109221742,-0.0145898778
101698.580656,0.243959563,0.468285328,-0.860112855,-0.250277638,0.0838838965,-0.0376272872
101698.590684,0.31097266,0.474760369,-0.905005889,-0.235481665,0.0681773722,-0.0531673655
101698.600711,0.405179468,0.434094012,-0.945903717,-0.200776413,0.0619271956,-0.0604122281
101698.610738,0.529427194,0.388329309,-0.987618122,-0.151936978,0.047791671,-0.0640391856
101698.620766,0.651244479,0.390817765,-1.06150344,-0.0996188968,0.0177994166,-0.0670821145
101698.630793,0.735785633,0.353185223,-1.08852121,-0.0547273271,-0.0204840563,-0.0654852837
101698.640821,0.831130506,0.258268513,-1.00945177,-0.0186106022,-0.0581081323,-0.0555410385
101698.650849,0.878251738,0.140345021,-0.800513834,-0.00880537555,-0.0809641778,-0.0349564031
101698.660876,0.867091462,0.0191615043,-0.55340136,-0.0309314504,-0.100792743,-0.0221889429
101698.670904,0.807109579,-0.0545073969,-0.284848623,-0.0752304718,-0.111692794,-0.00814289786
101698.680931,0.73807579,-0.161446407,-0.0740437259,-0.124721587,-0.104657523,0.012717111
101698.690959,0.765892602,-0.268351661,0.0515127451,-0.160076395,-0.0795375258,0.0485800356
101698.700986,0.779343036,-0.33483372,0.0920692119,-0.176769346,-0.0501253046,0.0837801024
101698.711014,0.759428375,-0.295797887,0.0269803614,-0.178171501,-0.0196752548,0.117206499
101698.721041,0.709024468,-0.18750074,-0.0287403568,-0.170869112,0.0175149906,0.138556272
101698.731069,0.905993731,0.126221803,-0.14104104,-0.0743718669,-0.00964978524,0.154405534
101698.741096,1.22422265,0.399704544,-0.537516393,0.0188092086,-0.0634938404,0.0566004105
101698.751124,1.95399589,1.43792604,-0.996753907,0.336304903,-0.360486388,-0.0621259734
101698.761151,2.68921103,1.60766491,-1.80378604,0.311911941,-0.435347319,-0.212229446
101698.771179,1.4425819,-0.0982033307,0.614813275,0.104282297,-0.34111321,-0.176516458
101698.781206,1.48488609,-1.14518257,1.82446642,-0.063050501,-0.0971125215,0.0644801706
101698.791234,1.419391,-1.81229901,2.07021404,-0.188618556,0.214245632,0.300633073
101698.801261,0.463609445,-1.608549,1.98844848,-0.351116627,0.481227249,0.394931078
101698.811289,-0.503073441,-0.860926801,1.57029088,-0.513527393,0.708912611,0.461142063
101698.821316,-0.952238765,-0.423664827,0.914464038,-0.534602344,0.866520882,0.454871356
101698.831344,-0.823518862,0.47348392,-0.141138655,-0.491188258,0.91758728,0.410635173
101698.841371,-0.638498395,1.04950993,-1.11884855,-0.423337311,0.885751843,0.353063524
101698.851399,-0.468097404,1.36304046,-1.71911687,-0.347883552,0.811357498,0.307556748
101698.861426,-0.380500369,1.26562229,-2.03254745,-0.28552857,0.696740627,0.242649913
101698.871454,-0.319348858,1.25269062,-2.3479841,-0.200244322,0.535581887,0.180201441
101698.881481,-0.147702836,1.1609312,-2.63891058,-0.146603733,0.346843064,0.138826311
101698.891509,0.00689560473,0.994419326,-2.69988323,-0.140652627,0.149904191,0.159882054
101698.901536,0.232250421,0.80703739,-2.52996388,-0.179164603,-0.0229568016,0.200443074
101698.911564,0.137531571,0.795339354,-2.21133282,-0.261545748,-0.147256121,0.223640263
101698.921591,-0.240054957,0.926744843,-1.83550161,-0.343167901,-0.214779496,0.213804945
101698.931619,-0.493621722,1.05121527,-1.58045834,-0.391391903,-0.252445668,0.193214983
101698.941646,-0.510369443,1.11253893,-1.53012399,-0.398194939,-0.288390875,0.170076907
101698.951674,-0.368926836,1.1083365,-1.5519968,-0.371971786,-0.332174063,0.151599497
101698.961701,-0.17776129,1.05414197,-1.56458565,-0.326896727,-0.37718603,0.129579961
101698.971729,-0.0262140532,1.03884387,-1.44972827,-0.292694271,-0.410910696,0.0984545276
101698.981756,0.00538753826,0.975286171,-1.19360071,-0.257491022,-0.418613613,0.0700825453
101698.991784,0.0605956307,0.868402252,-0.976225206,-0.218852535,-0.401946753,0.058615502
101699.001811,0.128633979,0.744917619,-0.768809951,-0.191478968,-0.365962654,0.057393644
101699.011839,0.207644972,0.662248396,-0.574125583,-0.192044348,-0.329688817,0.0627702996
101699.021866,0.311970438,0.617953035,-0.478863128,-0.216703892,-0.306434602,0.0664758235
101699.031894,0.431788073,0.623800884,-0.490585423,-0.266738325,-0.307507336,0.0666851476
101699.041921,0.60304305,0.676167615,-0.527608162,-0.324962199,-0.325730801,0.060026709
101699.051949,0.764640556,0.742200177,-0.618799715,-0.37410897,-0.358151078,0.0636432841
101699.061976,0.913191534,0.798562992,-0.716452572,-0.404504955,-0.387976348,0.0700726882
101699.072004,1.06242348,0.891578837,-0.753134828,-0.41086939,-0.403627485,0.0689054281
101699.082031,1.11639706,1.04820002,-0.764746939,-0.386869252,-0.411419094,0.0427547805
101699.092059,1.02338911,1.36416332,-0.764481274,-0.342400581,-0.392168701,-0.00689240173
101699.102086,0.934268809,1.51759009,-0.647152533,-0.250683725,-0.320389301,-0.0467295647
101699.112114,1.01540688,1.45270787,-0.515145571,-0.124289542,-0.21420455,-0.0597646683
101699.122141,1.15723118,1.25912211,-0.441333024,-0.00081181369,-0.103402942,-0.0394194536
101699.132169,1.27788117,1.05866091,-0.322508199,0.0657163486,0.00271097501,-0.00853716955
101699.142196,1.32984166,0.885879749,-0.20740298,0.0629788861,0.0654941946,0.024995489
101699.152224,1.44102474,0.88909082,-0.253393746,-0.0138029801,0.0934022591,0.0521746464
101699.162251,1.60254041,0.900343451,-0.278521466,-0.128844082,0.0713528842,0.0862460658
101699.172279,1.82986857,0.851233967,-0.445707878,-0.256794065,-0.0139577501,0.12770775
101699.182306,2.03630943,0.830581348,-0.730558546,-0.369398922,-0.1507819,0.165454328
101699.192334,2.05083421,0.895351926,-0.991346202,-0.439681321,-0.317487538,0.195799708
101699.202361,1.90193018,0.906197145,-1.17355307,-0.470879734,-0.466019481,0.229075909
101699.212389,1.63705058,0.82670889,-1.01724432,-0.472362041,-0.577094376,0.254620433
101699.222416,1.26640993,0.739788732,-0.740603263,-0.46213603,-0.662866235,0.264708489
101699.232444,0.718578478,0.682785865,-0.425499202,-0.455260009,-0.708719254,0.25505507
101699.242471,-0.0109247141,0.555269199,-0.00471007739,-0.459722936,-0.721218765,0.221099764
101699.252499,-0.741528561,0.467171229,0.326801805,-0.481089234,-0.694255054,0.166565418
101699.262526,-1.39290865,0.472499146,0.6958888,-0.514965653,-0.623106599,0.0731805936
101699.272554,-1.95872525,0.519332209,0.975702935,-0.536360145,-0.506745875,-0.0513421595
101699.282581,-2.34098211,0.547936372,1.15830231,-0.535875499,-0.343338042,-0.184136689
101699.292609,-2.37674725,0.569393002,1.18722036,-0.461526185,-0.155554563,-0.327819824
101699.302636,-2.16318692,0.642250148,0.992902784,-0.315641671,0.0420900695,-0.443108618
101699.312664,-1.68366913,0.622277035,0.667717475,-0.0888852105,0.18780227,-0.526156902
101699.322691,-1.1511767,0.495650305,0.121185416,0.131934524,0.27484262,-0.5798406
101699.332719,-0.610108166,0.338232715,-0.167584179,0.288831174,0.277588099,-0.598127246
101699.342746,-0.178139476,0.0456315781,-0.273923324,0.378155738,0.221746385,-0.601883352
101699.352774,0.0373293214,-0.216240074,-0.326681685,0.363665462,0.119979277,-0.5829826
101699.362801,0.217587689,-0.468235936,-0.104426005,0.280221969,0.0249113515,-0.552842319
101699.372829,0.289063026,-0.709384241,0.173275669,0.157261983,-0.0612504333,-0.508245826
101699.382856,0.3362544,-0.854457605,0.395229736,0.013459268,-0.106490083,-0.461503059
101699.392884,0.329330154,-0.93045948,0.653253481,-0.105272174,-0.112859033,-0.420604885
101699.402911,0.278550984,-0.968436159,0.760374716,-0.178052634,-0.0774176866,-0.387448817
101699.412939,0.245092366,-0.958065572,0.788734549,-0.187075153,-0.00309391739,-0.362929076
101699.422966,0.177296595,-0.919148689,0.748898213,-0.145819873,0.102634378,-0.353689253
101699.432994,0.169518362,-0.9041709,0.636505175,-0.05937526,0.216630459,-0.342827797
101699.443021,0.266034617,-0.924068902,0.442674794,0.0477868803,0.322532922,-0.322086304
101699.453049,0.388998149,-0.981634956,0.245889654,0.142365053,0.411468387,-0.295503169
101699.463076,0.493075194,-0.999522494,0.0957207201,0.209731311,0.464089781,-0.266889632
101699.473104,0.647148734,-0.98003775,-0.113659989,0.227427214,0.461165905,-0.238204718
101699.483131,0.757733846,-0.952558206,-0.354658657,0.201950356,0.413526207,-0.209274799
101699.493159,0.881442059,-0.924176454,-0.536367807,0.154160455,0.339735866,-0.179160297
101699.503186,0.992575452,-0.861248581,-0.67369801,0.0950492024,0.265445143,-0.147802383
101699.513214,1.03033206,-0.851655992,-0.7172861,0.0431670956,0.211139023,-0.106907681
101699.523241,1.01475572,-0.873838306,-0.710887631,0.0217385013,0.158894196,-0.0541837513
101699.533269,0.997297804,-0.891579714,-0.790264535,-0.00461826986,0.122521527,0.00112850685
101699.543297,0.946931891,-0.814270557,-0.742117174,-0.0225831568,0.101271905,0.0505732894
101699.553324,0.84764851,-0.729116531,-0.718657973,-0.0408444516,0.0982132629,0.0978087112
101699.563352,0.779625944,-0.632359746,-0.667609923,-0.049416367,0.106514066,0.143679798
101699.573379,0.752379625,-0.507134406,-0.670817487,-0.0641297996,0.122888781,0.18411696
101699.583407,0.677359163,-0.366838924,-0.690796737,-0.0729081109,0.127090722,0.208457202
101699.593434,0.553256983,-0.138140935,-0.851176976,-0.0690776855,0.121146008,0.220673114
101699.603462,0.517975242,0.103960141,-1.05145814,-0.036078725,0.0973245651,0.223591417
101699.613490,0.528812277,0.31356969,-1.27756553,0.0230668858,0.0661735684,0.229999512
101699.623518,0.549241902,0.395364469,-1.44640322,0.0969893187,0.0362098105,0.241162151
101699.633545,0.521630257,0.431671461,-1.44654204,0.150587559,0.00555656245,0.254153043
101699.643573,0.408956064,0.448575834,-1.34268448,0.178512141,-0.0307734814,0.262792587
101699.653600,0.3392869,0.405609092,-1.18153706,0.175376534,-0.0722879022,0.272946954
101699.663628,0.31545302,0.354221726,-1.00107498,0.143626064,-0.11777816,0.287580758
101699.673655,0.305814838,0.307239611,-0.832365016,0.0943354741,-0.160898462,0.303850025
101699.683683,0.331255569,0.313845877,-0.648787441,0.0423649512,-0.203064814,0.325887144
101699.693710,0.336442616,0.350363882,-0.536192451,-0.00506807771,-0.244042605,0.341010422
101699.703738,0.356789239,0.441227225,-0.441315488,-0.0446541049,-0.278564632,0.346744478
101699.713765,0.362804554,0.546138968,-0.389603713,-0.0606399961,-0.3167983,0.345010757
101699.723793,0.38777942,0.654054276,-0.396456648,-0.0602327958,-0.354256719,0.332198024
101699.733820,0.430478744,0.731286568,-0.381564199,-0.0447198823,-0.386864215,0.308216006
101699.743848,0.44274026,0.796869632,-0.289809168,-0.0169023667,-0.408224374,0.276114792
101699.753875,0.409085243,0.843512141,-0.189683198,0.0197648332,-0.410795629,0.240264386
101699.763903,0.341183673,0.787979639,-0.0101747725,0.0533619411,-0.383167207,0.211035401
101699.773930,0.269858559,0.729813573,0.238006208,0.0814186111,-0.335119247,0.181150198
101699.783958,0.192150465,0.679989804,0.441589629,0.0995467529,-0.274231404,0.158289909
101699.793985,0.158379129,0.628490503,0.546925442,0.106270164,-0.211976022,0.134205341
101699.804013,0.162098441,0.608652999,0.609869097,0.0991555303,-0.154524446,0.110043272
101699.814040,0.166119367,0.606315204,0.671427727,0.0876030028,-0.0961048156,0.0826260298
101699.824068,0.237902747,0.53817135,0.698491091,0.0820812061,-0.0356031246,0.0702947974
101699.834095,0.357729735,0.44275838,0.72266487,0.0803813115,0.0210202076,0.0716671199
101699.844123,0.515640661,0.359575655,0.691240389,0.0758842975,0.0667791739,0.0835839659
101699.854150,0.619366409,0.320252529,0.667708999,0.0530282483,0.100440726,0.0959487557
101699.864178,0.659773238,0.326230434,0.630591567,0.0311868638,0.121082358,0.101664968
101699.874205,0.650783876,0.370460037,0.548571455,0.00837262999,0.139056832,0.103289761
101699.884233,0.569905335,0.398083665,0.474591442,-0.00572481332,0.166071951,0.0991623923
101699.894260,0.497643232,0.425099389,0.443552161,-0.00983939692,0.20390214,0.0982750282
101699.904288,0.38303018,0.456888905,0.416185723,-0.010603724,0.255683064,0.0938278139
101699.914315,0.297007847,0.483001251,0.395349271,0.00196027057,0.303971767,0.092789188
101699.924343,0.269275791,0.526088698,0.262933144,0.0315011181,0.345111459,0.0869390219
101699.934370,0.280678059,0.603633417,0.0808130739,0.0639485419,0.367986679,0.0751646534
101699.944398,0.209813548,0.665868924,-0.116038701,0.109813772,0.37449652,0.0633756369
101699.954425,0.240128022,0.686885117,-0.347518137,0.170585498,0.365493894,0.0596918687
101699.964453,0.308335881,0.643766106,-0.553413342,0.223746464,0.328789413,0.0552747548
101699.974480,0.302964125,0.602699059,-0.719847475,0.253581852,0.27139616,0.0496879742
101699.984508,0.240724819,0.561633182,-0.785455381,0.248168707,0.205581442,0.0413339064
101699.994535,0.142407068,0.463664975,-0.705538964,0.224936619,0.149575159,0.0461110845
101700.004563,0.0720493372,0.345855757,-0.576210573,0.18741934,0.110855207,0.0608836338
101700.014590,-0.0169131409,0.24049101,-0.437811864,0.133654386,0.0772213489,0.0758364871
101700.024618,-0.110454179,0.22274288,-0.34085488,0.0775865912,0.0445893668,0.0816032961
101700.034645,-0.155532507,0.28907267,-0.331761765,0.031882219,0.0112516489,0.0769821778
101700.044673,-0.146667648,0.358354296,-0.349648719,0.018699307,-0.0172958393,0.0680376887
101700.054700,-0.0942179144,0.439234882,-0.417361196,0.0352444611,-0.0335467122,0.0520797595
101700.064728,-0.0434796608,0.493095652,-0.418196186,0.080255881,-0.0435506105,0.0352725461
101700.074755,0.0117190794,0.493477929,-0.44982788,0.139353022,-0.0526626185,0.0128697716
101700.084783,0.0631043987,0.486304969,-0.43368777,0.181046665,-0.0548802316,-0.00956629589
101700.094810,0.0614835195,0.460699403,-0.259955589,0.192080677,-0.050785087,-0.0254826788
101700.104838,0.0589490326,0.326384164,-0.114878425,0.175869212,-0.0452510379,-0.0229220483
101700.114865,0.136485277,0.197752815,0.009439444,0.131045818,-0.0500156991,-0.0140385423
101700.124893,0.191634332,0.148137428,0.0346489963,0.0777719468,-0.0693587735,-0.00255818758
101700.134920,0.292118906,0.213458626,-0.0172612237,0.0342558958,-0.101184078,-0.000394368544
101700.144948,0.414192796,0.327977278,-0.12976269,0.0123881483,-0.141251877,-0.00656517968
101700.154975,0.508064673,0.466696305,-0.212947754,0.0282853562,-0.173833251,-0.0183475371
101700.165003,0.560202856,0.550507976,-0.237121241,0.0894531086,-0.180221915,-0.0266765747
101700.175030,0.583891775,0.556998507,-0.167918526,0.183155626,-0.165595308,-0.0321027637
101700.185058,0.497454432,0.495586592,-0.0404947997,0.260121763,-0.123787664,-0.0302867536
101700.195085,0.320476401,0.344852425,0.259084944,0.287118763,-0.0580826811,-0.0173475202
101700.205113,0.138954297,0.200660812,0.589753653,0.259264499,0.0152245527,0.00466883276
101700.215140,-0.011470073,0.0845855781,0.793053581,0.187444374,0.0852241442,0.0317119025
101700.225168,-0.0805985543,0.0159524792,0.875834448,0.0884805247,0.134207129,0.0667268783
101700.235195,-0.0168874219,0.0562380201,0.73383976,-0.00375034148,0.149151191,0.0960330963
101700.245223,0.0667588295,0.206456346,0.415559992,-0.0670321062,0.132850513,0.119274504
101700.255250,0.193112004,0.400893461,0.135662854,-0.10133069,0.104851641,0.136460423
101700.265278,0.283208454,0.593610621,-0.0364911171,-0.121234626,0.0681911036,0.140234113
101700.275305,0.272227626,0.798544872,-0.189050161,-0.124742538,0.0282245073,0.125955313
101700.285333,0.202862998,0.979242508,-0.295334069,-0.110957488,0.00222885981,0.10285718
101700.295360,0.0655903703,1.06619511,-0.308801745,-0.0884567052,0.00261262152,0.0739363208
101700.305388,-0.0909983678,1.17681617,-0.237885212,-0.0779310912,0.0139915096,0.0252766404
101700.315415,-0.240886731,1.29316642,-0.172171507,-0.0709355026,0.0392289571,-0.0292731542
101700.325443,-0.28344577,1.34719787,-0.138523505,-0.0527421199,0.0727464408,-0.0806135759
101700.335470,-0.230696761,1.31294372,-0.154403795,-0.0148711689,0.102043875,-0.122399107
101700.345498,-0.095703769,1.22280898,-0.257994226,0.0380892493,0.120582134,-0.15800716
101700.355525,0.0486491724,1.15125561,-0.338978857,0.0852327943,0.123079918,-0.191142485
101700.365553,0.115992524,1.02661275,-0.324543797,0.114733167,0.120831408,-0.219969869
101700.375581,0.132309452,0.811380973,-0.252098446,0.123396963,0.1127607,-0.234318182
101700.385608,0.185213944,0.56239569,-0.13969021,0.109532543,0.114604674,-0.226923123
101700.395636,0.170219789,0.290932034,0.0458861374,0.0605974868,0.128696248,-0.207098544
101700.405663,0.119344757,0.0988470355,0.237018658,-0.0139816739,0.143209144,-0.182928503
101700.415691,0.117122405,0.0158273915,0.257272049,-0.091796577,0.149077684,-0.161067411
101700.425718,0.166779293,-0.00329144276,0.141845927,-0.141035497,0.143275455,-0.143450335
101700.435746,0.27921617,0.0579097527,-0.0742190824,-0.14286536,0.129208371,-0.124929368
101700.445773,0.436212904,0.0784919374,-0.326502237,-0.100161567,0.112831004,-0.100047193
101700.455801,0.572946603,0.0811725548,-0.459198058,-0.0443486348,0.0950855613,-0.0788865164
101700.465828,0.536084899,0.121088386,-0.527397442,-0.0104668336,0.0673010722,-0.0659259781
101700.475856,0.317673619,0.0730064918,-0.509751019,-0.0030890787,0.042050045,-0.0661962852
101700.485883,0.30335517,0.122392162,-0.389533571,-0.0245735981,0.0279083904,-0.0690535903
101700.495911,0.243922154,0.0255786779,-0.322820334,-0.0392393619,0.0190757494,-0.0683374703
101700.505938,0.299262348,-0.0266962837,-0.334202729,-0.0436391681,0.0165662542,-0.057634227
101700.515966,0.331926016,-0.0821793938,-0.288566767,-0.03916426,0.0308820754,-0.0439413115
101700.525993,0.325117505,-0.1457669,-0.255251357,-0.0210702084,0.0434993356,-0.0252105016
101700.536021,0.343275093,-0.172865335,-0.313517668,-0.0135132233,0.0434130505,-0.0146792978
101700.546048,0.285195244,-0.137971716,-0.296333893,-0.00993926171,0.0373362489,-0.0167027675
101700.556076,0.244124983,-0.106725806,-0.309877558,0.00858355686,0.0332685374,-0.0125141479
101700.566103,0.272554958,-0.150963299,-0.349457581,0.0372841768,0.037564747,0.000325216912
101700.576131,0.347828518,-0.203062612,-0.310085355,0.0625280142,0.0497758724,0.0210587252
101700.586158,0.317564897,-0.243509481,-0.229134334,0.069316417,0.0644581467,0.0416396335
101700.596186,0.291274856,-0.249023861,-0.189689628,0.0659704208,0.0766322538,0.0654000938
101700.606213,0.267659003,-0.27669805,-0.179743988,0.0470603742,0.0834696516,0.0939276069
101700.616240,0.245955705,-0.262137902,-0.114698977,0.0175781175,0.0887043625,0.120651096
101700.626267,0.206965757,-0.200735631,-0.101284199,-0.020721335,0.0889139548,0.139037818
101700.636295,0.142658997,-0.0748249394,-0.125079209,-0.0610280149,0.085105367,0.157314569
101700.646322,0.11926117,-0.00682838472,-0.144576521,-0.0903147906,0.0816573724,0.176825687
101700.656350,0.172868842,0.0857575445,-0.225574304,-0.0980398208,0.0761528835,0.201798677
101700.666377,0.239869079,0.191060917,-0.343090968,-0.100406043,0.0623609088,0.223902375
101700.676405,0.248280349,0.330735637,-0.442334894,-0.113204926,0.0379309319,0.235071674
101700.686432,0.217725052,0.478125462,-0.476949696,-0.132395402,0.00747076003,0.231678545
101700.696460,0.19264614,0.619456717,-0.445520831,-0.141799569,-0.0148382746,0.229235098
101700.706487,0.184416072,0.680196725,-0.436517148,-0.137060195,-0.0264384709,0.222811282
101700.716515,0.204001647,0.743542531,-0.38918578,-0.126581192,-0.0347778909,0.210656613
101700.726542,0.188458041,0.791658912,-0.331181919,-0.119102761,-0.0370708741,0.191186517
101700.736570,0.19732816,0.78885496,-0.233314835,-0.111226998,-0.0316470787,0.172226131
101700.746597,0.211515676,0.732569886,-0.0912485432,-0.109411791,-0.0197787043,0.151516333
101700.756625,0.200532509,0.668168433,0.0508273932,-0.113227561,0.00482331123,0.13093996
101700.766652,0.156582308,0.598302285,0.197870597,-0.113132223,0.0420828015,0.111373171
101700.776680,0.133914549,0.523391129,0.309581497,-0.106864206,0.0843109488,0.0903059691
101700.786707,0.0992488943,0.458691862,0.335263636,-0.0993671417,0.127202749,0.0686752424
101700.796735,0.0688736297,0.375522873,0.321596053,-0.0943651944,0.161074162,0.0473885983
101700.806762,0.092285485,0.324792803,0.29084611,-0.0895944089,0.179513618,0.0257429592
101700.816790,0.141509242,0.294116802,0.199816178,-0.0886718854,0.17256704,-0.00585491396
101700.826817,0.179952663,0.335505043,-0.0014367548,-0.0833476931,0.143860027,-0.0370740891
101700.836845,0.224274035,0.315097338,-0.177976394,-0.0658925399,0.119227387,-0.0582459494
101700.846872,0.286133402,0.218968914,-0.22599779,-0.0465121865,0.105768837,-0.0681401268
101700.856900,0.250402163,0.149736972,-0.209500244,-0.0290975086,0.10052827,-0.0728355497
101700.866927,0.203165196,0.102130295,-0.174476569,-0.0174003728,0.0961625502,-0.0818711221
101700.876955,0.14255729,0.0770221571,-0.21570056,-0.00582680851,0.0888061002,-0.0880794823
101700.886982,0.161546653,0.0399400885,-0.24450726,0.0103359167,0.0760117397,-0.0920702294
101700.897010,0.173367439,0.0238122527,-0.256801217,0.0167541355,0.0645178035,-0.0972002745
101700.907037,0.168381467,-0.000464987163,-0.21438597,0.0140411723,0.0507686995,-0.0974998847
101700.917065,0.176422735,-0.0471814379,-0.14902444,0.00606846716,0.0483598709,-0.0949658826
101700.927092,0.159119718,-0.0651046326,-0.0788601862,-0.0043503521,0.053624142,-0.0897934884
101700.937120,0.134627666,-0.0568476764,-0.0606260259,-0.0203434322,0.0668869466,-0.0846970007
101700.947147,0.0982096143,-0.00272971722,-0.0849178788,-0.043091625,0.0823090523,-0.0831494406
101700.957175,0.0927846667,0.101548696,-0.173662915,-0.0490444079,0.0953599885,-0.0788160041
101700.967202,0.181455468,0.20579496,-0.304727335,-0.0351070203,0.105559096,-0.0701711178
101700.977230,0.299645794,0.275522284,-0.47353638,-0.00540771428,0.110566638,-0.0587165952
101700.987257,0.422694082,0.365322674,-0.630985242,0.0378023386,0.100990973,-0.0420979336
101700.997285,0.547469632,0.440654978,-0.794700179,0.0824467763,0.0746110305,-0.0215748176
101701.007313,0.620474078,0.476922516,-0.900055574,0.103053249,0.0269777346,-0.00648721028
101701.017340,0.629838118,0.523557718,-0.908722572,0.10000553,-0.0350467525,0.00794898719
101701.027368,0.598301993,0.500317128,-0.815370042,0.0851442888,-0.0938690603,0.0280750282
101701.037395,0.588117284,0.473320107,-0.691992084,0.0624498948,-0.142146036,0.0509257503
101701.047423,0.548417142,0.445671637,-0.543036033,0.0374675803,-0.185025334,0.0782327354
101701.057450,0.531729042,0.471169651,-0.38545653,0.011566475,-0.223398015,0.0974908546
101701.067478,0.472410007,0.520429064,-0.294390358,-0.00573448418,-0.262799501,0.104880594
101701.077505,0.429054265,0.584826426,-0.202664845,-0.00873826351,-0.292160332,0.101119146
101701.087533,0.367915613,0.630000908,-0.0824304459,0.00171783939,-0.297408611,0.0929126143
101701.097560,0.274794846,0.6160057,0.0855535464,0.00933634397,-0.277289778,0.0803443566
101701.107588,0.1489391,0.593686608,0.314628844,0.0112740602,-0.242419124,0.059891548
101701.117615,0.00786532655,0.59226096,0.483484943,0.00390402833,-0.191877112,0.0306955781
101701.127643,-0.0916565394,0.568947304,0.577312689,0.00923088286,-0.133176252,0.00251747016
101701.137670,-0.114471013,0.540264523,0.578959872,0.0305867717,-0.0683266819,-0.0221319497
101701.147698,-0.0924111572,0.509362312,0.544687892,0.0532034002,-0.00242782524,-0.0447448492
101701.157725,-0.12302666,0.471994119,0.486591092,0.0725075901,0.0517376773,-0.0651310831
101701.167753,-0.0938888285,0.431380662,0.352872358,0.0857738629,0.0902440548,-0.0755230039
101701.177780,-0.0585498041,0.370698814,0.185657012,0.095526889,0.112143762,-0.0881250799
101701.187808,-0.0949053121,0.351780763,-0.0274652223,0.105071127,0.117535599,-0.105340816
101701.197835,-0.10669921,0.362269716,-0.237258604,0.114063025,0.110542402,-0.117428109
101701.207863,-0.0658393766,0.309668591,-0.383775445,0.130068883,0.0870855451,-0.126930803
101701.217890,0.000503273347,0.256818168,-0.515992836,0.150860444,0.0548122935,-0.13262783
101701.227918,0.109268768,0.154151574,-0.584317599,0.176155955,0.0181331113,-0.125692964
101701.237945,0.219576817,-0.0312526319,-0.574224368,0.197969899,-0.0243941098,-0.108567506
101701.247973,0.315983766,-0.177169754,-0.514962324,0.209343463,-0.0763364062,-0.0913261995
101701.258000,0.387928473,-0.315956293,-0.419937477,0.206099465,-0.134139776,-0.0712331831
101701.268028,0.448700045,-0.40308688,-0.284361716,0.189931422,-0.189087182,-0.057389006
101701.278055,0.46378714,-0.474047545,-0.126562141,0.173758566,-0.235556945,-0.0504275039
101701.288083,0.500195839,-0.544434209,0.0298547478,0.17345497,-0.260236472,-0.0447392575
101701.298110,0.581939472,-0.637408261,0.20094372,0.197505981,-0.264612854,-0.0397985615
101701.308138,0.654811816,-0.706718821,0.352948346,0.249769181,-0.247992307,-0.0422350876
101701.318165,0.676207655,-0.78944825,0.444265862,0.322509974,-0.214376569,-0.0465057343
101701.328193,0.658998746,-0.941017114,0.619803631,0.397948027,-0.148647889,-0.0367002413
101701.338220,0.596059767,-1.18018798,0.909177914,0.460410327,-0.0499945432,-0.0202754606
101701.348248,0.483050059,-1.40524148,1.22041975,0.50419265,0.0741849244,0.00351482397
101701.358275,0.305222133,-1.58587861,1.48570881,0.518709838,0.230308488,0.0279088467
101701.368303,0.115627782,-1.76883367,1.69384331,0.50756979,0.393816173,0.0498322546
101701.378330,-0.0138005618,-1.86688108,1.73653212,0.482761174,0.549714983,0.0737658143
101701.388358,-0.0415314493,-1.88979493,1.60747494,0.463236481,0.678676188,0.100303687
101701.398385,0.0420312155,-1.8685762,1.26079472,0.458640128,0.753120601,0.14125964
101701.408413,0.209110952,-1.81148214,0.715469991,0.462536067,0.779048026,0.20817928
101701.418441,0.389689053,-1.67124716,0.186531456,0.472879231,0.747641385,0.274552166
101701.428468,0.469248328,-1.36294343,-0.343165787,0.454502374,0.665491104,0.325545847
101701.438496,0.425423799,-1.02840781,-0.698961923,0.419033587,0.562725306,0.368218482
101701.448523,0.41748833,-0.774302703,-0.901255597,0.374634445,0.479758233,0.417582572
101701.458551,0.37138475,-0.567804564,-0.855301655,0.303961605,0.435007006,0.467529356
101701.468578,0.154883688,-0.326126682,-0.696307025,0.20164986,0.409317106,0.503103077
101701.478606,-0.0357744932,0.0594181114,-0.763622319,0.105699636,0.375387907,0.534854889
101701.488633,-0.0315460619,0.509674154,-1.02831487,0.0353575572,0.319623977,0.569583058
101701.498661,0.176335641,0.958279507,-1.3862866,-0.0111968936,0.217474446,0.588686705
101701.508688,0.396317532,1.47749247,-1.811597,-0.0263827704,0.0616009608,0.590137303
101701.518716,0.627960634,1.9262688,-2.15641816,-0.0225611348,-0.134944588,0.542903781
101701.528743,0.693528208,2.42401578,-2.3842946,0.0157995708,-0.335863054,0.450051546
101701.538771,0.586610971,2.70957402,-2.22517605,0.10860195,-0.471549779,0.334243476
101701.548798,0.458503646,2.64862563,-1.75237734,0.255818844,-0.524708331,0.22325784
101701.558826,0.203688927,2.45848767,-1.17656599,0.423824877,-0.483371288,0.122765318
101701.568853,-0.0986743092,2.17379687,-0.442080919,0.56968087,-0.372738779,0.0367492102
101701.578881,-0.295850494,1.8875755,0.223587806,0.653116643,-0.240839869,-0.0354807787
101701.588908,-0.409406146,1.59547062,0.700976186,0.655390978,-0.119074546,-0.0827505589
101701.598936,-0.403945542,1.32353818,1.01327103,0.582697034,-0.0241163429,-0.109955281
101701.608963,-0.260512054,1.11728437,1.07022276,0.464952886,0.026193168,-0.111792594
101701.618991,0.00562777675,0.973752386,0.929994785,0.344007015,0.0472553112,-0.0875714123
101701.629019,0.233482593,0.868605373,0.716230454,0.251018226,0.0499568209,-0.0565953851
101701.639047,0.416421578,0.867577492,0.375868033,0.208379135,0.0279937312,-0.0326735415
101701.649074,0.570512654,0.90575437,-0.0201753575,0.209795669,-0.0112221157,-0.0169337261
101701.659102,0.661211162,0.990801428,-0.275839387,0.230470315,-0.0647042468,-0.0189609248
101701.669129,0.645023997,1.08983083,-0.421080217,0.25685215,-0.099458769,-0.038613189
101701.679157,0.50367316,1.03207423,-0.277539761,0.261075109,-0.0938229859,-0.0519883819
101701.689184,0.289982479,0.791418965,0.0426063851,0.246427715,-0.0540974103,-0.0455448627
101701.699212,0.115640057,0.586937719,0.255071324,0.229826629,-0.0058670314,-0.0372733511
101701.709238,-0.113041273,0.488424737,0.259800106,0.194643885,0.0477770232,-0.0352783799
101701.719267,-0.350023983,0.389934553,0.258871885,0.141605958,0.0859750062,-0.0350482799
101701.729294,-0.418089803,0.367330214,0.0897223565,0.0933249891,0.0813333839,-0.0364720076
101701.739322,-0.378373294,0.446099215,-0.242322902,0.0703024939,0.0490204543,-0.0510818437
101701.749349,-0.324343013,0.507276737,-0.523673161,0.0837378725,0.00290701911,-0.0766276792
101701.759377,-0.247841957,0.585193798,-0.779895409,0.134990409,-0.0577755012,-0.11040695
101701.769404,-0.123860773,0.606201222,-0.975574048,0.215313211,-0.11534372,-0.136043608
101701.779432,-0.0436234531,0.495991958,-0.976761212,0.298663765,-0.140987575,-0.15046595
101701.789459,-0.0112590606,0.283567351,-0.749561645,0.363274455,-0.154198438,-0.150257692
101701.799487,-0.00173427645,0.0866919028,-0.528307835,0.380098701,-0.169827476,-0.137948826
101701.809514,-0.00531038137,-0.0884963218,-0.278771933,0.358037084,-0.174792409,-0.114817679
101701.819542,0.0151186587,-0.300373232,-0.0413391416,0.309902847,-0.158747122,-0.0824600086
101701.829570,-0.013564415,-0.446883644,0.19377076,0.246184841,-0.135892943,-0.0432127342
101701.839597,0.00891278977,-0.527479568,0.285112242,0.177336261,-0.116710991,-0.00416839588
101701.849625,0.0530494531,-0.523716416,0.226978033,0.115609787,-0.112662986,0.0356988609
101701.859652,0.144870243,-0.433113477,0.0569663343,0.0619169958,-0.132047072,0.0747162998
101701.869679,0.226109434,-0.332187882,-0.10281214,0.0100428807,-0.17184189,0.10413757
101701.879707,0.318406024,-0.192839324,-0.220303962,-0.03098711,-0.225185797,0.128025591
101701.889735,0.431850033,-0.0187874103,-0.273754982,-0.0599172972,-0.276962191,0.140408486
101701.899762,0.408433501,0.0941138695,-0.278966579,-0.0838151723,-0.31972909,0.146287948
101701.909790,0.352516968,0.155223003,-0.227034147,-0.10669066,-0.345972955,0.140625536
101701.919817,0.311816709,0.265099966,-0.215864518,-0.115101717,-0.370020241,0.11673139
101701.929845,0.251447288,0.360169529,-0.276729614,-0.110404171,-0.385285199,0.0881519467
101701.939872,0.251924843,0.355542454,-0.288001534,-0.0965994075,-0.385061502,0.0616809241
101701.949900,0.331190687,0.358115519,-0.197737326,-0.0733303055,-0.373437613,0.0401367508
101701.959926,0.422574839,0.310898425,-0.132160399,-0.039004378,-0.351955861,0.031315513
101701.969955,0.547865937,0.252994518,-0.0679471625,0.00566082727,-0.324024886,0.0317283049
101701.979982,0.622563159,0.195560274,0.00640402182,0.0500152409,-0.29919517,0.0375478417
101701.990010,0.651192456,0.0880149681,0.0554009847,0.0870907009,-0.282261461,0.0462760888
101702.000037,0.672766575,0.0198810508,0.0996107133,0.112898067,-0.270095885,0.0603226647
101702.010065,0.620219811,-0.0394783162,0.157248079,0.127501771,-0.269559264,0.0709420145
101702.020092,0.584226706,-0.0992585389,0.215119253,0.122427389,-0.271095097,0.0918869823
101702.030120,0.549441224,-0.179819392,0.273767257,0.106047086,-0.272265017,0.117407784
101702.040147,0.515092964,-0.263642753,0.386666491,0.0764063671,-0.259043753,0.143517151
101702.050175,0.44363867,-0.292014861,0.489566016,0.0327869877,-0.248054758,0.152118102
101702.060202,0.282203661,-0.228951671,0.546253534,-0.00670689298,-0.235468924,0.147551313
101702.070230,0.228557996,-0.166847389,0.524396215,-0.0201366805,-0.21203284,0.132456779
101702.080257,0.187668936,-0.0782385472,0.458185374,0.00156328757,-0.182768703,0.114507332
101702.090285,0.196526781,-0.0160664609,0.358292337,0.0576577149,-0.142817557,0.10644941
101702.100312,0.300339037,0.00365735346,0.26652883,0.124381617,-0.105263524,0.103452817
101702.110340,0.39611821,0.103526425,0.164743987,0.164363384,-0.0908062831,0.0877518952
101702.120367,0.378569109,0.221277191,0.124886024,0.169550166,-0.0855473429,0.0646063536
101702.130395,0.342261532,0.278706467,0.148617905,0.168879837,-0.0756246671,0.0591442138
101702.140422,0.381242712,0.198729844,0.151721717,0.169225782,-0.0531662367,0.0683576912
101702.150450,0.365240256,0.144145144,0.126914023,0.164966866,-0.0272925608,0.0834253132
101702.160477,0.337160994,0.138335873,0.0878679608,0.145260528,-0.0141919367,0.0985901654
101702.170505,0.309621829,0.184993287,0.0555441926,0.122229248,-0.00846720673,0.108267292
101702.180532,0.280250774,0.220670457,0.00629004005,0.11069537,-0.0100432653,0.115280181
101702.190559,0.2730179,0.275890533,-0.0793283883,0.114993177,-0.0156801119,0.124611378
101702.200587,0.255386381,0.310040347,-0.183022279,0.136578634,-0.022954803,0.131616816
101702.210614,0.194904732,0.336446708,-0.248698866,0.15420875,-0.0325286016,0.135839269
101702.220642,0.114722358,0.388837113,-0.232209212,0.157623991,-0.0394917019,0.133061856
101702.230670,0.0249164146,0.429921695,-0.132689976,0.146785989,-0.0402459092,0.122943699
101702.240697,0.00670563512,0.450102313,0.00734217946,0.128115907,-0.035720665,0.102036029
101702.250725,-0.0146288293,0.504619793,0.132017776,0.107453234,-0.0175054427,0.07166107
101702.260752,-0.013646248,0.532653171,0.235042682,0.106522724,0.0222638082,0.0423979908
101702.270780,0.0246118787,0.536551932,0.25505145,0.129062116,0.0725871697,0.0171746612
101702.280806,0.0221422737,0.572985181,0.23676176,0.157150477,0.132382065,-0.0175830536
101702.290835,-0.0537725067,0.618007103,0.206652746,0.186447918,0.189653069,-0.0617901944
101702.300863,-0.165827691,0.642439826,0.154468093,0.215220183,0.251682609,-0.0935398638
101702.310890,-0.186638424,0.517055204,0.1181611,0.243501619,0.317116767,-0.102390617
101702.320918,-0.109583241,0.35762569,0.0377870021,0.2630018,0.357616514,-0.0862374753
101702.330945,-0.0716056851,0.17821371,-0.0927624548,0.248057216,0.364862978,-0.0394800976
101702.340973,0.0309790756,-0.000105506201,-0.216213478,0.197054759,0.325307578,0.0298478454
101702.351000,0.151180157,-0.100024555,-0.394716526,0.121129096,0.227225214,0.113064438
101702.361028,0.258483178,-0.066203826,-0.650693859,0.023500545,0.0822768137,0.192769662
101702.371055,0.276445536,0.111044838,-0.828348766,-0.0960050821,-0.080564566,0.254529417
101702.381083,0.167968795,0.364294208,-0.770917152,-0.219838336,-0.236745119,0.290095687
101702.391110,0.00357318231,0.586804448,-0.596502835,-0.329663634,-0.352997154,0.298938185
101702.401138,-0.178853761,0.765015819,-0.366024685,-0.393848479,-0.423953354,0.2835491
101702.411165,-0.346142173,0.931233094,-0.157840784,-0.422231406,-0.447047234,0.252848953
101702.421193,-0.407016036,0.932810134,0.0867146991,-0.397000879,-0.424129665,0.20243454
101702.431220,-0.448240027,1.05529348,0.194784321,-0.318087161,-0.359933347,0.129580036
101702.441247,-0.476239794,1.1312974,0.272016029,-0.187667891,-0.270010918,0.0484593473
101702.451275,-0.424026207,1.17613374,0.263249954,-0.0224190094,-0.172120586,-0.0451981686
101702.461302,-0.425709046,1.19588649,0.229206231,0.148491487,-0.0703918263,-0.133435354
101702.471330,-0.41959144,1.08448743,0.257772984,0.292966366,0.0224896427,-0.208882973
101702.481358,-0.346279535,0.868755303,0.331228097,0.376770198,0.092413336,-0.264220536
101702.491385,-0.311571795,0.637618981,0.426563325,0.389723808,0.134817779,-0.291713417
101702.501413,-0.205605575,0.368088632,0.513139492,0.338727474,0.156038389,-0.296716958
101702.511440,-0.0937836146,0.119167647,0.617990444,0.241509035,0.168250844,-0.274097383
101702.521468,0.0424754522,-0.0971729648,0.638206718,0.134138644,0.163409486,-0.224590823
101702.531494,0.270450095,-0.225870656,0.496597523,0.0252760742,0.136709169,-0.169910535
101702.541523,0.400536026,-0.218089793,0.296483531,-0.0620559044,0.0930892453,-0.121295869
101702.551549,0.516921349,-0.0943336497,0.0123927408,-0.104618542,0.033652816,-0.0841378421
101702.561578,0.590308656,0.0576952331,-0.232213303,-0.0971808657,-0.0282925777,-0.0610900484
101702.571605,0.56263739,0.179693427,-0.37007396,-0.0630711019,-0.0765152276,-0.0581427328
101702.581633,0.492038252,0.281469502,-0.31649756,-0.0271344017,-0.101810463,-0.0720958263
101702.591660,0.357116571,0.339131709,-0.124289227,-0.00495639723,-0.0997001752,-0.0902878791
101702.601688,0.267255683,0.306325711,0.133285019,0.00201096479,-0.0698695779,-0.111626461
101702.611715,0.207618668,0.23010844,0.397018958,-0.00728479866,-0.0259971991,-0.130906671
101702.621742,0.205608497,0.187095228,0.547554972,-0.0134444237,0.0272290055,-0.134756282
101702.631769,0.260213363,0.114890116,0.599437135,-0.0080922693,0.0836499408,-0.13409768
101702.641797,0.296906725,0.0724140788,0.560617867,0.0159408953,0.137389332,-0.128693864
101702.651824,0.326617388,0.0515408021,0.389164153,0.0457328781,0.174335375,-0.115930125
101702.661852,0.406726113,-0.0125064304,0.242677707,0.0716861784,0.18896997,-0.089908123
101702.671879,0.47632455,-0.0814697842,0.14042437,0.0772079825,0.182681188,-0.0567080863
101702.681907,0.488262825,-0.0988604795,0.032911505,0.0479536876,0.157001659,-0.0272236951
101702.691934,0.396800347,-0.062838149,-0.0158586634,0.00107033644,0.112699702,-0.0144674201
101702.701962,0.213113758,0.0384784915,-0.0719230804,-0.0473541878,0.0655492321,-0.0154152401
101702.711989,0.0157207162,0.128159931,-0.0705646516,-0.0770207345,0.0468596965,-0.0290660709
101702.722017,-0.169858554,0.168554193,-0.00645779784,-0.0694656149,0.0537197329,-0.0454309285
101702.732044,-0.337408247,0.202770644,0.060109893,-0.0428518467,0.0892596245,-0.064335376
101702.742072,-0.4982751,0.232951262,0.163407186,-0.0152071705,0.135244951,-0.0981998742
101702.752099,-0.591964607,0.288378258,0.19004151,0.00941375364,0.180112034,-0.136641532
101702.762127,-0.612362083,0.291677884,0.191650115,0.0405173451,0.212922975,-0.169482559
101702.772154,-0.522744356,0.279297126,0.0555284105,0.0777430087,0.229711801,-0.199359238
101702.782182,-0.444679704,0.250336405,-0.10627777,0.107675076,0.238285586,-0.221576929
101702.792209,-0.377435721,0.16859774,-0.15862755,0.132898942,0.236089006,-0.235534281
101702.802237,-0.255228561,0.0137106916,-0.208078102,0.145549223,0.228442013,-0.231330216
101702.812264,-0.113881231,-0.0996152434,-0.269891877,0.145423517,0.211547717,-0.21829538
101702.822292,-0.0334375747,-0.122660311,-0.359495575,0.115086384,0.184977353,-0.19940798
101702.832319,0.0756540837,-0.180487938,-0.3912281,0.101592682,0.140235722,-0.174475193
101702.842347,0.164898886,-0.277720086,-0.507533927,0.0579354838,0.0876034051,-0.151485726
101702.852374,0.247782921,-0.176812173,-0.542163926,0.0346173756,0.0272399243,-0.143514082
101702.862402,0.196831317,-0.157147249,-0.608890023,0.0176064372,-0.0158920996,-0.140639737
101702.872429,0.157203071,-0.174194684,-0.476240379,0.0219921302,-0.0189374257,-0.136354968
101702.882457,0.11012217,-0.224845113,-0.302576587,0.0446015671,0.0191087611,-0.124705508
101702.892484,0.0420253703,-0.283556976,-0.0968915175,0.0685412511,0.0816072971,-0.108707637
101702.902512,0.0103442839,-0.29939635,-0.0464127916,0.0803209469,0.134418041,-0.0882460326
101702.912540,0.0860416222,-0.247128987,-0.16980244,0.0770886689,0.151693702,-0.0667138547
101702.922567,0.201550746,-0.151161014,-0.420999553,0.071750097,0.131568462,-0.0483809114
101702.932595,0.40589843,-0.0443095357,-0.711336836,0.0709402338,0.0675884187,-0.0275217034
101702.942622,0.584545271,0.0503102374,-1.0198697,0.092154175,-0.0237231255,-0.00563930813
101702.952650,0.707943687,0.123199825,-1.22995973,0.122663081,-0.124722168,0.0143370628
101702.962677,0.727065736,0.155763832,-1.24583008,0.14438346,-0.21397981,0.0330986753
101702.972705,0.672858345,0.145788527,-1.01656774,0.155160472,-0.272908896,0.0572008118
101702.982732,0.701388858,0.114720312,-0.697121264,0.15605849,-0.311034977,0.081784986
101702.992760,0.670472326,0.0735841455,-0.355047948,0.134896487,-0.3365843,0.108403549
101703.002787,0.638708238,0.114460784,-0.0640524932,0.111230567,-0.357038438,0.123474114
101703.012815,0.554574495,0.195761934,0.0860474674,0.112050824,-0.37618202,0.12701425
101703.022842,0.439511361,0.188589704,0.239067699,0.136291713,-0.369466871,0.137080997
101703.032870,0.368344652,0.0803010327,0.461930114,0.181594744,-0.333444417,0.158888549
101703.042897,0.273037189,-0.019032325,0.693396106,0.214885861,-0.279699445,0.185000315
101703.052925,0.0833645119,-0.0335949572,0.988510687,0.209846616,-0.212694302,0.205873907
101703.062952,-0.142535078,-0.0176347332,1.24170453,0.159452692,-0.156795621,0.209740818
101703.072980,-0.347010772,0.0742123604,1.3161884,0.092690438,-0.118830115,0.194858268
101703.083007,-0.526236874,0.224367558,1.2417998,0.0255934298,-0.0803618208,0.164906502
101703.093035,-0.697854839,0.373626538,1.19917121,-0.027852485,-0.0326121449,0.124471731
101703.103062,-0.807586549,0.521994706,1.1013427,-0.0493141003,0.024151003,0.0815868452
101703.113090,-0.811121153,0.676408146,0.934344797,-0.0411206186,0.0779425949,0.0361639708
101703.123117,-0.796857649,0.866064311,0.719411422,-0.00911474973,0.130123764,-0.00869324803
101703.133145,-0.738148855,0.991509138,0.532400073,0.0305253379,0.173673913,-0.0574221686
101703.143172,-0.668242375,1.11904392,0.370668127,0.0608904362,0.199896187,-0.110647842
101703.153200,-0.588075198,1.17128469,0.230972071,0.0768419653,0.204642206,-0.154930353
101703.163227,-0.445157843,1.16083651,0.0968435867,0.0683470145,0.190387905,-0.198140681
101703.173255,-0.347875865,1.10620505,0.0351572381,0.0581825338,0.16422075,-0.222214594
101703.183282,-0.195133865,1.05538072,-0.103837976,0.0578269996,0.138402209,-0.236644655
101703.193310,-0.119008072,0.999477779,-0.170351306,0.0630923361,0.113705657,-0.247325793
101703.203337,-0.172455,0.952467313,-0.147148125,0.0513477959,0.101254575,-0.264653653
101703.213365,-0.257763047,0.871669437,-0.0423205539,0.0378144123,0.107503153,-0.28347528
101703.223392,-0.304745163,0.781387401,0.0316179581,0.0327618606,0.134998947,-0.298212945
101703.233420,-0.336612128,0.690631902,0.0743009155,0.0384860598,0.177944556,-0.303199172
101703.243447,-0.297777662,0.634251843,0.0742605835,0.0326324329,0.220843554,-0.305520386
101703.253475,-0.243803496,0.579612929,0.0220557645,0.0106480354,0.236878708,-0.303144842
101703.263502,-0.138452193,0.544612927,-0.155967391,-0.0229464099,0.223020956,-0.296335667
101703.273530,0.0201192434,0.51357423,-0.365444254,-0.0541418791,0.172415838,-0.287546694
101703.283557,0.210350723,0.488287959,-0.632499446,-0.075321734,0.0903337523,-0.279354841
101703.293585,0.395018724,0.458862251,-0.834914701,-0.0983420983,-0.00582074467,-0.272235394
101703.303612,0.581714431,0.455133001,-0.849526579,-0.114536516,-0.109569244,-0.27357018
101703.313640,0.676117639,0.445719714,-0.792948952,-0.110599034,-0.195223436,-0.284937888
101703.323667,0.683278032,0.39832551,-0.622013708,-0.0802360699,-0.241926491,-0.291822672
101703.333695,0.714493254,0.274466637,-0.343364525,-0.0278183967,-0.257229269,-0.300459057
101703.343722,0.725311586,0.151010792,-0.0754419022,0.0149972439,-0.251966089,-0.304211169
101703.353750,0.741934219,0.00511982723,0.242493582,0.0499088913,-0.22792998,-0.301913917
101703.363777,0.799931066,-0.117449298,0.552811577,0.070008032,-0.193458557,-0.294054151
101703.373805,0.828355196,-0.276792304,0.828090992,0.0710501224,-0.148845822,-0.280494392
101703.383832,0.814547035,-0.399551253,1.04950847,0.0579305999,-0.102491356,-0.266175896
101703.393860,0.747464965,-0.519560027,1.2538392,0.0368602015,-0.0473042727,-0.246019259
101703.403887,0.667940178,-0.641041211,1.37914491,0.0208117235,0.0105068292,-0.224209294
101703.413915,0.560015225,-0.717114251,1.4017361,0.00957318395,0.078110911,-0.19992286
101703.423942,0.412962961,-0.779362325,1.39346044,0.00140233955,0.148550972,-0.173930675
101703.433970,0.269409062,-0.813201758,1.31489953,-0.00217561726,0.221047282,-0.145317152
101703.443997,0.125137369,-0.810373111,1.26446756,-0.017969761,0.290313959,-0.119782485
101703.454025,-0.0662380205,-0.784046537,1.21303022,-0.0505908169,0.353886813,-0.0999105051
101703.464052,-0.213600081,-0.779658239,1.09848147,-0.09807951,0.400840759,-0.0755148903
101703.474080,-0.276041631,-0.748366152,0.928583164,-0.149475589,0.430905968,-0.0577145815
101703.484107,-0.323067002,-0.698919545,0.709597299,-0.206137806,0.450152367,-0.0461804345
101703.494135,-0.346788069,-0.61250719,0.432067475,-0.233447716,0.458675563,-0.0282536354
101703.504162,-0.295959799,-0.559562805,0.0568377395,-0.215338767,0.457269669,0.0042875316
101703.514190,-0.208307235,-0.493668776,-0.339401466,-0.178405508,0.449354231,0.0416815057
101703.524217,-0.224458159,-0.384961879,-0.642094373,-0.154367819,0.424271494,0.0629322007
101703.534245,-0.300907777,-0.198306065,-0.864444162,-0.156167582,0.381472647,0.0678614452
101703.544272,-0.373165789,-0.0295972659,-1.0049036,-0.166825548,0.330011845,0.0672968552
101703.554300,-0.368681337,0.0852747294,-1.15365683,-0.176324517,0.272046804,0.0624048933
101703.564327,-0.370577526,0.212108088,-1.29157301,-0.179711789,0.198339313,0.0440250933
101703.574355,-0.355025736,0.373987919,-1.48575001,-0.159346059,0.109355383,0.0176539365
101703.584382,-0.338349911,0.484071218,-1.63795542,-0.124171034,0.025671402,-0.00835582614
101703.594410,-0.333440512,0.498740672,-1.62143859,-0.0739382207,-0.0468414165,-0.0263135191
101703.604437,-0.318532281,0.435816014,-1.49146372,-0.0374398641,-0.0953298509,-0.0329240188
101703.614465,-0.351741308,0.344845557,-1.21233639,-0.0248907842,-0.124060027,-0.0365816057
101703.624492,-0.394226697,0.289236336,-0.877071588,-0.0367836617,-0.144040942,-0.0381382257
101703.634520,-0.36093876,0.259766788,-0.642334027,-0.0567216836,-0.164954737,-0.0380543321
101703.644547,-0.270017549,0.232847802,-0.4964473,-0.0817801654,-0.185770273,-0.0369741544
101703.654575,-0.188858438,0.228914554,-0.357774158,-0.112556718,-0.202930093,-0.0356737301
101703.664602,-0.129544664,0.270610108,-0.245109318,-0.128502399,-0.218621701,-0.042526044
101703.674630,-0.0944990694,0.325567148,-0.189274618,-0.125813931,-0.231689304,-0.0494396091
101703.684657,-0.013550971,0.351530442,-0.202855984,-0.100422025,-0.233794257,-0.0579742417
101703.694685,-0.0247375509,0.361232482,-0.162164492,-0.0652640387,-0.232871741,-0.0644257516
101703.704712,0.00809270556,0.347499725,-0.146893858,-0.041053772,-0.226512641,-0.0637554303
101703.714740,0.0188210203,0.294680573,-0.0502910943,-0.0495468602,-0.215957746,-0.0596589595
101703.724767,-0.00869827024,0.232568693,0.123544547,-0.081483759,-0.204749033,-0.0486696959
101703.734795,0.0245908359,0.136307728,0.217533328,-0.130200163,-0.192516595,-0.0301833618
101703.744822,0.0508154105,0.0831000158,0.307242825,-0.184318796,-0.180759534,-0.00953986682
101703.754850,0.115725982,0.115891109,0.346318698,-0.23864834,-0.175260112,0.00625134632
101703.764877,0.171610951,0.157105309,0.307710443,-0.272737056,-0.178832203,0.0185658038
101703.774905,0.288607683,0.237895441,0.187833771,-0.284393966,-0.197012007,0.0249528624
101703.784932,0.380115169,0.281720992,0.0529348869,-0.276034594,-0.218159914,0.0321396664
101703.794960,0.454004581,0.337965004,-0.0238227741,-0.242817253,-0.2429353,0.0313726813
101703.804987,0.491958172,0.409269222,-0.0807207194,-0.207237691,-0.261745483,0.0261715259
101703.815015,0.461651881,0.426898986,0.053766077,-0.183442339,-0.262715667,0.0196702164
101703.825042,0.422411758,0.397541813,0.254716519,-0.17840445,-0.252430797,0.0179588683
101703.835070,0.366324544,0.368321125,0.453839746,-0.188699692,-0.213423476,0.0172222387
101703.845097,0.288260477,0.316706527,0.66929393,-0.198025554,-0.157702953,0.0187285226
101703.855125,0.21140637,0.264153771,0.756904409,-0.200667664,-0.0988026112,0.022948835
101703.865152,0.251654794,0.214927822,0.819774415,-0.223707214,-0.0348822251,0.0345029607
101703.875180,0.265391643,0.186546654,0.922332872,-0.262875646,0.0183080286,0.041777119
101703.885207,0.280699686,0.174028387,0.899666867,-0.311532646,0.0574524999,0.0471369922
101703.895235,0.337290173,0.266774621,0.741107121,-0.352253467,0.0791234449,0.0453015417
101703.905262,0.345877969,0.347058265,0.480624293,-0.377811015,0.0901710317,0.0367333554
101703.915290,0.40114276,0.452980353,0.193708801,-0.386060685,0.0845190063,0.0202217568
101703.925317,0.485178887,0.548144316,-0.0691290658,-0.36913231,0.0652182773,-0.00549452566
101703.935345,0.585821866,0.604668313,-0.352595879,-0.311956376,0.0347573049,-0.0351658687
101703.945373,0.742392484,0.646093672,-0.556143352,-0.225708306,0.0010105297,-0.0616675168
101703.955400,0.806545515,0.606894465,-0.616883944,-0.124826439,-0.0254005715,-0.0858727172
101703.965428,0.753866649,0.478388204,-0.481097171,-0.052532088,-0.035980843,-0.10529007
101703.975455,0.612187311,0.293386442,-0.185343708,-0.0324547812,-0.0333419181,-0.11999765
101703.985483,0.378442852,0.108828916,0.164383922,-0.0535640642,-0.0226155035,-0.13741605
101703.995510,0.129304425,-0.0522321454,0.41544075,-0.0982252806,0.00335857272,-0.144922972
101704.005537,-0.129438281,-0.233829068,0.555418545,-0.130510777,0.0460796691,-0.141856074
101704.015565,-0.335733007,-0.421877651,0.553176319,-0.135200337,0.0921680704,-0.130804226
101704.025592,-0.465974421,-0.568731031,0.448159363,-0.106196918,0.121743806,-0.099998638
101704.035620,-0.451148608,-0.722281863,0.232590612,-0.0619721934,0.120307297,-0.0524385795
101704.045647,-0.333334714,-0.850151871,-0.0353530529,-0.0304259863,0.0670768321,0.0092330426
101704.055675,-0.128331196,-0.894688932,-0.249920517,-0.0360585712,-0.030068893,0.0815407932
101704.065703,-0.00869593215,-0.848338976,-0.347308294,-0.0844245106,-0.151185989,0.144478485
101704.075730,0.0509381601,-0.735881349,-0.302929638,-0.175734445,-0.272062361,0.190044373
101704.085758,-0.0034527708,-0.530718111,-0.14731939,-0.280451804,-0.377439648,0.20163925
101704.095785,-0.205909526,-0.271865661,0.00665478171,-0.362837225,-0.431720465,0.19556804
101704.105813,-0.427368503,-0.124257809,0.192917943,-0.387001961,-0.411535561,0.194798917
101704.115840,-0.606807371,-0.0582194031,0.389212376,-0.363602102,-0.335194439,0.195986956
101704.125868,-0.787633894,0.0124563076,0.536373653,-0.325973749,-0.232992172,0.18656069
101704.135895,-0.957616367,0.133501,0.610483429,-0.288365394,-0.119478665,0.159539998
101704.145923,-1.09247609,0.31499344,0.640770431,-0.254293978,-0.00419974467,0.110969797
101704.155950,-1.06347971,0.452846497,0.577355944,-0.216669366,0.0864571854,0.0581609048
101704.165978,-0.835934691,0.59755965,0.325191155,-0.173653454,0.135566682,-0.000147143379
101704.176005,-0.555318592,0.750326638,-0.0227782335,-0.113087311,0.148456112,-0.0583196394
101704.186033,-0.262052854,0.767784554,-0.299246858,-0.0408978015,0.129871234,-0.0974217653
101704.196060,0.0603004472,0.689579909,-0.491446131,0.0122138839,0.0812368616,-0.126249418
101704.206088,0.305337284,0.63931088,-0.535602668,0.0143982088,0.0284934863,-0.149845019
101704.216115,0.538005638,0.582104599,-0.366541987,0.00839171559,-0.0602433085,-0.174599633
101704.226143,0.717626292,0.580335106,-0.368099737,-0.0302781817,-0.143427938,-0.197086304
101704.236170,0.869966725,0.506843022,-0.154473353,-0.0585377812,-0.216052607,-0.216689035
101704.246198,0.904744024,0.414411407,0.019612463,-0.0721982047,-0.258681566,-0.239419907
101704.256225,0.849717133,0.322653307,0.203540751,-0.0430078246,-0.264110416,-0.24849169
101704.266253,0.879347717,0.215377612,0.400338458,0.0218119174,-0.226397395,-0.244398698
101704.276280,0.90430271,0.055352031,0.666365476,0.0960102454,-0.14333792,-0.216547891
101704.286308,0.842611685,-0.167954182,0.957549147,0.159368724,-0.0459748879,-0.170851231
101704.296335,0.697920305,-0.365210153,1.15032563,0.185840279,0.0444618016,-0.120210424
101704.306363,0.469407318,-0.528286062,1.26067577,0.0975663289,0.125495404,-0.0712586045
101704.316390,0.219530055,-0.671658175,1.51861505,0.0814866945,0.148995399,-0.022206638
101704.326418,-0.090978494,-0.895074716,1.01043698,-0.0476968512,0.179797783,0.0355855525
101704.336445,-0.175180626,-0.902379633,1.28910048,-0.171871796,0.2071338,0.0921486914
101704.346473,-0.274944484,-0.928463484,1.04034317,-0.281102151,0.197328314,0.136413097
101704.356500,-0.461235702,-0.751959354,0.667225307,-0.39173013,0.201215461,0.161880106
101704.366528,-0.587153992,-0.507032115,0.493935025,-0.441424459,0.197198883,0.169869855
101704.376555,-0.806466605,-0.278755274,0.0370142641,-0.434212893,0.208283484,0.16374433
101704.386583,-0.886999108,-0.0635050884,-0.27742461,-0.362733096,0.223034739,0.162312075
101704.396610,-0.882733852,0.0786937436,-0.659452043,-0.262836069,0.227612972,0.163646594
101704.406638,-0.7407529,0.258878023,-0.997695864,-0.186579898,0.178861424,0.145529374
101704.416665,-0.633658553,0.54324953,-1.33105863,-0.164307088,0.0769856572,0.112092048
101704.426693,-0.43931087,0.778209501,-1.60145057,-0.153530866,-0.0773064494,0.0656012446
101704.436720,-0.229827577,0.990479064,-1.7725977,-0.1469028,-0.236638039,0.0052167289
101704.446748,-0.0766810886,1.08713619,-1.73017369,-0.102348119,-0.373219073,-0.0497176275
101704.456775,0.0319330154,1.04173433,-1.56060389,-0.0101457499,-0.456513166,-0.0944715142
101704.466803,0.0876753608,0.840147341,-1.15463531,0.103529148,-0.488834858,-0.130105942
101704.476830,0.111091892,0.696093821,-0.737207775,0.202012852,-0.492665559,-0.163513169
101704.486858,0.126177818,0.481834253,-0.252640005,0.261984557,-0.468764484,-0.180988565
101704.496885,0.156890936,0.228797357,0.272481016,0.277332366,-0.427293479,-0.186065346
101704.506913,0.132832599,-0.00677110157,0.736380384,0.250942558,-0.368123382,-0.179451123
101704.516940,0.0921317557,-0.272918239,1.04490653,0.208172739,-0.298130959,-0.15727365
101704.526968,0.0482277321,-0.505863364,1.21103116,0.163529381,-0.221476406,-0.110574588
101704.536995,0.0552291353,-0.675609543,1.2768717,0.117749095,-0.155555442,-0.0584954061
101704.547023,0.0496703321,-0.70819883,1.2255083,0.0638056993,-0.113557659,-0.0106975231
101704.557050,0.0178016142,-0.657814797,1.11604021,0.0105432831,-0.089550063,0.0304057058
101704.567078,-0.0020616087,-0.562126956,1.03042734,-0.0445047878,-0.0652620345,0.0562796481
101704.577105,-0.0590454787,-0.472230412,0.994167689,-0.0951583833,-0.0397750512,0.0760008842
101704.587133,-0.167315884,-0.340746889,0.928458953,-0.130218625,-0.017867621,0.0750962049
101704.597160,-0.315991365,-0.168478352,0.752922354,-0.139661923,0.00146879349,0.0647868514
101704.607188,-0.407951271,-0.0545632187,0.567786443,-0.117372341,0.0242758375,0.0572197437
101704.617215,-0.423822794,0.00356178413,0.391259664,-0.0712328106,0.0532904454,0.052265197
101704.627243,-0.446063267,0.10874416,0.253555074,-0.0227278527,0.0724247247,0.0393864177
101704.637270,-0.46611003,0.226548263,0.0789262372,0.0158232674,0.0649566874,0.0188467875
101704.647298,-0.471979799,0.322035759,-0.071518299,0.0373338871,0.0455361195,-0.0051456308
101704.657325,-0.448096234,0.305937734,-0.0783782479,0.0452898145,0.0339148827,-0.0165801793
101704.667353,-0.473199111,0.188557848,-0.016456337,0.0462746508,0.0344629623,-0.0185141675
101704.677380,-0.482616928,0.0971859704,0.103586047,0.0325063728,0.0452058874,-0.0147220921
101704.687408,-0.488400188,0.05721914,0.130904262,0.00752991671,0.0403003432,-0.0139782708
101704.697435,-0.438767849,0.124108318,0.00221183083,-0.018155206,0.0140865836,-0.0176129527
101704.707463,-0.337957113,0.186211431,-0.13765549,-0.0386871137,-0.0126060126,-0.0133348517
101704.717490,-0.244078805,0.173440943,-0.196821964,-0.0516734831,-0.0402062163,-0.0121910237
101704.727518,-0.190738845,0.215628664,-0.275729497,-0.0602744296,-0.0754401013,-0.0205554795
101704.737545,-0.174217334,0.29510216,-0.341742769,-0.0567353554,-0.111170672,-0.0394583307
101704.747573,-0.107880529,0.363312065,-0.424141943,-0.0320337377,-0.142796502,-0.0599308498
101704.757600,-0.041535541,0.382617946,-0.443320398,0.00870490354,-0.162810966,-0.0728844702
101704.767628,0.0214724116,0.295630714,-0.386942385,0.0450767614,-0.17645061,-0.0793311745
101704.777655,0.0686637864,0.193992294,-0.266015912,0.0637649596,-0.185454488,-0.079395622
101704.787683,0.0896451996,0.077234777,-0.0833697726,0.0547208637,-0.198709041,-0.0788121223
101704.797710,0.0668675506,0.00950505658,0.023285014,0.032309033,-0.211897284,-0.0724069625
101704.807738,0.136105922,-0.0599282529,0.0780281193,0.0150645319,-0.220585838,-0.0560682006
101704.817765,0.19868542,-0.112186848,0.116592828,0.000947647903,-0.22743389,-0.0387866832
101704.827793,0.229089326,-0.110049982,0.157505853,-0.00853001047,-0.229168683,-0.0186206941
101704.837820,0.252965292,-0.117390408,0.218162274,-0.0208769571,-0.232574597,0.00198578183
101704.847848,0.26197745,-0.113673579,0.279634688,-0.0294912178,-0.227933511,0.0181176141
101704.857875,0.230143804,-0.0920075448,0.332166254,-0.0518385991,-0.221709967,0.0341389254
101704.867903,0.173299634,-0.061447133,0.40428778,-0.0694178641,-0.201341048,0.0412122793
101704.877930,0.108473234,-0.0397932273,0.449331621,-0.0775492936,-0.172484353,0.053457763
101704.887958,0.0922176804,-0.037891047,0.480116928,-0.0790358707,-0.139741868,0.0694657564
101704.897985,0.0845528449,-0.0268710558,0.476669418,-0.0800928771,-0.110024713,0.0850039721
101704.908013,0.100624859,0.0352639133,0.428280942,-0.0701454431,-0.0994527638,0.0971383899
101704.918041,0.158903445,0.089010555,0.309912337,-0.0612022765,-0.109561324,0.109359905
101704.928068,0.213721661,0.134965812,0.24518589,-0.0576701239,-0.136345804,0.110133559
101704.938096,0.194118551,0.185650144,0.220266553,-0.0548386499,-0.172330692,0.106184885
101704.948123,0.164400289,0.201677003,0.219543791,-0.0504055545,-0.20767644,0.100747243
101704.958151,0.128348732,0.192516961,0.256190684,-0.0492172502,-0.228814483,0.0985511988
101704.968178,0.0304477452,0.196621619,0.359915846,-0.0545575097,-0.241044432,0.0875314325
101704.978206,-0.0858142431,0.24000308,0.420979387,-0.0595546663,-0.234676272,0.0739178807
101704.988233,-0.164324301,0.230500947,0.533673454,-0.0535013005,-0.210120872,0.0668887347
101704.998261,-0.20311785,0.212987794,0.585398965,-0.0427240208,-0.174662203,0.0631683022
101705.008288,-0.196878663,0.209992265,0.62911828,-0.0285528079,-0.133347526,0.06151288
101705.018316,-0.235174784,0.196404616,0.66434303,-0.0280582588,-0.100368537,0.060667593
101705.028343,-0.268605928,0.206756937,0.675490739,-0.0340431817,-0.0728703365,0.0521121882
101705.038371,-0.297278481,0.182786717,0.690776279,-0.0400206484,-0.0559917465,0.0477075875
101705.048398,-0.25727088,0.128755852,0.659817077,-0.0459629595,-0.0512659699,0.0420901813
101705.058426,-0.237267372,0.129514707,0.628527912,-0.0532291271,-0.0625140965,0.0311648287
101705.068453,-0.264458161,0.165606011,0.558519141,-0.0719570071,-0.0809285268,0.00701075699
101705.078481,-0.3237053,0.194059806,0.52440849,-0.084072791,-0.0975429267,-0.0239514187
101705.088508,-0.400392818,0.214058053,0.536343257,-0.0891453177,-0.102236748,-0.0632498264
101705.098536,-0.484513701,0.22350232,0.579934562,-0.0912324339,-0.0886567533,-0.111108422
101705.108563,-0.57181906,0.220516144,0.586595189,-0.0782790855,-0.0638715103,-0.15952976
101705.118591,-0.615428485,0.166735307,0.539814441,-0.0594806299,-0.0371147282,-0.204300165
101705.128618,-0.592162175,0.108690969,0.480257213,-0.0334729999,-0.00758320419,-0.240869626
101705.138646,-0.497579519,0.0377357103,0.412302744,0.000608804345,0.0220947955,-0.261539191
101705.148673,-0.353104997,-0.0831264654,0.335191155,0.0301160961,0.0452866703,-0.268137723
101705.158701,-0.193156427,-0.167840784,0.250901053,0.0451317988,0.0518670753,-0.264598906
101705.168729,-0.0730558839,-0.239275935,0.149136084,0.0374480449,0.0397856459,-0.255858928
101705.178756,0.0171603936,-0.29323432,0.0740095313,0.0231830906,0.015975384,-0.236872479
101705.188784,0.141221658,-0.378653865,-0.014258827,0.00719213858,-0.0110370573,-0.210554332
101705.198811,0.200064892,-0.407006683,-0.0685614951,-0.0168218501,-0.0417307876,-0.183664918
101705.208839,0.185542445,-0.400943584,-0.0780772192,-0.0355851501,-0.0720889643,-0.165685117
101705.218866,0.118536363,-0.370284973,-0.131113521,-0.0382797383,-0.0862055793,-0.147821963
101705.228894,0.0490624293,-0.369328549,-0.140353935,-0.0180037618,-0.0821272135,-0.115848318
101705.238921,0.0259749837,-0.394423973,-0.159245975,0.00941241533,-0.073536925,-0.0857655257
101705.248949,-0.00996960535,-0.350038596,-0.207480721,0.029432198,-0.0730623454,-0.0527037047
101705.258976,0.0131166712,-0.318070217,-0.284436243,0.0352197774,-0.0930275321,-0.0237250514
101705.269004,0.10043372,-0.215391202,-0.453542809,0.0404555537,-0.153535083,0.00483495463
101705.279031,0.243512988,-0.0957129752,-0.70570906,0.0473976173,-0.239883825,0.0279229637
101705.289059,0.314226693,-0.026031244,-0.789617177,0.0608907863,-0.329931945,0.0552627072
101705.299086,0.38177112,-0.0515120144,-0.749570705,0.0856280923,-0.408424348,0.0870691091
101705.309114,0.393859617,-0.113795598,-0.567415272,0.106850021,-0.471990556,0.117589206
101705.319141,0.326322789,-0.142478818,-0.33166678,0.124033272,-0.516438484,0.13709712
101705.329169,0.250364754,-0.143482734,-0.0353530529,0.120758116,-0.540994167,0.153783679
101705.339197,0.149562785,-0.160980982,0.262345115,0.110625856,-0.545285583,0.159285516
101705.349224,0.0748790076,-0.200371327,0.502122716,0.0965904593,-0.528410196,0.166139692
101705.359252,-0.00195814833,-0.226033884,0.732906571,0.0829348341,-0.482750505,0.168516561
101705.369279,-0.0554442393,-0.244541455,0.930208428,0.0735384077,-0.422550291,0.171672136
101705.379307,-0.0892430486,-0.259704245,1.00093528,0.0643800646,-0.35769406,0.174567789
101705.389334,-0.0125935241,-0.216336958,0.971711528,0.0547010675,-0.298967898,0.174983248
101705.399362,0.0738917502,-0.127420073,0.860782717,0.0471858941,-0.27347374,0.169408724
101705.409389,0.136692197,-0.0248034557,0.771258513,0.0187795535,-0.233928189,0.160003766
101705.419417,0.247068635,0.0536085483,0.86917119,-0.0205462817,-0.22112079,0.128078327
101705.429444,0.164091077,0.263409237,0.709536509,-0.0663539842,-0.213200286,0.058537066
101705.439472,0.062885203,0.418774863,0.630224487,-0.0731173456,-0.191748247,-0.0200850423
101705.449499,0.0012497078,0.437413951,0.471718517,-0.00315637281,-0.147229254,-0.0842459202
101705.459527,0.0576730213,0.348841202,0.335979091,0.111505225,-0.0734074935,-0.125776052
101705.469555,0.123028414,0.223350198,0.32494624,0.219961658,0.0222066492,-0.142314553
101705.479582,0.087253336,0.0473947884,0.509850972,0.271071166,0.120086074,-0.145179316
101705.489610,0.0491483541,-0.116407242,0.673066142,0.248758689,0.191324025,-0.128962532
101705.499637,0.105773912,-0.2599363,0.662523998,0.171018079,0.221427605,-0.0950498283
101705.509665,0.23176819,-0.3115886,0.529669479,0.0749187246,0.214045584,-0.0489164256
101705.519692,0.409687885,-0.287430456,0.363867799,-0.0141869197,0.182859436,0.00287460163
101705.529720,0.605678659,-0.143140351,0.1360539,-0.07725963,0.119953446,0.0438252315
101705.539747,0.778373898,0.107438484,-0.157626264,-0.12114799,0.0371624306,0.0667665005
101705.549775,0.818558609,0.322657106,-0.322527781,-0.158545971,-0.0415606089,0.0775317997
101705.559802,0.730894939,0.438207293,-0.274881063,-0.16371356,-0.0895449147,0.0816772729
101705.569830,0.660446022,0.512113656,-0.177071554,-0.137466252,-0.0961724594,0.0802916288
101705.579857,0.517220624,0.582759848,-0.00263327111,-0.0869295672,-0.0606458895,0.0671574473
101705.589885,0.342039413,0.647937985,0.201797999,-0.0189236179,0.00844290014,0.0460803956
101705.599913,0.261442028,0.719537678,0.335762525,0.0549993441,0.0961495787,0.0235412642
101705.609940,0.222962952,0.732570617,0.439732603,0.134050205,0.188406006,-0.00654206984
101705.619968,0.238351075,0.713782184,0.532019841,0.203294262,0.276470095,-0.0236779116
101705.629995,0.331793329,0.524053831,0.621934505,0.245143175,0.349969894,-0.0212874599
101705.640023,0.410887324,0.293133198,0.73751991,0.249884665,0.398876697,-0.00599345844
101705.650050,0.431539652,0.085015494,0.798271023,0.21798107,0.423457682,0.0131631922
101705.660078,0.464891302,-0.0479696657,0.789699302,0.151879013,0.40868327,0.0270864647
101705.670105,0.426724945,-0.0762108408,0.631625002,0.0712957606,0.365352303,0.0346088298
101705.680133,0.372393635,-0.0611624708,0.507056957,0.0147155682,0.324273586,0.0389412567
101705.690160,0.360865695,-0.0958386474,0.425680989,0.00327382958,0.295825958,0.0458337851
101705.700188,0.316314021,-0.108350338,0.310397782,0.0283831786,0.285048664,0.0541883893
101705.710216,0.217536836,-0.105137368,0.289659822,0.0530483089,0.288289219,0.0689694658
101705.720243,0.0882575446,-0.148491941,0.358073726,0.0686102286,0.298556507,0.0846887678
101705.730271,-0.0525046787,-0.160684191,0.413996981,0.0725165531,0.312744498,0.100639507
101705.740298,-0.142150463,-0.162311207,0.462268844,0.0629717782,0.330231071,0.118347406
101705.750326,-0.175975576,-0.132393331,0.5021724,0.0362251215,0.347482502,0.122832701
101705.760353,-0.249022692,-0.0266714416,0.513567362,0.0106334751,0.365762442,0.123906747
101705.770381,-0.241325707,0.0287101078,0.477044389,-0.00492497766,0.375282437,0.122032419
101705.780408,-0.161640761,0.0683713793,0.334864115,-0.00936020724,0.372986257,0.125577345
101705.790436,0.0365408014,0.0834025058,0.155160751,-0.0185803361,0.317713678,0.131242692
101705.800463,0.132404145,0.16523747,-0.146327749,-0.0548049174,0.221082464,0.122668117
101705.810491,0.286252644,0.328777781,-0.351738677,-0.0946269035,0.101774178,0.103062719
101705.820519,0.329754517,0.450834427,-0.506254701,-0.11097578,-0.00428035203,0.0927062184
101705.830546,0.361493471,0.414631041,-0.443845006,-0.0944532603,-0.0631354153,0.0922114104
101705.840574,0.27070027,0.332003757,-0.179227271,-0.0623560473,-0.0693285987,0.0857114345
101705.850601,-0.00814122088,0.273822348,0.143135382,-0.0132143339,-0.0347580984,0.0680743754
101705.860629,-0.300981427,0.185527248,0.34367929,0.0610598996,0.0179131012,0.0489824414
101705.870656,-0.487851321,0.121910077,0.450787081,0.139062807,0.0855781659,0.0380347185
101705.880684,-0.577388385,-0.00839431886,0.60400605,0.19290261,0.150506034,0.0408041403
101705.890711,-0.598219576,-0.151062522,0.715673404,0.194246709,0.200619534,0.0579711422
101705.900739,-0.553573209,-0.246654793,0.804452635,0.134396419,0.210213035,0.0742939264
101705.910766,-0.47431321,-0.217314717,0.728666741,0.032091897,0.186583608,0.0884520859
101705.920794,-0.365049118,-0.108541039,0.496842729,-0.0643973574,0.133761406,0.102838486
101705.930822,-0.205552968,0.0773849991,0.191079621,-0.128981426,0.0654574484,0.0979180336
101705.940849,-0.116564186,0.32999344,-0.100353933,-0.171812236,-0.00504494552,0.083923921
101705.950877,-0.0998211412,0.452438355,-0.292132935,-0.185201287,-0.0632699057,0.0567226522
101705.960904,-0.103908118,0.607977876,-0.379864994,-0.164010242,-0.098998338,0.0214168616
101705.970932,-0.0995177743,0.734918495,-0.372296312,-0.110681072,-0.116305694,-0.0177433398
101705.980959,-0.0834223796,0.761954386,-0.341258785,-0.0355596952,-0.114024691,-0.0542755127
101705.990987,-0.0168242936,0.775745888,-0.236087807,0.0433532298,-0.106154524,-0.0916268826
101706.001014,0.00321311683,0.776670017,-0.119522159,0.113374129,-0.0912938118,-0.128437638
101706.011042,0.0493424153,0.711830757,0.0489946248,0.162904128,-0.0701091662,-0.157974228
101706.021070,0.109226683,0.612289602,0.260081261,0.189968228,-0.0371994227,-0.178630501
101706.031097,0.171390586,0.462633732,0.454962905,0.192842051,0.00542793237,-0.181292325
101706.041125,0.256040461,0.266116888,0.625762247,0.179098278,0.0450669564,-0.165662497
101706.051152,0.338683673,0.119678373,0.697188484,0.152447224,0.069895871,-0.144682646
101706.061180,0.409722957,0.0463721673,0.716793933,0.115935557,0.082353875,-0.126748398
101706.071207,0.426556603,7.64262371e-05,0.728079881,0.0795354694,0.0864487514,-0.116482697
101706.081235,0.419172922,0.00719794868,0.738553344,0.0565015189,0.0965581089,-0.102742918
101706.091262,0.421236869,-0.0188823951,0.724295687,0.0563838072,0.110419065,-0.0838629678
101706.101290,0.434744001,-0.0499599627,0.738071698,0.0656928942,0.14191626,-0.0625422373
101706.111317,0.403135979,-0.0936132265,0.80565938,0.074410215,0.18156594,-0.0350613445
101706.121345,0.330500367,-0.140628806,0.905944047,0.0603079759,0.223446801,-0.0176293571
101706.131373,0.237472539,-0.151985336,1.02104371,0.0131047796,0.262009382,-0.00469811168
101706.141400,0.146827807,-0.138078537,1.06937052,-0.0525450706,0.291011214,-0.00215559173
101706.151428,0.122087334,-0.058502604,1.01040863,-0.106037319,0.308245867,-0.00519266073
101706.161455,0.156152685,0.0011355799,0.854542361,-0.129799113,0.31801036,-0.00390289165
101706.171483,0.288170461,0.0440412402,0.661119392,-0.124730051,0.317618608,-0.00171111058
101706.181510,0.3525573,0.169193076,0.441691043,-0.0945005044,0.311249644,-0.00718363933
101706.191538,0.343394335,0.272285055,0.291195654,-0.0567962751,0.298906684,-0.0200629532
101706.201565,0.293349909,0.302752236,0.237490075,-0.0175585896,0.291875154,-0.0341779739
101706.211593,0.181979784,0.294629574,0.296174611,-0.00217537372,0.295885056,-0.0474437103
101706.221620,0.0498889433,0.247112474,0.427686776,-0.00364836794,0.305581897,-0.0552718043
101706.231648,-0.0967570774,0.195569334,0.514345361,-0.0289009921,0.309807539,-0.0631102845
101706.241676,-0.224333656,0.157600399,0.514972553,-0.0695629343,0.30957371,-0.0641582385
101706.251703,-0.331264337,0.112264297,0.509171465,-0.113580994,0.312520504,-0.060137935
101706.261731,-0.396805023,0.115003951,0.482131483,-0.146765321,0.309801966,-0.0568414703
101706.271758,-0.438944375,0.192876003,0.37284664,-0.1751104,0.301546961,-0.0586130098
101706.281786,-0.486384172,0.287718625,0.229686708,-0.193006322,0.286995173,-0.0631987005
101706.291813,-0.502714544,0.361993968,0.0922010216,-0.196841538,0.267222255,-0.0618274435
101706.301841,-0.427066306,0.414174968,-0.0627829116,-0.197549134,0.246714845,-0.0631579608
101706.311868,-0.422306544,0.484664362,-0.123967448,-0.202882379,0.223394349,-0.0709037632
101706.321896,-0.493597756,0.550540271,-0.180559981,-0.202388361,0.201454163,-0.0861711279
101706.331923,-0.542486583,0.601257336,-0.236073778,-0.201276496,0.184542015,-0.110747583
101706.341951,-0.597087941,0.657962681,-0.286159413,-0.184745193,0.17321001,-0.139180034
101706.351979,-0.652522244,0.635983928,-0.337623935,-0.149480939,0.178468421,-0.159656808
101706.362006,-0.641174336,0.550514552,-0.316106515,-0.112843029,0.188272044,-0.169421017
101706.372034,-0.638655631,0.460849333,-0.301440277,-0.0849349648,0.195093989,-0.179920793
101706.382061,-0.668799425,0.381158103,-0.277279357,-0.0773207247,0.19061482,-0.188730538
101706.392089,-0.655362436,0.295366071,-0.238485516,-0.0936062187,0.178550169,-0.192838728
101706.402116,-0.592956541,0.213166219,-0.184206228,-0.134747267,0.167096451,-0.189402983
101706.412144,-0.579945668,0.190856626,-0.106834819,-0.195354685,0.149189085,-0.188123599
101706.422171,-0.523958992,0.200676009,-0.13030688,-0.248694614,0.132318765,-0.185443401
101706.432199,-0.43630409,0.256349674,-0.232621007,-0.280883968,0.109959669,-0.184781328
101706.442227,-0.300004691,0.357612392,-0.409690223,-0.273582637,0.0794350505,-0.188599244
101706.452254,-0.098053547,0.463712759,-0.639773529,-0.233181968,0.0501772948,-0.192374811
101706.462282,0.0703349345,0.561317832,-0.768274529,-0.173693344,-0.00217139791,-0.203278586
101706.472309,0.156726685,0.623122254,-0.897441007,-0.115774639,-0.0639194474,-0.220361695
101706.482337,0.177619836,0.616271219,-0.855960411,-0.0714838728,-0.120575003,-0.244392186
101706.492364,0.160340784,0.504282378,-0.636949996,-0.0376385599,-0.162001014,-0.260842025
101706.502392,0.11883973,0.348332084,-0.417823846,-0.0173822884,-0.186071202,-0.276566118
101706.512419,0.0560287612,0.17042028,-0.133072253,-0.00911716931,-0.196902007,-0.281585366
101706.522447,0.012028876,-0.0532649956,0.117235217,-0.00794005208,-0.182602704,-0.277550966
101706.532475,-0.0190963301,-0.275852685,0.348686012,-0.0167822782,-0.159755439,-0.261945903
101706.542502,-0.0951765303,-0.456007446,0.601447598,-0.0437710211,-0.116403699,-0.23654893
101706.552530,-0.153423552,-0.589157294,0.812189951,-0.082355164,-0.0561217144,-0.199536309
101706.562557,-0.168785956,-0.709849666,0.961667103,-0.130207375,0.0126251243,-0.152426854
101706.572585,-0.166748898,-0.734326813,1.0159686,-0.194329634,0.0692125037,-0.112029359
101706.582612,-0.146489953,-0.647312108,0.939123263,-0.260534495,0.105059981,-0.0816394985
101706.592640,-0.101979781,-0.488762737,0.733195325,-0.312094092,0.120567307,-0.0611062571
101706.602667,-0.00562310058,-0.312758812,0.477227344,-0.342960924,0.126318663,-0.0439959839
101706.612695,0.0638560938,-0.160784582,0.256086639,-0.341861308,0.128985554,-0.0334634483
101706.622722,0.161031104,-0.00578121375,-0.0223211374,-0.319355726,0.114871606,-0.0357503071
101706.632750,0.266030525,0.177473121,-0.312117738,-0.286528528,0.084183462,-0.0520424545
101706.642778,0.327900998,0.334006475,-0.47387248,-0.245508134,0.0362151414,-0.0842576474
101706.652805,0.374056015,0.442346439,-0.64219608,-0.191034243,-0.0147282034,-0.123379759
101706.662833,0.431993241,0.427384578,-0.716803869,-0.111250728,-0.061393708,-0.148796976
101706.672860,0.444550524,0.266897663,-0.639673284,-0.028166227,-0.0764056817,-0.152582124
101706.682888,0.382791111,-0.00026303485,-0.358800579,0.0336358845,-0.0715225041,-0.144232839
101706.692915,0.268633986,-0.225004833,-0.034780806,0.0482465215,-0.0671083182,-0.133388445
101706.702943,0.136826053,-0.357937678,0.200642107,0.0187432244,-0.064180173,-0.127361983
101706.712971,0.024819384,-0.444483158,0.372996277,-0.0247536525,-0.0575582236,-0.114659496
101706.722998,0.0288829801,-0.525234273,0.510613188,-0.0666465089,-0.0476504639,-0.0896558762
101706.733026,0.0789046099,-0.621136341,0.534199816,-0.0924306959,-0.0393722951,-0.0605302155
101706.743053,0.0954015712,-0.638437458,0.518074318,-0.117064141,-0.0340275951,-0.035987854
101706.753081,0.0712906278,-0.59470543,0.493844717,-0.132946968,-0.0243491381,-0.016602708
101706.763108,0.0801385356,-0.560696777,0.477598808,-0.139628574,-0.0102431737,0.00396488467
101706.773136,0.0891208835,-0.527065288,0.45856093,-0.143771395,0.0113864895,0.0209840816
101706.783163,0.0609720628,-0.415898869,0.498184499,-0.160685658,0.0356590711,0.0228546858
101706.793191,-0.0160270057,-0.252847511,0.468392296,-0.166790158,0.0620467365,0.0147323115
101706.803219,-0.0265168355,-0.124492057,0.334867914,-0.16590625,0.0886229575,0.0123706199
101706.813246,0.017997429,-0.038129678,0.268618788,-0.15356943,0.116257243,0.0235460438
101706.823274,0.0733072283,0.0187906252,0.187755737,-0.143546626,0.13454996,0.0434720814
101706.833301,0.106480599,0.115724228,0.0979378117,-0.137794197,0.138497293,0.0615581423
101706.843329,0.0840945797,0.200834561,0.03777122,-0.149046853,0.134377658,0.0779594854
101706.853356,0.0480137971,0.293160962,-0.0383159944,-0.164659366,0.111395642,0.0885439515
101706.863384,0.0218283854,0.393638083,-0.147499715,-0.180246845,0.0720647499,0.0989233553
101706.873411,0.0305400997,0.474429384,-0.28380379,-0.183345705,0.024306016,0.103048861
101706.883439,-0.0217933141,0.556150074,-0.398205537,-0.180771217,-0.0317966677,0.0967637971
101706.893467,-0.139762106,0.632540655,-0.43685091,-0.169375822,-0.0766128749,0.0806290358
101706.903494,-0.255536019,0.656914195,-0.361807067,-0.156833395,-0.0946893468,0.0653331727
101706.913522,-0.339714185,0.593450754,-0.157613113,-0.113690443,-0.093792662,0.0351574272
101706.923549,-0.606765286,0.667364716,-0.0704775578,-0.0974409059,-0.0610368438,0.00428819284
101706.933577,-0.70153382,0.584057341,0.252263281,-0.0975650102,-0.0188521072,-0.0360669568
101706.943604,-0.78919749,0.559260315,0.326322789,-0.0838081837,0.0226876121,-0.0643324107
101706.953632,-0.712809247,0.498484505,0.269255332,-0.0644877478,0.050965324,-0.0883786231
101706.963659,-0.549229627,0.472449462,0.142889299,-0.0403901376,0.0463737696,-0.11056675
101706.973687,-0.36532092,0.46724824,-0.0282324073,-0.0310443472,0.0167142078,-0.13636677
101706.983715,-0.204713594,0.448802337,-0.0634422523,-0.0206950363,-0.0321148522,-0.1635627
101706.993742,-0.0968681366,0.366714274,-0.0850242618,0.00128456415,-0.0721879676,-0.188130632
101707.003770,-0.0500561165,0.209418703,0.0116410457,0.0380095579,-0.0856877938,-0.200105801
101707.013797,-0.0483007973,-0.00370864526,0.209486216,0.0634145141,-0.0691066906,-0.200823262
101707.023825,-0.0593184504,-0.170315942,0.495374118,0.0593683757,-0.041112341,-0.199146792
101707.033852,-0.0711859983,-0.267335762,0.666129329,0.0287244432,-0.00756450044,-0.199440807
101707.043880,-0.0465887327,-0.327138635,0.788980048,-0.0110661117,0.0288004316,-0.193319276
101707.053908,0.0307458514,-0.385352339,0.817847246,-0.0361586809,0.0648865327,-0.181998968
101707.063935,0.108341132,-0.469773521,0.80051588,-0.0461356789,0.105282687,-0.168950021
101707.073963,0.187867089,-0.515482694,0.734884593,-0.0486731417,0.142599702,-0.154630736
101707.083990,0.230521405,-0.533751195,0.664916446,-0.0578147061,0.163620561,-0.136723101
101707.094018,0.321062092,-0.547294129,0.625409196,-0.0836140811,0.17929779,-0.103197627
101707.104045,0.417642059,-0.578515781,0.61471566,-0.119791523,0.191835687,-0.0542300791
101707.114073,0.507959459,-0.571921059,0.581587882,-0.172053933,0.194292992,-0.0117302947
101707.124101,0.514764463,-0.425818351,0.466185433,-0.226637557,0.176201865,0.0208529495
101707.134128,0.495401006,-0.224954711,0.203426477,-0.265621156,0.141212463,0.0330731273
101707.144156,0.474047253,-0.04137319,-0.0949307388,-0.283120245,0.101555064,0.0373477712
101707.154183,0.409639955,0.113490916,-0.33961131,-0.257230073,0.0675888434,0.0410692692
101707.164211,0.355461205,0.209734345,-0.515302223,-0.195844486,0.0436869711,0.0413715392
101707.174238,0.297269128,0.280468216,-0.63564622,-0.116922498,0.02355933,0.0339005738
101707.184266,0.135622522,0.330734176,-0.636612435,-0.0493213534,0.0114675146,0.00875580497
101707.194294,-0.0772697022,0.313265447,-0.519552282,0.00355863734,0.0100485822,-0.0127412304
101707.204321,-0.188632228,0.136299106,-0.3621797,0.0413984284,0.0140097681,-0.0215051621
101707.214349,-0.24846798,-0.0232834066,-0.222942494,0.0541136935,0.0148976659,-0.0214050263
101707.224376,-0.231923673,-0.147222213,-0.0900832988,0.039381884,0.00805946719,-0.0148781519
101707.234404,-0.180279995,-0.232647457,0.0273722833,0.00607905304,-0.00607366301,-0.00751104951
101707.244431,-0.170899003,-0.292280526,0.123780693,-0.0272517391,-0.0171518791,-0.00540768448
101707.254459,-0.178534028,-0.348887672,0.209178757,-0.0454941243,-0.0230656955,-0.00130907912
101707.264487,-0.150455934,-0.404063323,0.21935353,-0.026709253,-0.0118660377,0.00266382424
101707.274514,-0.154231361,-0.411581152,0.266928351,0.0134328399,0.0147485286,-0.00147233065
101707.284542,-0.182629188,-0.396534682,0.308957228,0.0547648333,0.0541883446,-0.0129998233
101707.294569,-0.185115744,-0.370207962,0.378258728,0.0997874364,0.0966676325,-0.0291670766
101707.304597,-0.176118783,-0.314508432,0.373827467,0.145967171,0.133957744,-0.0468632504
101707.314624,-0.117260352,-0.323975934,0.296674085,0.184944928,0.164248809,-0.0578274801
101707.324652,-0.0404699576,-0.388131595,0.247072434,0.218029112,0.185775131,-0.0514473468
101707.334680,0.0347299526,-0.477258177,0.187301564,0.23392792,0.198065624,-0.0399600714
101707.344707,0.121150345,-0.533310027,0.20054946,0.230940923,0.199183613,-0.0146041121
101707.354735,0.241883341,-0.629379122,0.171427411,0.217855215,0.189618349,0.0191599764
101707.364762,0.391108857,-0.663978727,0.150279993,0.192065164,0.161421597,0.0565113425
101707.374790,0.46139703,-0.635926937,0.0800713156,0.160106689,0.12211813,0.0865054652
101707.384817,0.453418891,-0.583673164,0.0575163694,0.139284506,0.0917389169,0.120099112
101707.394845,0.441111782,-0.556441312,0.0218649181,0.134194404,0.0782856941,0.149396539
101707.404873,0.326686362,-0.497236405,0.0593757336,0.135087356,0.0826311707,0.16972445
101707.414900,0.234489139,-0.428054002,0.128269822,0.133743539,0.0937453434,0.188455254
101707.424928,0.14628654,-0.397820484,0.16008944,0.133321151,0.111327,0.20495221
101707.434955,0.123596569,-0.387011213,0.215436064,0.131576523,0.133876517,0.228646085
101707.444983,0.186435595,-0.415651908,0.308511822,0.121861048,0.158492655,0.255110204
101707.455010,0.166554252,-0.424587202,0.373529361,0.109579884,0.175265774,0.27630949
101707.465038,0.171166714,-0.384288217,0.388263112,0.0963229313,0.187990353,0.289948881
101707.475066,0.144987148,-0.294929287,0.329842195,0.0933428556,0.197183058,0.29137978
101707.485093,0.0601823738,-0.216349233,0.225327343,0.112483256,0.215657666,0.291693777
101707.495121,0.00421849448,-0.143540894,0.15758944,0.1491936,0.235830039,0.287476659
101707.505148,-0.0955272434,0.00686798607,0.0768915165,0.19882293,0.263858497,0.273373097
101707.515176,-0.182322314,0.116385322,0.0865957489,0.243719041,0.299358964,0.258215427
101707.525203,-0.261979788,0.214417973,0.164693719,0.283553809,0.333480716,0.243465245
101707.535231,-0.288885331,0.24751068,0.200098794,0.305805862,0.360952556,0.240361065
101707.545259,-0.285620192,0.336500338,0.260904268,0.299721599,0.371778816,0.235677361
101707.555286,-0.311254399,0.473713491,0.262702842,0.257306755,0.349127054,0.218615025
101707.565314,-0.329441798,0.666494363,0.176098325,0.21074298,0.30390656,0.192422032
101707.575341,-0.312369667,0.814446936,0.0954050783,0.17903538,0.264302433,0.161559999
101707.585369,-0.331922509,0.905172917,0.0985585739,0.177817255,0.245226741,0.135275126
101707.595396,-0.299102774,0.921916985,0.151425656,0.195736855,0.236324593,0.109007575
101707.605424,-0.262491245,0.986879286,0.179213827,0.215943858,0.227134556,0.0813583732
101707.615452,-0.22490941,1.04015115,0.200863933,0.228777632,0.216489911,0.0540567115
101707.625479,-0.179229609,1.0442127,0.219620656,0.227708369,0.200877652,0.0293335188
101707.635507,-0.123531103,1.01289577,0.281742473,0.211247638,0.187332824,0.00693580136
101707.645534,-0.0956926631,0.961711965,0.345641237,0.194993839,0.175626367,-0.00960642472
101707.655562,-0.0506266099,0.864818256,0.411639019,0.17865321,0.173820466,-0.00958059169
101707.665590,-0.0167541509,0.703596451,0.474230792,0.161519766,0.180264249,-0.00740399025
101707.675617,-0.0411737219,0.626474925,0.53846741,0.130722702,0.190027937,-0.00834009051
101707.685645,-0.0903138927,0.584019493,0.563319527,0.0964347869,0.207720384,-0.0137071591
101707.695672,-0.1562503,0.533606672,0.580848754,0.0629292876,0.227111652,-0.0120749082
101707.705700,-0.19270693,0.447759257,0.54325932,0.0215682629,0.247101083,-0.00322202779
101707.715727,-0.211187174,0.376170816,0.523529369,-0.0357514843,0.264049172,0.0146278087
101707.725755,-0.189417241,0.320176687,0.485171873,-0.103940926,0.276243508,0.0388308838
101707.735783,-0.175492176,0.322637232,0.421033455,-0.175002322,0.282170922,0.0607793257
101707.745810,-0.166865217,0.351761474,0.263730431,-0.239600226,0.266816199,0.0757785141
101707.755838,-0.0995598599,0.458600823,0.0189589675,-0.288567215,0.231405199,0.0756410956
101707.765865,-0.0576841272,0.609683073,-0.251595757,-0.30739817,0.174623951,0.0666175038
101707.775893,0.0135158997,0.718543845,-0.538170473,-0.313293874,0.10920313,0.0492824614
101707.785920,0.0603407792,0.793306094,-0.666675857,-0.289853781,0.0394749157,0.0342646278
101707.795948,0.0411263756,0.746786043,-0.814393306,-0.270287007,-0.0303028338,0.011865845
101707.805976,0.01907821,0.74175594,-0.802441003,-0.25193277,-0.0992552713,-0.00879575685
101707.816003,0.0642161593,0.71617697,-0.700006464,-0.238719776,-0.161066711,-0.0178507715
101707.826031,0.048786535,0.538355036,-0.572138793,-0.23390612,-0.231585875,-0.017604962
101707.836058,0.0620475831,0.540298717,-0.412674208,-0.255735517,-0.29311049,-0.0194811579
101707.846086,0.0509428363,0.554790914,-0.161931853,-0.263724715,-0.343205363,-0.0276269708
101707.856114,-0.0374427187,0.493968781,-0.046863458,-0.254349858,-0.373507589,-0.0455276743
101707.866141,-0.0930377647,0.539431433,0.0850128636,-0.212503359,-0.384567171,-0.0812214836
101707.876169,-0.245139713,0.48677697,0.149035546,-0.133360609,-0.357113719,-0.111712553
101707.886196,-0.250437235,0.346101402,0.329298005,-0.0357951596,-0.301185459,-0.13893725
101707.896224,-0.240174784,0.273694192,0.500220389,0.0434810221,-0.242975429,-0.180721179
101707.906251,-0.330621363,0.275656139,0.598591332,0.103045814,-0.200228229,-0.242840752
101707.916279,-0.341975116,0.249819979,0.58828738,0.157136202,-0.174054146,-0.301279008
101707.926307,-0.193388483,0.0829842804,0.585390489,0.224181816,-0.153409317,-0.354178965
101707.936334,-0.0769061295,-0.126763509,0.573199701,0.299613476,-0.12790902,-0.39749077
101707.946362,6.48819298e-05,-0.322776933,0.66717913,0.378361553,-0.0939033851,-0.431181341
101707.956389,0.0671931293,-0.52640887,0.80122169,0.431247413,-0.0297020264,-0.44342497
101707.966417,0.100789694,-0.765073249,1.07222124,0.444437236,0.0630782396,-0.437530577
101707.976444,0.159023272,-0.942456645,1.30720488,0.422357678,0.172830448,-0.415125519
101707.986472,0.167235804,-1.03589262,1.40342011,0.353578329,0.288241476,-0.383943349
101707.996500,0.223908124,-1.05930067,1.45922266,0.263505697,0.388376862,-0.320463985
101708.006527,0.449660999,-1.06486853,1.26609429,0.157038629,0.459959984,-0.235059589
101708.016555,0.680844667,-0.988273371,0.885120455,0.0547828451,0.482398421,-0.133101523
101708.026582,0.880324453,-0.875869811,0.418542807,-0.0281381365,0.449471921,-0.0246988963
101708.036610,1.01733346,-0.739450147,-0.107737906,-0.0922537372,0.357424289,0.0638882294
101708.046637,0.999927568,-0.439777757,-0.58559741,-0.126729429,0.222994551,0.119304344
101708.056665,0.917266236,-0.165187786,-0.909888401,-0.139108866,0.0807620436,0.159714356
101708.066693,0.850970348,-0.0196240073,-0.975191771,-0.14171797,-0.0371627323,0.196136549
101708.076720,0.729192811,0.00150821261,-0.805968592,-0.125102773,-0.125806853,0.217699632
101708.086748,0.446185432,0.071239336,-0.578468581,-0.116504483,-0.174893975,0.228435904
101708.096775,0.158200849,0.149526837,-0.242788181,-0.0947429985,-0.198261335,0.214001834
101708.106803,-0.199506089,0.208818545,-0.049482116,-0.0580459684,-0.17571795,0.184320107
101708.116831,-0.500520833,0.24020854,0.225901344,0.00530397519,-0.107774049,0.147499502
101708.126858,-0.724285165,0.238489315,0.484524807,0.0806237608,-0.0120656323,0.099962078
101708.136886,-0.912257468,0.243611042,0.669920538,0.165089101,0.095078133,0.0392135084
101708.146913,-1.03880295,0.223397836,0.736022949,0.249340072,0.193555966,-0.0205403678
101708.156941,-1.03420393,0.155698365,0.708425333,0.318128467,0.268137813,-0.0716576204
101708.166968,-0.911197145,0.0273497792,0.676263185,0.348582774,0.312664002,-0.108769298
101708.176996,-0.750620214,-0.129729373,0.68316405,0.334582269,0.333594322,-0.132579818
101708.187024,-0.559333088,-0.226630681,0.687982264,0.292236418,0.335164249,-0.145010114
101708.197051,-0.360095295,-0.303762582,0.639218526,0.243827596,0.31951791,-0.145313993
101708.207079,-0.177688809,-0.329220118,0.524118567,0.199036419,0.299921304,-0.140162364
101708.217106,-0.0806353792,-0.357228215,0.420005866,0.163089603,0.284309596,-0.128989071
101708.227134,0.00610650018,-0.3235146,0.320293446,0.144895419,0.277470589,-0.112820767
101708.237161,0.0625023411,-0.275331437,0.211953482,0.136350408,0.289079577,-0.0906590074
101708.247189,0.128925071,-0.264581495,0.150775668,0.136521369,0.304194063,-0.0642010346
101708.257217,0.189426593,-0.20381723,-0.00303133052,0.135208964,0.312710851,-0.0370764658
101708.267244,0.210084766,-0.120400549,-0.15994214,0.12657766,0.309995234,-0.017546976
101708.277272,0.242443898,-0.0463385573,-0.293849675,0.113766804,0.298914105,-0.00357283652
101708.287299,0.31925475,0.000331277781,-0.455299297,0.111690067,0.273661196,0.0215639416
101708.297327,0.422751365,0.0192179107,-0.626428602,0.0939760506,0.231897756,0.0546830148
101708.307354,0.503292636,0.0564187834,-0.716487059,0.0865197331,0.160835043,0.0888649523
101708.317382,0.464479214,0.0627644992,-0.880500978,0.0677351281,0.0615830198,0.125428557
101708.327410,0.468739209,0.175234402,-1.02150052,0.0383346304,-0.0546290725,0.153023437
101708.337437,0.384167075,0.271903216,-1.01143797,0.0302021354,-0.165840819,0.183896124
101708.347465,0.222513455,0.191979785,-0.863349352,0.0146199791,-0.241761684,0.206727147
101708.357492,0.0497550878,0.283395209,-0.487696423,0.000633855991,-0.28871879,0.212940305
101708.367520,-0.176747729,0.308130276,-0.213514156,-0.022341501,-0.316953897,0.2012714
101708.377548,-0.437178534,0.343417278,0.0253559751,-0.0391095616,-0.308810204,0.17846036
101708.387575,-0.6212474,0.28988574,0.297936652,-0.0435248166,-0.274789125,0.14789845
101708.397603,-0.748347009,0.243984113,0.423825132,-0.0276497137,-0.22727488,0.108759291
101708.407630,-0.746747172,0.289565422,0.484022119,0.0107626561,-0.168482408,0.0643460229
101708.417658,-0.630684506,0.271302766,0.499164158,0.0658389553,-0.107406266,0.0266404599
101708.427685,-0.43575347,0.214569364,0.463611783,0.120091274,-0.0627730116,-0.00475501455
101708.437713,-0.240976163,0.177098734,0.408291463,0.169860959,-0.0432469882,-0.0397960916
101708.447741,-0.0978635774,0.123120914,0.33437224,0.199542955,-0.0287503377,-0.0656612441
101708.457768,0.0143926825,0.00835004132,0.354968453,0.213548511,-0.0190854594,-0.0768300071
101708.467796,0.114109194,-0.118472504,0.378933851,0.216684118,0.00365074631,-0.0716158077
101708.477823,0.205110485,-0.20885274,0.376962258,0.209640056,0.0212166887,-0.0613368005
101708.487851,0.225865103,-0.220460029,0.332137028,0.204045296,0.0342126489,-0.0532258749
101708.497879,0.257881705,-0.198967306,0.223910462,0.196995109,0.0358454324,-0.043332234
101708.507906,0.312881708,-0.217045691,0.131760586,0.191183552,0.0333015807,-0.0214786008
101708.517934,0.411349681,-0.240826672,0.0584527735,0.185102224,0.0229940824,0.0100066215
101708.527961,0.504025627,-0.285268602,0.0428483771,0.166533068,0.0129579613,0.0525958911
101708.537989,0.560720743,-0.295785758,0.098735684,0.122340582,-0.00409186166,0.0992107987
101708.548016,0.527882888,-0.271886996,0.162417006,0.0536496714,-0.0292052049,0.138419732
101708.558044,0.436778721,-0.179251675,0.182978148,-0.0136382906,-0.05772686,0.16736643
101708.568072,0.350265975,-0.056727411,0.108849082,-0.0528573319,-0.0875574574,0.187195793
101708.578099,0.31266485,0.0717462626,0.0196937115,-0.0637890771,-0.10900709,0.203129753
101708.588127,0.285728913,0.227255389,-0.0209732299,-0.0535305776,-0.127554148,0.202069283
101708.598154,0.195081843,0.407299383,-0.084327804,-0.0330125205,-0.148346245,0.173228309
101708.608182,0.0335462958,0.537255988,-0.051377136,0.00724888174,-0.154175639,0.141683429
101708.618210,-0.0521235705,0.523814908,0.0400222138,0.0722529143,-0.133944944,0.117105909
101708.628237,-0.155548289,0.414034536,0.217637373,0.124361925,-0.0829099715,0.102415644
101708.638265,-0.38627603,0.261336522,0.483877742,0.138770416,-0.01636797,0.0962578878
101708.648292,-0.553404282,0.16767668,0.655910717,0.110993922,0.0488581695,0.0983593836
101708.658320,-0.689934567,0.0951725847,0.761296507,0.0409320109,0.108159579,0.0979737565
101708.668347,-0.816889799,0.120244336,0.756588183,-0.0290217735,0.14853017,0.0924833864
101708.678375,-0.847674229,0.233672855,0.503870728,-0.0699409768,0.168649018,0.0740346014
101708.688403,-0.848072873,0.381268869,0.136123458,-0.0642141178,0.180151477,0.0448705927
101708.698430,-0.850335557,0.492752976,-0.190608497,-0.0126934014,0.184857011,0.0105672171
101708.708458,-0.786957602,0.521951159,-0.46782151,0.068351388,0.172513798,-0.0166883729
101708.718485,-0.66608549,0.467495054,-0.711596364,0.149525329,0.138519615,-0.0306992624
101708.728513,-0.506255578,0.376324545,-0.841231629,0.190582752,0.0795180798,-0.0271007996
101708.738541,-0.367141706,0.271646465,-0.818961345,0.173711091,0.00660232781,-0.00772150978
101708.748568,-0.274986569,0.150267864,-0.693324794,0.0975675955,-0.0769423619,0.022172207
101708.758596,-0.263547476,0.108600806,-0.5141928,-0.00932104047,-0.152840063,0.0488903746
101708.768623,-0.3277461,0.119467506,-0.377444489,-0.112924129,-0.210252225,0.0677476823
101708.778651,-0.371864643,0.212991886,-0.31840544,-0.174001336,-0.2500678,0.0696678236
101708.788678,-0.399686716,0.347459977,-0.332364992,-0.184877962,-0.270098776,0.0636256412
101708.798706,-0.421875751,0.450557217,-0.429396794,-0.156001836,-0.286582947,0.029947307
101708.808734,-0.430274746,0.601382424,-0.505412697,-0.0971512944,-0.306767285,-0.0163746513
101708.818761,-0.388761417,0.660229749,-0.583745645,-0.0138002113,-0.331826031,-0.0776635781
101708.828789,-0.290137961,0.664577715,-0.612566665,0.100398533,-0.356681854,-0.132332414
101708.838816,-0.190576348,0.513595857,-0.536076131,0.198194057,-0.370851755,-0.171111494
101708.848844,-0.0705652361,0.336517435,-0.268723417,0.248844728,-0.382925719,-0.187468633
101708.858872,-0.00531973372,0.106005967,-0.013017887,0.236173138,-0.394646287,-0.180508465
101708.868899,0.0228477916,-0.10264672,0.298384981,0.16376099,-0.400094569,-0.157277435
101708.878927,0.0422808064,-0.251428584,0.548207883,0.0737719834,-0.407788992,-0.12496265
101708.888954,0.0842570768,-0.285784442,0.597472557,-0.0179906934,-0.419612616,-0.103800371
101708.898982,0.149542911,-0.107673754,0.596650719,-0.0817550272,-0.433312446,-0.109777309
101708.909009,0.211139828,0.102483492,0.511799183,-0.0900494382,-0.442391694,-0.117278092
101708.919037,0.268337633,0.174719438,0.383560341,-0.0593192242,-0.445413321,-0.12235222
101708.929065,0.271840673,0.193735835,0.368683675,-0.0315810703,-0.439986348,-0.135043502
101708.939092,0.218873637,0.261585528,0.478251718,-0.0277399942,-0.430248767,-0.148642406
101708.949120,0.149480952,0.305717223,0.603363953,-0.0590230823,-0.41918093,-0.186184987
101708.959147,0.118428811,0.502172985,0.755237353,-0.108324319,-0.402114868,-0.238421828
101708.969175,0.223317757,0.638953299,0.826326905,-0.140172273,-0.365685463,-0.299670815
101708.979203,0.377061043,0.723143886,0.863943227,-0.116285585,-0.299596518,-0.35301587
101708.989230,0.602753712,0.700084351,0.898175751,-0.0397684388,-0.199754879,-0.393843442
101708.999258,0.786218767,0.651091626,0.890015241,0.0827841088,-0.0944215283,-0.416681916
101709.009285,0.863207898,0.502180145,0.77326693,0.198887005,-0.0153594697,-0.431566596
101709.019313,0.865899037,0.323479236,0.694673286,0.295698255,0.0392441191,-0.405099839
101709.029340,0.92443832,-0.0113588678,0.666512191,0.343305975,0.0640461445,-0.354641199
101709.039368,0.930200536,-0.235263923,0.701987409,0.35292238,0.0608788431,-0.276104301
101709.049396,0.953158803,-0.458586502,0.752829123,0.306866497,0.0425411128,-0.191456273
101709.059423,0.890810775,-0.574925355,0.919338366,0.199880093,0.0128284935,-0.100044593
101709.069451,0.797738524,-0.636080812,1.05286596,0.0526379235,-0.0185019989,-0.00866381638
101709.079478,0.743812872,-0.659772946,1.15653735,-0.113641597,-0.0413702987,0.0868456662
101709.089506,0.676053341,-0.682892686,1.24717507,-0.276431292,-0.0571916066,0.180299714
101709.099533,0.55973407,-0.559271713,1.26409873,-0.422517151,-0.0632705316,0.234528065
101709.109561,0.301476517,-0.230815712,1.19487672,-0.532452941,-0.060727749,0.239880487
101709.119589,0.015433716,0.133540602,1.00015787,-0.581482828,-0.0374067165,0.212867767
101709.129616,-0.177227621,0.391551632,0.807843154,-0.565172017,0.00723825162,0.164038181
101709.139644,-0.285422623,0.562997602,0.615332038,-0.496008933,0.0604186468,0.10474503
101709.149671,-0.354072966,0.689815617,0.401634927,-0.39723736,0.114153787,0.0382581502
101709.159699,-0.411061512,0.7592707,0.188199682,-0.291323692,0.153210372,-0.0214344729
101709.169727,-0.476825485,0.773154556,0.0549748682,-0.208887964,0.179019064,-0.0858424902
101709.179754,-0.529694321,0.806877962,-0.0354115051,-0.149214506,0.193221435,-0.147762582
101709.189782,-0.547774168,0.744264416,-0.102595867,-0.0989646539,0.208718896,-0.193163887
101709.199809,-0.52237786,0.60604267,-0.18184476,-0.0555391461,0.216627955,-0.22364004
101709.209837,-0.473586649,0.416813353,-0.298121361,-0.00993757229,0.210016653,-0.235948369
101709.219864,-0.402844303,0.263935452,-0.434077061,0.027050538,0.190966532,-0.241220906
101709.229892,-0.351356108,0.146456197,-0.525214545,0.0463057272,0.14195399,-0.237608582
101709.239920,-0.268390824,0.0676208532,-0.632637978,0.0419924706,0.0729014203,-0.22899273
101709.249947,-0.175911278,-0.0537301289,-0.617413521,0.0114057986,0.0139105357,-0.198840424
101709.259975,-0.109525374,-0.228921568,-0.414251832,-0.0447472185,-0.0132534411,-0.142897785
101709.270002,-0.0905401026,-0.380297686,-0.184534145,-0.112762757,-0.0156164644,-0.0740958154
101709.280030,-0.0121101245,-0.428649629,-0.0502408255,-0.186618075,-0.00610578293,-0.0049423147
101709.290058,-0.0150917707,-0.33887452,0.0136889181,-0.269613892,0.0146817872,0.0525992736
101709.300085,-0.0545960981,-0.195801097,-0.00236380652,-0.32602495,0.0382451676,0.100901291
101709.310113,-0.0302834946,-0.00128843238,-0.172647308,-0.355504811,0.0526408851,0.132515416
101709.320140,-0.0312409414,0.279648424,-0.370375281,-0.361076951,0.0338901021,0.120910153
101709.330168,-0.0243313082,0.643020987,-0.708767863,-0.325222552,-0.0197140034,0.0798058659
101709.340195,0.0972457377,0.873839621,-1.04272626,-0.247403935,-0.0828745961,0.0328660533
101709.350223,0.238570271,0.910497034,-1.15008189,-0.14123036,-0.151865914,-0.00820468739
101709.360251,0.351401701,0.896527107,-1.12607967,-0.0389021114,-0.223957151,-0.0625898987
101709.370278,0.3739584,0.925413448,-0.995011739,0.0495659672,-0.286499888,-0.115874425
101709.380306,0.350232072,0.851027631,-0.693245884,0.129071176,-0.321320742,-0.159779042
101709.390333,0.354188116,0.639363049,-0.331013577,0.202909172,-0.338492513,-0.190222159
101709.400361,0.368977105,0.403975207,-0.0417173273,0.254581183,-0.347679645,-0.211455017
101709.410389,0.336333895,0.148949768,0.260123931,0.286003292,-0.352542549,-0.22815223
101709.420416,0.281094239,-0.0444011595,0.507023639,0.296317965,-0.351045072,-0.237546265
101709.430444,0.241003051,-0.239695476,0.769646986,0.285279959,-0.336042941,-0.245922968
101709.440471,0.208427062,-0.335036549,1.00238256,0.237339586,-0.307538062,-0.249726221
101709.450499,0.132671856,-0.447747859,1.20384095,0.165119722,-0.273905277,-0.245571956
101709.460526,0.148317753,-0.553229364,1.30668466,0.083965756,-0.229788408,-0.220957443
101709.470554,0.23676819,-0.668866937,1.36288877,-0.00742647843,-0.173786938,-0.170087859
101709.480582,0.278736862,-0.743822663,1.41639591,-0.0980149657,-0.110653497,-0.111752391
101709.490609,0.31156478,-0.786012138,1.3304858,-0.180271238,-0.0587199926,-0.0585418902
101709.500637,0.323909883,-0.736598703,1.14509183,-0.242662445,-0.0213827398,-0.0176810119
101709.510664,0.264281636,-0.637599254,0.833665285,-0.273228854,0.00151964603,0.0068935724
101709.520692,0.189600781,-0.571820521,0.497223838,-0.265647382,0.00661001215,0.024181217
101709.530719,0.210580441,-0.487960043,0.17356793,-0.222730279,-0.00185111689,0.0320942663
101709.540747,0.256325708,-0.419863681,-0.165621355,-0.160010695,-0.0311868992,0.0385279283
101709.550775,0.321143925,-0.344818961,-0.405325014,-0.100255221,-0.0747050792,0.0457967632
101709.560802,0.376099504,-0.259187089,-0.557131486,-0.0504439846,-0.131017357,0.0489209183
101709.570830,0.390109325,-0.187684864,-0.612416736,-0.00892503932,-0.182686955,0.0492596701
101709.580857,0.34662791,-0.206494632,-0.503774282,0.0284340512,-0.210498333,0.0531710573
101709.590885,0.218635152,-0.253289701,-0.288448693,0.0606236793,-0.206261784,0.0655960292
101709.600913,0.163858437,-0.321809988,-0.0548576716,0.0880270749,-0.182039008,0.0772042274
101709.610940,0.0883861395,-0.342351694,0.159926358,0.10581699,-0.133285314,0.0779168755
101709.620969,-0.0234691384,-0.376160587,0.349108621,0.114128985,-0.0677305311,0.0890994966
101709.630996,-0.103138887,-0.48502545,0.525471735,0.106499024,-0.000443636323,0.100075454
101709.641024,-0.181864049,-0.530357169,0.61775722,0.0940476805,0.0665899962,0.11289537
101709.651051,-0.290733005,-0.609175416,0.600655278,0.0821801051,0.117102705,0.13041231
101709.661079,-0.369959686,-0.630580023,0.471148608,0.0685676187,0.146970585,0.143728375
101709.671107,-0.418683093,-0.557365295,0.28430151,0.0565748736,0.153743267,0.157008767
101709.681134,-0.396488797,-0.471633031,0.10297639,0.0453264825,0.151099011,0.16725634
101709.691161,-0.361088982,-0.360407137,0.00725391665,0.0399066843,0.151817799,0.17652601
101709.701189,-0.347015448,-0.235997936,-0.0670990213,0.0467446148,0.153890803,0.183179647
101709.711216,-0.305435484,-0.13659239,-0.146928929,0.0650940612,0.161805987,0.188934743
101709.721244,-0.238468564,-0.0469954138,-0.18518501,0.0865029469,0.166260928,0.196269885
101709.731272,-0.205852243,0.0200222128,-0.214373403,0.107981607,0.169713169,0.194377974
101709.741300,-0.220270644,0.169714762,-0.237701672,0.115856573,0.159793973,0.187849239
101709.751327,-0.243072259,0.209190886,-0.278776609,0.117975384,0.140267938,0.1831927
101709.761355,-0.235344295,0.203466955,-0.301353767,0.102763146,0.121748589,0.183133572
101709.771382,-0.214306768,0.218992733,-0.195735923,0.0727365315,0.105937131,0.183694705
101709.781410,-0.138513568,0.280134015,-0.10391864,0.0358743891,0.0862007141,0.186016977
101709.791438,-0.00427402406,0.350301338,-0.0727799895,-0.00118429516,0.0607563369,0.17991887
101709.801465,0.0615612609,0.427405182,-0.031762335,-0.0216842443,0.0282031894,0.173341408
101709.811493,0.0587514642,0.492700223,-0.0956476549,-0.0252454225,-0.0121498276,0.170047611
101709.821520,0.0194376909,0.51201078,-0.154116795,-0.0233513825,-0.0508133359,0.163798764
101709.831548,-0.0245861597,0.575428337,-0.0835854612,-0.0319581851,-0.0724171624,0.156222597
101709.841575,0.0101110596,0.641512482,0.102484223,-0.0566462204,-0.0825829804,0.147965208
101709.851602,0.0801315213,0.732652742,0.233732768,-0.0824706256,-0.087722078,0.133890405
101709.861631,0.103206692,0.778333274,0.298967749,-0.0984922051,-0.0873609558,0.123197541
101709.871657,0.107624508,0.773609899,0.311898542,-0.109821029,-0.0850919411,0.111737162
101709.881686,0.0812877056,0.762021898,0.336084304,-0.127279118,-0.0866970271,0.0967001617
101709.891713,0.0328928003,0.736057582,0.345544791,-0.139747769,-0.0863193944,0.0855076909
101709.901741,0.0568815787,0.693752957,0.344095761,-0.138773322,-0.0817765743,0.0756009966
101709.911769,0.155994864,0.6555847,0.354218219,-0.133837685,-0.074837707,0.0670141727
101709.921796,0.20831308,0.630830344,0.37167555,-0.131994247,-0.0667757839,0.0555218272
101709.931824,0.245516145,0.594659107,0.392972897,-0.126550749,-0.0589088127,0.0395428613
101709.941851,0.233029588,0.514596267,0.336199748,-0.114333756,-0.05257608,0.0273913909
101709.951879,0.261361949,0.397054468,0.34890813,-0.114560656,-0.0473962314,0.0232507065
101709.961906,0.292969385,0.288530672,0.370178882,-0.122476898,-0.0396600142,0.0251764394
101709.971934,0.283778363,0.271607302,0.377769483,-0.135894716,-0.0369811431,0.0194000434
101709.981962,0.249262346,0.317687501,0.307827932,-0.137798861,-0.0461375713,0.0145984702
101709.991989,0.202494165,0.363735405,0.164539405,-0.122991674,-0.0571268387,-0.00506338198
101710.002017,0.108361006,0.410312009,0.109272276,-0.100472249,-0.064664647,-0.0270669516
101710.012043,0.0118856681,0.396014019,0.0831938315,-0.0662024245,-0.0531659201,-0.0459551588
101710.022072,-0.03341887,0.324149537,0.160065182,-0.0326045193,-0.036664173,-0.0601998717
101710.032098,-0.0477957704,0.239023568,0.170539522,-0.00430470612,-0.0315439813,-0.0688689947
101710.042127,-0.0327197818,0.194698688,0.141494629,0.00267171068,-0.0414402857,-0.0774222687
101710.052155,-0.0678448712,0.154613492,0.125572253,-0.00134140672,-0.0635045692,-0.0888927653
101710.062182,-0.0876578252,0.112707803,0.120763391,-0.00448633358,-0.0787628889,-0.091754064
101710.072210,-0.0863636937,0.0469571276,0.188777482,0.00348264305,-0.0732336342,-0.0994777679
101710.082237,-0.154934541,-0.00802446263,0.298501008,0.0261642542,-0.0428661443,-0.106141262
101710.092265,-0.192509362,-0.0503574376,0.361269891,0.0581980869,0.00335754547,-0.108823068
101710.102292,-0.167655491,-0.108953419,0.421373355,0.0929691195,0.0501495525,-0.106707186
101710.112320,-0.197611069,-0.168895262,0.413920408,0.113330051,0.0901829898,-0.104712479
101710.122348,-0.207168586,-0.250653946,0.382016619,0.110884733,0.112765267,-0.101864226
101710.132375,-0.196671742,-0.311946181,0.292187295,0.095538266,0.115880631,-0.0909982622
101710.142403,-0.169853878,-0.3795891,0.208242353,0.0669162124,0.113331452,-0.0710288137
101710.152430,-0.138701784,-0.441515979,0.183919228,0.0312367771,0.0912453234,-0.0451857671
101710.162458,-0.0873778392,-0.454270539,0.067533321,-7.85357697e-05,0.0621244535,-0.0188604202
101710.172486,-0.0681792177,-0.43004766,0.000218611187,-0.0330063924,0.0386758521,0.00515143853
101710.182513,-0.0537777674,-0.381613884,-0.00873801773,-0.0522879437,0.0301153883,0.0291555747
101710.192541,-0.0376268431,-0.358744172,0.0118143564,-0.0588864572,0.0430772603,0.0535751656
101710.202568,-0.0580652355,-0.315550343,0.0314881942,-0.061381042,0.0638379306,0.0665847063
101710.212596,-0.107657242,-0.205921655,0.00693652126,-0.051680211,0.091276221,0.0785175338
101710.222623,-0.115054366,-0.0980922716,-0.0498088638,-0.0416645929,0.11902263,0.0793537647
101710.232651,-0.138172207,0.0260908652,-0.140869191,-0.0244627036,0.135691345,0.070899561
101710.242679,-0.10985972,0.110982002,-0.236547241,0.000764887314,0.148540571,0.0632906407
101710.252706,-0.0576642535,0.156970577,-0.279632934,0.0336168446,0.15065299,0.0589062795
101710.262733,-0.0481336241,0.176194771,-0.388522932,0.0599589683,0.132684112,0.0542372242
101710.272761,-0.021749475,0.248135826,-0.435169533,0.0626714006,0.0859717354,0.04269775
101710.282789,0.00059095163,0.36931642,-0.486468927,0.0413424075,0.0233677384,0.0276522208
101710.292816,0.0326624987,0.471919447,-0.474846294,0.020823285,-0.0443939976,0.00899864081
101710.302844,0.0684153646,0.525545385,-0.423233011,0.0158841852,-0.0970209837,-0.00845704786
101710.312872,0.0427168597,0.522792579,-0.315766324,0.0236441046,-0.117415741,-0.0252605285
101710.322899,-0.0681184275,0.480179326,-0.0891828428,0.0457496718,-0.105968945,-0.039287664
101710.332927,-0.129724697,0.400300025,0.108468558,0.0647755638,-0.0743359178,-0.0477253571
101710.342954,-0.147130589,0.324636589,0.267970553,0.0738817081,-0.0457929559,-0.0497040898
101710.352982,-0.0962058733,0.282357683,0.372416432,0.0619502142,-0.029305594,-0.0586336628
101710.363009,-0.0504857401,0.282763925,0.41086862,0.0384728536,-0.0213262308,-0.0641197786
101710.373037,0.0329874928,0.248477187,0.448325951,0.00347385462,-0.0154297249,-0.0658228695
101710.383065,0.111364279,0.235373375,0.496557191,-0.0277088322,-0.0133969337,-0.0676319525
101710.393092,0.183375038,0.176670426,0.489132009,-0.0543747954,-0.0141111929,-0.0624678135
101710.403120,0.28517011,0.155352182,0.468477343,-0.0871907994,-0.018573055,-0.0612281188
101710.413147,0.343736865,0.179184455,0.433067007,-0.105457425,-0.0339842364,-0.0601279661
101710.423174,0.427314143,0.187256994,0.274509015,-0.100921258,-0.0598533824,-0.0600187778
101710.433202,0.467690577,0.174313195,0.155267134,-0.0805312991,-0.0869643614,-0.0539480969
101710.443230,0.452744352,0.0932080067,0.136287708,-0.0588297322,-0.103826694,-0.0427026376
101710.453258,0.380807243,-0.010475509,0.21040333,-0.0492910892,-0.111220963,-0.0246615838
101710.463285,0.251180162,-0.168605339,0.337126507,-0.0456524119,-0.114585601,-0.00657232851
101710.473313,0.107586514,-0.291835851,0.424324313,-0.0605543964,-0.115349397,0.0144522619
101710.483340,0.00711129331,-0.352866659,0.513489036,-0.0830509141,-0.107638478,0.0341085196
101710.493368,-0.0195966809,-0.35875294,0.55966685,-0.104494423,-0.0973762497,0.0607893988
101710.503396,-0.0445545965,-0.330937882,0.524442976,-0.120159402,-0.0952454582,0.0806493908
101710.513423,-0.0449532404,-0.285090323,0.412410296,-0.133693859,-0.106220879,0.103149109
101710.523451,-0.0618996991,-0.225008925,0.285132408,-0.15120095,-0.119363576,0.114303492
101710.533478,-0.0373234762,-0.0928640155,0.275112242,-0.159225851,-0.124799617,0.11577116
101710.543506,0.0133674311,0.00511325136,0.271140123,-0.151704818,-0.114692926,0.115170084
101710.553533,0.138560329,0.0941908802,0.295875044,-0.127229303,-0.0885862261,0.118014872
101710.563561,0.221711491,0.126725661,0.359049877,-0.0922249705,-0.0413103253,0.120289482
101710.573589,0.205641815,0.147647161,0.373017905,-0.0414028056,-0.00818645861,0.130091235
101710.583615,0.0647282005,0.15369477,0.235740016,-0.0177059975,0.00524466112,0.122231461
101710.593644,-0.126965169,0.214841167,0.2210276,-0.00269455882,0.0118945744,0.109874658
101710.603671,-0.206070854,0.213553027,0.192332544,0.0134143699,0.0249664336,0.112633161
101710.613699,-0.204584415,0.151950849,0.220904558,0.0261195134,0.0517687537,0.119311571
101710.623725,-0.250032745,0.127043349,0.250258955,0.0311824493,0.0598365329,0.126335114
101710.633753,-0.300102306,0.147583594,0.210386379,0.01784667,0.0582865737,0.127291992
101710.643781,-0.394517789,0.194676477,0.217833773,-0.0235638879,0.0557895936,0.117118724
101710.653808,-0.483917489,0.331467751,0.268824247,-0.0640463307,0.0686689094,0.0952621549
101710.663836,-0.46761985,0.47582756,0.250287012,-0.0694341734,0.084174104,0.0699802339
101710.673863,-0.472190811,0.588775748,0.0907262728,-0.0417093337,0.103389077,0.0428434238
101710.683891,-0.4874065,0.657877779,-0.0568792406,-0.0059145866,0.117693976,0.017266158
101710.693918,-0.563788898,0.709310445,-0.141803841,0.011305945,0.134326205,-0.0174763761
101710.703946,-0.551556024,0.815136818,-0.122600544,0.00790562108,0.151429832,-0.0574027523
101710.713974,-0.41025078,0.940526992,-0.137840198,-0.000425545644,0.163282499,-0.0990932062
101710.724001,-0.151216982,1.06573699,-0.25463001,0.00121762475,0.154214427,-0.141798601
101710.734029,0.11014146,1.18593661,-0.436700688,0.02789158,0.114756778,-0.188320294
101710.744056,0.261558348,1.2089466,-0.693947018,0.0597211495,0.0553384535,-0.234010279
101710.754084,0.352163917,1.13577236,-0.747725954,0.0924178436,-0.0123242121,-0.267741084
101710.764111,0.397318233,0.93194928,-0.653932111,0.112610459,-0.0656529441,-0.27793166
101710.774139,0.480702619,0.645817778,-0.419555199,0.112335354,-0.112665996,-0.265313625
101710.784167,0.561295912,0.397634313,-0.149759769,0.0722358748,-0.156500041,-0.240593091
101710.794194,0.5737813,0.234343301,0.0746142192,-0.00753245736,-0.209929705,-0.217948228
101710.804222,0.510039772,0.132612381,0.235109317,-0.0999912843,-0.270734191,-0.201121315
101710.814249,0.470294037,0.0692339875,0.370689169,-0.191987261,-0.319485217,-0.1857104
101710.824277,0.324265856,0.0677769205,0.487646154,-0.254256219,-0.345027328,-0.17581223
101710.834304,0.249508429,0.031669396,0.568829815,-0.27788645,-0.347224176,-0.168927163
101710.844332,0.181908473,0.139308225,0.640612318,-0.274697572,-0.321380079,-0.183272004
101710.854360,0.123037766,0.240461492,0.684165044,-0.23680906,-0.282357037,-0.202884316
101710.864387,0.153361593,0.263724002,0.634821752,-0.182523981,-0.229925781,-0.215280011
101710.874415,0.229451145,0.224107154,0.692898678,-0.142770976,-0.165863976,-0.224173367
101710.884442,0.26356092,0.0878643075,0.823136,-0.12892893,-0.0976255238,-0.227642402
101710.894470,0.289676774,-0.0499845126,0.906580591,-0.14247936,-0.0368010588,-0.221299022
101710.904497,0.33329672,-0.214557966,0.914729996,-0.170500875,0.01586801,-0.202270731
101710.914525,0.337878202,-0.391778281,0.85426822,-0.192471683,0.0569560565,-0.178295627
101710.924553,0.271291222,-0.460588052,0.718602151,-0.211412087,0.0822979063,-0.145056978
101710.934580,0.171069099,-0.494316718,0.508137154,-0.211433664,0.0853245854,-0.118927903
101710.944608,0.027478374,-0.401262002,0.280670168,-0.222723067,0.0794030502,-0.093685925
101710.954635,-0.0884071822,-0.406038715,0.194523624,-0.249132037,0.0584058836,-0.0786100328
101710.964663,-0.170489838,-0.298080737,0.0556885695,-0.280356258,0.0326424614,-0.0633381382
101710.974691,-0.155090608,-0.245254279,-0.0151443776,-0.307765782,0.0169170294,-0.0431465879
101710.984718,-0.0958960767,-0.177768158,-0.0458025508,-0.319711357,0.00103213859,-0.0260058176
101710.994746,-0.0491799182,-0.0770922998,-0.163574359,-0.319615752,-0.0230609458,-0.0124207661
101711.004773,0.00488192682,0.0510382595,-0.296223711,-0.302519858,-0.0605380163,-0.0136817731
101711.014801,-0.0208072257,0.170080818,-0.418724302,-0.274914861,-0.107346527,-0.027247915
101711.024828,-0.0706803869,0.244929723,-0.425657316,-0.234555468,-0.140427798,-0.0441406146
101711.034856,-0.108304892,0.161965755,-0.280524622,-0.186361581,-0.146737352,-0.0475734249
101711.044884,-0.0972679496,0.0710584264,-0.0213242353,-0.144407466,-0.122950792,-0.0421584249
101711.054911,-0.0657984601,0.000928220761,0.25749709,-0.125959218,-0.0847131237,-0.0383205414
101711.064939,-0.0312555545,-0.0418587816,0.483366285,-0.136665136,-0.0495402254,-0.0271528419
101711.074966,0.0430950454,-0.0754616298,0.562572508,-0.160717741,-0.0340515487,-0.0140506215
101711.084994,0.0813917505,-0.0975228011,0.581688712,-0.192820549,-0.0216907505,0.00182474824
101711.095021,0.0579033229,-0.12140242,0.602039718,-0.22555159,-0.0104708523,0.0147874188
101711.105049,0.052056935,-0.0528954316,0.630857524,-0.247589782,0.00326679694,0.0203949697
101711.115076,0.0269727626,0.0468562976,0.598769903,-0.249901146,0.0259534679,0.00671244785
101711.125104,0.00412204837,0.197107503,0.534709519,-0.222283095,0.0682942718,-0.00861830451
101711.135132,0.0809679722,0.303104849,0.42659635,-0.162556916,0.111257449,-0.0242220331
101711.145159,0.185756965,0.317865488,0.259876679,-0.100329489,0.144296348,-0.0357426032
101711.155187,0.280222132,0.336751682,0.14480653,-0.0619354956,0.157135978,-0.0474860743
101711.165214,0.315683906,0.359910732,0.0743240041,-0.0492900088,0.145638585,-0.0616516992
101711.175242,0.278146495,0.307900851,-0.012711013,-0.0528807491,0.119696736,-0.0699996427
101711.185270,0.281387084,0.236871797,-0.0219984813,-0.06080525,0.0944307968,-0.0753371492
101711.195297,0.279603123,0.17200185,-0.0068681322,-0.0723375306,0.0733255148,-0.0760737807
101711.205325,0.294209156,0.118027244,0.0168912213,-0.0681419894,0.0560714193,-0.0702161565
101711.215352,0.321464827,0.0447058416,0.0433241779,-0.060739737,0.0486622415,-0.0587131679
101711.225380,0.344935135,-0.0199459327,0.0980070775,-0.0607740916,0.0407915339,-0.0424367189
101711.235407,0.314444135,-0.0614988632,0.168232122,-0.0915644914,0.0253659748,-0.0242718328
101711.245435,0.255531927,-0.0163104988,0.272213305,-0.145133182,0.00774623407,-0.0170309655
101711.255463,0.228358674,0.0799506118,0.348120195,-0.197147921,-0.0115726031,-0.0122599117
101711.265490,0.204614226,0.188363933,0.34819326,-0.2382586,-0.0263206549,-0.0114561692
101711.275518,0.174117965,0.24990605,0.379560458,-0.266461194,-0.0346475616,-0.0202030558
101711.285545,0.101516255,0.32241979,0.429970795,-0.275715142,-0.0236811973,-0.0361577868
101711.295573,0.0677951869,0.412795934,0.495782699,-0.264366359,0.00414004736,-0.0609305128
101711.305600,0.0235492179,0.50554816,0.52872343,-0.23434402,0.0462504812,-0.0919693932
101711.315628,0.0396989732,0.559386572,0.509592321,-0.183188424,0.1018501,-0.129325286
101711.325656,0.0843932704,0.619556524,0.500123066,-0.122786857,0.163481757,-0.165550396
101711.335683,0.0723807611,0.614611469,0.471227811,-0.0618651882,0.221218824,-0.197665989
101711.345711,0.0280482829,0.504217204,0.429650477,-0.0137400031,0.259675682,-0.215492129
101711.355738,-0.0661719696,0.311557328,0.396371892,0.0131984036,0.276270896,-0.222988918
101711.365766,-0.259874341,0.054410074,0.377051106,0.00828859955,0.283983171,-0.219479948
101711.375793,-0.402466117,-0.175982882,0.473296726,-0.0230749156,0.294233143,-0.196168765
101711.385821,-0.442778839,-0.379220997,0.555247572,-0.0856043324,0.309837401,-0.155187503
101711.395849,-0.403962493,-0.503659862,0.624129677,-0.175506532,0.322094321,-0.113260031
101711.405876,-0.394213253,-0.475878121,0.543738628,-0.278039545,0.321467936,-0.0763006806
101711.415904,-0.392793449,-0.382184961,0.350221551,-0.349061012,0.316591978,-0.0409626663
101711.425931,-0.369888959,-0.222949654,0.101949385,-0.378937662,0.306935877,-0.00684410706
101711.435959,-0.331279535,0.0579682048,-0.2137655,-0.372906685,0.282741606,-0.00713785365
101711.445986,-0.349778483,0.405895507,-0.53295303,-0.341822803,0.257756621,-0.0332940891
101711.456014,-0.359465765,0.683706779,-0.748789492,-0.277724504,0.238293156,-0.0713093877
101711.466042,-0.354910001,0.833767576,-0.972280267,-0.180544704,0.224239916,-0.10861548
101711.476069,-0.282221781,0.806097771,-1.02791331,-0.0660644546,0.219516262,-0.129338592
101711.486097,-0.305828282,0.756069712,-1.11169371,0.0112875849,0.189320549,-0.156158492
101711.496124,-0.374877269,0.71263389,-1.01930914,0.0356762819,0.152119383,-0.182781324
101711.506152,-0.408497214,0.56126464,-0.805989927,0.0365439393,0.109800696,-0.197377309
101711.516179,-0.378873645,0.409730848,-0.689257983,0.0195106268,0.0745577589,-0.205241352
101711.526207,-0.280862768,0.326248555,-0.450549473,0.00644489331,0.0474113524,-0.208372697
101711.536234,-0.163335874,0.229349438,-0.309774097,0.00506218011,0.0266525466,-0.201973125
101711.546262,-0.0526040475,0.191696,-0.244169406,0.0140681919,0.00943627581,-0.200758189
101711.556290,0.0114116209,0.184038324,-0.147694068,0.0336882323,-0.00529739633,-0.204114839
101711.566317,0.095878541,0.196176068,-0.120528998,0.059824761,-0.0208084453,-0.210621208
101711.576345,0.203051214,0.17583982,-0.0393710564,0.0906053111,-0.0339716524,-0.216211706
101711.586372,0.318338804,0.148944361,0.0504588521,0.115329035,-0.0387669392,-0.221313268
101711.596400,0.41670624,0.102246176,0.183657362,0.135551214,-0.0462522879,-0.21981737
101711.606427,0.519471033,0.00583045972,0.302230842,0.145563096,-0.0601979308,-0.205835775
101711.616455,0.564572742,-0.148970372,0.427170935,0.132620394,-0.0761995316,-0.18698059
101711.626483,0.50658934,-0.293130129,0.623562983,0.0867514536,-0.0860628113,-0.164933875
101711.636510,0.447833199,-0.330067675,0.865594501,0.0150695406,-0.077571325,-0.146374837
101711.646538,0.373625807,-0.338821182,1.05686058,-0.0512636751,-0.0529703759,-0.127642959
101711.656565,0.275900762,-0.330460473,1.14550391,-0.104203053,-0.00385556091,-0.114495203
101711.666593,0.16543723,-0.284853007,1.19868488,-0.136894688,0.0597601645,-0.113956444
101711.676620,0.0802934339,-0.181937699,1.17559539,-0.141548038,0.125413477,-0.126554534
101711.686648,0.0680769264,-0.0631985067,0.988108536,-0.120064311,0.179454073,-0.148479
101711.696676,0.103752635,-0.0082050799,0.767525172,-0.069904469,0.225951806,-0.176691473
101711.706703,0.169531222,-0.0015340777,0.578349923,0.000825357041,0.263368964,-0.194781527
101711.716731,0.278905204,-0.0636709465,0.426507503,0.0778013691,0.290274084,-0.207326874
101711.726758,0.364597867,-0.0994992158,0.359374579,0.129654974,0.302290797,-0.214102492
101711.736786,0.418096233,-0.211484257,0.333655032,0.161454186,0.293712229,-0.213401273
101711.746813,0.444033223,-0.335263928,0.287599967,0.173451453,0.272455931,-0.206731662
101711.756841,0.443521181,-0.506162054,0.348099152,0.157791272,0.249049127,-0.196737617
101711.766869,0.370866864,-0.651377311,0.472286088,0.123314261,0.235670745,-0.187597111
101711.776896,0.324093422,-0.787201786,0.651565381,0.0777968392,0.247378796,-0.177194536
101711.786924,0.280965644,-0.885900207,0.84325992,0.0417930298,0.282641977,-0.162383363
101711.796951,0.227243406,-0.971442647,0.947273836,0.0186163373,0.340471208,-0.142509535
101711.806979,0.243778946,-0.973791841,0.935723684,0.00910379365,0.392929077,-0.123311594
101711.817006,0.166413967,-0.903321443,0.797531603,0.0205969308,0.445032775,-0.123363271
101711.827034,0.0216711491,-0.791031427,0.663739219,0.0658640116,0.500424623,-0.134766921
101711.837062,-0.16032091,-0.735206664,0.488764929,0.121696651,0.566691816,-0.16389364
101711.847089,-0.341327466,-0.7243575,0.456617394,0.164572746,0.651694536,-0.206506357
101711.857117,-0.452359152,-0.73538962,0.414528896,0.203016534,0.734819829,-0.243450776
101711.867144,-0.432418773,-0.800383266,0.218244692,0.246593311,0.797694087,-0.269391298
101711.877172,-0.304842779,-0.793257506,-0.115974404,0.295366734,0.821749926,-0.290232658
101711.887199,-0.207880534,-0.795992484,-0.509393291,0.34329322,0.813263476,-0.285632849
101711.897227,-0.0530091211,-0.899874664,-0.861806215,0.407383531,0.759226859,-0.243239865
101711.907255,0.143179221,-1.02461339,-1.17076812,0.428911477,0.662697971,-0.174174517
101711.917282,0.370765157,-0.98908403,-1.27057056,0.408047467,0.523403704,-0.0939459875
101711.927310,0.398484354,-0.97795561,-1.37060622,0.323204756,0.357217431,-0.0104303211
101711.937337,0.375914211,-0.858658126,-1.24371119,0.196496591,0.195078298,0.0690085813
101711.947365,0.304321385,-0.658582786,-1.10556295,0.0566694476,0.0558842011,0.140287817
101711.957392,0.181506906,-0.376045947,-0.932811596,-0.0294049829,-0.0515764803,0.196752697
101711.967420,0.00192015441,-0.103298389,-0.872514656,-0.0888424739,-0.111092798,0.23397702
101711.977447,-0.173839733,0.282228065,-0.702110743,-0.0966990665,-0.132178113,0.242154792
101711.987475,-0.395662867,0.596982727,-0.622668957,-0.0683904439,-0.127175823,0.221924767
101711.997503,-0.541966943,0.89774737,-0.585631312,0.00547472108,-0.0998246223,0.188204363
101712.007530,-0.570683918,1.1106884,-0.571082562,0.113292001,-0.0562712848,0.145688862
101712.017558,-0.591480623,1.24303081,-0.53995911,0.233800039,-0.00845635775,0.101452425
101712.027585,-0.543080457,1.37096321,-0.50565995,0.339985579,0.0230634846,0.0578700602
101712.037613,-0.5120289,1.41358699,-0.460416202,0.404298782,0.0413977504,0.0186350383
101712.047640,-0.438239442,1.36603467,-0.296662395,0.413601488,0.0447711758,-0.011665877
101712.057668,-0.378296722,1.25133569,-0.121705056,0.387922466,0.0431248099,-0.0292952023
101712.067696,-0.314981311,1.0948293,0.0161865802,0.345180869,0.0454705246,-0.0331474654
101712.077723,-0.24733693,0.998053737,0.0411012412,0.310484946,0.0432776771,-0.0275961049
101712.087751,-0.161358437,0.915810411,0.0400713136,0.273410559,0.0338237211,-0.0172555856
101712.097778,-0.0384551106,0.856501605,0.000978489643,0.2384675,-0.00588161405,-0.00321273692
101712.107806,0.0629547611,0.889023527,-0.128074007,0.196785554,-0.0662259161,-0.00129286386
101712.117833,0.159872582,0.935322994,-0.137638538,0.15588899,-0.134122953,-0.00371314492
101712.127861,0.222791687,0.972232775,-0.0852566093,0.124198176,-0.185442865,-0.0112842452
101712.137889,0.245416192,0.975524364,0.0400993707,0.111848302,-0.21459648,-0.0211632419
101712.147916,0.264200972,0.92101609,0.140635967,0.122664995,-0.239428326,-0.0313050896
101712.157944,0.254643454,0.892474617,0.175566995,0.135755762,-0.254099131,-0.0524439327
101712.167971,0.186715581,0.862788358,0.319669176,0.1453024,-0.26616165,-0.0769178569
101712.177999,0.179257081,0.787916072,0.445361256,0.149863333,-0.274778038,-0.0968113989
101712.188026,0.211685187,0.67237911,0.589109217,0.146808684,-0.27604571,-0.111289665
101712.198054,0.190868609,0.534172928,0.75503277,0.140393123,-0.278433502,-0.119722843
101712.208081,0.149388013,0.389514939,0.860199949,0.138095617,-0.266296685,-0.125140503
101712.218109,0.0884884308,0.251566823,0.9807307,0.120448716,-0.253569424,-0.139689893
101712.228137,-0.00151566526,0.204895819,1.11487672,0.0928093642,-0.226640627,-0.152446166
101712.238164,-0.0437350968,0.0609888678,1.2835107,0.0594886877,-0.170781359,-0.156469136
101712.248192,-0.00483399603,-0.0328984994,1.45326053,0.0273507256,-0.107780278,-0.149272218
101712.258219,0.0136246207,-0.119603262,1.4871102,-0.0112408763,-0.0463763103,-0.141808167
101712.268247,-0.0153624043,-0.16773652,1.50440795,-0.0633080676,0.00249216356,-0.132267132
101712.278274,-0.0375403338,-0.175661614,1.40663088,-0.116160102,0.024464041,-0.129427135
101712.288302,-0.0740659377,-0.14585582,1.19692489,-0.152222231,0.0204650387,-0.125256896
101712.298330,-0.122761872,-0.163493914,0.965120459,-0.166829139,0.00790929981,-0.121678665
101712.308357,-0.134571552,-0.20490919,0.848141846,-0.169914946,0.00342054153,-0.105124459
101712.318385,-0.175543029,-0.316612273,0.828628168,-0.176775515,0.00103115337,-0.0813027471
101712.328412,-0.27831776,-0.371870634,0.80015786,-0.199131951,0.00116910518,-0.0630161464
101712.338440,-0.438684263,-0.403454982,0.851231629,-0.25698489,0.00654389709,-0.0429260619
101712.348467,-0.513478515,-0.481702809,0.92007954,-0.33509618,0.0228488352,-0.020796258
101712.358495,-0.581261427,-0.489373855,0.944656347,-0.423068374,0.0585301332,-0.00440050662
101712.368522,-0.695520258,-0.513747614,0.978064111,-0.502767205,0.10258574,0.0118764676
101712.378550,-0.841738409,-0.578759819,0.8236194,-0.571829081,0.137330934,0.0233307239
101712.388578,-1.03945528,-0.660948784,0.562373771,-0.621370018,0.166114375,0.0267795175
101712.398605,-1.26175889,-0.690461075,0.300413856,-0.630334437,0.203825265,0.0211067181
101712.408633,-1.40537299,-0.671940572,0.0450771591,-0.606639504,0.254243195,0.00644654874
101712.418660,-1.36729256,-0.592446837,-0.187772981,-0.553009868,0.309832156,-0.00313230883
101712.428688,-1.17688923,-0.518473912,-0.470603834,-0.465337545,0.341332287,-0.00762399659
101712.438715,-0.888541077,-0.397369525,-0.903295578,-0.334277272,0.318486094,-0.0287617706
101712.448743,-0.781285402,-0.148050992,-1.48413849,-0.205535516,0.230932787,-0.0728733093
101712.458771,-0.706146866,-0.018931568,-1.85022688,-0.0652617663,0.12930204,-0.11137782
101712.468798,-0.445536028,-0.0524647121,-1.86032567,0.0410769247,0.0327494033,-0.139318645
101712.478826,-0.232420516,-0.0673899671,-1.63126089,0.111060001,-0.0448700264,-0.146335274
101712.488853,0.137615742,-0.205604479,-1.2823966,0.14121151,-0.11194893,-0.133770213
101712.498881,0.386260833,-0.343822351,-0.914485665,0.142759874,-0.182717919,-0.103963584
101712.508908,0.413242947,-0.451834836,-0.626954672,0.127106085,-0.255705297,-0.0758363456
101712.518936,0.331607451,-0.523730079,-0.391517438,0.0987330303,-0.334134847,-0.054170195
101712.528963,0.212986333,-0.550281986,-0.144125562,0.074773103,-0.4007397,-0.0288672335
101712.538991,0.188584297,-0.607161738,0.0931476548,0.0591954738,-0.460601181,-0.00534992293
101712.549019,0.236912567,-0.550721035,0.289244812,0.0434085242,-0.509337306,0.0225472227
101712.559046,0.277144624,-0.514177895,0.489385107,0.041831933,-0.540588975,0.0515005775
101712.569074,0.277867678,-0.545362942,0.653323039,0.0427451283,-0.565150738,0.0885193199
101712.579101,0.204759187,-0.584119592,0.832215379,0.0481356345,-0.582691908,0.119840488
101712.589129,0.0703098,-0.577094078,0.966627356,0.037633989,-0.583035469,0.133364543
101712.599156,-0.0441448467,-0.526410039,1.19123632,0.00929502584,-0.57151705,0.131993547
101712.609184,-0.138784201,-0.43024289,1.37815181,-0.0328170061,-0.553999305,0.110144183
101712.619211,-0.233277425,-0.311225538,1.46497435,-0.0531776696,-0.52743268,0.0794778764
101712.629240,-0.264351778,-0.242291045,1.51731244,-0.0491842628,-0.487717479,0.0510046966
101712.639268,-0.322734409,-0.242798118,1.55000066,-0.00432544574,-0.413206488,0.0322176926
101712.649295,-0.337144627,-0.281928644,1.6126918,0.0574018359,-0.313770443,0.00973049272
101712.659323,-0.360721318,-0.254866157,1.71973939,0.112430736,-0.208525807,-0.0199845266
101712.669350,-0.40808688,-0.231778419,1.79394795,0.148828417,-0.106058814,-0.0507717319
101712.679378,-0.367941917,-0.280957387,1.87426652,0.163617492,-0.0105181774,-0.0737529546
101712.689405,-0.297724471,-0.371913889,1.87669754,0.1594515,0.0634828135,-0.0848612636
101712.699433,-0.22003099,-0.470595359,1.81744748,0.145753533,0.114661314,-0.08439973
101712.709460,-0.125197575,-0.561270413,1.68167298,0.120905176,0.146474898,-0.0773285031
101712.719488,-0.104600777,-0.640168666,1.58111476,0.0829876214,0.168632388,-0.0680479258
101712.729516,-0.112725046,-0.686169516,1.48867145,0.0321476124,0.182829708,-0.0583492257
101712.739543,-0.133373282,-0.705595224,1.40400989,-0.0176409837,0.189415976,-0.0523853414
101712.749571,-0.142615742,-0.68778433,1.26209148,-0.0620811507,0.201590344,-0.0443894677
101712.759598,-0.191337395,-0.703668421,1.14622288,-0.0966085047,0.219040975,-0.0403497182
101712.769626,-0.250203426,-0.661121438,1.07346919,-0.111819945,0.253919601,-0.0379067995
101712.779653,-0.287988674,-0.663186407,0.972219477,-0.113092408,0.298195988,-0.02901344
101712.789681,-0.358358096,-0.650391515,0.866417508,-0.100318283,0.348385125,-0.023445569
101712.799708,-0.366618559,-0.648712988,0.707892249,-0.079813011,0.391027927,-0.0124608297
101712.809736,-0.334997678,-0.577504631,0.507844893,-0.0653291419,0.416270971,-0.00748151727
101712.819764,-0.305381123,-0.480530185,0.288738616,-0.0506023951,0.414412886,-0.00186997093
101712.829791,-0.227032394,-0.388483623,0.0239092834,-0.0432595275,0.375627398,0.00594374398
101712.839819,-0.14395722,-0.334937326,-0.247523977,-0.0342886671,0.318310857,0.0209863428
101712.849846,-0.0912421134,-0.288700111,-0.374557535,-0.0456627645,0.242555887,0.0328688323
101712.859874,-0.111724345,-0.24687735,-0.470874468,-0.0574517772,0.166848615,0.0578695275
101712.869901,-0.152406484,-0.32319567,-0.458808182,-0.0832050815,0.0983246863,0.0810992122
101712.879929,-0.260125685,-0.363869699,-0.38278585,-0.104689069,0.0494460911,0.110115424
101712.889956,-0.40665597,-0.352123731,-0.266978035,-0.128631681,0.0253767073,0.134555519
101712.899984,-0.452623941,-0.252280305,-0.127062199,-0.134045094,0.0235668235,0.156752154
101712.910012,-0.463434673,-0.106069315,-0.0546241551,-0.131593913,0.0448622592,0.173999593
101712.920039,-0.478044213,0.0574191196,0.0288859027,-0.125224963,0.0602694415,0.182375491
101712.930067,-0.441661233,0.254297271,-0.0246036954,-0.114556611,0.0638228953,0.183900431
101712.940094,-0.391467169,0.479237222,-0.111499889,-0.0890107676,0.0480926707,0.171667993
101712.950122,-0.345296369,0.719122449,-0.203261057,-0.0460473225,0.0240331423,0.15375717
101712.960149,-0.239654559,0.919638884,-0.275449511,0.000675438554,-0.015152609,0.120346487
101712.970177,-0.188035431,1.11457072,-0.288572612,0.0353220999,-0.0697165206,0.0715848058
101712.980204,-0.206520351,1.18974082,-0.25656127,0.0616253428,-0.122973084,0.0239674859
101712.990232,-0.199552851,1.15124633,-0.0864297447,0.0893306658,-0.168818846,-0.0121037681
101713.000260,-0.185366504,0.986872418,0.122822078,0.112821348,-0.200243354,-0.0338695161
101713.010287,-0.192559046,0.814608556,0.366881009,0.116632596,-0.219437018,-0.0526464023
101713.020315,-0.262961785,0.679069474,0.612802228,0.103478178,-0.223879963,-0.0680437312
101713.030342,-0.304226108,0.553893381,0.816312876,0.0729764625,-0.21302253,-0.0806543306
101713.040370,-0.271664147,0.427219962,1.03470779,0.0450023524,-0.192665324,-0.0825217441
101713.050397,-0.230303963,0.272801334,1.12188572,0.0237002596,-0.160634682,-0.0773887634
101713.060425,-0.254650468,0.139019325,1.19153677,-0.00422697887,-0.128147587,-0.0749048367
101713.070452,-0.310720146,0.00768850868,1.23494745,-0.0299413968,-0.0968903303,-0.0653917566
101713.080480,-0.293244111,-0.103608478,1.21380413,-0.0569085665,-0.0667489395,-0.0564930737
101713.090508,-0.224147194,-0.171143845,1.20651982,-0.0905136615,-0.0323486142,-0.052699931
101713.100535,-0.153238259,-0.147936134,1.19868898,-0.126910552,0.00272441702,-0.0551987737
101713.110563,-0.0842646756,-0.0951218775,1.12497609,-0.147394255,0.0364115387,-0.0622801185
101713.120590,-0.0612058716,-0.073352894,0.995295232,-0.139042318,0.0651355907,-0.069650948
101713.130618,-0.106294721,-0.0861095728,0.804665693,-0.119271278,0.0885644853,-0.0823595524
101713.140645,-0.195171274,-0.111717842,0.686083153,-0.0995604247,0.112472214,-0.103334345
101713.150673,-0.280597395,-0.132442358,0.629421939,-0.078166984,0.135014802,-0.122887813
101713.160700,-0.246696879,-0.174153694,0.58798752,-0.0610886626,0.153719783,-0.137416691
101713.170728,-0.197620421,-0.254464006,0.546194205,-0.0518600121,0.164317042,-0.147271991
101713.180755,-0.164155958,-0.367009969,0.471425672,-0.0474349037,0.161622718,-0.148732722
101713.190783,-0.160127434,-0.474950923,0.413364528,-0.0545585938,0.155930743,-0.148626715
101713.200811,-0.162386026,-0.595982903,0.383648604,-0.0664213747,0.144522294,-0.143505991
101713.210838,-0.124530635,-0.656981342,0.327789354,-0.0940860286,0.136426285,-0.136431843
101713.220866,-0.122371996,-0.684406086,0.369190455,-0.122916609,0.131173998,-0.128691643
101713.230893,-0.141294723,-0.764722682,0.257173849,-0.128427759,0.127543315,-0.105069928
101713.240921,-0.0813432352,-0.806312802,0.136606273,-0.125254065,0.112476476,-0.078996785
101713.250948,-0.0486854127,-0.752146693,-0.0115787941,-0.111225866,0.0879239962,-0.0446364135
101713.260976,-0.024981881,-0.77767123,-0.0941857657,-0.121640421,0.0629544631,-0.00724536367
101713.271003,-0.0930938788,-0.861867882,-0.0807815097,-0.138962418,0.0326085463,0.0307715274
101713.281031,-0.122568395,-0.830862283,-0.116207043,-0.170181066,0.00584537582,0.0723101795
101713.291059,-0.081684596,-0.738192914,-0.0781944158,-0.209430993,-0.0164077319,0.107687347
101713.301086,-0.0934410848,-0.632697599,-0.061282444,-0.261237741,-0.0424497202,0.144358546
101713.311114,-0.0996136359,-0.536862532,-0.076316347,-0.319613695,-0.0728734061,0.165573031
101713.321141,-0.165702019,-0.352125046,-0.12970833,-0.357973874,-0.112194449,0.175510347
101713.331169,-0.187069217,-0.145126337,-0.279609553,-0.361654609,-0.14895007,0.181464374
101713.341196,-0.191767019,0.0887957432,-0.399585594,-0.328915328,-0.184791684,0.177333802
101713.351224,-0.236881587,0.255934371,-0.453375051,-0.283153415,-0.210984141,0.165307492
101713.361251,-0.36298634,0.347644102,-0.377601725,-0.229792997,-0.223416314,0.14060536
101713.371279,-0.389375165,0.47574675,-0.236712076,-0.170650303,-0.221427456,0.108105995
101713.381306,-0.393254052,0.56797729,-0.069121467,-0.123611696,-0.210049912,0.0639840737
101713.391334,-0.486774632,0.535319029,0.110286421,-0.0807076395,-0.187084138,0.0177204385
101713.401362,-0.587539776,0.374227938,0.252516963,-0.0321867093,-0.151541591,-0.0243140943
101713.411389,-0.562927313,0.323223142,0.372075655,0.0306825358,-0.108840197,-0.0663129464
101713.421417,-0.417870023,0.331598537,0.44711073,0.0880108029,-0.0635728538,-0.100576639
101713.431444,-0.445905446,0.156607954,0.528014405,0.125926495,-0.0242749769,-0.125585318
101713.441472,-0.534789598,-0.15119835,0.595007043,0.131780922,0.0146186268,-0.134727418
101713.451499,-0.50441258,-0.354313862,0.702072164,0.119455017,0.0414845943,-0.124189295
101713.461527,-0.345175373,-0.433406615,0.724120915,0.0778780133,0.0703367442,-0.112500146
101713.471554,-0.18323183,-0.420360524,0.780741796,0.0222536307,0.0847567022,-0.0975638106
101713.481582,-0.0287789352,-0.376952541,0.684880206,-0.00327090384,0.0768066272,-0.0713287443
101713.491610,0.224752174,-0.195531778,0.441083725,-0.00711357873,0.0407192037,-0.0494588651
101713.501637,0.352661345,0.0238582838,0.256968098,0.00503949029,-0.0117203025,-0.0282960534
101713.511665,0.3145172,0.107910267,0.193449857,-0.00705392426,-0.0570987016,-0.0182229131
101713.521692,0.0906979235,0.00215980838,0.422097285,-0.0585796982,-0.0670099258,-0.00977137126
101713.531720,-0.114389765,-0.182798407,0.7224825,-0.0985622704,-0.047082819,0.00663769478
101713.541747,-0.0657534519,-0.245743158,0.843672592,-0.114196889,-0.00724219717,0.0294159781
101713.551775,-0.0870960997,-0.223414715,0.905747648,-0.114346825,0.0421836749,0.0351119488
101713.561802,-0.14943419,-0.109637163,0.844592045,-0.104027875,0.0823297575,0.0343819745
101713.571830,-0.123487848,0.0848277894,0.739721804,-0.0965971202,0.112785667,0.021126356
101713.581857,-0.220980254,0.1474946,0.65579089,-0.0971768945,0.132366568,0.00897062384
101713.591885,-0.20408348,0.17933548,0.58531041,-0.0920271352,0.149558067,0.00279821549
101713.601913,0.00453764343,0.286329582,0.467104302,-0.0723783374,0.149472043,0.00382486405
101713.611940,0.219849789,0.485106626,0.282843713,-0.0508770384,0.130491957,-0.0103684533
101713.621968,0.279694893,0.659785951,0.169613055,-0.0358405635,0.0925488397,-0.0418081358
101713.631995,0.28756022,0.730777596,0.0693716424,-0.0155645879,0.0486682057,-0.0653592646
101713.642023,0.323882995,0.732980659,0.0735211633,0.00880386867,0.017240243,-0.0882792324
101713.652050,0.303902283,0.693839393,0.210180043,0.0257804543,0.00892239157,-0.104290687
101713.662078,0.20204116,0.552055133,0.435009374,0.0315177031,0.0183547754,-0.116669856
101713.672105,0.0715361269,0.377627956,0.644721215,0.0223119538,0.0373564288,-0.129938006
101713.682133,-0.0947153425,0.219488992,0.768617059,0.00884994119,0.0667630509,-0.1463404
101713.692160,-0.157454415,0.0638208764,0.815440185,0.00522671035,0.0990759805,-0.157213569
101713.702188,-0.172215931,-0.115854796,0.77474694,-0.00361738098,0.132328212,-0.15714857
101713.712216,-0.197097859,-0.340565249,0.763188604,-0.0335819386,0.158602163,-0.163167596
101713.722243,-0.226875157,-0.457812522,0.715877987,-0.0436002165,0.180434749,-0.150004923
101713.732271,-0.129688456,-0.598875263,0.560426728,-0.0605475083,0.194513559,-0.131905526
101713.742298,-0.0683393767,-0.658449734,0.389349446,-0.0782082602,0.190342247,-0.111952871
101713.752326,-0.131325702,-0.682307433,0.228012637,-0.102425717,0.170095026,-0.100121245
101713.762353,-0.121848849,-0.681458123,0.0434668013,-0.0983438864,0.157890826,-0.067778483
101713.772381,0.0085182375,-0.762290925,-0.0683376232,-0.0967659652,0.138523787,-0.0318993106
101713.782408,0.0499234301,-0.719606433,-0.16080431,-0.0873961672,0.112650916,0.00561637245
101713.792436,0.0950116951,-0.700018227,-0.215046188,-0.0883413255,0.0860549882,0.0471156128
101713.802463,0.153603585,-0.615167496,-0.221082545,-0.0913728029,0.050362777,0.081789434
101713.812491,0.082713939,-0.484381892,-0.207382521,-0.108295061,0.0149126397,0.100562327
101713.822519,-0.0683469755,-0.330123643,-0.197307702,-0.10878668,-0.0193297528,0.108748086
101713.832546,-0.150562317,-0.189777306,-0.235318576,-0.104777291,-0.0393205062,0.110976614
101713.842574,-0.265519653,-0.103840387,-0.108237672,-0.0985420272,-0.0440201834,0.10302788
101713.852601,-0.389026206,-0.0341493762,0.00114800099,-0.0826634616,-0.047330495,0.0943715423
101713.862629,-0.442858918,0.0196723765,0.00939385129,-0.0727570355,-0.047848478,0.0739051476
101713.872656,-0.530260138,0.0800338331,0.0768815796,-0.0618026555,-0.0470543243,0.0480407961
101713.882684,-0.548253475,0.055257996,0.111818453,-0.0488548987,-0.0403724536,0.0241322666
101713.892711,-0.540183566,0.00565276506,0.149929865,-0.02218787,-0.0313856155,0.004687462
101713.902739,-0.488352257,-0.0507139959,0.141775784,0.0180820562,-0.0167848356,-0.0134622473
101713.912766,-0.434598455,-0.0729092419,0.177805714,0.0617523044,-0.00055659737,-0.0272638127
101713.922794,-0.335040348,-0.0641414136,0.193375039,0.101905316,0.0177555643,-0.0360301398
101713.932822,-0.223890004,-0.093516415,0.230971487,0.127159804,0.0325440988,-0.0368029885
101713.942849,-0.166699213,-0.137661554,0.25256431,0.138628438,0.034109503,-0.0270233303
101713.952877,-0.0451116459,-0.153329298,0.276034617,0.123173051,0.0252275951,-0.00881716236
101713.962904,0.00137771809,-0.189690651,0.320661694,0.0905991346,0.00876313448,0.0110510848
101713.972932,0.0633463908,-0.163949403,0.366371891,0.0502386615,-0.0169411637,0.0364821404
101713.982959,0.160695004,-0.0982392058,0.393679,0.0012468826,-0.0424065739,0.0621989593
101713.992987,0.170859255,-0.0299582812,0.459983656,-0.0482838303,-0.07068979,0.0762623027
101714.003014,0.0567120673,0.0189047531,0.459461678,-0.0879058093,-0.0985826775,0.0865301192
101714.013042,-0.0759942754,0.0734854344,0.43142567,-0.113317691,-0.114484414,0.084785223
101714.023069,-0.228100315,0.1194092,0.458738624,-0.120703705,-0.113955773,0.0795284063
101714.033097,-0.302942498,0.156544461,0.512303041,-0.110194333,-0.0893524289,0.0719692931
101714.043125,-0.298294964,0.249811796,0.550647677,-0.0872908831,-0.050161615,0.057594344
101714.053152,-0.320555311,0.269208497,0.57647127,-0.0591300875,-0.0090280287,0.0412393399
101714.063180,-0.299888956,0.313273411,0.597473141,-0.0270232838,0.0258993283,0.0259309579
101714.073207,-0.225022223,0.327784897,0.545171292,-0.00657686358,0.0505817719,0.0164924487
101714.083235,-0.166894444,0.290801613,0.528531122,-0.000959724362,0.067244105,0.00600864878
101714.093262,-0.126304074,0.315437019,0.523667316,0.000475719484,0.0687141716,-0.00603070389
101714.103290,-0.076064418,0.338666503,0.439184613,0.00743695628,0.0700420216,-0.0125999227
101714.113317,-0.0103811088,0.342415042,0.40541503,0.0172381867,0.0668891072,-0.017625574
101714.123345,0.0586053337,0.355758654,0.376696885,0.022463575,0.0575704426,-0.022895705
101714.133372,0.0873766702,0.321190979,0.362547949,0.0152389528,0.0507756509,-0.0240579061
101714.143400,0.106329208,0.269982331,0.403857864,-0.00804160256,0.03959224,-0.0218288414
101714.153428,0.0843880097,0.282831803,0.464410825,-0.0342385843,0.0302496031,-0.0258896276
101714.163455,0.087533322,0.260817759,0.450045615,-0.0501424521,0.0223160461,-0.02753786
101714.173483,0.139563369,0.257868188,0.454989501,-0.0610824488,0.01517691,-0.0295291059
101714.183510,0.105711368,0.240416703,0.449058357,-0.0670202374,0.00627635885,-0.0375649258
101714.193538,0.0619470453,0.191795807,0.421239207,-0.061018534,0.000147892744,-0.0470910557
101714.203565,0.0243786545,0.109913204,0.427628031,-0.0497277975,0.00438817777,-0.0545092896
101714.213593,-0.0884556976,-0.0506442186,0.479984826,-0.0365438163,0.0186352897,-0.0605967417
101714.223620,-0.131464234,-0.195677909,0.515848751,-0.0328779779,0.0417267643,-0.0663118884
101714.233648,-0.208383223,-0.342898076,0.54554597,-0.034818355,0.0727776214,-0.0722741708
101714.243676,-0.252664263,-0.488883952,0.563514173,-0.036463391,0.106726803,-0.074717626
101714.253703,-0.247780583,-0.600920286,0.524326072,-0.0315554515,0.139883682,-0.0708515123
101714.263731,-0.229938636,-0.692287341,0.405364177,-0.019612506,0.170378476,-0.0606587976
101714.273758,-0.150354228,-0.731358903,0.295749371,-0.00823894236,0.190617174,-0.0512740836
101714.283786,-0.0931581762,-0.712028837,0.18617256,0.00699620321,0.203486368,-0.0370658524
101714.293813,-0.0041577042,-0.750923435,0.0781909087,0.0151183121,0.201997668,-0.015870817
101714.303841,0.0647848991,-0.754418218,-0.0283610021,0.0114873582,0.182794675,0.00466481782
101714.313868,0.069200962,-0.704510863,-0.123251701,-0.0118637709,0.145035043,0.0171294771
101714.323896,0.0817477244,-0.647682183,-0.236336229,-0.0445450209,0.0981674045,0.0278087519
101714.333923,0.0686345603,-0.567525381,-0.316109438,-0.06925942,0.0482973158,0.0377774984
101714.343951,0.0164835173,-0.586401785,-0.396697471,-0.0741007775,0.00659806887,0.0557439812
101714.353979,-0.0175987851,-0.635860593,-0.411615639,-0.064212732,-0.0244898088,0.0813004747
101714.364006,-0.0623474428,-0.635501112,-0.378472078,-0.0610619448,-0.0383393094,0.103065424
101714.374034,-0.227290168,-0.603046557,-0.276602772,-0.0657621548,-0.0421833172,0.115791336
101714.384061,-0.360350731,-0.535481526,-0.189961431,-0.0776270702,-0.0476659648,0.124087885
101714.394089,-0.447697006,-0.417506889,-0.157872348,-0.0905380771,-0.0480475985,0.134717897
101714.404116,-0.44101066,-0.258638953,-0.16837153,-0.0921056122,-0.0548269413,0.14068684
101714.414144,-0.414454661,-0.00523176317,-0.220445416,-0.0892147496,-0.0643852949,0.144119382
101714.424171,-0.339718862,0.201463506,-0.252874691,-0.0814705491,-0.0893287212,0.146529004
101714.434199,-0.25755262,0.441618124,-0.30835634,-0.077663295,-0.125275269,0.141887918
101714.444227,-0.190033327,0.606536007,-0.292034735,-0.0770563558,-0.164517745,0.134474218
101714.454254,-0.168088622,0.681972502,-0.214494984,-0.0637405515,-0.198673323,0.126853585
101714.464282,-0.129481535,0.770520993,-0.0982522844,-0.0351754874,-0.213575572,0.121910751
101714.474309,-0.12767244,0.867482799,0.0933165816,-0.00565700792,-0.218583643,0.106236719
101714.484337,-0.176235688,0.94443759,0.270363586,0.00972008426,-0.219321877,0.0775315687
101714.494364,-0.273185657,0.981394863,0.447405914,0.0167561546,-0.217795894,0.0411551856
101714.504392,-0.337063963,1.00063236,0.555414453,0.0178808086,-0.206724063,-0.00151478127
101714.514419,-0.341502822,1.00073158,0.671273121,0.0247072894,-0.191899046,-0.0395007804
101714.524447,-0.298297302,0.937183235,0.78082246,0.0371051021,-0.167486906,-0.0699265972
101714.534474,-0.263931507,0.822323515,0.88126904,0.0502856188,-0.138910651,-0.0968724564
101714.544502,-0.237256266,0.704827454,0.959644658,0.0667058676,-0.106731951,-0.125846848
101714.554529,-0.219651051,0.628539018,1.02994978,0.0840489119,-0.0674519241,-0.160252228
101714.564557,-0.249225521,0.516159863,1.08867319,0.101712056,-0.0176108647,-0.193815783
101714.574585,-0.229231949,0.383056776,1.14489426,0.125173181,0.0381887518,-0.218440428
101714.584612,-0.196215231,0.239442086,1.15059451,0.16067338,0.100366637,-0.236038342
101714.594640,-0.167129421,0.0654838412,1.09876145,0.19442974,0.158409432,-0.24335137
101714.604667,-0.14011808,-0.165870946,1.02789226,0.220852301,0.211689442,-0.243877083
101714.614695,-0.122189625,-0.389498792,0.958917512,0.221190512,0.25584811,-0.233560801
101714.624721,-0.0546726704,-0.584805383,0.926119989,0.192148477,0.282826185,-0.214225456
101714.634749,0.0459340682,-0.734608772,0.875995484,0.149342954,0.303455561,-0.183267802
101714.644776,0.221148012,-0.857098402,0.776414581,0.10347534,0.313892514,-0.136044636
101714.654804,0.371308178,-0.931423649,0.661984484,0.0532505177,0.312836289,-0.083565712
101714.664832,0.387770653,-0.963380922,0.490447183,-0.00380318146,0.29719609,-0.0376943573
101714.674859,0.359139601,-0.891439209,0.305307473,-0.0607338436,0.263600051,-0.00834579021
101714.684887,0.325024566,-0.800867104,0.0896738412,-0.101503111,0.221229419,0.0187217817
101714.694914,0.352218862,-0.705738724,-0.0918605376,-0.122326635,0.190136746,0.0435861163
101714.704942,0.334995925,-0.616052462,-0.159402626,-0.123151682,0.167804271,0.0675138235
101714.714969,0.286029357,-0.509681972,-0.234003986,-0.103323378,0.138752639,0.0835455209
101714.724997,0.237986334,-0.371803122,-0.346966348,-0.0773881897,0.119576819,0.0922788233
101714.735024,0.116302905,-0.231711053,-0.364159475,-0.0554056577,0.101208463,0.081104733
101714.745052,-0.0761322226,-0.0978933149,-0.361965765,-0.0402312316,0.0830030963,0.0598018393
101714.755079,-0.156861125,-0.00718940005,-0.396736049,-0.0185594913,0.0690199062,0.0411922038
101714.765107,-0.165239662,0.012249606,-0.428594246,0.0125283878,0.0561919883,0.0292372722
101714.775135,-0.156448453,0.00199643451,-0.417131772,0.0418798849,0.0434453003,0.0285917222
101714.785162,-0.129659815,-0.0589320084,-0.372609324,0.051535707,0.0286343955,0.0336160436
101714.795190,-0.150958039,-0.0982844331,-0.299264102,0.0351351611,0.0017029125,0.0398403816
101714.805217,-0.142819156,-0.11532142,-0.245200503,0.00203819619,-0.034132313,0.0444780104
101714.815245,-0.0946551367,-0.0829422679,-0.160843473,-0.0365824327,-0.0640270934,0.0528885387
101714.825272,-0.0402174441,-0.0609437866,-0.109314361,-0.062942937,-0.0929016247,0.0736010075
101714.835300,0.0167079737,-0.0169646519,-0.0852209534,-0.0815341994,-0.121281065,0.0967899486
101714.845327,0.036488779,0.104135132,-0.0797124191,-0.0990423486,-0.151044548,0.108275898
101714.855355,-0.0487561399,0.171801213,-0.00668868398,-0.122339152,-0.175577059,0.113659479
101714.865382,-0.0848041893,0.264994022,0.120475222,-0.136835262,-0.185225964,0.121555217
101714.875410,-0.0727688836,0.314883111,0.234399708,-0.145434886,-0.188075811,0.127732694
101714.885438,-0.063979428,0.425570222,0.333266324,-0.148220807,-0.189588487,0.121570133
101714.895465,-0.106375385,0.574429096,0.391996746,-0.148067147,-0.192696393,0.099052839
101714.905493,-0.160793204,0.677532182,0.450996047,-0.13878949,-0.186822787,0.0698134601
101714.915520,-0.20674773,0.714143857,0.515532525,-0.105462432,-0.16280587,0.0366856009
101714.925548,-0.199496736,0.698832598,0.617987521,-0.0609839149,-0.122346595,0.00876555312
101714.935575,-0.178293789,0.628794747,0.663702394,-0.0177932996,-0.0814843848,-0.0216131248
101714.945603,-0.151120536,0.543406328,0.72345456,0.0195335653,-0.0377523489,-0.0459344424
101714.955630,-0.0947720411,0.42640565,0.760825382,0.042768579,-0.00250701234,-0.0644170493
101714.965658,0.00895195274,0.290334361,0.829611918,0.0473151281,0.0272855032,-0.0776364505
101714.975685,0.0652671297,0.139872289,0.82941961,0.044713486,0.0503277071,-0.0760108531
101714.985713,0.102833767,-0.0487716297,0.821916103,0.0420018584,0.0726407394,-0.0682381541
101714.995741,0.113133043,-0.182397718,0.817962981,0.0314212069,0.0986063704,-0.0560145155
101715.005768,0.0659147799,-0.28862478,0.811696907,0.0199626908,0.127891302,-0.0385750718
101715.015796,0.0630436084,-0.397255982,0.757179719,0.00581438001,0.154947683,-0.017285496
101715.025823,0.0449976641,-0.438744322,0.679216189,-0.0148935616,0.168700248,0.000772067346
101715.035851,0.04814473,-0.424260893,0.540547723,-0.0403464586,0.174043611,0.0175614338
101715.045878,0.0497509961,-0.408125604,0.401945308,-0.0602565184,0.169128746,0.0327225439
101715.055906,0.0413958402,-0.35599122,0.246768191,-0.0717001185,0.162581638,0.046846617
101715.065933,-0.0190969147,-0.340337286,0.113310737,-0.0733723193,0.162630633,0.0651124418
101715.075961,-0.0667559069,-0.321204131,0.0477881716,-0.0671359971,0.164061815,0.0784948245
101715.085988,-0.111488783,-0.235330559,-0.048867199,-0.0579763167,0.163848236,0.0871945769
101715.096016,-0.164040223,-0.142159815,-0.123121937,-0.0445191003,0.15521507,0.0922045112
101715.106044,-0.189016259,-0.0454008381,-0.215099379,-0.0341428891,0.13981773,0.0909560248
101715.116071,-0.232284907,0.034884997,-0.260349557,-0.0301723816,0.115240745,0.0800109655
101715.126099,-0.284749254,0.0924022432,-0.295694426,-0.0249198303,0.0913726911,0.064377144
101715.136126,-0.303031345,0.139429806,-0.328155265,-0.0220936835,0.0681597814,0.0529591069
101715.146154,-0.330689167,0.154129362,-0.336324543,-0.0086023761,0.0472126901,0.0420563892
101715.156181,-0.325464711,0.180522425,-0.369013345,0.0145767126,0.0314992405,0.0305563286
101715.166209,-0.282418181,0.214271404,-0.362310048,0.0372628495,0.0182556082,0.0201146062
101715.176236,-0.301233356,0.212736303,-0.300811916,0.0456430167,0.00683730515,0.00815435033
101715.186264,-0.332779418,0.160216719,-0.214484462,0.0434232727,-0.00187043275,-0.00174861401
101715.196291,-0.327408246,0.106264034,-0.117336924,0.0395070948,-0.0127313361,-0.00972345099
101715.206319,-0.300394567,0.0752681531,-0.0580699117,0.0268171337,-0.0217440072,-0.0126201697
101715.216347,-0.246171978,0.0707411772,-0.0157727387,0.0122672189,-0.0347069427,-0.0158748198
101715.226374,-0.183761407,0.0842490397,0.0184504334,-0.000587326591,-0.0479330011,-0.0162825491
101715.236402,-0.165288762,0.0803019095,0.0674853903,-0.0132906055,-0.05461061,-0.0144761279
101715.246429,-0.131641928,0.0807185274,0.128256962,-0.024159763,-0.0591475703,-0.00816123933
101715.256457,-0.101119949,0.126844903,0.143230659,-0.0320139602,-0.0665825829,-0.00896658003
101715.266484,-0.0874988352,0.192398156,0.146977445,-0.0394886546,-0.0763015226,-0.0106971022
101715.276512,-0.0638046559,0.228887958,0.171354346,-0.0402045101,-0.0859179348,-0.0143882427
101715.286539,-0.0793821643,0.211788647,0.158235921,-0.0371557251,-0.0935923606,-0.0132196471
101715.296567,-0.127014269,0.173072986,0.209873754,-0.0328680351,-0.0949580297,-0.0139538813
101715.306594,-0.179355866,0.141524002,0.290559402,-0.0354797989,-0.0986547694,-0.0141123403
101715.316622,-0.21057518,0.113312637,0.350256038,-0.0463108756,-0.0927316323,-0.0248219743
101715.326650,-0.252064544,0.0873642491,0.431028195,-0.0490531325,-0.0829655528,-0.0260760598
101715.336677,-0.158484343,0.0823138338,0.444175846,-0.0351335853,-0.06469547,-0.028462518
101715.346705,-0.101029932,0.113426327,0.471211152,-0.0144570693,-0.0480179563,-0.0300281905
101715.356732,-0.0597018968,0.139315824,0.461291231,0.000262221816,-0.0308762528,-0.0349907242
101715.366760,-0.026850013,0.143519998,0.515597407,0.00814571138,-0.022768259,-0.0386624224
101715.376787,0.0795978528,0.19715295,0.536635518,0.0114400415,-0.0218302924,-0.0436191
101715.386815,0.237387199,0.217387198,0.543459227,0.0088346703,-0.022418851,-0.0403745696
101715.396842,0.300790288,0.146902772,0.607179127,0.00085131306,-0.0168917272,-0.0313318074
101715.406870,0.334788419,0.065585548,0.684589699,-0.0124983145,-0.00802766066,-0.018007746
101715.416897,0.316086057,0.0225374105,0.742337539,-0.0318861268,-0.00366407167,-0.00884460658
101715.426925,0.242632698,0.00591258504,0.781500506,-0.0557587035,0.00778459152,-0.00474147499
101715.436953,0.20370471,-0.00482683563,0.817282013,-0.0692364275,0.0254437458,-0.0031148158
101715.446980,0.136357851,-0.0617415859,0.815430832,-0.0764669105,0.050566677,-0.00155473594
101715.457008,0.0802133544,-0.0873816386,0.785576961,-0.064961791,0.0744999722,-0.00449406728
101715.467035,0.0672539196,-0.0691721743,0.674058953,-0.0515815355,0.0957027301,-0.00321228802
101715.477063,0.0541395865,-0.0646644876,0.578077536,-0.039895054,0.114363499,-0.0146974362
101715.487090,0.00387771822,-0.0728733669,0.463302571,-0.0301963501,0.127727777,-0.0257274508
101715.497118,0.00730418553,-0.0850635709,0.329609556,-0.0174749624,0.135881051,-0.0341422409
101715.507145,0.0198404265,-0.109309831,0.19382629,0.00454857945,0.141008437,-0.0332681909
101715.517173,0.0222539174,-0.170659495,0.0823603033,0.024520956,0.145027146,-0.0287655853
101715.527200,0.0568494299,-0.215201963,0.0214718271,0.0345932953,0.143836439,-0.018549433
101715.537228,0.0152723879,-0.278974616,-0.0325584538,0.0399670228,0.135832578,-0.0095854979
101715.547256,-3.50713134e-06,-0.353821913,-0.112785837,0.0407459959,0.12868306,0.00940523669
101715.557283,0.0390408015,-0.387012674,-0.132754858,0.0377944149,0.119524173,0.0319904387
101715.567311,0.0044727615,-0.430273723,-0.16343232,0.0273862518,0.106338061,0.0569338724
101715.577338,0.00126432085,-0.417721846,-0.23945173,0.0166111011,0.0870607719,0.0822099373
101715.587366,0.0717880559,-0.317313553,-0.292128843,-0.00224461174,0.0518796146,0.0989686772
101715.597393,0.0244143103,-0.133243372,-0.38265784,-0.0218630526,0.0107886372,0.0967939347
101715.607421,-0.0280330853,0.0568128973,-0.39354456,-0.0191745926,-0.0287811439,0.0961992517
101715.617448,-0.0279793093,0.203043323,-0.397671869,-0.00764656719,-0.0490760282,0.0850392804
101715.627476,-0.166084296,0.3033635,-0.273725171,0.00427267607,-0.0555464439,0.0629049465
101715.637503,-0.282750774,0.352786433,-0.159752171,0.0246027149,-0.0515692793,0.0370666906
101715.647531,-0.312914441,0.404300201,-0.0986930139,0.0490145795,-0.0434655473,0.00862972438
101715.657559,-0.327324659,0.396039007,-0.0518120203,0.0702969655,-0.0377605222,-0.0175512787
101715.667586,-0.360098802,0.329049291,0.00052899231,0.0834998488,-0.0328232907,-0.043995671
101715.677614,-0.381197119,0.221263016,0.0965367127,0.0826428458,-0.0289422646,-0.0574760586
101715.687641,-0.377903339,0.0951242155,0.180305129,0.071911104,-0.0185554046,-0.0617829263
101715.697669,-0.381916666,-0.0504570986,0.251446119,0.0554098934,-0.0036299834,-0.0622343272
101715.707696,-0.329696065,-0.131520786,0.273541047,0.0423968919,0.00673104497,-0.055917047
101715.717724,-0.243562088,-0.214362589,0.243507728,0.0227776524,0.0145285148,-0.0462835915
101715.727751,-0.231311678,-0.281279532,0.222692903,0.00135944423,0.0157525036,-0.0337172002
101715.737779,-0.177104287,-0.293973448,0.143470313,-0.0113462312,0.0127806822,-0.019612832
101715.747806,-0.0817792885,-0.300473185,0.0691547848,-0.021455856,0.00295042153,-0.000337671489
101715.757834,-0.00274666836,-0.232564017,0.00970890859,-0.0232803877,-0.00745827751,0.0174314715
101715.767862,-0.00382569577,-0.144633366,-0.0540571689,-0.0226713233,-0.0227083378,0.0300412737
101715.777889,0.00675473496,-0.0513671991,-0.0788064102,-0.0181868263,-0.0398441814,0.0434702635
101715.787917,-0.00457855996,0.0442192271,-0.0675315675,-0.0133752935,-0.0567738973,0.0491726249
101715.797944,-0.0257990426,0.155429631,-0.0443593662,-0.00134739268,-0.0737385005,0.0523559004
101715.807972,-0.0348041869,0.268245132,0.0367290175,0.00285108062,-0.0870934501,0.0469890982
101715.817999,-0.0663338821,0.304985548,0.14972119,-0.00318097905,-0.100500606,0.0381719023
101715.828027,-0.136082541,0.337201764,0.258756735,-0.0132221617,-0.111660317,0.0289312676
101715.838054,-0.117310621,0.331244609,0.378607687,-0.02053307,-0.110338852,0.024188444
101715.848082,-0.14299159,0.245830325,0.496771126,-0.028770227,-0.100985296,0.0203883797
101715.858109,-0.188991125,0.204573163,0.597697013,-0.0250774883,-0.0824611485,0.0143696349
101715.868137,-0.216538472,0.179012897,0.636806204,-0.0142541369,-0.061525777,0.00451087952
101715.878165,-0.219469849,0.157525142,0.634747518,0.00367186684,-0.0384691916,-0.00498568639
101715.888192,-0.233899941,0.15691344,0.649537675,0.0231752619,-0.0104058636,-0.016408518
101715.898220,-0.20198037,0.117839321,0.670136226,0.0378077328,0.0152321216,-0.0262952372
101715.908247,-0.146876322,0.0796570357,0.64467153,0.0471426435,0.035454303,-0.0284188427
101715.918275,-0.0999018052,0.0173810507,0.671233374,0.0512881204,0.0525030605,-0.0250430182
101715.928302,-0.0285620776,0.00254398539,0.651443216,0.04436896,0.0701449066,-0.0193507783
101715.938330,0.00477905097,-0.00565086537,0.646000148,0.0359429866,0.0832287446,-0.0155997146
101715.948357,0.0369400299,0.024641397,0.644801294,0.0345024839,0.102521755,-0.00863954425
101715.958385,0.081216394,0.0255361539,0.618852614,0.0369491279,0.116556875,0.00310606183
101715.968412,0.108770171,0.0500263059,0.56282093,0.0322425254,0.120879717,0.011818327
101715.978440,0.105223877,0.0420735934,0.525403346,0.0228255875,0.117558494,0.0208957121
101715.988468,0.0989168858,0.0563463027,0.494676784,0.0101084607,0.108570322,0.0265701097
101715.998495,0.0784019211,0.0351034621,0.498739795,-0.00743412133,0.098724924,0.0348341018
101716.008523,0.0592155746,0.00535246694,0.492536849,-0.0235584956,0.0901567414,0.0432435647
101716.018550,0.0304898308,0.000667670128,0.481561866,-0.0402567834,0.0820040032,0.0533891469
101716.028578,-0.0181955819,0.00666267276,0.45061377,-0.0497235209,0.0740006715,0.0564411283
101716.038605,-0.104551092,-0.00705970925,0.426869322,-0.0593684241,0.0721300691,0.0500316992
101716.048633,-0.171955819,0.0512397734,0.439703084,-0.0722282976,0.0796252638,0.0363952518
101716.058660,-0.2282406,0.070576342,0.448346994,-0.0764962807,0.0984165296,0.0199864488
101716.068688,-0.211765266,0.0631355245,0.403989381,-0.0551134907,0.125299811,0.0089170197
101716.078715,-0.134194535,0.0329512525,0.337625689,-0.0211744327,0.155182615,0.00461867778
101716.088743,-0.070655837,-0.00182297764,0.244456991,0.00749049988,0.17757608,-0.00775516778
101716.098771,-0.084981884,0.0171488493,0.159911745,0.0234817173,0.185864359,-0.0277533773
101716.108798,-0.0941618003,0.0296273688,0.056931263,0.0338243693,0.185615361,-0.0440039858
101716.118826,-0.0345733007,-0.0569714489,0.0335620779,0.0377083234,0.191593885,-0.0486029983
101716.128853,0.0589063625,-0.103630763,0.0160346045,0.0381386913,0.192909762,-0.045679912
101716.138881,0.162695238,-0.130186177,-0.0288046542,0.029958792,0.189158961,-0.0310471747
101716.148908,0.206398186,-0.164649441,-0.0481827239,0.0128269419,0.17144841,-0.0137089305
101716.158936,0.219565711,-0.179343591,-0.142891052,-0.00985173881,0.142738998,0.00096269045
101716.168963,0.198754394,-0.171442316,-0.232961199,-0.0312768705,0.109740026,0.00896495674
101716.178991,0.167427527,-0.121326432,-0.313857275,-0.0463194661,0.0684485137,0.0113719217
101716.189018,0.112417588,-0.106415863,-0.377953607,-0.0569819659,0.0317024849,0.0138654392
101716.199046,0.0821171422,-0.129338766,-0.421411641,-0.0560000576,0.000879591855,0.020548908
101716.209074,0.0302197817,-0.152879216,-0.42303895,-0.0510721467,-0.0262380466,0.0232192613
101716.219101,0.00647650254,-0.17078093,-0.448490202,-0.0391193442,-0.0570052788,0.0307160579
101716.229129,-0.0164583828,-0.146882168,-0.462550291,-0.0353381895,-0.0858603641,0.0328223519
101716.239156,-0.088241178,-0.125144968,-0.42605216,-0.0287756287,-0.117922962,0.0345555395
101716.249184,-0.194254744,-0.0850695623,-0.378862539,-0.023695115,-0.142885834,0.035995774
101716.259211,-0.25044308,-0.0302509075,-0.319721783,-0.0162236169,-0.160093307,0.0370783508
101716.269239,-0.308522928,0.0271704771,-0.210492762,-0.01954671,-0.171454623,0.0363696814
101716.279266,-0.340804319,0.0702045861,-0.0694078827,-0.0244447961,-0.177337542,0.0326697528
101716.289294,-0.316096578,0.110960229,0.00787117177,-0.0147524877,-0.181034014,0.0326575041
101716.299321,-0.23980069,0.198943633,0.042524552,0.0105595263,-0.18648763,0.0307916924
101716.309349,-0.109897714,0.245330997,0.107087333,0.0387357697,-0.186860204,0.0288097672
101716.319377,-0.0513823967,0.277623348,0.222933142,0.0584607385,-0.180734679,0.0235151369
101716.329404,-0.0231546656,0.269807267,0.36180093,0.0703735873,-0.172161162,0.0232709255
101716.339432,0.0308908128,0.270342835,0.469519546,0.0712183416,-0.164650515,0.0266632605
101716.349459,0.0315542452,0.259410961,0.589385112,0.0610256307,-0.154416248,0.0243327282
101716.359487,-0.0441617978,0.255138106,0.691267862,0.0427922979,-0.142757997,0.0146726435
101716.369514,-0.0548936197,0.259901813,0.741203567,0.0305023436,-0.126716182,0.00904352032
101716.379542,-0.0118330611,0.23143925,0.805244369,0.0308986213,-0.0989655182,0.0110661909
101716.389569,0.0266384161,0.188174986,0.841912012,0.0429110751,-0.061914552,0.0211830065
101716.399597,0.0615980858,0.122081488,0.886997355,0.0349426307,-0.0301896464,0.0194253214
101716.409624,-0.0530792638,0.154233553,0.920374139,0.0207581036,-0.00963909552,0.000860424712
101716.419652,-0.157691146,0.161300423,0.856800954,0.00789077301,0.0149602573,-0.0123123694
101716.429680,-0.151993227,0.0968381799,0.8314064,0.00119851553,0.0504817665,-0.0163361393
101716.439707,-0.148241181,0.0143427059,0.82512922,-0.00706207752,0.0840306655,-0.0218243804
101716.449735,-0.151261406,-0.0218042739,0.743989983,-0.0152481021,0.104334608,-0.0233647544
101716.459762,-0.0832534527,-0.0023344343,0.581640197,-0.0211802926,0.108715244,-0.0236084331
101716.469790,-0.017650223,0.0189683198,0.441201799,-0.0332105905,0.109852143,-0.0201306101
101716.479817,-0.00292845467,-0.0165820092,0.357830857,-0.0470819324,0.110342167,-0.013308391
101716.489845,-0.0240244342,-0.0364329571,0.316379487,-0.0593857355,0.119984671,-0.0115850586
101716.499872,-0.0604857406,-0.00822407686,0.210460614,-0.0644502714,0.129918799,-0.014622394
101716.509900,-0.139371061,0.0111066466,0.125842887,-0.0588027686,0.145095363,-0.0172432121
101716.519927,-0.240300456,-0.0190974992,0.0498889433,-0.0430435129,0.169047296,-0.0156820659
101716.529955,-0.28195407,-0.0519261482,-0.019051322,-0.0263143349,0.191507071,-0.00877862051
101716.539983,-0.275716053,-0.0482036205,-0.0859685569,-0.0138808349,0.198341534,-0.00165919214
101716.550010,-0.236239782,0.0329693727,-0.203300805,-0.0185408331,0.184204414,-0.000326545909
101716.560038,-0.232614578,0.0755361564,-0.33064942,-0.0178627931,0.155786887,-0.0129858814
101716.570065,-0.271010652,0.114430827,-0.428396677,-0.0325408056,0.122495502,-0.0256236475
101716.580093,-0.164065358,0.235368406,-0.442829692,-0.0273146182,0.0815818906,-0.0449589938
101716.590120,-0.15928806,0.266100375,-0.575728927,-0.0155783342,0.0449272133,-0.0629185513
101716.600148,-0.123023738,0.244337018,-0.541428013,0.00114871445,0.0198812447,-0.0756953359
101716.610175,-0.150667531,0.168863405,-0.489390952,0.0205410551,0.00547993649,-0.0860398486
101716.620203,-0.147621003,0.113330757,-0.436302921,0.0411022566,-0.0100827776,-0.0981705487
101716.630231,-0.129675012,0.0496234242,-0.412275564,0.0565025173,-0.0271259435,-0.106240459
101716.640259,-0.106847679,-0.0437098163,-0.358376216,0.0618014112,-0.0431890637,-0.113313816
101716.650287,-0.0830079536,-0.151031104,-0.280148482,0.0645636395,-0.0646637306,-0.116201483
101716.660314,-0.000544774401,-0.241197551,-0.234998842,0.0729659125,-0.082299456,-0.10806606
101716.670342,0.0817629219,-0.331832638,-0.200637139,0.0770059228,-0.0998550132,-0.0914652422
101716.680369,0.151888013,-0.398506128,-0.112178518,0.0654648468,-0.110077292,-0.0712196231
101716.690397,0.136107091,-0.432986636,0.0175806649,0.0517114922,-0.131844625,-0.0504938439
101716.700424,0.184641697,-0.398907987,0.0386065018,0.0355458371,-0.161670968,-0.0262401681
101716.710452,0.238942027,-0.344919937,0.080789693,0.0173702948,-0.194541559,-0.00478973798
101716.720479,0.219701905,-0.274152164,0.158352825,-0.00304097054,-0.222723395,0.0131839365
101716.730507,0.167805129,-0.228393745,0.23993513,-0.0211579222,-0.235541731,0.0298254974
101716.740534,0.0614776743,-0.218133925,0.346132236,-0.0297173224,-0.236340672,0.0493142456
101716.750562,-0.0193318925,-0.178718883,0.398747974,-0.0357573703,-0.223624349,0.0642378032
101716.760590,-0.135610247,-0.139737849,0.491501076,-0.0420469567,-0.205369711,0.0706048831
101716.770617,-0.253059984,-0.0655408321,0.524606058,-0.0440523177,-0.185154185,0.0720962584
101716.780645,-0.301370134,0.0432500898,0.521007157,-0.0374780409,-0.163975939,0.0732696429
101716.790672,-0.264623581,0.135214088,0.51437634,-0.0285756253,-0.146184415,0.0764241591
101716.800700,-0.253687761,0.285091492,0.506104771,-0.0263433624,-0.136541113,0.068265833
101716.810727,-0.251934195,0.458186251,0.483966589,-0.0149125438,-0.133141056,0.0607376099
101716.820755,-0.20981121,0.552165096,0.496488801,-0.00358372275,-0.124977939,0.0583109334
101716.830782,-0.176532625,0.597505874,0.538093316,0.00443079369,-0.112767078,0.0569724292
101716.840810,-0.202608731,0.590126139,0.611837767,0.00318470108,-0.103385031,0.0547564104
101716.850837,-0.2468547,0.597400514,0.686668259,0.00144565688,-0.0965721309,0.03817451
101716.860865,-0.294780819,0.684034988,0.657324091,0.00174872461,-0.0952693149,0.0156833138
101716.870893,-0.280337867,0.720295073,0.667078592,0.0131891314,-0.0898793414,-0.00764597766
101716.880920,-0.284118555,0.717314011,0.690467651,0.0288652983,-0.076383777,-0.0270343218
101716.890948,-0.309819982,0.650745151,0.750042122,0.0507751219,-0.0509415269,-0.0390238762
101716.900975,-0.326948812,0.547201482,0.808476776,0.0762961954,-0.019376412,-0.0501316562
101716.911003,-0.396687534,0.50329892,0.865263662,0.0894229114,0.012034242,-0.0722670481
101716.921030,-0.454521299,0.461332732,0.924727658,0.0927033946,0.0428118631,-0.0934274569
101716.931058,-0.410302802,0.366377298,0.946609819,0.100331225,0.0764840692,-0.112238161
101716.941085,-0.394084658,0.308058964,0.959449427,0.10868822,0.119016618,-0.128760949
101716.951113,-0.313935601,0.198539143,1.00426414,0.114579931,0.163304985,-0.133784741
101716.961140,-0.275630128,0.133579326,0.965626655,0.110025391,0.203962147,-0.141402185
101716.971168,-0.22132746,0.0564066546,0.933435865,0.0988758057,0.237578958,-0.144792393
101716.981196,-0.136319273,0.00867605841,0.841933055,0.0884375423,0.264492333,-0.144868821
101716.991223,-0.0298854352,-0.022990488,0.730647101,0.0790586919,0.287326276,-0.146871254
101717.001251,0.0580699117,-0.0238687322,0.619159488,0.0654453188,0.307254046,-0.142885372
101717.011278,0.161321612,-0.049454059,0.548876576,0.0507036559,0.321967185,-0.148183197
101717.021306,0.249387433,-0.0423960302,0.422597051,0.0406837799,0.327226132,-0.143169269
101717.031333,0.349575654,-0.0682610508,0.330388723,0.0354397483,0.335578352,-0.139571339
101717.041361,0.444842201,-0.0795426886,0.248320096,0.0275903475,0.339042336,-0.13372916
101717.051388,0.480365934,-0.116235685,0.188694772,0.0184799396,0.332963109,-0.125856325
101717.061416,0.505741198,-0.172808782,0.0978606548,-0.00177952508,0.311080992,-0.119556621
101717.071443,0.497601731,-0.224908899,0.0386485873,-0.024629714,0.281198472,-0.113237463
101717.081471,0.478063502,-0.302342998,-0.0171475342,-0.048919607,0.259123534,-0.103562199
101717.091499,0.453627565,-0.401785807,0.00059387424,-0.0748510659,0.244761631,-0.100335784
101717.101526,0.34319326,-0.454263452,-0.0222083247,-0.106233224,0.223939434,-0.105438396
101717.111554,0.267715117,-0.461683592,-0.0658411302,-0.115689047,0.216512144,-0.104806699
101717.121581,0.268583132,-0.540281035,-0.127325234,-0.114108726,0.213950187,-0.105257303
101717.131609,0.196073776,-0.56265646,-0.205417943,-0.110668458,0.208926395,-0.109339133
101717.141636,0.145857501,-0.600521861,-0.295103475,-0.0992618725,0.205474943,-0.107466392
101717.151664,0.181621473,-0.684102865,-0.352322907,-0.0739224255,0.204579324,-0.0962981656
101717.161691,0.257839035,-0.720802072,-0.458752068,-0.0623230301,0.190018222,-0.0853999779
101717.171719,0.280869782,-0.66693648,-0.572846065,-0.0532520376,0.167867377,-0.0726985633
101717.181747,0.277545022,-0.687108842,-0.641484717,-0.0435299017,0.140004858,-0.0472339466
101717.191774,0.367922043,-0.672920962,-0.736975135,-0.0324660651,0.0932248235,-0.0211863667
101717.201802,0.38523675,-0.588905365,-0.850713743,-0.0382496528,0.0293491744,-0.00188270956
101717.211829,0.37994975,-0.524870408,-0.917253961,-0.0553426184,-0.0461533032,0.0245904438
101717.221857,0.395918303,-0.503636993,-0.955324456,-0.0609666817,-0.112772815,0.0621404797
101717.231884,0.438434672,-0.480008645,-0.907384309,-0.0629227683,-0.160931543,0.111531734
101717.241912,0.389520711,-0.423599068,-0.788814044,-0.0765973032,-0.200669378,0.156039551
101717.251939,0.302596461,-0.28611857,-0.643778381,-0.0888622254,-0.222254559,0.198208034
101717.261967,0.169892456,-0.19583741,-0.513797664,-0.094607994,-0.251264095,0.21748133
101717.271994,0.0203805247,0.058449997,-0.503421816,-0.101585478,-0.27427569,0.228138238
101717.282022,-0.061963412,0.205902658,-0.469048421,-0.0901650414,-0.302739561,0.230942279
101717.292050,-0.17695991,0.396676574,-0.502585365,-0.0694429874,-0.328141034,0.229071409
101717.302077,-0.291010653,0.527593988,-0.450438998,-0.0355260372,-0.343008399,0.223319247
101717.312105,-0.35215398,0.662971742,-0.385357162,0.00206075329,-0.353020042,0.210207447
101717.322132,-0.33965398,0.855876386,-0.292859495,0.0416776687,-0.363054007,0.184192613
101717.332160,-0.434095766,1.00331692,-0.181421566,0.0734736845,-0.360548794,0.150819212
101717.342187,-0.528273933,1.03356388,-0.014125556,0.100796655,-0.346487015,0.122537777
101717.352215,-0.593409545,1.01384708,0.158119016,0.124361366,-0.323919147,0.0941114649
101717.362242,-0.665274173,0.89472941,0.29875849,0.12603116,-0.290794998,0.0641578287
101717.372270,-0.690075437,0.852295167,0.496414567,0.105195932,-0.257577389,0.0323165394
101717.382297,-0.696353787,0.795441937,0.684147801,0.0674317703,-0.210455686,-0.000938618556
101717.392325,-0.627573096,0.732474317,0.884555222,0.0286963582,-0.153531417,-0.0298038218
101717.402353,-0.545925325,0.690691231,1.02170627,0.0123591973,-0.0885415077,-0.0513421372
101717.412380,-0.458644516,0.622802667,1.06798813,0.015789615,-0.0189331379,-0.0728636757
101717.422408,-0.393508319,0.604936901,1.04175128,0.0352503955,0.0456109717,-0.0902495906
101717.432435,-0.286098331,0.559560759,0.979340707,0.0549308918,0.0976030603,-0.105769694
101717.442463,-0.169016842,0.580611731,0.901631445,0.0687045008,0.134585857,-0.130180225
101717.452490,-0.0668792411,0.644136108,0.815471164,0.0900742337,0.161564469,-0.153827772
101717.462518,0.083540453,0.626200346,0.703072281,0.117364712,0.181108356,-0.163150698
101717.472545,0.205148479,0.571540681,0.598344079,0.154278517,0.196713939,-0.16232644
101717.482573,0.315206352,0.481098267,0.52297758,0.17492494,0.199748352,-0.161668912
101717.492600,0.336184842,0.393403471,0.497124177,0.178908229,0.189717278,-0.160950392
101717.502628,0.325043271,0.259041543,0.459468108,0.164547935,0.174555108,-0.151246905
101717.512656,0.36443537,0.133533587,0.433715242,0.131644309,0.152065516,-0.1387375
101717.522683,0.362549702,-0.0237529238,0.38228433,0.0892481208,0.118402086,-0.11417836
101717.532711,0.343062327,-0.194086475,0.240422037,0.0431701057,0.0746681839,-0.0815951154
101717.542738,0.332419937,-0.346095046,0.147038819,-0.0127288457,0.0382145718,-0.0440304279
101717.552766,0.26297406,-0.434889181,0.144625913,-0.0642570108,0.00615384057,-0.00524654798
101717.562793,0.18466917,-0.464132885,0.119125561,-0.114937238,-0.01285607,0.0240335763
101717.572821,0.11801497,-0.434936162,0.116656541,-0.145362258,-0.0226644911,0.0515501574
101717.582848,0.0282616334,-0.347058776,0.054420157,-0.15313895,-0.0193382036,0.0725089684
101717.592876,0.0135498019,-0.188329738,0.00740004712,-0.141344875,-0.017017791,0.0840407163
101717.602903,-0.0169832835,-0.0179919491,-0.0949661024,-0.114476241,-0.0153064448,0.0807794109
101717.612931,-0.0751186616,0.136446406,-0.149125563,-0.0872805715,-0.0137181347,0.0665440187
101717.622959,-0.126183078,0.276679199,-0.131055653,-0.0594204515,-0.00889861211,0.0411795378
101717.632986,-0.155732998,0.355902008,-0.092926121,-0.0269019231,-0.00108543015,0.0197264459
101717.643014,-0.140220956,0.356306205,-0.0280710792,0.00114009844,0.0188403409,0.000889374875
101717.653041,-0.133689509,0.313579189,0.0944143137,0.0183595642,0.0402130075,-0.0218183342
101717.663069,-0.186969263,0.265999838,0.183790633,0.0234448705,0.0713112727,-0.0399712399
101717.673096,-0.14815701,0.241308172,0.254016847,0.0250923019,0.100868627,-0.0538380519
101717.683123,-0.0566921936,0.238301172,0.313162863,0.0244888291,0.127722889,-0.0684074089
101717.693151,-0.00384556951,0.188471411,0.284681449,0.0255674105,0.14106293,-0.0790749639
101717.703178,0.05741174,0.155607983,0.257809225,0.0196163096,0.154932141,-0.0833408162
101717.713206,0.102936643,0.104995475,0.25910511,0.0164551381,0.16330485,-0.0888000354
101717.723234,0.192314131,0.0718852326,0.21690789,0.00325171882,0.168403208,-0.0931412503
101717.733262,0.224748667,0.0920543796,0.170681561,-0.00944356993,0.166431129,-0.107644029
101717.743289,0.277369665,0.112018286,0.0820662888,-0.0095085511,0.158373743,-0.121942535
101717.753317,0.371969272,0.0663179539,-0.035088849,0.000703339989,0.144647017,-0.130396739
101717.763344,0.417400067,-0.00230469675,-0.0868570302,0.00614497717,0.120034337,-0.13920702
101717.773372,0.378986458,-0.080385423,-0.172206578,0.0246661957,0.0984648615,-0.139009401
101717.783399,0.415694432,-0.25122327,-0.151162037,0.028117653,0.0789068714,-0.130977318
101717.793427,0.408393754,-0.320597982,-0.146835406,0.0181739423,0.0443904437,-0.127423063
101717.803454,0.367106635,-0.430137749,-0.230994867,0.00476199761,-0.00101006287,-0.113533072
101717.813482,0.402397728,-0.587957636,-0.363834481,-0.00149163732,-0.0482228473,-0.086085476
101717.823509,0.39548225,-0.743748137,-0.448286788,-0.0161083974,-0.0980591178,-0.0553304926
101717.833537,0.325326179,-0.805374645,-0.447449168,-0.0191246942,-0.12589474,-0.0193668939
101717.843564,0.311653628,-0.88917974,-0.369225527,-0.0215180758,-0.131783515,0.0306339543
101717.853592,0.245028654,-0.927878669,-0.23374855,-0.0175057575,-0.123261139,0.081250526
101717.863619,0.191091312,-0.855869445,-0.180376441,-0.00995329861,-0.110184751,0.130801305
101717.873647,0.151045717,-0.708990785,-0.112868254,-0.0160711128,-0.0986530036,0.171305582
101717.883675,0.12971476,-0.498660958,-0.092338092,-0.0279280394,-0.103632316,0.202272028
101717.893702,0.127968793,-0.159467947,-0.147332834,-0.0333869867,-0.131157935,0.214753464
101717.903730,0.166748313,0.230501458,-0.240737678,-0.0208267197,-0.162994161,0.208440706
101717.913757,0.113104986,0.498308564,-0.201669404,-0.0160775054,-0.176380277,0.198487133
101717.923785,0.103060562,0.65929203,-0.0442857165,0.00178511604,-0.178398415,0.190343186
101717.933811,0.0332972894,0.736446289,0.0450830043,0.020894628,-0.163716942,0.190422282
101717.943840,-0.0774649325,0.71475344,0.201440272,0.0223857313,-0.138958335,0.194475353
101717.953868,-0.186471251,0.732772642,0.354030296,0.00471991953,-0.115051679,0.19036822
101717.963895,-0.362194313,0.819818473,0.469312041,-0.0289317854,-0.100438386,0.174677938
101717.973923,-0.433077529,0.943395241,0.458483773,-0.0612196848,-0.0961072892,0.151727349
101717.983950,-0.483048305,1.02102106,0.427336939,-0.0772409886,-0.086377956,0.116017297
101717.993978,-0.52303194,1.08953887,0.429583841,-0.0777821466,-0.0688967034,0.0743350983
101718.004005,-0.530075429,1.116477,0.478317769,-0.0536113009,-0.033460442,0.0379706547
101718.014033,-0.496742484,1.09489879,0.506224014,-0.0148846768,0.0129573895,-0.00631079171
101718.024060,-0.431741896,1.0728515,0.530243187,0.0322487429,0.0586606972,-0.052909717
101718.034088,-0.332224706,1.02244437,0.494226117,0.0838118047,0.0924500823,-0.0994655043
101718.044115,-0.227934895,0.916760332,0.425132123,0.135726407,0.121180266,-0.143226027
101718.054143,-0.129361708,0.742116517,0.4360469,0.178872019,0.151355743,-0.17554003
101718.064171,-0.0590466477,0.489313649,0.503095652,0.201386914,0.184270546,-0.194805071
101718.074198,-0.0186480018,0.228631061,0.580682165,0.215248391,0.230264142,-0.199477583
101718.084226,-0.0208107328,0.030829365,0.65153674,0.18695417,0.280705482,-0.188294977
101718.094252,-0.00336333895,-0.170416407,0.69023735,0.126972601,0.302834481,-0.168489054
101718.104281,0.0564525396,-0.304450126,0.521480035,0.035065569,0.283958793,-0.143961072
101718.114307,0.130597388,-0.351265434,0.303677826,-0.0605749339,0.23388657,-0.110603109
101718.124336,0.201909058,-0.409739396,0.0590273585,-0.15384309,0.166775972,-0.0676785484
101718.134363,0.290825944,-0.435802131,-0.112523386,-0.224490359,0.0921651274,-0.0276099537
101718.144391,0.320437238,-0.361139835,-0.290226224,-0.266071349,0.0210616551,0.00348031987
101718.154418,0.300453604,-0.205898201,-0.399386856,-0.287031502,-0.0273711253,0.0175410118
101718.164446,0.211066763,-0.0497008734,-0.386179584,-0.279655606,-0.0429285131,0.0177119859
101718.174474,0.105034492,0.0598548223,-0.344005161,-0.249919295,-0.0288819354,0.0092998594
101718.184501,0.00936813233,0.143160078,-0.320885566,-0.206420541,-0.00432625972,-0.00729749352
101718.194529,-0.0752928491,0.20117278,-0.34618192,-0.151103228,0.0190110207,-0.0247073751
101718.204556,-0.116478846,0.220944525,-0.409366983,-0.0969305485,0.0229082908,-0.0473445132
101718.214584,-0.142290164,0.203259669,-0.449065956,-0.0595312417,0.00490478938,-0.0666811913
101718.224611,-0.132960025,0.174641624,-0.45139586,-0.0350261666,-0.0151956854,-0.089457877
101718.234639,-0.0807704038,0.112131172,-0.413570864,-0.0126979556,-0.0340295583,-0.101022653
101718.244666,-0.0196574712,-0.00395268315,-0.329575653,0.000429297652,-0.0424651206,-0.102741994
101718.254693,0.0110229138,-0.103433779,-0.206035783,0.00544296438,-0.0477933101,-0.101128645
101718.264721,0.0381681104,-0.189614882,-0.142565473,0.00481925206,-0.0559124872,-0.0927857608
101718.274748,0.0624655163,-0.214641626,-0.12141338,0.0055446974,-0.0672117472,-0.0873052478
101718.284777,0.114463999,-0.161494923,-0.139987732,0.00484242197,-0.0827816501,-0.0787596926
101718.294804,0.103760234,-0.211101323,-0.116304658,0.00488396687,-0.092153579,-0.0624363795
101718.304832,0.168332952,-0.249959972,-0.0584194557,0.0109458547,-0.095922485,-0.035520345
101718.314859,0.238146493,-0.25532055,0.0220130944,0.0116886105,-0.100903131,-0.0054607112
101718.324887,0.243645675,-0.249804928,0.0936257937,-0.00413323008,-0.113645561,0.0192603469
101718.334914,0.222069803,-0.257545824,0.148071085,-0.0369034298,-0.133391574,0.0398266092
101718.344942,0.192312962,-0.27019064,0.204218504,-0.0765128881,-0.159798414,0.0573320985
101718.354969,0.130036831,-0.297257219,0.239303846,-0.111157417,-0.185503781,0.0788363218
101718.364997,0.0670984368,-0.349962608,0.281971606,-0.131552696,-0.195511401,0.102366686
101718.375024,0.0314747502,-0.355027417,0.369051924,-0.135917619,-0.189411163,0.125962555
101718.385052,-0.0407832613,-0.298253756,0.450862776,-0.131978542,-0.165925816,0.139277294
101718.395079,-0.0702677144,-0.181977885,0.542757801,-0.118489899,-0.132448822,0.143809199
101718.405107,-0.0940302828,-0.0169600488,0.576113542,-0.0959531665,-0.0917740837,0.143582031
101718.415134,-0.0660971508,0.151366912,0.570984363,-0.0618063807,-0.0580864251,0.138539597
101718.425162,-0.0311018252,0.32323929,0.564225536,-0.0264158975,-0.0224959422,0.125458688
101718.435189,0.0228951379,0.52204176,0.530944029,0.00277208025,-0.00222289516,0.109401688
101718.445217,0.033499534,0.694502167,0.534756865,0.0252941679,0.00638497435,0.085809283
101718.455245,-0.0083528178,0.755651779,0.515146156,0.0333459675,0.0110332556,0.0692675859
101718.465272,-0.0197118317,0.713036041,0.545900775,0.0350389369,0.00935280044,0.0602011234
101718.475300,-0.0507025978,0.642163201,0.592656096,0.0233540554,0.00849686097,0.0590399876
101718.485327,-0.16468612,0.595531067,0.669809479,-0.00889735855,0.00876717176,0.0530119166
101718.495355,-0.229151285,0.574889992,0.749742847,-0.0488714091,0.0131821595,0.0466168746
101718.505381,-0.257530992,0.599353987,0.788396695,-0.0731389299,0.0261964966,0.0342342369
101718.515410,-0.328417131,0.618827772,0.755698541,-0.0812061802,0.0447576642,0.016570555
101718.525438,-0.369101608,0.597154138,0.666519789,-0.0691420585,0.06624192,-0.00223642122
101718.535465,-0.405406263,0.601470248,0.565807252,-0.0500376076,0.0841593966,-0.0283630956
101718.545493,-0.423943205,0.580021802,0.518542228,-0.0256824642,0.105185851,-0.0580871701
101718.555520,-0.370153747,0.539490177,0.409696653,0.0158838872,0.125305504,-0.0794337392
101718.565548,-0.230955705,0.458866781,0.291490545,0.0597623959,0.13759625,-0.0930353031
101718.575575,-0.132924954,0.339109936,0.228489022,0.0945331603,0.137852445,-0.100892425
101718.585603,-0.139675013,0.229863525,0.17679566,0.109628484,0.132288307,-0.111132279
101718.595630,-0.180455936,0.131575877,0.202749016,0.109631948,0.136346698,-0.111506186
101718.605658,-0.184625331,-0.00523746226,0.285052036,0.0959190652,0.150813252,-0.105806224
101718.615685,-0.146007723,-0.0723206284,0.325180049,0.0758215189,0.167065188,-0.090856567
101718.625713,-0.116004214,-0.115210068,0.323940278,0.0476444773,0.170438617,-0.0764291584
101718.635741,-0.128702368,-0.122810387,0.239642284,0.0158511307,0.162735954,-0.0626254678
101718.645768,-0.103872462,-0.0886068695,0.16041911,-0.0154497996,0.145149246,-0.0518260822
101718.655796,-0.00974573347,0.0249801275,0.0911994433,-0.0432721116,0.130827561,-0.0537960231
101718.665823,0.0344698404,0.124050743,0.0163221892,-0.0574345365,0.113727413,-0.0633557066
101718.675851,0.075035075,0.194192712,-0.0652116001,-0.0487390496,0.107507333,-0.0756970569
101718.685878,0.0985135657,0.217965582,-0.120549456,-0.0226611067,0.10232535,-0.0897505581
101718.695906,0.134680858,0.201609345,-0.192495918,0.0110909967,0.0933742002,-0.114278808
101718.705933,0.0832084446,0.177122627,-0.23924364,0.0397106558,0.0857128203,-0.147039682
101718.715961,0.0550327359,0.0884403539,-0.220083013,0.0667475984,0.0887746587,-0.179764077
101718.725988,0.0648433513,-0.0709047702,-0.127476041,0.0963654146,0.0978586972,-0.199579582
101718.736016,0.123366267,-0.330591625,-0.0990069022,0.124790393,0.108299889,-0.205975443
101718.746043,0.139841601,-0.558491157,-0.0577232902,0.139056429,0.122676961,-0.206448942
101718.756071,0.135610832,-0.800186355,0.00863163475,0.134201214,0.136443898,-0.196636796
101718.766099,0.166124044,-0.960535907,0.0671136343,0.114850149,0.147493884,-0.173632681
101718.776126,0.284127907,-1.05105161,0.0561100098,0.0852784067,0.145669088,-0.140339971
101718.786154,0.386684611,-1.04714656,-0.0551537319,0.0509063192,0.127973989,-0.103052251
101718.796181,0.453378559,-1.07959951,-0.167782332,0.0177574214,0.0941771418,-0.0661863759
101718.806209,0.453553915,-1.08492721,-0.276186593,-0.0232999995,0.0500656106,-0.0305415634
101718.816236,0.430222724,-1.00378147,-0.349156552,-0.0631600693,0.0117664235,-0.00347452518
101718.826264,0.369407313,-0.951604632,-0.414274044,-0.0846800059,-0.0200221315,0.0341463536
101718.836291,0.398736868,-0.899447598,-0.444422514,-0.0938780308,-0.043869406,0.0811791047
101718.846319,0.445959222,-0.820340159,-0.51324529,-0.100899458,-0.0727130398,0.132822871
101718.856346,0.397061628,-0.66763155,-0.541556608,-0.118038498,-0.10486751,0.175877392
101718.866374,0.280095875,-0.471230003,-0.511088989,-0.151075795,-0.145778462,0.210089415
101718.876402,0.152195472,-0.304309256,-0.447007854,-0.193711936,-0.186326966,0.237695754
101718.886429,0.0695101741,-0.128494643,-0.360842314,-0.230140522,-0.22431083,0.262933195
101718.896457,0.0165174196,0.0640640375,-0.319109789,-0.244807884,-0.26124993,0.282083988
101718.906484,-0.0559966125,0.279223842,-0.255778011,-0.249657765,-0.283564806,0.291679621
101718.916512,-0.168092713,0.472199287,-0.131168466,-0.242778823,-0.290387839,0.287612706
101718.926539,-0.342445656,0.648653001,-0.0227735573,-0.230064884,-0.286759555,0.269583106
101718.936567,-0.487756044,0.83387206,0.0743219583,-0.203756049,-0.275740713,0.243337393
101718.946594,-0.52489072,1.00242596,0.129994161,-0.166191101,-0.25074774,0.209199652
101718.956622,-0.518791819,1.1309499,0.23385318,-0.124065764,-0.225866377,0.16455549
101718.966649,-0.541133999,1.27621031,0.291865224,-0.07028988,-0.19592686,0.113404691
101718.976677,-0.562730914,1.34657696,0.361083137,-0.0175057594,-0.166935951,0.0460517481
101718.986704,-0.59998074,1.38145816,0.449340097,0.0410401039,-0.126637802,-0.0165655594
101718.996732,-0.543970099,1.23639283,0.580240267,0.0899447948,-0.0801978558,-0.0682700351
101719.006760,-0.449099274,1.08457262,0.707198421,0.131540105,-0.0306633487,-0.103467077
101719.016787,-0.327729733,0.843718039,0.825595084,0.165119901,0.0242342521,-0.124953188
101719.026815,-0.186961665,0.638205987,0.932486017,0.185722649,0.0704118609,-0.140812308
101719.036842,-0.0869797798,0.491250755,0.943894131,0.194810674,0.103096575,-0.148867846
101719.046870,0.00394260015,0.380928239,0.937792891,0.188567162,0.121260129,-0.152153909
101719.056897,0.0841010095,0.243132318,0.916872853,0.165619507,0.133891508,-0.151492119
101719.066925,0.157243987,0.120262164,0.893101517,0.138605729,0.142627731,-0.140017092
101719.076952,0.240250187,0.0438157609,0.874270559,0.118434414,0.153334171,-0.126837373
101719.086980,0.260341958,-0.0411238914,0.829655757,0.101394713,0.16760686,-0.108292192
101719.097007,0.253422388,-0.0903148425,0.783065855,0.0789930001,0.175350532,-0.0954557508
101719.107035,0.238171043,-0.104817415,0.706571814,0.0551204234,0.176722065,-0.0864974111
101719.117062,0.180804311,-0.0961491747,0.611885697,0.0310001727,0.178000376,-0.0718556195
101719.127090,0.19551848,-0.131420468,0.52712184,0.0231851265,0.179153264,-0.0517540798
101719.137117,0.200056124,-0.178578744,0.409170583,0.0105175357,0.179867789,-0.0248321816
101719.147145,0.107534492,-0.206146038,0.363978858,-0.00668781623,0.17538622,-0.0072598476
101719.157173,-0.00366027607,-0.179631395,0.304832842,-0.0348587334,0.16399321,0.00265376968
101719.167200,-0.0603156448,-0.135775083,0.215906019,-0.0630522892,0.14864409,0.0048684543
101719.177228,-0.133169869,-0.0508190637,0.138579619,-0.0870953053,0.1361496,-0.00217560679
101719.187255,-0.202933725,0.0249050895,0.0681762951,-0.0956866667,0.129654944,-0.0120564662
101719.197283,-0.212121825,0.124975602,-0.0163519999,-0.0795066282,0.131465361,-0.0166323092
101719.207310,-0.200438401,0.201727564,-0.139369892,-0.0495527238,0.13476795,-0.0160384253
101719.217338,-0.230873287,0.273909149,-0.219582078,-0.0246479083,0.135036662,-0.0247371085
101719.227365,-0.294570391,0.355998088,-0.24552842,-0.004866214,0.130332991,-0.0406729318
101719.237393,-0.317539763,0.390767423,-0.287177942,0.0153863272,0.126259416,-0.0564148799
101719.247420,-0.327637963,0.341016573,-0.28614743,0.0335192606,0.122558154,-0.0683578253
101719.257448,-0.250350141,0.321219547,-0.334302682,0.0577095486,0.111190453,-0.0781305581
101719.267475,-0.195552967,0.312381357,-0.393834483,0.0729420334,0.0903413668,-0.094639495
101719.277503,-0.170433724,0.289260009,-0.414184028,0.0858120248,0.0597517677,-0.113560989
101719.287531,-0.139166479,0.235586725,-0.427443322,0.0932893828,0.0196877047,-0.132328272
101719.297558,-0.0821586432,0.174848617,-0.4734639,0.0982628316,-0.0188429095,-0.146028906
101719.307586,-0.0513362195,0.0386768636,-0.408730438,0.10029456,-0.0478340797,-0.149152815
101719.317613,0.0146235686,-0.113517731,-0.262364988,0.104485579,-0.0633158386,-0.139185667
101719.327641,0.0947661959,-0.224424695,-0.107049339,0.104610749,-0.0706448555,-0.125595003
101719.337668,0.171830731,-0.270694864,0.0170732999,0.0948950052,-0.0794151798,-0.119249232
101719.347696,0.162526311,-0.314250147,0.127364982,0.0831664428,-0.0761219189,-0.113161243
101719.357723,0.190445999,-0.385929262,0.203719907,0.0801821053,-0.0703159571,-0.0990211889
101719.367751,0.248211375,-0.473498606,0.241482359,0.0778329298,-0.0576821864,-0.0820512623
101719.377778,0.245157248,-0.518056271,0.263680163,0.0704578385,-0.0501848534,-0.0627398863
101719.387806,0.245810744,-0.556222628,0.25302842,0.0609143972,-0.0483174436,-0.0361016169
101719.397833,0.267947757,-0.587265562,0.267853064,0.0362114497,-0.0551266149,-0.00518364739
101719.407861,0.233252291,-0.61028703,0.290906608,0.00669643236,-0.0608841032,0.0257010311
101719.417889,0.229981891,-0.558119255,0.304130246,-0.0277707316,-0.0652769879,0.0586608462
101719.427916,0.250282336,-0.446845577,0.335918885,-0.0674321204,-0.0765373707,0.0808047652
101719.437944,0.184970783,-0.280626256,0.33259354,-0.105070308,-0.0798958838,0.094083555
101719.447971,0.111895025,-0.117341454,0.320919469,-0.11986497,-0.0730307847,0.104956441
101719.457999,0.0962678326,0.0601083587,0.293674903,-0.119076677,-0.059111502,0.115129977
101719.468026,0.0951011269,0.231288224,0.279236044,-0.110825934,-0.0503672808,0.113676958
101719.478054,0.0121942957,0.351617024,0.232359142,-0.106332652,-0.0480908118,0.104839526
101719.488081,-0.0866425107,0.426964526,0.196553084,-0.106827199,-0.0522908829,0.0950241834
101719.498109,-0.127724463,0.453634652,0.168252288,-0.106354751,-0.0591458566,0.0804265961
101719.508136,-0.170527832,0.478282844,0.171468327,-0.106273793,-0.0647278503,0.0661230236
101719.518164,-0.231129308,0.487531588,0.209989489,-0.104426362,-0.0584249385,0.0483677275
101719.528191,-0.289376914,0.492120742,0.269216169,-0.0892370194,-0.0461501628,0.0235566534
101719.538219,-0.359226111,0.543945988,0.266229847,-0.0640110224,-0.0229628198,-0.00873949938
101719.548246,-0.392063381,0.516302632,0.258797067,-0.0276692659,0.00671970751,-0.0336666889
101719.558274,-0.299272869,0.496177397,0.274156548,0.0146270599,0.0444306023,-0.0502659045
101719.568302,-0.184780813,0.446298245,0.261752409,0.0412434898,0.0716419816,-0.06232097
101719.578329,-0.0842711054,0.37497218,0.215484579,0.0549755506,0.0747946277,-0.0746751055
101719.588357,0.0764975487,0.340821854,0.111377723,0.0609468892,0.0557258651,-0.0777840838
101719.598384,0.203169872,0.26709399,0.0521691632,0.0598709732,0.0255229566,-0.0754948258
101719.608412,0.253954887,0.122956006,0.0520621957,0.0577273928,-0.00546798296,-0.0662869513
101719.618439,0.256324539,-0.0233571294,0.112178518,0.0503930487,-0.0198788792,-0.0525503643
101719.628466,0.203705879,-0.164518435,0.275125101,0.0355003849,-0.0124819502,-0.0375426523
101719.638493,0.126367787,-0.28602848,0.419566305,0.0174540039,0.00308822072,-0.0201348998
101719.648521,0.080282328,-0.299921689,0.494525977,0.0010686405,0.0228669867,-0.00729846396
101719.658548,0.0719388625,-0.272667917,0.46884267,-0.0192917604,0.0325470418,0.00418641884
101719.668576,0.0278559752,-0.265764129,0.422981082,-0.0431092046,0.0341153778,0.0120741697
101719.678603,0.0212608147,-0.224933887,0.373043039,-0.0538159125,0.0323270671,0.0182068963
101719.688631,0.0847059896,-0.18575923,0.264047242,-0.0538747683,0.0246483739,0.0279071946
101719.698659,0.146942958,-0.117756392,0.179585583,-0.042520646,0.0170684848,0.0345581733
101719.708686,0.168889417,-0.080562387,0.130699095,-0.0353010856,0.0130737433,0.0422730856
101719.718714,0.105932902,-0.0634757162,0.177789932,-0.031416066,0.0165622178,0.0445945635
101719.728741,-0.0404407315,-0.0653936787,0.184127902,-0.0346230417,0.019348152,0.049027659
101719.738769,-0.151837744,-0.0875090644,0.189646374,-0.0501519367,0.0371955931,0.0480870306
101719.748796,-0.247199568,-0.0615939211,0.240609668,-0.071514748,0.0564478487,0.043745812
101719.758824,-0.245842893,0.000556976296,0.155184716,-0.0708343089,0.0614737682,0.0418669507
101719.768851,-0.155969145,0.107701592,-0.045341363,-0.0484677516,0.0493063182,0.0434986725
101719.778879,-0.11524492,0.166557759,-0.212523391,-0.0335854739,0.0257080458,0.0379153565
101719.788906,-0.153785956,0.240222057,-0.251813199,-0.0280423742,0.00142880506,0.0245995484
101719.798934,-0.227992179,0.255139932,-0.207556709,-0.0286106933,-0.00693352055,0.0076565179
101719.808961,-0.257501766,0.195738918,-0.127955933,-0.0243552271,-0.00293531711,-0.000990499742
101719.818989,-0.230969149,0.195625375,-0.0679419018,-0.0111893574,0.0140596451,-0.00758049265
101719.829016,-0.233481424,0.182012883,-0.0525122775,0.0132238399,0.0296338126,-0.0159292351
101719.839044,-0.259601953,0.175146797,-0.0896124664,0.0398389399,0.0415610448,-0.0224750191
101719.849072,-0.260230314,0.120701067,-0.109277536,0.0547782071,0.0489071086,-0.0255850591
101719.859099,-0.235755214,0.07237287,-0.0479646972,0.0470385291,0.0514980964,-0.0234523974
101719.869127,-0.18088439,0.0551329814,-0.0116191261,0.0297559444,0.0399498343,-0.0141124278
101719.879154,-0.0773375067,0.0371112948,-0.0328664968,-0.000585182628,0.0165273305,-0.00211382098
101719.889182,-0.0411596934,0.0279669613,-0.0602402414,-0.032184653,-0.0169374179,-0.00254338887
101719.899209,-0.0804009859,0.0236515092,-0.086677582,-0.0534867458,-0.0456652045,0.00041644834
101719.909237,-0.113929162,0.0141540514,-0.0667903937,-0.0585110672,-0.0544448458,0.00338800345
101719.919264,-0.132356214,0.0415606754,0.0214501998,-0.0475745276,-0.0456510894,0.00556167495
101719.929292,-0.111879828,0.0916630422,0.0925099414,-0.0324379206,-0.0218429603,0.00139382808
101719.939319,-0.151071436,0.151630312,0.152369075,-0.0150741106,-0.00265435339,-0.0162554737
101719.949347,-0.192145789,0.213833013,0.171919578,0.00422368757,0.0146950753,-0.0339543074
101719.959374,-0.069041972,0.261406738,0.144000475,0.0264072847,0.0205396488,-0.0416053049
101719.969402,0.101591073,0.28297713,0.110979664,0.0367621891,0.0116833067,-0.0456794091
101719.979429,0.178516492,0.273882408,0.111202367,0.0265958365,-0.00394412223,-0.0516233183
101719.989457,0.215759304,0.234807119,0.160369426,0.01731259,-0.0289485417,-0.0483710654
101719.999485,0.281726691,0.142565473,0.182937816,-0.00120782969,-0.0455112718,-0.0404508226
101720.009512,0.233662041,0.0474865583,0.301871069,-0.0201561265,-0.0435137451,-0.031634599
101720.019540,0.173728089,-0.00483297311,0.449462262,-0.0372003578,-0.0250401963,-0.0231622811
101720.029567,0.172066878,-0.0133203771,0.526255579,-0.0464604348,0.00441356655,-0.01793929
101720.039595,0.154726451,-0.032543037,0.549404984,-0.0493086874,0.0335765146,-0.0131559875
101720.049622,0.165450674,-0.0549586478,0.451704488,-0.0486357063,0.0480667725,-0.0103607327
101720.059650,0.195018714,-0.0257077111,0.35057168,-0.0562086701,0.0531555414,-0.0149696004
101720.069677,0.14281448,-0.0776076289,0.26442309,-0.0651153475,0.0520828217,-0.0136729069
101720.079705,0.120909522,-0.19356172,0.164269356,-0.0600116663,0.049325116,0.00105250999
101720.089732,0.1544225,-0.306001155,0.0462748444,-0.0482732505,0.048762124,0.0204206146
101720.099760,0.127702251,-0.349222238,-0.00342179114,-0.038372416,0.042805966,0.0432127491
101720.109787,0.102601127,-0.349753349,-0.00330664033,-0.0435594544,0.0358157009,0.0665518939
101720.119815,0.0964782605,-0.253352684,0.00424596701,-0.0654362589,0.0277654938,0.0795808733
101720.129842,0.0789548788,-0.163403313,0.0332312385,-0.0842360407,0.0160675608,0.095250912
101720.139870,0.106534375,-0.03548194,-0.0141489369,-0.0975646302,-0.000570272678,0.105572522
101720.149898,0.107976975,0.127900185,-0.0614636457,-0.107187435,-0.0129406564,0.110245839
101720.159925,0.140257781,0.288183759,-0.0620294629,-0.10949187,-0.0256713647,0.119466767
101720.169953,0.21301439,0.419151149,-0.0537163926,-0.0996251181,-0.0425861627,0.123148859
101720.179980,0.227689981,0.579725888,-0.0564706598,-0.0927174166,-0.0546452254,0.11654155
101720.190008,0.139777889,0.716017103,0.0233873053,-0.08108899,-0.0590104125,0.100396939
101720.200035,-0.0194049577,0.786914348,0.0966167922,-0.0642045438,-0.0574444719,0.0808250979
101720.210063,-0.107560796,0.79906495,0.124817051,-0.0370166004,-0.0531021878,0.0619579405
101720.220090,-0.18953473,0.800971076,0.172758367,-0.0154923992,-0.0481098257,0.0433368459
101720.230118,-0.275202843,0.726744687,0.294093421,-0.0091729844,-0.0425957516,0.0173377395
101720.240145,-0.377682389,0.638191667,0.370693261,-0.0116254892,-0.0343689807,-0.00150172785
101720.250173,-0.402611663,0.52422758,0.43769116,-0.0190322716,-0.0209889952,-0.0179472808
101720.260200,-0.398755572,0.417241369,0.522538019,-0.029054014,0.0042529786,-0.0303360391
101720.270228,-0.360574018,0.340575332,0.569022123,-0.030636197,0.0374199897,-0.0428070873
101720.280255,-0.258124282,0.305682298,0.535268322,-0.0158521924,0.0699230731,-0.0521590486
101720.290283,-0.133849083,0.276242561,0.455922982,0.0168463662,0.0958875567,-0.062197037
101720.300311,-0.0508873067,0.252313988,0.346021761,0.0480093434,0.11625728,-0.0669305399
101720.310338,0.0281266088,0.230225491,0.269003403,0.0709042698,0.127813265,-0.0689470842
101720.320366,0.122803957,0.158892339,0.24578444,0.073388204,0.141003892,-0.0685028657
101720.330393,0.229364636,0.0735863375,0.232737327,0.0728928521,0.142757326,-0.0604313612
101720.340421,0.332047012,0.0686231621,0.131634914,0.0745136589,0.136879459,-0.0493691191
101720.350448,0.379650474,-0.0109200379,0.0663853201,0.0728300065,0.126487538,-0.0302100722
101720.360476,0.360961556,-0.0959212842,0.0524567479,0.0652738214,0.118852526,-0.00985792838
101720.370503,0.290587459,-0.123458768,0.0724438894,0.0532357991,0.117474876,0.00523207476
101720.380531,0.267098447,-0.118571654,0.152452661,0.0170069542,0.119531371,0.0248308089
101720.390558,0.224731131,-0.0900563377,0.223019066,-0.0189760793,0.115788296,0.0320410505
101720.400586,0.184980135,0.0603550269,0.148062902,-0.0551290251,0.10404136,0.0326610357
101720.410613,0.201439103,0.148804076,0.0318640418,-0.0697444528,0.083674036,0.033521235
101720.420641,0.230657014,0.167212935,-0.0747229403,-0.0653233379,0.0704580992,0.0399367921
101720.430668,0.259114462,0.215908504,-0.0824362911,-0.0607680045,0.0639631823,0.0461568683
101720.440696,0.202168586,0.232100637,-0.0501531472,-0.0680368319,0.0658111498,0.0419219136
101720.450724,0.113060562,0.268667888,0.0124947399,-0.0795864314,0.0716237649,0.0364871994
101720.460751,0.101437344,0.287806304,0.0116506903,-0.0806508958,0.079363443,0.0313678049
101720.470779,0.101152682,0.350463105,-0.0633902299,-0.0798695236,0.0758683085,0.0157741979
101720.480806,0.0500748212,0.432635776,-0.0967266823,-0.0852738768,0.0743764043,-0.0079654865
101720.490834,-0.0592705196,0.443181428,-0.123773095,-0.0849617571,0.0713422671,-0.0393210128
101720.500861,-0.0840320359,0.43073082,-0.20179683,-0.0663364083,0.0702687502,-0.057911478
101720.510889,0.00300853417,0.419196741,-0.273644507,-0.0402861647,0.0643397495,-0.0814184025
101720.520916,0.0061444941,0.355923124,-0.342188467,-0.0170631316,0.0572810434,-0.100295953
101720.530944,-0.00898877762,0.244486217,-0.356676426,-0.00221441081,0.0463644825,-0.115242943
101720.540971,0.0147720372,0.102757925,-0.351736047,0.00974824186,0.0362183712,-0.115698077
101720.550999,0.0300415025,-0.0312356807,-0.322813904,0.00577267539,0.0301887039,-0.115240015
101720.561026,0.0854237825,-0.126515671,-0.260723066,-0.0113136331,0.0134510035,-0.107928574
101720.571054,0.134751585,-0.172061982,-0.262259774,-0.0438718423,-0.0115544805,-0.103015304
101720.581081,0.118642162,-0.208525846,-0.282373757,-0.0663507879,-0.0388534777,-0.0907943249
101720.591109,0.123532856,-0.261094676,-0.334449397,-0.0755940899,-0.0691549256,-0.0706999749
101720.601137,0.082965868,-0.282766483,-0.411294152,-0.0773552358,-0.104409583,-0.0469371229
101720.611164,0.0268739784,-0.333374972,-0.449649893,-0.0991691872,-0.127087474,-0.0287045855
101720.621192,-0.0728150608,-0.366546078,-0.34118835,-0.122215651,-0.140602484,-0.00917802379
101720.631220,-0.115837625,-0.366759721,-0.303407777,-0.14543362,-0.142764702,0.0106827663
101720.641248,-0.103337625,-0.329975612,-0.281680514,-0.162264526,-0.135224491,0.0294684377
101720.651275,-0.0584030891,-0.264874195,-0.280402165,-0.155120596,-0.124208324,0.0583155304
101720.661303,0.0573719925,-0.103821024,-0.384598452,-0.131624594,-0.122790724,0.0794485137
101720.671330,0.0968523545,0.122551006,-0.455883235,-0.1133167,-0.130086988,0.0797326714
101720.681358,0.0482569582,0.392948786,-0.447782346,-0.100735396,-0.13930127,0.0687415451
101720.691385,0.0441617978,0.579023146,-0.433670818,-0.0929504409,-0.147304326,0.0567328185
101720.701413,0.0781406398,0.650313189,-0.368577876,-0.0853287429,-0.160692841,0.0466743261
101720.711440,0.129255325,0.756629538,-0.344845703,-0.0739900619,-0.174775898,0.0332378745
101720.721468,0.125286422,0.83427801,-0.232547942,-0.0660485178,-0.183282569,0.0119943731
101720.731496,0.0352723889,0.880498932,-0.0918804113,-0.0541673563,-0.17914775,-0.0168702975
101720.741523,-0.0328729266,0.871372062,0.0249433026,-0.0278569236,-0.167592019,-0.0445426702
101720.751551,0.00322013109,0.835728063,0.118279758,0.00527413143,-0.149878547,-0.0732520819
101720.761578,-0.0114051911,0.759305917,0.247754279,0.0278305747,-0.125578523,-0.109267876
101720.771606,-0.104899467,0.593452654,0.38553661,0.0504410751,-0.0904080123,-0.140563741
101720.781633,-0.0839233148,0.341006563,0.472681809,0.067326583,-0.0507804453,-0.15230003
101720.791661,-0.0345920054,0.0867322348,0.522633297,0.0742007345,-0.0156123396,-0.153180733
101720.801688,0.0638356356,-0.0508526738,0.531418076,0.0705857575,0.00814252533,-0.148477599
101720.811716,0.179326055,-0.127942489,0.482280828,0.0543125123,0.0133876204,-0.134306386
101720.821743,0.3051403,-0.201156048,0.409398547,0.0377937257,0.0137796374,-0.112362199
101720.831771,0.391617391,-0.229326496,0.30449908,0.028273724,0.00740962289,-0.0797477961
101720.841798,0.431714424,-0.245133575,0.23961715,0.0123131331,-0.000195832341,-0.0478849411
101720.851826,0.382016035,-0.232841226,0.221361362,-0.022915693,-0.0094809439,-0.0239298064
101720.861854,0.327774741,-0.155691132,0.193783035,-0.0493262634,-0.0224713106,-0.00467381906
101720.871881,0.347376683,-0.0224130535,0.0738017338,-0.0635059997,-0.0380185768,0.0112982225
101720.881909,0.418573787,0.131669255,-0.0229483294,-0.0591426753,-0.0660060048,0.0207553729
101720.891936,0.358522931,0.276589036,-0.14022271,-0.0467592441,-0.0899992213,0.00291698892
101720.901964,0.258899358,0.436617539,-0.109717681,-0.0268582366,-0.0864707977,-0.00902622379
101720.911991,0.240033329,0.398919092,0.0254524212,0.0147086456,-0.0568937324,-0.0095178429
101720.922019,0.231816705,0.27956323,0.112028296,0.0614199564,-0.0187631249,0.00156516815
101720.932046,0.275634804,0.220766319,0.195130942,0.0835966319,0.00913881324,0.00875703432
101720.942074,0.213310742,0.201371883,0.242165665,0.0764652193,0.0132517992,0.000949711539
101720.952101,0.154433606,0.24594796,0.226785141,0.0555985533,0.00170140364,-0.0127653014
101720.962129,0.141142747,0.187752669,0.172232297,0.0444516279,-0.00902421121,-0.0156071614
101720.972156,0.174845695,0.0803131615,0.198614108,0.0442598797,-0.00749342609,-0.0142486822
101720.982184,0.207886964,-0.032054669,0.221954067,0.0576957949,0.00404951256,-0.00675294921
101720.992212,0.267551451,-0.0469086123,0.223444598,0.0716683343,0.0168997981,-0.00263170712
101721.002239,0.278288534,-0.0680136519,0.246801508,0.0709226504,0.0360101089,0.00458758976
101721.012267,0.239742238,-0.177689759,0.274406724,0.0707489103,0.0488710962,0.0202872716
101721.022294,0.268529941,-0.267118686,0.255106395,0.0609372929,0.0628811866,0.0448767692
101721.032322,0.269431858,-0.280405891,0.228633399,0.0435849354,0.0650412813,0.0715773553
101721.042349,0.266748318,-0.21625571,0.12358897,0.0132712387,0.0437405184,0.0922304317
101721.052377,0.287363236,-0.0698063075,0.0286234524,-0.011778987,0.0127314692,0.109453097
101721.062404,0.282326411,0.0665839114,-0.0238993465,-0.0318544284,-0.013961128,0.122665308
101721.072432,0.232341606,0.169524938,-0.0645604427,-0.0411501937,-0.0365695022,0.13250649
101721.082459,0.152654906,0.287210968,-0.0557791704,-0.0405102335,-0.0504368469,0.133935273
101721.092487,0.0400496863,0.416678036,-0.00353226578,-0.0405773483,-0.0499769188,0.121784329
101721.102514,-0.164262341,0.490056138,0.0807061064,-0.0352472961,-0.0427051596,0.0992159024
101721.112542,-0.275106981,0.549778347,0.116278355,-0.0150615992,-0.028847931,0.0737542212
101721.122570,-0.295268894,0.603542232,0.108700029,0.0191240683,-0.0181867648,0.0554524511
101721.132597,-0.275074248,0.621492607,0.083152915,0.0462558195,-0.0118942484,0.0340688601
101721.142625,-0.302153978,0.58037193,0.142460844,0.0571585335,-0.00828460045,0.0110674072
101721.152652,-0.334691973,0.530389317,0.217721544,0.0626550317,0.000860162661,-0.00981204212
101721.162680,-0.315325594,0.464585012,0.280260126,0.0617833808,0.0131051103,-0.0243829954
101721.172707,-0.285436067,0.377236837,0.362487743,0.0580696017,0.0281615593,-0.0387094691
101721.182735,-0.249137842,0.289671074,0.389746921,0.0571611971,0.0446912646,-0.047920011
101721.192762,-0.216854698,0.211648947,0.363559171,0.0531845652,0.053771846,-0.0519421846
101721.202790,-0.162902159,0.125645611,0.29419805,0.0457402319,0.0547561496,-0.0499986112
101721.212817,-0.0934171194,0.102381201,0.238166951,0.0335485451,0.0505440943,-0.0539145246
101721.222845,-0.0868558612,0.111343529,0.177532742,0.0204772204,0.04931904,-0.0578386933
101721.232872,-0.0576613309,0.0811846836,0.137382518,0.0177227128,0.0482207537,-0.0495152473
101721.242900,0.0322603476,0.0513331507,0.0788496648,0.0237473156,0.0461522751,-0.038350746
101721.252928,0.0753583156,0.0191167153,0.0274450563,0.0182665307,0.0427668653,-0.0226061326
101721.262955,0.0552004937,0.000970087141,0.0355956295,0.00178129645,0.0304968841,-0.0175874066
101721.272983,0.0312456176,0.0236596925,0.0180740014,-0.0243528355,0.0131256171,-0.0154025499
101721.283010,-0.000192307702,0.0136134417,-0.0160638306,-0.0457276329,-0.0142098675,-0.00817606226
101721.293038,0.0234825824,0.0381682565,-0.0383107337,-0.0558495112,-0.0335601307,-0.00611930341
101721.303065,0.00930909562,0.0737728,-0.0272679462,-0.0567376725,-0.0436447226,-0.00473366026
101721.313093,-0.0354641121,0.140927643,0.0188490774,-0.0539895594,-0.0402878076,-0.0139079839
101721.323120,-0.0761456666,0.237335761,0.102237555,-0.0414492637,-0.0305494238,-0.0303346273
101721.333148,-0.127483055,0.267505566,0.114599024,-0.0213328097,-0.0166059118,-0.0469032153
101721.343175,-0.117564888,0.259438433,0.125588035,0.00917796046,-0.00112708821,-0.0610206351
101721.353203,-0.0350783276,0.209375668,0.115523737,0.044141002,0.0116627431,-0.0662606731
101721.363230,-0.00360474649,0.142090476,0.103210199,0.0676380694,0.01766764,-0.0748786628
101721.373258,0.0234749836,0.0261360926,0.136930682,0.0852508917,0.0178463366,-0.0735239089
101721.383286,0.0731418086,-0.102000604,0.206890354,0.0801727697,0.0215457343,-0.0649711713
101721.393313,0.0732756641,-0.197031808,0.336021761,0.0557478592,0.0262398217,-0.0498555973
101721.403341,0.0859434225,-0.246700532,0.404535909,0.0197917223,0.030476911,-0.0374220982
101721.413368,0.111049222,-0.216265208,0.404428357,-0.0143755693,0.032740064,-0.0202042293
101721.423396,0.162183782,-0.172854229,0.319572146,-0.0300211068,0.0230520181,-0.00997050107
101721.433423,0.238339385,-0.084528295,0.16705168,-0.0277694035,0.00872287899,0.00295169
101721.443451,0.288956643,0.00777662535,0.0593950228,-0.0132368011,-0.00748645049,0.0116445143
101721.453478,0.3181728,0.0867529853,0.030707273,9.81787016e-05,-0.0185100716,0.0224577468
101721.463506,0.247155729,0.118601976,0.118752636,-0.000911425683,-0.017428562,0.0286972672
101721.473533,0.136529116,0.071726535,0.255548879,-0.0144709107,-0.0128918691,0.0363703668
101721.483561,0.0427659595,0.0945724999,0.311131065,-0.0332262218,-0.00441449415,0.0413422212
101721.493589,-0.0261485867,0.178940198,0.335856925,-0.054413002,-0.00104799238,0.0424061567
101721.503616,-0.148850837,0.27086927,0.323104996,-0.077259995,0.00619021337,0.0331151858
101721.513644,-0.273882992,0.322684067,0.275869197,-0.0927417502,0.0101237018,0.0241643004
101721.523671,-0.258024913,0.362710519,0.181857619,-0.0859594718,0.00247750035,0.0157242101
101721.533699,-0.226473591,0.422316846,0.0363484937,-0.0679943264,-0.00802227855,-0.000223862939
101721.543726,-0.225559398,0.423379434,-0.028533436,-0.0469707958,-0.0144926952,-0.0197158065
101721.553754,-0.248705881,0.364872446,-0.0177390703,-0.0156592112,-0.00746541191,-0.0395193398
101721.563781,-0.259894799,0.230352405,0.0279518368,0.0176635906,0.0128068365,-0.0470542163
101721.573809,-0.224579155,0.0866112387,0.0608159955,0.0525707081,0.0382810384,-0.0481471792
101721.583836,-0.154984225,0.0174424985,0.0784030901,0.0701387823,0.0588744618,-0.0458139852
101721.593864,-0.107580085,-0.0338281084,0.0680500384,0.0645932779,0.0652311668,-0.0480989739
101721.603892,-0.126454881,-0.0812751384,0.0360153162,0.0506641492,0.0583828427,-0.0501868948
101721.613919,-0.0831447317,-0.122193132,-0.0280792625,0.0514292754,0.043568477,-0.0328329355
101721.623947,0.0937333457,-0.155237543,-0.0972293711,0.0417556092,0.032310497,-0.0170952547
101721.633973,0.103974754,-0.176155316,-0.0387824429,0.0261225887,0.0284497123,-0.0112554748
101721.644001,0.0149555771,-0.261277997,0.0114098673,0.0158308037,0.0314031579,-0.00732970983
101721.654028,0.0240595055,-0.334234147,0.0296656549,0.0139958849,0.0351254568,0.00924473908
101721.664056,0.0495902526,-0.420527844,-0.0124362877,0.0200101025,0.0359523669,0.01883425
101721.674083,0.0130757547,-0.440638977,-0.0491699814,0.0163003188,0.036088191,0.0282354746
101721.684111,-0.059548752,-0.449944785,-0.0571370147,0.00900112651,0.0341528691,0.035545852
101721.694138,-0.0518617047,-0.465919037,-0.0718330641,0.00516457623,0.018937435,0.0479487255
101721.704166,-0.0291945303,-0.423077528,-0.14277181,-0.00177615415,0.00734948739,0.0608597323
101721.714193,-0.0402817415,-0.388319665,-0.129853291,-0.0166379232,-0.000561432797,0.0706130266
101721.724221,-0.0799240161,-0.337104661,-0.0789917037,-0.0394486971,-0.00977597013,0.0818981677
101721.734249,-0.098013215,-0.20537425,-0.0589952098,-0.057858333,-0.0141073354,0.0861879885
101721.744276,-0.0691501086,-0.0457137765,-0.0958440543,-0.0673964471,-0.0192701388,0.0908493176
101721.754304,-0.00651975716,0.141524732,-0.108860188,-0.0706130117,-0.0209133085,0.0945915952
101721.764331,-0.0237257435,0.252384715,-0.0747948365,-0.0914232135,-0.0299701858,0.095667243
101721.774359,-0.0961661258,0.326639015,-0.0570575197,-0.114372738,-0.0474160239,0.0843520015
101721.784386,-0.220095288,0.46027957,-0.10257307,-0.135108903,-0.0644719675,0.0631601661
101721.794414,-0.296609788,0.537209519,-0.139303841,-0.133324057,-0.0809247121,0.0475503132
101721.804441,-0.292580094,0.560614944,-0.194805948,-0.118546717,-0.0883091241,0.0260191914
101721.814469,-0.394789007,0.552072011,-0.167359138,-0.0908682123,-0.0855274573,-0.00341752637
101721.824496,-0.475806079,0.566365763,-0.194192785,-0.0430500917,-0.085338369,-0.0270110015
101721.834524,-0.386038714,0.602083265,-0.227394213,0.00266706385,-0.079490602,-0.0543012172
101721.844552,-0.406728451,0.576415886,-0.14674422,0.0365563184,-0.0715847388,-0.0850085244
101721.854579,-0.414949751,0.458449432,-0.0442769486,0.0523161069,-0.0656506866,-0.106423274
101721.864607,-0.387728567,0.27815497,0.0269137259,0.0632409304,-0.0623912476,-0.111401781
101721.874634,-0.298291457,0.0536162932,0.0738783062,0.0691957548,-0.0613888316,-0.10932532
101721.884662,-0.169226101,-0.049501113,0.151391754,0.0691598058,-0.0684928074,-0.0993879959
101721.894689,-0.0411029948,-0.0720912766,0.210698514,0.0611101314,-0.0746236742,-0.0915125012
101721.904717,0.0681610976,-0.0810763279,0.30028643,0.0532287732,-0.0679396689,-0.0847382173
101721.914744,0.193602418,-0.0773469321,0.400351317,0.0573875643,-0.0564340204,-0.0703688636
101721.924772,0.348013812,-0.0262790082,0.457578348,0.0701531619,-0.0419229902,-0.0616680533
101721.934799,0.367259195,0.0213267926,0.486528548,0.0801615864,-0.0316178873,-0.0573124513
101721.944827,0.344794265,0.0108960725,0.51159577,0.0893886387,-0.0233628843,-0.0528426021
101721.954854,0.361517436,0.0477406792,0.531830164,0.0972050205,-0.0139629925,-0.0496076569
101721.964882,0.392308881,0.0619032062,0.585569353,0.0989435315,-0.0096990047,-0.0468464941
101721.974910,0.412478393,0.0303975494,0.621634354,0.095065169,-0.00794398133,-0.0392221287
101721.984937,0.456173742,-0.0605664046,0.641287733,0.0954582542,0.00223728316,-0.0245033707
101721.994965,0.447082089,-0.124080919,0.739797207,0.0922824293,0.0173496585,-0.000391908921
101722.004992,0.438615874,-0.139701389,0.778131322,0.0858058929,0.0401889235,0.0162661634
101722.015020,0.307011939,-0.150882124,0.869516058,0.0653195307,0.0640506223,0.0367368832
101722.025047,0.251136907,-0.110482382,0.902311828,0.038887389,0.0838451013,0.0504636131
101722.035075,0.192421683,-0.0208606364,0.854285756,0.0053755031,0.0977305546,0.0605458096
101722.045102,0.175360659,0.0952992068,0.768718181,-0.0228492096,0.0948823094,0.0669001117
101722.055130,0.131353175,0.177871838,0.595704378,-0.0357423723,0.0791446194,0.0741100907
101722.065157,0.164718853,0.271945083,0.415334367,-0.0272591393,0.0589807667,0.0825437829
101722.075185,0.187014856,0.35305429,0.289164148,-0.0114495503,0.044535514,0.0846668556
101722.085213,0.127968208,0.368440221,0.286193608,0.00731215393,0.0344309472,0.0846977532
101722.095240,0.0252156898,0.386054569,0.323940862,0.0185269918,0.0384286195,0.0805733129
101722.105268,-0.0756347944,0.361195876,0.358807008,0.0255603995,0.0464870781,0.0834740251
101722.115295,-0.172342188,0.367718921,0.405445425,0.0228756666,0.0595325716,0.0826820061
101722.125323,-0.281343245,0.408690399,0.467355061,0.0187440403,0.0724249333,0.0701504946
101722.135350,-0.355047948,0.51318903,0.44345513,0.0167573206,0.0891882032,0.0507962443
101722.145378,-0.381615637,0.593216434,0.396041053,0.0324444026,0.10433653,0.0300651323
101722.155405,-0.36195349,0.686974402,0.287017783,0.0674117059,0.116608106,0.0116901193
101722.165433,-0.290010536,0.72405311,0.196181328,0.11432755,0.126801357,-0.00441774447
101722.175460,-0.279252995,0.723645041,0.132008424,0.155608952,0.128342003,-0.0188267771
101722.185488,-0.32040392,0.66556037,0.13309505,0.165402189,0.128600851,-0.0375472009
101722.195515,-0.373240607,0.572470144,0.224555774,0.152848572,0.124327816,-0.0579350293
101722.205543,-0.40869186,0.493966151,0.284909998,0.131127298,0.124779753,-0.0714819953
101722.215571,-0.426205889,0.418361606,0.290067819,0.105146304,0.120313361,-0.094807297
101722.225598,-0.448080452,0.327683629,0.233328863,0.0948728919,0.112642132,-0.113203347
101722.235626,-0.393811102,0.228810728,0.135334938,0.103674911,0.109164044,-0.1263583
101722.245653,-0.303457462,0.0945652665,0.129552263,0.11267639,0.118286431,-0.131021485
101722.255681,-0.234717687,-0.0812322491,0.230916542,0.109534398,0.139366418,-0.129342362
101722.265708,-0.207682381,-0.193000872,0.334637613,0.0898994431,0.16335538,-0.128830776
101722.275736,-0.180015791,-0.26192572,0.361145096,0.0573731884,0.186003163,-0.136619464
101722.285763,-0.147314129,-0.265376226,0.316421573,0.0184265915,0.201001018,-0.147643074
101722.295791,-0.0700052641,-0.267033638,0.234576818,-0.0112729827,0.208757475,-0.163246274
101722.305818,0.0431324548,-0.281904094,0.0481359621,-0.0127619561,0.209948435,-0.163244143
101722.315846,0.227783504,-0.329845556,-0.0945896703,0.0119082369,0.199730963,-0.164610341
101722.325874,0.364105115,-0.319213176,-0.299746917,0.0384391807,0.171997592,-0.173807845
101722.335901,0.397776498,-0.332342853,-0.393677246,0.0608345009,0.142584056,-0.191338092
101722.345929,0.348944371,-0.495158064,-0.41669981,0.0912480652,0.118207604,-0.199278578
101722.355956,0.278933261,-0.764184191,-0.403564434,0.121836863,0.11722596,-0.188127384
101722.365984,0.252946587,-1.04129294,-0.268009132,0.13393268,0.12736994,-0.169076473
101722.376011,0.188987033,-1.29877257,-0.184168819,0.140106946,0.135579139,-0.135379225
101722.386039,0.203853178,-1.42584587,-0.191824887,0.133684471,0.131570548,-0.0938679948
101722.396066,0.235584533,-1.49590827,-0.24555823,0.102174483,0.102860071,-0.0572431386
101722.406094,0.219694306,-1.48308986,-0.281246214,0.0564197786,0.0530752055,-0.0268993527
101722.416121,0.244983645,-1.40615333,-0.324274624,0.0127527248,0.00117126293,0.00665967446
101722.426149,0.27353754,-1.40857281,-0.366509253,-0.0263741706,-0.0409692675,0.0447724387
101722.436177,0.284144274,-1.37543934,-0.320848741,-0.0471881069,-0.078468971,0.0838175789
101722.446204,0.254598446,-1.40154861,-0.345403337,-0.0610892773,-0.100523673,0.127790898
101722.456232,0.222394212,-1.30806062,-0.34915246,-0.0468141995,-0.117036603,0.178557396
101722.466259,0.186035782,-1.17983391,-0.397671284,-0.0550146066,-0.11658147,0.222047612
101722.476287,0.0194569801,-1.10795817,-0.290557648,-0.0495609827,-0.115257882,0.254469752
101722.486314,-0.127561381,-0.9949698,-0.323332959,-0.0687187016,-0.107230313,0.293371081
101722.496342,-0.0358610025,-0.772816629,-0.247382523,-0.0655609891,-0.107906222,0.331561595
101722.506369,-0.0387643227,-0.570602889,-0.38849546,-0.0637327284,-0.121462248,0.365981102
101722.516397,0.0217974058,-0.217260722,-0.437222373,-0.062492758,-0.1553009,0.380178928
101722.526424,-0.0348830973,0.167362353,-0.521484711,-0.054733377,-0.196367651,0.382639706
101722.536452,-0.0935913069,0.498530171,-0.514558127,-0.0447153635,-0.240939379,0.369093537
101722.546479,-0.163642748,0.783356363,-0.430489266,-0.0434202664,-0.282166421,0.336651444
101722.556507,-0.346219914,0.935458749,-0.254281635,-0.0330320746,-0.308060616,0.289960086
101722.566535,-0.550817188,1.02762346,-0.1133008,0.00492436346,-0.316619486,0.24357076
101722.576562,-0.618487872,1.073228,0.0384545261,0.0446478054,-0.301913232,0.189506188
101722.586590,-0.679231971,1.08115193,0.298193258,0.084769927,-0.263144791,0.123190284
101722.596617,-0.723996996,1.0579437,0.529558712,0.130477756,-0.202845514,0.0623900481
101722.606645,-0.653272185,0.92850725,0.718203215,0.182284757,-0.130977988,0.0137908207
101722.616672,-0.583461567,0.738979461,0.861392373,0.212682083,-0.0642564818,-0.0220992696
101722.626700,-0.483278607,0.580046936,0.920834742,0.216178283,-0.0243407544,-0.0508574136
101722.636727,-0.366772873,0.45781055,0.962812766,0.193564311,-0.0066224779,-0.07451161
101722.646755,-0.25401334,0.292858838,0.938823403,0.155985788,-0.0105671519,-0.0803194344
101722.656782,-0.0442746105,0.119840797,0.915174232,0.108736247,-0.0241495389,-0.0685035214
101722.666810,0.0982633904,-0.0269965088,0.919702523,0.0495869033,-0.0372951701,-0.0478315316
101722.676838,0.193898186,-0.125379288,0.911612156,-0.00384569238,-0.0523140691,-0.0201141499
101722.686865,0.237785258,-0.182614721,0.860080706,-0.0525043085,-0.0627438053,0.00378985191
101722.696893,0.183120187,-0.212645191,0.799842218,-0.0862803832,-0.0677217841,0.0281697605
101722.706920,0.132906834,-0.184830132,0.712044108,-0.103653781,-0.0631816313,0.0464028269
101722.716948,0.0618254648,-0.12247984,0.636151539,-0.10000179,-0.0539961196,0.0534681939
101722.726975,-0.0240939923,-0.082884108,0.502567829,-0.0843245536,-0.0405809805,0.0638190955
101722.737003,-0.0895025763,-0.043529199,0.47535892,-0.0633716062,-0.0157579184,0.0651719868
101722.747030,-0.141287124,0.00733458067,0.440726582,-0.0376049876,0.00809228607,0.0643527955
101722.757058,-0.158005035,0.0586151975,0.388567356,-0.0227192473,0.0212461706,0.0582973026
101722.767085,-0.195687992,0.089786727,0.355381126,-0.00927960686,0.0255229417,0.0479807481
101722.777113,-0.154862645,0.143067066,0.256914906,0.00493022241,0.0179563686,0.0401036516
101722.787140,-0.105762222,0.168990612,0.204167066,0.0146102803,0.013355758,0.031170344
101722.797168,-0.101226916,0.161321685,0.209224934,0.0281455312,0.00177819736,0.0260908958
101722.807196,-0.0712000269,0.0971310984,0.196430919,0.0504569598,-0.000391213689,0.0203824118
101722.817223,-0.0660819532,0.0505414889,0.268535786,0.0672857389,0.00617054896,0.0219342336
101722.827251,-0.047263271,-0.0362532897,0.320220965,0.0766305029,0.0131608145,0.0168510601
101722.837278,-0.00257891058,-0.0802929955,0.40828854,0.0809016824,0.0252121501,0.00868074689
101722.847306,-0.0065635963,-0.179301797,0.453604768,0.0871683657,0.0360842384,0.00871217251
101722.857333,0.0268798236,-0.290424085,0.448892938,0.0943543762,0.0523657389,0.0155823287
101722.867361,0.0348889426,-0.382967125,0.471790414,0.101811759,0.0661484003,0.0285585821
101722.877388,0.016864041,-0.432698539,0.441359035,0.0971767977,0.0774055794,0.0345376432
101722.887416,-0.0119417822,-0.452742014,0.448010309,0.0861153528,0.0827974156,0.0409396179
101722.897443,0.0290554141,-0.461789317,0.412018959,0.0704916567,0.0832986236,0.0525829569
101722.907471,0.120973819,-0.41307972,0.378650942,0.0482489318,0.0828592032,0.0573023446
101722.917499,0.160355397,-0.351145022,0.316803265,0.0376434252,0.0711064041,0.0633628964
101722.927526,0.255970319,-0.301117255,0.190144971,0.0403758287,0.0622726977,0.079238005
101722.937554,0.327863589,-0.277580605,0.146197108,0.0427545644,0.057414826,0.0941266716
101722.947581,0.264581495,-0.296768851,0.168977095,0.0439870767,0.0549588576,0.113760032
101722.957609,0.176492877,-0.265595202,0.139918758,0.037827719,0.0472636558,0.123910666
101722.967636,0.0198386729,-0.233210863,0.113407183,0.0325495973,0.031950213,0.128213003
101722.977664,-0.0803694217,-0.186223852,0.0594353548,0.0296185259,0.0218262076,0.135899678
101722.987691,-0.0827706377,-0.122186921,0.08277999,0.0210055951,0.0181071032,0.142733619
101722.997719,-0.106055652,-0.0333723274,0.114993576,0.0175735801,0.0163193233,0.146868452
101723.007746,-0.115645318,0.103387821,0.0748743315,0.0191022344,0.00517452648,0.146527559
101723.017774,-0.104504915,0.194666321,-0.00780862792,0.0228565801,-0.00848607346,0.138170034
101723.027802,-0.132488901,0.27590836,-0.0132557874,0.0266225561,-0.018476123,0.128208742
101723.037829,-0.170478147,0.362200304,0.044340077,0.027374899,-0.0247084536,0.110679008
101723.047857,-0.245754045,0.430771882,0.0713747989,0.0359287076,-0.0249753017,0.0913444608
101723.057884,-0.22868776,0.481557628,0.0861217017,0.0526991673,-0.0195773412,0.0697648674
101723.067912,-0.208055306,0.479546434,0.110709615,0.0677657276,-0.0128584513,0.0500787795
101723.077939,-0.197544433,0.447310929,0.118095634,0.0833558738,-0.01212049,0.0291663092
101723.087967,-0.1384557,0.41239729,0.085382866,0.0980767608,-0.0140619343,0.0139695127
101723.097994,-0.0473866051,0.347738648,0.103062315,0.114398748,-0.011721815,0.00557709392
101723.108022,-0.00148293203,0.23797837,0.147120653,0.122703016,-0.00867702253,0.00113680493
101723.118049,-0.0140899002,0.0802284058,0.237677706,0.116578273,-0.00257066078,0.00192829687
101723.128077,-0.0210404499,-0.0506586855,0.310585706,0.102870986,0.00491468608,0.00222284254
101723.138104,-0.0411550172,-0.145650142,0.326602775,0.0827902183,0.0068667829,0.0099462755
101723.148132,-0.0135422031,-0.194448221,0.307193141,0.0615781434,0.00640685484,0.00992204063
101723.158160,0.0582803395,-0.204232167,0.250200503,0.057568755,0.00953606982,0.0201011747
101723.168187,0.148371529,-0.228725607,0.162734401,0.0625336841,0.0108921509,0.0332382843
101723.178215,0.169745157,-0.208718665,0.101688104,0.0696935952,0.00470323116,0.0425486937
101723.188242,0.16008944,-0.175085933,0.00967675988,0.0740015209,-0.00983097032,0.0517392606
101723.198270,0.101558925,-0.193398931,-0.0143254625,0.0659843385,-0.0221174639,0.0589196756
101723.208297,0.0142155724,-0.168410401,0.0131681091,0.0570249371,-0.0322507918,0.0666401833
101723.218325,0.0377238737,-0.106985115,-0.00621405221,0.0482634045,-0.0429226123,0.0734988824
101723.228352,0.0195008193,-0.0681734456,0.000811316383,0.0471158475,-0.0491480157,0.0704138801
101723.238380,-0.0571072041,-0.0597303191,-0.0167202487,0.0612223484,-0.0534881689,0.0792798102
101723.248407,-0.065503861,-0.0603301117,0.00472527496,0.0680216625,-0.0491000786,0.0815285817
101723.258435,-0.200162507,-0.0172504831,0.0604085837,0.0721745938,-0.0447029322,0.0785746053
101723.268463,-0.225969733,0.0365652783,0.0652531012,0.0776939914,-0.0454084054,0.0744333863
101723.278490,-0.227964121,0.0596930559,0.0677016634,0.0886763409,-0.0458883084,0.0705241337
101723.288518,-0.272201323,0.084859865,0.0380050287,0.0966280028,-0.0517842807,0.0622361153
101723.298545,-0.254329566,0.149199358,0.0267255098,0.109030612,-0.0557728969,0.0483413339
101723.308573,-0.237186123,0.164757797,0.0241670575,0.115181983,-0.0549276099,0.0390056223
101723.318600,-0.176695707,0.16731961,0.111370125,0.12221805,-0.0489876941,0.0359728187
101723.328628,-0.0946551367,0.123788146,0.156883922,0.136932015,-0.0487306975,0.033442013
101723.338655,-0.023793548,0.0718348907,0.133012632,0.140069753,-0.0511515103,0.0362316743
101723.348683,-0.0498825135,-0.0075764266,0.194226103,0.130328178,-0.0595892072,0.0387997627
101723.358710,-0.111942956,-0.076488927,0.262190801,0.112907372,-0.0647773147,0.0443087742
101723.368738,-0.14425065,-0.141525609,0.336687531,0.0932385996,-0.0575974286,0.046413742
101723.378766,-0.17897768,-0.164342275,0.414148956,0.0762913078,-0.0389808677,0.0476957858
101723.388793,-0.132616326,-0.159939364,0.417740843,0.0681287199,-0.0120435245,0.0507664084
101723.398821,-0.0853992326,-0.14864925,0.405571682,0.078161642,0.00838878006,0.0578522831
101723.408848,-0.0264437703,-0.128547323,0.247187293,0.0981662497,0.0172128975,0.0648619905
101723.418876,0.0635240854,-0.0606548866,0.109929863,0.117703728,0.0104753664,0.0638065785
101723.428903,0.096703886,-0.00439114763,0.0568453383,0.126419991,-0.00248437468,0.0632944554
101723.438931,0.0876753608,-0.0186301739,0.0645680415,0.128573686,-0.00913162436,0.0641354769
101723.448958,0.138068747,-0.0513696834,0.115956868,0.137114182,-0.0155160204,0.0825254023
101723.458986,0.20605741,-0.0833325824,0.132322896,0.133241415,-0.0201965254,0.095381543
101723.469013,0.16845161,-0.0713897042,0.176399354,0.112047441,-0.02914235,0.0998151749
101723.479041,0.121119365,-0.0392019834,0.19375264,0.0914819762,-0.0447032005,0.105231248
101723.489068,0.137675363,-0.00645195262,0.198763161,0.0720438287,-0.0588453859,0.111762382
101723.499096,0.117228788,0.0133920541,0.197694655,0.0707346201,-0.0710147023,0.120050937
101723.509124,0.0608294395,0.0243760241,0.221604523,0.0709878877,-0.0698136166,0.128329381
101723.519151,-0.0536006573,0.0206822111,0.304048998,0.0749099255,-0.0557731614,0.137128204
101723.529179,-0.128247025,0.0678078271,0.385388726,0.0753781125,-0.0356686935,0.144288644
101723.539206,-0.152783501,0.137893609,0.445789126,0.0725053549,-0.0117465816,0.14441514
101723.549234,-0.172080322,0.229632347,0.429853306,0.0626732334,0.00510163978,0.140780732
101723.559261,-0.158337043,0.283266103,0.374086411,0.0516695864,0.0137694301,0.141431868
101723.569289,-0.11224983,0.366762863,0.290617854,0.0501822121,0.0154980887,0.148160353
101723.579316,-0.0734217946,0.417773577,0.177428697,0.0525532253,0.00554825179,0.150554523
101723.589344,-0.0789344205,0.486952765,0.0833200882,0.0467062555,-0.0185914394,0.143091813
101723.599371,-0.146890351,0.576722176,0.0171323366,0.0449421778,-0.0480409414,0.133982211
101723.609399,-0.207467277,0.593938537,-0.0213993464,0.0467387438,-0.0685478151,0.122769758
101723.619426,-0.248058231,0.600200959,0.023873043,0.0553189181,-0.0726767778,0.117117465
101723.629454,-0.243157599,0.599714198,0.123111416,0.0661446601,-0.0597444661,0.108156465
101723.639483,-0.252554957,0.625154783,0.237041162,0.0804173425,-0.0434653647,0.0970145985
101723.649510,-0.24220249,0.615033056,0.256891525,0.0926351249,-0.0258986205,0.0834274143
101723.659538,-0.214756849,0.592687514,0.283576703,0.107043892,-0.0140089374,0.0721289515
101723.669565,-0.205034497,0.548241639,0.269382758,0.111421861,-0.0134709785,0.0624475703
101723.679593,-0.155838212,0.471609066,0.276516263,0.106604204,-0.0181903671,0.0533928201
101723.689620,-0.164999424,0.441812624,0.301528539,0.110502541,-0.0184902381,0.0411835536
101723.699648,-0.117877022,0.426268141,0.319047829,0.112732939,-0.015702175,0.0364998579
101723.709675,-0.0444768551,0.367191244,0.349677361,0.11605949,-0.0108640101,0.0321554393
101723.719703,-0.00598316606,0.333252442,0.356384165,0.127760619,-0.00300182682,0.0268560164
101723.729730,0.0591629676,0.282602159,0.363503642,0.143822417,0.00645585731,0.0269625429
101723.739758,0.114750999,0.253712165,0.344139601,0.15275678,0.0157689322,0.0302515477
101723.749786,0.085676296,0.197214617,0.35580958,0.151743189,0.0180089157,0.034144558
101723.759813,0.0187631527,0.109039709,0.416382999,0.139413014,0.0169894584,0.0364995897
101723.769841,-0.0734422528,0.0768847945,0.435682743,0.115833923,0.026594948,0.0358234122
101723.779868,-0.115665776,0.00796703336,0.525952796,0.0928825364,0.0465084687,0.0465698019
101723.789896,-0.0610655863,0.00243183026,0.531729042,0.0718472898,0.0631460324,0.0539765805
101723.799923,-0.0245990192,0.0438384111,0.454113887,0.0563767254,0.0735587254,0.0606603175
101723.809951,0.0172375505,0.0710026046,0.340140886,0.0496964529,0.0754373148,0.068736352
101723.819978,0.0542629206,0.0811645907,0.207301857,0.0527074225,0.0647332743,0.0754379332
101723.830006,0.0253892928,0.147292283,0.0382277316,0.0606705397,0.0486371331,0.0810292363
101723.840033,-0.0331833077,0.168017529,-0.0471136334,0.0644029528,0.0262279641,0.0833469853
101723.850061,-0.0859451761,0.170047501,-0.0626256753,0.0618729554,0.0042536892,0.0846705809
101723.860089,-0.122412912,0.20485651,-0.0602706366,0.0544392765,-0.0170124508,0.0815799832
101723.870116,-0.131557173,0.229507698,-0.0560538957,0.0496522449,-0.0296488833,0.0753612295
101723.880144,-0.17558453,0.240322522,0.000216273099,0.0533178188,-0.0310766026,0.0696500838
101723.890171,-0.223348152,0.232643804,0.00868307267,0.0730390549,-0.0244740956,0.0681248903
101723.900199,-0.220127437,0.219510328,-0.000355389309,0.0947406217,-0.0195871945,0.0653650612
101723.910226,-0.246063257,0.243679577,-0.00207329914,0.114994228,-0.0242631733,0.0589590892
101723.920254,-0.240596809,0.250415607,-0.0277624517,0.129854396,-0.0401971303,0.0597196892
101723.930281,-0.234640531,0.244757728,-0.000891980404,0.128732145,-0.0616121404,0.0572860911
101723.940309,-0.257363234,0.236721867,0.0596545505,0.118588962,-0.0798047334,0.0580901057
101723.950336,-0.214036718,0.211062598,0.161094233,0.0991391018,-0.0936145559,0.0630233437
101723.960364,-0.180862763,0.202922911,0.289280468,0.0751770437,-0.0995502099,0.0665933117
101723.970392,-0.169217333,0.229557236,0.369171751,0.0590409525,-0.103557996,0.0687422156
101723.980419,-0.15124387,0.259377351,0.378821038,0.054766044,-0.0997472778,0.0685933456
101723.990447,-0.161113522,0.254300048,0.435903108,0.0669963434,-0.0915567279,0.0721459985
101724.000474,-0.22361937,0.265707138,0.430959221,0.0819089785,-0.0866248235,0.0697526187
101724.010502,-0.261705648,0.285049844,0.420432567,0.0926638916,-0.0824825391,0.0675267503
101724.020529,-0.260631296,0.268781139,0.475674561,0.0881509855,-0.0715339854,0.0621127076
101724.030557,-0.262307121,0.2610428,0.577101384,0.0846153721,-0.0571281537,0.0617976561
101724.040584,-0.212497672,0.235609376,0.61091013,0.0774828941,-0.0437612124,0.0645513684
101724.050612,-0.183937933,0.201506177,0.607070406,0.0695128515,-0.0312041417,0.0683975071
101724.060639,-0.198826874,0.195975284,0.630799657,0.0702718496,-0.017204171,0.0746849626
101724.070667,-0.174020934,0.22970965,0.616090748,0.0677410513,-0.0112874266,0.0803140849
101724.080694,-0.213892926,0.269964065,0.575635403,0.0552721247,-0.011870659,0.081259504
101724.090722,-0.248047125,0.29263007,0.522901008,0.0420655087,-0.0248290673,0.0780128464
101724.100750,-0.269895384,0.343301542,0.457621018,0.0251784064,-0.039982453,0.0720481649
101724.110777,-0.27817046,0.376190543,0.468801753,0.0166584216,-0.0549451597,0.0634450912
101724.120805,-0.267455589,0.399920378,0.43838791,0.0189519357,-0.0603479147,0.0595198534
101724.130832,-0.210742938,0.428765365,0.449041991,0.0305393487,-0.0607905313,0.0534007102
101724.140860,-0.200115161,0.446349098,0.460067827,0.0523354597,-0.0518662781,0.0431430116
101724.150887,-0.198643919,0.405183706,0.49169806,0.0719083622,-0.0425500087,0.0375429168
101724.160915,-0.233820446,0.325973391,0.545607345,0.0886559188,-0.0301926732,0.0364137366
101724.170942,-0.315328517,0.280207519,0.573916325,0.0987969711,-0.00808657333,0.0353543311
101724.180970,-0.412016036,0.269402193,0.595096475,0.10043668,0.00599808712,0.0325305834
101724.190997,-0.467992775,0.26093291,0.583474426,0.0796919838,0.013207796,0.0217349268
101724.201025,-0.494108628,0.324546573,0.581036386,0.0522805974,0.0055536055,0.0103906589
101724.211053,-0.42692602,0.332009895,0.472899252,0.0394849069,-0.0185938086,0.00491253613
101724.221080,-0.35683074,0.32310295,0.349241308,0.0396723934,-0.0413025841,0.00818795804
101724.231108,-0.31901042,0.299821005,0.311572379,0.0415347405,-0.068944864,0.00964177772
101724.241135,-0.276454304,0.295417801,0.340793213,0.0422631167,-0.0860673934,0.00524649676
101724.251163,-0.312483649,0.322539179,0.420177715,0.0374704935,-0.0873483717,-0.00560162403
101724.261190,-0.346112947,0.323500571,0.539730562,0.0388441496,-0.0742602646,-0.0211467613
101724.271218,-0.385710213,0.300836319,0.614355887,0.0521988384,-0.050524313,-0.0295303911
101724.281245,-0.356637848,0.232943006,0.62165715,0.0691602454,-0.0211272743,-0.0340854637
101724.291273,-0.334983065,0.190112457,0.614330168,0.0850521326,-0.00530277099,-0.0420605652
101724.301300,-0.309965528,0.154508498,0.587028904,0.0932165831,0.00324171502,-0.0498801395
101724.311328,-0.248327695,0.164890337,0.569383357,0.0932986066,-0.00110935757,-0.0589572564
101724.321356,-0.190271812,0.172278767,0.535383473,0.096348457,-0.00982828066,-0.0652942508
101724.331383,-0.0970890859,0.140744249,0.506361376,0.102731258,-0.0218841452,-0.0634683818
101724.341411,-0.026208208,0.0865957489,0.5376672,0.104791746,-0.0252117645,-0.0618611649
101724.351438,-0.0414180521,0.00370513813,0.645469987,0.10301169,-0.0160595458,-0.0573625565
101724.361466,-0.0834971984,-0.0406233946,0.757261552,0.0970448777,0.0022851075,-0.0545052513
101724.371493,-0.0698649789,-0.0776347361,0.80865447,0.0845407993,0.0266426448,-0.0476678498
101724.381521,-0.0266243876,-0.115146574,0.860498055,0.0688409358,0.0459596179,-0.0411196686
101724.391548,-0.0141109429,-0.11929383,0.831702168,0.0505945496,0.055053778,-0.0332455002
101724.401576,0.0109352355,-0.120269032,0.733656805,0.0341521949,0.0449284427,-0.0239928812
101724.411603,0.0161444946,-0.09943448,0.613154694,0.0178355388,0.0286631845,-0.0118752327
101724.421631,0.0497141712,-0.0934334129,0.582501198,0.0042808475,0.00898002833,-0.00577499531
101724.431659,0.0258726924,-0.0455009375,0.562056375,-0.00575554138,-0.00824689586,-0.0024889214
101724.441686,-0.0141366619,-0.0147707951,0.571260257,-0.0103702666,-0.0117201908,-0.00224683993
101724.451714,-0.031962826,0.00758592508,0.632131198,-0.00579442317,0.00156898366,-0.00253312942
101724.461741,-0.0353840326,-0.0056356678,0.67827394,0.00419349596,0.0297417659,0.00217081187
101724.471769,-0.0813052413,-0.0285283945,0.715302233,0.0219341423,0.0545866601,0.0048760511
101724.481796,-0.129611299,-0.0426404335,0.687644995,0.0344659127,0.076029636,0.00959357433
101724.491824,-0.159254158,-0.0459084953,0.660054393,0.0280908383,0.0912349522,0.00839648396
101724.501851,-0.174169403,-0.0441750226,0.644608402,0.0137377325,0.0989634469,0.00808223058
101724.511879,-0.146966339,-0.0255325737,0.5602654,0.00409762189,0.0980832726,0.0139339939
101724.521906,-0.104040805,0.00197553786,0.427260367,-0.00677180337,0.0849110112,0.0216108225
101724.531934,-0.0821329243,0.0347890624,0.31619244,-0.0153032392,0.0688388348,0.0267925356
101724.541962,-0.0920820714,0.107551735,0.253632231,-0.0205800273,0.0555350147,0.0261951871
101724.551989,-0.0915682766,0.153859678,0.221403448,-0.0170651879,0.0443252362,0.0242920928
101724.562017,-0.0824140793,0.178916378,0.181979784,-0.00493528787,0.0380593501,0.0234968737
101724.572044,-0.104614221,0.175612222,0.151388831,0.00854350347,0.0328986757,0.0207096078
101724.582072,-0.135432553,0.157890395,0.184130825,0.018574832,0.0320741609,0.0222971179
101724.592099,-0.185365335,0.130492758,0.232502934,0.0172637571,0.0384116843,0.0225173626
101724.602127,-0.223808755,0.110188075,0.294121478,0.0112503404,0.0446530692,0.0201050714
101724.612154,-0.242637374,0.0864888545,0.304905907,0.0066934051,0.0483093224,0.0165889002
101724.622182,-0.240235574,0.11298472,0.263376796,0.00852832384,0.047754854,0.0128543489
101724.632209,-0.216047474,0.10952625,0.235873872,0.00899970345,0.0474845432,0.00948172156
101724.642236,-0.194058345,0.0893953896,0.248797651,0.0114404904,0.0499865822,0.0114159752
101724.652264,-0.146980367,0.0805765617,0.257892811,0.0117387641,0.0542146191,0.0140956482
101724.662291,-0.114401455,0.113644719,0.284005742,0.0116255796,0.0583105609,0.00396924466
101724.672319,-0.154335406,0.187544652,0.255590964,0.0153087312,0.0596685037,-0.00144070107
101724.682346,-0.128294956,0.201991622,0.200685654,0.0276796464,0.0599507987,-0.00133151095
101724.692374,-0.109136667,0.201953263,0.147850136,0.0325372517,0.0499258637,0.000193681568
101724.702401,-0.126637836,0.226854699,0.156969846,0.0237956923,0.0405339599,-0.00538910367
101724.712429,-0.163006204,0.280851297,0.179562786,0.0143164378,0.0311702844,-0.0187722873
101724.722456,-0.156651866,0.29761575,0.168754977,0.0111576626,0.0257760528,-0.0227001831
101724.732484,-0.0833241799,0.257959666,0.176706228,0.0199673977,0.0247600563,-0.0214511603
101724.742511,-0.0428308415,0.211186151,0.189219673,0.0284327883,0.0332230479,-0.015987685
101724.752539,-0.0403852019,0.18851189,0.251069687,0.0296980571,0.0460616164,-0.0219758023
101724.762567,-0.0601017097,0.20571583,0.280695595,0.0288280025,0.0602064654,-0.0237180442
101724.772594,-0.0262736744,0.190629685,0.247124749,0.0339774899,0.0716497973,-0.0207845718
101724.782622,0.0381382997,0.159198482,0.21945056,0.0383123159,0.0778789371,-0.01873447
101724.792649,0.0580365939,0.14890834,0.165158998,0.0271579325,0.0749997944,-0.0123316981
101724.802677,0.0565144989,0.154567681,0.1259972,0.00924844202,0.0652949661,-0.00747569092
101724.812704,0.0676239219,0.187794462,0.0755213972,-0.00421916367,0.0457654744,-0.00283779483
101724.822732,0.117148708,0.210321497,0.0105950438,-0.0114863971,0.0307726748,0.00313461013
101724.832759,0.120337275,0.212498549,0.024033202,-0.0149261355,0.0211533364,0.00826998334
101724.842787,0.108773678,0.207153681,0.0680190587,-0.0143756606,0.0321090519,0.01413453
101724.852814,0.0827636234,0.193691119,0.126626146,-0.0108016981,0.0518662408,0.0200432856
101724.862842,0.0722410603,0.220406034,0.14591946,-0.0101910355,0.0689131394,0.0230454672
101724.872870,0.0519242485,0.275034208,0.119720604,-0.00486471364,0.0807090774,0.0181953181
101724.882897,0.0352986924,0.327968876,0.0490484008,-9.0464906e-05,0.088920936,0.0203239843
101724.892925,0.0470522586,0.340867812,0.00504910008,0.00989186205,0.0906983241,0.0211346485
101724.902952,0.0639811815,0.366524524,-0.0351209977,0.0108290287,0.0850479007,0.0208379738
101724.912980,0.0890361278,0.407473716,-0.0795662887,0.00755174179,0.0698116869,0.0183196887
101724.923007,0.0468348164,0.425221043,-0.111458387,0.00219985377,0.0526894256,0.0126902983
101724.933035,0.0219558112,0.431837027,-0.0797848999,-0.000468101149,0.0433872715,0.0118583264
101724.943062,0.00481938298,0.393986239,-0.0263309576,0.00343582686,0.0342779271,0.0116956076
101724.953090,-0.0578279196,0.386452117,-0.0264577988,0.00514530949,0.0297968928,0.00969397556
101724.963118,-0.141937697,0.353848728,0.0312257439,-0.0019224534,0.0306501687,-0.00139675848
101724.973145,-0.242097861,0.366948887,0.0881225201,-0.0132344961,0.0346206762,-0.0159903485
101724.983173,-0.256904969,0.388517014,0.102584761,-0.0190958474,0.0402378142,-0.0257923789
101724.993200,-0.222765384,0.384438147,0.0796235718,-0.0134464838,0.0414972231,-0.0353968032
101725.003228,-0.190025728,0.406781935,-0.00835924754,-0.00654916326,0.0350020416,-0.0504854769
101725.013255,-0.203666716,0.43253027,-0.0355710796,0.00441826647,0.027189659,-0.0680436939
101725.023283,-0.168009711,0.406325862,-0.0650303983,0.0172018055,0.0207386017,-0.0847974941
101725.033310,-0.167309454,0.341481926,-0.0364414327,0.0249614567,0.0197385829,-0.096194759
101725.043338,-0.157426358,0.249259058,0.0220493347,0.0331972837,0.0180887561,-0.103454798
101725.053365,-0.113103232,0.191174314,0.012069208,0.0332476161,0.0178722404,-0.109012552
101725.063393,-0.094783147,0.134250869,0.0201741885,0.0288563296,0.0156977698,-0.115309328
101725.073420,-0.0838636936,0.0911325156,0.00604921704,0.029189758,0.0152956331,-0.115903482
101725.083448,-0.00871171424,0.0331384456,0.00337736748,0.0275266133,0.0163387936,-0.112822205
101725.093476,-0.00788520029,-0.0188249658,0.0113753805,0.0272784065,0.019524999,-0.10748443
101725.103503,0.0199450559,-0.0504568794,0.0273076936,0.0210506059,0.0178828929,-0.106245264
101725.113531,0.0481114122,-0.0253090672,0.00848667332,0.0156297404,0.0100827618,-0.109182991
101725.123558,0.0715893184,-0.0214905318,-0.00139466923,0.0230586287,0.00115531287,-0.103454001
101725.133586,0.183920397,-0.080994714,-0.0574766219,0.0282890778,-0.0101918839,-0.0983130336
101725.143613,0.221011818,-0.0595681874,-0.0221621474,0.0241180342,-0.0176513996,-0.10093385
101725.153641,0.254763866,-0.0651318129,0.0386760599,0.0246810261,-0.0240871944,-0.1015549
101725.163668,0.352913859,-0.0888233618,0.00239946236,0.0353113003,-0.0283852685,-0.0916905552
101725.173696,0.452651998,-0.162776414,0.0314098683,0.0469349325,-0.024818765,-0.0728175268
101725.183724,0.452431633,-0.242363672,0.103877139,0.0431058407,-0.0199334621,-0.0544582307
101725.193751,0.401972196,-0.272207387,0.16200258,0.0272080991,-0.0220054016,-0.0437592454
101725.203779,0.361577642,-0.261319644,0.190755796,0.0087385457,-0.0226552114,-0.0291691199
101725.213806,0.38188744,-0.272714533,0.232752525,-0.00287150545,-0.0133687686,-0.00388559978
101725.223834,0.395083606,-0.29576983,0.237855985,-0.00930969696,0.0019292275,0.024715418
101725.233861,0.388028427,-0.287272343,0.251442028,-0.0187559295,0.0129235554,0.0425562002
101725.243889,0.347312385,-0.213929093,0.213847333,-0.0327207483,0.0196533632,0.0606092364
101725.253916,0.323024916,-0.12966376,0.161792152,-0.0483827963,0.0187244527,0.0770553201
101725.263944,0.317440979,-0.0434849215,0.103263975,-0.0637007728,0.0146599365,0.0919431895
101725.273971,0.295523162,0.0419509899,0.0722206021,-0.0742610022,0.0100414827,0.109855615
101725.283999,0.255233237,0.168350926,-0.0170943427,-0.0727597773,-0.00646399055,0.116043471
101725.294027,0.172756614,0.326140637,-0.159552849,-0.067984201,-0.032909181,0.110642314
101725.304054,0.0618523528,0.446442841,-0.228574362,-0.0565605648,-0.0503688641,0.101523645
101725.314082,-0.0246311679,0.494923233,-0.18550036,-0.0441608876,-0.054725796,0.0900251791
101725.324109,-0.0829354728,0.506479303,-0.0610620792,-0.0318309851,-0.0444816798,0.0755346566
101725.334137,-0.139690795,0.51254423,0.0624269378,-0.0169172827,-0.0268121399,0.0624042079
101725.344164,-0.16670915,0.483291905,0.138747376,-0.009550713,-0.00478247087,0.0540903509
101725.354192,-0.153913966,0.407533192,0.192260355,-0.00529791135,0.0142338304,0.0513486266
101725.364219,-0.16941724,0.345673386,0.215549461,-0.00305766053,0.0286188945,0.0523491763
101725.374247,-0.185465873,0.32378443,0.200276489,-0.0125568891,0.0344418958,0.0509640649
101725.384275,-0.246979203,0.341512613,0.176329211,-0.0289792717,0.028018618,0.0472966284
101725.394302,-0.27548692,0.325312078,0.135413264,-0.0500214398,0.0173878111,0.0436054878
101725.404330,-0.276131648,0.347660907,0.105634211,-0.0691261664,0.000401638274,0.0329640284
101725.414357,-0.255476398,0.403232572,0.0312532164,-0.0753957778,-0.0188610069,0.0185014643
101725.424385,-0.255744109,0.478832441,-0.0577285509,-0.0666411668,-0.0362402648,-0.00415537786
101725.434412,-0.301862886,0.498968051,-0.140441905,-0.0423065275,-0.047531534,-0.0277168974
101725.444440,-0.323511823,0.495346719,-0.170803141,-0.00595810916,-0.048501458,-0.0516507253
101725.454467,-0.331608036,0.439814509,-0.133348732,0.0355890691,-0.0418195836,-0.0745706856
101725.464495,-0.302349208,0.31513241,-0.0768307262,0.0698170736,-0.0259641893,-0.0889533535
101725.474522,-0.261529122,0.171074944,0.0392366164,0.0889697298,-0.0127258813,-0.0989372805
101725.484550,-0.222581259,0.016002675,0.12918869,0.0854812562,-0.00149426609,-0.0996374264
101725.494578,-0.139866736,-0.137807319,0.222341021,0.0728861019,0.00303417305,-0.0967633426
101725.504605,-0.0213677822,-0.253450737,0.226194774,0.0609695241,-0.0021331585,-0.0806821138
101725.514633,0.0821761789,-0.315111878,0.190569334,0.0482646488,-0.0125943208,-0.0633204281
101725.524660,0.126453712,-0.348817456,0.14709318,0.0376114734,-0.0321669579,-0.0460122824
101725.534688,0.146227503,-0.357894351,0.114305594,0.0228855237,-0.0575293079,-0.0284375474
101725.544715,0.157327574,-0.359554977,0.0939741687,0.00927597098,-0.0853473544,-0.00980926864
101725.554743,0.138770757,-0.349169338,0.0981593455,-0.00390640972,-0.106430002,0.0053608953
101725.564770,0.109719435,-0.302227189,0.173970081,-0.0172722824,-0.113609612,0.0197307803
101725.574798,0.0765174225,-0.268217294,0.286277779,-0.0283385161,-0.108554401,0.0286441129
101725.584826,0.0317313553,-0.223998871,0.338902869,-0.0287758075,-0.0977915078,0.0349347666
101725.594853,0.019092823,-0.151581943,0.349189285,-0.0212246794,-0.0849249735,0.0410211533
101725.604881,-0.0177402394,-0.096339948,0.33462826,-0.0106330216,-0.077319786,0.044047039
101725.614908,-0.10655834,-0.0547180439,0.342525736,-0.000448295177,-0.0668839216,0.0445040353
101725.624936,-0.149675598,-0.0274587195,0.356861135,0.0111196777,-0.0631672144,0.0435013548
101725.634964,-0.159752755,-0.00626958179,0.338107335,0.0155351991,-0.0629949048,0.0465458818
101725.644992,-0.165337862,-0.00227912391,0.371093074,0.015489392,-0.0642231554,0.0491619036
101725.655019,-0.188931503,0.0142509359,0.411212903,0.00190593919,-0.0628172755,0.0504799038
101725.665047,-0.242146961,0.0239580179,0.491492893,-0.0113432873,-0.0587144122,0.0502793677
101725.675075,-0.285358326,-0.00729980162,0.505431986,-0.0243142135,-0.050879661,0.0488380641
101725.685101,-0.297998027,0.0218859609,0.526876341,-0.0260050539,-0.0449480005,0.0445514396
101725.695130,-0.327324075,0.057481152,0.508719922,-0.026674306,-0.04197032,0.0350695215
101725.705157,-0.365370605,0.0764819859,0.504982489,-0.0231200512,-0.0374008678,0.0219153706
101725.715185,-0.36200785,0.08596863,0.49518298,-0.011096945,-0.0276595578,0.0102272891
101725.725212,-0.354630015,0.0731550334,0.526343257,0.0021421616,-0.019333452,0.00395314815
101725.735240,-0.324682036,0.0601040478,0.536954083,0.0047573857,-0.00109479204,-0.00208290666
101725.745267,-0.346008902,0.0497770073,0.612477818,-0.00636530621,0.016706042,-0.0125070512
101725.755295,-0.340006446,0.0449703377,0.623363954,-0.0167021006,0.0332274958,-0.018135909
101725.765323,-0.298401347,0.041317149,0.55936056,-0.0178283509,0.0429642759,-0.0234518461
101725.775350,-0.26337095,0.0481451684,0.450149075,-0.0139417332,0.0473513044,-0.0212107934
101725.785378,-0.247445652,0.048088762,0.347293681,-0.010193334,0.0369588509,-0.020675499
101725.795405,-0.196648946,0.0683231563,0.250469383,-0.0137044452,0.0170810148,-0.0206027944
101725.805433,-0.201366037,0.0880072962,0.182888131,-0.0155492174,-0.00976231601,-0.0241866112
101725.815460,-0.239524211,0.0845743992,0.157851305,-0.0180789549,-0.033757396,-0.0240100436
101725.825488,-0.264761528,0.00435242306,0.168914551,-0.0206044298,-0.0460604019,-0.0227911137
101725.835516,-0.331014162,-0.0615896102,0.244050164,-0.0306448136,-0.0441722237,-0.0316756852
101725.845542,-0.378131887,-0.0778583888,0.327368499,-0.0273627341,-0.0332836211,-0.0431789421
101725.855571,-0.368645681,-0.0829581231,0.333434667,-0.0104748299,-0.0191054847,-0.0507740118
101725.865598,-0.333376215,-0.100633554,0.294866159,0.0134286387,-0.00273663062,-0.0578564256
101725.875626,-0.285453018,-0.102461865,0.265014626,0.0368013382,0.00495937187,-0.0666949227
101725.885653,-0.222478968,-0.121070412,0.237350374,0.0536498278,0.00286985608,-0.0706049725
101725.895681,-0.161727855,-0.166690299,0.187479551,0.0611551479,-0.0105253113,-0.0684576705
101725.905709,-0.0849374603,-0.225882347,0.196148595,0.0590264834,-0.03158186,-0.0592580438
101725.915736,-0.0323603009,-0.307073899,0.238826876,0.044560194,-0.0501978919,-0.0478029884
101725.925764,-0.024699557,-0.391878088,0.315035087,0.024761986,-0.0686903447,-0.0353114344
101725.935791,-0.00125438398,-0.412101084,0.382969974,0.00795264635,-0.0797190294,-0.0247035287
101725.945819,-0.0153074592,-0.457256861,0.449019194,0.00204575527,-0.0798577741,-0.0124814846
101725.955846,-0.0533487283,-0.464927688,0.534998273,0.000402851088,-0.0652748421,-0.00253484491
101725.965874,-0.124331313,-0.467698103,0.590831219,0.00248171482,-0.0440931246,0.00309214834
101725.975901,-0.155720723,-0.463497801,0.635809009,0.00668684626,-0.0238294005,0.0129333278
101725.985929,-0.132553198,-0.439732603,0.646361968,0.00624609273,-0.0116611496,0.0199076124
101725.995957,-0.123488433,-0.368313599,0.615225071,-0.000861085136,-0.00920464937,0.0254206229
101726.005983,-0.134813544,-0.3395739,0.581588759,-0.0150488093,-0.00945764966,0.027571924
101726.016012,-0.162164492,-0.283524315,0.589841039,-0.0287654195,-0.0136934081,0.02288929
101726.026039,-0.157468444,-0.207732065,0.558958994,-0.0255373549,-0.0129388487,0.0201162212
101726.036067,-0.154667415,-0.167906835,0.493277438,-0.00903001614,-0.00835315138,0.0248369407
101726.046094,-0.185036834,-0.155498605,0.490994296,0.00635213638,0.000831025362,0.0225005485
101726.056122,-0.291647197,-0.118872317,0.497493595,0.0177312903,0.00649104174,0.0133355465
101726.066150,-0.380968571,-0.132005428,0.501610967,0.0179941431,0.0144349849,0.00882228743
101726.076177,-0.379765041,-0.166593049,0.507430467,0.0159640163,0.0199700985,0.0118484376
101726.086205,-0.374367566,-0.219232387,0.508672576,0.000999448821,0.0215429626,0.0211647078
101726.096232,-0.408427656,-0.232477434,0.529002832,-0.0256180484,0.0195224211,0.0295741707
101726.106260,-0.453127214,-0.197462162,0.462312391,-0.0465137437,0.0113923233,0.0302088019
101726.116287,-0.44580257,-0.131049369,0.36017479,-0.0515079685,-0.00419728924,0.0285033137
101726.126315,-0.467406499,-0.0715679834,0.25365269,-0.0431099571,-0.0194603968,0.0265570767
101726.136343,-0.480710802,-0.0249416952,0.209558112,-0.0270044897,-0.0265377481,0.0196736045
101726.146370,-0.516554269,0.014588132,0.220350139,-0.00400409801,-0.02880756,0.00891603064
101726.156398,-0.523749149,0.0214612326,0.202659,0.0175214335,-0.0332459845,-0.00275713671
101726.166424,-0.503201451,0.0332440249,0.210190564,0.0360525064,-0.0408290699,-0.0117426421
101726.176453,-0.506125814,-0.000780044462,0.251932442,0.0358474441,-0.0458648391,-0.0274843201
101726.186480,-0.516551931,-0.0400755514,0.313438757,0.0307826437,-0.0520492345,-0.0371662416
101726.196508,-0.497924387,-0.100564653,0.364926368,0.0268435627,-0.0568684898,-0.0360644944
101726.206536,-0.412854825,-0.158002331,0.406415147,0.0290635731,-0.0621106587,-0.0286007188
101726.216563,-0.382184377,-0.181760589,0.438708813,0.0199579597,-0.0660377592,-0.0284614339
101726.226591,-0.379294501,-0.168883937,0.535438418,0.00286366162,-0.0712184012,-0.0345286466
101726.236618,-0.387996278,-0.15564174,0.597660188,-0.00426748488,-0.0737079233,-0.0396083631
101726.246646,-0.318163448,-0.164784904,0.584257101,0.003183241,-0.0788984299,-0.0365172289
101726.256673,-0.250801976,-0.191699726,0.602631547,0.0099058589,-0.0828369781,-0.0363811441
101726.266701,-0.269263516,-0.229387432,0.630184155,0.0116006937,-0.0884594396,-0.0325320773
101726.276729,-0.281241538,-0.25862624,0.655650605,-0.00427147932,-0.0828862488,-0.0411306247
101726.286756,-0.363621131,-0.301725962,0.833048907,-0.0164644979,-0.0658492073,-0.0446577147
101726.296784,-0.313033684,-0.347985243,0.811079067,-0.0122337984,-0.0522686765,-0.0395798646
101726.306811,-0.30680911,-0.408457321,0.774629451,-0.00283550308,-0.0287098214,-0.0366714261
101726.316839,-0.3456804,-0.423492758,0.821633779,0.00355288759,-0.00635737926,-0.0396648198
101726.326865,-0.399358215,-0.418397627,0.766534407,0.0142300334,0.0138458936,-0.0481528491
101726.336894,-0.363745049,-0.425641826,0.691855891,0.0330050513,0.022536587,-0.0476761423
101726.346922,-0.264329566,-0.44914472,0.594622428,0.0515579619,0.0239035878,-0.0402856022
101726.356949,-0.210994282,-0.514044405,0.5450199,0.0483856052,0.0171258431,-0.028836675
101726.366977,-0.217762461,-0.575262478,0.573362198,0.0242278054,0.00591127109,-0.0161853284
101726.377004,-0.206703307,-0.582391965,0.594139613,9.71698391e-05,-0.0111619877,-1.24825165e-05
101726.387032,-0.157772395,-0.569715658,0.559622426,-0.0220563356,-0.024431454,0.0182181858
101726.397059,-0.129369307,-0.521165489,0.574265869,-0.040718969,-0.0331991129,0.0283033103
101726.407087,-0.186269591,-0.424600135,0.57500938,-0.0475899242,-0.0368913189,0.0274463054
101726.417115,-0.280521992,-0.339183951,0.544954434,-0.0315843262,-0.0306957401,0.025102457
101726.427142,-0.279795431,-0.283813288,0.494090508,0.00142555451,-0.020753894,0.0293211713
101726.437170,-0.297744345,-0.257595363,0.4791361,0.0307805128,-0.00955450349,0.0337769054
101726.447197,-0.378344653,-0.266590205,0.510365936,0.0365398638,-0.0070122499,0.0295459423
101726.457225,-0.462590039,-0.253743948,0.540025745,0.0248296801,-0.00671024807,0.0231793895
101726.467252,-0.457426957,-0.243253314,0.588099164,0.0163363256,-0.00975264329,0.0190581474
101726.477280,-0.389792514,-0.227942713,0.562837881,0.0151626719,-0.0131982407,0.0176626518
101726.487308,-0.371340327,-0.230566924,0.534876108,0.0145695861,-0.0157812405,0.0196120851
101726.497335,-0.428585478,-0.223333539,0.574520136,0.00515131699,-0.00524044968,0.0131278206
101726.507363,-0.445637735,-0.189029849,0.653130146,-0.00415509939,0.0177016184,0.00589787029
101726.517390,-0.323750308,-0.113588897,0.658342913,-0.00174840074,0.0391677618,-0.000609297305
101726.527418,-0.181616212,0.00525645922,0.586958761,0.00881795678,0.0598895513,-0.00847867131
101726.537445,-0.0274871419,0.0634910599,0.48008361,0.0262315683,0.0679884851,-0.0137637146
101726.547473,0.173563254,0.132112395,0.359554027,0.0429674052,0.0614775941,-0.0182886925
101726.557500,0.332529242,0.142172382,0.30913843,0.0453312248,0.0578186773,-0.0204386618
101726.567528,0.488406617,0.117523971,0.355689753,0.0312436372,0.0582128242,-0.0172796212
101726.577556,0.605628975,0.0832107096,0.429174092,0.00366766984,0.0643599331,-0.013352789
101726.587583,0.6561153,0.0717258774,0.459114472,-0.0205873363,0.0765673295,-0.00698277354
101726.597611,0.691822573,0.0693769762,0.417811571,-0.0317023061,0.0913859531,0.00229594531
101726.607638,0.752674224,0.0992558355,0.323788302,-0.0417221822,0.111173511,0.0111059481
101726.617666,0.730264824,0.132585785,0.294155965,-0.0488647819,0.140319154,0.0165696889
101726.627694,0.690847006,0.153657726,0.251627321,-0.0482645035,0.164949134,0.0329193696
101726.637720,0.739458769,0.152068557,0.0838818138,-0.0483031198,0.187094644,0.0501060784
101726.647748,0.744088182,0.188441236,0.00903846198,-0.0609925501,0.193866536,0.0636439919
101726.657775,0.739008687,0.233294523,-0.14481296,-0.0941153467,0.186015531,0.0796868801
101726.667803,0.669530077,0.206054853,-0.25106618,-0.137750715,0.154614732,0.0976632088
101726.677830,0.63635203,0.1548096,-0.38233343,-0.188384593,0.113634266,0.125835985
101726.687858,0.563024344,0.130945836,-0.529644052,-0.220859453,0.0742703527,0.149709105
101726.697886,0.431675261,0.166747436,-0.675889675,-0.242662475,0.0437467992,0.179423586
101726.707913,0.301181333,0.144935856,-0.738346424,-0.257427305,0.00809080247,0.202883646
101726.717941,0.123884154,0.2539931,-0.839999457,-0.258844882,-0.0289044995,0.212385535
101726.727968,-0.0372469039,0.328245793,-0.906125249,-0.262379706,-0.0613300838,0.215717152
101726.737996,-0.181328043,0.422823188,-0.885534296,-0.25345546,-0.0806108415,0.208000109
101726.748023,-0.325336116,0.5217476,-0.882419379,-0.231634855,-0.102529719,0.198415384
101726.758051,-0.394300931,0.635571547,-0.924174116,-0.189807519,-0.129457995,0.173260763
101726.768079,-0.520859857,0.732560242,-0.982185575,-0.134011894,-0.155880019,0.141397119
101726.778106,-0.61399173,0.773471952,-0.931408743,-0.0629566312,-0.167085007,0.110836536
101726.788134,-0.686951168,0.782331696,-0.802781194,0.00921636634,-0.168592885,0.0764330178
101726.798161,-0.727113082,0.768430596,-0.625344314,0.0782729313,-0.159597263,0.041069705
101726.808189,-0.759051943,0.7182963,-0.419422513,0.124871328,-0.145046815,0.00915491674
101726.818217,-0.743152363,0.658094929,-0.207548525,0.148999825,-0.12771602,-0.0232589506
101726.828244,-0.717538029,0.567233924,-0.0290443082,0.148558006,-0.114356019,-0.0466907732
101726.838272,-0.57141574,0.546206772,0.134036715,0.14401865,-0.103530005,-0.0729908198
101726.848299,-0.509608395,0.521109302,0.209410812,0.133824334,-0.0884993896,-0.0897690058
101726.858327,-0.304056012,0.519255491,0.268973593,0.135580689,-0.0832846537,-0.11008279
101726.868354,-0.201015909,0.444314378,0.286194777,0.131673306,-0.0696186423,-0.115765721
101726.878382,-0.00725976187,0.376807652,0.401410471,0.13001895,-0.0457812175,-0.120386288
101726.888410,0.116049807,0.367140537,0.496668834,0.127227426,-0.0203413721,-0.119497597
101726.898437,0.236871651,0.335986982,0.487035913,0.123881698,0.0026925751,-0.121293634
101726.908465,0.283594823,0.280565027,0.518905216,0.110280663,0.0261877812,-0.121550888
101726.918492,0.316897958,0.243198735,0.5248726,0.0916521177,0.0443295017,-0.123723775
101726.928520,0.338532282,0.201543513,0.464008089,0.0791307315,0.0536212698,-0.125474259
101726.938547,0.406428007,0.148593721,0.366350263,0.0669411793,0.0523402877,-0.123398855
101726.948575,0.453112017,0.0591131371,0.292502352,0.0566770919,0.0489724539,-0.11512363
101726.958603,0.493132477,-0.0569658959,0.252829098,0.0444984548,0.0468869358,-0.1018475
101726.968630,0.53551499,-0.156345577,0.248401929,0.0362514444,0.0496608838,-0.0917093754
101726.978658,0.558327126,-0.180419038,0.23803368,0.0342839025,0.0555422083,-0.0828679502
101726.988685,0.583080459,-0.219449537,0.188252873,0.0351342484,0.0622579008,-0.0653052032
101726.998713,0.581788665,-0.320062267,0.130868606,0.0379894227,0.0610733256,-0.0457376279
101727.008740,0.582289016,-0.385640947,0.0634130262,0.0368125737,0.0624722838,-0.0270520896
101727.018768,0.556110034,-0.405397129,0.0385357746,0.0389454998,0.0599870235,-0.000410625711
101727.028796,0.579901244,-0.432796447,0.0169049576,0.0379874744,0.0551711582,0.0315041989
101727.038823,0.546566545,-0.425554001,-0.00777881731,0.0305362176,0.0493766516,0.0628016666
101727.048851,0.459306195,-0.411842725,-0.00169452896,0.00791080017,0.0450218506,0.0934937969
101727.058878,0.375204601,-0.355099898,0.038572015,-0.0207096599,0.0427616239,0.122554742
101727.068906,0.321004224,-0.239044318,0.0498603017,-0.0533293895,0.0342661403,0.149559736
101727.078933,0.267353883,-0.0749688048,0.0170960962,-0.0931854546,0.0214230493,0.168547273
101727.088961,0.14649463,0.0684811233,0.00130991355,-0.13138558,0.00895945448,0.174917012
101727.098989,-0.0255447756,0.24793475,-0.0423731608,-0.155584916,-0.00209079939,0.170197368
101727.109016,-0.176062669,0.427867977,-0.119763274,-0.157545537,-0.00104524242,0.163252369
101727.119044,-0.269900644,0.587669905,-0.214472187,-0.13127771,0.00881058443,0.145005196
101727.129071,-0.384469273,0.756102664,-0.273429403,-0.0904493257,0.017116718,0.116869964
101727.139099,-0.533442275,0.91426004,-0.397300697,-0.0510020517,0.0194645599,0.0711227134
101727.149126,-0.685246702,1.02167339,-0.526039306,-0.00480739214,0.0153033705,0.0177772008
101727.159154,-0.718054162,1.07552276,-0.620584552,0.0490047075,0.0160282832,-0.026798524
101727.169182,-0.658209642,1.09990602,-0.645364773,0.109142609,0.0204983987,-0.070597671
101727.179209,-0.60701663,1.09435014,-0.575709053,0.16587007,0.0249581281,-0.110712864
101727.189237,-0.584213847,1.09806704,-0.603466244,0.222204179,0.0341407061,-0.155751705
101727.199264,-0.535510314,1.09298886,-0.517421115,0.270656139,0.0476482585,-0.189809814
101727.209292,-0.438394924,1.03640926,-0.421658894,0.306324363,0.0584937148,-0.218487263
101727.219319,-0.321734292,0.998582656,-0.367094944,0.328436345,0.0565554686,-0.246038452
101727.229347,-0.206291803,0.914727292,-0.328715237,0.328787863,0.0351495109,-0.265188217
101727.239375,-0.0890840586,0.781668117,-0.280924727,0.30906558,0.00294150971,-0.273195505
101727.249402,0.0580178892,0.643677843,-0.186969263,0.271013528,-0.0407082327,-0.265973806
101727.259430,0.23821079,0.435291552,-0.081737203,0.21567145,-0.0894643217,-0.248886988
101727.269457,0.341166722,0.306240443,0.0386345588,0.14735578,-0.13024345,-0.231287211
101727.279485,0.338799993,0.178375622,0.225993114,0.0734405443,-0.155959189,-0.210691392
101727.289512,0.29796354,0.111198787,0.387973482,0.0247398466,-0.155746147,-0.199366033
101727.299540,0.221684018,0.0884516059,0.469604886,0.00915023498,-0.121317595,-0.194412023
101727.309568,0.151364866,0.0883553059,0.511848283,0.0390077345,-0.0644335374,-0.199725032
101727.319595,0.0357213017,0.139977357,0.448809935,0.0983560085,0.00663664564,-0.218613505
101727.329623,-0.0710159025,0.147994951,0.406078463,0.156482965,0.0694385096,-0.246379092
101727.339650,-0.0937982276,0.128214803,0.35250294,0.19563356,0.113231264,-0.272696435
101727.349678,0.0633574967,0.0991851083,0.235773334,0.219616652,0.122956865,-0.272646129
101727.359705,0.304221432,0.0111778121,0.0992658454,0.219033167,0.099022232,-0.259511113
101727.369733,0.507506455,-0.0314778189,-0.00657645578,0.190790609,0.0451896302,-0.241108939
101727.379761,0.603874825,-0.0812139463,-0.0394020361,0.14177379,-0.0167395175,-0.212054133
101727.389788,0.691090167,-0.16438637,0.038480245,0.0796646178,-0.0613733009,-0.178977147
101727.399816,0.723283295,-0.236993085,0.174006321,0.0246983021,-0.0893905535,-0.139133051
101727.409843,0.734492086,-0.250830764,0.299742825,-0.0207333621,-0.10080646,-0.10768272
101727.419871,0.619540596,-0.212204279,0.365703782,-0.046980679,-0.0924385414,-0.0925636888
101727.429899,0.459696656,-0.202372986,0.393812271,-0.0413824469,-0.0670434386,-0.0879074186
101727.439926,0.335212782,-0.223749682,0.387432799,-0.00227179658,-0.025564434,-0.0872078016
101727.449954,0.240422621,-0.195443077,0.381967519,0.0570772812,0.025344288,-0.0932217538
101727.459981,0.186492878,-0.185976489,0.370907196,0.122233383,0.0759608597,-0.10931737
101727.470009,0.175298115,-0.189282034,0.338788303,0.172873393,0.116933055,-0.118250936
101727.480036,0.246053905,-0.220767671,0.342713952,0.198252782,0.134621769,-0.115278587
101727.490064,0.391294151,-0.268556902,0.286211728,0.195113972,0.125934273,-0.0980545953
101727.500092,0.553346999,-0.296531352,0.243210206,0.164797887,0.0914511308,-0.0701486617
101727.510119,0.616138094,-0.332468123,0.223557411,0.109497875,0.0434891991,-0.0385601074
101727.520147,0.556961098,-0.373793309,0.269044904,0.0408205464,0.00526005775,-0.0118981376
101727.530174,0.439476874,-0.386426581,0.386325714,-0.0226255376,-0.0119724581,0.0122644566
101727.540202,0.263061738,-0.396096144,0.440986694,-0.0633197054,0.00379185705,0.0346435308
101727.550229,0.182556708,-0.34449762,0.514622424,-0.0834505409,0.0411480144,0.0538814068
101727.560257,0.115882049,-0.2349976,0.49477849,-0.0898136273,0.0826840103,0.0665982664
101727.570284,0.0469879611,-0.0803291263,0.366648954,-0.0972712785,0.110091127,0.0683271885
101727.580312,0.075169515,0.099379681,0.185454183,-0.0949785635,0.124470599,0.0653788075
101727.590340,0.107178518,0.259393571,0.0243809925,-0.0873864219,0.132918149,0.0697565079
101727.600367,0.219309106,0.347351183,-0.0957552069,-0.0742189586,0.129046708,0.0847988427
101727.610395,0.284348272,0.403939186,-0.239993582,-0.0768379122,0.107965931,0.0939875469
101727.620422,0.250509131,0.494061392,-0.307547946,-0.0960227922,0.064259991,0.0905075967
101727.630450,0.149331899,0.541539803,-0.449404979,-0.107134566,0.0204624459,0.0761539564
101727.640478,0.0237321732,0.551398605,-0.491316367,-0.0932126194,-0.000902496977,0.0691823363
101727.650505,-0.0947270329,0.52911327,-0.451490553,-0.0654683411,0.00236706575,0.0606117509
101727.660533,-0.265446003,0.528191588,-0.32588732,-0.0367067344,0.0256047435,0.0421845391
101727.670560,-0.437678301,0.611851138,-0.229376911,-0.00423720945,0.0619001649,0.0118838912
101727.680588,-0.549119737,0.718216074,-0.2004951,0.0338345431,0.0987399369,-0.0172921028
101727.690615,-0.45709904,0.812440418,-0.230505623,0.0735963359,0.110587545,-0.0444691293
101727.700643,-0.364794266,0.901383315,-0.320344299,0.0944638029,0.100191891,-0.0749074593
101727.710671,-0.252750772,0.923984365,-0.372719214,0.0992242023,0.0744825378,-0.103923403
101727.720698,-0.157425189,0.907498875,-0.360177128,0.102966741,0.0493652001,-0.128961116
101727.730726,-0.102172673,0.773852621,-0.328332375,0.119770758,0.0439613797,-0.148350254
101727.740753,-0.0507294858,0.654566171,-0.242388953,0.143679544,0.0532393008,-0.164594203
101727.750781,-0.0316349092,0.483691279,-0.165408589,0.172681913,0.0637678429,-0.175157905
101727.760808,-0.0488099159,0.296201645,-0.125338444,0.190343723,0.0830043852,-0.182018742
101727.770836,-0.0462011947,0.12181312,-0.0407300698,0.197127327,0.104308873,-0.181581438
101727.780864,0.0264776726,0.0141908763,0.00310147315,0.198461309,0.112518601,-0.170636117
101727.790891,0.161626148,-0.0578411444,-0.0114355862,0.183493271,0.0983188897,-0.151385993
101727.800919,0.303892346,-0.0811652483,-0.0405161348,0.147134468,0.0731227249,-0.128772289
101727.810946,0.33377252,-0.113496287,-0.0216875157,0.0918200836,0.0389165543,-0.106573783
101727.820974,0.345098217,-0.114121615,0.00547229393,0.037701983,0.00456310855,-0.0859417394
101727.831001,0.348084539,-0.0943413763,0.00517301872,-0.00503882067,-0.0179856103,-0.0655525774
101727.841029,0.364500252,-0.0286549618,-0.0125759885,-0.0179112107,-0.0350293107,-0.0502721593
101727.851057,0.321665319,0.0528778777,-0.0471253238,-0.00897470675,-0.0376226977,-0.044943437
101727.861084,0.267287247,0.0763521307,-0.0393102661,0.0126253935,-0.0207068287,-0.0457160212
101727.871112,0.183227739,0.0525822558,0.00536123477,0.0437691994,0.0105006266,-0.0434848256
101727.881139,0.180759887,0.00774170017,0.0234147779,0.0676870495,0.0373793766,-0.0347443298
101727.891167,0.215509129,-0.00141620521,-0.0147714527,0.0820673183,0.0438617766,-0.0286257192
101727.901194,0.213096807,0.0432322253,-0.120268886,0.0844159573,0.0355532467,-0.0267495215
101727.911222,0.184608964,0.00378253248,-0.172693485,0.0693059862,0.0177476201,-0.0217049625
101727.921250,0.178967743,-0.0506052201,-0.183244105,0.0561286621,-0.0068357531,-0.0128568746
101727.931277,0.234692553,-0.0841844135,-0.2308879,0.0545265041,-0.0326907896,0.00415220205
101727.941305,0.332780002,-0.052776865,-0.239598445,0.052598644,-0.0563260764,0.015869312
101727.951332,0.317633871,-0.066113079,-0.197137606,0.0415249541,-0.0819081366,0.0203191862
101727.961360,0.276754748,-0.0650376135,-0.131982705,0.0221733581,-0.0948486999,0.0248263218
101727.971387,0.265777427,-0.159001827,-0.0450701448,0.00609479053,-0.106231317,0.0419528447
101727.981415,0.34373745,-0.174852855,-0.0256271932,-0.000951401365,-0.114514284,0.0683330521
101727.991443,0.410278252,-0.132845386,0.0178647425,-0.0257763229,-0.122766353,0.0899573863
101728.001470,0.420206941,-0.00777050614,0.110258949,-0.0550063811,-0.149471194,0.106756076
101728.011498,0.289575651,0.11968588,0.040921793,-0.0917894319,-0.194902331,0.085840404
101728.021525,-0.043871875,0.110839525,0.0967155764,-0.142749012,-0.189881206,0.0706457421
101728.031553,0.18424656,0.0746705708,0.391273108,-0.123164929,-0.154684871,0.0924128219
101728.041580,0.388073435,0.00695610275,0.316035788,-0.0667895377,-0.128765658,0.115589514
101728.051608,0.172222945,0.121965753,0.198054721,-0.0537685417,-0.0943187326,0.0879136771
101728.061636,0.072004329,0.357029733,0.345459451,-0.0262080226,-0.0476561561,0.0724985003
101728.071663,0.0509264696,0.351865701,0.283652106,0.017219346,0.0128537957,0.0764122829
101728.081691,0.0864455268,0.379734828,0.314364056,0.056336388,0.0688771158,0.0844201446
101728.091718,0.080617259,0.467241883,0.258777193,0.0626598001,0.0924018845,0.0752439573
101728.101746,-0.00760287622,0.574450943,0.183219555,0.0308904182,0.0863306746,0.062992081
101728.111774,-0.061563599,0.54060139,0.114804775,-0.0167577956,0.0658890456,0.0549285635
101728.121801,-0.0840554168,0.463177337,0.0637853667,-0.0578434467,0.0417384394,0.0484477617
101728.131829,-0.0567331101,0.438246712,-0.0143622874,-0.0767937005,0.0173854306,0.0485905074
101728.141856,0.0223673146,0.444152246,-0.0784136115,-0.0811777934,-0.00171742425,0.0511460751
101728.151884,0.0218248783,0.461676979,-0.0729541771,-0.0843432322,-0.0105444714,0.0466072522
101728.161911,-0.0836754776,0.47397353,-0.0360334364,-0.0878482163,-0.00487646554,0.0270979982
101728.171939,-0.183915721,0.458120967,0.0449362893,-0.0784310102,0.0235543773,0.00504915463
101728.181966,-0.177976394,0.403677466,0.093526425,-0.0455127433,0.0530073382,-0.00937585719
101728.191994,-0.0832645587,0.354693216,0.00170680392,-0.00733553106,0.0729442909,-0.0185315385
101728.202022,0.0133352824,0.254380419,-0.0500561165,0.0173716787,0.074694261,-0.0239052661
101728.212049,0.0945744727,0.146501059,-0.0489092846,0.0110810269,0.065740712,-0.0264978521
101728.222077,0.139976626,-0.0185203934,-0.00724514882,-0.00633311691,0.050688792,-0.0128342379
101728.232104,0.290164265,-0.167117585,0.0233288531,-0.0286613256,0.0351790711,0.0123201171
101728.242132,0.389783746,-0.234387433,0.0539519549,-0.0550071783,0.0300205313,0.0391101837
101728.252159,0.421729036,-0.225699428,0.129153619,-0.0870663151,0.0341628119,0.0638725236
101728.262187,0.397991018,-0.229173826,0.177670689,-0.123800889,0.0376946963,0.0855021849
101728.272215,0.357045259,-0.220225709,0.130616092,-0.144664899,0.0317763537,0.0989796445
101728.282242,0.390322091,-0.148850983,-0.0391191275,-0.144398838,0.0174141917,0.11340519
101728.292270,0.453268084,-0.0819445986,-0.172738493,-0.132120341,-0.000670802081,0.129689887
101728.302297,0.42813715,-0.0602488266,-0.239876678,-0.119955555,-0.0183416735,0.140083939
101728.312325,0.329100437,-0.0845749471,-0.198510063,-0.11854434,-0.0275343731,0.147665158
101728.322353,0.233949626,-0.123225288,-0.154637019,-0.115296617,-0.0370764807,0.150768533
101728.332380,0.200191148,-0.122726983,-0.171527364,-0.113628149,-0.0523089655,0.164492875
101728.342408,0.223376209,-0.0919029885,-0.16419629,-0.117455378,-0.0687337443,0.170268744
101728.352435,0.121058575,-0.040444129,-0.136215228,-0.12958847,-0.0871228725,0.174865082
101728.362463,-0.0356295318,0.00110829004,-0.0888964271,-0.144864097,-0.0867276564,0.172429353
101728.372490,-0.0903857888,0.044317646,-0.00943535234,-0.146647081,-0.0681252107,0.175111964
101728.382518,-0.0570230329,0.153481931,0.0131640175,-0.133777618,-0.0486061051,0.179838806
101728.392546,0.0388321272,0.349050461,-0.0237765969,-0.117789336,-0.0385071337,0.17713064
101728.402573,0.057559624,0.552147049,-0.0694932229,-0.109257899,-0.03915295,0.160879225
101728.412601,-0.00621522125,0.704512616,-0.0772282011,-0.106315643,-0.0450728908,0.13516055
101728.422628,-0.0610451281,0.713600251,-0.0561912583,-0.100943781,-0.0422275662,0.113888554
101728.432656,-0.0413835653,0.686945176,0.014033786,-0.0904623717,-0.0336428694,0.102005795
101728.442683,-0.00169452896,0.650715925,0.0577811578,-0.0872876197,-0.0214613006,0.0919646099
101728.452711,-0.00759352387,0.574524593,0.134981302,-0.0947727039,-0.0190455485,0.0868859664
101728.462739,-0.062618661,0.46415685,0.149316701,-0.10853485,-0.0199733935,0.073990941
101728.472766,-0.136053315,0.38295843,0.18938743,-0.133053511,-0.0115258461,0.0650951862
101728.482794,-0.138879478,0.255054008,0.268145325,-0.146903545,0.00521505019,0.0621028543
101728.492821,-0.0859498522,0.235108659,0.24743513,-0.143890977,0.0252678543,0.0541586429
101728.502849,-0.073819854,0.270643791,0.153705292,-0.12321686,0.0456708632,0.0415808
101728.512876,-0.100395142,0.28067404,0.0487812743,-0.0923188627,0.0656605512,0.0246031471
101728.522904,-0.0646364306,0.243780626,-0.0459592026,-0.0520875566,0.0799292326,0.0143406577
101728.532932,0.0467740261,0.242339999,-0.162355631,-0.0113158915,0.0720409527,0.0121065313
101728.542959,0.201274852,0.255628958,-0.239316121,0.0114019373,0.055157043,0.00885028392
101728.552987,0.259094004,0.215621576,-0.186570035,0.0145583162,0.0333976857,0.0123845655
101728.563014,0.239233704,0.118674018,-0.0962766005,0.0055429833,0.0232025739,0.0156634487
101728.573042,0.165243169,0.00774089645,0.0469090507,-0.00974542554,0.0338285826,0.0231394749
101728.583069,0.186696292,-0.0766196408,0.222369078,-0.023905186,0.0560342856,0.0378033742
101728.593097,0.240019301,-0.0681735917,0.294224354,-0.0353056453,0.0753970668,0.0558931604
101728.603125,0.250178876,-0.0342851314,0.266896202,-0.0493698008,0.0843247771,0.0699423999
101728.613152,0.234666834,-0.0137930361,0.204684368,-0.0675458759,0.0781230778,0.0791947544
101728.623180,0.189817638,0.00548339985,0.138678987,-0.0856361985,0.0708654299,0.0801817253
101728.633207,0.159580906,0.0206124338,0.112776484,-0.0900863335,0.0730604082,0.0890148953
101728.643236,0.207590611,0.0225575765,0.126639005,-0.0900506526,0.0818730742,0.0996694043
101728.653263,0.225409761,0.067931965,0.126138655,-0.0915974155,0.0881256461,0.0990177244
101728.663291,0.162462599,0.143103818,0.0881529152,-0.0894178823,0.0959100649,0.0950512141
101728.673319,0.105789694,0.158611257,0.0521112955,-0.0881185308,0.110579558,0.0954048857
101728.683346,0.0966618004,0.197225577,0.00587327595,-0.0768392384,0.121600248,0.0959324539
101728.693374,0.101212888,0.235662056,-0.0689355891,-0.0598637201,0.126755863,0.0963641554
101728.703401,0.108495446,0.32033955,-0.145315064,-0.0496289246,0.121210627,0.0904607251
101728.713429,0.061056234,0.370984572,-0.221756499,-0.0396583155,0.103920855,0.0795010179
101728.723456,0.0363005629,0.383678853,-0.243698282,-0.0290296413,0.0939992443,0.0685540959
101728.733484,0.010159575,0.326319866,-0.213992879,-0.0134757152,0.096547626,0.0682771206
101728.743511,0.0460538952,0.293200856,-0.14367022,-0.00539062452,0.100742899,0.0698358715
101728.753539,0.088640991,0.277745732,-0.0968371569,-0.0113041736,0.095701538,0.0710763782
101728.763567,0.0531213493,0.270590746,-0.0933382089,-0.0298264585,0.0868071169,0.0682347864
101728.773594,0.0174959092,0.236456859,-0.0574286911,-0.0486574061,0.075583756,0.0645652115
101728.783622,0.0231301157,0.231276242,-0.0447457352,-0.0592101812,0.0734044909,0.0613739453
101728.793649,0.0629834027,0.240934516,-0.040481648,-0.0546159595,0.0737594888,0.0638890341
101728.803677,0.105061964,0.227828659,-0.0434404978,-0.0423446484,0.0770841762,0.0669764429
101728.813704,0.107160983,0.230362926,-0.017983985,-0.0357586518,0.0763691217,0.0654733479
101728.823732,0.0703051238,0.232992909,-0.00606558365,-0.0391296782,0.0746090338,0.0601635389
101728.833760,0.0419055433,0.231696148,0.0296218158,-0.0529163331,0.0732529536,0.0576151609
101728.843787,0.0819324333,0.213909585,0.0472673626,-0.0635114536,0.0670661628,0.061504975
101728.853815,0.153272745,0.216680365,0.00951835445,-0.0807298496,0.0625094995,0.0613646246
101728.863842,0.0921393545,0.239656605,0.0461076712,-0.0970752686,0.0624639578,0.0619268194
101728.873870,0.054005731,0.216680584,0.0271954654,-0.110323429,0.0627542436,0.0651907921
101728.883897,0.0706008919,0.206108117,0.0428816949,-0.112787388,0.0631819442,0.0623675697
101728.893925,0.0624497342,0.251983003,-0.0215951612,-0.11078842,0.0607076026,0.0603976324
101728.903953,0.070561729,0.293661459,-0.0659095192,-0.0988420099,0.0554925986,0.0534864627
101728.913980,0.0784200412,0.316966128,-0.105643564,-0.0851853192,0.0484498702,0.0487609506
101728.924008,0.0972778864,0.249962384,-0.124448217,-0.0643916279,0.0480290912,0.0409072861
101728.934035,0.104195118,0.230544859,-0.0907674816,-0.0513519906,0.0534936301,0.0353924111
101728.944063,0.0838023188,0.193137942,-0.0420341381,-0.0370026119,0.0598095842,0.0288988277
101728.954090,0.131533207,0.187718693,-0.0553267504,-0.0233376659,0.0632149726,0.0274687093
101728.964118,0.105969142,0.182478674,-0.0558294392,-0.013607542,0.0656839833,0.0177231394
101728.974146,0.0597264467,0.173487923,-0.0522153404,-0.00653232168,0.0689527467,0.0111645712
101728.984173,0.0584095189,0.12499986,-0.0429132591,-0.00206353748,0.0739712119,0.00801991113
101728.994201,0.0823556271,0.0821008486,-0.00141629654,0.00541408639,0.0803747773,0.00814055186
101729.004228,0.134844524,0.0816059778,-0.010720716,0.00697709573,0.0748745501,0.0100351246
101729.014256,0.189174664,0.0354744874,-0.026783962,0.000954623043,0.0708467886,0.0179995745
101729.024283,0.202402395,0.00271072026,-0.0119388596,-0.0134317726,0.0614500903,0.0279075988
101729.034311,0.21555063,-0.0206077576,-0.00789981334,-0.0270957612,0.0494760759,0.0358710811
101729.044339,0.240699684,-0.0145395436,-0.0554874939,-0.0393415093,0.0407204032,0.049802877
101729.054366,0.292190218,-0.00545914219,-0.0808604201,-0.0492106527,0.0310251638,0.0632683486
101729.064394,0.281669993,0.0214141056,-0.116499304,-0.0593498386,0.0130280545,0.071110025
101729.074421,0.203882404,0.0922372619,-0.200659935,-0.0672367886,-0.00790971704,0.0760770887
101729.084449,0.166201201,0.134932202,-0.233806418,-0.0691055283,-0.0245139934,0.0752954483
101729.094476,0.139398534,0.168032215,-0.227398889,-0.0650197044,-0.0315665789,0.0762424693
101729.104504,0.122610481,0.177054018,-0.200903681,-0.0556166209,-0.0347911343,0.0745795891
101729.114532,0.0857201351,0.222677267,-0.177930801,-0.0393407121,-0.0346936621,0.0715547726
101729.124559,0.0444049589,0.247409119,-0.174937465,-0.0269588754,-0.0273425393,0.0625524893
101729.134587,-0.00718026689,0.26537966,-0.10499416,-0.0131876692,-0.0103046978,0.0527675077
101729.144614,-0.0125824182,0.28851489,-0.0723673171,0.000623749511,0.00416239165,0.0466068164
101729.154642,0.0203495451,0.301187471,-0.0903022022,0.0112580173,0.0136586912,0.0449242294
101729.164669,0.0405494525,0.301166282,-0.118811088,0.0168594457,0.00971694663,0.0412461385
101729.174697,-0.0035568157,0.312666896,-0.172219438,0.0160269402,-0.00192159973,0.0371360816
101729.184724,0.00211246211,0.297940452,-0.151722009,0.00360382674,-0.0160565935,0.0364894643
101729.194752,0.0601700988,0.315567002,-0.122963532,-0.00552548934,-0.0247603357,0.0355845243
101729.204780,0.0931698666,0.355991366,-0.107783498,-0.00805708952,-0.0337213427,0.0334832892
101729.214807,0.122648475,0.418754551,-0.141623224,-0.0019744304,-0.0460776091,0.0236160122
101729.224835,0.0570458293,0.456664156,-0.21070962,0.0128892045,-0.0542183593,0.0139633846
101729.234862,0.0455646503,0.448301109,-0.222173263,0.0298109297,-0.0595382899,0.00522981398
101729.244890,0.017664836,0.425862337,-0.168945531,0.0403101742,-0.0576815344,0.00189526984
101729.254917,0.0513175148,0.388520886,-0.0761719701,0.0392670147,-0.0598211177,0.000692586415
101729.264945,0.0683545743,0.371959482,0.0107896896,0.0255887546,-0.0645362437,0.000388719141
101729.274973,0.0436532638,0.379612481,0.0416477692,0.00649655238,-0.0778640285,-0.00924180448
101729.285000,0.00184299752,0.416237599,0.0513660301,-0.00704642059,-0.0893707499,-0.0239009056
101729.295028,-0.0126940619,0.43687546,0.0761538499,-0.0091119688,-0.0859778821,-0.0335466117
101729.305055,0.0462000256,0.431424939,0.0781412243,0.0170128439,-0.0779172927,-0.0384252518
101729.315083,0.146678754,0.429895538,0.0237374339,0.0356520377,-0.0666808859,-0.049163118
101729.325110,0.0762397746,0.411030532,0.0927040027,0.0485694371,-0.0554362237,-0.059038654
101729.335138,0.0524888967,0.348677098,0.146201784,0.0554270744,-0.0397850946,-0.0650225133
101729.345166,0.0852852508,0.260226661,0.214057177,0.0548459738,-0.0214939676,-0.0630515069
101729.355193,0.131568279,0.210926477,0.222428115,0.043528337,-0.0139433751,-0.0662028268
101729.365221,0.140863346,0.205434018,0.195109315,0.0323111042,-0.0140067581,-0.0666241348
101729.375248,0.177976394,0.178945093,0.134449972,0.0273309946,-0.0167111978,-0.0645774975
101729.385276,0.191310507,0.120595488,0.0995376481,0.0247181673,-0.0190925971,-0.060744144
101729.395303,0.198735104,0.0688544866,0.0903296747,0.0202469863,-0.016757004,-0.0539203286
101729.405331,0.232295429,0.0849370219,0.11745792,0.0147712603,-0.0111361369,-0.0503700674
101729.415358,0.283151171,0.0875851983,0.12569208,0.00973974913,-0.00945301913,-0.043100968
101729.425386,0.286111775,0.0734471482,0.0669265873,0.0111648068,-0.0134504242,-0.0344558135
101729.435414,0.23550913,0.0554291879,0.0262298353,0.00683663785,-0.0202012695,-0.0322216898
101729.445441,0.160165428,0.0652317661,0.0358691858,-0.00380588626,-0.0228508487,-0.0364491865
101729.455469,0.117342185,0.108011535,0.0815226834,-0.0052844733,-0.0132426973,-0.0372329578
101729.465496,0.158002697,0.116448524,0.0567874706,0.0140865613,0.00219165254,-0.0326810852
101729.475524,0.190755796,0.102624362,0.0222410579,0.0357609615,0.0142690875,-0.0249398071
101729.485552,0.179800687,0.0887435746,-0.0199953248,0.0479049757,0.0152472667,-0.0237685498
101729.495579,0.14631635,0.104120957,-0.0548176319,0.0392824598,0.0118338931,-0.0221789088
101729.505607,0.178687173,0.0954408072,-0.0396399365,0.0255871564,0.000668057997,-0.0199226774
101729.515634,0.226117032,0.118287503,-0.0672574267,0.016364364,-0.0139252655,-0.0132344142
101729.525662,0.259682033,0.115238856,-0.097359135,0.0142953526,-0.0340827331,-0.0123766102
101729.535689,0.235453016,0.0931451706,-0.13249007,0.0149446316,-0.0487759262,-0.00894992054
101729.545717,0.177370245,0.0729360569,-0.0406979211,0.0128985252,-0.0459481813,-0.0028163949
101729.555744,0.165745273,0.0755651633,0.0862578953,0.011246033,-0.0280738398,0.00426708115
101729.565772,0.201477097,0.051110521,0.148406016,0.016482342,-0.00729053281,0.00858965795
101729.575800,0.210600314,0.0885384074,0.146289462,0.0237381235,0.00872944668,0.0115979649
101729.585827,0.182891639,0.0737083564,0.143626965,0.0256923512,0.0153942732,0.0127101
101729.595855,0.123801736,0.0978054905,0.135862761,0.0170647744,0.0188289508,0.0131750889
101729.605882,0.12227555,0.107952791,0.134826404,0.00963775069,0.0215230063,0.0129375346
101729.615910,0.193850839,0.119447633,0.0966495254,0.00565339532,0.0207970291,0.0207642987
101729.625937,0.233021405,0.146795147,0.0365197586,0.00523740984,0.0146856066,0.0280778706
101729.635965,0.220084766,0.156302615,-0.00777472565,0.00148102106,0.00194051641,0.0324348025
101729.645992,0.128610013,0.178494865,-0.0185205761,-0.0118739326,-0.0039629126,0.030593494
101729.656019,0.0559609567,0.208958027,0.023272739,-0.0235087499,0.000293084886,0.0290616434
101729.666047,0.0772182642,0.240543836,0.059146601,-0.02831975,0.0115971388,0.0284608342
101729.676074,0.0880500394,0.280593888,0.035300446,-0.014228167,0.0179218799,0.0284565724
101729.686102,0.0838479115,0.300121449,-0.0663759677,0.000872755074,0.0152240973,0.0267060772
101729.696129,0.0400987862,0.318065833,-0.129418992,0.00502116093,0.0102128275,0.0183091313
101729.706157,-0.0129717098,0.346640112,-0.101730774,-0.00258429442,0.00401618425,0.0107406927
101729.716185,0.0156003047,0.362329849,-0.0698755003,-0.00860650092,-0.00178577867,0.00725621264
101729.726212,0.0903092165,0.367264967,-0.0645300476,-0.00941263884,-0.00923650432,0.00450862944
101729.736240,0.104608375,0.375466759,-0.111828974,-0.00620273128,-0.024124641,-0.00212903321
101729.746267,0.06255261,0.405736225,-0.132015438,-0.00489005912,-0.0360358953,-0.0122242775
101729.756295,0.00300035086,0.412960843,-0.0821609813,-0.00949865952,-0.0341562368,-0.0245081093
101729.766322,0.00805295807,0.354196665,0.0332189635,-0.00509219291,-0.0180212073,-0.0293270964
101729.776350,0.0429746339,0.327663098,0.0823322462,0.009529626,0.00153172109,-0.0302394982
101729.786378,0.0671685794,0.288052095,0.0555973841,0.0272276644,0.00763089256,-0.0353000388
101729.796405,0.0568856703,0.266003564,-0.00347439811,0.0319774114,0.00629691547,-0.0382510871
101729.806433,0.0441863477,0.230555745,0.0187163909,0.0184440259,0.00858750008,-0.0405525863
101729.816460,0.114610714,0.205111581,0.0836421598,0.0062270402,0.00632328074,-0.0409938768
101729.826488,0.20407705,0.19850283,0.0614332506,0.00289649121,0.00656749262,-0.0358289406
101729.836515,0.231872819,0.161521737,0.0134235452,0.00766674522,0.00258260453,-0.0336179808
101729.846543,0.191285373,0.130816583,-0.015021628,0.0147520844,0.00251362869,-0.0301484186
101729.856570,0.130128601,0.0942034474,0.00544306784,0.0137203764,0.00907006487,-0.0307393726
101729.866598,0.102902741,0.0602361498,0.0563210222,0.0146990884,0.0225006528,-0.0281459857
101729.876626,0.153207863,0.0558304622,0.0399760366,0.0225793831,0.0257462487,-0.0237499047
101729.886653,0.224681447,0.0699516342,-0.0469751017,0.0338850319,0.0238809697,-0.016992135
101729.896681,0.206619136,0.0449233568,-0.090577512,0.0338205844,0.0132115465,-0.0133302882
101729.906708,0.169876674,0.02215601,-0.102361473,0.0256180484,0.00509769376,-0.0125156268
101729.916736,0.148055888,0.0136718209,-0.0653799424,0.0149409026,0.00328834215,-0.00548674632
101729.926763,0.199520117,0.0171489955,-0.0433107339,0.013519574,0.00559623772,0.00451582018
101729.936791,0.199582661,0.0421827528,-0.0626817894,0.0179249756,0.00393176172,0.00986957271
101729.946819,0.157206578,0.0835389186,-0.12569851,0.022543963,-0.0048995465,0.0110280477
101729.956846,0.0875286458,0.116562944,-0.138826871,0.0265408345,-0.00636561681,0.00673050527
101729.966874,0.0668704732,0.147307042,-0.10012217,0.0313587561,-0.000458725379,0.00697045587
101729.976901,0.132238141,0.151523637,-0.0777846659,0.0490898192,0.0118083274,0.0109119341
101729.986929,0.198679575,0.144516242,-0.10235329,0.0627515689,0.0170422383,0.017346397
101729.996956,0.193041277,0.170886143,-0.137725048,0.0684179813,0.00606495375,0.0213422049
101730.006984,0.141557758,0.173895774,-0.185596221,0.0548166782,-0.0151772173,0.021629028
101730.017012,0.0859895997,0.180433213,-0.12946926,0.0267427024,-0.03224089,0.0230804496
101730.027039,0.0952735609,0.176308095,-0.0469692564,0.00817887112,-0.040570192,0.0260490756
101730.037067,0.121731944,0.207651621,0.00146890351,-0.00333325053,-0.0420488119,0.0273821
101730.047094,0.0970335563,0.274627381,0.0105003512,0.00574093778,-0.0436546952,0.0223031845
101730.057122,0.0325847573,0.300468071,-0.0310334362,0.0151482886,-0.0360737406,0.0172426458
101730.067149,0.000604395634,0.2870823,0.0454243651,0.0240187459,-0.0167631619,0.0105956625
101730.077177,0.00938157633,0.28712234,0.139608962,0.0287972558,0.0096953446,0.0066504553
101730.087205,0.0689250677,0.331070349,0.148877725,0.040815305,0.0233600233,0.00268926984
101730.097232,0.0876408741,0.325215924,0.0818856715,0.0488338172,0.022749627,5.70015982e-05
101730.107260,0.0760813692,0.290899228,-0.00648936202,0.0434076265,0.0156594925,-0.000138740987
101730.117287,0.0300724822,0.266415798,0.00010521394,0.0199851207,0.0121499794,-0.00672101043
101730.127315,0.00669686729,0.268404707,0.0529343023,0.00213182229,0.0077898521,-0.0116358735
101730.137342,0.0747322926,0.297367547,-0.01528817,3.15761099e-06,0.00439778389,-0.0120148417
101730.147370,0.123348732,0.333543022,-0.115423199,0.0130230859,-0.00546629867,-0.0125730392
101730.157397,0.10315467,0.330622459,-0.171732531,0.0238493681,-0.011446693,-0.0120044556
101730.167425,0.0509177018,0.279525674,-0.137757781,0.0207614321,-0.011168126,-0.0164490044
101730.177453,0.0218465056,0.250375129,-0.0595592734,0.0166196842,-0.00771427294,-0.020447474
101730.187480,0.0570639495,0.270564734,-0.0716273124,0.0202804655,-0.0101747671,-0.0224725436
101730.197508,0.123557406,0.249106571,-0.109545247,0.0301027372,-0.0162558295,-0.0198378768
101730.207535,0.130014619,0.222968651,-0.132384856,0.0343499482,-0.0251704939,-0.0154370032
101730.217563,0.0904804814,0.174776137,-0.0890051481,0.0260693785,-0.0312864445,-0.0189667568
101730.227590,0.0665723671,0.168013876,0.0122749597,0.0116382418,-0.0290637687,-0.0219897106
101730.237618,0.108690092,0.178167898,0.0506447301,0.00957988482,-0.0192963593,-0.0197915379
101730.247646,0.148114924,0.180678931,0.0503752655,0.0195006914,-0.0100480001,-0.0133980867
101730.257673,0.134131992,0.136186805,0.00773439364,0.0310180653,-0.00833612029,-0.0102901775
101730.267701,0.0959977835,0.12660145,-0.019867899,0.0247119665,-0.0136328815,-0.011869166
101730.277728,0.0541103604,0.143185578,0.0388876568,0.00519099506,-0.0192798488,-0.0195278861
101730.287756,0.111585813,0.179540721,0.0531494064,-0.00361501286,-0.0256565213,-0.0183579586
101730.297783,0.233942611,0.172442433,0.0180962132,0.00202343171,-0.031238772,-0.0121882129
101730.307811,0.283041866,0.149181165,0.000259527719,0.0122784656,-0.0372340828,-0.00102450792
101730.317839,0.220692085,0.145316233,0.037289574,0.00911436416,-0.0307655297,-0.00618278515
101730.327866,0.120493927,0.136578143,0.174373401,-0.000699117954,-0.0177754294,-0.00957378745
101730.337894,0.0994067152,0.126482207,0.249154209,-0.0012224291,0.0027937619,-0.0065929126
101730.347921,0.15887305,0.0847078163,0.228843827,0.0124489078,0.0211615842,-0.00299125258
101730.357949,0.171686354,0.0763627434,0.171508075,0.0236669406,0.0261699241,-0.00125913322
101730.367976,0.125218617,0.114472548,0.0656558367,0.0265407581,0.0200569052,-0.00783234648
101730.378004,0.110426122,0.119542106,0.047370823,0.0192053486,0.0176038668,-0.0107626226
101730.388032,0.188223647,0.0892702288,0.0779763891,0.0129682245,0.0219453517,-0.00278272759
101730.398059,0.280993701,0.0657626581,0.0908177505,0.0141362865,0.0260317065,0.00645684358
101730.408087,0.277491246,0.0743842099,0.0513525861,0.0154923685,0.0166166332,0.0124971597
101730.418114,0.19615444,0.0839550982,0.00555471152,0.00664588017,0.00667958008,0.0120292418
101730.428142,0.107324064,0.0519786821,0.0492746108,-0.00875917543,0.0122804744,0.00854502805
101730.438169,0.0851560715,0.0468251718,0.140364164,-0.014224248,0.0255201142,0.0114433467
101730.448197,0.146174312,0.0804096076,0.119393272,-0.00468427222,0.0403571166,0.017331861
101730.458224,0.194376909,0.0966314783,0.0286427416,0.0202775355,0.0511471815,0.0262473263
101730.468252,0.176574126,0.0844912509,-0.06706395,0.0363116339,0.0542708002,0.0305121131
101730.478280,0.128334703,0.0775133017,-0.0844604905,0.0297429431,0.0470035672,0.0331070945
101730.488307,0.120005851,0.119423229,-0.081056235,0.00482694106,0.0314475112,0.0331209451
101730.498335,0.126150345,0.157101218,-0.0618991146,-0.0165742207,0.0176544674,0.0339518487
101730.508362,0.146692198,0.20449681,-0.114560445,-0.0204693601,-0.00213947752,0.0347731709
101730.518390,0.11543489,0.225782247,-0.174571554,-0.0149089471,-0.0165578313,0.0307739004
101730.528417,0.0316343247,0.25117512,-0.158213709,-0.0104731852,-0.0202295315,0.0198972858
101730.538445,-0.0150514387,0.274343157,-0.0769938078,-0.00635540579,-0.0120834541,0.010897398
101730.548473,0.0340063145,0.286800341,-0.0208054721,0.0118989656,0.00468567153,0.00754794106
101730.558500,0.107249245,0.290113119,0.0165408004,0.0322716162,0.0181418266,0.00961215701
101730.568528,0.0961485902,0.254392913,0.00209551097,0.0445882045,0.0277686212,0.0096337283
101730.578555,0.0516536149,0.234447638,0.0103700028,0.0392544232,0.031390518,0.00955196936
101730.588583,0.0111842418,0.228681768,0.0463771358,0.0237481687,0.0268740654,0.00552527001
101730.598610,0.0594856237,0.229942363,0.0472504115,0.00890211016,0.0197983123,0.00466160709
101730.608638,0.125579852,0.266925136,-0.00643967766,0.00369270099,0.00790889561,0.00219285674
101730.618666,0.116868722,0.295046119,-0.0508715246,0.0053132344,-0.00566310622,-2.95517966e-05
101730.628693,0.0792249279,0.262535376,-0.0703442868,0.00541230384,-0.00807619561,-0.00269750599
101730.638721,0.0468792401,0.248175062,0.00372691157,0.0025518029,0.00182011025,-0.00723047182
101730.648748,0.0355313321,0.226388908,0.0611632015,0.00474837795,0.0156568289,-0.0105535649
101730.658776,0.10827625,0.239061562,0.0622720395,0.0127240121,0.0223863721,-0.013306208
101730.668803,0.135122172,0.248787787,-0.0162520466,0.0316415131,0.0172286276,-0.0114409309
101730.678831,0.117533908,0.195148916,-0.0840975024,0.0363774113,0.00697572343,-0.0127400197
101730.688859,0.082311788,0.138156279,-0.0499205075,0.0232602768,0.00239002658,-0.0116372053
101730.698886,0.0796826085,0.148945676,0.0183107327,0.00423119217,0.00188375986,-0.0106955115
101730.708914,0.125762223,0.17788835,-0.00393441684,-1.38866199e-05,-0.000130921602,-0.00620435644
101730.718941,0.173598325,0.168656339,-0.0630044454,0.0109317051,-0.00388651155,-0.00246128347
101730.728969,0.12979367,0.185528563,-0.116728437,0.0209465232,-0.00996970385,-0.00428128801
101730.738996,0.0586497574,0.172360965,-0.0928513022,0.0244216807,-0.00534725515,-0.00998125225
101730.749024,0.0576683451,0.164736169,-0.0203974759,0.0292348117,0.00909879617,-0.0125746373
101730.759052,0.119556354,0.157603468,0.00685644177,0.0456603914,0.0227674711,-0.00916339457
101730.769079,0.189867907,0.115100105,-0.0294248319,0.0602784827,0.024754988,-0.00563390739
101730.779107,0.162237558,0.0955230787,-0.0954600234,0.0701715872,0.0218715835,-0.00570368208
101730.789134,0.115105804,0.0465383177,-0.075116908,0.0649680421,0.0211333539,-0.0055654645
101730.799162,0.115207511,-0.0238739929,0.00685293463,0.0533164479,0.0290133823,-0.000442607328
101730.809189,0.177148711,-0.0599599632,0.0379553444,0.0531294942,0.0291705076,0.00954184961
101730.819217,0.267350375,-0.0654782882,-0.0418067591,0.056974832,0.0193386506,0.0181747526
101730.829245,0.282968216,-0.0818419054,-0.0923965441,0.0573708452,0.00635600602,0.0271384194
101730.839272,0.25398879,-0.129132795,-0.0657546209,0.0431210697,0.000389193767,0.0355004817
101730.849300,0.199857386,-0.151005531,0.0533177487,0.0269929636,0.0115989717,0.0403461009
101730.859327,0.191443778,-0.143792823,0.124906483,0.0251298156,0.0259257127,0.0468546003
101730.869355,0.236923089,-0.124106272,0.104465168,0.0409844145,0.0433880612,0.0544059947
101730.879382,0.232580675,-0.122163175,0.0106967506,0.0651371479,0.055102773,0.0613195598
101730.889410,0.175915954,-0.1458594,-0.0274853883,0.0783296525,0.0667953789,0.0676509589
101730.899438,0.14437866,-0.176709443,0.00762391901,0.0744976327,0.0797687024,0.0751480237
101730.909465,0.104521866,-0.152141915,0.0199415488,0.0684863403,0.089739576,0.0755506903
101730.919493,0.0788473267,-0.067292498,-0.0427864178,0.0672676787,0.103089206,0.0799691454
101730.929520,0.0649129094,-0.0446578377,-0.124507839,0.0823315829,0.104801618,0.0858219713
101730.939548,0.0139408471,0.0977999376,-0.295554141,0.119244598,0.110119946,0.0741602555
101730.949575,-0.0893956088,0.240665782,-0.373300229,0.121304281,0.116096616,0.0662741065
101730.959603,-0.0954185223,0.236109142,-0.340666956,0.128205061,0.110049643,0.0449704155
101730.969631,-0.145389883,0.379754666,-0.477823848,0.132196084,0.108093016,0.0340362713
101730.979658,-0.113504799,0.324851547,-0.524525394,0.148466125,0.105649032,0.0298790783
101730.989686,-0.136484108,0.278753155,-0.605130378,0.157432988,0.101422861,0.0361074135
101730.999713,-0.174746911,0.213953059,-0.613259324,0.137181252,0.0776389688,0.041403912
101731.009741,-0.136951141,0.191219468,-0.659927552,0.098359555,0.0291537307,0.0506986082
101731.019768,-0.0558913986,0.207629116,-0.746226948,0.0514708757,-0.0436861217,0.06233529
101731.029796,0.0556798016,0.224956829,-0.825279442,0.0189693924,-0.119291134,0.0770300776
101731.039824,0.118258131,0.270381925,-0.842300135,-0.00296457834,-0.185973406,0.0810855627
101731.049851,0.0986456677,0.389930461,-0.781187202,-0.00571722165,-0.244805828,0.073725909
101731.059879,0.0357253934,0.485338827,-0.765860454,0.0102289887,-0.272852898,0.0617190488
101731.069906,0.0883797097,0.515382449,-0.613764351,0.0477297567,-0.27070719,0.0532035939
101731.079934,0.137975808,0.494252859,-0.456204137,0.0991117209,-0.252754033,0.04468574
101731.089961,0.120970312,0.447720971,-0.333419469,0.139739305,-0.242697135,0.0377221033
101731.099989,0.0851367823,0.361376274,-0.232347451,0.156795263,-0.233080193,0.0255794227
101731.110017,0.0448456884,0.253276623,-0.0811035812,0.154019177,-0.21913828,0.0180013962
101731.120044,0.0630371787,0.118690165,0.0903285057,0.1451924,-0.195182875,0.0236361139
101731.130072,0.115325584,-0.0219494545,0.20311785,0.138783231,-0.180881172,0.0383519419
101731.140099,0.168615276,-0.102283147,0.196266668,0.117181003,-0.184161112,0.0530158393
101731.150127,0.177925541,-0.123319286,0.168294373,0.0878207162,-0.206162289,0.0586500242
101731.160154,0.206787478,-0.052733446,0.134636434,0.0486898273,-0.236248553,0.0568396077
101731.170182,0.266005391,0.0355688146,0.137470781,0.0213013459,-0.260097414,0.0513939746
101731.180210,0.315820684,0.103736415,0.142137019,0.0228313319,-0.261162966,0.0536033325
101731.190237,0.39036593,0.111234881,0.215963303,0.0545903258,-0.239855006,0.061953675
101731.200265,0.390257793,0.0916120427,0.254580326,0.0918623284,-0.216705218,0.0638791397
101731.210292,0.334499081,0.137545599,0.276059167,0.123590961,-0.193244889,0.058758948
101731.220320,0.329930458,0.185398945,0.339112712,0.147688314,-0.181407139,0.0504187271
101731.230347,0.380639486,0.200083889,0.370287018,0.16190587,-0.174366817,0.0486921966
101731.240375,0.403013814,0.183579694,0.405244934,0.164902449,-0.1685763,0.0503564067
101731.250403,0.396582905,0.110159872,0.483338812,0.164043322,-0.165866807,0.0600721501
101731.260430,0.351508668,0.0985517058,0.543210805,0.140924156,-0.161961541,0.0621145293
101731.270458,0.268823371,0.15876126,0.606510434,0.110241607,-0.154737443,0.0515231378
101731.280485,0.211909059,0.221891962,0.665257807,0.0792605206,-0.134116322,0.0430699997
101731.290513,0.169849202,0.23340529,0.74052669,0.0620232075,-0.0971018448,0.0428681299
101731.300540,0.141106507,0.19025603,0.780970344,0.0534249246,-0.055467315,0.0444106348
101731.310568,0.0946434463,0.220005783,0.725427905,0.0510757528,-0.0228137653,0.0396531634
101731.320596,0.04841361,0.327483796,0.574906505,0.0520083904,0.000906743633,0.0253208298
101731.330623,0.0585188245,0.372566508,0.443014401,0.05111783,0.017024992,0.0186490789
101731.340651,0.111352589,0.372872578,0.344606634,0.0538731366,0.0185672287,0.0116156694
101731.350678,0.149814129,0.403563776,0.206514506,0.0636722371,0.0128675327,0.00531782676
101731.360706,0.128549223,0.429057479,0.113998135,0.0710473284,0.00926214457,-0.0025840383
101731.370733,0.0989776761,0.43578445,0.0639712447,0.0684022754,0.0109412689,-0.00826908834
101731.380761,0.057678282,0.450494601,0.0617395401,0.0652783886,0.023168372,-0.013408456
101731.390789,0.0399807127,0.443107048,0.0206827225,0.0667529851,0.0293682124,-0.0184487551
101731.400816,-0.01878478,0.419577265,-0.0812532188,0.0678270385,0.0281948224,-0.0199193526
101731.410844,-0.0657920303,0.40815578,-0.198819276,0.0652363151,0.0133056231,-0.0216333643
101731.420871,-0.0942962403,0.382329704,-0.300183555,0.0555764958,-0.00191088067,-0.0237974487
101731.430899,-0.0925023426,0.37879678,-0.284096343,0.0381799266,-0.0186192878,-0.0254917517
101731.440926,-0.0641314036,0.405932698,-0.316424495,0.0293550119,-0.0391546525,-0.0269429088
101731.450954,-0.0398509489,0.417649585,-0.455771591,0.0336429663,-0.066305317,-0.0320700258
101731.460982,-0.0628477936,0.4456636,-0.555672812,0.0362933427,-0.0916444957,-0.0405695029
101731.471009,-0.118534609,0.453621135,-0.621995004,0.0450162627,-0.11932113,-0.0527699776
101731.481037,-0.110739426,0.42785921,-0.65376143,0.0493747927,-0.141138285,-0.0604364164
101731.491064,-0.0389829339,0.425851012,-0.684067137,0.0522227772,-0.175532475,-0.0638237
101731.501092,0.0458773696,0.381164313,-0.832395411,0.0238353442,-0.237111419,-0.0623533614
101731.511119,0.198560917,0.289737052,-1.11391577,-0.0147669092,-0.357954204,-0.0479011871
101731.521147,0.407990434,0.184489868,-1.63096337,-0.0719468445,-0.540998042,-0.0308681391
101731.531175,0.597846066,0.122692168,-2.12128722,-0.124250792,-0.753435493,-0.00172650069
101731.541202,0.767387809,-0.0231509393,-2.33937526,-0.144315854,-0.922217011,0.0529995933
101731.551230,0.90963881,-0.227472977,-2.16449157,-0.124635622,-1.03376889,0.123154983
101731.561257,0.819504366,-0.319050971,-1.88344643,-0.097147271,-1.0846957,0.186311036
101731.571285,0.610028671,-0.315190058,-1.42786832,-0.081101723,-1.08058619,0.232137382
101731.581312,0.360472311,-0.236425222,-1.05173842,-0.008215799,-1.09954095,0.241474703
101731.591340,-0.0223562087,-0.04968363,-1.0506857,0.00691148825,-1.05956113,0.236830145
101731.601368,0.0420779773,-0.0133119746,-0.411617392,0.0464450493,-1.02101719,0.241956189
101731.611395,-0.00499240146,-0.0970269804,-0.424182275,0.131109074,-0.95331794,0.272882432
101731.621423,0.115813076,-0.186142676,-0.208593651,0.154084951,-0.90569371,0.261768788
101731.631450,-0.113019645,0.0465530038,0.013270985,0.138060182,-0.882178783,0.224965766
101731.641479,-0.205128605,0.124304644,0.12317396,0.101239055,-0.852262974,0.174073026
101731.651506,-0.116683429,0.143004742,0.362094944,0.094516702,-0.817331076,0.144385964
101731.661534,0.000940495721,0.0783908882,0.404288949,0.117046781,-0.765388012,0.118191376
101731.671562,0.0848269857,0.0302661781,0.500448645,0.165567443,-0.697466731,0.112979576
101731.681589,0.160267134,-0.0270257349,0.597304507,0.225839034,-0.612388313,0.117213741
101731.691617,0.231703893,-0.0579973579,0.78671941,0.262766451,-0.524422526,0.112436026
101731.701644,0.222421685,-0.0318645532,0.936098362,0.290187955,-0.431459844,0.106260419
101731.711672,0.297729147,-0.0366823288,1.0473662,0.300882667,-0.35146144,0.0961566567
101731.721700,0.318697701,-0.0370963164,1.1155232,0.290712059,-0.29305777,0.0873730183
101731.731727,0.276220495,-0.0884614697,1.15840607,0.269296259,-0.233899117,0.0872694105
101731.741755,0.299914674,-0.122123209,1.26192402,0.223723426,-0.18987067,0.0761770904
101731.751782,0.27998657,-0.0474962029,1.27747025,0.176185995,-0.151881471,0.0672669485
101731.761810,0.329290407,0.0294071501,1.25519909,0.130377769,-0.123190433,0.0440353937
101731.771837,0.276346167,0.12641623,1.15583855,0.0996190533,-0.0909896195,0.0270766523
101731.781865,0.27002807,0.117278618,1.13184568,0.090493463,-0.0501860008,0.0222840272
101731.791893,0.341001887,0.115974915,1.05729167,0.104104884,-0.00861885026,0.024830807
101731.801920,0.400753468,0.126423901,0.96599578,0.114003584,0.0401846431,0.0300668478
101731.811948,0.435457117,0.136631699,0.941515419,0.119163193,0.0828279778,0.033492472
101731.821975,0.4171949,0.1335973,0.868449014,0.121792533,0.115769148,0.0385729857
101731.832003,0.381281875,0.116965387,0.791247408,0.106660984,0.138733312,0.0475241356
101731.842030,0.348667307,0.134253572,0.717782359,0.0808661357,0.150901556,0.0466314442
101731.852058,0.302206,0.199168674,0.606078765,0.0484956801,0.150771335,0.0458705798
101731.862086,0.299109203,0.218939323,0.483612369,0.0220877789,0.143995181,0.0455033295
101731.872113,0.32119887,0.221691617,0.345993996,0.0172093995,0.135629132,0.0502022095
101731.882141,0.290422624,0.228847772,0.18619331,0.0262090191,0.135097295,0.0600844026
101731.892168,0.204169989,0.255468799,0.109942138,0.0390371978,0.137255251,0.0579738468
101731.902196,0.0902373203,0.300483414,0.0543295561,0.0478458703,0.14332673,0.0503968894
101731.912224,0.0225496855,0.342819093,0.0116805009,0.0569514856,0.148534805,0.0388121381
101731.922251,0.0257563725,0.355503145,-0.0645718409,0.0673306212,0.14658618,0.0278798603
101731.932279,0.000193476745,0.350899962,-0.150404204,0.0808940977,0.141877711,0.0127200829
101731.942306,0.00154839849,0.333096229,-0.211673789,0.0943779498,0.127609551,0.00629307609
101731.952334,0.0173661453,0.339856809,-0.286420694,0.103618324,0.113582425,0.000687122345
101731.962361,0.0536935963,0.295972732,-0.293049173,0.105970427,0.102985173,-0.00127402972
101731.972389,0.0752215375,0.269621681,-0.283180105,0.110684484,0.0995678082,0.00175425084
101731.982417,0.0535614943,0.231703162,-0.296404913,0.119997561,0.0857934058,0.00313430093
101731.992444,0.0225035082,0.22421098,-0.343032224,0.122604795,0.0672135949,0.00242297025
101732.002472,-0.0280716638,0.226314235,-0.364203022,0.119851351,0.0511267707,0.0022453377
101732.012499,-0.0116892687,0.239728867,-0.310434607,0.115311995,0.0390501358,0.00135211321
101732.022527,0.0385118092,0.25546215,-0.29404929,0.113305837,0.0249148738,0.00646378472
101732.032554,0.0953390273,0.217904134,-0.298924787,0.105257496,0.00741923787,0.0159209371
101732.042582,0.104576227,0.20709121,-0.286223418,0.0888601318,-0.0149439378,0.0206870399
101732.052610,0.054206222,0.19346732,-0.252636498,0.0688997433,-0.0336555764,0.0214513689
101732.062637,0.0615828882,0.209675601,-0.161843298,0.0459645987,-0.037572287,0.022788275
101732.072665,0.0683481446,0.206621108,-0.059582362,0.0328456014,-0.0361922346,0.0221232846
101732.082692,0.0656137512,0.240685364,-0.093628424,0.0370051898,-0.0396428928,0.0203379001
101732.092720,0.0507318238,0.23899025,-0.130341659,0.0519497879,-0.0427097902,0.0215576291
101732.102748,0.0234229612,0.251669626,-0.123065531,0.05925164,-0.0364620127,0.0169916376
101732.112775,-0.0266875159,0.287518573,-0.0632160424,0.0609110557,-0.0254218783,0.0140368612
101732.122803,-0.022243396,0.28948242,-0.0180751704,0.0636437237,-0.0174632873,0.00873184483
101732.132830,0.0410679234,0.299212956,-0.0403127212,0.0653833002,-0.0179455858,0.00589451287
101732.142858,0.0551338582,0.300711743,-0.0462406499,0.0568065941,-0.0283401702,-0.00224517286
101732.152885,0.0442646737,0.312950755,-0.0745054981,0.0438867994,-0.0436826423,-0.0118618477
101732.162913,0.0576128155,0.289175035,-0.0635462972,0.0367322192,-0.0514289774,-0.0140549615
101732.172941,0.130810154,0.254315537,-0.0254705413,0.04545407,-0.0511914268,-0.0114613082
101732.182968,0.17014497,0.230236816,-0.00440787957,0.0502656028,-0.0466659144,-0.00724046491
101732.192996,0.15315058,0.231455398,0.0207230546,0.0573248453,-0.0497037843,-0.0102042966
101732.203023,0.127656658,0.240502262,-0.0298170461,0.0567991361,-0.0483812578,-0.012702873
101732.213051,0.0763636932,0.205432702,0.0493117279,0.0494855642,-0.0417952612,-0.0149540436
101732.223079,0.115717799,0.207579578,0.135695003,0.0409168415,-0.0339644998,-0.0128994156
101732.233106,0.16845804,0.214259421,0.123104986,0.0330719687,-0.0273255054,-0.011104444
101732.243134,0.17355507,0.185310317,0.132335171,0.0266364384,-0.0264178999,-0.00781890191
101732.253161,0.13231822,0.156969992,0.11901684,0.0209013205,-0.022666838,-0.00458635762
101732.263189,0.0827349818,0.141572736,0.139885441,0.00706433551,-0.0152744362,-0.00515947025
101732.273216,0.0520423219,0.143922587,0.198502465,-0.00766294543,-0.00557573605,-0.0103529003
101732.283244,0.0588859042,0.178784569,0.208092715,-0.0147706568,0.00576586789,-0.0107822027
101732.293272,0.103829208,0.167462964,0.16055618,-0.00828905497,0.0154278167,-0.0116277561
101732.303299,0.107564303,0.190427441,0.069321958,-0.00044950741,0.0145321954,-0.00853902102
101732.313327,0.10905308,0.192060449,-0.0141167882,0.00262298156,0.00925860368,-0.0119398776
101732.323354,0.126367203,0.238475725,-0.0379579747,-0.00200559245,0.00688439561,-0.0180020314
101732.333382,0.121729606,0.25359168,0.0141655957,-0.00556677114,0.0156856105,-0.0213027541
101732.343410,0.136622055,0.224745598,0.0216959912,-0.00055656652,0.0230335388,-0.0238705743
101732.353437,0.106898532,0.22760559,-0.0377323493,0.016003767,0.0203394853,-0.0288088713
101732.363465,0.0572328763,0.223498301,-0.129028239,0.0305462256,0.020007655,-0.0321737751
101732.373492,0.0374959102,0.209068794,-0.131135732,0.0349516273,0.0196337476,-0.0366191268
101732.383520,0.0565349572,0.196030741,-0.141830729,0.0397234783,0.0149625624,-0.0392335504
101732.393548,0.103236503,0.219916424,-0.178569099,0.0461885706,0.00943623669,-0.0379088968
101732.403575,0.114881348,0.190666291,-0.174659817,0.0496522784,-0.000171383261,-0.0331231952
101732.413603,0.105109311,0.147691365,-0.161925423,0.0409133807,-0.00892546028,-0.0287116673
101732.423630,0.109642278,0.106625487,-0.0995125136,0.0180597287,-0.0165703297,-0.0281177815
101732.433658,0.12601006,0.0996517029,-0.0288239434,0.000384328305,-0.0171168093,-0.0230721589
101732.443685,0.131412211,0.0837908476,-0.0127826169,-0.00727012893,-0.0142989205,-0.0146882609
101732.453713,0.131634914,0.0828502057,-0.0411187769,-0.000313419878,-0.0145870736,-0.0116767585
101732.463741,0.0939297451,0.0999301545,-0.0636310529,0.00576790841,-0.0139750801,-0.008824246
101732.473768,0.0636497576,0.0963637673,-0.0912771847,0.00591970887,-0.0148714995,-0.00876192749
101732.483796,0.0654927551,0.106843295,-0.0456049824,-0.00596491387,-0.00737683196,-0.0070263464
101732.493823,0.090803722,0.101138507,0.028359833,-0.0151594775,-7.60420226e-05,-0.00341057219
101732.503851,0.11207272,0.0690311584,0.0380596815,-0.0220791698,0.00259644003,0.00296077458
101732.513879,0.119635264,0.0621083003,0.025775954,-0.0300116614,-0.00128671515,0.00801944919
101732.523906,0.108202016,0.0811759158,0.0078933836,-0.0391249955,-0.00858723838,0.00713714352
101732.533934,0.0649275225,0.133705291,-0.0105997199,-0.0405692272,-0.00782424305,0.000325842761
101732.543961,0.0891273132,0.181659759,-0.0248307821,-0.025752468,-0.00291870022,-0.00734033249
101732.553989,0.124634095,0.224394519,-0.0935422071,0.00140272116,0.00255782437,-0.0145274047
101732.564017,0.124574474,0.204377421,-0.116243284,0.026198348,0.0100250617,-0.0182646196
101732.574044,0.110851069,0.125550918,-0.0688832744,0.0367726982,0.0208859667,-0.0146909244
101732.584072,0.0919488004,0.0440958199,0.0367182038,0.0251051206,0.0300035644,-0.0114637055
101732.594099,0.117643214,-0.0170852095,0.112452659,0.00255187508,0.0358254984,-0.000218506902
101732.604127,0.167221776,-0.0363673445,0.108883276,-0.0156425759,0.0328901634,0.00724420277
101732.614154,0.19415596,-0.0439708783,0.069894205,-0.0288081784,0.0178736635,0.0115239024
101732.624182,0.17871523,0.0120867436,-0.0285690919,-0.0303437579,0.0021074838,0.0119755743
101732.634210,0.180362412,0.02840791,-0.0887386062,-0.0211774223,0.00202386035,0.0144898649
101732.644237,0.197608731,0.0357723743,-0.0488894109,-0.0110385027,0.0161375497,0.014633676
101732.654265,0.175156076,0.0812670282,-0.0156306999,0.00284615438,0.0247305054,0.0141662909
101732.664292,0.161637254,0.107222942,-0.0922264483,0.0178434793,0.0209623985,0.0118498737
101732.674320,0.130177701,0.0953533481,-0.167101364,0.0321577042,0.0155037167,0.0131923724
101732.684348,0.112992173,0.0523220887,-0.155360658,0.03491088,0.0128291035,0.0167658031
101732.694375,0.106180739,-0.00356412222,-0.0703854956,0.0306966938,0.0212340411,0.0187115073
101732.704403,0.112504097,-0.0293802621,0.000935235023,0.0214768294,0.0280376188,0.0258011092
101732.714430,0.105549456,-0.0414567036,0.00890402195,0.0166831408,0.0336433053,0.0312219728
101732.724458,0.0828010328,-0.0594520137,-0.0299906491,0.0155238658,0.0371323116,0.0397728533
101732.734486,0.056449617,-0.0818394212,-0.0336646615,0.0098145809,0.0431081802,0.046909593
101732.744513,0.0668728113,-0.0278278451,-0.0609428367,0.00656073168,0.0408290438,0.0494792759
101732.754541,0.114345341,0.0655645783,-0.12761808,0.00789364334,0.0294469632,0.0520907715
101732.764568,0.152919694,0.111009402,-0.192506147,0.0142167863,0.0216963664,0.0501610413
101732.774596,0.181090142,0.147064392,-0.206452255,0.0282489825,0.00939708762,0.0541493967
101732.784623,0.188122525,0.148859094,-0.232468447,0.0375229083,-0.00788735971,0.0528423116
101732.794651,0.174209735,0.189994164,-0.186716458,0.037118908,-0.0169724673,0.0471724421
101732.804679,0.157030052,0.208398201,-0.114995037,0.0379700549,-0.0225549843,0.045083724
101732.814706,0.16850071,0.177148784,-0.0368412457,0.0427179374,-0.0121449558,0.0491096303
101732.824734,0.120439566,0.141118855,0.0362082085,0.0539157316,-0.00100228947,0.0528127551
101732.834761,0.0645972676,0.131403078,0.060109893,0.0485001951,0.00371097308,0.0473079979
101732.844789,-0.0120902508,0.153292473,0.0961018284,0.0352882519,0.0107502406,0.0383254215
101732.854817,-0.00458791231,0.15756299,0.0822784702,0.0240763407,0.0165213104,0.0379991829
101732.864844,0.0811187788,0.14856296,0.0653793579,0.0274313912,0.0212918315,0.0472017378
101732.874872,0.155379362,0.158520145,0.0446107106,0.0329345502,0.0174560808,0.0548793674
101732.884899,0.15846973,0.199627158,-0.0160614925,0.0262769107,0.00473975204,0.0520918369
101732.894927,0.120829442,0.247059721,-0.00128068746,0.0151374415,-0.00310538802,0.0441662669
101732.904955,0.0999982513,0.286380509,0.0404343017,0.00850190967,0.00104754558,0.0361418948
101732.914982,0.121372463,0.287971869,0.0938341757,0.0172189679,0.0115955276,0.0355373621
101732.925010,0.131934189,0.264371214,0.087620708,0.0278854612,0.0200492013,0.0346635766
101732.935037,0.0975526117,0.25846082,0.0725949884,0.035720218,0.0264389236,0.0288482979
101732.945065,0.0475906032,0.24034488,0.0971843629,0.0352158137,0.0359440111,0.0263691619
101732.955093,0.0629816491,0.224962163,0.154937464,0.0271147415,0.0501937866,0.0250738002
101732.965120,0.102711602,0.19127171,0.214930452,0.0178570617,0.0595244355,0.0291257985
101732.975148,0.155049107,0.167629845,0.199588506,0.00780016696,0.0647895113,0.0320398286
101732.985175,0.148088036,0.167633791,0.169751002,-0.00711193727,0.065574877,0.0325895064
101732.995203,0.111702718,0.176194479,0.14558336,-0.0167184919,0.0602477491,0.0281438921
101733.005231,0.084915833,0.180467553,0.142628017,-0.0223609321,0.066476889,0.0251286607
101733.015258,0.117411158,0.185484505,0.141341485,-0.0193683375,0.0734160244,0.0248141419
101733.025286,0.147380765,0.193845433,0.132766841,-0.0190221276,0.0788438097,0.0230236985
101733.035313,0.142757781,0.245123565,0.096731943,-0.00845843181,0.0779287443,0.0126682632
101733.045341,0.132335171,0.290019596,0.0136211136,-0.00313603086,0.0689653754,0.00683289673
101733.055368,0.116411041,0.282673982,-0.0108195002,0.000711704371,0.0699395612,0.00317397993
101733.065396,0.131280694,0.260088933,0.0204120889,0.00171092234,0.0819349736,0.00505070947
101733.075424,0.115333183,0.222735939,0.0692220048,0.00270774355,0.090983063,0.00809177291
101733.085451,0.103001525,0.191776591,0.0482706944,0.00125871762,0.0916094333,0.00959619321
101733.095479,0.0628507162,0.181470008,0.0278469151,-0.0059145065,0.0899335071,0.00893945713
101733.105506,0.0342412923,0.138611621,0.0613917496,-0.0204540342,0.093971923,0.0113384333
101733.115534,0.0579489156,0.113699883,0.140563778,-0.0295833498,0.10998711,0.0212656334
101733.125562,0.126940619,0.0753426066,0.159394443,-0.0388255864,0.121825129,0.0356043577
101733.135589,0.15751579,0.0797653184,0.183486097,-0.0477740727,0.132811204,0.0478698127
101733.145617,0.167990422,0.085525124,0.162730894,-0.0628414378,0.131685749,0.0565429293
101733.155644,0.132329911,0.108322647,0.177544432,-0.0837384611,0.135580629,0.0634839237
101733.165672,0.0991997944,0.0937245048,0.279144274,-0.107468292,0.152919665,0.0710773915
101733.175700,0.0915080709,0.0966352777,0.308355755,-0.119069293,0.174362108,0.0756114274
101733.185727,0.104337157,0.144296535,0.285788534,-0.121351883,0.185563892,0.070231311
101733.195755,0.0561187776,0.249473066,0.13476386,-0.108035013,0.180943847,0.048318021
101733.205782,0.0217827927,0.361159198,-0.0209592014,-0.0860721916,0.171101868,0.0236891098
101733.215810,0.0472784685,0.398167178,-0.112417588,-0.0496633202,0.170919165,0.00250872225
101733.225838,0.110028062,0.406265729,-0.142296593,-0.0102424091,0.171196669,-0.0145711955
101733.235865,0.174673261,0.376655457,-0.17125673,0.02645595,0.171155661,-0.0297219194
101733.245893,0.158989954,0.347566799,-0.21224925,0.0494246483,0.155759931,-0.0414576717
101733.255920,0.127400053,0.291814151,-0.253172797,0.0587126911,0.140454471,-0.0532970205
101733.265948,0.0797112501,0.196627172,-0.195472888,0.0718679056,0.132430375,-0.058116544
101733.275975,0.124920511,0.159486286,-0.145140877,0.0740775317,0.135051459,-0.0490926877
101733.286003,0.170026312,0.0662883625,-0.0686994422,0.087959528,0.141157821,-0.0447227061
101733.296031,0.111072019,0.161083492,-0.0907400091,0.1149211,0.149349958,-0.0505632833
101733.306058,0.0849737007,0.208211812,-0.114330728,0.112938114,0.147196263,-0.04649131
101733.316086,0.0840092396,0.102204602,-0.0659621262,0.105937459,0.135764644,-0.0498346426
101733.326113,0.0954553472,0.154302527,-0.0906248583,0.0935713351,0.125625461,-0.0486418121
101733.336141,0.172928463,0.125392878,-0.05619535,0.0763018057,0.114047103,-0.0424361154
101733.346169,0.211359024,0.0297075213,-0.00936871685,0.0577470288,0.10002023,-0.0301434956
101733.356196,0.243616449,0.0118299193,-0.00439443557,0.0350278653,0.0810779631,-0.0195294674
101733.366224,0.223683083,-0.000319514278,0.0318090967,0.00143182313,0.0702418312,-0.00473534223
101733.376251,0.181692784,-0.0188047268,0.110571668,-0.0307876319,0.0760512501,0.0130753461
101733.386279,0.190857503,0.0141959178,0.178324185,-0.0558096282,0.0869033635,0.0272287168
101733.396307,0.191868726,0.0756736651,0.128262807,-0.0602922626,0.0836622939,0.0347169936
101733.406334,0.143062902,0.158735322,-0.0192447987,-0.0529480614,0.0811874196,0.0381452814
101733.416362,0.0509258851,0.211266669,-0.0626022944,-0.0431580134,0.0826718658,0.0302495398
101733.426389,-0.0186591078,0.248761776,-0.0422878206,-0.0314579494,0.0911500379,0.0241828598
101733.436417,-0.00486029951,0.269579157,-0.013351649,-0.0221768338,0.10560941,0.0122676101
101733.446444,0.025193478,0.280716638,-0.0168044198,-0.0126278028,0.107679218,0.00292710494
101733.456472,0.0511047488,0.275883299,-0.0802712221,-0.00504977815,0.0950723439,-0.00676973164
101733.466500,0.0905149682,0.24471798,-0.115309218,-0.0141213033,0.0767676383,-0.00887469389
101733.476527,0.113361591,0.163947503,-0.0358931512,-0.0314896405,0.0660601333,-0.0110180061
101733.486555,0.148346979,0.0934823666,0.0772375535,-0.0632491708,0.06566412,-0.00233263802
101733.496582,0.182544433,0.0357413947,0.194305013,-0.100712121,0.0799213573,0.0100353481
101733.506610,0.110614922,-0.0118180097,0.239576233,-0.128819659,0.0990228802,0.0203764029
101733.516638,-0.00836100111,0.0501386072,0.184025611,-0.141783938,0.118030921,0.0196285881
101733.526665,-0.112809218,0.090951533,0.0444797777,-0.135671973,0.134153694,0.0169355981
101733.536693,-0.167910927,0.165505766,-0.0766834267,-0.118024535,0.149516672,0.00677590538
101733.546720,-0.123945529,0.224167871,-0.169029702,-0.0878114998,0.159442008,-0.00103354827
101733.556748,-0.0938110871,0.271358077,-0.319411987,-0.0528729595,0.166102841,-0.0107413027
101733.566776,-0.0442494761,0.291637771,-0.377104882,-0.0249518473,0.16392757,-0.019246107
101733.576803,-0.0833124895,0.269855929,-0.461077881,-0.00893799309,0.156832114,-0.0218520109
101733.586831,-0.0352098451,0.273998581,-0.503402526,-0.00325427507,0.129805818,-0.0338386334
101733.596858,0.0177010764,0.314494842,-0.593003887,-0.0054801451,0.0933530107,-0.0495270491
101733.606886,0.0843015005,0.323539296,-0.644252428,-0.000767681631,0.0450909361,-0.0583567582
101733.616914,0.133276252,0.281980885,-0.710236182,0.0281212255,-0.000126876286,-0.0528754406
101733.626941,0.221235106,0.168924999,-0.668877166,0.0463921092,-0.0343945697,-0.0423674062
101733.636969,0.227412333,0.0817896638,-0.488690695,0.0500369109,-0.0504630171,-0.032463111
101733.646996,0.19595921,-0.0138606214,-0.274586756,0.0417480879,-0.0532779768,-0.0200735517
101733.657024,0.232580091,-0.098110684,-0.0883645122,0.0285406727,-0.0455356352,-0.00288311392
101733.667051,0.236519184,-0.166418716,0.00902501798,0.0164150335,-0.0414506122,0.012494511
101733.677079,0.22335692,-0.208646477,0.0620364772,-0.000257419946,-0.041806411,0.0318279937
101733.687107,0.219319043,-0.202265324,0.101983288,-0.0232831109,-0.0374236479,0.04426549
101733.697134,0.194112705,-0.146057699,0.141932436,-0.0410099104,-0.0319489874,0.0503497496
101733.707162,0.205982007,-0.0665687138,0.117867085,-0.0426853038,-0.0259235855,0.0544462204
101733.717189,0.204779061,-0.0209033065,0.0558715248,-0.0277327206,-0.0204766225,0.0581171252
101733.727217,0.191659467,0.0129983055,0.000699672702,-0.0076016197,-0.0185455643,0.0589203313
101733.737245,0.157367906,0.0213976659,0.0217547357,-0.000723739446,-0.00972277857,0.0573189743
101733.747272,0.13603461,0.0501922371,0.121318687,-0.00663409289,0.00231577503,0.0490277559
101733.757300,0.1299889,0.0773399909,0.184293322,-0.00865436625,0.0126139522,0.0425120629
101733.767327,0.152375504,0.096894294,0.107195469,0.00257538445,0.0177730285,0.040448647
101733.777355,0.153313077,0.0811825648,0.021722587,0.0118841976,0.0280786622,0.0384805724
101733.787383,0.102413496,0.0910764015,-0.0201683433,0.0201804768,0.030794289,0.0350160673
101733.797410,0.081231007,0.142047879,-0.0777174459,0.0250279624,0.0298928078,0.0330964588
101733.807438,0.142092011,0.152282565,-0.0951730231,0.0302205943,0.0296086483,0.0361905172
101733.817465,0.204904733,0.134790821,-0.11836919,0.039517425,0.0239070877,0.0458753705
101733.827493,0.240106979,0.101984238,-0.148423552,0.0455164611,0.00704847882,0.054141555
101733.837521,0.218683667,0.096296255,-0.161307583,0.0309835896,-0.0146453641,0.0602359325
101733.847548,0.164620653,0.0910179493,-0.0630523762,0.00412614271,-0.0296509452,0.0585554801
101733.857576,0.150465287,0.133470678,0.0311287132,-0.0159311872,-0.0448493399,0.0533194393
101733.867603,0.144741064,0.13927045,0.0393774861,-0.0190316401,-0.0423044227,0.0553959049
101733.877631,0.160858086,0.134945865,0.0800906048,-0.00390621694,-0.0251605902,0.0625459552
101733.887659,0.134855045,0.133971175,0.136992057,0.011001626,0.00176769658,0.0707266629
101733.897686,0.0342547363,0.164468166,0.205943428,0.0115939137,0.0319045596,0.0647534579
101733.907714,-0.0430272408,0.234533636,0.23010581,0.00525239389,0.0540910885,0.0527580455
101733.917741,-0.036650107,0.292439297,0.162764796,0.00364064891,0.063318938,0.0442345962
101733.927769,0.002536825,0.299121844,0.0912567265,0.0104343733,0.0720852688,0.0381109267
101733.937797,0.00678279201,0.294301072,-0.015554712,0.0238950551,0.0705297142,0.0345036723
101733.947824,0.0389735815,0.300255962,-0.0972486604,0.0349727385,0.0642470568,0.0319774002
101733.957852,0.0875607946,0.311441665,-0.126460726,0.0349003002,0.057935629,0.0294181015
101733.967879,0.144355864,0.298918503,-0.0964665701,0.0393621624,0.0495306924,0.0195846446
101733.977907,0.190068398,0.287805354,-0.120596803,0.0463441722,0.0330555774,0.020937264
101733.987935,0.184606041,0.229617222,-0.122210083,0.0511181541,0.0271513499,0.0204128884
101733.997962,0.140815999,0.135578099,-0.0341086058,0.0494017452,0.0292091742,0.0229628645
101734.007990,0.0868722278,0.0787133251,0.0627367344,0.0424405076,0.0472659394,0.0234827138
101734.018017,0.0593897621,0.0184608087,0.181608613,0.0317063704,0.0734046027,0.0284455139
101734.028045,0.0616658903,-0.0620836043,0.245237328,0.0391893238,0.103300177,0.0344136581
101734.038073,0.100847562,-0.115061088,0.231773451,0.0424439721,0.132326767,0.0491414703
101734.048100,0.0878723447,-0.203628941,0.258926831,0.0417664833,0.166638017,0.0596096367
101734.058128,0.0915133316,-0.247224848,0.325738852,0.031029949,0.197077423,0.0704558939
101734.068155,0.126281863,-0.317088147,0.385748791,0.0232607089,0.244544804,0.0876471251
101734.078183,0.209683784,-0.467222229,0.460412695,0.0299971737,0.29740721,0.118577614
101734.088211,0.254121476,-0.609668314,0.479336591,0.0423409268,0.346556664,0.132773593
101734.098238,0.218079272,-0.514023874,0.359905325,0.0456528328,0.356696635,0.121152356
101734.108266,0.126615625,-0.345423357,0.0795943457,0.0447889045,0.348474652,0.0909382701
101734.118293,0.116853525,-0.230612006,-0.121752402,0.0720700622,0.342868984,0.0688073933
101734.128321,0.140720138,-0.279194981,-0.255865105,0.12906836,0.352034777,0.0542367101
101734.138349,0.105987263,-0.248772078,-0.369292747,0.224703014,0.379242957,0.028970236
101734.148376,-0.0478097989,-0.118374743,-0.468237105,0.31404382,0.425343066,0.0038142819
101734.158404,-0.207229377,-0.158664594,-0.42366848,0.399509728,0.486300707,-0.0279732086
101734.168431,-0.305356573,-0.168005254,-0.414056017,0.465327084,0.549765944,-0.0412424095
101734.178459,-0.259883108,-0.246759277,-0.437333433,0.508814931,0.591585577,-0.049290482
101734.188487,-0.196590494,-0.263903231,-0.533067597,0.532080829,0.604102194,-0.0457948148
101734.198514,-0.070403908,-0.341478565,-0.647615182,0.533874452,0.580686331,-0.0302584656
101734.208542,0.0844523071,-0.396072544,-0.75118837,0.515871227,0.531706274,-0.00536243804
101734.218569,0.234486801,-0.460723588,-0.767311821,0.478897214,0.475419283,0.0256186463
101734.228597,0.374642875,-0.535145353,-0.694152477,0.41855213,0.41131115,0.0589057617
101734.238625,0.430477575,-0.544147063,-0.609638211,0.345469654,0.346376628,0.0831988454
101734.248652,0.390403339,-0.507530274,-0.582247515,0.290515065,0.29002893,0.107743338
101734.258680,0.337986339,-0.532387506,-0.592559066,0.263437361,0.265742779,0.133953914
101734.268707,0.295574015,-0.520142795,-0.514416672,0.256337374,0.276053727,0.157115161
101734.278735,0.225958627,-0.488307979,-0.382038246,0.249756172,0.302598238,0.164812222
101734.288763,0.160702603,-0.423194944,-0.265617268,0.224271044,0.318875223,0.169415772
101734.298790,0.159439451,-0.456335947,-0.177261524,0.22652781,0.35193038,0.210771725
101734.308818,0.3526555,-0.654357423,-0.0574468113,0.214609101,0.375435978,0.268050194
101734.318845,0.444919942,-0.643715033,-0.00881049844,0.186316743,0.372877479,0.317774087
101734.328873,0.48878831,-0.498938971,-0.0256084885,0.129815385,0.328038365,0.344200611
101734.338901,0.536340335,-0.276947567,-0.178034262,0.074810721,0.249883115,0.360785991
101734.348928,0.569568651,-0.170150888,-0.314339506,0.0326752476,0.175331637,0.375559092
101734.358956,0.589735825,-0.10519297,-0.255374106,-0.0108024534,0.112718865,0.389202714
101734.368983,0.505877392,-0.0226039729,-0.187747262,-0.0581436045,0.0651699901,0.386349946
101734.379011,0.385931162,0.046919499,-0.0737900434,-0.135306567,0.0309584867,0.37406823
101734.389039,0.231859375,0.124847738,0.114404378,-0.202698916,0.0173611846,0.372016281
101734.399066,0.246439105,0.0375877532,0.157066877,-0.231226176,0.0425328501,0.39296791
101734.409094,0.27952772,0.00325797888,0.159442374,-0.246261045,0.0476663597,0.397118449
101734.419122,0.151236271,0.188784934,-0.136800334,-0.193490505,0.0477712899,0.414517403
101734.429149,0.260811329,0.237494313,-0.444448818,-0.103362747,0.0575248487,0.42785877
101734.439177,0.313622297,0.346342956,-0.595768091,-0.000708007254,0.0336512104,0.425841689
101734.449204,0.255170693,0.49302171,-0.842006705,0.0984904841,-0.00313104037,0.418633044
101734.459232,0.314840441,0.508029309,-0.848232447,0.169531107,-0.049553398,0.415985614
101734.469260,0.324502588,0.472932862,-0.748227766,0.198901772,-0.100159317,0.415015131
101734.479287,0.318951383,0.482674211,-0.554404399,0.175026804,-0.15230374,0.404929221
101734.489315,0.279459331,0.477660913,-0.298671981,0.109333009,-0.193313763,0.399810106
101734.499342,0.242249252,0.380616835,-0.0380213954,0.0354816876,-0.213118091,0.406085312
101734.509370,0.221290051,0.304701909,0.157215346,-0.0310121179,-0.221527025,0.417382956
101734.519398,0.191595754,0.29759383,0.227743757,-0.083414875,-0.22594361,0.421075165
101734.529425,0.11915128,0.366029507,0.178886495,-0.101464711,-0.225708991,0.418689251
101734.539453,0.131038117,0.455217172,0.103487847,-0.0924027711,-0.22163488,0.418830127
101734.549481,0.129413731,0.507674505,0.0837426976,-0.0529432483,-0.202879578,0.407078654
101734.559508,0.0879553468,0.583049917,0.0960392846,-0.00208992162,-0.172446027,0.395491242
101734.569536,0.0721668261,0.584862228,0.15409809,0.058344394,-0.130221352,0.382110447
101734.579563,0.0561526799,0.549695199,0.307372005,0.0878064111,-0.0788231343,0.368965358
101734.589591,0.049027358,0.478190051,0.494029718,0.0911875591,-0.0288731549,0.361828625
101734.599619,0.0921872853,0.344070189,0.633091567,0.0820933953,0.0251570567,0.368472397
101734.609646,0.153368607,0.169618754,0.773460992,0.057381127,0.0861447752,0.39143151
101734.619674,0.179631175,-0.0354391238,0.914383959,0.0263667535,0.150762126,0.431232721
101734.629701,0.193906954,-0.224818517,1.0573095,-0.0305071827,0.227939725,0.482109487
101734.639729,0.194615979,-0.418922016,1.39848733,-0.149280697,0.309797317,0.540734172
101734.649756,0.263680163,-0.602482786,1.89542329,-0.272760808,0.40544048,0.610390246
101734.659783,0.328339389,-0.71746701,2.04632404,-0.402106822,0.500870287,0.69405371
101734.669811,0.434738155,-0.868935482,2.12760649,-0.537204444,0.581642687,0.782044291
101734.679839,0.495921231,-0.845825532,2.05892107,-0.657712519,0.644332707,0.8595047
101734.689866,0.528936781,-0.651769087,1.8577263,-0.755325079,0.683982074,0.920332134
101734.699894,0.578634585,-0.399674733,1.46306121,-0.826899409,0.688544333,0.920502841
101734.709921,0.453460392,0.0971414006,0.938909913,-0.861325562,0.653548002,0.86928755
101734.719949,0.332900998,0.553674916,0.404447062,-0.840907633,0.599458933,0.773091257
101734.729977,0.196184835,1.01094493,-0.142644384,-0.738780975,0.544224739,0.65009582
101734.740004,0.0938134252,1.27346949,-0.697942517,-0.58523643,0.51900059,0.559494019
101734.750032,0.139044314,1.23065326,-0.868827492,-0.35731113,0.49512589,0.453074634
101734.760060,0.126326871,1.51269618,-1.11347504,-0.108574018,0.487611234,0.38567695
101734.770087,0.112871761,1.27169313,-1.15454004,0.109550059,0.492048085,0.328045905
101734.780115,0.0100298111,1.1732348,-1.01871586,0.260344386,0.469972342,0.275315315
101734.790142,-0.14660452,1.07435065,-0.92854517,0.315723211,0.425077021,0.219697043
101734.800170,-0.191885677,0.881407572,-0.745465316,0.295743376,0.357978165,0.185847208
101734.810198,-0.172364399,0.633521483,-0.591827829,0.229273796,0.289349556,0.167898834
101734.820225,-0.13234277,0.365493354,-0.423580802,0.149448738,0.223735392,0.177325621
101734.830253,-0.089922263,0.117009592,-0.277882875,0.0668308213,0.172905505,0.199279383
101734.840281,-0.0392430461,-0.0217301858,-0.163901691,-0.00287661934,0.136431113,0.21536915
101734.850308,-0.00766892719,-0.00733458067,-0.0580219809,-0.052369602,0.120014325,0.228130475
101734.860336,0.0625251375,0.0703475017,-0.0081657708,-0.0754440278,0.11816103,0.23607789
101734.870363,0.14620646,0.138992876,0.0282686476,-0.0767673552,0.124355011,0.239564225
101734.880391,0.217328161,0.198388191,0.0209855049,-0.0659141764,0.134074226,0.229490817
101734.890419,0.235990192,0.316570333,-0.0122410574,-0.0365600139,0.13334851,0.204923689
101734.900446,0.241360194,0.390196418,-0.120640057,-0.00607001595,0.130428091,0.185265571
101734.910474,0.321091318,0.377599972,-0.113655605,0.00845699478,0.123604,0.168555826
101734.920502,0.350659358,0.330556189,0.0774351219,0.000179091701,0.120913945,0.164164543
101734.930529,0.383687183,0.237243406,0.258635154,-0.0228463337,0.119548276,0.180764824
101734.940557,0.342878202,0.120988432,0.334981896,-0.0445428379,0.121586926,0.201236814
101734.950584,0.307620427,0.105315062,0.340654681,-0.0629111975,0.125089779,0.222849697
101734.960612,0.226777542,0.183082485,0.271198283,-0.0781170428,0.124854088,0.232949466
101734.970640,0.139430683,0.2709484,0.155322664,-0.0973820835,0.123629302,0.238188177
101734.980667,0.086250881,0.281096869,0.1399965,-0.112881683,0.124722265,0.243555501
101734.990695,0.0573643937,0.273735108,0.0990571711,-0.127752244,0.127995014,0.248453066
101735.000723,0.0344061275,0.282756911,0.125274147,-0.146953106,0.12814948,0.252804667
101735.010750,0.0558387916,0.265735926,0.135910107,-0.176660135,0.118329346,0.249063984
101735.020778,0.0824929898,0.31320641,0.0872784705,-0.208255336,0.0924460813,0.230176315
101735.030805,0.0718231272,0.473302864,-0.0210854581,-0.237466216,0.0529055968,0.190771922
101735.040833,-0.061964581,0.613502777,-0.173650932,-0.233010754,0.0254345573,0.15556626
101735.050861,-0.0739993022,0.613859628,-0.286805018,-0.197548866,0.0180570297,0.136045784
101735.060888,-0.0406751247,0.617176497,-0.305731252,-0.117908098,0.0370312519,0.125099391
101735.070916,-0.0527478398,0.572959462,-0.290603241,-0.0404572487,0.0733029768,0.126119912
101735.080944,-0.0194914669,0.556632889,-0.231052735,0.0295199696,0.101546593,0.113601729
101735.090971,-0.0927314752,0.604363193,-0.274548178,0.0714333355,0.11277049,0.0934056491
101735.100999,-0.107621586,0.60039955,-0.271112943,0.0869366601,0.105015099,0.0733022466
101735.111026,-0.0244417828,0.531601908,-0.285616685,0.0745271295,0.0835521519,0.0682718009
101735.121054,0.0963619406,0.399113008,-0.228896434,0.0521792099,0.0604644082,0.0717893019
101735.131082,0.217362648,0.252979905,-0.194338331,0.0158675406,0.0278731734,0.0884295329
101735.141109,0.270858091,0.190824185,-0.153356917,-0.0315396562,-0.0106750168,0.0994952321
101735.151137,0.233479086,0.185271812,-0.0950794996,-0.0761891454,-0.0468860194,0.0985482112
101735.161165,0.188484929,0.274321968,-0.0624520723,-0.13153629,-0.0783097222,0.0895927995
101735.171192,0.145292268,0.299473945,-0.00802314746,-0.172977477,-0.106171712,0.0767771378
101735.181220,0.15304069,0.293375044,-0.00893617065,-0.182496145,-0.11732956,0.0720167384
101735.191247,0.132160399,0.254844237,-0.00904372268,-0.151752084,-0.0998757333,0.075104937
101735.201275,0.101503395,0.246385913,0.0231447287,-0.0927351043,-0.05698286,0.0762674063
101735.211303,0.0369108038,0.324325185,0.0670896689,-0.0295633227,-0.00792716723,0.0691900551
101735.221330,-0.0150315649,0.430089453,0.0436164389,0.022873519,0.0323765799,0.0449877828
101735.231358,-0.0164139592,0.527173863,0.0143991122,0.0599196889,0.0510850213,0.0240867622
101735.241386,0.0247913269,0.506062978,-0.0237304197,0.0723811537,0.0456790701,0.00752003537
101735.251413,0.048304889,0.421497273,-0.0399199225,0.066258274,0.0226983856,-0.00878543407
101735.261441,0.0533142416,0.346311099,-0.055007017,0.0396679454,-0.00582859619,-0.0197954755
101735.271469,0.0919897169,0.226891524,0.0289946238,0.0115188668,-0.0262228176,-0.0203898922
101735.281496,0.152481303,0.131441145,0.133452193,-0.0119092278,-0.02930516,-0.01324117
101735.291524,0.196909058,0.0350309814,0.179295075,-0.0230739992,-0.015860457,0.00248639425
101735.301551,0.186740131,-0.00760346074,0.233783037,-0.0302685276,0.00912798196,0.0167169962
101735.311579,0.175256029,-0.00412204837,0.212582428,-0.0257968139,0.0288311131,0.0283424929
101735.321607,0.184974875,0.0532823851,0.115261287,-0.0179735124,0.0369066149,0.032910347
101735.331634,0.222581844,0.140706694,0.00248889421,-0.0120549025,0.0338122882,0.0336578935
101735.341662,0.276967514,0.147208623,-0.0419125576,-3.47249843e-05,0.0242110621,0.0339428559
101735.351690,0.309399711,0.147122406,-0.0341097749,-0.000187324113,0.00597027224,0.0351410098
101735.361717,0.286432093,0.138594524,-0.0365700275,-0.00785190146,-0.0155320894,0.0266479235
101735.371745,0.242635621,0.162579503,-0.00825695621,-0.0248857476,-0.0326809846,0.0210454315
101735.381772,0.248742121,0.168658238,0.0362403572,-0.0397171564,-0.0413005687,0.0127590057
101735.391800,0.23097324,0.185512342,0.0481073206,-0.0404782891,-0.0448961034,0.0119739063
101735.401828,0.198375623,0.180816294,0.0284779065,-0.0448261648,-0.0450934432,0.0108918631
101735.411855,0.12157237,0.165350137,0.0282674786,-0.0285212286,-0.0400997512,0.0119603239
101735.421883,0.0969587375,0.164957046,-0.00805588068,-0.0139934169,-0.033672478,0.0161723793
101735.431911,0.139774966,0.143969495,0.0177244573,0.00853053387,-0.019740684,0.0190315489
101735.441938,0.123896429,0.159297997,0.0421744234,0.0245806053,8.30885256e-05,0.0261019748
101735.451966,0.164503749,0.142620418,0.0981003087,0.042143885,0.0169736557,0.0345439315
101735.461994,0.162089089,0.138918641,0.119137252,0.0335112512,0.0195643771,0.0272202361
101735.472021,0.112991588,0.193210496,0.152004917,0.0173543841,0.0163800362,0.0216153488
101735.482049,0.153034845,0.133970956,0.177497086,-0.00426222663,0.0188051108,0.022922162
101735.492076,0.220898421,0.137415251,0.250281752,-0.0278628953,0.012991963,0.0193034578
101735.502104,0.194295076,0.175991358,0.220291103,-0.0355343968,0.0054315147,0.0109405993
101735.512132,0.149849785,0.203311034,0.165931736,-0.0330946743,0.00469861273,0.00453090342
101735.522159,0.126088386,0.153822196,0.130534259,-0.0256487429,0.00937911868,0.00168105448
101735.532187,0.124914666,0.143527889,0.102519294,-0.00309016951,0.0222917218,-0.00353527907
101735.542215,0.103279173,0.162089674,0.0465840565,0.0164369252,0.0475600585,-0.00511373486
101735.552242,0.0917296047,0.134752462,0.0414063616,0.0361741446,0.0659049749,-0.00560215861
101735.562270,0.0641863487,0.129892747,-0.0570130961,0.0517075658,0.075200744,-0.00807357207
101735.572298,0.0703957247,0.126202952,-0.125914198,0.0533486046,0.0821782276,-0.00474195741
101735.582325,0.0863268688,0.126482938,-0.134784903,0.045088809,0.075046815,-0.0101846587
101735.592353,0.100447164,0.179516901,-0.216926595,0.0340007395,0.0565018877,-0.0217449088
101735.602380,0.130300451,0.209653389,-0.305960969,0.0379355587,0.0274654441,-0.0342417918
101735.612408,0.139981887,0.209511642,-0.392499435,0.0567265563,0.00518197659,-0.0426616408
101735.622436,0.186188927,0.153347856,-0.376317531,0.0883241668,-0.00522885239,-0.0411969051
101735.632463,0.215543616,0.112781453,-0.346671749,0.120339088,-0.0137405815,-0.0434049293
101735.642491,0.22942075,0.125814537,-0.320980843,0.142558113,-0.0190852787,-0.0422176942
101735.652519,0.262856571,0.106041039,-0.240398656,0.156286702,-0.0208056811,-0.0473432131
101735.662546,0.294416077,0.0848246476,-0.168680742,0.157761291,-0.0223007798,-0.0438054688
101735.672574,0.316616803,0.015199615,-0.11698095,0.159547478,-0.0220331326,-0.0259702802
101735.682601,0.347197819,-0.108885614,-0.0603261661,0.141984731,-0.022306107,-0.00294405688
101735.692629,0.348938525,-0.140466455,0.0259071792,0.126073405,-0.0250235964,0.0109262187
101735.702657,0.308231836,-0.130611416,0.0323532866,0.105857618,-0.0273344219,0.0256793313
101735.712684,0.254734055,-0.121900871,0.0856792186,0.0827885196,-0.0274460074,0.0351964049
101735.722712,0.203886496,-0.131667063,0.121905547,0.0565545186,-0.0273645148,0.043922253
101735.732740,0.159565124,-0.126693074,0.113683078,0.0401534401,-0.0261027087,0.0495995767
101735.742767,0.144895962,-0.0766492322,0.0961515128,0.0219430104,-0.0123669235,0.0555618629
101735.752795,0.148770758,-0.0478624059,0.106200613,0.0177115146,0.00675430708,0.0614495799
101735.762823,0.119578566,0.027124446,0.0790069012,0.0111273825,0.0231407378,0.0596402287
101735.772850,0.065583356,0.0850341987,0.0555360093,0.0102219069,0.0344069749,0.0556572042
101735.782878,0.0555108748,0.0768856713,-0.0183282684,0.0131828096,0.0396339595,0.0563964993
101735.792905,0.0976250924,0.0484977812,-0.0444166494,0.0112940958,0.0406424999,0.0628474727
101735.802933,0.133666712,0.0321709158,-0.0317851313,-0.00228829193,0.0357793011,0.0669833571
101735.812961,0.177269707,0.0401689288,-0.0315437238,-0.0239182208,0.0225164928,0.0697890073
101735.822988,0.195309806,0.066836571,-0.00274023862,-0.0517589077,0.0101945782,0.0759041533
101735.833016,0.158608846,0.103668464,0.0282218859,-0.0758970007,0.00029560877,0.0690928549
101735.843044,0.106904962,0.166563312,-0.00861409909,-0.0849765167,-0.00423362944,0.0611960478
101735.853071,0.0954068319,0.245339327,-0.0778740978,-0.0823860541,-0.00502645224,0.0515157208
101735.863099,0.112286655,0.313950214,-0.104645785,-0.0632057041,-0.000723050442,0.0485574827
101735.873126,0.130873282,0.316876915,-0.164572138,-0.0370340236,0.00121866039,0.0480203219
101735.883154,0.110609662,0.337666313,-0.137488901,-0.0318674892,0.012590358,0.0470863543
101735.893182,-0.0589800122,0.304839856,0.0529839867,-0.0563861504,0.0410491638,0.0146269463
101735.903209,-0.219354699,0.511180175,0.425973834,-0.0707309991,0.0882576853,0.0127837732
101735.913237,0.112273211,0.293560629,0.338254634,-0.0570511408,0.0890646279,0.0191191658
101735.923265,0.0922106662,0.239594061,-0.0458878909,-0.050747972,0.0629427433,0.0250897072
101735.933292,0.165400406,0.359613356,-0.19537235,-0.0477556437,0.0185707528,0.00932326168
101735.943320,0.0790086548,0.401369262,-0.317035321,-0.0513578355,-0.0277815666,-0.0146824718
101735.953348,0.0673848525,0.37617783,-0.307533917,-0.0497511476,-0.0576001815,-0.0250695981
101735.963375,0.194756848,0.248418881,-0.21784897,-0.0352885872,-0.0672522783,-0.0224873982
101735.973403,0.277396553,0.147993636,-0.117440969,-0.012933746,-0.0630149171,-0.0105148908
101735.983430,0.289978387,0.0845066677,-0.04234978,0.00882188324,-0.0506003276,-0.00502345338
101735.993458,0.231806768,0.118056763,0.045541854,0.0215699021,-0.0323190577,-0.00885467604
101736.003486,0.166019999,0.200597976,0.0717202513,0.0323943198,-0.0102566341,-0.0173576176
101736.013513,0.119663321,0.289494987,0.0352279652,0.047304295,0.00557639077,-0.0311309546
101736.023541,0.0835533125,0.320782983,-0.0380313322,0.0587042198,0.0127868997,-0.037612021
101736.033569,0.14104104,0.283821033,-0.0911859993,0.0632779375,-0.000828511547,-0.0427167714
101736.043596,0.119540572,0.244134335,-0.188630474,0.0659251139,-0.021973744,-0.0433585905
101736.053624,0.133612936,0.189637313,-0.235762228,0.0523946658,-0.0456915759,-0.0421263129
101736.063651,0.147229374,0.173691556,-0.17296295,0.0510753356,-0.0651888475,-0.0430347174
101736.073679,0.192439219,0.138034844,-0.1477835,0.0364652351,-0.0721831024,-0.033704333
101736.083707,0.237722714,0.0663943801,-0.022656653,0.0267497562,-0.0691348538,-0.0239009727
101736.093734,0.223082195,0.0451537315,0.0381470676,0.0233955048,-0.0645044148,-0.0197368544
101736.103762,0.181173144,0.07947598,0.0514811809,-0.00123687065,-0.0654991046,-0.0210138392
101736.113790,0.17945465,0.0663385583,0.228818108,-0.0271100141,-0.0557218418,-0.0241899248
101736.123817,0.25917759,0.109228729,0.441173741,-0.0534912869,-0.0450958274,-0.0112171359
101736.133845,0.317824425,0.111652156,0.51884501,-0.0635343343,-0.034572348,-0.00595792476
101736.143873,0.261022926,0.222937233,0.509483308,-0.0507564843,-0.0202453397,-0.00729057007
101736.153900,0.1686597,0.365903981,0.357522229,-0.0162168853,-0.00527278194,-0.0165639631
101736.163928,0.107009591,0.490648843,0.167199564,0.0268419012,0.00778975664,-0.0348966345
101736.173955,0.069214406,0.64694269,0.0173491942,0.0621277206,0.011640422,-0.0631842017
101736.183983,-0.0240729495,0.726340636,-0.108019061,0.0645277575,0.00134517311,-0.0863774046
101736.194011,-0.00409691392,0.672960636,-0.0398830976,0.0642260239,-0.0145799965,-0.0972303152
101736.204038,0.0476806196,0.602959171,-0.0719721803,0.0599572472,-0.0366685204,-0.104686365
101736.214066,0.0183300219,0.60381345,-0.076236852,0.0527387485,-0.058811374,-0.115298532
101736.224094,0.0183913967,0.666205901,-0.0303916311,0.0404389389,-0.0773570985,-0.126045182
101736.234121,0.00463876572,0.667406509,0.0150052614,0.0381661952,-0.0933022425,-0.139355659
101736.244149,-0.0233767839,0.696461631,0.0269341842,0.0388652757,-0.103179641,-0.156162336
101736.254176,-0.0542483075,0.710487526,0.0740139152,0.0467389114,-0.105388194,-0.170617446
101736.264204,-0.0297632701,0.674815032,0.102571901,0.0696042776,-0.100097291,-0.177615955
101736.274232,0.0499649311,0.656215545,0.103410106,0.0761596486,-0.0811544955,-0.183340162
101736.284259,0.064501406,0.679580347,0.180555305,0.100912668,-0.085690923,-0.195634112
101736.294287,0.0974590882,0.685557083,0.0694131434,0.105720736,-0.0754324272,-0.212436527
101736.304315,0.0592436316,0.663367171,0.210271228,0.12187174,-0.0705854744,-0.239434049
101736.314342,-0.00817804576,0.694830523,0.214426595,0.132066861,-0.0474013276,-0.262649626
101736.324370,0.0548217235,0.642812166,0.297675956,0.148709476,-0.020146003,-0.274394959
101736.334398,0.122047586,0.524692859,0.319756855,0.158677697,0.00307489606,-0.277032018
101736.344425,0.193660285,0.444296842,0.29545828,0.159428701,0.00887552742,-0.281729311
101736.354453,0.174826406,0.370895798,0.257523393,0.150172085,0.00848404318,-0.283218294
101736.364480,0.184347098,0.285982303,0.253513573,0.130194917,-0.0045753005,-0.29369089
101736.374508,0.18660043,0.2308879,0.246319862,0.103074618,-0.0262052268,-0.304226369
101736.384536,0.228086871,0.157475458,0.239430687,0.0837208927,-0.0351041816,-0.303033799
101736.394563,0.312594123,0.0527069233,0.298508315,0.0728003383,-0.0327217169,-0.29785049
101736.404591,0.32195641,-0.019935119,0.32894437,0.075178802,-0.0266941842,-0.29598254
101736.414619,0.295649418,0.0408174558,0.255500363,0.0654279068,-0.0222451072,-0.30635184
101736.424646,0.242625684,0.110586281,0.186421566,0.0684804246,-0.012761591,-0.31665799
101736.434674,0.282777662,0.111186293,0.111217564,0.0672487095,-0.0100345146,-0.319991738
101736.444702,0.321237448,0.0744052526,-0.0162526311,0.0772685856,-0.0221516304,-0.316761076
101736.454729,0.373342899,0.024734336,-0.171794491,0.0909628272,-0.0444891602,-0.311760187
101736.464757,0.384160645,-0.000198737442,-0.256848271,0.118054099,-0.0708999932,-0.306741446
101736.474784,0.333128962,0.0227475461,-0.34999008,0.150388345,-0.0966479704,-0.30832231
101736.484812,0.303062909,0.0354383931,-0.379262936,0.195572868,-0.113614701,-0.312043011
101736.494840,0.270558232,0.0518231262,-0.403706473,0.252389014,-0.131849363,-0.313203871
101736.504867,0.256443197,0.0081979195,-0.47452773,0.311050981,-0.146775588,-0.313457668
101736.514895,0.220228559,-0.0339712432,-0.429448232,0.352255136,-0.156842068,-0.320320636
101736.524923,0.157723295,-0.0489911177,-0.344048415,0.376963705,-0.160692737,-0.333160013
101736.534950,0.0990665234,-0.0264347102,-0.287191971,0.388431251,-0.162806749,-0.35283491
101736.544978,0.0691027623,0.010227964,-0.242332839,0.396012485,-0.164996132,-0.373193175
101736.555006,0.0420955129,0.0109530634,-0.263140649,0.409710199,-0.156676158,-0.388356954
101736.565033,0.070857497,-0.0633650955,-0.257186709,0.435642719,-0.145757988,-0.390634477
101736.575061,0.121819038,-0.188466078,-0.237688228,0.460150987,-0.120404966,-0.37970674
101736.585088,0.151628485,-0.31295828,-0.165974406,0.470549047,-0.104922675,-0.358129025
101736.595116,0.240486334,-0.372185692,-0.136937112,0.460981369,-0.0995303094,-0.339860797
101736.605144,0.256961668,-0.365303677,-0.142516374,0.424989015,-0.102754064,-0.329460621
101736.615171,0.191479434,-0.344873029,-0.106259065,0.380093962,-0.110506527,-0.320454866
101736.625199,0.148698862,-0.388705888,-0.121328624,0.343592405,-0.111991771,-0.302729666
101736.635227,0.188562085,-0.433472227,-0.0985749405,0.302898526,-0.105654247,-0.276297539
101736.645254,0.209541745,-0.462995259,-0.0756874014,0.260963857,-0.106400996,-0.249151677
101736.655282,0.236575298,-0.438621865,-0.108071668,0.211512938,-0.128615752,-0.217893079
101736.665310,0.249341841,-0.374991104,-0.158266316,0.163991764,-0.163214743,-0.191108331
101736.675337,0.186506322,-0.27925431,-0.185095286,0.118575551,-0.193392083,-0.180961683
101736.685365,0.119366969,-0.156481771,-0.116975105,0.0707363859,-0.211477876,-0.18358916
101736.695392,0.0292874693,-0.0229651344,-0.0505786791,0.0484539866,-0.206102818,-0.191292897
101736.705420,0.0468272176,0.0399748675,0.00334931043,0.0588283315,-0.178173184,-0.191562936
101736.715448,0.0861515123,0.039189124,0.0422574255,0.0915556476,-0.140387461,-0.195683643
101736.725475,0.0734305624,0.0767087073,0.0460819522,0.131575763,-0.0988959447,-0.203492031
101736.735503,0.0377519308,0.0500546552,0.0825923585,0.171019047,-0.0548706949,-0.203518659
101736.745531,0.0826344441,-0.010456366,0.165854579,0.199286103,-0.00989762694,-0.198532432
101736.755558,0.122655489,-0.0885484904,0.216495218,0.207872674,0.0228059907,-0.185846195
101736.765586,0.184486214,-0.162448862,0.242995102,0.20676586,0.0447368547,-0.167317778
101736.775614,0.237767138,-0.199502582,0.236775204,0.181583002,0.0618178397,-0.140951961
101736.785641,0.275553556,-0.208672415,0.329964945,0.121574268,0.0632159933,-0.132428244
101736.795669,0.259201556,-0.0927164238,0.314995924,0.0373451449,0.0472239815,-0.131749406
101736.805696,0.299568053,-0.00923734555,0.254335996,-0.0306024831,0.0296780113,-0.128401548
101736.815724,0.443512998,0.0224849497,0.14705694,-0.0605598465,0.0149944071,-0.109158613
101736.825752,0.518767269,0.0499661002,0.0361070862,-0.0666984394,-0.00661368342,-0.104289293
101736.835779,0.474988333,0.23111411,-0.126318687,-0.0299050007,-0.0362781025,-0.114397585
101736.845807,0.44115153,0.402731344,-0.323769013,0.0134880124,-0.0512479953,-0.126271278
101736.855835,0.447692914,0.454046521,-0.259207401,0.0752978474,-0.0522544049,-0.123023026
101736.865862,0.479081155,0.392741573,-0.193618784,0.132523328,-0.0442942157,-0.113910757
101736.875890,0.397274394,0.372387352,-0.0598684855,0.160534456,-0.0302063599,-0.108308531
101736.885918,0.319390359,0.352120663,0.120149643,0.15855971,-0.00624297187,-0.104802482
101736.895945,0.251153858,0.28391178,0.265936417,0.137108222,0.0122422948,-0.0991416648
101736.905973,0.296245046,0.233810363,0.288897606,0.106502637,0.0154713783,-0.087779291
101736.916000,0.357016618,0.200741037,0.218218973,0.0763242319,-0.00729412166,-0.0718570501
101736.926028,0.413914563,0.198311618,0.0908066446,0.0532783046,-0.0357009955,-0.0504140705
101736.936056,0.449096351,0.165339031,0.0369675024,0.0388282575,-0.0639571324,-0.0226215888
101736.946083,0.444533573,0.126420102,0.0890326207,0.00943761133,-0.0803835094,-0.0021259021
101736.956111,0.362910937,0.201369545,0.231029354,-0.026541695,-0.0855966508,0.00195432641
101736.966139,0.271806186,0.317968948,0.269794846,-0.0633665547,-0.0861058459,-0.00139086973
101736.976166,0.178604171,0.399029275,0.279925195,-0.0795500502,-0.0769195408,-0.00979846902
101736.986194,0.0935550665,0.461571363,0.22438977,-0.0741411746,-0.0557860248,-0.02557051
101736.996222,0.000623100334,0.468183183,0.178953715,-0.0530569218,-0.0200719684,-0.0347685367
101737.006249,-0.0602273819,0.449222754,0.176335057,-0.0261701848,0.0244941693,-0.0429340526
101737.016277,-0.0711111795,0.408410997,0.157605222,0.000184458375,0.0722225457,-0.0416317657
101737.026304,-0.041909635,0.343544996,0.14884733,0.0228263866,0.113656804,-0.0423990265
101737.036332,-0.0416512763,0.276005976,0.0909942761,0.0317298695,0.13488166,-0.0430147424
101737.046360,-0.022643209,0.229762841,-0.0124590841,0.025331622,0.136328563,-0.0542021543
101737.056387,-0.0119452893,0.244992705,-0.113389648,0.0114077097,0.117445543,-0.0704621971
101737.066415,0.0806716196,0.215435625,-0.24544308,0.00114601688,0.0994694754,-0.0708669871
101737.076443,0.212982825,0.147801621,-0.266662978,-0.00260371389,0.0866058767,-0.0660402775
101737.086470,0.256966929,0.0833102975,-0.328493119,0.00545900641,0.0708625987,-0.053204909
101737.096498,0.264130829,0.0390652053,-0.384942736,0.0147590311,0.0547454134,-0.0410782062
101737.106526,0.243579039,-0.0181264622,-0.40271337,0.0140873818,0.0416109711,-0.030606389
101737.116553,0.194212659,-0.0680789722,-0.382311218,0.00935627613,0.0291636195,-0.0193268377
101737.126581,0.192309455,-0.0883595437,-0.411533805,0.00360944076,0.0153780337,-0.0113080591
101737.136609,0.191055656,-0.106130617,-0.421551926,0.001233635,0.00159670727,8.60095024e-05
101737.146636,0.185399237,-0.155379947,-0.402901002,-0.00449668849,-0.00922611263,0.0181331858
101737.156664,0.19376433,-0.190447315,-0.369846289,-0.0122515475,-0.0245499425,0.0271522477
101737.166691,0.156956402,-0.139074709,-0.32989714,-0.02208234,-0.0384473801,0.0343350619
101737.176719,0.153541625,-0.0723928899,-0.277621594,-0.0310414806,-0.049455557,0.0384911895
101737.186747,0.158847331,-0.0394287779,-0.241877496,-0.0355347656,-0.0609630756,0.0465890616
101737.196774,0.170766901,0.0422352137,-0.238486685,-0.0412781388,-0.0721680596,0.0474540554
101737.206802,0.118093295,0.0922632732,-0.157640293,-0.0488854572,-0.0806968361,0.0493707359
101737.216830,0.0653185676,0.139169401,-0.109122053,-0.0581375472,-0.0855999812,0.0431474596
101737.226857,0.0294037891,0.23755218,-0.0346095411,-0.0565436445,-0.0837560073,0.0312969238
101737.236885,0.0132435125,0.275274593,-0.00716390028,-0.048412215,-0.079603076,0.0228206161
101737.246913,0.00833294406,0.272194747,0.0396434436,-0.0321783833,-0.0632922798,0.0114057753
101737.256940,-0.0339244814,0.266288299,0.115869774,-0.0113087883,-0.0411688648,0.000963786617
101737.266968,-0.0312976401,0.234958949,0.185931737,0.00474128453,-0.00418448262,-0.00124956574
101737.276995,0.0235322668,0.182386904,0.303643924,0.00928330608,0.0334020406,-0.00420567486
101737.287023,0.060735916,0.208847479,0.339717108,0.00264218077,0.0495969914,-0.0190496016
101737.297051,0.0526139843,0.240629103,0.23744682,-0.00628366973,0.0470241122,-0.0321536846
101737.307078,0.110389881,0.216206171,0.104426589,-0.0153762344,0.0424509309,-0.0332423858
101737.317106,0.174626499,0.11796207,0.0632926147,-0.0245007575,0.0380633734,-0.0215095636
101737.327134,0.241217571,0.035308337,0.0771767632,-0.0367632806,0.0307916105,-0.00509011094
101737.337161,0.31784313,0.0167190796,0.0428647437,-0.0517851077,0.0141995847,0.00689677708
101737.347189,0.293949044,0.0522441281,0.00811959357,-0.0714088827,-0.00239563733,0.00828108843
101737.357217,0.189494398,0.0844825562,0.0269078807,-0.0837270692,-0.0110501116,0.00467490219
101737.367244,0.104039636,0.0899848068,0.0106909054,-0.0805613697,-0.00149042893,0.000987222418
101737.377272,0.0693307259,0.0807680657,0.0465302805,-0.0689148307,0.0172193423,-0.00207621139
101737.387300,0.0461105938,0.131117028,0.0295551803,-0.0543990023,0.0346912779,-0.00620704051
101737.397327,0.0551174916,0.150989457,-0.0223135386,-0.0430845618,0.0459274203,-0.0163816474
101737.407355,0.028680151,0.166020437,-0.0440349566,-0.037614163,0.0436331071,-0.0216802731
101737.417382,0.0345288771,0.160607034,-0.0870721343,-0.0344077162,0.0408170819,-0.029615961
101737.427410,0.0719680886,0.131610803,-0.12105916,-0.0325381756,0.0404929742,-0.0278625339
101737.437438,0.126747727,0.105877372,-0.11497078,-0.0344316848,0.0419787541,-0.0250558294
101737.447465,0.153509477,0.106671007,-0.11355156,-0.0285138749,0.0383222327,-0.0196834337
101737.457493,0.143432904,0.0859897458,-0.161127551,-0.0204016194,0.0321567468,-0.0156617947
101737.467521,0.1323001,0.0744667736,-0.165923553,-0.0160409585,0.0259923264,-0.0181358717
101737.477548,0.0853776053,0.0490538076,-0.122392454,-0.0215787366,0.0332648903,-0.0154636558
101737.487576,0.0923714097,0.0430894924,-0.0819832867,-0.0259228852,0.0350646526,-0.0178218856
101737.497604,0.161652451,0.0840546861,-0.151568864,-0.0221457239,0.0232292973,-0.017198706
101737.507631,0.199812963,0.113735246,-0.251305834,-0.0147727616,0.00456746342,-0.0159422252
101737.517659,0.192393626,0.122716279,-0.286408712,-0.00176108978,-0.0172504839,-0.0147501957
101737.527687,0.176857035,0.123747668,-0.282103708,0.00667553861,-0.0321894847,-0.0145243593
101737.537714,0.154818806,0.120029963,-0.213408942,0.00786304194,-0.035649728,-0.0147861466
101737.547742,0.147929046,0.120040046,-0.110339613,0.00910913479,-0.0299407151,-0.017004028
101737.557769,0.13813129,0.10556553,-0.0247895733,0.0147052351,-0.0245153215,-0.0137240794
101737.567797,0.110799047,0.0800485192,-0.00431377155,0.0122740353,-0.00893609505,-0.0134574957
101737.577825,0.0696755938,0.0429819404,0.091430914,0.00382462423,0.00695259077,-0.0135325976
101737.587852,0.0674099869,0.0633637803,0.0963403133,-0.00762217445,0.0123766512,-0.0138950534
101737.597880,0.106799164,0.0936579424,0.00846972218,-0.011077093,0.00502099982,-0.0122148655
101737.607908,0.166084296,0.109677203,-0.0748328304,-0.0117814997,-0.0040238942,-0.00851999596
101737.617935,0.214672678,0.0987397757,-0.100185883,-0.00293048378,-0.0142767979,-7.21821561e-05
101737.627963,0.194325471,0.0761802995,-0.0783154118,-0.00310598616,-0.0182598233,0.00432789233
101737.637991,0.167760705,0.0910888225,-0.0240974994,-0.0113407467,-0.016185753,0.00028707739
101737.648018,0.133721657,0.144735365,0.02124211,-0.0180966537,-0.00971906353,-0.00596176367
101737.658046,0.177358554,0.148097827,0.027502924,-0.0107316813,7.25801801e-05,0.000439677387
101737.668074,0.212712192,0.119191758,-0.019119711,-0.00220956607,0.00899949577,0.0052421554
101737.678101,0.174074126,0.122823393,-0.0621843612,0.00343021005,0.00590676721,0.0087569952
101737.688129,0.174178171,0.158452486,-0.117166828,0.000836291292,-0.00805165898,0.00380564621
101737.698156,0.207349203,0.233339531,-0.163731596,-0.00835454371,-0.0303380582,-0.00501820538
101737.708184,0.20990824,0.299465616,-0.197257433,-0.00867412332,-0.0581691526,-0.0115184486
101737.718212,0.21040976,0.290537628,-0.219333656,0.00148583623,-0.0763281807,-0.0104779527
101737.728239,0.201982124,0.211201787,-0.147806297,0.0135848438,-0.0772869214,-0.00202854071
101737.738267,0.148338796,0.149419723,-0.0237350959,0.0185295343,-0.0633367524,0.0042179036
101737.748295,0.0998211412,0.141668086,0.101402273,0.0100534922,-0.0433955342,0.00531619135
101737.758322,0.0492260955,0.164498196,0.174372817,0.00498736044,-0.0236705672,-0.00203333423
101737.768350,0.0397451504,0.170679807,0.154506087,0.00968810637,-0.0133833075,-0.00803982839
101737.778378,0.0332680634,0.14264716,0.0928834509,0.0178680047,-0.00620182697,-0.00895702094
101737.788405,0.0942418798,0.0936819078,0.114042559,0.0156695656,0.00261004013,-0.0067921374
101737.798433,0.154583828,0.0859609581,0.148127199,0.00402036682,0.00315146055,-0.00373882242
101737.808461,0.244115046,0.0744968764,0.165001177,-0.0179986488,-0.000662984909,-0.00397584401
101737.818488,0.261911984,0.134752462,0.137965871,-0.0320691951,-0.0101989657,-0.00772051513
101737.828516,0.202614576,0.177241942,0.077011928,-0.0284030866,-0.0179247968,-0.0138290077
101737.838544,0.168911044,0.15575784,0.014794249,-0.00907199923,-0.0142674772,-0.0120763816
101737.848571,0.138688924,0.123347709,0.0395750545,0.0085464092,-0.000910126255,-0.00735912472
101737.858599,0.134731127,0.124717098,0.088120182,0.0175873078,0.0127598792,-0.00819136202
101737.868626,0.139198043,0.147181297,0.0813958422,0.0222955104,0.0125801163,-0.0089807231
101737.878654,0.151450791,0.149617438,0.0634504356,0.0171233863,0.00933771767,-0.00734873675
101737.888682,0.163945531,0.0970392554,0.0975432594,-0.000198346781,0.00746311853,-0.00583766028
101737.898709,0.162718035,0.0758199417,0.131807348,-0.0240315069,0.00959631056,-0.00809602067
101737.908737,0.140934073,0.12614713,0.118891752,-0.0346724354,0.0121084703,-0.0119741149
101737.918765,0.142680624,0.146084003,0.0398281525,-0.0225356109,0.0173098892,-0.0103988554
101737.928792,0.167636202,0.120450526,-0.0582487754,0.0029753421,0.0212534983,-0.00625284668
101737.938820,0.156567111,0.092320264,-0.0886918444,0.0219692737,0.0263601094,-0.00340113416
101737.948848,0.129230191,0.064617872,-0.085223876,0.0244406871,0.0314443521,-0.00403869431
101737.958875,0.127579501,0.109147188,-0.0699333679,0.0127531383,0.0282701291,-0.006626755
101737.968903,0.158934424,0.144913059,-0.0716115303,0.0045671137,0.0193882212,-0.00526827574
101737.978931,0.204569802,0.126710756,-0.158057057,-0.00133098918,6.75201882e-05,-0.00259099994
101737.988958,0.188663792,0.124108902,-0.203729259,-0.00616302853,-0.0200619828,-0.00251376908
101737.998986,0.140246675,0.105730365,-0.215020469,-0.0102262134,-0.0315889418,-0.00165196974
101738.009013,0.128797645,0.124929425,-0.131363696,-0.0169147421,-0.0350862034,-0.00116407871
101738.019041,0.136905548,0.158830672,-0.0588011485,-0.015714189,-0.0290213898,-0.000706015155
101738.029069,0.164620069,0.176900728,-0.030762218,-0.00919184182,-0.0219032932,2.47564167e-05
101738.039096,0.138141227,0.194928406,-0.0322346287,-0.000619658851,-0.0118756918,0.00389219914
101738.049124,0.0786257929,0.183160957,-0.0177414084,-9.7945609e-05,-0.00305849826,0.00564296078
101738.059152,0.0630143823,0.198187407,0.0205950443,-0.00684164371,-0.00361758308,0.00125412736
101738.069179,0.0933919849,0.241176216,-0.000863338831,-0.0132662533,-0.0101953242,-0.00344635174
101738.079207,0.108057639,0.27016704,-0.0170984343,-0.0196639653,-0.0179970562,-0.00616464019
101738.089235,0.0973643957,0.258492823,-0.0115875619,-0.0158109032,-0.0246307235,-0.00524185505
101738.099262,0.0853244138,0.232086608,-0.0184743988,-0.0154750794,-0.0196924247,-0.00599286612
101738.109290,0.0602601152,0.251405349,0.0757762487,-0.0208895523,-0.00699367188,-0.011153806
101738.119318,0.0434767382,0.296429901,0.130681559,-0.0213079341,-0.0011999656,-0.0227654558
101738.129345,0.0747884067,0.33440322,0.0675654698,-0.0153669547,-0.000551219448,-0.0329232812
101738.139373,0.0985118122,0.352712199,-0.00530102902,-0.00108442211,-0.00529723894,-0.0388549417
101738.149401,0.11707915,0.304635858,-0.0127343939,0.0109298965,-0.00916095264,-0.0377566516
101738.159428,0.153480251,0.250642548,0.0727425801,0.00705260038,-0.00230970467,-0.0363667533
101738.169456,0.175520233,0.224577694,0.179714178,-0.00685655698,-0.000168256927,-0.033444196
101738.179483,0.241795663,0.226222392,0.171650114,-0.025525583,-0.00697369874,-0.0282955077
101738.189511,0.253782453,0.239104524,0.189645789,-0.0451869033,-0.0112179779,-0.0245582964
101738.199539,0.18801848,0.231996007,0.198966575,-0.0648436993,-0.017141914,-0.0263865534
101738.209566,0.0988175171,0.271918706,0.222347451,-0.0822517127,-0.00851327181,-0.0348314419
101738.219594,0.0202039991,0.343894248,0.247149883,-0.0829057917,0.00212818687,-0.0489696264
101738.229622,0.0242693489,0.437336501,0.199640529,-0.0672072545,0.0141811213,-0.0571793541
101738.239649,0.0612894582,0.463531119,0.123414783,-0.0398504585,0.0206677821,-0.0618494749
101738.249677,0.100807814,0.439095035,0.0569780248,-0.0330466144,0.0177654698,-0.0656727105
101738.259705,0.0761807379,0.436163074,0.0506008909,-0.0385039672,0.00672959629,-0.074242495
101738.269732,0.0361971025,0.471454313,0.0594885463,-0.0500596873,-0.00541548338,-0.0888925418
101738.279760,0.0534258852,0.532258472,0.0527484244,-0.0506008416,-0.0192247722,-0.105725057
101738.289788,0.0617377865,0.544433625,0.0218143569,-0.0488916263,-0.0251756068,-0.1168046
101738.299815,0.0766208829,0.472132213,0.0797486595,-0.0409226492,-0.0197081361,-0.127723038
101738.309843,0.0558674332,0.385760482,0.147633863,-0.0201694332,0.000447465922,-0.130652502
101738.319870,0.109496148,0.28237025,0.218443429,0.00662463065,0.0344608277,-0.129468471
101738.329898,0.17554829,0.197481889,0.290957461,0.029160833,0.0622605011,-0.129653558
101738.339926,0.193524092,0.133690093,0.299500833,0.0412686281,0.0876622573,-0.132541224
101738.349953,0.169568047,0.0256666484,0.343957814,0.0491270833,0.115492828,-0.133871198
101738.359981,0.135287591,-0.107474432,0.36730245,0.0456628427,0.143012345,-0.129487902
101738.370009,0.152658413,-0.227635912,0.359809463,0.0385775045,0.170006678,-0.119196117
101738.380036,0.199909409,-0.321212606,0.339144277,0.0183952693,0.183670819,-0.106411085
101738.390064,0.257229379,-0.354265127,0.24994156,0.00183600036,0.178159148,-0.0918369368
101738.400092,0.305270649,-0.365130951,0.09757307,-0.01116422,0.160508782,-0.0816724524
101738.410119,0.325849326,-0.321022198,0.0015460604,-0.0222834498,0.145315439,-0.0734917521
101738.420147,0.362171516,-0.330293154,0.000543020836,-0.0357997902,0.140327081,-0.0587484911
101738.430175,0.382770652,-0.350327349,0.0125841718,-0.0426393226,0.146671519,-0.0404376611
101738.440202,0.447961794,-0.328954014,0.00171031105,-0.0494082794,0.154194951,-0.0192223862
101738.450230,0.48965691,-0.301855287,-0.0611094255,-0.0546810701,0.147819087,0.0025215256
101738.460258,0.45416591,-0.243817378,-0.199234871,-0.049973134,0.124095634,0.0213780366
101738.470285,0.416292983,-0.211255125,-0.317681802,-0.050090313,0.0972272679,0.0401703678
101738.480313,0.390402755,-0.151898681,-0.353038362,-0.0614340492,0.0665151626,0.0503753349
101738.490341,0.351246802,-0.0878485255,-0.333237098,-0.0754278973,0.0446724519,0.0593344718
101738.500368,0.340869785,-0.0427785268,-0.286473009,-0.0908252299,0.0288412888,0.0718329549
101738.510396,0.284423091,-0.0205954827,-0.243244693,-0.101139389,0.0255384371,0.0834842846
101738.520423,0.210424958,0.00305164266,-0.229313198,-0.105362095,0.0248532053,0.094747059
101738.530451,0.17815292,0.00913520035,-0.234165899,-0.105934143,0.0204544626,0.104239628
101738.540479,0.146240363,0.0786934514,-0.248455705,-0.116296239,0.00528083695,0.113001429
101738.550506,0.114231944,0.139327514,-0.255538942,-0.13098596,-0.0141581083,0.109663956
101738.560534,0.0675754066,0.166932584,-0.231696878,-0.143133163,-0.0289887208,0.107406929
101738.570562,-0.0112064537,0.1420131,-0.179609548,-0.147322059,-0.0238733198,0.108242892
101738.580589,-0.0996668274,0.0813689542,-0.0618552754,-0.145218164,0.0024429725,0.108502552
101738.590617,-0.146823715,0.0904226137,0.0199117382,-0.143976599,0.035366036,0.104450814
101738.600645,-0.195436647,0.116391022,0.0172884039,-0.138394609,0.0672778934,0.0941768736
101738.610672,-0.243468565,0.144196289,-0.0357458516,-0.132187039,0.0920042768,0.0829854757
101738.620700,-0.260159003,0.145876644,-0.0992909798,-0.133738339,0.109055698,0.0660624206
101738.630728,-0.265476398,0.151688545,-0.198482591,-0.132241637,0.112342574,0.0459694043
101738.640755,-0.21767186,0.174509741,-0.375573434,-0.12713556,0.106544875,0.0272045024
101738.650783,-0.0859714795,0.151476217,-0.536263762,-0.110913187,0.0844856426,0.0181513522
101738.660811,0.0680757574,0.113197925,-0.717541536,-0.0830213726,0.0531849787,0.0184648056
101738.670838,0.180417942,0.0467423158,-0.779033823,-0.0547905266,0.0221540928,0.0239099041
101738.680866,0.177628019,-0.00668605364,-0.793014418,-0.0355411991,-0.00571695343,0.0328301638
101738.690894,0.171470665,-0.0603691285,-0.700330289,-0.0312905274,-0.0287391823,0.0475310758
101738.700921,0.205888483,-0.0814582399,-0.596368979,-0.0409868322,-0.0486606918,0.0611038804
101738.710949,0.208828044,-0.0904668913,-0.511657729,-0.0647579432,-0.078068383,0.0677932054
101738.720977,0.176454299,-0.0584472205,-0.470122773,-0.0842874348,-0.109771453,0.0716441348
101738.731004,0.174368725,-0.0838018804,-0.415253118,-0.0944870785,-0.127765894,0.0825449899
101738.741032,0.224753343,-0.110319154,-0.291467749,-0.0967366472,-0.127903044,0.101186849
101738.751060,0.242097276,-0.0975143256,-0.174557525,-0.0972173512,-0.124022298,0.117974617
101738.761087,0.250346634,-0.00524754526,-0.11078268,-0.0958881676,-0.121492289,0.123911604
101738.771115,0.198541043,0.0894431012,-0.13214111,-0.0927688032,-0.127552837,0.118928827
101738.781142,0.148726919,0.164576814,-0.147359137,-0.0888318568,-0.139974892,0.11213617
101738.791170,0.129288059,0.195441762,-0.105512631,-0.0874866918,-0.150300488,0.101835325
101738.801198,0.145712539,0.209129365,-0.0350356575,-0.0820192248,-0.157478243,0.0989274234
101738.811225,0.196107094,0.223484784,-0.0109819973,-0.0787011907,-0.172922716,0.0963329673
101738.821253,0.21437048,0.272801188,0.0377057535,-0.0762545466,-0.189679861,0.089879334
101738.831281,0.154419577,0.253344646,0.0935965676,-0.0789925382,-0.200430512,0.0856872499
101738.841308,0.112770639,0.232268248,0.238521756,-0.0894257426,-0.192279637,0.0804434866
101738.851336,0.0340793797,0.221140851,0.414901236,-0.10028664,-0.166757762,0.0707623661
101738.861364,0.00352817413,0.241124047,0.540396917,-0.104641974,-0.127766952,0.0618152097
101738.871391,0.0130494512,0.258098563,0.560680411,-0.0969150811,-0.0821952149,0.055295527
101738.881419,0.014378654,0.26543402,0.52354632,-0.0802815109,-0.0414358005,0.046629332
101738.891447,0.0105383451,0.30863048,0.455868622,-0.0674818233,-0.013927212,0.0341652036
101738.901474,0.0443693031,0.327972164,0.367598802,-0.056947954,-0.00172034721,0.0231594257
101738.911502,0.135745272,0.32424949,0.294952084,-0.0456396379,0.00804173574,0.0134945484
101738.921530,0.256211142,0.307802943,0.227798702,-0.037084233,0.00925613753,0.0134324972
101738.931557,0.301616218,0.278699014,0.187632696,-0.0334199928,0.0104753328,0.0132705765
101738.941585,0.277154561,0.234226835,0.163269823,-0.0344232023,0.00596127473,0.00752161071
101738.951613,0.225818926,0.242777075,0.149085231,-0.0378070176,0.00485739438,0.000311368145
101738.961640,0.26717385,0.210359783,0.178387897,-0.0362530611,0.00967984647,0.00582917174
101738.971668,0.35537528,0.16549919,0.181781632,-0.0240629744,0.0114923939,0.0148410425
101738.981696,0.409098103,0.13715397,0.124053081,-0.0104851145,-0.000832981896,0.0295592677
101738.991723,0.391898546,0.114959089,0.0387953023,-0.00500832405,-0.0214948524,0.0362248942
101739.001751,0.342741424,0.12017697,0.0552525161,-0.0149778668,-0.0419955961,0.0372171886
101739.011779,0.280199336,0.127259622,0.149483875,-0.0313895978,-0.0513483509,0.0352344662
101739.021806,0.246951731,0.125024118,0.24409751,-0.0402166434,-0.0512982868,0.0305875149
101739.031834,0.210712542,0.128987907,0.300918299,-0.0467267409,-0.0349432789,0.030000288
101739.041862,0.109015086,0.094108901,0.369492069,-0.0509694219,-0.00730366446,0.0325614512
101739.051889,0.0241565361,0.0699947427,0.429899483,-0.057352487,0.0255216602,0.0280772187
101739.061917,-0.0286859963,0.163077516,0.385711966,-0.0578339323,0.0454477184,0.0200156718
101739.071944,-0.0453308416,0.242526315,0.282900411,-0.052080974,0.0580924079,0.00870336127
101739.081972,-0.0034580315,0.279318023,0.159995916,-0.0370221287,0.0609712861,0.00157407904
101739.092000,0.0125830027,0.29029286,0.0457616342,-0.0231196266,0.052323468,-0.00813766941
101739.102027,-0.0122018944,0.304155235,-0.0290495689,-0.00946666673,0.0419230275,-0.0173974819
101739.112055,-0.00391921927,0.286361365,-0.0497819758,-0.00643945113,0.0360528864,-0.0264357161
101739.122083,0.0143640409,0.235499339,-0.0039040217,-0.00589057384,0.0380398706,-0.0256743189
101739.132110,0.0397995109,0.193931065,0.0217085585,-0.00862350874,0.0422330163,-0.021000471
101739.142138,0.00738543408,0.14457506,0.0014712416,-0.011629153,0.0406686775,-0.0198281482
101739.152166,-0.0154044899,0.129763275,-0.0667956544,-0.0206162557,0.0315588005,-0.0239733588
101739.162193,-0.0562076249,0.171219759,-0.0921451997,-0.0335810594,0.0242886376,-0.0328688473
101739.172221,-0.0161667064,0.211458392,-0.0916466026,-0.0417481735,0.0213501062,-0.0450730547
101739.182249,0.0684954441,0.236199889,-0.107968207,-0.0388831459,0.0212710109,-0.0498712659
101739.192276,0.137682378,0.243815624,-0.16416648,-0.0210005511,0.0184251573,-0.052396208
101739.202304,0.207509362,0.233772808,-0.195988436,-0.0010689206,0.0137063013,-0.0525482744
101739.212332,0.271175487,0.219277542,-0.15277181,0.00961408392,0.0141899316,-0.0559568554
101739.222359,0.302776494,0.207587396,-0.0780167211,0.0119379573,0.0123701934,-0.0574751273
101739.232387,0.33415246,0.181715581,-0.0687736765,0.0197580643,0.0127696674,-0.0598522648
101739.242415,0.367006097,0.135749948,-0.032845454,0.021143442,0.00727343606,-0.049687244
101739.252442,0.36983869,0.0173709676,0.00383797073,0.014750788,0.00787744019,-0.0403818935
101739.262470,0.340914209,-0.0455165734,0.104818219,-0.00899368897,0.0143667655,-0.0340965688
101739.272498,0.340747036,-0.0293953136,0.155086517,-0.0346697606,0.0163659994,-0.0248458106
101739.282525,0.403081034,-0.0497002888,0.124612468,-0.0430182368,0.01364638,-0.0103869755
101739.292553,0.452167429,-0.0375460329,0.0227133516,-0.0433332883,0.010077212,0.00619279966
101739.302581,0.369388608,-0.0200762811,-0.031775779,-0.0379028358,0.00411093188,0.0156859029
101739.312608,0.249508429,0.0131571493,-0.00544599045,-0.0371885784,0.00363209564,0.0202156752
101739.322636,0.165756964,0.0487149311,0.0250806652,-0.0398836955,0.011853274,0.0231592655
101739.332664,0.10171733,0.0944239583,0.0787263307,-0.0425055772,0.0272098593,0.0224095862
101739.342691,0.0523106175,0.103762426,0.103000356,-0.0420810692,0.0488075651,0.0268679839
101739.352719,-0.0200181212,0.0732898387,0.082286069,-0.0451623462,0.0692449287,0.0285212751
101739.362747,-0.107359135,0.0850571412,0.0583206715,-0.0553294979,0.0815021247,0.0270416215
101739.372774,-0.131610949,0.107893827,-0.0257534499,-0.0696903244,0.092333734,0.0293939933
101739.382802,-0.107905663,0.148298318,-0.0802221222,-0.0733239427,0.0993306562,0.0246226732
101739.392830,-0.0741793349,0.201432819,-0.240646493,-0.061289385,0.0901582018,0.022734493
101739.402857,-0.0710457131,0.252632553,-0.397519893,-0.0442153253,0.0704582632,0.0115398942
101739.412885,-0.112069213,0.303269392,-0.49740124,-0.0248070061,0.0465835594,0.00107979681
101739.422913,-0.087758363,0.313820596,-0.56412909,-0.00926213525,0.0244191326,-0.00746335834
101739.432940,-0.0268774855,0.311972338,-0.548192685,0.00555888843,0.00479536457,-0.0154973157
101739.442968,0.0213747965,0.302258169,-0.559187542,0.0286974981,-0.0206599273,-0.0206982028
101739.452996,0.0326385333,0.239060977,-0.56581602,0.0472043343,-0.0475831553,-0.0203290898
101739.463023,0.0467407084,0.134400433,-0.463580804,0.0506848209,-0.0692186728,-0.0140853077
101739.473051,0.0344365226,0.0518440229,-0.283649184,0.0355852284,-0.0832253024,-0.0136245806
101739.483079,0.0722913292,0.0423433502,-0.107501174,0.0140407905,-0.0894094333,-0.008564841
101739.493106,0.16726503,0.0548301991,0.0134381582,-0.00229211035,-0.0925255939,-0.0104128085
101739.503134,0.250810744,0.0723256699,0.115156657,-0.00898223743,-0.0934015065,-0.0068340525
101739.513161,0.275565246,0.0177175891,0.206144504,-0.0242115241,-0.0918193236,-0.00126032345
101739.523189,0.225490425,-0.0486092787,0.286695127,-0.0197632462,-0.0913468823,-0.00597811304
101739.533217,0.198084532,0.034691228,0.28060324,-0.0204154532,-0.0819174275,-0.0169809628
101739.543244,0.196989138,0.0692573684,0.384655151,-0.00855693035,-0.0660002455,-0.0234420579
101739.553272,0.286774038,0.0406274862,0.410548302,0.00705372076,-0.0466270782,-0.0200177655
101739.563300,0.403252299,-0.000806640208,0.454736987,0.0152871497,-0.0259907767,-0.00924075209
101739.573327,0.429272876,-0.0326188057,0.51012862,0.0121368971,-0.00123003742,-0.00338099804
101739.583355,0.420095298,-0.020308044,0.602203677,-0.00113097217,0.0346576571,0.000113601796
101739.593383,0.397533337,-0.00535056725,0.631275458,-0.0149863344,0.0650837421,-0.00283531658
101739.603410,0.343752647,0.00188084531,0.538589575,-0.0140622165,0.0866915658,0.000959954225
101739.613438,0.278389656,-0.0461148316,0.334207405,-0.00611081719,0.098274447,0.00757924095
101739.623466,0.225282335,-0.115491735,0.218909293,-0.00121060072,0.106065795,0.0242559556
101739.633493,0.231254395,-0.158596863,0.163763744,-0.0139208026,0.108174749,0.0418437347
101739.643521,0.25060733,-0.0995803182,0.0724818834,-0.0403316393,0.0947585404,0.0507442877
101739.653549,0.256077286,0.0302155439,-0.0740115772,-0.0688753948,0.0668086708,0.0524156913
101739.663576,0.239787246,0.173696525,-0.215339033,-0.0842082798,0.0418194272,0.0454011858
101739.673604,0.155092947,0.247433523,-0.321125805,-0.0695872605,0.0297073722,0.0332478508
101739.683632,0.105717213,0.303976225,-0.383042455,-0.0325022116,0.0349498056,0.0293852035
101739.693659,0.0956084919,0.317832755,-0.425385805,0.0162224527,0.0502627157,0.0231491458
101739.703687,0.0437310052,0.332862712,-0.43500762,0.0629358962,0.0649162233,0.0193317719
101739.713715,-0.0356377151,0.277218566,-0.441201799,0.0939265713,0.0709775835,0.0171929859
101739.723742,-0.0961146879,0.180571671,-0.43729427,0.101679564,0.0726058334,0.019794628
101739.733770,-0.103921562,0.100753746,-0.384339509,0.0851194933,0.068487525,0.0221967995
101739.743798,-0.0566167902,0.0735078654,-0.345447761,0.0587648489,0.0527541004,0.0269034039
101739.753825,0.0167909758,0.113308399,-0.380188819,0.0389860868,0.0342051834,0.0280999616
101739.763853,0.0686567721,0.136288439,-0.446609795,0.0358049385,-0.00202605641,0.030913325
101739.773881,0.0653752662,0.135269033,-0.555920065,0.0385256261,-0.047038272,0.0249766074
101739.783908,0.0715542471,0.180970315,-0.551789833,0.0361860394,-0.0811770707,0.0220687017
101739.793936,0.132431617,0.174708186,-0.458766681,0.0418987833,-0.101870894,0.024817083
101739.803964,0.214720609,0.151321319,-0.333493119,0.0494094305,-0.108128525,0.0282970369
101739.813991,0.237131178,0.121157213,-0.20268998,0.0636522844,-0.108878471,0.036487855
101739.824019,0.169244806,0.0512497102,-0.100506785,0.0731901303,-0.106676035,0.0447513759
101739.834047,0.134870243,0.0244235165,0.021764088,0.064907968,-0.0999592766,0.0500537306
101739.844074,0.127857734,0.0635122488,0.153804076,0.0402606763,-0.0968913138,0.0481615514
101739.854102,0.151030519,0.148254771,0.226850607,0.00728035579,-0.0947442725,0.0385438129
101739.864130,0.180089441,0.213388484,0.255060218,-0.00470413547,-0.0982615128,0.0315966904
101739.874157,0.19847733,0.205034935,0.218807002,-0.000381292397,-0.0954460204,0.0312534124
101739.884185,0.184824652,0.171673348,0.242590028,0.0123331714,-0.076154612,0.0340619832
101739.894213,0.164534144,0.15026465,0.34598669,0.0215407852,-0.042294383,0.0399121493
101739.904240,0.156409874,0.187744924,0.408481432,0.0154328234,-0.0104658799,0.0330393277
101739.914268,0.116495213,0.259295518,0.41947512,0.0114079881,0.0102662966,0.0224260986
101739.924296,0.100755792,0.294628551,0.328566184,0.0114151798,0.0140312072,0.00880775694
101739.934323,0.106573538,0.329247736,0.197650816,0.0117243733,0.0101834722,-0.00136951264
101739.944351,0.125869775,0.320632468,0.188229492,0.00889130123,0.0144264204,-0.00787002221
101739.954379,0.200313898,0.302207462,0.207324654,0.00816319324,0.021551175,-0.00901837833
101739.964406,0.239162392,0.304627967,0.180519649,0.0100833327,0.0246244632,-0.0102460943
101739.974434,0.211543148,0.281185862,0.139385674,0.0131449029,0.0199647304,-0.00605987199
101739.984462,0.187635618,0.248841928,0.0878846197,0.00989211723,0.0195775069,-0.00150986109
101739.994489,0.185880299,0.247317057,0.0887596489,-0.00696649076,0.0199679267,-0.0014592614
101740.004517,0.196854113,0.27131358,0.102183779,-0.0188449882,0.0170480367,-0.00288644899
101740.014545,0.178435244,0.281810132,0.0341734878,-0.0219787285,0.0128423721,-0.0049775634
101740.024572,0.147449738,0.232183493,-0.00788870742,-0.0155916698,0.0107334144,-0.0038324045
101740.034600,0.103350484,0.183005913,0.00106382984,-0.011720499,0.0140458541,-0.000876828097
101740.044627,0.0510626632,0.172552615,0.0336029944,-0.0167229809,0.019016644,-0.00343186501
101740.054655,0.0553764348,0.205069422,0.0416179585,-0.027495468,0.0210909806,-0.00572591182
101740.064683,0.0694429541,0.213708217,0.0100771574,-0.0330868661,0.0221409686,-0.00373522099
101740.074710,0.0489057775,0.193965844,-0.017917934,-0.0332192257,0.0212999415,-0.00519463327
101740.084738,-0.0189116212,0.189134186,-0.0735188252,-0.0300663095,0.019528674,-0.00968925096
101740.094766,-0.0568716418,0.179483438,-0.0884130275,-0.0323552974,0.0254728496,-0.0146014504
101740.104793,-0.0271323371,0.202632112,-0.0420750547,-0.0300399438,0.0356197581,-0.0171602163
101740.114821,0.0104454062,0.224164583,-0.0930640681,-0.0149214454,0.0350421183,-0.0202188566
101740.124849,0.0378904625,0.261506618,-0.231806768,0.0124617089,0.0241348762,-0.0267414693
101740.134877,0.0451630838,0.215858381,-0.313297888,0.0365995355,0.00728292624,-0.028776126
101740.144904,0.0356277782,0.162017193,-0.30125323,0.0436672978,0.000697727664,-0.0303274151
101740.154932,0.0538701219,0.14074045,-0.213304897,0.0393660292,-0.0024868804,-0.0321711227
101740.164960,0.0913689547,0.128695353,-0.119640525,0.0305959713,0.00382561027,-0.034144789
101740.174987,0.0968020856,0.103087888,-0.120236153,0.0338716581,-0.00343256863,-0.0326078832
101740.185015,0.121294137,0.0616600451,-0.193988202,0.0390400551,-0.0157342423,-0.0330965742
101740.195043,0.126225164,0.0485547721,-0.199424256,0.0430750102,-0.026115777,-0.0326020196
101740.205070,0.180415019,0.0377206588,-0.158930333,0.0441927388,-0.0415264256,-0.0300552417
101740.215098,0.300741188,0.036647915,-0.102241062,0.0411010757,-0.0570233613,-0.0201482829
101740.225126,0.393740959,0.0193567346,-0.0411632005,0.0387497731,-0.078478314,-0.0143316723
101740.235153,0.411841264,-0.00765519093,0.0428629902,0.0311568342,-0.0857058689,-0.0095952414
101740.245181,0.369852134,-0.0624530952,0.220816003,0.0162918679,-0.0698683187,-0.000616393052
101740.255208,0.344700157,-0.0985157577,0.401443204,0.00398273626,-0.0455467328,0.00676509039
101740.265236,0.367372008,-0.0600379969,0.455783282,-0.00361872418,-0.0253434591,0.0149883991
101740.275264,0.344234878,-0.0219407598,0.432002008,-0.0135587063,-0.00963959843,0.0153979938
101740.285292,0.268225989,-0.0216055365,0.461966354,-0.0160897747,0.00333345821,0.0206489488
101740.295319,0.242561387,-0.067668784,0.446118212,-0.0227825642,0.0242139734,0.0273694359
101740.305347,0.195515558,-0.080208386,0.507208348,-0.0391548797,0.0533843748,0.0353362821
101740.315375,0.168771928,-0.0364963777,0.503140076,-0.0569967255,0.0786415339,0.0392758958
101740.325402,0.185511466,0.0412896034,0.413857865,-0.0702523515,0.0925320461,0.0387203619
101740.335430,0.136106507,0.11620076,0.243640999,-0.072096318,0.0972881839,0.0351373404
101740.345458,0.07655717,0.194541452,0.0320154329,-0.0641984493,0.0931150094,0.022911571
101740.355485,0.0300724822,0.270598417,-0.139191613,-0.0448878668,0.0887495577,0.0144610927
101740.365513,0.0485404513,0.323338512,-0.25999709,-0.0176466592,0.0814109519,0.00536080543
101740.375541,0.096532621,0.360803151,-0.36774844,0.00585014513,0.0692978278,0.00261774985
101740.385568,0.0838444044,0.360978215,-0.420509139,0.0264936388,0.04600076,-0.00372190494
101740.395596,0.0414431865,0.316470672,-0.449295089,0.0311483108,0.0238765497,-0.00216502137
101740.405624,-0.00351180751,0.255762083,-0.345416196,0.0158090368,0.0089370152,-0.00400127098
101740.415651,-0.0125151982,0.232720668,-0.221602185,-0.00843611546,-0.000868477393,-0.00765299797
101740.425679,0.0235877963,0.234295078,-0.165982005,-0.022451533,-0.00902094692,-0.011310583
101740.435707,0.0513666146,0.248847481,-0.213260473,-0.0157912336,-0.0177334771,-0.0110115092
101740.445734,0.0543348168,0.258647283,-0.258760826,-0.000360346487,-0.0223450065,-0.0109638385
101740.455762,0.0340828869,0.249586609,-0.247929636,0.0149147464,-0.0251250807,-0.0129486937
101740.465790,0.0418587816,0.265360225,-0.213413618,0.0226943735,-0.0241285264,-0.0203256495
101740.475817,0.0922872386,0.261464825,-0.135938749,0.0230190121,-0.0233868361,-0.0232170429
101740.485845,0.176659466,0.227926566,-0.0604910013,0.0277740862,-0.029532345,-0.018223349
101740.495873,0.19921675,0.183526283,-0.0599187544,0.0238477886,-0.0331023149,-0.0148134381
101740.505900,0.13011165,0.135819945,-0.0106283615,0.0154873263,-0.0372059792,-0.0215136856
101740.515928,0.0561141014,0.161140556,0.0243622878,0.00546079082,-0.0388930924,-0.0303583089
101740.525956,0.0510521418,0.175230602,0.0481231027,0.00235794205,-0.0330959223,-0.0312371533
101740.535983,0.139745155,0.146364281,0.0913888284,0.00875192601,-0.0272452235,-0.0279508103
101740.546011,0.162331666,0.143577135,0.084888945,0.0161171649,-0.0207023695,-0.0248050857
101740.556039,0.144385675,0.107337362,0.101024087,0.0157821383,-0.0142410081,-0.0261739511
101740.566066,0.13280688,0.0987504432,0.166436763,0.0057284385,-7.61869596e-05,-0.0268117767
101740.576094,0.166651282,0.0821209416,0.229177004,-0.00708829053,0.0126199014,-0.0224921312
101740.586122,0.224082312,0.0843690128,0.189431854,-0.010421236,0.0127152428,-0.0224593747
101740.596149,0.251382406,0.127022744,0.0643090983,-0.00666484796,0.0002580398,-0.0242538135
101740.606177,0.238581377,0.116896341,-0.00981178444,-0.00225918042,-0.00936582498,-0.0205304455
101740.616205,0.211219907,0.0571354073,0.0114040221,-0.00398783851,-0.00993627496,-0.0165162645
101740.626233,0.197717452,0.0324186069,0.0884101049,-0.0149648553,-0.0056741517,-0.0131287221
101740.636260,0.198733935,0.0390688586,0.156023505,-0.0292524472,0.00410604104,-0.00691450201
101740.646289,0.201396433,0.0593051525,0.17993162,-0.0361388512,0.0113679487,-0.00485854223
101740.656317,0.144005151,0.0708155576,0.100817166,-0.0281195398,0.0135943517,-0.00898857228
101740.666344,0.100484574,0.0918593685,0.023310733,-0.0173593033,0.020814715,-0.00573046133
101740.676372,0.0831494079,0.0628336189,0.0493453379,-0.00924331974,0.0391620286,-0.00426226016
101740.686400,0.11722528,0.0877845203,0.0614782588,-0.00449570315,0.0515273511,-0.00499143451
101740.696427,0.164198044,0.142400492,-0.0182990423,0.00114274165,0.0508479774,-0.00617680699
101740.706455,0.185437816,0.164759039,-0.147137604,0.00799612049,0.0361973979,-0.00597307552
101740.716483,0.154600195,0.13122268,-0.237773568,0.0158210211,0.0200115051,-0.00686523505
101740.726510,0.143530519,0.0984248645,-0.258724586,0.0165600479,0.00196539238,-0.00757469982
101740.736538,0.150290515,0.0883930076,-0.239558113,0.00866830256,-0.00852373429,-0.00304732658
101740.746566,0.176689277,0.0563351968,-0.143500708,0.001770715,-0.0136029143,0.0031434577
101740.756593,0.17521862,0.0228260182,-0.135563486,0.00390337408,-0.0191209838,0.012796618
101740.766621,0.153942023,0.0149231361,-0.107603466,-0.00222802116,-0.0188488085,0.0158776287
101740.776649,0.0841594617,0.02748948,-0.035433717,-0.0160293207,-0.0125704072,0.0140861198
101740.786675,0.0654804802,0.0781079066,0.0109843354,-0.0235966928,-0.00705420179,0.0116258916
101740.796704,0.136913731,0.119172907,-0.0123152917,-0.018416578,-0.00342404656,0.0125409542
101740.806732,0.199967861,0.147791538,-0.0990846436,0.00101091515,-0.00599932345,0.0140858535
101740.816759,0.191361945,0.146961078,-0.148960727,0.0201084428,-0.0145712402,0.0155420704
101740.826787,0.132279642,0.16472879,-0.151336224,0.0250520688,-0.0239708666,0.0119787604
101740.836815,0.0938800607,0.191439833,-0.0767325265,0.0160087738,-0.0261956714,0.00645376695
101740.846842,0.107250414,0.218866038,-0.0301005392,0.00555213727,-0.0323060304,0.00338846864
101740.856869,0.123708797,0.24815643,-0.0124549924,0.00532417092,-0.0408561081,-0.000783906318
101740.866898,0.101309918,0.222451057,-0.0259077637,0.00964435097,-0.0407016464,-0.00341697317
101740.876926,0.0610620792,0.216182498,0.0128881231,0.0164585821,-0.0372587107,-0.0044830367
101740.886953,0.0637619858,0.203884596,0.0693634591,0.0124936672,-0.0306402203,-0.00511314068
101740.896981,0.0804255358,0.236953922,0.12993454,0.00323305698,-0.0292045102,-0.0114490669
101740.907009,0.137063953,0.255764275,0.161591076,0.00318804942,-0.0266894214,-0.014400648
101740.917036,0.160969145,0.223233294,0.172841369,0.013723515,-0.0184994023,-0.0191631801
101740.927063,0.136389415,0.186400231,0.136901456,0.0229114201,-0.0138868075,-0.0165247861
101740.937092,0.107651396,0.170889504,0.166978615,0.0185281243,0.00274649728,-0.0207762569
101740.947119,0.103858434,0.162666012,0.281814954,0.00756655214,0.0193217453,-0.0235621873
101740.957147,0.151018829,0.169100429,0.277251592,-0.00143972563,0.0339741893,-0.0224175621
101740.967175,0.173601248,0.14625293,0.222154558,-0.00197555358,0.0423788615,-0.0211216677
101740.977202,0.149998254,0.115912152,0.139009827,0.00314783538,0.0461925082,-0.0178619586
101740.987230,0.141904964,0.0902817439,0.0488531705,0.00424026418,0.0448779687,-0.0125931613
101740.997257,0.159779059,0.0873078427,0.0226882171,-0.00379529176,0.0428497083,-0.0131665394
101741.007285,0.186727271,0.121434715,-0.0215729494,-0.00819430035,0.0334370323,-0.017467279
101741.017313,0.191813781,0.148683956,-0.0813619399,-0.00693995226,0.0215971507,-0.0184105709
101741.027341,0.188518831,0.100419399,-0.140364749,-0.00448744744,0.0105929691,-0.0141345989
101741.037368,0.174158297,0.0480262182,-0.136342069,-0.00641344534,0.0070813247,-0.00522472709
101741.047396,0.141457804,0.0539507859,-0.0699842213,-0.0205146167,0.0064741238,-0.000787634403
101741.057424,0.163480836,0.0821754483,-0.0459632943,-0.0283978395,0.00386049761,0.00149016734
101741.067451,0.17363515,0.123858873,-0.0739104549,-0.0292184576,-0.00297708157,0.000877746381
101741.077479,0.126513333,0.143648154,-0.11701836,-0.0210004747,-0.0107183587,-0.000808566809
101741.087507,0.042176177,0.133354431,-0.124614222,-0.0124384109,-0.0107923942,-0.00390449166
101741.097535,0.00162321729,0.129770582,-0.0493283868,-0.00679410808,-0.000355732162,-0.0084917862
101741.107562,0.025434301,0.133360423,-0.0100607908,0.000392431946,0.0131986924,-0.0121650845
101741.117590,0.110755792,0.150601188,-0.0259317291,0.00984159298,0.0151254898,-0.0116042234
101741.127618,0.141928345,0.167728118,-0.103712888,0.0157647301,0.00613732077,-0.0138545949
101741.137645,0.128991122,0.135601333,-0.143266315,0.0151351597,-0.00454408582,-0.0164759438
101741.147673,0.117043494,0.094761812,-0.0878337663,0.00795367919,-0.00814973935,-0.0139549952
101741.157700,0.142069799,0.0184971952,-0.0138356331,0.00260498608,-0.00731989834,-0.00711253658
101741.167728,0.198872467,-0.00314253581,0.0213578453,0.00591875752,-0.0041736397,-0.00141576771
101741.177756,0.209946234,-0.0279572436,0.000261281285,0.0171029679,-0.00298666907,0.00288923178
101741.187784,0.191652453,-0.0541875173,0.0165273564,0.0271446835,-0.00291529624,0.00298324134
101741.197811,0.152801621,-0.124703069,0.0609644641,0.0335192271,0.00970728789,0.00819052011
101741.207839,0.14227672,-0.217967774,0.207016026,0.0415683649,0.0461121686,0.0114933727
101741.217867,0.101001291,-0.226024386,0.284277545,0.0591867715,0.0969543085,0.0163299404
101741.227894,0.0672018971,-0.22808614,0.343467985,0.061747402,0.156857863,0.028118955
101741.237922,-0.0352951853,-0.271483968,0.313292042,0.0454925299,0.209100559,0.0388514921
101741.247950,-0.155617847,-0.263024037,0.23035657,-0.0091621913,0.261528611,0.0499520823
101741.257978,-0.225710205,-0.200180335,0.160957455,-0.0868417993,0.29240638,0.0624534935
101741.268005,-0.157636201,-0.0457037666,-0.102898064,-0.167981923,0.29508841,0.0845308304
101741.278033,-0.072017773,0.127910633,-0.429579165,-0.232396871,0.2829777,0.101317808
101741.288061,-0.0497147558,0.332762467,-0.838164058,-0.244930506,0.234888211,0.113443166
101741.298088,-0.0177197811,0.585584697,-1.34550217,-0.218703166,0.160799861,0.11317952
101741.308116,-0.0102379009,0.804600811,-1.73016375,-0.167895645,0.0584290214,0.0975331813
101741.318144,0.0408346992,1.01757984,-2.00822432,-0.104110003,-0.0620353445,0.0744371861
101741.328171,0.0759592041,1.14272627,-2.08419697,-0.0346212126,-0.178159818,0.0540336408
101741.338199,0.085128599,1.09486094,-1.92435361,0.0225320887,-0.261080027,0.0355323963
101741.348227,0.0170154322,0.935819984,-1.48439509,0.0579835549,-0.306601167,0.0219590627
101741.358254,-0.100889063,0.745231069,-1.02813309,0.0618984029,-0.336304963,0.0106566073
101741.368282,-0.136012983,0.671250471,-0.709137865,0.040459156,-0.366650105,-0.0147126652
101741.378310,-0.177636787,0.631815702,-0.436850618,0.00763569726,-0.391103268,-0.0459467508
101741.388337,-0.1301362,0.578213291,-0.25561376,-0.0109896529,-0.409894526,-0.0689860284
101741.398365,-0.0532744941,0.436401997,-0.13175591,-0.00599542633,-0.416944444,-0.0785688758
101741.408393,-0.00834580354,0.306276318,0.013217209,-0.000179615061,-0.414944649,-0.0893698633
101741.418421,0.0621358459,0.28276451,0.14652444,-0.00205607829,-0.410749912,-0.103840411
101741.428448,0.170501528,0.29324528,0.309487974,-0.00629423279,-0.404441416,-0.120198086
101741.438476,0.277537423,0.288319952,0.386693963,-0.00994542614,-0.389816165,-0.13184914
101741.448504,0.329540582,0.190841721,0.510163691,-0.00818587653,-0.36310035,-0.134496853
101741.458531,0.32438393,0.0314507848,0.634093438,-0.00392801408,-0.323277056,-0.127495944
101741.468559,0.315864523,-0.0732506758,0.730731857,-0.00904740952,-0.267907023,-0.114469349
101741.478587,0.263711142,-0.133412007,0.808226016,-0.0249318331,-0.214323953,-0.098833397
101741.488614,0.257409412,-0.189034233,0.854641145,-0.0477071851,-0.167819291,-0.0845292956
101741.498642,0.222221778,-0.208704125,0.77017481,-0.0699443147,-0.140104309,-0.0730468184
101741.508670,0.210793791,-0.203186531,0.631136926,-0.0889755264,-0.124634281,-0.0593823977
101741.518697,0.211440857,-0.145363287,0.464548187,-0.107486628,-0.12747401,-0.0510509647
101741.528725,0.204470433,-0.0310815131,0.300716638,-0.113481402,-0.146691367,-0.0555314682
101741.538753,0.2507482,0.126255998,0.114682026,-0.100900896,-0.177877784,-0.066679731
101741.548780,0.330659941,0.22550723,-0.00387888726,-0.0702457801,-0.203352526,-0.0766074508
101741.558808,0.404399131,0.261603795,0.00190086519,-0.0186853893,-0.210364357,-0.0858776569
101741.568836,0.40870998,0.251973066,0.159657478,0.0382913426,-0.193491638,-0.0894566774
101741.578864,0.429238389,0.181074798,0.414003995,0.092831023,-0.158394903,-0.0850297064
101741.588891,0.497497686,0.0757511143,0.598523527,0.129711002,-0.128671363,-0.0797398686
101741.598919,0.538275687,-0.0330735637,0.732103145,0.137616873,-0.106735438,-0.072382614
101741.608947,0.509482723,-0.207089384,0.907422303,0.116833031,-0.0804969072,-0.0546049513
101741.618974,0.52537938,-0.379659973,1.08520697,0.0758752078,-0.0494846627,-0.0278521702
101741.629002,0.509052515,-0.497261978,1.20068044,0.0164156072,-0.0104826689,-0.00149992388
101741.639030,0.470292868,-0.53550856,1.26919108,-0.0428043082,0.0351529941,0.0276800655
101741.649056,0.438848513,-0.530021653,1.23784727,-0.0880540758,0.0924716741,0.049253799
101741.659084,0.380904858,-0.505214836,1.09239367,-0.0961317047,0.143750042,0.064183481
101741.669112,0.371252648,-0.43871758,0.827438666,-0.0830478668,0.193706423,0.0790793449
101741.679139,0.329893049,-0.365198317,0.632327012,-0.0651788488,0.241382599,0.0748374611
101741.689167,0.264183436,-0.215574742,0.418607689,-0.0286285672,0.274432719,0.0580198616
101741.699195,0.188700033,-0.00299070625,0.140272394,0.0188508015,0.308791995,0.0391220711
101741.709223,0.152566058,-0.00202887548,-0.0121264911,0.0724653006,0.335233986,0.0256291647
101741.719250,0.0860819542,-0.00245806068,-0.252951848,0.142260894,0.346065879,0.0161922537
101741.729278,0.030560558,0.0167335465,-0.448259316,0.17716828,0.343712449,0.00583442161
101741.739306,-0.0193652102,-0.0302960618,-0.554686723,0.174088329,0.319258988,0.00300987298
101741.749333,-0.0097545013,-0.0459957352,-0.633866059,0.145717412,0.268776119,-0.00101336464
101741.759361,0.0168061734,-0.0590383183,-0.774254772,0.0911966413,0.186749443,0.0075143436
101741.769389,0.118477911,-0.164641258,-0.811974555,0.0191887561,0.100039847,0.0273306593
101741.779416,0.215936415,-0.252930367,-0.79020579,-0.0546713546,0.0101419166,0.0595104322
101741.789444,0.322587694,-0.206082545,-0.766316381,-0.115476906,-0.076646775,0.0900172144
101741.799472,0.407219449,-0.107824707,-0.735260733,-0.147062272,-0.156428948,0.116838977
101741.809499,0.445529599,0.0171658005,-0.672491265,-0.154299945,-0.212886378,0.137076333
101741.819527,0.414938061,0.0817354494,-0.459857399,-0.146758392,-0.247687757,0.152372465
101741.829555,0.300737097,0.127778239,-0.212728558,-0.137889802,-0.260086894,0.155099809
101741.839582,0.205691499,0.212332253,0.043874213,-0.131398886,-0.263110638,0.150208369
101741.849610,0.18818916,0.284310278,0.229843359,-0.129511505,-0.239866063,0.134799063
101741.859638,0.130676298,0.329214126,0.484392705,-0.126069635,-0.1968299,0.117566019
101741.869666,0.0277729731,0.357332552,0.630363603,-0.117052436,-0.129263386,0.105435312
101741.879693,-0.0750701463,0.295880597,0.772456199,-0.109137252,-0.0497690886,0.097416535
101741.889721,-0.133680156,0.289255626,0.811012432,-0.108952694,0.0196459386,0.0891980231
101741.899749,-0.14973405,0.3515037,0.718455728,-0.111379102,0.0646296591,0.071935147
101741.909776,-0.106184246,0.457525741,0.479527145,-0.102882817,0.0746958777,0.0491922833
101741.919804,-0.0268324773,0.561993978,0.177760705,-0.0718181133,0.0619672984,0.0295045972
101741.929832,0.0652951867,0.619215748,-0.04863982,-0.0337104127,0.0386294834,0.00902382378
101741.939859,0.0998006829,0.678038086,-0.184185186,0.0104890075,0.00518337637,-0.0115448348
101741.949887,0.173694771,0.733159376,-0.250901929,0.0538942739,-0.0268682986,-0.0289781541
101741.959915,0.240156664,0.720898299,-0.168119601,0.0768954679,-0.0457967184,-0.0424548127
101741.969942,0.273662043,0.588010609,0.0736456664,0.0860088021,-0.0431218371,-0.0418702513
101741.979970,0.24075989,0.404529187,0.359201561,0.0727574453,-0.0202719159,-0.0303084031
101741.989998,0.195807234,0.207005943,0.62096683,0.0360830501,0.0167396311,-0.0135661736
101742.000026,0.153868373,0.0966070014,0.809581522,-0.0201594494,0.0608154796,-0.00120404642
101742.010053,0.0881277808,0.0725637164,0.922918563,-0.0813919082,0.109551325,0.0011738902
101742.020081,0.0291845934,0.0881695741,0.895752323,-0.119296946,0.150949895,0.00386022031
101742.030109,0.0104360538,0.0746403766,0.742330525,-0.133147776,0.188716188,0.0126830069
101742.040136,0.036343233,0.0593080751,0.547138208,-0.135567263,0.217753172,0.0160119571
101742.050164,0.0473193851,0.110752285,0.365352485,-0.139998496,0.234466359,0.0101178503
101742.060192,0.0255032746,0.238243962,0.166988552,-0.140453637,0.232978716,-0.00744516402
101742.070219,0.00916997941,0.324473654,-0.0372036492,-0.136284426,0.226798058,-0.0276531875
101742.080247,-0.00791851804,0.35853769,-0.178465054,-0.118758693,0.215283886,-0.0410307795
101742.090275,-0.0318839155,0.353662631,-0.345999549,-0.0981815085,0.199652195,-0.0587983243
101742.100303,-0.017223522,0.355216875,-0.453307247,-0.0776235089,0.186778739,-0.0753964782
101742.110330,-0.0336561859,0.393512411,-0.509738159,-0.0618554614,0.175793469,-0.0924268514
101742.120358,-0.0152975224,0.388508904,-0.555128037,-0.0319534875,0.158679456,-0.100667208
101742.130386,0.0380360084,0.343907692,-0.67411682,0.00633397792,0.131100565,-0.102767646
101742.140413,0.0473836825,0.294913944,-0.78100074,0.0420613512,0.0952999443,-0.103477105
101742.150441,0.0622048195,0.254181536,-0.801284234,0.0609002858,0.056042552,-0.106288075
101742.160469,0.105666945,0.203312934,-0.726081401,0.0660226122,0.0234886073,-0.102945805
101742.170496,0.191560098,0.142269121,-0.635498044,0.0711475983,-0.00981661957,-0.0915243179
101742.180524,0.242796949,0.01561521,-0.546350272,0.0709902048,-0.0415023789,-0.0734281391
101742.190552,0.273006794,-0.113883861,-0.420030416,0.0596347488,-0.0655882731,-0.0553418063
101742.200579,0.244721195,-0.160108437,-0.216000712,0.0341309868,-0.0779069886,-0.0410299785
101742.210607,0.223817523,-0.182762752,-0.0145464117,0.00258105155,-0.076585263,-0.0271309428
101742.220635,0.241738964,-0.193384829,0.115787941,-0.0224976689,-0.0688748807,-0.0136814453
101742.230663,0.222785842,-0.179520993,0.194727622,-0.0342970714,-0.0544482693,-0.01246305
101742.240690,0.154115041,-0.136353613,0.185972069,-0.0268079955,-0.035698019,-0.0123376157
101742.250718,0.0865150849,-0.118051794,0.195627786,-0.0187314264,-0.00630577467,-0.0118156355
101742.260746,0.0610176555,-0.0984974914,0.226304664,-0.00742630893,0.0274066497,-0.00940414332
101742.270773,0.07292612,-0.0681624127,0.20246903,-0.000319130981,0.0542872623,-0.0101692695
101742.280801,0.112376087,-0.0198106159,0.146902626,0.00105665799,0.0631207079,-0.0123224352
101742.290829,0.121202952,0.0431556895,0.00232990425,0.00341462065,0.053563416,-0.0127597265
101742.300856,0.132080904,0.0739567782,-0.146855864,0.00090539048,0.0358962715,-0.0132436231
101742.310884,0.171008309,0.109029699,-0.190268305,-0.00466620876,0.0128122596,-0.0153525788
101742.320912,0.204282802,0.143486826,-0.200928815,-0.00617808523,-0.00592441019,-0.01337252
101742.330940,0.247968214,0.193377231,-0.230590963,0.00586659322,-0.0302947294,-0.0117317457
101742.340967,0.247624515,0.232303027,-0.267180864,0.0223307889,-0.050005585,-0.0086651165
101742.350995,0.207398303,0.233136994,-0.221180745,0.0317461267,-0.0620231032,-0.0050030034
101742.361023,0.15731413,0.237106775,-0.101586397,0.0326974094,-0.0638380423,-0.00859081373
101742.371050,0.150926475,0.232214619,0.0564443563,0.0255950242,-0.0610150918,-0.0109311994
101742.381078,0.163953714,0.224261029,0.2050117,0.0159107056,-0.0526738055,-0.00946805812
101742.391106,0.17338439,0.169636436,0.321270766,0.0036913231,-0.0406744033,-0.00521552376
101742.401133,0.141655957,0.149642134,0.419362307,-0.00876721088,-0.019172037,-0.0050072642
101742.411161,0.0903466259,0.141123312,0.488013819,-0.0253350008,0.00498949084,-0.0111658238
101742.421189,0.0775128633,0.181471104,0.546633765,-0.0394955613,0.0364805683,-0.0194975231
101742.431217,0.100405079,0.20180516,0.556513939,-0.0407493785,0.0694752708,-0.0238818862
101742.441244,0.134071201,0.180186033,0.456883352,-0.0313809104,0.0962477624,-0.0254467577
101742.451272,0.117563719,0.182059426,0.337626273,-0.0233245809,0.111471988,-0.0278063193
101742.461300,0.0823953746,0.14684242,0.229111538,-0.0211043041,0.120733663,-0.0295030214
101742.471327,0.123472066,0.0944641442,0.140173025,-0.0279030874,0.125432014,-0.0201521292
101742.481355,0.169403211,0.0701525636,0.0778489634,-0.0431187935,0.124177665,-0.00786110759
101742.491383,0.171720256,0.0992769513,0.00173661453,-0.0673184022,0.113032602,-0.00337474607
101742.501410,0.104674426,0.133488871,-0.0897556742,-0.0881136954,0.0980163664,-0.00252653006
101742.511438,0.0482236404,0.157050949,-0.166052147,-0.0991133526,0.0838475525,-0.00180241652
101742.521466,0.0243844997,0.207550133,-0.218770177,-0.106185108,0.0836286396,-0.00292520504
101742.531494,0.00485562334,0.253093302,-0.246788649,-0.102264404,0.0835530087,-0.00448635034
101742.541521,0.0020347207,0.295491743,-0.337003757,-0.0841096342,0.0841346383,-0.00743207149
101742.551549,-0.0679366412,0.324756124,-0.439494995,-0.0623702519,0.0790557265,-0.0154769495
101742.561577,-0.111382984,0.344086994,-0.474237807,-0.0481319278,0.0745661706,-0.0253511518
101742.571604,-0.155921214,0.349291869,-0.471581155,-0.0467755795,0.0635039359,-0.034043178
101742.581632,-0.0703629915,0.350410351,-0.497323499,-0.0470141992,0.0484331027,-0.0475288928
101742.591660,-0.00155482823,0.389925931,-0.525174213,-0.0436988287,0.0150913931,-0.0567876361
101742.601687,0.0324538244,0.415720444,-0.651813803,-0.0355258547,-0.0296073686,-0.0609299205
101742.611715,0.0655874477,0.413297162,-0.693249391,-0.0290501118,-0.0868967548,-0.0646626055
101742.621743,0.047303603,0.424768112,-0.650109922,-0.0297854096,-0.131945178,-0.0725831091
101742.631771,0.0415033923,0.442153108,-0.485482839,-0.0370116308,-0.150884256,-0.0801278502
101742.641798,0.0523731613,0.432702412,-0.232936649,-0.0368843302,-0.145013586,-0.0837108642
101742.651827,0.0378700042,0.388823815,-0.0672188483,-0.0241837166,-0.126258001,-0.0843968987
101742.661855,0.0148790047,0.351631272,0.0292640884,-0.00540017569,-0.108591668,-0.0847532302
101742.671882,-0.0109837508,0.350424234,0.0692424631,-0.00185311178,-0.0904888287,-0.0893261433
101742.681910,0.0110170686,0.352016618,0.170475225,-0.0187953431,-0.0790955573,-0.0995974243
101742.691938,0.0873573809,0.341305692,0.219423088,-0.0305870213,-0.0885780081,-0.109757647
101742.701966,0.19569676,0.382056659,0.135017542,-0.0358667374,-0.106232636,-0.111808538
101742.711993,0.280476399,0.319991686,0.122534493,-0.0343591236,-0.130802423,-0.106531754
101742.722021,0.331160877,0.267070536,0.14906185,-0.0377610438,-0.148054913,-0.103897631
101742.732049,0.344191039,0.229096048,0.297103709,-0.0594215989,-0.155888066,-0.106382892
101742.742076,0.326817294,0.197380183,0.462502361,-0.0826198608,-0.149084762,-0.111643955
101742.752104,0.314977219,0.10481778,0.591204144,-0.0904112086,-0.115914829,-0.107710734
101742.762132,0.274210909,-0.0204411689,0.674623601,-0.0764115006,-0.0660932064,-0.0976392031
101742.772159,0.200018714,-0.165948541,0.711322223,-0.0646909326,0.00259690662,-0.0852640271
101742.782187,0.106271925,-0.283698576,0.800837659,-0.0616442747,0.0737645552,-0.0785986632
101742.792215,0.0654641136,-0.323874519,0.788545748,-0.0730367452,0.139072731,-0.0738409162
101742.802243,0.08866671,-0.323796485,0.6856886,-0.087993592,0.183010623,-0.0716374218
101742.812270,0.122961194,-0.341809989,0.416414563,-0.0948629454,0.203660518,-0.0684901029
101742.822298,0.135287591,-0.313769305,0.0612900427,-0.091221869,0.204190478,-0.067514047
101742.832326,0.151415719,-0.271437645,-0.179585583,-0.0721935853,0.198750973,-0.063009575
101742.842353,0.207117733,-0.242891788,-0.429217346,-0.0409424566,0.17595166,-0.0614819936
101742.852381,0.282011354,-0.205312437,-0.658814622,0.00171525776,0.146086439,-0.0614734702
101742.862409,0.328196766,-0.160952486,-0.790112267,0.0341885127,0.102916583,-0.0571985655
101742.872437,0.350049701,-0.215321059,-0.857472569,0.0592176989,0.0607558154,-0.0469632372
101742.882464,0.309707754,-0.283123845,-0.842383721,0.0676615164,0.02466386,-0.0314487256
101742.892492,0.310487506,-0.302247355,-0.719357061,0.05071529,0.0027841269,-0.0114374664
101742.902520,0.342886386,-0.34003085,-0.584574497,0.0328641236,-0.0154595925,0.0107948687
101742.912547,0.366177829,-0.280700271,-0.595346066,0.0273950547,-0.0448212102,0.0331851281
101742.922575,0.366713836,-0.207789787,-0.688569124,0.038822148,-0.0970647037,0.0538200997
101742.932603,0.357842547,-0.134458739,-0.751124657,0.0590307452,-0.159808502,0.0709964186
101742.942630,0.368624054,-0.0462301285,-0.65988079,0.0662380606,-0.214711964,0.0816607922
101742.952658,0.368739204,0.00385360669,-0.407756625,0.0622435845,-0.253815442,0.0941954851
101742.962686,0.353007967,0.0194223472,-0.0814426039,0.0479783602,-0.274189144,0.102938637
101742.972714,0.295105813,0.00373158774,0.204320796,0.0227984395,-0.27868697,0.106345892
101742.982741,0.137474288,0.0159947109,0.472394225,-0.00990784261,-0.25631988,0.0996730775
101742.992769,0.0219815302,-0.00657499448,0.729813573,-0.0372449234,-0.202643052,0.0951683372
101743.002797,-0.0496463667,-0.00610270079,0.924903015,-0.0487322025,-0.1209253,0.0886593014
101743.012824,-0.0809387461,0.00698854371,1.00227968,-0.0426250435,-0.0298052412,0.0878358632
101743.022852,-0.10213351,0.0553496929,0.950535468,-0.0239195321,0.0457241349,0.0820655823
101743.032880,-0.110970896,0.124600193,0.781612149,-0.00215884252,0.0973985121,0.064886868
101743.042908,-0.10711539,0.24448724,0.544449407,0.0213177223,0.124766223,0.0400515571
101743.052935,0.0238029004,0.32136692,0.347318231,0.0287455451,0.136786938,0.0242635384
101743.062963,0.151461312,0.374146032,0.20311668,0.0319858119,0.130909085,0.0127594825
101743.072991,0.232276139,0.396385336,0.0435533105,0.0270231199,0.116948575,0.000687639229
101743.083018,0.242033563,0.424119292,-0.0530161354,0.0206507072,0.0947724357,-0.00632659439
101743.093046,0.238433493,0.415067533,-0.163881233,0.0196144711,0.0707227588,-0.00088522397
101743.103074,0.281906724,0.393482016,-0.23804011,0.0140165063,0.0415004231,0.00737164076
101743.113101,0.280620191,0.416437652,-0.275522576,0.00557215605,0.00994089898,0.0165358447
101743.123129,0.272431624,0.411948962,-0.276235693,-0.00182690448,-0.0216292758,0.0270111226
101743.133157,0.19990824,0.422659303,-0.257556711,-0.00494599855,-0.0506135263,0.0351867601
101743.143185,0.104067693,0.41490752,-0.156489369,-0.0140300412,-0.0669040829,0.0377119705
101743.153212,0.0355395154,0.4351783,-0.00700023415,-0.0268225353,-0.0708383694,0.0325262621
101743.163240,-0.0293920987,0.488880518,0.14173253,-0.0410635248,-0.0665418953,0.0221396685
101743.173268,-0.0738970109,0.532514639,0.228584299,-0.0415548757,-0.0534692332,0.00417851098
101743.183295,-0.136954648,0.52731634,0.292232888,-0.031294249,-0.0314776488,-0.0124492012
101743.193323,-0.175886728,0.497470798,0.328378552,-0.0175651219,0.00139028835,-0.0344320014
101743.203351,-0.20754911,0.449347111,0.415945192,-0.00758572388,0.0426197499,-0.0554773584
101743.213379,-0.135398651,0.403027697,0.476304676,-0.00171079068,0.0883299783,-0.0725658014
101743.223406,-0.0501636686,0.367729735,0.470558826,0.0019222938,0.126483768,-0.0861266181
101743.233434,0.0508785388,0.292603036,0.376141005,0.0120865135,0.146347478,-0.0905985981
101743.243462,0.116873398,0.193472508,0.174550511,0.0161635466,0.14653258,-0.0924028903
101743.253489,0.199224934,0.126604226,0.0100081838,0.00955224968,0.135788843,-0.0851945132
101743.263517,0.277007262,0.0769423699,-0.0811047503,-0.00231745862,0.113851584,-0.0780508444
101743.273545,0.374551106,0.0431871076,-0.16476503,-0.0106819151,0.079680562,-0.0621099621
101743.283573,0.461730207,0.0110148766,-0.298227744,-0.0156314,0.0344603546,-0.045171462
101743.293600,0.395951036,-0.0243882991,-0.332567236,-0.0261266511,-0.00491261482,-0.034205094
101743.303628,0.307835531,-0.0538183917,-0.277510535,-0.044081416,-0.0291881263,-0.028544547
101743.313656,0.217125917,-0.0439930171,-0.135535429,-0.0557641722,-0.0298403352,-0.0230059717
101743.323683,0.143133629,-0.0535496577,-0.0438625226,-0.0533793122,-0.011656804,-0.0171808396
101743.333711,0.109129652,-0.0580498918,0.00296761763,-0.0423599519,0.0132568013,-0.0110595636
101743.343739,0.0284761529,-0.0217409994,-0.0289098681,-0.0233396534,0.0286400188,-0.0122870151
101743.353767,-0.055421443,0.0135322663,-0.0979039094,-0.0100560728,0.0371903628,-0.0182674099
101743.363794,-0.0504009845,0.0744413469,-0.151530286,-0.00189561397,0.041740641,-0.0266081635
101743.373822,0.00438391417,0.101850017,-0.187221192,0.00693675969,0.0369365625,-0.032935299
101743.383850,0.0887076265,0.102630353,-0.268916894,0.0180567876,0.0227999743,-0.0340849906
101743.393877,0.114786071,0.070969433,-0.334127325,0.0262923483,0.0066779945,-0.0320748314
101743.403905,0.106006552,0.0107896896,-0.349468102,0.0268268436,-0.00498105865,-0.0292942282
101743.413933,0.0712906278,-0.00238441092,-0.286064428,0.020202497,-0.0122395037,-0.025722662
101743.423961,0.0704570995,0.00888984729,-0.221426829,0.0143304933,-0.0166710038,-0.0258816537
101743.433988,0.117039402,0.049595221,-0.240348387,0.0204291325,-0.0269942135,-0.0197217613
101743.444016,0.160966223,0.0460785912,-0.291115282,0.03846699,-0.0335919298,-0.00819640048
101743.454044,0.175166013,0.0258291455,-0.292944835,0.0524661615,-0.0399667397,0.00546428515
101743.464071,0.189468094,0.0484478046,-0.230120423,0.0494328216,-0.0482696779,0.0157850999
101743.474099,0.170856333,0.126136024,-0.15620763,0.0259986017,-0.0608866699,0.0170623511
101743.484127,0.162536833,0.214721924,-0.0575666383,-0.00144580612,-0.0655748993,0.0146617778
101743.494155,0.126379478,0.278715235,0.00701543172,-0.0119876638,-0.0710258558,0.010481148
101743.504182,0.079696637,0.328357802,-0.0183481421,-0.000197582573,-0.0733409449,0.00589917926
101743.514210,0.0413525856,0.365514397,-0.0413432333,0.0204917155,-0.0715821907,-0.00117710605
101743.524238,0.034795419,0.410697647,-0.00301028773,0.0417072549,-0.0707827061,-0.0202256311
101743.534265,0.0910673414,0.474131278,0.0725017571,0.057521373,-0.0721659586,-0.0348165557
101743.544293,0.147620419,0.458037782,0.141611534,0.0677947849,-0.0745271146,-0.0469877347
101743.554321,0.188807585,0.380326474,0.239046072,0.0665577427,-0.0772395432,-0.049543038
101743.564349,0.189057175,0.25441666,0.360129781,0.0442793369,-0.0763521791,-0.052389428
101743.574376,0.158085699,0.197087337,0.503724598,0.00464697368,-0.0542399511,-0.054941535
101743.584404,0.107232879,0.159177878,0.647140551,-0.0312255397,-0.0195757132,-0.059526965
101743.594432,0.0959065981,0.12291677,0.677009035,-0.0431261398,0.02134935,-0.0575194731
101743.604459,0.091483521,0.0930246129,0.58888593,-0.0355185568,0.0551445968,-0.0492239967
101743.614487,0.101618546,0.0736433284,0.4525877,-0.0239425935,0.0802038759,-0.0441378877
101743.624515,0.107039987,0.109284551,0.341886853,-0.0265823193,0.0902429298,-0.0448449552
101743.634543,0.155713124,0.162157478,0.253085703,-0.0385753326,0.0894849896,-0.0505571738
101743.644570,0.215750537,0.235189543,0.125975573,-0.0537793189,0.0671980605,-0.0507867336
101743.654597,0.272038241,0.235791016,0.0217465524,-0.0678535923,0.0406591296,-0.0456660092
101743.664625,0.242339853,0.211975548,-0.031483518,-0.0811358392,0.0187327936,-0.0427064374
101743.674652,0.149437697,0.210014623,-0.00512917958,-0.094814904,0.0194856692,-0.0409245193
101743.684680,0.060080667,0.215193633,0.108414782,-0.101953775,0.0379336514,-0.0423660874
101743.694708,-0.000336684608,0.234842483,0.127465519,-0.0874384791,0.0608956926,-0.0417759344
101743.704736,-0.0247609318,0.234313198,0.0110801969,-0.0555748232,0.0800576657,-0.0468212888
101743.714763,-0.0600029255,0.225211316,-0.0779004013,-0.022763079,0.0946898758,-0.0520874262
101743.724791,-0.0703799426,0.208738758,-0.123043611,0.000889519753,0.106249854,-0.0559378192
101743.734819,-0.0281540813,0.163759214,-0.170982005,0.0117429662,0.106335878,-0.0562145263
101743.744846,0.0608498978,0.130390467,-0.241559516,0.00609333673,0.091168642,-0.057824403
101743.754874,0.105052028,0.153066701,-0.311010069,-0.0106086787,0.0605066046,-0.0610585436
101743.764902,0.0982891093,0.125739426,-0.389281057,-0.0250539314,0.0208862256,-0.0590827465
101743.774930,0.120817167,0.0778391726,-0.431740143,-0.0389090255,-0.00809402764,-0.0584883317
101743.784957,0.127158061,0.060231912,-0.347989262,-0.0556613728,-0.0170758031,-0.0544744134
101743.794985,0.155294607,0.0386564784,-0.253444015,-0.0567852296,-0.0164299868,-0.0467555076
101743.805013,0.231252642,0.0388677831,-0.261652456,-0.039196115,-0.0182225611,-0.0399884209
101743.815040,0.250704361,0.0567391014,-0.320151991,-0.0138356304,-0.0257641003,-0.0359896794
101743.825068,0.239772048,0.0506808243,-0.366889193,0.0152314408,-0.0428874306,-0.0312724262
101743.835096,0.24799218,0.025838644,-0.336373058,0.0278588179,-0.0600696132,-0.0256150719
101743.845124,0.272351545,0.00861935979,-0.200875624,0.0216368753,-0.0723422542,-0.0201140456
101743.855151,0.305920052,-0.015202976,-0.0342179114,0.00428931136,-0.0809176341,-0.00857803039
101743.865179,0.273895852,-0.075764266,0.0945937619,-0.0236224812,-0.0849616453,-0.000308116898
101743.875207,0.180833537,-0.077789196,0.187218854,-0.049042087,-0.0877925828,0.00065514911
101743.885234,0.0785287623,-0.0462657844,0.228781868,-0.0634130388,-0.0800654218,-0.00276781246
101743.895262,0.0247685306,0.0120781219,0.267017198,-0.0627927855,-0.0599937104,-0.00988670811
101743.905290,0.0418821624,0.0550308362,0.319000483,-0.0450819656,-0.0219893362,-0.0132116638
101743.915318,0.0787152248,0.0389263814,0.31412674,-0.0238528457,0.0113270748,-0.0103596859
101743.925345,0.0951385363,0.0142155724,0.270624867,-0.0143339084,0.0395227596,-0.00669757277
101743.935373,0.107779407,-0.0122732061,0.249332488,-0.0303080808,0.0565467514,0.000356076285
101743.945401,0.137296593,0.0232974351,0.22638299,-0.0622148812,0.0601052642,0.00256303744
101743.955428,0.179611302,0.117427671,0.133817519,-0.0864954516,0.0502007045,0.00175822992
101743.965456,0.25659225,0.180960817,-0.0564881954,-0.0860046297,0.0302027632,0.00601555966
101743.975484,0.288553907,0.204664348,-0.232215349,-0.0630170256,0.0043722298,0.0134100923
101743.985512,0.253166952,0.200021929,-0.30574528,-0.0360378735,-0.0119436271,0.0184884742
101743.995539,0.187759537,0.184698688,-0.224491477,-0.0261628702,-0.0152049335,0.0239322409
101744.005567,0.165618432,0.169499511,-0.0724397978,-0.0342692658,-0.00956329331,0.0273373593
101744.015595,0.133985861,0.190375857,0.0412356812,-0.0620540269,-0.000922667095,0.0279948935
101744.025623,0.0410492187,0.223584007,0.0479822329,-0.0796332881,-0.000873132376,0.0250132196
101744.035650,0.000779752201,0.267033565,-0.0419908835,-0.0820136219,-0.0106767612,0.0220192932
101744.045678,-0.00956628525,0.320979382,-0.154983641,-0.073176451,-0.0237225201,0.0125275208
101744.055706,0.00150280578,0.436414126,-0.222396551,-0.0581921749,-0.044765491,-0.00460326299
101744.065733,0.0326508082,0.509109214,-0.251155027,-0.0321150348,-0.0659490749,-0.0232339371
101744.075761,0.0659475132,0.511937569,-0.229967278,-0.00359118753,-0.07865417,-0.0311244521
101744.085789,0.0913327143,0.411496834,-0.116391168,0.013519357,-0.0846619979,-0.0366230831
101744.095817,0.103138303,0.337348187,0.0844675047,0.0075426898,-0.0766205788,-0.0416167751
101744.105844,0.0927957726,0.296665171,0.288418882,-0.0143801849,-0.0597598441,-0.0470562801
101744.115872,0.10894845,0.266655233,0.41015258,-0.0314851366,-0.0442812853,-0.0465737134
101744.125900,0.196063255,0.228140939,0.363292045,-0.0425002389,-0.0329367518,-0.0423486084
101744.135927,0.142872347,0.208617762,0.349020943,-0.0518295579,-0.0238436535,-0.037676625
101744.145955,0.0847375538,0.211195065,0.325336116,-0.0560634509,-0.0144280475,-0.0415512621
101744.155983,0.0559977816,0.234021522,0.310713132,-0.0626941919,-0.00231412658,-0.0469183326
101744.166011,0.0522638557,0.290869052,0.302646145,-0.0652343109,0.00242390344,-0.0587105453
101744.176038,0.075769819,0.35922991,0.221408709,-0.0587782785,0.00401114766,-0.0670409128
101744.186066,0.114965519,0.350099824,0.198223063,-0.0451689921,0.00483433064,-0.0757912621
101744.196094,0.111238023,0.326352161,0.200584532,-0.0376325101,0.00948420912,-0.0819905624
101744.206121,0.096985041,0.302232304,0.240157833,-0.0445151851,0.019658817,-0.0891896188
101744.216149,0.121846511,0.28174978,0.323121947,-0.0582927838,0.038359534,-0.0904929712
101744.226177,0.164048406,0.23889848,0.34732466,-0.0687012151,0.0537368916,-0.0861110091
101744.236205,0.196443194,0.204434631,0.275785611,-0.071986489,0.0650462732,-0.0818038806
101744.246232,0.140869775,0.1772171,0.190849904,-0.0717806295,0.0649842173,-0.0836609006
101744.256260,0.0888636938,0.187971134,0.0970423241,-0.0698341206,0.0631556958,-0.0858175308
101744.266288,0.115854577,0.214439454,0.0386480028,-0.0668785498,0.0575366914,-0.0871539041
101744.276316,0.181294725,0.221490395,0.00513911645,-0.0648486838,0.0500678532,-0.0858846381
101744.286343,0.205298701,0.239348854,-0.0355342547,-0.0591785498,0.0393864475,-0.086735785
101744.296371,0.189194538,0.225384919,-0.0590554156,-0.0564879589,0.0315679424,-0.0884066522
101744.306399,0.114274029,0.232613262,-0.042404725,-0.057471998,0.0295130443,-0.0927998051
101744.316426,0.0639466947,0.260638457,-0.0123456868,-0.0592352748,0.030041948,-0.102512352
101744.326454,0.0612730916,0.289034676,0.0298901114,-0.0510340706,0.031537313,-0.110026464
101744.336482,0.108678401,0.281221957,-0.0252758956,-0.0321514606,0.0350713283,-0.111801192
101744.346510,0.134857383,0.256977888,-0.0398959571,-0.0141644692,0.0336273611,-0.114781
101744.356537,0.105458855,0.217812876,-0.0348421808,-0.00833214633,0.0325341374,-0.11511416
101744.366565,0.0948848538,0.15849954,0.0285667538,-0.0163522568,0.0383808389,-0.114012413
101744.376593,0.118247609,0.101360333,0.0779290429,-0.0283290241,0.0449306183,-0.108382225
101744.386620,0.138617613,0.0391585827,0.0743961926,-0.0412522815,0.0520926565,-0.104019433
101744.396648,0.11997721,0.00231996738,0.0558913986,-0.0457317159,0.0549808554,-0.100524567
101744.406676,0.0800175396,-0.0297325827,-0.00472761304,-0.0477591828,0.0613005348,-0.0953580365
101744.416704,0.0878881268,-0.0439925787,-0.0489127917,-0.0523025356,0.0680833384,-0.0883110464
101744.426731,0.105091775,-0.0431141885,-0.0893967778,-0.060206797,0.0644348115,-0.0800563097
101744.436759,0.162501762,0.00369622417,-0.179837512,-0.0633839443,0.0503671952,-0.0761486515
101744.446787,0.208392575,0.0551759438,-0.322456761,-0.0668172985,0.0211746879,-0.0697216466
101744.456814,0.175830614,0.0723984429,-0.43529462,-0.0671802834,-0.0118272044,-0.0699711889
101744.466842,0.16852526,0.0799424285,-0.409250663,-0.0714900792,-0.0313079618,-0.0663287789
101744.476870,0.156340316,0.0969179671,-0.270607331,-0.082424216,-0.0268165395,-0.0593358502
101744.486898,0.159181677,0.111782359,-0.111496381,-0.0879175216,-0.0115526319,-0.0578159839
101744.496925,0.103583124,0.172585641,-0.126852356,-0.0789666325,-0.0055296272,-0.0591986999
101744.506953,0.0360731839,0.197745509,-0.21933424,-0.0563571975,-0.00613283319,-0.0627697334
101744.516981,-0.00810614957,0.198547619,-0.298224237,-0.0348761417,-0.00364197837,-0.0656323656
101744.527009,0.00628244127,0.179157859,-0.260091198,-0.0276975892,-0.00182090909,-0.0655066594
101744.537036,0.0388806425,0.186983584,-0.229022106,-0.0295844395,-0.0141723845,-0.0682776794
101744.547064,0.0818120218,0.211846807,-0.26941666,-0.0337991565,-0.0404623114,-0.0715275407
101744.557092,0.094554599,0.204745158,-0.308093305,-0.0397862084,-0.0716753602,-0.072703056
101744.567119,0.0655208122,0.201781048,-0.279337166,-0.0502646826,-0.0960227773,-0.0770820901
101744.577147,0.0260977333,0.224209007,-0.163522921,-0.0566970147,-0.101915821,-0.0872748122
101744.587175,0.0159773213,0.252135417,1.98737442e-05,-0.0583633557,-0.0863062292,-0.094800368
101744.597203,0.0876893894,0.241675251,0.0877443344,-0.0429457836,-0.0650283769,-0.096627295
101744.607230,0.131934189,0.20013635,0.0793576144,-0.0193935875,-0.0530918203,-0.0929782316
101744.617258,0.159579737,0.171665457,0.0610778613,-0.0117601668,-0.0497679301,-0.0889984071
101744.627286,0.153439919,0.130650433,0.117499421,-0.0264831875,-0.0498619378,-0.0893592685
101744.637314,0.202844878,0.092612525,0.205889652,-0.0534378402,-0.0569014736,-0.079570286
101744.647341,0.317296017,0.0835335849,0.216647193,-0.0811232626,-0.0715874732,-0.0672307909
101744.657369,0.333906376,0.0505951919,0.233641583,-0.109411091,-0.084614329,-0.0576828271
101744.667397,0.231268424,0.0439426021,0.250714882,-0.13515,-0.0826726183,-0.0526438579
101744.677424,0.0997445688,0.0539881953,0.356455477,-0.158468649,-0.0572452843,-0.0532286912
101744.687452,0.00543897618,0.0516110909,0.476082558,-0.171092033,-0.00595440157,-0.0519429147
101744.697480,-0.00828618231,0.0751435038,0.472144049,-0.162026897,0.0425172597,-0.0585643351
101744.707508,-0.000577507627,0.151013276,0.23989772,-0.140172735,0.0687438026,-0.0606823489
101744.717535,-0.0135328508,0.20767639,-0.052431029,-0.117603779,0.075406231,-0.0655716434
101744.727563,-0.0206891523,0.216676565,-0.305495689,-0.100855686,0.0497828946,-0.0711653456
101744.737591,0.0521235705,0.273517812,-0.532198413,-0.0977549702,0.0186066013,-0.0761832744
101744.747619,0.125852824,0.283659997,-0.575920066,-0.102561176,-0.00881303847,-0.0772940814
101744.757646,0.194704826,0.24077275,-0.627490678,-0.10282696,-0.0369197764,-0.0664084107
101744.767674,0.223469148,0.184379393,-0.672099051,-0.097361356,-0.066522941,-0.0541522726
101744.777702,0.143270991,0.122090256,-0.685222152,-0.0961173922,-0.0930528194,-0.0477143452
101744.787729,0.0665875646,0.0982389866,-0.633362785,-0.103501804,-0.107978508,-0.0426255837
101744.797757,0.0803834503,0.0672273238,-0.516036382,-0.107608132,-0.11584042,-0.0288857985
101744.807785,0.131322195,0.00776610396,-0.435757562,-0.110622033,-0.122941211,-0.00765561126
101744.817813,0.119141928,-0.0378470617,-0.396916082,-0.124755964,-0.123523377,0.00895692036
101744.827840,0.02081424,0.0204921684,-0.375989614,-0.145046309,-0.140894905,0.00781309232
101744.837868,-0.0949544119,0.141722447,-0.429302686,-0.159556016,-0.166016504,-0.006333353
101744.847896,-0.106989718,0.248733646,-0.493999323,-0.154644877,-0.180594116,-0.0219131112
101744.857923,-0.0532604655,0.298394041,-0.5010206,-0.125686735,-0.190932512,-0.0390100703
101744.867951,-0.0478407786,0.332373029,-0.572569586,-0.0706876665,-0.194256932,-0.050293088
101744.877979,-0.046984454,0.267866947,-0.600247282,-0.0161711611,-0.194564521,-0.0540233776
101744.888007,-0.012845453,0.130592858,-0.524094601,0.0241283234,-0.19651024,-0.0538846254
101744.898034,0.0435521415,-0.0329538828,-0.42783086,0.0315465592,-0.203576133,-0.0420308933
101744.908062,0.210607329,-0.18525676,-0.368036025,0.0191511419,-0.230040491,-0.0244609583
101744.918090,0.343284445,-0.33044323,-0.386702731,-0.00574888056,-0.288618833,0.000353844836
101744.928118,0.3935808,-0.432762471,-0.477965887,-0.0499576218,-0.356746227,0.0220540799
101744.938145,0.380336119,-0.417277171,-0.402681806,-0.097099036,-0.410430491,0.0341701321
101744.948173,0.335178296,-0.30986163,-0.309961437,-0.128489971,-0.451335311,0.033833243
101744.958201,0.373383815,-0.151526779,-0.304698986,-0.128221259,-0.477832705,0.0275590997
101744.968229,0.416234531,-0.0285220379,-0.255651754,-0.0915569961,-0.483867973,0.0193792023
101744.978256,0.404883115,0.0219794844,-0.1801514,-0.0372839049,-0.46636194,0.0159905944
101744.988284,0.349264689,-0.0111544312,-0.0267816239,0.00187867903,-0.426368713,0.0106104771
101744.998312,0.255350141,-0.0658884764,0.220405084,0.00850089546,-0.375294089,0.00277678855
101745.008339,0.176935361,-0.121088386,0.379721786,-0.00564554986,-0.323985875,0.00497682625
101745.018367,0.159123225,-0.265945623,0.457522234,-0.0203813538,-0.265687168,0.0228471681
101745.028395,0.188593065,-0.390044881,0.480274749,-0.0329426862,-0.211403698,0.0536804497
101745.038423,0.154608962,-0.478143582,0.376270769,-0.0464108214,-0.177634552,0.0860841945
101745.048450,0.163251703,-0.414164592,0.199983643,-0.0672007874,-0.16666685,0.108176179
101745.058478,0.183906369,-0.275406402,0.0239116215,-0.0859430507,-0.176187649,0.122336477
101745.068506,0.193462717,-0.12750249,-0.190311559,-0.0937860608,-0.197838351,0.127675846
101745.078534,0.219819393,-0.0360839976,-0.338923912,-0.0900548771,-0.222719431,0.134830669
101745.088561,0.21998306,0.0186881877,-0.411087231,-0.0831034929,-0.23532711,0.144916058
101745.098589,0.197361478,0.0515881484,-0.361436772,-0.0829538256,-0.242188469,0.151704192
101745.108617,0.165265381,0.125811469,-0.327039997,-0.0849482641,-0.244667873,0.152171582
101745.118644,0.104610714,0.202852915,-0.297010185,-0.0910410434,-0.241448119,0.144866258
101745.128672,0.0483013818,0.226527659,-0.266120541,-0.0837349296,-0.23753114,0.141783655
101745.138700,-0.000737666625,0.237714239,-0.296337401,-0.0671884418,-0.231213048,0.142638519
101745.148728,-0.0270844063,0.198814307,-0.272772401,-0.0588450246,-0.224250227,0.144035891
101745.158755,-0.0250485165,0.18811288,-0.229816471,-0.0572820157,-0.212712079,0.145828456
101745.168783,0.0118009124,0.244091957,-0.200760473,-0.0581414178,-0.215503603,0.146759495
101745.178811,0.0674275226,0.308169,-0.307349208,-0.0552020893,-0.240531981,0.141466469
101745.188839,0.0991781671,0.401958168,-0.438697122,-0.0415350124,-0.290911019,0.132940635
101745.198866,0.121949971,0.4181088,-0.501296494,-0.0295273513,-0.342031181,0.125188425
101745.208894,0.180830614,0.380538655,-0.368113766,-0.015420055,-0.375047445,0.118025854
101745.218922,0.215095288,0.355447761,-0.144469261,-0.00759116095,-0.390274346,0.115482002
101745.228950,0.220169522,0.299601371,0.0921148046,-0.00368590141,-0.390348107,0.109877385
101745.238977,0.155784436,0.221674958,0.293291457,-0.0141558526,-0.372572571,0.108608656
101745.249005,0.0111515086,0.166865802,0.444001658,-0.0258548521,-0.345914334,0.106699698
101745.259033,-0.0642366176,0.121787474,0.496266683,-0.0355828479,-0.31938526,0.108743675
101745.269060,-0.0699018037,0.11414485,0.512217116,-0.0462197773,-0.306178123,0.105125502
101745.279088,0.0136129303,0.199091955,0.425614353,-0.0517263971,-0.310832262,0.0941247866
101745.289116,0.165062552,0.327222953,0.296213482,-0.0393323116,-0.330704212,0.080781281
101745.299144,0.377299527,0.395324137,0.227523392,-0.0244191419,-0.351406306,0.0713030919
101745.309171,0.520675148,0.400151411,0.282623932,-0.0164485667,-0.362119406,0.0651586503
101745.319199,0.636208238,0.396502825,0.391733126,-0.020369539,-0.369537115,0.0620613918
101745.329227,0.641744829,0.33958676,0.531613306,-0.0409762822,-0.36309278,0.0579782352
101745.339255,0.520571688,0.255082722,0.701235713,-0.0781574696,-0.3354505,0.056949459
101745.349282,0.361694547,0.213923321,0.91314711,-0.115976222,-0.282655746,0.0631556883
101745.359310,0.162600546,0.203845287,0.984274656,-0.141691178,-0.212072924,0.0666793138
101745.369338,0.00839373434,0.286710033,0.946079074,-0.148941368,-0.136648461,0.0661557391
101745.379366,-0.12085107,0.480657611,0.850477011,-0.14621003,-0.0675306395,0.0559108257
101745.389393,-0.198804078,0.693828068,0.638746816,-0.132898495,-0.0191620439,0.0363171473
101745.399421,-0.276573546,0.899177622,0.368595412,-0.114068598,0.00536114257,0.0147945452
101745.409449,-0.298615867,1.06278179,0.128946698,-0.102020726,0.0106517784,-0.00601725932
101745.419476,-0.274842193,1.23358347,-0.0930360111,-0.0963117108,-0.0118700424,-0.0317529812
101745.429504,-0.234734639,1.42521313,-0.295066065,-0.095022738,-0.0693679526,-0.0647066757
101745.439532,-0.132241648,1.63923611,-0.489129086,-0.081050463,-0.146761551,-0.111179903
101745.449560,-0.0331733708,1.80243638,-0.617195494,-0.0484589636,-0.217964366,-0.152413622
101745.459587,0.0958972457,1.80537506,-0.564747514,-0.0148426825,-0.270442486,-0.178688109
101745.469615,0.247959446,1.6359245,-0.318431743,0.0270895883,-0.307240188,-0.188769504
101745.479643,0.378845588,1.46609634,-0.119876087,0.0719641224,-0.334393233,-0.192616969
101745.489671,0.427487746,1.36274147,0.0876291836,0.0797354877,-0.36762017,-0.21651271
101745.499698,0.354630015,1.26622084,0.324580329,0.0779357255,-0.387070835,-0.230345175
101745.509726,0.358190922,1.00823129,0.566374823,0.0659810603,-0.371136338,-0.229313463
101745.519754,0.390407431,0.748352562,0.842244605,0.0514444634,-0.34789148,-0.222518936
101745.529782,0.389844536,0.592303045,0.941855903,0.0309050996,-0.306554139,-0.221723989
101745.539809,0.425063149,0.440718399,1.11080026,-0.0205458403,-0.25089407,-0.233865336
101745.549837,0.407792281,0.31685821,1.25426093,-0.0639199466,-0.176190555,-0.232076228
101745.559865,0.605218056,0.0559644638,1.26006085,-0.082158871,-0.0872609392,-0.191407889
101745.569893,0.868126065,-0.222232884,1.14976216,-0.0649495274,-0.00331783295,-0.123275176
101745.579920,1.01141167,-0.336880716,0.960247592,-0.0693322867,0.0466350801,-0.050143443
101745.589948,1.07970312,-0.315060806,0.787225898,-0.109923124,0.0475432165,0.0217531174
101745.599976,1.09881114,-0.123783032,0.56092854,-0.182925701,0.0126547422,0.0791817904
101745.610003,1.01907943,0.0733133658,0.397020127,-0.270193219,-0.0465361439,0.127082735
101745.620031,0.870143835,0.31717356,0.249445885,-0.366617233,-0.109636553,0.147238344
101745.630059,0.563719925,0.625584552,0.208512402,-0.455163628,-0.157874659,0.134673804
101745.640087,0.252289,0.93084731,0.155536599,-0.512393057,-0.195999667,0.0958803445
101745.650114,0.00556464839,1.26713824,0.0769517223,-0.535899222,-0.211374909,0.027934581
101745.660142,-0.205028652,1.55225282,0.0127303022,-0.511778414,-0.218156904,-0.06316071
101745.670170,-0.34927521,1.70887985,-0.0910553587,-0.439400643,-0.204237357,-0.151139304
101745.680198,-0.386809114,1.72710962,-0.108258422,-0.366947204,-0.185274065,-0.246703386
101745.690225,-0.400869204,1.66855076,-0.0323678996,-0.268366307,-0.165129378,-0.321473479
101745.700253,-0.281256736,1.44589205,0.018572014,-0.167217046,-0.136338741,-0.372485012
101745.710281,-0.154058343,1.15451753,0.144150697,-0.0919545069,-0.121743545,-0.411262214
101745.720309,-0.208588974,0.848744196,0.269027369,-0.0697288364,-0.124007769,-0.453303695
101745.730336,-0.32825931,0.52592737,0.416738096,-0.102994114,-0.129995897,-0.494387448
101745.740364,-0.490285855,0.182066294,0.635312458,-0.185319081,-0.133660138,-0.550819039
101745.750392,-0.69227207,-0.0992170378,0.795816031,-0.280796081,-0.115838788,-0.615257442
101745.760420,-0.820454798,-0.400242596,0.87718294,-0.358076215,-0.0636107326,-0.674961805
101745.770447,-0.876169671,-0.706458709,0.875647693,-0.368533373,0.0323882326,-0.709851027
101745.780475,-0.777932,-1.0773263,0.777035343,-0.315501332,0.174661219,-0.712693453
101745.790503,-0.600164864,-1.40175393,0.699713911,-0.22223635,0.319211215,-0.69394505
101745.800531,-0.448403693,-1.52188823,0.475002946,-0.122088447,0.435968995,-0.679904342
101745.810558,-0.29731589,-1.50102532,0.156114691,-0.056394387,0.493690073,-0.66710037
101745.820586,-0.119441203,-1.43460727,-0.141307875,-0.0319955684,0.50244683,-0.656595826
101745.830614,0.0591050999,-1.37001906,-0.312162162,-0.0336123742,0.479364127,-0.632818878
101745.840642,0.337412923,-1.35632781,-0.445792633,-0.0482541658,0.444949955,-0.581525326
101745.850669,0.594703092,-1.37411905,-0.530741784,-0.073558189,0.409971476,-0.519105077
101745.860697,0.731630852,-1.31858085,-0.569635286,-0.104946211,0.380634099,-0.456578851
101745.870725,0.777939598,-1.22085361,-0.668431176,-0.141740456,0.338132977,-0.401956886
101745.880753,0.768812289,-0.981832524,-0.830088011,-0.179304063,0.276555359,-0.359845102
101745.890780,0.751671185,-0.659100161,-1.05867669,-0.228672683,0.198592648,-0.329422474
101745.900808,0.772992205,-0.399050902,-1.20767892,-0.274234325,0.104747914,-0.301565558
101745.910836,0.800105253,-0.0961705097,-1.38739164,-0.297656536,0.00797210541,-0.276194155
101745.920864,0.797287273,0.236636965,-1.55000329,-0.318271548,-0.0876100734,-0.25999254
101745.930891,0.670673402,0.568162291,-1.64092246,-0.320775717,-0.181001812,-0.252329022
101745.940919,0.56499769,0.819689367,-1.73292679,-0.296337217,-0.26508528,-0.248434424
101745.950947,0.479352958,0.979496336,-1.76406105,-0.237511978,-0.32707566,-0.246791005
101745.960975,0.289781988,1.12205918,-1.69416948,-0.160029441,-0.35385403,-0.271166652
101745.971002,0.0239051917,1.26718661,-1.56719116,-0.0603760779,-0.361556411,-0.322227418
101745.981030,-0.221047474,1.36379931,-1.55714264,0.0338715948,-0.371907324,-0.37170577
101745.991058,-0.336610959,1.31291128,-1.52286745,0.0853680745,-0.382511765,-0.406824082
101746.001086,-0.446112367,1.22784844,-1.37703508,0.0831589848,-0.402404249,-0.447412521
101746.011113,-0.605561171,1.17386272,-1.19140934,-0.0344874896,-0.440191299,-0.504377544
101746.021141,-0.828258165,1.2017396,-0.918831586,-0.289824188,-0.523548007,-0.587570131
101746.031169,-1.14608084,1.34052657,-0.978604794,-0.541229248,-0.640777946,-0.676416934
101746.041197,-1.197185,1.4798272,-1.38839176,-0.704443991,-0.762442589,-0.783672273
101746.051224,-1.25895786,1.88404206,-1.88235104,-0.652835131,-0.851964712,-0.862131119
101746.061252,-1.1387673,2.08502816,-2.36862532,-0.373724669,-0.843560874,-0.908388913
101746.071280,-0.918959596,2.23770075,-2.48221546,0.0523161143,-0.759280324,-0.940988123
101746.081308,-0.877985781,2.36997308,-2.38843944,0.485327899,-0.641248703,-0.988956511
101746.091335,-0.907773016,2.3706013,-2.02567405,0.832972944,-0.51983279,-1.0562098
101746.101363,-0.776686968,2.16307703,-1.49344583,1.02454007,-0.460812837,-1.15698576
101746.111391,-0.681546678,1.89649998,-1.06316933,1.09205627,-0.425001591,-1.23214257
101746.121419,-0.186523273,1.22695879,-0.568538723,1.06324637,-0.418989778,-1.26551163
101746.131446,0.27414895,0.60721281,-0.223110252,1.02383566,-0.420440137,-1.25209653
101746.141474,0.754350049,-0.109443869,0.0313522929,0.969108403,-0.424882561,-1.18348897
101746.151502,1.21422557,-0.772026137,0.291174319,0.916698456,-0.436918169,-1.07471454
101746.161530,1.51734985,-1.31951915,0.573981206,0.821391404,-0.431119144,-0.938872814
101746.171557,1.6523066,-1.78549649,1.01125356,0.695227861,-0.427753448,-0.787380755
101746.181585,1.7327941,-2.19796904,1.36139503,0.545125425,-0.409111559,-0.622520983
101746.191613,1.77352242,-2.50903069,1.66511991,0.382595927,-0.38477695,-0.457725674
101746.201641,1.81870654,-2.63255712,1.83803347,0.221456572,-0.379806429,-0.314564764
101746.211668,1.79758367,-2.55342455,1.84509595,0.0640847906,-0.372771144,-0.187563926
101746.221696,1.81710378,-2.41574801,1.91221046,-0.0695654154,-0.370629698,-0.0769841671
101746.231724,1.86217919,-2.14134787,1.79997028,-0.169740483,-0.382508993,0.0115321167
101746.241752,1.83042679,-1.76553975,1.4980957,-0.216675758,-0.410424769,0.06739299
101746.251779,1.77548992,-1.35667414,1.17111942,-0.182220325,-0.436271012,0.118204236
101746.261807,1.81774208,-1.08209732,0.828280085,-0.0644164607,-0.435890734,0.179332048
101746.271835,1.8281945,-0.959116396,0.649127633,0.0773169696,-0.409149915,0.244065225
101746.281863,1.71464236,-0.85917309,0.632557899,0.201581672,-0.381507635,0.281945765
101746.291890,1.47218443,-0.623793212,0.637747868,0.266414702,-0.356083781,0.283851773
101746.301918,1.15605629,-0.467501886,0.79019147,0.259404212,-0.335327625,0.268698663
101746.311946,0.86691026,-0.447015965,0.999737599,0.180137902,-0.30486241,0.25397405
101746.321974,0.599885463,-0.479167993,1.26571289,0.0465593264,-0.269408524,0.237067759
101746.332001,0.384014515,-0.422342127,1.37834003,-0.0744381994,-0.235890254,0.233200848
101746.342029,0.224791921,-0.443930237,1.28419722,-0.166938826,-0.162149459,0.256785274
101746.352057,0.0937555575,-0.481150691,1.31896049,-0.227298051,-0.0780534893,0.299895465
101746.362085,-0.0289361716,-0.422539622,1.19849345,-0.258874357,-0.00932369381,0.354444444
101746.372112,-0.0778437027,-0.185689124,0.92620796,-0.296114683,0.0251690373,0.394434214
101746.382140,-0.16536475,0.201935161,0.599879618,-0.320869297,0.0143366279,0.404752374
101746.392168,-0.237265618,0.565488286,0.189948571,-0.310716778,-0.0140108569,0.405761451
101746.402196,-0.24268589,0.776978644,-0.0629857407,-0.295795351,-0.05531542,0.389168888
101746.412223,-0.351065601,0.973411025,-0.155171857,-0.282575428,-0.110439926,0.358653307
101746.422251,-0.405494525,1.06182975,-0.18889877,-0.284917951,-0.160462871,0.32269904
101746.432279,-0.429921111,1.03586295,-0.0337014863,-0.293872565,-0.188017279,0.288846791
101746.442307,-0.448453377,0.997315486,0.155730368,-0.318305999,-0.187509671,0.246388823
101746.452334,-0.50657122,0.942016793,0.420870666,-0.327903509,-0.140618593,0.221394539
101746.462362,-0.518112604,0.774086211,0.622539778,-0.316687077,-0.0514999069,0.198154181
101746.472390,-0.541931871,0.733256334,0.69627283,-0.290122032,0.0448505953,0.165548593
101746.482418,-0.56741118,0.717662532,0.638436143,-0.25224337,0.152170658,0.147118449
101746.492445,-0.418456298,0.635802726,0.496712089,-0.176870555,0.219233856,0.129443318
101746.502473,-0.388383232,0.759153942,0.0895116364,-0.124831334,0.267698586,0.0778988898
101746.512501,-0.368438176,0.90559085,-0.137966747,-0.0825872123,0.246477991,0.0236918442
101746.522529,-0.284963774,0.914042963,-0.56634209,-0.0332039483,0.1862261,-0.0243526474
101746.532556,-0.0598988806,0.879807005,-0.771645467,-0.0229776725,0.102596983,-0.0583265945
101746.542584,0.0072393036,0.808655347,-0.7565309,-0.0382242724,-0.0125711523,-0.0598403364
101746.552612,0.186563605,0.673332611,-0.758852621,-0.0835291669,-0.122594059,-0.0477863327
101746.562640,0.176309922,0.661851725,-0.519693736,-0.13664031,-0.185292065,-0.0295346268
101746.572667,-0.0797206024,0.530510606,-0.295131824,-0.172505111,-0.208138794,-0.010154536
101746.582695,-0.262491245,0.554608178,-0.159437406,-0.210629851,-0.199269921,-0.0192178059
101746.592723,-0.609282821,0.68057776,-0.0639510786,-0.240242615,-0.169846788,-0.0672266111
101746.602751,-0.89745036,0.866591988,-0.129920219,-0.231968701,-0.123898476,-0.157518417
101746.612778,-1.03244744,0.969265742,-0.329553734,-0.154128492,-0.0741085485,-0.248244345
101746.622806,-0.951021206,0.933807767,-0.663448711,0.0107438043,-0.0571881533,-0.284276098
101746.632834,-0.194401459,0.611145108,-1.21030226,0.27390644,-0.175559267,-0.157884866
101746.642862,1.22025316,0.447027801,-1.68818982,0.341491103,-0.269295603,-0.0703286603
101746.652889,1.1979478,0.469643465,-0.898300254,0.368442267,-0.479493588,0.0215301551
101746.662917,1.46594057,0.600472177,-1.19354021,0.270512521,-0.724043727,0.102399707
101746.672945,1.52693893,0.601198847,-0.725628104,0.0580687076,-0.923067331,0.153110027
101746.682973,1.19015905,0.32775063,-0.196059163,-0.131615728,-1.16564178,0.254765809
101746.693001,1.28270757,0.24898762,-0.234389771,-0.38500461,-1.32543468,0.321486771
101746.703028,0.885161371,0.209072009,0.230993698,-0.519408226,-1.50286067,0.416360021
101746.713056,1.14807756,0.269815304,-0.173811676,-0.574215293,-1.65233743,0.533273876
101746.723084,1.34583126,0.532786003,-0.165032449,-0.56858933,-1.77259803,0.64784044
101746.733112,1.43215754,0.798224627,-0.214283971,-0.511000872,-1.89361501,0.758918464
101746.743139,1.40244571,1.14004243,-0.27211569,-0.495847493,-1.9607352,0.812473834
101746.753167,0.945723684,1.34432319,0.107494745,-0.453719765,-2.03356934,0.841897249
101746.763195,0.832677735,1.54267543,0.0200685362,-0.372122347,-2.05010462,0.861319661
101746.773223,0.622834961,1.69646957,0.309296251,-0.291349202,-1.99527371,0.848077655
101746.783250,0.455768669,1.93444027,0.684687899,-0.211068481,-1.95184767,0.805080116
101746.793278,0.128553899,2.12972932,0.819438315,-0.15571095,-1.87313247,0.740814269
101746.803306,0.0269774388,2.10427924,1.17785486,-0.11444021,-1.77524149,0.67145437
101746.813334,-0.0166541977,2.07584386,1.34742291,-0.0829651132,-1.71719027,0.621348858
101746.823361,-0.0815969177,1.96389564,1.50919168,-0.140938655,-1.65239394,0.553165019
101746.833389,-0.217860661,1.90992484,2.0298113,-0.276058137,-1.60664058,0.468783557
101746.843417,-0.273644507,2.05940024,2.38057879,-0.462074876,-1.59238887,0.342062891
101746.853445,-0.579617167,2.14476995,2.65521173,-0.620167613,-1.52354109,0.210454524
101746.863472,-0.667889909,2.10960087,2.91851312,-0.634186745,-1.38267982,0.120832242
101746.873500,-0.591151537,1.96166818,2.79997208,-0.503523529,-1.1408968,0.0638642982
101746.883528,-0.809603149,1.7632037,2.75797769,-0.270951807,-0.852983057,0.00801328197
101746.893556,-0.69542089,1.718236,2.54771815,-0.0365464799,-0.604658186,-0.0550594255
101746.903583,-0.506941222,1.76897995,2.3058956,0.114737846,-0.398094356,-0.163657814
101746.913611,-0.731143945,1.54157682,2.26649064,0.0825679228,-0.149930075,-0.340948969
101746.923639,-1.67746267,0.486705074,2.74460967,0.00216096919,0.173078075,-0.583681941
101746.933667,-1.81454884,-0.62363561,2.61703777,0.0723142251,0.41325286,-0.633678019
101746.943694,0.501034628,-0.86629052,1.48587218,0.227287039,0.469861269,-0.472460926
101746.953722,2.50853005,-0.882998786,0.583970101,0.238743424,0.388731539,-0.255113423
101746.963750,3.10151173,-1.06615185,0.384555819,0.0111858891,0.208080798,-0.0407244302
101746.973778,2.69047418,-1.58344583,0.588924509,-0.329200178,0.0863160118,0.0647045225
101746.983805,2.40001999,-1.90682979,0.78287121,-0.608286142,-0.0869005099,0.246339828
101746.993833,2.73685131,-1.98737355,0.217134648,-0.754610896,-0.198781505,0.436650366
101747.003861,2.75930222,-2.17779719,0.118785369,-0.780407608,-0.224291384,0.661763132
101747.013889,2.75822728,-2.30858192,0.0651098933,-0.759452224,-0.243499443,0.875590503
101747.023917,2.55930688,-2.20055935,-0.153155256,-0.748485863,-0.310794055,1.02329421
101747.033944,2.58743934,-1.74110308,-0.377921532,-0.794628859,-0.421814054,1.12444508
101747.043972,2.29970318,-1.70592889,-0.404267102,-0.862420142,-0.511148214,1.21062386
101747.054000,2.39376619,-1.66612236,-0.442607062,-0.853144884,-0.596427977,1.34062636
101747.064028,2.33170692,-1.70658326,-0.724178198,-0.826272011,-0.625449777,1.50102139
101747.074055,2.1731916,-1.59689568,-0.546929095,-0.818858325,-0.646321774,1.61706722
101747.084083,1.6860908,-1.06429424,-0.562584856,-0.825724304,-0.707961559,1.65361881
101747.094111,1.16245037,-0.43905105,-0.692390728,-0.820994794,-0.77380234,1.64557469
101747.104139,1.08275257,0.170555304,-0.857124048,-0.806840658,-0.841575801,1.65221202
101747.114166,0.636032881,0.391183968,-1.19291434,-0.850145519,-0.944985509,1.70310986
101747.124194,0.1108008,0.501190696,-1.86767501,-0.813593328,-1.10219753,1.73822629
101747.134222,-0.459767967,0.954958838,-2.96828399,-0.677410483,-1.24938333,1.70360363
101747.144250,-0.934174116,1.74375125,-3.62908482,-0.419158399,-1.42288697,1.6062417
101747.154277,-1.69579854,1.90188868,-4.39083871,-0.119769059,-1.53919065,1.40928018
101747.164305,-2.24849204,2.56405641,-3.91762703,0.312207401,-1.58345258,1.1468879
101747.174333,-2.44758078,3.48944926,-3.01439487,0.773872495,-1.51754761,0.88296628
101747.184361,-2.18398713,3.7737496,-1.75727636,1.10014856,-1.43007135,0.612819195
101747.194388,-2.26979904,3.6929301,-0.329376039,1.15315771,-1.32506263,0.34911564
101747.204416,-2.56493291,3.214145,1.11156643,1.08053708,-1.20385706,0.160921752
101747.214444,-2.7451486,2.23239899,1.80811004,0.958178937,-1.07619953,0.0270332061
101747.224472,-2.86326294,1.79069508,2.32514975,0.814611912,-0.946334124,-0.117763929
101747.234500,-2.64040053,1.88170456,2.63940275,0.762558579,-0.820269704,-0.218341932
101747.244527,-2.55681682,1.32932757,2.31794961,0.779141307,-0.678494453,-0.302478909
101747.254555,-2.81851779,0.68957947,1.87269912,0.839689612,-0.551891744,-0.396833897
101747.264583,-2.51358675,0.43930561,1.28562638,0.904277086,-0.474904299,-0.477843791
101747.274611,-1.6840064,0.348004459,0.642171822,0.948100209,-0.472674966,-0.531079352
101747.284638,-0.840689777,0.143693601,-0.0325467633,0.952888072,-0.524232149,-0.519755006
101747.294666,0.0855786808,-0.24370968,-0.437946888,0.869364679,-0.610897541,-0.47245276
101747.304694,0.548249968,-0.512026562,-0.477475181,0.702374876,-0.731224775,-0.494811594
101747.314722,0.60553136,-0.287191679,-0.252708687,0.513695538,-0.825817049,-0.509052336
101747.324749,1.22444126,-0.134652508,0.123495155,0.397052258,-0.845985711,-0.461300522
101747.334777,1.56440912,-0.108489893,0.459631774,0.369718641,-0.764526546,-0.407548338
101747.344805,1.43566409,-0.0040349546,0.757176796,0.414287418,-0.629560471,-0.372035623
101747.354833,1.26043027,0.110465577,0.694826139,0.445831239,-0.517476797,-0.34283191
101747.364860,0.900330299,0.00554302108,0.499577707,0.43470934,-0.462623149,-0.287017643
101747.374888,0.554111554,-0.191228967,0.0839870277,0.413264245,-0.454972684,-0.205772087
101747.384916,0.104220837,-0.135722768,-0.308479089,0.422975451,-0.468051732,-0.174680471
101747.394944,-0.452697591,0.302968509,-0.484893933,0.484238029,-0.490607113,-0.212767139
101747.404971,-0.798388512,0.865985838,-0.538415095,0.56638509,-0.501926601,-0.307897121
101747.414999,-0.816068546,1.37846599,-0.424487103,0.666227281,-0.503769755,-0.391773641
101747.425027,-0.34432957,1.53693777,-0.219347392,0.714321792,-0.504422784,-0.469176531
101747.435055,-0.377879373,1.48872669,0.13214754,0.788867414,-0.473472595,-0.519670606
101747.445083,-0.288262815,1.06985947,0.250710206,0.900710344,-0.418338776,-0.532485485
101747.455110,-0.365147902,0.563352553,0.242469909,0.977116942,-0.34626323,-0.541890681
101747.465138,-0.491913164,0.252687936,0.294443842,1.02124929,-0.309104413,-0.547515571
101747.475166,0.114323714,0.258871009,0.103430564,1.03297114,-0.336205006,-0.526914418
101747.485194,0.47869654,0.162838738,-0.0994397407,1.02923477,-0.397192746,-0.467496365
101747.495221,0.516267853,-0.199232825,-0.149921681,0.991789401,-0.443889946,-0.391699314
101747.505249,0.345069575,-0.298356631,0.05213643,0.932572424,-0.453203022,-0.338187367
101747.515277,0.334099268,-0.0442816248,0.458866927,0.859859824,-0.446385324,-0.315302819
101747.525305,0.440350735,0.275421454,0.951457552,0.735927522,-0.435778737,-0.311601311
101747.535332,0.513265749,0.669685268,1.5030466,0.574284792,-0.413584501,-0.35526675
101747.545360,0.88354926,1.38926036,2.22073865,0.459539592,-0.378920525,-0.452994913
101747.555388,0.833728706,1.91582018,2.85963891,0.368134856,-0.224199921,-0.578868389
101747.565416,0.731217595,1.77802733,3.79922686,0.330828488,0.0362367183,-0.666898131
101747.575444,0.776510442,1.25240888,4.06428708,0.195347339,0.205778882,-0.727106631
101747.585471,0.0901870514,0.990956326,4.13836559,-0.113672815,0.329661697,-0.791343153
101747.595499,0.151374218,1.17509124,4.45953202,-0.447155952,0.425618827,-0.814543545
101747.605527,0.384742829,1.42325206,4.34798829,-0.706634939,0.552435637,-0.850705266
101747.615555,-0.178386144,1.50007197,4.0843014,-0.858044446,0.726355255,-0.938417792
101747.625582,-0.58403849,1.60265205,3.57513461,-0.861719608,0.89738369,-1.02186632
101747.635610,-0.0516337411,1.62219759,2.77522079,-0.7825225,1.02503431,-1.06603432
101747.645638,0.548576716,1.24760937,1.97981159,-0.651829183,1.09201443,-1.09509718
101747.655667,0.983129578,0.607778554,1.16072486,-0.48549962,1.13039184,-1.11355877
101747.665694,0.71320263,-0.677031247,0.240817466,-0.301013142,1.14456069,-1.09642613
101747.675722,-0.195820678,-2.52624106,-0.807868873,-0.189001665,1.08014095,-0.998157859
101747.685750,-0.563605943,-3.92933968,-1.93716648,-0.270018995,0.837167501,-0.871211052
101747.695778,-0.663856708,-4.10277551,-2.32275643,-0.534640014,0.498000622,-0.776062965
101747.705805,-0.762062815,-3.49988619,-1.66290881,-0.830592275,0.284706473,-0.72382772
101747.715833,-0.930702056,-2.69982507,-0.468891477,-0.942395508,0.292373687,-0.669400692
101747.725861,-0.903158216,-2.0994318,0.50719695,-0.911243737,0.488486737,-0.615756392
101747.735888,-0.608590163,-1.54285357,1.4851275,-0.877588332,0.776317179,-0.558636665
101747.745917,0.0583358691,-1.04587377,2.2378197,-0.892434895,1.02538693,-0.48285082
101747.755944,1.26524147,-0.677072455,2.57814631,-1.05731785,1.21105826,-0.3768498
101747.765972,1.84869602,-0.584776887,2.58509628,-1.31396532,1.31813598,-0.30232656
101747.776000,1.63626148,-0.421928212,2.09486654,-1.6062957,1.40370834,-0.258948207
101747.786028,1.3610224,-0.129430682,1.55044197,-1.8515625,1.49711132,-0.256001681
101747.796055,0.923035467,0.319918913,0.826833247,-1.92600882,1.63204277,-0.258626759
101747.806082,0.754649908,0.455041523,-0.2442074,-1.80719268,1.83621395,-0.26443699
101747.816111,0.395666959,0.541224015,-2.14216386,-1.4348042,1.93979466,-0.261341333
101747.826139,-0.00585983194,0.538004469,-4.92617747,-1.21517801,1.80708933,-0.293808728
101747.836166,0.448164039,0.658361325,-5.58529253,-1.24869978,1.56199098,-0.324753851
101747.846194,1.25810329,0.415166609,-5.36076715,-1.37005448,1.31006181,-0.321485072
101747.856222,1.87488728,0.252956086,-5.17667432,-1.38157821,1.12759554,-0.280299306
101747.866250,1.96455586,0.23377047,-5.79087239,-1.27490294,0.96795857,-0.210915983
101747.876278,2.13823309,0.347350745,-6.28949177,-1.08438063,0.80943042,-0.147947937
101747.886305,1.97290809,0.318105288,-6.46007981,-0.968570113,0.645341873,-0.119824417
101747.896333,1.68709676,0.574785289,-6.27926732,-0.893593371,0.447370738,-0.126423195
101747.906361,1.46812259,0.789018407,-6.13098814,-0.856750369,0.257119834,-0.177612618
101747.916389,1.21079092,0.956268313,-5.66395749,-0.805431306,0.112850003,-0.253840268
101747.926416,1.07565998,0.971268752,-5.18573441,-0.694290102,0.0395012237,-0.310880899
101747.936444,1.09030108,0.740921389,-4.63324432,-0.553794265,0.0367507078,-0.334873587
101747.946472,1.19492933,0.463342757,-4.09623354,-0.401104301,0.0392615385,-0.337785751
101747.956500,1.31244395,0.176630313,-3.88732425,-0.279865235,0.00819656439,-0.317669302
101747.966527,1.46392806,-0.161537008,-3.59464128,-0.240654469,-0.0655812547,-0.294632971
101747.976555,1.50464585,-0.544423104,-3.25055545,-0.262057215,-0.172376409,-0.270346791
101747.986583,1.51765147,-0.807817946,-2.90826645,-0.320505619,-0.268734902,-0.241392925
101747.996611,1.57170104,-1.02339649,-2.37683084,-0.388402373,-0.338291883,-0.247062013
101748.006638,1.38584879,-0.920151582,-1.98023624,-0.385342926,-0.36829266,-0.241628364
101748.016666,1.31756085,-0.955014221,-1.69728907,-0.330942541,-0.342554271,-0.209533274
101748.026694,1.38413322,-1.08032322,-1.31905431,-0.259234786,-0.290541112,-0.144016311
101748.036722,1.45001176,-1.2111813,-1.11161217,-0.219844252,-0.249245614,-0.053164959
101748.046750,1.51278766,-1.35935914,-0.945070189,-0.221310064,-0.229529172,0.0425069705
101748.056777,1.62237616,-1.46940854,-0.822846662,-0.265934229,-0.239267021,0.136653975
101748.066805,1.67255853,-1.42464658,-0.837735676,-0.308093399,-0.286889404,0.194043487
101748.076833,1.49681677,-1.25415835,-1.03607784,-0.307528555,-0.34944278,0.214978874
101748.086860,1.34968735,-1.04578674,-1.14610948,-0.232029751,-0.394624889,0.214760393
101748.096888,1.1733067,-0.874567204,-1.13304205,-0.0831340179,-0.408291698,0.193678558
101748.106916,1.0098586,-0.749370799,-1.00577169,0.0952263996,-0.395387083,0.152911142
101748.116944,0.875613791,-0.653642188,-0.759986009,0.252120674,-0.366635591,0.0932408944
101748.126972,0.675344316,-0.654099868,-0.417333432,0.373121142,-0.322182119,0.046361804
101748.136999,0.685814272,-0.765475327,-0.117297177,0.443997443,-0.281985432,0.0294986665
101748.147027,0.790412127,-0.837185203,0.21014278,0.446046203,-0.246577621,0.0503221899
101748.157054,0.873097424,-0.985604078,0.508456814,0.459192634,-0.231925175,0.0886551961
101748.167083,0.915757001,-1.01098095,0.542528522,0.509139419,-0.23448208,0.130457237
101748.177111,0.89391634,-1.04369701,0.575750335,0.56665355,-0.233667687,0.167517781
101748.187138,0.765196437,-1.08922184,0.798811268,0.609507561,-0.205140173,0.187461928
101748.197166,0.459902992,-1.15603035,1.11968091,0.679365456,-0.16103822,0.178876162
101748.207194,0.156951142,-1.17383445,1.2661409,0.719709933,-0.102364533,0.15506804
101748.217222,-0.0124099842,-1.06767402,1.56795425,0.759289861,-0.0383677073,0.148768872
101748.227248,-0.0798088653,-1.1626814,1.75324769,0.765625238,0.0459956415,0.187838241
101748.237277,-0.0237257435,-1.29535808,2.01538004,0.735477984,0.121820368,0.276435226
101748.247305,0.0690431411,-1.38211399,2.19141582,0.628222108,0.188234285,0.387324721
101748.257333,0.132386025,-1.39333593,2.37729846,0.432055831,0.227007776,0.491833568
101748.267361,-0.0475572855,-1.18683049,2.45497294,0.229394853,0.248020649,0.581160724
101748.277388,-0.25346915,-1.00118867,2.38031576,0.014273759,0.279620379,0.648858547
101748.287416,-0.398174558,-0.604102935,2.31056359,-0.127280444,0.323071718,0.705566883
101748.297444,-0.578056493,-0.226561269,2.00544682,-0.204371765,0.393848151,0.731511891
101748.307472,-0.730828303,0.107042763,1.8206945,-0.210748971,0.46156621,0.734714866
101748.317499,-0.901622092,0.466039157,1.5074726,-0.196566835,0.528014779,0.703880012
101748.327527,-1.01017015,0.770670923,1.37737089,-0.195992932,0.555332422,0.612598538
101748.337555,-1.28030635,1.2150759,1.13915608,-0.14385888,0.570565701,0.498461366
101748.347583,-1.39218618,1.2808051,0.945372971,-0.122984231,0.625415087,0.374117315
101748.357611,-1.48270933,1.42425451,1.10108025,-0.0882827118,0.681961417,0.237437755
101748.367638,-1.52156776,1.53149952,0.930465325,-0.0665105656,0.737914205,0.120860003
101748.377666,-1.49330087,1.52995112,0.906829598,-0.0799781755,0.794964969,0.0397132225
101748.387694,-1.36277245,1.38370769,0.946179611,-0.117050178,0.839420855,-0.0111041535
101748.397722,-1.35156249,1.34593033,0.837770675,-0.16989927,0.869300425,-0.0386662707
101748.407749,-1.25327338,1.22718398,0.77421444,-0.260592699,0.902261615,-0.0505620763
101748.417777,-1.07894558,1.17762836,0.746994425,-0.353378296,0.918407559,-0.0635031834
101748.427805,-0.992365024,1.20788365,0.530893175,-0.418312281,0.937087238,-0.076479435
101748.437832,-0.824105137,1.23701272,0.313758491,-0.442271411,0.951730072,-0.117051363
101748.447861,-0.876111219,1.37921067,0.0443435796,-0.443871439,0.95552665,-0.205159649
101748.457888,-1.04816231,1.52843969,-0.16623861,-0.429463744,0.950612366,-0.326745182
101748.467916,-1.06591541,1.57264139,-0.341767611,-0.368752718,0.937664568,-0.449527562
101748.477944,-0.988837434,1.51712247,-0.572062806,-0.280597568,0.925974667,-0.540538967
101748.487972,-0.761077896,1.36308006,-0.650200523,-0.20118849,0.906185508,-0.594645619
101748.497999,-0.588081043,1.23033236,-0.721418085,-0.145622164,0.866584301,-0.631598592
101748.508026,-0.564041996,1.11604065,-0.754046682,-0.157103047,0.820327282,-0.666618884
101748.518055,-0.670550652,1.05244525,-0.624684389,-0.17663148,0.775692701,-0.71389693
101748.528083,-0.715375883,1.00169633,-0.597948284,-0.181138873,0.754235625,-0.746275365
101748.538111,-0.604707769,0.90185444,-0.548642036,-0.148552701,0.752449751,-0.754635572
101748.548138,-0.463311339,0.784884084,-0.550982681,-0.0942836106,0.741691351,-0.759830058
101748.558166,-0.392649072,0.720404378,-0.631953941,-0.0387481786,0.703085363,-0.780616581
101748.568194,-0.399836353,0.678886811,-0.73577555,0.021273613,0.634696186,-0.804591417
101748.578222,-0.371265508,0.60281063,-0.813450984,0.0661907569,0.544823587,-0.828789711
101748.588249,-0.342010187,0.515771229,-0.757157507,0.0963270813,0.448507935,-0.853171468
101748.598277,-0.379122067,0.431586852,-0.631796705,0.130164415,0.365007728,-0.865607381
101748.608305,-0.467725064,0.31117052,-0.443425904,0.167104319,0.311116785,-0.875956953
101748.618333,-0.525745876,0.231105269,-0.150961546,0.20221889,0.285244197,-0.871758461
101748.628361,-0.528076364,0.159348924,0.126216396,0.201154158,0.277557492,-0.852053463
101748.638388,-0.591486468,0.147438231,0.428891768,0.179927438,0.282962918,-0.824768841
101748.648416,-0.655704381,0.127633277,0.511188358,0.153526187,0.289840788,-0.796781719
101748.658443,-0.694763887,0.174737211,0.482709429,0.130797178,0.290963858,-0.76429379
101748.668471,-0.708918669,0.239367943,0.376431074,0.110779792,0.277195573,-0.728284895
101748.678499,-0.640871553,0.270640649,0.226679927,0.0829569474,0.250703245,-0.683778167
101748.688526,-0.551405802,0.315411007,0.19223639,0.0470514148,0.209593907,-0.636787236
101748.698554,-0.487519898,0.373919493,0.16826807,0.000475122302,0.160385609,-0.602882504
101748.708582,-0.502149311,0.486101446,0.111084732,-0.039733015,0.108332522,-0.583504558
101748.718610,-0.560953383,0.592757255,0.118614835,-0.0632508621,0.0769370496,-0.576052248
101748.728638,-0.662655515,0.691830026,0.182564452,-0.0637872219,0.0777506456,-0.578535378
101748.738665,-0.831482973,0.766326683,0.256858354,-0.0384656191,0.100941978,-0.587052405
101748.748693,-0.910799086,0.809838712,0.292676102,-0.0153512452,0.124698974,-0.596576154
101748.758721,-0.900835326,0.824144446,0.261066619,-0.00749225682,0.136613429,-0.608659208
101748.768749,-0.808741564,0.802152541,0.213474408,-0.01336719,0.134214729,-0.61093539
101748.778776,-0.61919982,0.751397482,0.125207511,-0.0189244077,0.12343131,-0.600030541
101748.788804,-0.365093541,0.679760087,0.0835783008,-0.0246249028,0.108627595,-0.571790099
101748.798832,-0.0946399392,0.604251805,0.0829290431,-0.0456963666,0.0834045336,-0.527105987
101748.808860,0.138937931,0.531639098,0.162326989,-0.090439871,0.0561827645,-0.47644493
101748.818888,0.243622878,0.5102266,0.212574245,-0.13062644,0.0250227172,-0.43271184
101748.828915,0.286030526,0.53960204,0.129615975,-0.143277511,-0.00723535335,-0.39511466
101748.838943,0.323231253,0.575109918,0.035793344,-0.139698759,-0.0287222695,-0.370082259
101748.848971,0.357834949,0.598652268,0.0703806733,-0.126110777,-0.0364265293,-0.356732905
101748.858999,0.377880542,0.650522667,0.132194886,-0.10464038,-0.029518554,-0.352615654
101748.869027,0.470434907,0.651113765,0.239442816,-0.0858110264,-0.00373276416,-0.357406169
101748.879054,0.616163813,0.648349926,0.418034273,-0.0755757019,0.0395180359,-0.363648862
101748.889082,0.836428028,0.598366437,0.619413755,-0.0759392232,0.0948239043,-0.358943611
101748.899110,1.22546475,0.591868818,0.687473292,-0.063401863,0.132798448,-0.340744078
101748.909138,1.60425481,0.591173457,0.57362947,-0.0564464815,0.155968487,-0.317147434
101748.919165,1.87733467,0.599707841,0.610249036,-0.0597453415,0.18193084,-0.277891636
101748.929193,2.22071439,0.615154636,0.738995828,-0.0645145252,0.211002439,-0.222091764
101748.939221,2.51745161,0.617189795,0.878090264,-0.0693284571,0.261219263,-0.15750052
101748.949249,2.68079567,0.605137831,1.09787123,-0.0926055536,0.327046752,-0.0925793052
101748.959277,2.79785436,0.64956807,1.34515555,-0.120139442,0.390325338,-0.0255121198
101748.969304,2.74229029,0.682603348,1.47813559,-0.157424226,0.468162328,0.0283559058
101748.979332,2.52298294,0.675209876,1.66105997,-0.181125566,0.566523254,0.0711896569
101748.989360,2.3917227,0.629133842,1.81293074,-0.190490037,0.677482545,0.11167343
101748.999388,2.19158825,0.521806563,1.85975868,-0.194127917,0.788707316,0.143106192
101749.009416,1.92446759,0.382837142,1.89990438,-0.213992164,0.893682718,0.158933625
101749.019443,1.63755152,0.20793146,2.01961855,-0.274433941,0.993340075,0.15707767
101749.029471,1.19182786,0.0073605919,2.18179357,-0.37365827,1.09060752,0.133289784
101749.039499,0.607637392,-0.186063035,2.34875917,-0.510583639,1.20090628,0.0824692026
101749.049527,-0.195759888,-0.310511764,2.43660186,-0.641212523,1.3240056,-0.00946231373
101749.059555,-1.09880646,-0.35680882,2.27066763,-0.727654994,1.45634949,-0.12491487
101749.069582,-1.76757315,-0.435919109,1.91001237,-0.755732179,1.59195793,-0.247120932
101749.079610,-2.23019768,-0.483228703,1.3681597,-0.725623012,1.7092222,-0.384354413
101749.089638,-2.56111948,-0.503368478,0.65261226,-0.649494231,1.79075766,-0.518397331
101749.099666,-2.6860096,-0.565089606,-0.135974112,-0.556989908,1.81550503,-0.638651848
101749.109694,-2.67895267,-0.673329104,-0.887391907,-0.449506581,1.79704773,-0.750679314
101749.119721,-2.70655379,-0.951713938,-1.59130736,-0.324872494,1.73613894,-0.833422124
101749.129749,-2.45853005,-1.17224835,-2.1468922,-0.17928201,1.64550221,-0.88138485
101749.139777,-2.22192319,-1.48366824,-2.57662568,-0.102114782,1.54233372,-0.897137463
101749.149805,-2.07088741,-1.72067418,-2.73519624,-0.0607300624,1.3986876,-0.882897019
101749.159833,-1.83247612,-1.81505167,-3.05244842,-0.00970975216,1.23013484,-0.845533907
101749.169860,-1.64618841,-1.97382579,-3.27502705,0.021204222,1.0738858,-0.779596984
101749.179888,-1.43487206,-2.00936209,-3.32259807,0.0940882862,0.912483871,-0.685555458
101749.189916,-1.23103583,-2.06111931,-3.48475672,0.139305025,0.761286378,-0.581735849
101749.199944,-1.14041857,-1.98563971,-3.37981779,0.192203939,0.626558423,-0.459147304
101749.209971,-0.901985665,-2.00984593,-3.17030323,0.210942194,0.502958715,-0.314919025
101749.219999,-0.634460517,-1.95918849,-2.75731367,0.199878365,0.394216478,-0.148075998
101749.230027,-0.263511236,-1.93516288,-2.35166629,0.151810437,0.284743518,0.0350661278
101749.240055,0.0950391676,-1.79703174,-2.01943428,0.067146413,0.152379096,0.206119642
101749.250083,0.239925777,-1.52249189,-1.77622408,-0.0267438628,0.0228575803,0.351293087
101749.260110,0.314051921,-1.25092638,-1.56402159,-0.0968180224,-0.0920450389,0.472866654
101749.270138,0.322671865,-0.955704688,-1.37266432,-0.109296262,-0.188179553,0.567444265
101749.280166,0.301401698,-0.571153436,-1.20390788,-0.108572416,-0.252085835,0.629161954
101749.290194,0.215216284,-0.250865835,-0.83853143,-0.0727915168,-0.290198892,0.66358757
101749.300222,0.0875146173,-0.00156783384,-0.592778846,-0.0295870528,-0.301254719,0.695771873
101749.310249,-0.0465507388,0.167071992,-0.240845815,-0.0189554486,-0.279540628,0.720559239
101749.320277,-0.230221545,0.301262728,0.112438631,-0.0263776779,-0.260579199,0.730185211
101749.330305,-0.29191257,0.525196279,0.217245159,-0.0517767817,-0.253033936,0.721521676
101749.340333,-0.402533337,0.733922762,0.279549932,-0.0844843909,-0.232015982,0.696674705
101749.350361,-0.475965653,0.850878797,0.331513928,-0.083358936,-0.207084,0.668863833
101749.360388,-0.356266676,0.987578228,0.206200033,-0.0445492268,-0.182017535,0.637723744
101749.370416,-0.197172093,1.10041375,0.11972645,-0.0004709801,-0.163962901,0.605606794
101749.380444,-0.0323842663,1.19177291,0.0177273799,0.0453055613,-0.169318512,0.573812127
101749.390472,0.122358552,1.28444988,-0.104416652,0.0787663162,-0.188963056,0.539469361
101749.400500,0.236779881,1.30518156,-0.102345107,0.106594488,-0.217316404,0.504445314
101749.410527,0.388555665,1.31401281,-0.0749804222,0.122179836,-0.252666682,0.47205624
101749.420555,0.525780362,1.29759534,0.00398848511,0.112732276,-0.296278089,0.432505369
101749.430583,0.506180759,1.29309949,0.0313841493,0.106720723,-0.356667906,0.376872212
101749.440611,0.499143115,1.36088562,-0.0312581848,0.121306054,-0.407523632,0.317200899
101749.450639,0.439404978,1.390877,0.0770478761,0.168780372,-0.420311868,0.247629791
101749.460666,0.373893518,1.40193966,0.28145898,0.243082553,-0.3954795,0.176790252
101749.470694,0.276592836,1.37714029,0.501128736,0.33191815,-0.347790271,0.101677909
101749.480722,0.251125217,1.31450936,0.687428722,0.40084821,-0.293874294,0.0380864218
101749.490750,0.265882641,1.20218909,0.828229232,0.430662036,-0.25437963,-0.0165757593
101749.500778,0.285776844,1.08581904,0.856447318,0.429290235,-0.232798159,-0.0555503257
101749.510805,0.417433969,0.902998203,0.842556155,0.415409058,-0.22116068,-0.0702413768
101749.520833,0.68073127,0.765292664,0.761851218,0.417780071,-0.22970356,-0.072816655
101749.530861,0.89422789,0.635124461,0.618146219,0.41204229,-0.253069073,-0.063633278
101749.540889,1.08486561,0.52021491,0.6746312,0.385210127,-0.282981187,-0.0440246947
101749.550917,1.20223176,0.367879738,0.846534411,0.349033505,-0.305681705,-0.021525776
101749.560944,1.2653689,0.201296625,1.05238373,0.304074794,-0.299299955,0.0205210093
101749.570972,1.3072949,0.0127357091,1.29311615,0.257272154,-0.279715866,0.0748337805
101749.581000,1.31581781,-0.0916050284,1.38315181,0.200756148,-0.260847121,0.127614975
101749.591028,1.19500064,-0.112682157,1.4167285,0.129321367,-0.225059271,0.173763037
101749.601056,0.988826913,-0.116247448,1.49563545,0.0647855252,-0.171799242,0.209672824
101749.611083,0.821584094,-0.0837326876,1.50754391,0.0118647823,-0.0947249755,0.232362166
101749.621111,0.6561153,-0.0227345405,1.53312551,-0.0322297104,-0.00543238129,0.247567475
101749.631139,0.505237341,0.0247367472,1.49357033,-0.0618845411,0.0872163251,0.260813236
101749.641167,0.427263874,0.0665047087,1.3205653,-0.0970222875,0.173039094,0.276556253
101749.651195,0.322261531,0.0797574273,1.12155868,-0.136980891,0.234948009,0.295536876
101749.661222,0.315111659,0.13836203,0.850752906,-0.203794539,0.263310641,0.323071301
101749.671250,0.294836348,0.203844118,0.567123011,-0.292214692,0.275417119,0.35873875
101749.681278,0.256545488,0.220990739,0.351391179,-0.377749026,0.282891005,0.405332088
101749.691306,0.262183202,0.27596305,0.126650696,-0.443234026,0.288388044,0.458224595
101749.701334,0.257017782,0.37942905,-0.117116559,-0.483824581,0.293367088,0.5075652
101749.711361,0.265409763,0.525935297,-0.36171179,-0.494717985,0.285675079,0.545728564
101749.721389,0.285946939,0.713460989,-0.696687841,-0.473047853,0.253549904,0.566616297
101749.731417,0.319847455,0.871570945,-1.07373456,-0.424774319,0.200343162,0.582098007
101749.741445,0.416561863,0.989494948,-1.38796652,-0.360075235,0.114296146,0.589011848
101749.751473,0.490939351,1.08826709,-1.62399032,-0.295957476,0.00293979794,0.593946695
101749.761500,0.54172612,1.13892592,-1.66137517,-0.25057295,-0.110193416,0.598074317
101749.771528,0.496724948,1.15084367,-1.43602357,-0.220117316,-0.215527028,0.596930504
101749.781556,0.415896677,1.15073538,-1.07886842,-0.198732674,-0.286818534,0.583914042
101749.791584,0.279447056,1.16906745,-0.669804218,-0.167808041,-0.320363432,0.566458106
101749.801612,0.147957103,1.16516153,-0.23297289,-0.137027219,-0.321166366,0.552558541
101749.811639,0.101160865,1.14724725,0.15710604,-0.113489673,-0.300464302,0.53576088
101749.821667,0.125573422,1.12702718,0.4516776,-0.0952861682,-0.275810897,0.519723058
101749.831695,0.128366852,1.12698173,0.68958327,-0.100071341,-0.249264225,0.498823404
101749.841723,0.131491122,1.11431594,0.944322001,-0.119858623,-0.217985123,0.477822512
101749.851751,0.143463299,1.08977267,1.1321435,-0.135941461,-0.18162632,0.45485568
101749.861778,0.146630823,1.03745139,1.25053841,-0.165986434,-0.135573596,0.429567903
101749.871806,0.187985747,1.03959797,1.46953596,-0.18746163,-0.0868966132,0.398588955
101749.881834,0.177338681,1.02229744,1.5127143,-0.208876908,-0.0405094102,0.356818348
101749.891862,0.0820680424,1.05919356,1.59880824,-0.241089985,0.0124462182,0.298671156
101749.901890,-0.0372837287,1.09434583,1.69465872,-0.264437646,0.0727481693,0.228959173
101749.911917,-0.112346861,1.0963853,1.73576435,-0.244867146,0.119157486,0.179158062
101749.921945,0.0037625674,1.02997652,1.5490625,-0.20713681,0.0797235221,0.17619583
101749.931973,-0.0842775351,1.15172725,1.42088153,-0.368775249,0.0966452509,-0.00422108825
101749.942001,-1.48998195,1.31462831,2.37231015,-0.50457114,0.241599247,-0.226813406
101749.952029,-1.61518537,1.14576468,2.57195418,-0.471168727,0.445754498,-0.369719982
101749.962056,-1.25130939,0.95095932,2.28455821,-0.370739847,0.691461742,-0.47938174
101749.972084,-1.11276426,0.694524818,2.15682031,-0.259272963,0.887187839,-0.568140924
101749.982112,-0.621914339,0.59600643,1.68611798,-0.188422501,0.993424833,-0.648975849
101749.992140,-0.0923176337,0.515681176,1.18127315,-0.153494343,1.03079534,-0.692036271
101750.002168,0.519858571,0.308907251,0.727143769,-0.141760722,1.00673985,-0.696469367
101750.012195,0.976217607,0.110195309,0.314721783,-0.145566911,0.954505086,-0.6821751
101750.022223,1.15897773,-0.106164994,0.107913262,-0.168852538,0.902012587,-0.641683877
101750.032251,1.11541799,-0.361167856,0.0640934097,-0.194471076,0.870991826,-0.566283405
101750.042279,1.14901981,-0.599596088,0.118472066,-0.22100015,0.860508859,-0.461799294
101750.052307,1.17896312,-0.841546321,0.172688517,-0.26382193,0.854807794,-0.327003926
101750.062334,1.13175362,-1.05899993,0.269510184,-0.349048674,0.843308032,-0.186686233
101750.072362,0.926990342,-1.19268404,0.367471669,-0.479426116,0.829059064,-0.0582981743
101750.082390,0.605282938,-1.26300334,0.387905093,-0.611848354,0.812824667,0.0545532778
101750.092418,0.347950099,-1.21977137,0.201086636,-0.704967022,0.785504937,0.15182811
101750.102446,0.0959013374,-1.08743356,-0.153594525,-0.757897615,0.760582805,0.233337358
101750.112473,-0.0885778626,-0.912261706,-0.476902642,-0.756615579,0.72410202,0.307338595
101750.122501,-0.178097975,-0.745625913,-0.912044118,-0.726496816,0.664342821,0.363696694
101750.132529,-0.26859833,-0.522755571,-1.26360481,-0.698632717,0.577462256,0.379079103
101750.142557,-0.382926135,-0.301797127,-1.509595,-0.655641794,0.47211054,0.361462831
101750.152585,-0.521114124,-0.133111636,-1.7061475,-0.585003078,0.374619395,0.32531786
101750.162612,-0.547941925,0.0459487543,-1.75709501,-0.479129642,0.296689183,0.294118136
101750.172640,-0.532264464,0.125868898,-1.67558227,-0.370545387,0.240970254,0.255792588
101750.182668,-0.661373074,0.211303494,-1.45066701,-0.287256092,0.202452958,0.209362775
101750.192696,-0.800003546,0.251182646,-1.17343471,-0.229905695,0.170531511,0.160520673
101750.202724,-0.847004951,0.265426495,-0.950978536,-0.193491772,0.1480214,0.118795581
101750.212751,-0.811182527,0.252913415,-0.746110628,-0.171318024,0.127005607,0.0870112926
101750.222779,-0.737479578,0.182806664,-0.609625936,-0.165705144,0.109605305,0.0651057288
101750.232807,-0.581042231,0.151171755,-0.470149076,-0.153040752,0.0758073926,0.0591620803
101750.242835,-0.365632471,0.123047484,-0.449503763,-0.138768598,0.0306913145,0.0543803796
101750.252863,-0.227685889,0.149806458,-0.412496513,-0.116954915,-0.0205052942,0.045206584
101750.262891,-0.21143092,0.185312655,-0.331170229,-0.0895089135,-0.058092881,0.0314217992
101750.272918,-0.178719906,0.206452474,-0.12893793,-0.0537101701,-0.0699511394,0.0153802484
101750.282946,-0.138573189,0.204684295,0.138334119,-0.0193098504,-0.0580052659,0.00521123409
101750.292974,-0.099321375,0.17964535,0.360384048,0.0219544992,-0.0354088768,0.000615417026
101750.303002,0.024193361,0.112843924,0.49722413,0.0509874821,-0.00266104937,0.0146215139
101750.313030,0.168619952,-0.020354002,0.644559302,0.0494881198,0.0173494108,0.0507630035
101750.323057,0.329895971,-0.131945587,0.733919255,0.0210197289,0.0211233757,0.092257984
101750.333085,0.531258502,-0.209529324,0.742833798,-0.0262367316,0.00279683294,0.145722806
101750.343113,0.755984956,-0.255387477,0.768263423,-0.0802456364,-0.0149685815,0.210561201
101750.353141,0.976636709,-0.279377206,0.829310305,-0.139685795,-0.025940273,0.273196876
101750.363169,0.996200657,-0.287102247,0.891097191,-0.19915098,-0.0111216456,0.330542207
101750.373196,0.866232214,-0.205336256,0.956542015,-0.239139408,0.0161355417,0.361174673
101750.383224,0.682265056,-0.081206384,0.861460178,-0.268552721,0.0603504069,0.367682904
101750.393252,0.48287061,0.0223302706,0.809028564,-0.275456429,0.113343321,0.357629746
101750.403280,0.381378321,0.12282237,0.697653763,-0.271465689,0.156884402,0.335120171
101750.413308,0.374589099,0.221029646,0.547474892,-0.261814117,0.192238122,0.311683297
101750.423335,0.441769369,0.262191824,0.433085712,-0.258746952,0.217557877,0.296467304
101750.433363,0.594386866,0.230326321,0.353604764,-0.25644359,0.224085003,0.288460791
101750.443391,0.747726247,0.227756324,0.320811332,-0.25245896,0.221820265,0.278984994
101750.453419,0.811673526,0.213972713,0.254949744,-0.241210282,0.222364068,0.269118249
101750.463447,0.805852272,0.252107214,0.17991876,-0.228643626,0.224799275,0.259019524
101750.473474,0.73617434,0.28206133,0.158819274,-0.224757552,0.241282374,0.240083411
101750.483502,0.624509032,0.337888285,0.217194306,-0.222908244,0.268920392,0.211893305
101750.493530,0.486864064,0.425680258,0.217754862,-0.224004671,0.30591172,0.172995716
101750.503558,0.356444955,0.441038425,0.197391289,-0.213672936,0.343511015,0.144096419
101750.513586,0.388825715,0.4043569,0.0965109937,-0.194160759,0.376440734,0.133321807
101750.523613,0.536023524,0.342856867,-0.060989014,-0.200013578,0.380780369,0.138301119
101750.533641,0.686772304,0.334672538,-0.186254393,-0.230791196,0.350510061,0.14181675
101750.543669,0.778624074,0.381359909,-0.35543081,-0.265222967,0.301165164,0.145903915
101750.553697,0.838683698,0.399364352,-0.453219569,-0.28842175,0.258211285,0.154805258
101750.563725,0.851249749,0.450335684,-0.467633294,-0.2834571,0.230777532,0.160048485
101750.573752,0.754731741,0.539835045,-0.507915035,-0.253231823,0.219108641,0.148218721
101750.583780,0.591518032,0.627131343,-0.53560676,-0.210969299,0.21184805,0.133397967
101750.593808,0.473882417,0.672506024,-0.521787493,-0.173230976,0.200472891,0.109169319
101750.603836,0.335395153,0.727445967,-0.476652467,-0.155446112,0.193011254,0.0737839043
101750.613864,0.176003048,0.731534844,-0.401160296,-0.147634268,0.192622691,0.0468425676
101750.623891,0.112737906,0.695677203,-0.296412219,-0.150810614,0.202184498,0.0236150101
101750.633919,0.0938116716,0.644316433,-0.135028648,-0.166301161,0.222531587,0.00934366137
101750.643947,0.086024671,0.585858253,0.0236906722,-0.191245928,0.24864468,0.00378697552
101750.653975,0.138513568,0.542400073,0.122481886,-0.225750908,0.269119352,0.00701179728
101750.664003,0.173157011,0.49707157,0.180531339,-0.260662556,0.284476995,0.017254049
101750.674031,0.217065711,0.460026034,0.107056938,-0.282456011,0.286792874,0.0337038636
101750.684058,0.23805823,0.441510426,-0.0347580096,-0.294740111,0.274458975,0.0438025668
101750.694086,0.195951027,0.460161058,-0.131172557,-0.299797982,0.250797302,0.0457458794
101750.704114,0.146654789,0.474142822,-0.217205412,-0.291656703,0.218652159,0.0424105376
101750.714142,0.101205289,0.475066366,-0.278447524,-0.275916606,0.184349835,0.0330838785
101750.724170,0.035593876,0.484118857,-0.274382174,-0.255509347,0.148569494,0.0177664421
101750.734197,-0.0428431164,0.471662549,-0.15114041,-0.243501678,0.126049519,-0.0107802488
101750.744225,-0.142718034,0.465173918,0.0879325505,-0.237946317,0.125210896,-0.0509801358
101750.754253,-0.312339272,0.444337028,0.386148604,-0.243037209,0.157131284,-0.102543458
101750.764281,-0.512908021,0.406954076,0.699748105,-0.248974741,0.221049279,-0.157529742
101750.774309,-0.70267013,0.349424701,0.882555573,-0.249444246,0.303145468,-0.213524565
101750.784336,-0.82979312,0.281997033,0.914365838,-0.238767102,0.386725068,-0.266952634
101750.794364,-0.880766936,0.221613583,0.796368405,-0.22864683,0.45233658,-0.312994957
101750.804392,-0.826648977,0.156013715,0.541791001,-0.217694849,0.483318448,-0.351154596
101750.814420,-0.656061524,0.121642512,0.169145437,-0.196736023,0.471042603,-0.382698417
101750.824448,-0.445993709,0.100192459,-0.199277541,-0.161849692,0.433507204,-0.41100356
101750.834475,-0.251962252,0.0412061629,-0.485375871,-0.10717126,0.391581595,-0.431832671
101750.844503,-0.150213358,-0.0125052613,-0.621655981,-0.0529676788,0.353226751,-0.447714686
101750.854531,-0.141884505,-0.0844201584,-0.648618807,-0.00367523055,0.310238004,-0.467325419
101750.864559,-0.134326637,-0.142469758,-0.658454556,0.0337610878,0.261890709,-0.478346646
101750.874587,-0.114881932,-0.247882436,-0.588443447,0.0531635508,0.201710194,-0.479980767
101750.884615,-0.0194026196,-0.330920638,-0.456764694,0.0547713004,0.148442715,-0.470778465
101750.894642,0.0436760601,-0.3884335,-0.260144974,0.0503981225,0.113807507,-0.457822978
101750.904670,0.0897322934,-0.393225265,-0.0434247157,0.056270659,0.102340199,-0.44091484
101750.914698,0.160384623,-0.418543392,0.143359839,0.0728445798,0.105581537,-0.413334608
101750.924726,0.206952898,-0.46769803,0.261215818,0.0856069773,0.116022192,-0.39135021
101750.934754,0.215139127,-0.441164389,0.362295435,0.0798167363,0.127540082,-0.376719087
101750.944781,0.194091078,-0.435508848,0.455316833,0.0610987023,0.139256686,-0.357977897
101750.954809,0.200202839,-0.427221496,0.496785739,0.03268544,0.146444291,-0.329268217
101750.964837,0.225500362,-0.396220939,0.500646506,-0.0120218433,0.149441391,-0.303406239
101750.974865,0.196194188,-0.299797039,0.50591714,-0.0588527322,0.137596458,-0.281646907
101750.984893,0.114294488,-0.21604309,0.40543432,-0.0985021368,0.137105107,-0.267828822
101750.994920,0.00487491256,-0.125343267,0.333476752,-0.116394855,0.149618238,-0.272261113
101751.004948,-0.102791097,-0.0471779308,0.295081847,-0.110274374,0.17942059,-0.287035257
101751.014976,-0.223706464,0.046005526,0.284578574,-0.0965598971,0.2319251,-0.328990698
101751.025004,-0.382648487,0.111755471,0.311903803,-0.0710089952,0.30290553,-0.389299601
101751.035032,-0.482234651,0.158899353,0.298730433,-0.0350379497,0.374981582,-0.449400216
101751.045059,-0.403317766,0.180252522,0.204741651,-0.00162512925,0.439700395,-0.483058304
101751.055087,-0.259937469,0.12581483,0.109504915,0.0241923537,0.485147506,-0.49556157
101751.065115,-0.187950676,0.0326734585,-0.047812137,0.0432728343,0.508250117,-0.497943252
101751.075143,-0.142560213,0.0061943246,-0.241020002,0.0529150777,0.509741783,-0.493114918
101751.085171,-0.128086866,-0.0221774181,-0.414079983,0.0542876683,0.504886806,-0.48538962
101751.095199,-0.131157944,-0.070311992,-0.471179588,0.0492649935,0.507985353,-0.477962941
101751.105226,-0.122767717,-0.114333358,-0.463458054,0.0441210978,0.528124452,-0.463424206
101751.115254,-0.0318120193,-0.193851132,-0.460828875,0.0479422025,0.543133795,-0.433972836
101751.125282,0.118110247,-0.249051918,-0.542826774,0.0438747555,0.536572814,-0.404796839
101751.135310,0.19327567,-0.278749867,-0.571844779,0.0112891169,0.512874424,-0.376283705
101751.145338,0.275227977,-0.277774812,-0.560184736,-0.0147973448,0.463756651,-0.346291453
101751.155365,0.407649073,-0.265166163,-0.650879153,-0.0599696152,0.410145372,-0.317609757
101751.165393,0.491937714,-0.211070343,-0.605821283,-0.0792074874,0.367587775,-0.292097718
101751.175421,0.607750205,-0.149822093,-0.572082095,-0.0538462102,0.345853478,-0.262303621
101751.185449,0.724347709,-0.11544658,-0.55052785,-0.00180111814,0.345531493,-0.223920003
101751.195477,0.63051441,-0.162378135,-0.399844537,0.0452974178,0.370434701,-0.182646871
101751.205504,0.50840428,-0.210886876,-0.143233582,0.0862816051,0.406881124,-0.131941885
101751.215532,0.334714185,-0.328246158,-0.00215688577,0.0934974402,0.440708339,-0.0790656134
101751.225560,0.119790747,-0.448963299,0.0693196199,0.0646921545,0.456384242,-0.0170190204
101751.235588,-0.000965630162,-0.535847218,0.0678676676,0.00952743646,0.445029587,0.0386045612
101751.245616,-0.0436018258,-0.575081569,-0.00123392571,-0.0529974587,0.411620229,0.0974441767
101751.255644,0.0283422974,-0.524869604,-0.186043965,-0.095259428,0.365996271,0.156637713
101751.265671,0.177044082,-0.468101715,-0.446520948,-0.108572565,0.304688454,0.21419102
101751.275699,0.259412568,-0.393639837,-0.729572166,-0.103282198,0.232057929,0.255078554
101751.285727,0.25761341,-0.24842173,-0.933822819,-0.098487176,0.152888268,0.267987669
101751.295755,0.137341017,-0.128716835,-0.983169326,-0.0839934573,0.0890704095,0.265702426
101751.305783,0.0403688353,-0.071966262,-0.925936449,-0.0669268519,0.0440928154,0.243772879
101751.315810,-0.113383803,0.0360367974,-0.853235955,0.0133181792,0.015265693,0.217613459
101751.325838,-0.273200855,-0.00643178661,-0.845800836,0.0860110298,0.0134219863,0.194946498
101751.335866,-0.373067589,0.0187782041,-0.596513941,0.172354162,0.00605195481,0.183932185
101751.345894,-0.458852021,-0.0436309789,-0.487216531,0.21777758,-0.00920556113,0.180706829
101751.355922,-0.485605004,-0.0404108478,-0.315064897,0.241196081,-0.039440427,0.186825186
101751.365949,-0.441025273,-0.0846755945,-0.207879365,0.247918427,-0.0777193755,0.209491342
101751.375977,-0.338977103,-0.122090329,-0.10361878,0.234606624,-0.116061434,0.234804422
101751.386005,-0.290142638,-0.100126189,0.0641863487,0.19841826,-0.148892358,0.257237315
101751.396033,-0.301823138,-0.112423141,0.225866272,0.145237058,-0.172641888,0.27290839
101751.406061,-0.298820449,-0.0669930767,0.403543391,0.0825419948,-0.189616352,0.274684191
101751.416089,-0.184642282,-0.00238448398,0.497818004,0.0283695664,-0.197707832,0.266875803
101751.426116,-0.00892331117,0.0779962629,0.612862434,-0.0120968996,-0.196009263,0.247447252
101751.436144,0.152298347,0.198169872,0.731962276,-0.01962246,-0.17989634,0.219652638
101751.446172,0.396513931,0.283489975,0.843737474,-0.000502560753,-0.152797073,0.19602187
101751.456200,0.664849226,0.282289148,0.9677964,0.0387231372,-0.122392304,0.185460314
101751.466228,0.905764599,0.278580064,1.11068219,0.0623837262,-0.0939936861,0.187175646
101751.476255,1.10154728,0.223726922,1.37838153,0.0455504172,-0.0729850754,0.203934923
101751.486283,1.26274381,0.184569947,1.70346571,-0.00375321507,-0.0504579246,0.232556179
101751.496311,1.41084529,0.147976466,2.03697345,-0.0834597573,-0.0165825188,0.270703584
101751.506339,1.49797704,0.13855463,2.36275614,-0.179295748,0.0382317305,0.311987907
101751.516367,1.53776486,0.177035168,2.61366566,-0.269322038,0.121652052,0.36056447
101751.526395,1.5370459,0.192752815,2.79378375,-0.348893017,0.234819353,0.41219759
101751.536422,1.56841485,0.216232037,2.87277896,-0.400624126,0.353832573,0.466406494
101751.546450,1.66392339,0.29011005,2.73259716,-0.419561595,0.450006753,0.513558269
101751.556478,1.7580396,0.406124055,2.45038707,-0.433785796,0.517710686,0.549349844
101751.566506,1.72134682,0.561229569,2.1669904,-0.436670274,0.553271651,0.566045463
101751.576534,1.66993462,0.725878864,1.88899238,-0.430291474,0.561294436,0.569366992
101751.586561,1.67934016,0.840618319,1.71455877,-0.428559363,0.572314322,0.561166584
101751.596589,1.55262283,0.927393955,1.73589148,-0.413975358,0.593750596,0.543515921
101751.606617,1.28666478,1.06058136,1.83933607,-0.420205802,0.667710066,0.510234654
101751.616645,0.954147229,1.15366252,2.08473181,-0.416029721,0.781678736,0.471916318
101751.626673,0.699087011,1.24125386,2.1532746,-0.400668055,0.914336383,0.435863763
101751.636701,0.55587681,1.36131305,2.10879307,-0.402027071,1.05011094,0.399924397
101751.646728,0.458521182,1.42391564,2.02903096,-0.420831114,1.16087258,0.361509115
101751.656756,0.48409986,1.44653269,1.79339148,-0.451032966,1.23528159,0.339027226
101751.666784,0.573584316,1.51942388,1.38669226,-0.492980152,1.26918185,0.320689768
101751.676812,0.576468347,1.60562084,0.979796634,-0.546181381,1.27199697,0.292354017
101751.686840,0.462045265,1.79965931,0.614451164,-0.601191103,1.26764226,0.247985467
101751.696868,0.209918177,1.9138952,0.363335884,-0.648776174,1.27959239,0.190104604
101751.706895,-0.041537879,2.0025549,0.171575295,-0.650491238,1.30064547,0.129760832
101751.716923,-0.120714292,2.02064307,-0.160763978,-0.630450666,1.31391168,0.0789735541
101751.726951,-0.156457221,1.98652658,-0.467232896,-0.609907329,1.30170214,0.0310624894
101751.736979,-0.13853461,1.91799606,-0.750507986,-0.597691178,1.24600434,-0.0205258708
101751.747007,-0.128377374,1.88544433,-1.10335521,-0.606651902,1.16653049,-0.0802627057
101751.757035,-0.272213598,1.8765634,-1.28959733,-0.606791973,1.09466994,-0.150850862
101751.767062,-0.493687188,1.84641463,-1.37949504,-0.589043081,1.06445181,-0.227860957
101751.777090,-0.714262953,1.73244426,-1.34273972,-0.533530831,1.05828691,-0.301876873
101751.787118,-0.861620044,1.62526516,-1.34586107,-0.452071875,1.07430577,-0.364952236
101751.797146,-0.899991276,1.43172587,-1.3477292,-0.377076447,1.08655071,-0.418098003
101751.807174,-0.960997826,1.19867524,-1.32636843,-0.336012363,1.07716358,-0.465348065
101751.817202,-0.943766413,1.03906715,-1.33783266,-0.340044945,1.03701806,-0.511521161
101751.827229,-0.846392372,0.879339533,-1.44645611,-0.333479166,0.960831702,-0.529456198
101751.837257,-0.689467534,0.755481975,-1.64219613,-0.38672483,0.891296804,-0.549398243
101751.847285,-0.668278031,0.759825557,-1.64174429,-0.414952457,0.817280352,-0.569385767
101751.857313,-0.618024931,0.768183928,-1.81298173,-0.432707757,0.754657745,-0.593496442
101751.867341,-0.636002194,0.834639975,-1.8805361,-0.412741244,0.712428272,-0.625083685
101751.877368,-0.653200289,0.783178668,-1.97516844,-0.354251832,0.690053463,-0.647727191
101751.887396,-0.556035215,0.751097477,-2.10770059,-0.25769946,0.66143167,-0.663496315
101751.897424,-0.48273617,0.699884299,-2.31426186,-0.153784797,0.620919645,-0.678409219
101751.907452,-0.426296783,0.56743573,-2.38161515,-0.0591554865,0.566178381,-0.700520396
101751.917480,-0.44268853,0.374974007,-2.41319862,0.00889919605,0.492725998,-0.705126584
101751.927508,-0.388415088,0.0988975966,-2.33897895,0.067434147,0.401542574,-0.689498901
101751.937535,-0.346029068,-0.18762685,-2.15004219,0.120064601,0.30482614,-0.655861318
101751.947563,-0.227617792,-0.53722647,-1.86799635,0.0873516649,0.231880024,-0.612040341
101751.957591,-0.168612061,-0.625741789,-1.28844056,0.0892763287,0.148938,-0.561495662
101751.967619,-0.16627222,-0.901641089,-1.18916068,0.0522091202,0.0901061147,-0.515479982
101751.977647,-0.188204358,-0.979196915,-0.659693743,0.0234541707,0.0593663082,-0.469157189
101751.987675,-0.222076817,-1.16167354,-0.332463776,-0.00971843023,0.0552285574,-0.418891102
101751.997702,-0.184376909,-1.28865099,-0.0034767362,-0.0389138646,0.0673326254,-0.364176184
101752.007730,-0.0744645816,-1.35289666,0.178005036,-0.0632993653,0.0788766295,-0.300815046
101752.017758,0.0743938545,-1.34099171,0.231298234,-0.0978972837,0.09174449,-0.246700436
101752.027786,0.141606273,-1.31563982,0.349704834,-0.144506335,0.108838521,-0.203078911
101752.037814,0.157151633,-1.25962889,0.434206825,-0.191255212,0.137032345,-0.172626734
101752.047842,0.204181679,-1.21744745,0.537263295,-0.233431682,0.183218747,-0.148727521
101752.057870,0.219831961,-1.22399351,0.665002371,-0.26851508,0.239964321,-0.133033246
101752.067897,0.242794903,-1.20367436,0.811793937,-0.303010762,0.313067287,-0.115982346
101752.077925,0.377541227,-1.2058368,1.04132692,-0.356710732,0.389685899,-0.102941647
101752.087953,0.424309408,-1.11857236,1.19679922,-0.404869735,0.442140847,-0.0997836739
101752.097981,0.528385869,-0.939919674,0.951293009,-0.410783768,0.464162022,-0.0964731574
101752.108009,0.784682058,-0.725692986,0.334972544,-0.340400428,0.445112705,-0.0892626494
101752.118036,0.980235026,-0.559744007,-0.333304318,-0.237313449,0.422738701,-0.081170097
101752.128064,1.06317605,-0.412589452,-0.73261694,-0.103717037,0.377032995,-0.0636313111
101752.138092,0.953509224,-0.382825305,-1.07343763,-0.00126282952,0.342865974,-0.0599931739
101752.148120,0.829140209,-0.264204771,-1.11046709,0.0950823426,0.301727057,-0.0663735718
101752.158148,0.583578764,-0.233501005,-1.19002753,0.15593797,0.268834621,-0.0886415988
101752.168176,0.406541989,-0.0613242373,-1.11914782,0.219166473,0.247963697,-0.107256293
101752.178204,0.238906664,-0.133097096,-1.03130821,0.269456804,0.242440835,-0.116622627
101752.188231,0.125847855,-0.215204301,-0.85879885,0.320655823,0.246067271,-0.10938549
101752.198259,0.107619832,-0.282908302,-0.77197806,0.359979779,0.240426153,-0.0799980462
101752.208287,0.0701370738,-0.385755221,-0.708004477,0.375316411,0.224926829,-0.0398181304
101752.218315,0.0317000834,-0.464376922,-0.622578941,0.354306996,0.192201376,0.0156712271
101752.228343,-0.0392833781,-0.494786381,-0.542217702,0.303293347,0.139907002,0.0721994787
101752.238371,-0.109639648,-0.52010144,-0.528238861,0.231681198,0.0743215978,0.135830656
101752.248398,-0.196052733,-0.465896679,-0.530204024,0.15068382,0.00341759855,0.191971436
101752.258426,-0.276469209,-0.353895856,-0.622633301,0.0823287368,-0.0647523999,0.249951109
101752.268454,-0.333417423,-0.201779587,-0.717289023,0.0364499278,-0.127039731,0.295298606
101752.278482,-0.370768664,0.00799509041,-0.767418789,0.00793679431,-0.178862721,0.326813132
101752.288510,-0.403161698,0.216930686,-0.749249511,-0.005948395,-0.218117982,0.343396366
101752.298538,-0.418437886,0.424776149,-0.712785282,-0.00728876423,-0.254836053,0.342412591
101752.308565,-0.382609617,0.633292935,-0.698913408,-0.00695347227,-0.297317207,0.332150638
101752.318593,-0.33773704,0.766500797,-0.660356591,-0.00881875027,-0.337564498,0.315122098
101752.328621,-0.289702493,0.851599586,-0.53872986,-0.00360161765,-0.364808649,0.291716635
101752.338649,-0.280424084,0.918047157,-0.410141474,0.0123144984,-0.380745798,0.262045026
101752.348677,-0.293376797,0.978835096,-0.303500132,0.0360619053,-0.38430962,0.23020564
101752.358705,-0.267110429,1.00704383,-0.176674664,0.0614399686,-0.379122585,0.194796771
101752.368732,-0.265235868,1.00002606,-0.086236268,0.0882010013,-0.371207416,0.15902333
101752.378760,-0.237968798,1.00934129,0.00221241535,0.11498601,-0.363933802,0.121272221
101752.388788,-0.231362532,0.963684873,0.082044077,0.137164548,-0.355523527,0.0837695897
101752.398816,-0.264544086,0.942996013,0.163598909,0.155421317,-0.344119072,0.0397302248
101752.408844,-0.245379367,0.921093685,0.229106862,0.176692247,-0.332642168,0.00413601194
101752.418872,-0.214829038,0.843148276,0.302793445,0.186998948,-0.316600084,-0.0229720399
101752.428899,-0.163030169,0.756456958,0.420842901,0.185854331,-0.300514609,-0.038680695
101752.438927,-0.0920426161,0.661542586,0.528793573,0.166210577,-0.283897817,-0.0445657484
101752.448955,-0.0456309936,0.621271365,0.659763301,0.132277653,-0.264506012,-0.0468946807
101752.458983,0.0365770418,0.605843787,0.762110746,0.0910138339,-0.252820849,-0.0454624332
101752.469011,0.145002053,0.589651069,0.748012078,0.0491817035,-0.242758617,-0.0449894555
101752.479039,0.189010706,0.622482203,0.687355072,0.0222614035,-0.234427452,-0.0457878709
101752.489066,0.220927355,0.670626348,0.575371784,0.0206949338,-0.216864958,-0.0543669797
101752.499094,0.215640939,0.685946959,0.458276852,0.0398393348,-0.194710657,-0.0701704472
101752.509122,0.176851189,0.716351596,0.346305839,0.0676645711,-0.178146869,-0.0919654816
101752.519150,0.162908881,0.697954646,0.290386968,0.0918300897,-0.163953811,-0.114149347
101752.529178,0.149108611,0.665176997,0.287285495,0.106347248,-0.161800385,-0.132389873
101752.539206,0.177204241,0.592446837,0.259652807,0.12571536,-0.160451755,-0.142920017
101752.549233,0.200609374,0.478103688,0.280363586,0.13769345,-0.154887617,-0.149160057
101752.559261,0.245963889,0.33290056,0.359405559,0.144854158,-0.147170037,-0.146848708
101752.569289,0.277284617,0.175659495,0.416689873,0.136613548,-0.13053754,-0.135367289
101752.579317,0.311098332,0.0345614642,0.519857987,0.122006103,-0.109553427,-0.123162016
101752.589345,0.332197234,-0.0320627792,0.508055321,0.108233035,-0.107972041,-0.1157033
101752.599373,0.305655848,-0.0879619227,0.400083606,0.0914492607,-0.116154604,-0.105021641
101752.609400,0.287474587,-0.129922557,0.3308692,0.0701836571,-0.126388863,-0.0946906954
101752.619428,0.263713773,-0.154815006,0.346706821,0.0630975142,-0.138850316,-0.085874036
101752.629456,0.29280192,-0.1641865,0.286855286,0.0635640994,-0.146646723,-0.0744599998
101752.639484,0.311804726,-0.173304895,0.322715704,0.0649979487,-0.139914259,-0.0686772019
101752.649512,0.283014101,-0.173755561,0.442545614,0.0566108562,-0.116616398,-0.0687176883
101752.659540,0.206371883,-0.174888803,0.567899841,0.0709216148,-0.0902819932,-0.0646079034
101752.669567,0.194585584,-0.256939018,0.47249827,0.0756585822,-0.0706315935,-0.059466403
101752.679595,0.158087452,-0.147659436,0.514974306,0.0647614598,-0.0465390421,-0.0704292953
101752.689623,0.0425400418,-0.093805388,0.516933624,0.0578694679,-0.0244292133,-0.0927777439
101752.699651,0.03656389,-0.0273129543,0.406868152,0.0717096478,0.00626078947,-0.105380625
101752.709679,0.0930827728,0.00820186503,0.301968684,0.0982155576,0.0445895344,-0.1121099
101752.719707,0.162282566,0.0464862952,0.212985748,0.127688766,0.0792870596,-0.109423846
101752.729735,0.242800748,0.0783478528,0.0898188026,0.153162166,0.103705585,-0.102570996
101752.739762,0.326646322,0.0781545222,-0.0491974539,0.172439456,0.106797516,-0.0784645975
101752.749790,0.381024393,0.0557454142,-0.150606741,0.16940558,0.0962146446,-0.0438943654
101752.759818,0.40307402,-0.00459112718,-0.172372583,0.148996174,0.0716485828,-0.000239029527
101752.769846,0.432868854,-0.0542032994,-0.2403139,0.11860019,0.0362314694,0.0544726849
101752.779874,0.505484593,-0.0954128232,-0.307485987,0.0839005336,-0.0133637786,0.116388246
101752.789901,0.5063567,-0.0890400733,-0.410076592,0.0341745242,-0.074371472,0.165273234
101752.799929,0.382553795,-0.00526201218,-0.40304421,-0.0115258535,-0.135334954,0.194499835
101752.809957,0.254724118,0.0742168905,-0.360541285,-0.0408049114,-0.182279825,0.209167719
101752.819985,0.18306378,0.126312696,-0.22388299,-0.0604984537,-0.191061869,0.226124346
101752.830013,0.139880472,0.153082045,0.00793430013,-0.071961768,-0.190502331,0.23852402
101752.840041,0.110689449,0.187464207,0.123943775,-0.0820873752,-0.193236068,0.243745148
101752.850069,0.0408700628,0.287485693,0.150303959,-0.0975883007,-0.197635606,0.234505042
101752.860096,-0.0804188138,0.395472313,0.207669521,-0.113073789,-0.191060796,0.214997917
101752.870124,-0.156420104,0.458433942,0.283159939,-0.113802426,-0.172537446,0.196603462
101752.880152,-0.122458213,0.528542228,0.328700624,-0.0995933935,-0.14607574,0.180217564
101752.890180,-0.0561143937,0.579585602,0.336770533,-0.0784372464,-0.122469492,0.164190397
101752.900208,-0.0460588636,0.618049627,0.304325477,-0.0584701933,-0.104370385,0.141323969
101752.910236,-0.0624617169,0.673295275,0.295572846,-0.0370282829,-0.0924889594,0.103589624
101752.920263,-0.139131407,0.76333152,0.254396201,-0.00410096021,-0.0753848031,0.0628645718
101752.930291,-0.248323896,0.76626465,0.223595989,0.0391772725,-0.0528760329,0.018957302
101752.940319,-0.269819688,0.769028562,0.28329321,0.0774405003,-0.0253573246,-0.0256570391
101752.950347,-0.344680868,0.759421214,0.348179816,0.108256206,0.00401334791,-0.0753843784
101752.960375,-0.399646384,0.701994715,0.395764574,0.135320306,0.0419005416,-0.120171294
101752.970403,-0.410195835,0.594572013,0.49928983,0.154201597,0.0886009336,-0.165290564
101752.980430,-0.367004343,0.535739739,0.618375059,0.171251953,0.137761831,-0.204945028
101752.990458,-0.311089856,0.479674153,0.625705548,0.192260832,0.180249631,-0.243690833
101753.000486,-0.285668999,0.40301323,0.614294512,0.177469626,0.233971447,-0.268053174
101753.010514,-0.31371319,0.300299436,0.699346539,0.179794833,0.271555036,-0.295869619
101753.020542,-0.30592239,0.215411952,0.50696811,0.183671072,0.295458227,-0.312776983
101753.030570,-0.159427469,0.171854696,0.375572265,0.178591356,0.31080842,-0.315051317
101753.040597,-0.0478325953,0.0876081408,0.1884709,0.188681811,0.297105402,-0.303414643
101753.050625,0.120976157,0.0860261323,-0.148174545,0.201572299,0.255681515,-0.291828275
101753.060653,0.29288463,0.16632132,-0.334211496,0.214564532,0.215816945,-0.294201434
101753.070681,0.347984293,0.245083599,-0.417181456,0.242673397,0.183221728,-0.303783745
101753.080709,0.233596574,0.264772634,-0.425261302,0.286821693,0.173152849,-0.317905158
101753.090737,0.050295186,0.244659674,-0.324991248,0.338026822,0.192512691,-0.333599418
101753.100764,-0.0550128622,0.22016733,-0.125725982,0.375742376,0.224779099,-0.347525716
101753.110792,-0.176833654,0.212328599,0.0775678083,0.385171026,0.264784306,-0.367305815
101753.120820,-0.256623814,0.157142573,0.291183671,0.370731354,0.310106248,-0.375805825
101753.130848,-0.227661631,0.0773990276,0.399648722,0.353212029,0.339384258,-0.3670789
101753.140876,-0.10699264,-0.020495091,0.351700976,0.333429277,0.360691935,-0.345985085
101753.150904,0.00512128854,-0.0668431468,0.275761061,0.317497164,0.361816585,-0.320266664
101753.160931,0.0669701342,-0.0706358171,0.153654438,0.308413118,0.343285769,-0.308017462
101753.170959,0.079301208,-0.00612330519,-0.00756605134,0.303828776,0.31374678,-0.314584821
101753.180987,0.0472366752,0.0690478173,-0.0225064308,0.306237072,0.295189619,-0.329607695
101753.191015,0.0173532859,0.0623337066,0.0180184718,0.323228836,0.285477072,-0.33577612
101753.201043,0.0628033699,-0.0103540746,0.0922930838,0.326162308,0.29192698,-0.339082956
101753.211071,0.0791357883,-0.0397356519,0.319323139,0.317793846,0.296123594,-0.348574996
101753.221098,0.0249766203,-0.0315568755,0.447170936,0.288441032,0.299298078,-0.363973141
101753.231126,0.0287009016,-0.0378913392,0.5515116,0.264454722,0.307900101,-0.375116855
101753.241154,0.0379600206,-0.0797378458,0.606769377,0.24645336,0.328900725,-0.382656544
101753.251182,0.0739388042,-0.126038848,0.702465548,0.234822005,0.362642705,-0.386478722
101753.261210,0.105718675,-0.108414051,0.801595784,0.232935414,0.410989732,-0.398609132
101753.271238,0.128112585,-0.103247609,0.872737359,0.246356949,0.475604653,-0.412843466
101753.281265,0.145696173,-0.0873219443,0.914383374,0.274807245,0.55979383,-0.419305623
101753.291293,0.205301039,-0.121045716,0.829046101,0.31211254,0.631487727,-0.411647171
101753.301321,0.307212138,-0.161849727,0.588414805,0.336832523,0.664721608,-0.400185466
101753.311349,0.401475061,-0.164074929,0.264158886,0.347211927,0.650606036,-0.375141382
101753.321377,0.496219921,-0.163269604,-0.0593956073,0.328336507,0.608231425,-0.348382711
101753.331405,0.534455252,-0.159336356,-0.155139124,0.292987823,0.563207746,-0.323634237
101753.341432,0.458469744,-0.178533663,-0.240783271,0.263468027,0.508313358,-0.299615979
101753.351460,0.346603653,-0.193712235,-0.332707522,0.232682943,0.48692444,-0.258831263
101753.361488,0.370440163,-0.291448606,-0.250376444,0.202157259,0.448318988,-0.216211379
101753.371516,0.165540399,-0.25567667,-0.378317765,0.181920961,0.417728841,-0.164773494
101753.381544,0.0927922655,-0.314711262,-0.371964596,0.156039566,0.384576768,-0.119435571
101753.391572,0.0545455369,-0.23552082,-0.426502242,0.153602511,0.341944069,-0.0785280839
101753.401599,0.0904828195,-0.147856492,-0.616512773,0.147954747,0.285108209,-0.0512117743
101753.411627,0.146091017,-0.0305652341,-0.695093557,0.177464172,0.226579934,-0.0153978504
101753.421655,0.304153335,-0.0182223968,-0.670386402,0.183722332,0.164277673,-0.00225541648
101753.431683,0.318881825,0.136386566,-0.542939587,0.207935259,0.106804788,0.00619452726
101753.441711,0.41412353,0.151607552,-0.427068059,0.236744538,0.0762399584,0.0128641482
101753.451739,0.453299648,0.172696664,-0.151502813,0.268264651,0.0852715299,0.013646584
101753.461767,0.364452905,0.193995764,0.213279763,0.286626339,0.125404313,0.00327383867
101753.471794,0.174491182,0.254279407,0.516034044,0.307611793,0.183224469,-0.0270883292
101753.481822,-0.0463429412,0.26890725,0.662910367,0.337008297,0.254701316,-0.0599056631
101753.491850,-0.158896723,0.232572492,0.765631906,0.355241358,0.336309373,-0.0803411603
101753.501878,-0.196031106,0.181165947,0.819645235,0.356830984,0.391809374,-0.0843449607
101753.511906,-0.186941791,0.120891219,0.618248803,0.335060447,0.401987433,-0.0768470988
101753.521934,-0.103598322,0.106856922,0.34487376,0.291722834,0.362614453,-0.064011462
101753.531961,-0.0574620089,0.122495549,0.13274609,0.22746022,0.297709495,-0.0517697074
101753.541989,0.00181289464,0.13975374,-0.00742050539,0.164461285,0.225109607,-0.036424838
101753.552017,0.0620627807,0.208622183,-0.0252016613,0.123927437,0.164421216,-0.0226203427
101753.562045,0.118087743,0.294231733,-0.0169394444,0.107013971,0.135992244,-0.0102768578
101753.572073,0.154278123,0.364940689,0.0988911669,0.115957133,0.135728329,-0.00933063589
101753.582101,0.0735860452,0.494185968,0.1695698,0.144435644,0.148547977,-0.0282547921
101753.592128,-0.0117059276,0.646134881,0.244672095,0.176002353,0.18556805,-0.0598302931
101753.602156,-0.0165180041,0.767527072,0.372486574,0.220794067,0.225431845,-0.10395515
101753.612184,-0.0267535669,0.898437179,0.350170697,0.262932211,0.263244212,-0.142445266
101753.622212,0.0334139016,0.876298485,0.327911519,0.318727285,0.287520528,-0.16234681
101753.632240,0.141494337,0.829419318,0.277673032,0.358623832,0.301752448,-0.176962256
101753.642268,0.122103992,0.758695896,0.383865462,0.368090302,0.315839499,-0.187363744
101753.652295,0.136722593,0.656439709,0.563268089,0.36146009,0.331550837,-0.183581531
101753.662324,0.156286248,0.516824793,0.704689069,0.342883229,0.344682336,-0.179529786
101753.672352,0.0456967523,0.447466668,0.860529034,0.29825744,0.372260422,-0.181487501
101753.682380,-0.0267640883,0.390922322,1.03739542,0.231692255,0.39410314,-0.194242686
101753.692408,-0.0534936898,0.402372082,1.05294312,0.176034585,0.406395763,-0.205731571
101753.702436,0.0203834473,0.439790434,0.929489173,0.143221244,0.407224,-0.214283794
101753.712463,0.131953186,0.523391093,0.707869452,0.138589203,0.411523432,-0.224878103
101753.722491,0.145684774,0.60518072,0.56095046,0.142375961,0.42150414,-0.238766491
101753.732519,0.164343882,0.690826109,0.556760607,0.173706979,0.438816816,-0.248953074
101753.742547,0.219028243,0.698393549,0.480082441,0.206855342,0.459172964,-0.251132071
101753.752575,0.280621945,0.698894776,0.447004347,0.245733768,0.467688411,-0.253226638
101753.762603,0.294793678,0.665105831,0.328674905,0.24595055,0.473362297,-0.252284676
101753.772630,0.340560573,0.590147219,0.446721439,0.234819606,0.48325035,-0.247620165
101753.782658,0.346524596,0.475560361,0.341235111,0.202658206,0.475591362,-0.23345536
101753.792686,0.312805866,0.435352561,0.257930805,0.156937316,0.459935158,-0.214709103
101753.802714,0.332288273,0.37086628,0.146906717,0.114214621,0.432043076,-0.186561882
101753.812742,0.300493059,0.32155057,-0.0558954902,0.0784193426,0.407613099,-0.157752335
101753.822770,0.204297122,0.245277368,-0.170012283,0.0586203374,0.382237703,-0.122379698
101753.832797,0.112558458,0.220193962,-0.348862538,0.0707393214,0.342341423,-0.0931983739
101753.842825,0.0178857853,0.198053187,-0.561727874,0.0648633242,0.314901263,-0.0602500066
101753.852853,-0.00355842313,0.157197408,-0.455000607,0.0695789829,0.285827011,-0.0378104821
101753.862881,-0.0837066033,0.160825572,-0.533961915,0.0667341948,0.271558046,-0.0131096616
101753.872909,-0.129945646,0.0930416736,-0.505412697,0.0722357482,0.255524755,0.014692408
101753.882937,-0.135829297,0.0410340942,-0.611663579,0.0806393549,0.225485638,0.0457746945
101753.892964,-0.152348762,0.0142016534,-0.746485891,0.079181008,0.186549425,0.0714054853
101753.902992,-0.214877992,-0.00096811438,-0.880878579,0.0789098963,0.139679924,0.0973265693
101753.913020,-0.235335089,-0.0580694733,-0.9866975,0.0765852258,0.0829758868,0.124638349
101753.923048,-0.231118348,-0.0945061567,-0.985824224,0.0614744499,0.0186088849,0.151497126
101753.933076,-0.233489315,-0.0975287559,-0.937761912,0.0390716717,-0.0561652184,0.164029151
101753.943104,-0.194896257,-0.0242564528,-0.899537687,0.0199914537,-0.130680725,0.157263935
101753.953132,-0.173114341,0.104311475,-0.781347946,0.0242953878,-0.189770147,0.135680348
101753.963159,-0.168376353,0.202972888,-0.636366059,0.0424845107,-0.203025505,0.121091016
101753.973187,-0.0410096174,0.138895407,-0.291973945,0.0936651379,-0.187208191,0.112353988
101753.983215,-0.00631342093,0.133896539,-0.129553432,0.155601218,-0.15693976,0.113614991
101753.993243,0.101450204,0.0865419364,0.0961935983,0.194489226,-0.121511735,0.116108246
101754.003271,0.178687903,0.0432989339,0.318978856,0.214083433,-0.0924201682,0.12234617
101754.013299,0.192675658,-0.0184871122,0.496906735,0.205321893,-0.0705319121,0.123663634
101754.023326,0.191446263,-0.0860884204,0.703966015,0.167080507,-0.0608955249,0.124454327
101754.033354,0.20836481,-0.137612162,0.819451759,0.12505582,-0.058787901,0.13022007
101754.043382,0.269583687,-0.170787323,0.887984612,0.0793107003,-0.0605562404,0.128210187
101754.053410,0.247968506,-0.142474032,0.928712344,0.0408884808,-0.0595298558,0.119330667
101754.063438,0.23834903,-0.152476517,1.0220903,0.00593662122,-0.0235646665,0.112120159
101754.073466,0.288184781,-0.149522599,1.18331021,-0.00883380324,0.0153457141,0.104281679
101754.083493,0.234802151,-0.155087174,1.1446435,-0.00709928572,0.0748039782,0.100754857
101754.093521,0.339478185,-0.147765088,1.16121469,-3.63703293e-07,0.141887948,0.098722063
101754.103549,0.337945422,-0.116888815,1.108008,0.0110118482,0.206526324,0.0901258141
101754.113577,0.348890448,-0.111151879,1.00114922,0.0087846471,0.266804844,0.0773133487
101754.123605,0.345471434,-0.0771775304,0.904578604,-0.00564116333,0.320327729,0.062494725
101754.133633,0.342239028,-0.0954440586,0.756523885,-0.0163318906,0.368916303,0.0603173226
101754.143660,0.419507561,-0.132829202,0.520340802,-0.0152455885,0.402661771,0.0712647811
101754.153688,0.498912229,-0.128489565,0.206480019,-0.00598897226,0.421478599,0.10037712
101754.163716,0.553649197,-0.249114462,-0.0807230575,-0.000441874232,0.41819331,0.129328087
101754.173744,0.428589277,-0.25571649,-0.39852644,0.0106627084,0.395487994,0.16552949
101754.183772,0.338364086,-0.375602441,-0.573741552,0.0024015829,0.367292315,0.199943393
101754.193800,0.266043823,-0.365997285,-0.587803396,-0.0217303839,0.355271876,0.218247831
101754.203827,0.127744629,-0.368714362,-0.577370264,-0.042951785,0.360923886,0.239880949
101754.213855,0.00760740626,-0.451036233,-0.688978289,-0.0429371372,0.371476412,0.26752618
101754.223883,-0.0764930187,-0.451150069,-0.879931069,-0.0414455011,0.387290001,0.278015047
101754.233911,-0.2814337,-0.405823757,-1.04684363,-0.0418921113,0.400347471,0.270276159
101754.243939,-0.412573962,-0.395167741,-1.26374042,-0.0327588022,0.405906022,0.262692004
101754.253967,-0.387918098,-0.457475144,-1.574021,0.00236962503,0.388695598,0.285111576
101754.263994,-0.201514798,-0.59258705,-1.92672619,0.030480355,0.339897186,0.367169678
101754.274022,0.130457979,-0.764893801,-2.16509655,0.0188490003,0.230417803,0.490076691
101754.284050,0.383684552,-0.793200515,-2.36216168,-0.0563213862,0.0512389988,0.612822056
101754.294078,0.471708727,-0.612137005,-2.50844588,-0.171572611,-0.163251996,0.713271677
101754.304106,0.419785355,-0.38104255,-2.50602947,-0.273720801,-0.370006502,0.785666287
101754.314134,0.31449645,-0.111292858,-2.31859142,-0.320701897,-0.518963456,0.820792019
101754.324162,0.119831079,0.196615372,-1.94244749,-0.316453367,-0.588432312,0.813675284
101754.334189,-0.173703101,0.414048528,-1.41551971,-0.260204464,-0.58704561,0.772592008
101754.344217,-0.434640394,0.557605643,-0.975745313,-0.169030622,-0.544550836,0.711904407
101754.354245,-0.651130643,0.616013445,-0.610776859,-0.0687527508,-0.479655474,0.649872482
101754.364273,-0.775625184,0.605884229,-0.385584541,0.011253397,-0.419821709,0.599181354
101754.374301,-0.84067794,0.534552319,-0.214402629,0.0524064265,-0.387619823,0.565904617
101754.384329,-0.790388161,0.496888103,-0.143885324,0.0471826382,-0.398082346,0.546143949
101754.394356,-0.7141101,0.493671844,-0.159223178,0.0108848158,-0.44338271,0.530973792
101754.404384,-0.591469078,0.52235722,-0.160198161,-0.0441872254,-0.505348861,0.511914611
101754.414412,-0.41818771,0.665207392,-0.127298931,-0.0880449563,-0.563814044,0.480052561
101754.424440,-0.305814254,0.81338581,-0.110216863,-0.102966383,-0.599134505,0.434937268
101754.434468,-0.247321441,0.952502385,-0.0728887106,-0.0782290772,-0.594397247,0.387403309
101754.444496,-0.115181207,1.06112401,0.0341442617,-0.0136226574,-0.558290362,0.334282845
101754.454523,-0.0229494984,1.16977524,0.0718178665,0.0722528398,-0.505172849,0.283378899
101754.464551,0.0396000429,1.23310679,0.10349077,0.162660494,-0.456422865,0.236256123
101754.474579,0.0731540835,1.21420021,0.13571663,0.233286992,-0.42307052,0.194972336
101754.484607,0.154257519,1.16321668,0.20232933,0.273157179,-0.415757746,0.175782129
101754.494635,0.279656899,1.09097862,0.244852128,0.27973038,-0.437317342,0.166312993
101754.504663,0.333213425,1.00429351,0.371003058,0.239675924,-0.458732367,0.157841474
101754.514691,0.326705943,0.9833072,0.636356122,0.171815917,-0.464969754,0.141632676
101754.524718,0.242559925,1.00191165,0.903647461,0.112395726,-0.436464608,0.105395846
101754.534746,0.231998199,0.979498967,0.982653777,0.128859922,-0.411557406,0.0960050076
101754.544774,0.247254805,0.898485767,0.882760155,0.145073518,-0.359133601,0.0985571146
101754.554802,0.437830569,0.88457948,1.04460082,0.166138321,-0.328321636,0.106545001
101754.564830,0.52981444,0.881699321,0.972473744,0.178232267,-0.32806623,0.100994445
101754.574858,0.534919947,0.950418053,0.902169205,0.170549572,-0.348149389,0.0833187774
101754.584885,0.50355947,1.04888851,0.875218069,0.171549588,-0.370898634,0.0416136757
101754.594913,0.263168998,1.1001182,0.914155995,0.187338412,-0.362214893,-0.0208363868
101754.604941,0.0904369345,1.11473936,1.0896207,0.225641862,-0.310535967,-0.0946956947
101754.614969,0.00482142881,1.02681901,1.36520933,0.273013622,-0.217847064,-0.166037783
101754.624997,-0.0290498611,0.871129193,1.63509653,0.334586978,-0.107371151,-0.229101449
101754.635025,0.0311789821,0.679874434,1.79552616,0.3620314,0.0205410067,-0.281369686
101754.645052,0.147400346,0.507480443,1.93316177,0.370701313,0.147459,-0.332698137
101754.655080,0.0992570776,0.269176458,1.89220257,0.364228755,0.251199007,-0.369349629
101754.665107,0.0912885829,0.0553783345,1.66550628,0.339183062,0.320727468,-0.385439098
101754.675135,0.175982882,-0.130019405,1.39257255,0.280712306,0.358730257,-0.371115029
101754.685163,0.267120366,-0.279729892,1.20630997,0.193741456,0.363102883,-0.327201903
101754.695191,0.481610674,-0.48784818,0.997332291,0.087858431,0.347352952,-0.248059675
101754.705219,0.677790248,-0.574048974,0.835333803,-0.0307102967,0.310623437,-0.161760226
101754.715246,0.68016633,-0.625522155,0.606453736,-0.145748198,0.258968771,-0.0831990987
101754.725274,0.639835488,-0.533845888,0.402938411,-0.237803027,0.201849818,-0.0183183681
101754.735302,0.539274342,-0.424878732,0.234186942,-0.288324267,0.157880485,0.0299357139
101754.745330,0.442467873,-0.28005737,0.0933855552,-0.284994781,0.132050231,0.059968181
101754.755358,0.297600552,-0.149291823,0.0326385333,-0.258367151,0.12329109,0.0801818371
101754.765386,0.20083763,-0.0414352589,0.0823971282,-0.215674296,0.111409128,0.0920720547
101754.775413,0.110777712,0.0432834441,0.155649996,-0.18803148,0.0967734605,0.0987342149
101754.785441,0.0927647929,0.0919634865,0.351281874,-0.187301502,0.0711722225,0.107260063
101754.795469,0.130818337,0.129878901,0.587332271,-0.208628103,0.0443723053,0.102963321
101754.805497,0.109013625,0.231678904,0.842716899,-0.255441397,0.0328203104,0.0856194794
101754.815525,0.0118681324,0.317244178,1.11031803,-0.296716154,0.0444268994,0.0570320487
101754.825553,-0.0624751609,0.443065108,1.25789637,-0.304934114,0.0893496349,0.0239792876
101754.835581,-0.070227967,0.563895866,1.30169635,-0.293614894,0.159194499,-0.0093110241
101754.845608,-0.106579968,0.671351447,1.26017308,-0.251926303,0.225905076,-0.044863157
101754.855636,-0.133052087,0.728289944,1.03320674,-0.196176216,0.277568012,-0.0822302401
101754.865664,-0.170593298,0.720324445,0.840226836,-0.146939173,0.304772466,-0.113105334
101754.875692,-0.262789351,0.646424365,0.672274407,-0.100323461,0.298348933,-0.145031571
101754.885720,-0.340889221,0.513713858,0.53730012,-0.0634272322,0.268585175,-0.175011039
101754.895748,-0.344940834,0.384326211,0.541439704,-0.0547924638,0.232337952,-0.198700398
101754.905775,-0.274018747,0.207355122,0.72547116,-0.0611457005,0.199707031,-0.207713589
101754.915803,-0.116995709,0.0893091909,0.923155879,-0.0774772689,0.174968392,-0.203163058
101754.925831,0.0609038199,-0.0006691497,1.14010001,-0.097141251,0.160793722,-0.190540463
101754.935859,0.197163617,-0.0523047905,1.39689275,-0.127732977,0.179716274,-0.172777191
101754.945887,0.29481779,-0.0834707305,1.72138774,-0.159482658,0.225427836,-0.14915894
101754.955915,0.355019891,-0.13469284,1.93319334,-0.179711223,0.279731035,-0.108963318
101754.965943,0.450594335,-0.188404265,1.99993697,-0.198214874,0.325846344,-0.0619563907
101754.975970,0.535721618,-0.23417379,2.00520936,-0.238775089,0.358271122,-0.0142844766
101754.985998,0.608335311,-0.235508107,1.98786776,-0.295060724,0.368811637,0.0208045337
101754.996026,0.652880994,-0.159716716,1.87333011,-0.358732641,0.368557572,0.0498865172
101755.006054,0.732048493,-0.0924484753,1.8446108,-0.427556723,0.378409952,0.0741918534
101755.016082,0.849107623,-0.075677259,1.97652161,-0.494392991,0.399044126,0.0959642604
101755.026110,0.899748846,-0.0124454414,2.02609549,-0.551339924,0.43102628,0.0948420092
101755.036137,0.814447959,0.112759835,2.0174773,-0.567898095,0.491092831,0.0789922029
101755.046165,0.768689832,0.0919482159,1.91547414,-0.573717892,0.575309992,0.0459266677
101755.056193,0.633362639,0.304210801,1.7806682,-0.512289166,0.668460429,-0.0165929049
101755.066221,0.464085392,0.362315857,1.38468209,-0.392294347,0.775926411,-0.063646704
101755.076249,0.547445374,0.28932807,0.977636826,-0.218628004,0.854289651,-0.083408691
101755.086277,0.661511898,0.130613645,0.48048693,-0.0459656827,0.899802029,-0.0784560069
101755.096305,0.918991891,-0.0178161724,0.211098327,0.0856000632,0.901059568,-0.03002722
101755.106332,1.31968062,-0.355908036,0.0419411992,0.130770668,0.839676321,0.0444167033
101755.116360,1.55601758,-0.457356376,0.00371931278,0.0828803852,0.725728989,0.134820372
101755.126388,1.81565636,-0.604940481,0.136722008,-0.0136530809,0.590001762,0.234571189
101755.136416,1.92412243,-0.693535514,0.266100083,-0.125423551,0.463475257,0.326284319
101755.146444,1.9181853,-0.634765053,0.470775099,-0.191927746,0.376214117,0.407883048
101755.156472,1.94872175,-0.535493984,0.616099516,-0.257971197,0.373542964,0.479421943
101755.166499,1.69871297,-0.436760309,1.06688397,-0.28963244,0.445351362,0.524899721
101755.176527,1.36761083,-0.208121941,1.00277828,-0.255191118,0.571680546,0.525567353
101755.186555,1.03740244,-0.0399016927,0.675870386,-0.191230804,0.709338546,0.479314089
101755.196583,0.626983313,0.143012377,0.140561148,-0.0942709595,0.812289715,0.400471479
101755.206611,0.628408524,0.302120624,-0.428850851,0.0195655935,0.87075007,0.320275962
101755.216639,0.65582998,0.266859779,-0.907104323,0.127292588,0.879211187,0.248338401
101755.226667,0.711731608,0.213293901,-1.0956781,0.15590027,0.868642151,0.188961893
101755.236694,0.900773366,0.188081572,-0.871471869,0.156133026,0.854464054,0.171548009
101755.246722,1.11561051,0.111258919,-0.927938437,0.19496724,0.815951526,0.175786167
101755.256750,1.09029356,0.0551408725,-1.10426706,0.249937013,0.770284176,0.194567859
101755.266778,1.12569534,0.077003489,-1.120259,0.300510734,0.719904661,0.220327556
101755.276806,1.0604231,0.128723593,-0.985518519,0.319480956,0.665277362,0.256099671
101755.286834,0.917103228,0.0742464636,-0.729706606,0.274928659,0.623359442,0.300754994
101755.296861,0.70722056,5.0652475e-05,-0.383512411,0.199724972,0.592891812,0.357730418
101755.306889,0.547756559,0.023881957,-0.163086868,0.096156776,0.587020099,0.413345993
101755.316917,0.360466393,0.0752283691,0.0661520958,-0.000394799456,0.597707093,0.442482591
101755.326945,0.136177763,0.242186891,0.0404775563,-0.0576309264,0.633103669,0.464816391
101755.336973,0.144400616,0.303781597,-0.104804775,-0.0769795924,0.667584419,0.485373318
101755.347001,0.0406504744,0.372026702,-0.368482015,-0.0945636407,0.695118845,0.51318258
101755.357029,0.0524457699,0.415071697,-0.494462264,-0.12236651,0.677113473,0.507288218
101755.367056,-0.0101788825,0.70754402,-0.960423241,-0.146344021,0.617640316,0.501151502
101755.377084,0.0355445386,0.810188548,-1.24765613,-0.171892256,0.59347266,0.554074407
101755.387112,-0.00636295916,0.534569964,-1.22363871,-0.211470559,0.590945601,0.619311452
101755.397140,-0.558543581,0.462915289,-1.20974404,-0.323099345,0.624273181,0.670365572
101755.407168,-1.44399674,0.370979275,-0.942060486,-0.455519706,0.711941779,0.735215127
101755.417196,-2.17894884,0.0961122037,-0.839410258,-0.54716897,0.815792561,0.815591455
101755.427224,-2.54168472,0.0936225057,-1.03931265,-0.649663389,0.920102417,0.856224656
101755.437251,-2.82660377,0.2479494,-1.15080202,-0.711985052,1.01448703,0.891769886
101755.447279,-2.60101544,0.186310507,-1.32913497,-0.792523861,1.07905138,0.936432958
101755.457307,-2.28828366,0.03978161,-1.53178228,-0.903283358,1.08412921,0.980536222
101755.467335,-1.81835758,0.0292285056,-1.99627962,-1.0174433,1.01505029,1.0154388
101755.477363,-1.27301546,0.381450729,-2.89642813,-1.10815477,0.822461128,0.895841837
101755.487391,-1.20411772,1.76589119,-4.41301635,-1.00427687,0.576500058,0.704434037
101755.497418,-0.826205178,2.39419231,-5.7982473,-0.688566804,0.358359218,0.539721012
101755.507446,-0.0108544254,2.68642198,-6.62059303,-0.255051851,0.148651809,0.386908531
101755.517474,0.66805942,3.10180574,-7.06229869,0.214811519,-0.0970378593,0.213807851
101755.527502,1.11597182,3.19498671,-6.89095603,0.571045518,-0.328750998,0.0991257578
101755.537530,1.57493914,2.7732492,-5.47089926,0.803703249,-0.524123132,0.0233580228
101755.547558,1.5156204,2.05463302,-3.65181921,0.888531864,-0.62463218,0.0166559108
101755.557586,1.52708053,1.24800845,-1.53940211,0.876942873,-0.653400958,0.0623496324
101755.567613,1.33384213,0.524415065,0.201633164,0.811551571,-0.616270125,0.136560738
101755.577641,1.03809195,-0.0221636818,1.55188633,0.706790268,-0.521962821,0.229663253
101755.587669,0.847763734,-0.283289447,2.48071616,0.564448595,-0.425366759,0.279687256
101755.597697,0.532433464,0.0420347957,2.82603766,0.43094036,-0.337093085,0.28790924
101755.607725,0.178261202,0.224220624,2.86957052,0.311759114,-0.228097066,0.299261779
101755.617753,0.0519296553,0.330758251,2.86946121,0.213865563,-0.102257922,0.322943121
101755.627780,-0.124897276,0.435379011,2.73792508,0.124824904,0.0311363544,0.339935154
101755.637808,-0.35972858,0.5274807,2.50505039,0.0546593964,0.148196131,0.320259184
101755.647836,-0.524209752,0.703842827,2.02686239,0.00312483404,0.245036393,0.284465522
101755.657864,-0.614739918,0.718028004,1.48640234,-0.0415880419,0.316111892,0.235574156
101755.667892,-0.668549688,0.641346039,0.966436802,-0.075709261,0.34486258,0.168179929
101755.677920,-0.639127925,0.593984495,0.304618322,-0.0912200436,0.333702326,0.0867939889
101755.687948,-0.517705046,0.542557712,-0.382183208,-0.0676723719,0.30041042,0.00820250623
101755.697975,-0.490757199,0.346746349,-0.89914898,-0.022738453,0.259924769,-0.0544257239
101755.708003,-0.348759516,0.231554949,-1.27895494,0.042594213,0.203292683,-0.103091791
101755.718031,-0.121178475,0.200502516,-1.60330204,0.102150746,0.128547862,-0.133253694
101755.728059,-0.00927446269,0.0699654436,-1.68132402,0.131009027,0.0474567339,-0.134055555
101755.738087,0.0385782255,-0.143146123,-1.5151123,0.118648767,-0.0299469735,-0.123153917
101755.748115,-0.0701379506,-0.312268179,-1.21561498,0.0897726417,-0.0924606845,-0.104309395
101755.758143,-0.223521463,-0.530146997,-0.968300258,0.0748956949,-0.134501338,-0.081108734
101755.768170,-0.352580389,-0.64362056,-0.73875442,0.0734141767,-0.162561998,-0.08495114
101755.778198,-0.565817701,-0.631317543,-0.5084224,0.101578705,-0.158964604,-0.0885954127
101755.788226,-0.675481387,-0.730212071,-0.172611068,0.131223947,-0.119641706,-0.0697053447
101755.798254,-0.708408309,-0.862221737,0.213925659,0.138883725,-0.0717359707,-0.0377982743
101755.808282,-0.696038729,-0.908708616,0.463607107,0.118433051,-0.0329536833,-0.0104199145
101755.818310,-0.647078226,-0.828511702,0.544551114,0.0809898004,-0.0187590346,-0.00815569423
101755.828338,-0.585657543,-0.68795428,0.545280597,0.0307884198,0.00247514807,-0.0148617998
101755.838365,-0.531996314,-0.686863416,0.656711512,-0.00793926883,0.0403450318,-0.017017629
101755.848393,-0.385222502,-0.728221774,0.687848993,-0.0328946859,0.0831167251,-0.0177910104
101755.858421,-0.244472919,-0.670739818,0.579952682,-0.0438517295,0.112302311,-0.0251874067
101755.868449,-0.0757537446,-0.541647538,0.367951853,-0.0353290811,0.126554221,-0.031053286
101755.878477,0.11112331,-0.478500031,0.0921767639,-0.0270703509,0.122418858,-0.0228440948
101755.888505,0.305327493,-0.423040959,-0.115987263,-0.0150054339,0.106238291,-0.000902309082
101755.898532,0.478140513,-0.389795473,-0.292240487,-0.00400844263,0.0703868195,0.022350017
101755.908560,0.569598388,-0.329569479,-0.415197004,-0.00920347124,0.018223485,0.0394019708
101755.918588,0.595232961,-0.241028843,-0.474225532,0.000976994867,-0.0321049355,0.0547630824
101755.928616,0.687254973,-0.181156157,-0.515967993,0.0267023332,-0.0665742308,0.0759719685
101755.938644,0.788853426,-0.133803746,-0.491005402,0.0612794831,-0.0892521068,0.0983867273
101755.948672,0.832886117,-0.0581155774,-0.426481784,0.0953266621,-0.110765927,0.10615357
101755.958700,0.856345392,0.0684520068,-0.299088745,0.107954845,-0.139199153,0.111365378
101755.968727,0.852213334,0.128635714,-0.127016607,0.105234154,-0.149907202,0.141875356
101755.978755,0.925932138,0.0169448877,0.0778694216,0.0973855555,-0.162660271,0.188208759
101755.988783,0.811926478,0.0502642063,0.219441792,0.0664356276,-0.161180884,0.239184856
101755.998811,0.658373892,0.05987497,0.421001307,0.0272421557,-0.158417329,0.290278405
101756.008839,0.383944007,0.0255400994,0.534831099,-0.0202803556,-0.147950307,0.342776209
101756.018867,0.0447334602,-0.00562439749,0.643675505,-0.068070516,-0.115654692,0.384047508
101756.028895,-0.282483355,-0.0487064738,0.772899851,-0.113862507,-0.0656865984,0.404132515
101756.038922,-0.535917799,-0.108652628,0.82273268,-0.157276288,-0.0106465127,0.416024595
101756.048950,-0.56809361,-0.0690246191,0.663396104,-0.174963146,0.0277637262,0.42276454
101756.058978,-0.444474683,-0.0103024723,0.341653629,-0.207324818,0.0345270894,0.43082431
101756.069006,-0.26772425,0.122229665,-0.0359101023,-0.241863087,0.00115794851,0.424864978
101756.079034,-0.0362068202,0.366649685,-0.523681929,-0.254833192,-0.0611799955,0.416836858
101756.089062,0.111130909,0.512359155,-0.902514657,-0.22394374,-0.120567158,0.412493795
101756.099090,0.113897232,0.569147357,-1.1379063,-0.140378803,-0.162105531,0.399176389
101756.109117,0.0688334439,0.654700026,-1.24347913,-0.0355347842,-0.1940905,0.368670642
101756.119145,-0.0252795488,0.715957555,-1.17529407,0.0573810413,-0.217476785,0.318871915
101756.129173,-0.111877928,0.69326605,-0.931525648,0.107284419,-0.218779594,0.283284366
101756.139201,-0.106769718,0.476279907,-0.455551226,0.0995327607,-0.209057197,0.276392639
101756.149229,-0.0780509887,0.24402682,-0.0477554384,0.0396446548,-0.208146662,0.283084095
101756.159257,-0.0712944271,0.207305839,0.128961311,-0.0267540757,-0.226679862,0.276822746
101756.169285,-0.0926334216,0.2923358,0.0587111322,-0.0542464219,-0.238927484,0.264237434
101756.179312,-0.100742932,0.290919759,-0.00820025759,-0.0485003851,-0.22442311,0.244315401
101756.189340,-0.113497273,0.279505472,-0.00627308892,-0.0268246494,-0.203504771,0.212278903
101756.199368,-0.116039797,0.36563353,-0.0437695836,0.00442488212,-0.196095586,0.15637596
101756.209396,-0.0632677726,0.484254503,-0.165752872,0.0522496626,-0.18990241,0.0983720422
101756.219424,0.106286757,0.566107441,-0.28344577,0.116359673,-0.187262684,0.0486311167
101756.229452,0.239316048,0.606122933,-0.325273572,0.168010086,-0.184250385,0.0135524925
101756.239479,0.308851503,0.56765741,-0.216360777,0.201220497,-0.182593092,-0.00455540419
101756.249507,0.319242694,0.481547472,-0.0149620068,0.212455302,-0.188281074,-0.00341743603
101756.259535,0.308097689,0.375996263,0.162480719,0.208922088,-0.199284196,0.0272222329
101756.269563,0.364448741,0.214792377,0.292913271,0.191975072,-0.210910752,0.0803190097
101756.279591,0.39359797,0.0693900731,0.402919122,0.153789863,-0.221184701,0.129517168
101756.289619,0.318590222,0.0267655679,0.548128388,0.110581949,-0.227146983,0.157915533
101756.299647,0.206979018,0.0656935384,0.67058397,0.0682145208,-0.214970216,0.171195909
101756.309674,0.133126724,0.0297735723,0.754048435,0.0419813134,-0.193076625,0.184820116
101756.319702,0.0471661307,-0.0157619615,0.75646894,0.0118385907,-0.164181337,0.197944701
101756.329730,0.0480255606,0.0438346847,0.71048928,-0.023099687,-0.150173381,0.205325916
101756.339758,0.0797668893,0.125701725,0.528929182,-0.0557271391,-0.134062842,0.204957873
101756.349786,0.118749348,0.203365869,0.392383699,-0.0765780881,-0.110391609,0.201262742
101756.359814,0.129307348,0.208807111,0.354523632,-0.0942942351,-0.0692287236,0.198757499
101756.369842,0.188806123,0.149541066,0.36543724,-0.12462604,-0.0208574608,0.205365077
101756.379869,0.276209974,0.0504357087,0.294814721,-0.167335168,0.00339354854,0.21593383
101756.389897,0.364565426,-0.00857820579,0.0419049588,-0.204771757,0.00115889031,0.223343
101756.399925,0.456749752,0.00362580755,-0.312491832,-0.212972954,-0.0188369211,0.233386859
101756.409953,0.540414781,-0.0130374502,-0.614285744,-0.187372521,-0.0413755216,0.243917793
101756.419981,0.527787611,-0.046942204,-0.865731279,-0.137790054,-0.0664126948,0.256633848
101756.430009,0.440318074,-0.114237533,-0.957115431,-0.0915351957,-0.0925532207,0.271223992
101756.440037,0.230967943,-0.209942362,-0.89744393,-0.0737117305,-0.117712639,0.278567106
101756.450064,-0.0761233451,-0.304558628,-0.694348292,-0.0911807343,-0.131850556,0.286785632
101756.460092,-0.377176705,-0.337931759,-0.458128968,-0.132119656,-0.12376973,0.29571414
101756.470120,-0.602656608,-0.34224838,-0.314161811,-0.171376511,-0.111862734,0.304432541
101756.480148,-0.698211689,-0.287244067,-0.401142175,-0.19059521,-0.0924642682,0.316793591
101756.490176,-0.655154127,-0.235843294,-0.61472472,-0.208525479,-0.0886295885,0.330178916
101756.500204,-0.523487356,-0.136134271,-0.870316853,-0.242727116,-0.112303227,0.331989318
101756.510232,-0.40460123,0.0269732375,-1.18385673,-0.265732318,-0.151256755,0.322963595
101756.520259,-0.301421608,0.126487249,-1.43747786,-0.245564461,-0.189109862,0.307192355
101756.530287,-0.210905362,0.168433563,-1.58244805,-0.20466949,-0.205906674,0.280941069
101756.540315,-0.205086738,0.241708021,-1.57006262,-0.126018077,-0.200752124,0.241533458
101756.550343,-0.200288544,0.264976778,-1.58160225,-0.0286095012,-0.167544901,0.206882268
101756.560371,-0.159014577,0.248564426,-1.48061967,0.0484908782,-0.142175376,0.170605764
101756.570399,-0.131003375,0.314172223,-1.40751877,0.0985132977,-0.146577045,0.123975143
101756.580427,-0.19274054,0.425867524,-1.39858319,0.114951931,-0.16917184,0.0458462499
101756.590454,-0.385370386,0.588195427,-1.21103525,0.137452975,-0.180261239,-0.040792238
101756.600482,-0.598289718,0.671192896,-1.00663846,0.176195577,-0.161802873,-0.119018063
101756.610510,-0.718529378,0.7065648,-0.716434452,0.229859605,-0.119715333,-0.176311985
101756.620538,-0.831812643,0.699575379,-0.518929181,0.287660301,-0.0849669427,-0.202949718
101756.630566,-0.899791954,0.674866031,-0.455177132,0.313312143,-0.0665575713,-0.210500047
101756.640594,-1.08186,0.57729139,-0.374172335,0.293660402,-0.0634565875,-0.204940438
101756.650622,-1.23483902,0.504862881,-0.325222134,0.250026911,-0.087144874,-0.197561085
101756.660649,-1.32729183,0.507819831,-0.402130602,0.191003546,-0.126793757,-0.189348683
101756.670677,-1.3613395,0.573776185,-0.571477699,0.145152166,-0.174723729,-0.178694978
101756.680705,-1.33456883,0.617018823,-0.742985189,0.11251194,-0.226893455,-0.167132869
101756.690733,-1.2505482,0.706852384,-0.966747183,0.10142041,-0.286829501,-0.159417689
101756.700761,-1.10748924,0.827989212,-1.21352999,0.12471348,-0.355807483,-0.14740257
101756.710789,-0.852079917,0.905222966,-1.4791379,0.165819898,-0.445558429,-0.128416896
101756.720817,-0.580541223,0.949576122,-1.60489311,0.20077309,-0.544664204,-0.103649229
101756.730844,-0.361747482,0.918503596,-1.44508833,0.215297431,-0.62685734,-0.0800592154
101756.740872,-0.266761177,0.889576484,-1.08730073,0.206615523,-0.677834272,-0.0598945618
101756.750900,-0.213294503,0.828030056,-0.612146394,0.17789866,-0.691648066,-0.0479332395
101756.760928,-0.257793917,0.769153504,-0.187527482,0.13360098,-0.683226347,-0.0527777933
101756.770956,-0.261903179,0.7160833,0.0655488692,0.0922647268,-0.664229214,-0.0665894821
101756.780984,-0.192712556,0.710773869,0.149549925,0.0509977117,-0.641902924,-0.101774365
101756.791012,-0.112807318,0.787441148,0.134865567,0.0364864133,-0.623785973,-0.142511144
101756.801039,0.144446538,0.837039145,-0.0535749383,0.0587837286,-0.613362849,-0.172233611
101756.811067,0.44306361,0.822831318,-0.265508547,0.110460505,-0.611257613,-0.178461954
101756.821095,0.716769675,0.734655022,-0.346843599,0.142460778,-0.610585451,-0.168161377
101756.831123,0.889263546,0.574287898,-0.2229536,0.129804909,-0.610841393,-0.153239161
101756.841151,0.920107743,0.446683664,0.0184410811,0.0674954653,-0.608366787,-0.143546045
101756.851179,0.895211495,0.333984702,0.267900995,-0.0205539707,-0.580627263,-0.137722775
101756.861207,0.896495178,0.219517451,0.477696423,-0.0979976282,-0.514943063,-0.12412335
101756.871234,0.986766692,0.0868860097,0.55054597,-0.15235807,-0.44548437,-0.110105269
101756.881262,1.17801341,0.120479232,0.283828632,-0.182176962,-0.401385099,-0.113037676
101756.891290,1.36789579,0.249210122,-0.202827927,-0.166748464,-0.395656109,-0.128154039
101756.901318,1.56770495,0.312739925,-0.689502021,-0.123900063,-0.403941721,-0.13327983
101756.911346,1.803625,0.324966589,-0.959844564,-0.0542964898,-0.411153316,-0.11387524
101756.921374,1.98252932,0.190589719,-0.936418096,0.00589228421,-0.411948532,-0.0710297674
101756.931402,2.05949507,0.0448383819,-0.774760968,0.00403552828,-0.423845679,-0.0108308773
101756.941429,2.07514126,-0.00788289874,-0.54722764,-0.0397710763,-0.444260389,0.0564605445
101756.951457,2.00609958,-0.109826695,-0.284964358,-0.111238331,-0.452910334,0.127299562
101756.961485,1.88106947,-0.152135558,-0.00787643246,-0.176143304,-0.438722879,0.196782768
101756.971513,1.73240773,-0.149324227,0.177756614,-0.224257305,-0.411451578,0.253331542
101756.981541,1.55120331,-0.122968445,0.289939224,-0.267246306,-0.389936954,0.298914462
101756.991569,1.38398884,-0.0628848559,0.345337286,-0.310198307,-0.374015003,0.336916983
101757.001597,1.27385528,-0.00630167569,0.430360671,-0.327108324,-0.362716794,0.372967124
101757.011624,1.18226347,-0.00264130829,0.413086296,-0.335864782,-0.348656625,0.414404303
101757.021652,1.14702279,-0.0448326828,0.44162207,-0.355643809,-0.341250658,0.455500603
101757.031680,1.04250049,-0.0462899689,0.525894929,-0.394503862,-0.349628955,0.483264595
101757.041708,0.916286139,-0.0437101816,0.538706479,-0.422532827,-0.355418146,0.502717614
101757.051736,0.812561561,-0.0570997514,0.567836712,-0.450109869,-0.342784643,0.510791004
101757.061764,0.667006112,-0.0823311137,0.788398449,-0.4820939,-0.287941903,0.5093593
101757.071792,0.601501666,-0.170801022,0.958507763,-0.484970659,-0.224448934,0.523126006
101757.081819,0.670085519,-0.290046703,0.838276871,-0.478646696,-0.187852308,0.555084705
101757.091847,0.754625943,-0.377414605,0.623030192,-0.48675549,-0.204006776,0.581629276
101757.101875,0.73381331,-0.429553154,0.412332262,-0.515733898,-0.246056765,0.600348055
101757.111903,0.656350716,-0.474889841,0.419226114,-0.523715675,-0.281707764,0.617517292
101757.121931,0.518775744,-0.607245836,0.447171521,-0.517357111,-0.294616908,0.638362944
101757.131959,0.478774719,-0.602889979,0.536685787,-0.49441421,-0.300214618,0.660806715
101757.141987,0.407132356,-0.59920581,0.553023759,-0.485823393,-0.308395833,0.663508773
101757.152014,0.284182122,-0.592033142,0.628445203,-0.505499601,-0.301994413,0.641746998
101757.162042,0.120719698,-0.576051218,0.811283065,-0.50787437,-0.266967446,0.607023895
101757.172070,0.110466746,-0.640977206,0.810313343,-0.476120979,-0.210108414,0.576534688
101757.182098,0.258679724,-0.694423988,0.651944152,-0.426672727,-0.160898522,0.560026824
101757.192126,0.440558532,-0.797079768,0.398236517,-0.385286391,-0.157290995,0.559391916
101757.202154,0.62930518,-0.802936531,0.118327104,-0.353292525,-0.204506189,0.568494916
101757.212182,0.758251002,-0.787133689,-0.117787006,-0.332513988,-0.275615007,0.585196912
101757.222209,0.721752578,-0.771302937,-0.0300830036,-0.323331147,-0.329332024,0.594971776
101757.232237,0.587422287,-0.68873732,0.335419119,-0.305749774,-0.340228349,0.591435909
101757.242265,0.427962378,-0.672734718,0.733231857,-0.257236809,-0.316848725,0.595015168
101757.252293,0.305814985,-0.72052742,0.952035936,-0.194455713,-0.281121075,0.588092029
101757.262321,0.126067343,-0.741603526,1.16246499,-0.162928149,-0.244657591,0.557279527
101757.272349,-0.0832886702,-0.761679953,1.40194711,-0.150724739,-0.197274908,0.518929183
101757.282377,-0.201009187,-0.899084829,1.62095519,-0.153612405,-0.136397704,0.49380976
101757.292404,-0.147239749,-0.998617801,1.71848442,-0.171015903,-0.0703177601,0.480850041
101757.302432,-0.00388239439,-0.953080038,1.67879655,-0.2174135,-0.0196063798,0.467415452
101757.312460,0.122635031,-0.865386704,1.52563311,-0.246336758,0.0090412451,0.448753089
101757.322488,0.247505273,-0.736775229,1.00446404,-0.234888092,0.00721191987,0.44042483
101757.332516,0.337969388,-0.580478167,0.629006344,-0.180108204,0.000593165751,0.416973561
101757.342544,0.312127236,-0.483471353,0.321838922,-0.0831837803,-0.0149325309,0.392409652
101757.352572,0.326989436,-0.401643987,0.114112701,0.00917170849,-0.0257564168,0.366774321
101757.362599,0.257944541,-0.346380219,0.195481071,0.0937747508,-0.0302558281,0.337906718
101757.372627,0.193810654,-0.380572412,0.359752765,0.142155334,-0.0233505163,0.321561038
101757.382655,0.169363464,-0.386480905,0.633813452,0.163889393,-0.00613318011,0.315691173
101757.392683,0.143840462,-0.402248237,0.808770206,0.172661304,0.00932753552,0.31262508
101757.402711,0.0945735959,-0.395952644,0.89677173,0.176689863,0.0271771047,0.317424357
101757.412739,0.0121403735,-0.40914881,0.931614495,0.174599826,0.0348973423,0.320384711
101757.422767,-0.0949900678,-0.440076448,0.950513257,0.159893572,0.0364504978,0.324467868
101757.432794,-0.195581609,-0.450589366,0.997878234,0.133654788,0.0329939835,0.321325332
101757.442822,-0.243729554,-0.424180229,1.00226741,0.112170264,0.0333023742,0.315645367
101757.452850,-0.200742353,-0.3689603,0.968070541,0.108608022,0.0433896296,0.316897303
101757.462878,-0.0879144303,-0.320063729,0.850024591,0.122818917,0.0490096994,0.324937671
101757.472906,0.08028905,-0.20000717,0.65261226,0.141260505,0.0389583968,0.321875811
101757.482934,0.121667355,-0.026745822,0.428759666,0.164152771,0.0191625878,0.303524792
101757.492962,0.136335055,0.148146781,0.227844879,0.190525532,0.00270878104,0.267174214
101757.502989,0.109865419,0.285151843,0.152083828,0.214629531,0.0126804551,0.229298487
101757.513017,0.0908992913,0.374326649,0.232863584,0.235718563,0.0478317849,0.197685957
101757.523045,0.193270848,0.390770419,0.368250544,0.250688702,0.0933148488,0.185880974
101757.533073,0.346884808,0.392980204,0.412195484,0.251581401,0.120342471,0.190202221
101757.543101,0.478553332,0.410901645,0.333099151,0.231238604,0.128101066,0.20105885
101757.553129,0.527082677,0.404568789,0.280248435,0.191034719,0.109035484,0.211856112
101757.563157,0.481893144,0.483453087,0.20529344,0.147602826,0.0940530747,0.221405402
101757.573184,0.388534623,0.57319254,0.257608149,0.127348691,0.101806335,0.223034993
101757.583212,0.255275761,0.667934479,0.254883693,0.13086246,0.132368773,0.22556074
101757.593240,0.179113143,0.754644063,0.21529461,0.147844642,0.161113068,0.230713159
101757.603268,0.13941417,0.819890588,0.13049042,0.148929074,0.182943001,0.241668075
101757.613296,0.121522685,0.767766141,0.0449994177,0.110371828,0.173442185,0.26365006
101757.623324,0.139527713,0.747963562,-0.122608143,0.0688368976,0.121167779,0.295372039
101757.633352,0.176689277,0.715156248,-0.409253001,0.0139163965,0.042472437,0.322237223
101757.643379,0.192010911,0.840669319,-0.628878333,-0.0208133534,-0.0470265523,0.336942911
101757.653407,0.181687085,0.967958459,-0.820717248,-0.0190759078,-0.1266215,0.341725439
101757.663436,0.235865688,1.07377577,-0.871089007,0.0189878549,-0.188345581,0.352163434
101757.673464,0.353422393,1.11204895,-0.836307032,0.069463551,-0.24635084,0.363919944
101757.683492,0.436491867,1.08345852,-0.697126525,0.0986515284,-0.304870099,0.380209982
101757.693520,0.484857985,0.996808121,-0.424240142,0.101008415,-0.362328321,0.388495594
101757.703548,0.476493769,0.931164705,-0.0322264453,0.0736867785,-0.385096222,0.399273932
101757.713575,0.411970297,0.793898215,0.486755927,0.0415075459,-0.375066489,0.411362827
101757.723603,0.360225205,0.683337945,0.941023544,-0.00397392083,-0.331861764,0.410509557
101757.733631,0.242759393,0.684564711,1.32494512,-0.0553228632,-0.265151441,0.393856019
101757.743659,0.0944958545,0.666513214,1.57595285,-0.0909801871,-0.188466489,0.365761518
101757.753687,-0.0227834942,0.733959733,1.5803315,-0.107532531,-0.105865099,0.318283737
101757.763715,-0.145982004,0.852402865,1.4696628,-0.0920276195,-0.0186007693,0.261147767
101757.773743,-0.228944365,0.910331761,1.3117396,-0.0616318919,0.0647404566,0.203043178
101757.783770,-0.265879572,0.935744727,1.0747189,-0.0362463742,0.134501964,0.153260976
101757.793798,-0.225862765,0.919228476,0.865080706,-0.0312268473,0.184982449,0.115423575
101757.803825,-0.114064771,0.897341638,0.640195262,-0.0370232165,0.20899938,0.0921949521
101757.813854,0.00821925455,0.84546196,0.294255334,-0.0582227781,0.214181617,0.0821148828
101757.823882,0.118340987,0.726591981,0.0336754751,-0.0875417888,0.203112453,0.0972581506
101757.833910,0.217761292,0.62346303,-0.23667116,-0.118063211,0.168910548,0.123735301
101757.843938,0.283655029,0.596806786,-0.502510546,-0.144699872,0.11627955,0.159626201
101757.853965,0.259705414,0.541168632,-0.731421008,-0.153974071,0.0590820424,0.194852367
101757.863993,0.230940507,0.527072156,-0.889074161,-0.153287232,-0.00719764596,0.224180683
101757.874021,0.138592332,0.577769054,-0.990163715,-0.136184424,-0.0738922507,0.231636733
101757.884049,-0.0222379892,0.559026798,-1.0662106,-0.104085341,-0.143769339,0.23242557
101757.894077,-0.10995792,0.514483454,-1.03482119,-0.0770324171,-0.201338351,0.221189693
101757.904105,-0.199509742,0.475989034,-0.81421795,-0.087991327,-0.213395819,0.193415046
101757.914133,-0.186845199,0.43130482,-0.364898311,-0.114363015,-0.180956915,0.171388045
101757.924160,-0.0248534324,0.402701095,-0.130913614,-0.129068181,-0.139870465,0.162090153
101757.934188,0.113774409,0.377378,-0.174822314,-0.161366463,-0.10216064,0.153003976
101757.944215,0.26389249,0.498954023,-0.190713711,-0.179380894,-0.089726612,0.143214732
101757.954244,0.347595586,0.602705635,-0.396005397,-0.166156426,-0.104732461,0.131884843
101757.964272,0.257137317,0.723464643,-0.605405688,-0.128371507,-0.126078486,0.108858086
101757.974300,0.0779734665,0.799229347,-0.587558481,-0.0817749798,-0.128304616,0.0856310576
101757.984328,-0.0929170609,0.779096952,-0.382819752,-0.0472606756,-0.114585623,0.0599091873
101757.994356,-0.302465528,0.717549866,-0.125630705,-0.0356966965,-0.0875643939,0.0375719219
101758.004383,-0.382914591,0.570827565,0.0883399622,-0.0644857287,-0.0489781164,0.0326591879
101758.014411,-0.324405849,0.392706794,0.338766675,-0.133125782,-0.0211462192,0.0370193124
101758.024439,-0.219509743,0.268145033,0.225838215,-0.194035202,-0.0332878381,0.0642751679
101758.034467,-0.0540228282,0.170183548,0.136588737,-0.278303742,-0.0411881022,0.0829793513
101758.044495,0.0637896045,0.146502813,0.0289344181,-0.331185877,-0.0614382476,0.108958215
101758.054523,0.208562671,0.249245102,-0.307076237,-0.350310832,-0.0801533461,0.128099695
101758.064550,0.258992151,0.281355666,-0.483603601,-0.329996765,-0.0989523306,0.139148355
101758.074578,0.255306448,0.308875249,-0.715243196,-0.291731149,-0.111050278,0.143686384
101758.084606,0.276533214,0.314113296,-0.819158329,-0.220279321,-0.139107734,0.148385525
101758.094634,0.25063641,0.185468942,-0.985531379,-0.160283893,-0.184783071,0.159844309
101758.104662,0.209243639,0.065024407,-0.960897873,-0.123852119,-0.249578044,0.174126849
101758.114690,0.172985892,-0.114833855,-0.736181355,-0.119944982,-0.313785523,0.196704075
101758.124718,0.115639911,-0.301561419,-0.423641592,-0.129887909,-0.361569285,0.225846514
101758.134744,0.0974547043,-0.409532256,-0.0737479578,-0.158061743,-0.382926524,0.254076302
101758.144773,0.0836935977,-0.471182218,0.312734409,-0.200291499,-0.368510813,0.281606197
101758.154801,0.0990831823,-0.52297305,0.623754999,-0.252022326,-0.343250722,0.307948828
101758.164829,0.129856945,-0.45041664,0.749670366,-0.296025187,-0.318189055,0.318317056
101758.174857,0.180801388,-0.295878259,0.68746204,-0.325619042,-0.291342258,0.306218028
101758.184885,0.138438164,-0.139678666,0.609846301,-0.324953258,-0.250985533,0.281354487
101758.194913,0.0720699416,-0.0786658327,0.536154457,-0.301472962,-0.201066703,0.244487301
101758.204940,0.0204534438,-0.0566407556,0.467560813,-0.249105901,-0.153679207,0.205957219
101758.214968,-0.0180395146,-0.0785248168,0.329109789,-0.190713972,-0.111378089,0.168797076
101758.224996,-0.0336656844,-0.166012108,0.297215937,-0.159629822,-0.0865190774,0.142323658
101758.235024,0.00495426141,-0.278482887,0.299411401,-0.17268756,-0.0728948787,0.119116865
101758.245052,0.023198797,-0.309068287,0.35200142,-0.200786576,-0.0617082678,0.102906205
101758.255080,0.0362679758,-0.328766967,0.283515328,-0.215374574,-0.0443923958,0.0873935595
101758.265108,0.0828144768,-0.323056481,0.0667845485,-0.19875139,-0.0272664074,0.0714129955
101758.275136,0.0693453389,-0.299591142,-0.218890004,-0.161379784,-0.0192644075,0.052385509
101758.285163,0.0451581154,-0.28808249,-0.458538133,-0.113102257,-0.0260107256,0.0312551893
101758.295191,0.0878073167,-0.29088235,-0.637992199,-0.0634388328,-0.046811875,0.0137568898
101758.305219,0.142231127,-0.35400896,-0.73081369,-0.019348871,-0.0685392767,0.00911952741
101758.315247,0.22776743,-0.447630955,-0.704732908,0.00434340909,-0.0815898329,0.0193953346
101758.325275,0.299651932,-0.512262125,-0.557267972,0.00495114224,-0.0923000053,0.037693914
101758.335303,0.38067631,-0.549716534,-0.421007152,-0.0112328874,-0.099943012,0.0672012046
101758.345331,0.4370099,-0.540153171,-0.331356107,-0.0282422304,-0.111643076,0.0970784128
101758.355358,0.41161783,-0.483034861,-0.30974341,-0.0373009741,-0.117544636,0.12482056
101758.365386,0.362646733,-0.420038307,-0.300333777,-0.0332646854,-0.124048606,0.148677424
101758.375414,0.303907982,-0.351024684,-0.258332956,-0.0258866642,-0.125531986,0.171692193
101758.385442,0.251725667,-0.312132059,-0.131489368,-0.0331890509,-0.122820631,0.191775352
101758.395469,0.232293237,-0.276298237,0.0254588509,-0.0521033555,-0.118467428,0.209278718
101758.405498,0.241002175,-0.245595055,0.0793581989,-0.076978609,-0.103397928,0.2290162
101758.415526,0.254554607,-0.243876269,0.112716279,-0.110186093,-0.0958611816,0.257192731
101758.425553,0.295146145,-0.198842949,0.0256084885,-0.146871418,-0.10006392,0.281735361
101758.435581,0.383857132,-0.113308399,-0.126740128,-0.179829359,-0.114268154,0.295832276
101758.445609,0.470758879,0.0357613415,-0.235685656,-0.193903372,-0.129201025,0.306343496
101758.455637,0.502421991,0.12811843,-0.320620193,-0.185455561,-0.138076276,0.323065221
101758.465665,0.497581127,0.205844936,-0.342665436,-0.172193021,-0.147064716,0.332807839
101758.475693,0.484310872,0.275694425,-0.296345584,-0.158264145,-0.159148008,0.342261791
101758.485721,0.404861342,0.267371711,-0.219461666,-0.160055131,-0.171993241,0.345153749
101758.495748,0.302159531,0.310920053,-0.116647773,-0.16054967,-0.185578018,0.34340775
101758.505776,0.29139746,0.358415671,-0.0695505061,-0.172441751,-0.194691882,0.334218502
101758.515804,0.295716638,0.451404628,0.0764192228,-0.196800351,-0.189408183,0.3079198
101758.525832,0.207810099,0.545334958,0.224473941,-0.217795387,-0.156346634,0.272177279
101758.535859,0.204646813,0.591340338,0.287354468,-0.211989433,-0.117842115,0.244858012
101758.545888,0.298935308,0.591744534,0.193418878,-0.197850436,-0.0796774179,0.221292511
101758.555916,0.350645475,0.628445495,0.142238141,-0.193358481,-0.0606983975,0.199344859
101758.565943,0.362553063,0.628387335,0.106585813,-0.199652076,-0.0569063239,0.181640431
101758.575971,0.404692854,0.616513357,0.0205330849,-0.200617462,-0.0603766888,0.170584053
101758.585999,0.422789651,0.578183919,-0.0185591545,-0.205432191,-0.0613548644,0.15827173
101758.596027,0.433413483,0.593734539,-0.0188823951,-0.216135442,-0.0586296543,0.146111995
101758.606055,0.40993996,0.569212385,0.0218283854,-0.23363027,-0.0543345064,0.13273868
101758.616083,0.426420555,0.561748625,0.0487777672,-0.246730104,-0.048809249,0.124272481
101758.626111,0.468053273,0.560844662,0.0530137973,-0.244738847,-0.0442536436,0.125703394
101758.636138,0.520835307,0.531348226,-0.0133446347,-0.234794617,-0.0501613356,0.134887844
101758.646166,0.566424654,0.507998622,-0.0181815534,-0.237127542,-0.0642260239,0.148263574
101758.656194,0.565775688,0.437198116,0.0633838002,-0.267947227,-0.0819482952,0.161878183
101758.666221,0.513059266,0.329034094,0.305173618,-0.310205996,-0.0841286257,0.180406854
101758.676249,0.516751545,0.215778009,0.600208119,-0.358283788,-0.0675786808,0.206465617
101758.686277,0.483236813,0.129160925,0.909099881,-0.454765588,-0.0299266372,0.227955729
101758.696305,0.49347939,0.163572021,1.24204355,-0.468730122,-0.00919579342,0.233417615
101758.706332,0.556117341,0.33782238,0.714756289,-0.492962241,0.0144062052,0.242265165
101758.716360,0.709520288,0.49921355,0.653819882,-0.44811967,0.0230308529,0.240179107
101758.726388,0.664822192,0.509031764,0.240349556,-0.407082736,0.0413480774,0.240007341
101758.736416,0.713339993,0.667495356,0.120806646,-0.336081803,0.0350086875,0.224766865
101758.746444,0.559132597,0.642721565,-0.111795072,-0.251141071,0.0105038751,0.202146769
101758.756472,0.467892968,0.588804974,-0.153728672,-0.217936262,-0.000181525713,0.17892082
101758.766500,0.458026092,0.548647151,0.0733107354,-0.199430227,-0.0125449849,0.170030922
101758.776527,0.440194229,0.448452208,0.185295777,-0.212848306,-0.0230804496,0.16009146
101758.786555,0.394331472,0.410168947,0.346310515,-0.227509528,-0.0320225433,0.158902898
101758.796583,0.347065571,0.383690105,0.445661116,-0.247245952,-0.0288800169,0.153740898
101758.806611,0.289829334,0.361809405,0.551042814,-0.256197095,-0.0179655831,0.150023922
101758.816639,0.164164726,0.315921806,0.60547583,-0.260740161,0.000138586271,0.138129443
101758.826667,0.0731966075,0.285097045,0.601866992,-0.26092127,0.0191602129,0.120847389
101758.836695,0.0348582552,0.257017782,0.590657031,-0.263297081,0.0414098613,0.101635076
101758.846722,0.0492993068,0.197036776,0.577563741,-0.273131609,0.063697055,0.093832016
101758.856750,0.146942227,0.14381109,0.536517445,-0.278466433,0.0819620788,0.0983785689
101758.866778,0.27251185,0.0684060122,0.406392935,-0.267390609,0.0835802108,0.112112485
101758.876806,0.396611692,0.065182374,0.18098259,-0.258475691,0.0695227161,0.12233077
101758.886834,0.355319751,0.0749614252,0.0774964967,-0.256023705,0.0581952333,0.127024055
101758.896862,0.19672581,0.0286097162,-0.0087052845,-0.246518105,0.0394037031,0.138381377
101758.906890,0.390712259,0.0509977813,-0.169468678,-0.201909095,-0.0134398071,0.158018202
101758.916917,0.561551202,0.185799343,-0.301778715,-0.193239972,-0.0554021671,0.166789308
101758.926945,0.287299085,0.196486741,0.043206689,-0.197283715,-0.0695432946,0.155485794
101758.936973,-0.00938596024,0.136338562,0.320008199,-0.19675003,-0.0523991883,0.10207317
101758.947001,-0.392367187,0.110499772,0.473444026,-0.160854876,-0.00756487297,0.046898596
101758.957029,-0.457111023,0.0384627094,0.432052277,-0.0871651992,0.0386183374,0.0189881362
101758.967057,-0.438993036,-0.0557356235,0.310444836,-0.033534199,0.0614165924,-0.00822271034
101758.977085,-0.408445046,-0.0768617059,0.21638182,-0.00879955664,0.0459119342,-0.0255771987
101758.987112,-0.269325037,-0.12943682,0.112887544,-0.0154654495,0.0120983096,-0.0219454467
101758.997140,-0.161490393,-0.254848037,0.209879599,-0.0585135855,-0.0124571007,-0.000145610422
101759.007168,-0.109953097,-0.38363253,0.37759588,-0.116082869,-0.0320150889,0.0384001844
101759.017196,-0.0860702637,-0.41130555,0.47730187,-0.157226309,-0.0462438241,0.0715618655
101759.027224,-0.14103651,-0.362211848,0.442741429,-0.158109426,-0.049439352,0.0897589773
101759.037252,-0.217138776,-0.293591317,0.329816476,-0.122480579,-0.0465221256,0.0970043764
101759.047280,-0.204316996,-0.258648014,0.204134918,-0.086885564,-0.0542250536,0.0955739915
101759.057307,-0.181357707,-0.20580022,0.116984457,-0.0640454963,-0.0858050883,0.0934956595
101759.067335,-0.126569594,-0.13079291,0.0322322906,-0.053429611,-0.129140571,0.0858718306
101759.077363,-0.144715053,-0.0264823487,0.10694997,-0.0458068438,-0.15336363,0.0728548318
101759.087391,-0.170498459,0.0369242478,0.328860198,-0.0388061926,-0.143335491,0.0596468821
101759.097419,-0.164802878,0.030361236,0.58250412,-0.0287495628,-0.10433536,0.0484187305
101759.107447,-0.238300076,-0.0414031468,0.846952929,-0.0280475542,-0.0519587025,0.0457297377
101759.117475,-0.272521348,-0.164103644,1.00451139,-0.0503595993,-0.0105820503,0.0460906029
101759.127502,-0.305043123,-0.231707984,1.02567167,-0.090961352,0.0105754333,0.0466911457
101759.137530,-0.292004632,-0.259090204,0.942166284,-0.132776722,0.0282164775,0.043795757
101759.147558,-0.236428291,-0.25878713,0.837339297,-0.158311903,0.0534653775,0.0451174825
101759.157586,-0.199862501,-0.26111528,0.696945907,-0.176004887,0.089044936,0.0505969375
101759.167614,-0.130843033,-0.337387788,0.576737812,-0.188671142,0.118910693,0.0588085279
101759.177642,-0.0360370897,-0.376540526,0.349722954,-0.183981314,0.139769912,0.0753124058
101759.187670,0.0600479337,-0.427534508,0.0824918207,-0.172392577,0.147261918,0.0945886299
101759.197698,0.122081488,-0.441920468,-0.195669287,-0.152309671,0.132771388,0.117684893
101759.207725,0.188071964,-0.432959455,-0.460984942,-0.140541166,0.0984701291,0.131280065
101759.217753,0.107971714,-0.400704953,-0.638005058,-0.135417238,0.0610471293,0.134174377
101759.227781,-0.0160432262,-0.403644806,-0.695084205,-0.122197039,0.0287270062,0.134713411
101759.237809,-0.111544166,-0.404739031,-0.642542117,-0.107489735,0.0110510737,0.135398388
101759.247837,-0.240029092,-0.385253409,-0.505438416,-0.0996512473,0.0063540563,0.128849134
101759.257865,-0.309981457,-0.35430882,-0.31227439,-0.108731031,0.0115639986,0.117681429
101759.267893,-0.358089508,-0.315162512,-0.184440037,-0.126419753,0.0171007104,0.111961231
101759.277920,-0.257719647,-0.292069806,-0.205636554,-0.130641133,0.0137320776,0.115386054
101759.287948,-0.168382344,-0.280204304,-0.318447526,-0.12633267,-0.000132072251,0.125613391
101759.297976,-0.0773071116,-0.250699685,-0.45978258,-0.0997266173,-0.0282260254,0.136122763
101759.308004,0.020314766,-0.189479785,-0.678480276,-0.0645473227,-0.0655156076,0.146593779
101759.318032,0.0721305857,-0.167912681,-0.745788556,-0.0209415276,-0.105537325,0.16459915
101759.328060,0.08928718,-0.197795778,-0.682635058,0.0068714628,-0.138898477,0.189176649
101759.338088,0.0474254758,-0.241749193,-0.435424384,-0.0013832713,-0.162820846,0.217656493
101759.348115,0.000196253224,-0.239341548,-0.118996966,-0.0336272269,-0.173182949,0.241757303
101759.358143,-0.0399016561,-0.234839268,0.152141696,-0.07804849,-0.166586831,0.260404229
101759.368171,-0.111973059,-0.183932964,0.360489847,-0.124923319,-0.146335617,0.278973937
101759.378199,-0.144892163,-0.107153092,0.413982368,-0.157095641,-0.121781275,0.28726089
101759.388227,-0.144819244,5.11456653e-05,0.329558702,-0.163913608,-0.0959195867,0.286422521
101759.398255,-0.111323801,0.121771692,0.16857962,-0.149825484,-0.0714858845,0.282014459
101759.408283,-0.09826076,0.213654149,-0.0366717343,-0.122624211,-0.0569133274,0.27095595
101759.418310,-0.052000967,0.291416603,-0.254139012,-0.106245771,-0.0588481165,0.252337515
101759.428338,0.00679974314,0.372850147,-0.415118094,-0.0877647623,-0.0692685321,0.237400383
101759.438366,0.088081019,0.396486458,-0.520906619,-0.0665356442,-0.0777560323,0.232472718
101759.448394,0.182859198,0.370844068,-0.581018265,-0.0496935435,-0.09608417,0.242085129
101759.458422,0.243175573,0.376397026,-0.667681234,-0.0533631146,-0.133266419,0.256021738
101759.468450,0.244040665,0.384996512,-0.687805739,-0.0747376457,-0.183706954,0.264990479
101759.478478,0.183842217,0.391494057,-0.700981446,-0.0976160616,-0.228155121,0.26832822
101759.488505,0.0687460578,0.313599793,-0.717821522,-0.105150148,-0.258035809,0.263287634
101759.498533,-0.000891688143,0.192915312,-0.694215606,-0.100148194,-0.274421424,0.254341274
101759.508561,0.038384968,0.0124196289,-0.701268447,-0.0812613219,-0.279087275,0.253553241
101759.518589,0.190783853,-0.317753406,-0.730741209,-0.0602676272,-0.302878112,0.269535154
101759.528617,0.442001424,-0.643947015,-0.92777594,-0.0388984196,-0.391154438,0.307090789
101759.538645,0.874208746,-0.659286039,-1.28403969,-0.031289503,-0.570134282,0.347905308
101759.548673,1.30809934,-0.255455063,-1.55483758,-0.0394619443,-0.772868454,0.357818127
101759.558700,1.41984123,0.214249777,-1.24394149,-0.0181534626,-0.903406501,0.341959029
101759.568728,1.27493956,0.527737342,-0.532078001,0.0376120657,-0.930651724,0.303065687
101759.578756,0.982541987,0.719543231,0.29361119,0.114944406,-0.868428528,0.238051772
101759.588784,0.592331102,0.86996614,1.07184363,0.191818669,-0.737393558,0.151724607
101759.598812,0.327924525,0.89487671,1.67623401,0.256514072,-0.580322206,0.0562159419
101759.608840,0.20668504,0.786062699,2.04865395,0.300003469,-0.439631164,-0.0343813375
101759.618868,0.206272222,0.616798896,2.11998724,0.319900751,-0.331198156,-0.113534212
101759.628895,0.348937649,0.469883411,2.1367525,0.315593094,-0.243776947,-0.176005304
101759.638923,0.564211508,0.227341606,2.13408767,0.283847421,-0.160520941,-0.203668892
101759.648951,0.809688489,0.0129366385,2.19672912,0.234649226,-0.0690205917,-0.190690786
101759.658979,1.04118692,-0.189586168,2.26221896,0.161822692,0.0166029669,-0.146479368
101759.669007,1.2251041,-0.232803378,2.18915664,0.0846288428,0.0895560011,-0.0835867003
101759.679035,1.28789286,-0.195695883,1.99267019,0.009675771,0.146337792,-0.0181552302
101759.689063,1.21179074,-0.127855688,1.75807467,-0.0406318717,0.193738863,0.0354259759
101759.699090,0.994991573,-0.0070455346,1.52028415,-0.0531995967,0.243131191,0.0684843212
101759.709118,0.711406687,0.101117318,1.23705758,-0.0299414136,0.280495852,0.089479357
101759.719146,0.490981144,0.191460145,0.94150519,0.00454146322,0.30635488,0.100287795
101759.729174,0.334812531,0.24489246,0.691970457,0.0378432274,0.3083978,0.111380123
101759.739202,0.244749106,0.276947933,0.439386858,0.0425469019,0.282832503,0.121524103
101759.749230,0.160948687,0.282209799,0.335514396,0.00750236539,0.234883904,0.135239929
101759.759258,0.0840022253,0.26713381,0.364790174,-0.0436620153,0.1890589,0.161018789
101759.769285,0.0400792047,0.264088743,0.354901233,-0.0915720165,0.146350309,0.186626136
101759.779313,-0.0630178894,0.290970028,0.350753466,-0.134377018,0.115382001,0.1971443
101759.789341,-0.206517721,0.390984646,0.356304086,-0.154925957,0.093748346,0.181310743
101759.799369,-0.282297039,0.532102259,0.26669045,-0.140801623,0.0838203505,0.143348187
101759.809397,-0.310814546,0.698260205,0.159414901,-0.102758624,0.0909038261,0.0956413746
101759.819425,-0.285496858,0.793151488,0.108095049,-0.0556438453,0.105119243,0.0441470258
101759.829453,-0.233393161,0.848993203,0.0924719475,-0.00720174564,0.117169254,-0.00513476878
101759.839481,-0.19157778,0.805420311,0.0632365006,0.0312279332,0.131607845,-0.0493661463
101759.849508,-0.187464061,0.687852793,0.101976858,0.0549694858,0.144404605,-0.0819507167
101759.859536,-0.176887284,0.537664861,0.184237208,0.0525039285,0.156404018,-0.103791304
101759.869564,-0.243780115,0.33569852,0.325690336,0.0292761028,0.167960271,-0.119684257
101759.879592,-0.298934431,0.177220315,0.424485057,-0.00335614104,0.181573808,-0.127956569
101759.889620,-0.285185015,0.0670376465,0.375336703,-0.0404662229,0.191586763,-0.127402633
101759.899648,-0.228044639,-0.00455137969,0.288257554,-0.0831684172,0.202396542,-0.123195626
101759.909676,-0.137906249,-0.0338166371,0.164747495,-0.121758416,0.213407114,-0.114675641
101759.919703,-0.0466536146,-0.025441023,-0.0677215371,-0.123644464,0.21006617,-0.103361733
101759.929731,0.0285147313,-0.0273810511,-0.434306194,-0.0996842757,0.200768545,-0.0896118358
101759.939759,0.0726795979,-0.0574342441,-0.690367113,-0.0703759193,0.180414006,-0.0810537711
101759.949787,0.0831279267,-0.0879191065,-0.850140327,-0.0303376913,0.151558384,-0.0638177916
101759.959815,0.120831196,-0.175231187,-0.978403134,0.00962836668,0.117781244,-0.0323296376
101759.969843,0.128034113,-0.295004983,-0.98065179,0.0104150642,0.0852872208,-0.00385272317
101759.979871,0.0843869868,-0.406426838,-0.781167328,-0.0233018864,0.0555008315,0.0263903998
101759.989898,-0.00566504002,-0.508718753,-0.611677608,-0.0576638542,0.034451738,0.0593752488
101759.999926,-0.0936851227,-0.583367167,-0.508207296,-0.0806344151,0.0274590738,0.0969961286
101760.009954,-0.162106479,-0.661696315,-0.36229602,-0.101371117,0.0353470929,0.128893614
101760.019982,-0.180292562,-0.662262424,-0.237263865,-0.120173566,0.0446396619,0.16515708
101760.030010,-0.176462775,-0.642764235,-0.219184603,-0.137689188,0.048107896,0.202331871
101760.040038,-0.143712159,-0.629796617,-0.265159003,-0.157396048,0.0431568138,0.245300919
101760.050066,-0.112442576,-0.573890606,-0.377303035,-0.181583673,0.0229327679,0.285986841
101760.060093,-0.119672966,-0.469287491,-0.518090977,-0.194143146,-0.00691940449,0.31649974
101760.070121,-0.128954443,-0.367825597,-0.684717125,-0.193451524,-0.0456625372,0.334750384
101760.080149,-0.181975839,-0.257554665,-0.734687901,-0.188630939,-0.06795986,0.346027255
101760.090177,-0.225291541,-0.244456407,-0.64437167,-0.170850873,-0.0746822059,0.355452985
101760.100205,-0.265641818,-0.253561212,-0.538818123,-0.137113675,-0.0766422972,0.366904587
101760.110233,-0.303927417,-0.244781109,-0.537988102,-0.116279759,-0.0913970098,0.366934419
101760.120261,-0.349754518,-0.21267186,-0.490595067,-0.104980767,-0.116814479,0.363027006
101760.130288,-0.403756449,-0.202659584,-0.45923313,-0.0998131707,-0.146359056,0.354539245
101760.140316,-0.420959221,-0.192418469,-0.391235698,-0.089222841,-0.159218654,0.352506995
101760.150344,-0.417191685,-0.220820387,-0.26038229,-0.0770604536,-0.158674836,0.35235706
101760.160372,-0.430603394,-0.233702373,-0.121591074,-0.0695386231,-0.148613945,0.352350146
101760.170400,-0.435866137,-0.26502164,-0.0148965404,-0.070503749,-0.146159574,0.354102224
101760.180428,-0.408426341,-0.308784794,0.0397124172,-0.0879136324,-0.140036181,0.357585639
101760.190456,-0.381448902,-0.299848623,0.0916658918,-0.0970517397,-0.134072021,0.364981771
101760.200483,-0.366121569,-0.307276728,0.0413023167,-0.10830386,-0.126994669,0.367924571
101760.210511,-0.376768782,-0.290502118,-0.017210078,-0.109756351,-0.125597313,0.365668863
101760.220539,-0.413476756,-0.253849089,-0.182077984,-0.0997061133,-0.129531607,0.360805929
101760.230567,-0.39737347,-0.224990074,-0.319465763,-0.0776053369,-0.139787436,0.359636009
101760.240595,-0.373262965,-0.216710906,-0.457458521,-0.0559788719,-0.155853748,0.363698661
101760.250623,-0.311633023,-0.241831319,-0.542494181,-0.037399061,-0.181182012,0.377033383
101760.260651,-0.203916306,-0.27305414,-0.57879416,-0.0361950472,-0.212088004,0.401919812
101760.270678,-0.108436409,-0.289428352,-0.547057544,-0.0560411885,-0.242302895,0.42838499
101760.280706,-0.0581723491,-0.258960733,-0.48987026,-0.0832768008,-0.27142483,0.461690485
101760.290734,-0.0166255561,-0.165473471,-0.454222608,-0.104962923,-0.301577151,0.487110078
101760.300762,-0.0176139826,-0.0965992565,-0.450122772,-0.124008253,-0.329436213,0.507076025
101760.310790,-0.0683083971,0.000480476993,-0.412101961,-0.133035839,-0.354730368,0.520086646
101760.320818,-0.147792414,0.0586947656,-0.37650224,-0.135851875,-0.379845589,0.518176675
101760.330846,-0.262406928,0.132881699,-0.305651757,-0.134487271,-0.404232144,0.50090152
101760.340873,-0.301420111,0.20001813,-0.266857624,-0.119864374,-0.423863113,0.478097409
101760.350901,-0.296328633,0.234532978,-0.256939456,-0.0960048512,-0.436870784,0.451139301
101760.360929,-0.278439048,0.21712767,-0.215379365,-0.0640983135,-0.446796387,0.423373699
101760.370957,-0.216494633,0.1825532,-0.223566763,-0.032045044,-0.463106394,0.393725276
101760.380985,-0.135106682,0.168784787,-0.238951964,-0.00510823494,-0.482332557,0.368054003
101760.391013,-0.0423803212,0.130901339,-0.248917478,0.015122734,-0.502465725,0.338310748
101760.401041,0.0527820344,0.102501759,-0.212339267,0.0190090854,-0.519088924,0.311833084
101760.411068,0.0995782723,0.113897597,-0.0749310301,0.0223598741,-0.520602942,0.28025651
101760.421096,0.103860041,0.11435937,0.0639636459,0.032552328,-0.510023534,0.246238351
101760.431124,0.122029466,0.109398532,0.130859838,0.057077378,-0.487240493,0.218007505
101760.441152,0.122281979,0.0769990685,0.198047707,0.0886914954,-0.468051612,0.185273796
101760.451180,0.139660692,0.0671954674,0.17148937,0.128649563,-0.461043507,0.156724453
101760.461208,0.163666275,0.013953122,0.126076111,0.156985059,-0.458919644,0.129611596
101760.471236,0.17737872,-0.0372796371,0.18010873,0.1713323,-0.461137235,0.100530677
101760.481264,0.185973823,-0.113193833,0.271883927,0.165785477,-0.446480542,0.0731650963
101760.491291,0.205914641,-0.163347565,0.408646267,0.167269647,-0.421467334,0.0524073541
101760.501319,0.303195742,-0.192850723,0.378543975,0.188244179,-0.394735307,0.0354821682
101760.511347,0.397156174,-0.196634333,0.265412101,0.197995603,-0.374423385,0.020867005
101760.521375,0.438017469,-0.164449973,0.236312263,0.203541368,-0.355267793,0.00568911713
101760.531403,0.458851437,-0.17214988,0.232490074,0.207466871,-0.331169665,-0.00415312778
101760.541431,0.532364271,-0.167304193,0.220212777,0.208641067,-0.303093553,-0.0132970903
101760.551459,0.625623131,-0.168709968,0.144160049,0.208079934,-0.282352597,-0.00800299272
101760.561486,0.760969174,-0.184669754,0.00932429318,0.21546115,-0.265382648,0.0122375637
101760.571514,0.938141559,-0.211136321,-0.123448685,0.2276555,-0.261696577,0.0426750965
101760.581542,1.09495651,-0.230710205,-0.268576702,0.231159419,-0.267088413,0.0840286613
101760.591570,1.15521881,-0.271475931,-0.288270414,0.221859932,-0.282514781,0.125695676
101760.601598,1.17645362,-0.318822789,-0.178988201,0.199889645,-0.289816618,0.170200825
101760.611626,1.14562812,-0.35174423,0.0242699334,0.167728782,-0.278933883,0.223141551
101760.621654,1.07124538,-0.380043858,0.267933144,0.118945539,-0.257343382,0.272294194
101760.631681,0.971114438,-0.273918063,0.367791694,0.0767991468,-0.246419877,0.310017586
101760.641709,0.863016467,-0.159746325,0.349136094,0.0384206027,-0.235421821,0.336959451
101760.651737,0.732514064,-0.0479430699,0.344782575,0.0153677454,-0.2330769,0.351403654
101760.661765,0.611384762,0.126066759,0.257381939,0.00306260982,-0.244834751,0.344260514
101760.671794,0.502338404,0.304538243,0.107215928,0.00282931677,-0.264961094,0.319167405
101760.681822,0.443927424,0.434798946,0.00509586183,0.0249221008,-0.278262764,0.278498024
101760.691850,0.469104535,0.524129673,-0.00116729021,0.0837364197,-0.268144876,0.239940226
101760.701877,0.547903931,0.536403463,-0.0167138189,0.161310837,-0.251426637,0.215051115
101760.711905,0.66460928,0.525668134,0.0195733,0.216513097,-0.244044602,0.198680133
101760.721933,0.74585753,0.480361258,0.121558926,0.225925505,-0.246942654,0.189182252
101760.731961,0.721959645,0.40617374,0.311231603,0.193783551,-0.257813156,0.17236492
101760.741989,0.633154403,0.319048414,0.510998388,0.147943899,-0.270529211,0.152638614
101760.752017,0.480796727,0.278695945,0.648179246,0.108476385,-0.261477143,0.124143861
101760.762045,0.35273558,0.283410699,0.793870158,0.0976809934,-0.237240225,0.090315856
101760.772072,0.26572745,0.323760245,0.802836139,0.11855565,-0.196817964,0.0554705225
101760.782100,0.254661574,0.308098565,0.799233146,0.147500217,-0.14138107,0.0274340939
101760.792128,0.364862947,0.270893163,0.803483205,0.181657121,-0.0950521976,0.0145414639
101760.802156,0.545217761,0.215370597,0.700191757,0.193227753,-0.060681168,0.0151167074
101760.812184,0.688162005,0.107549105,0.606794512,0.177942008,-0.0572105385,0.0239514783
101760.822212,0.736764415,0.0236649532,0.507591795,0.134590268,-0.0665502474,0.025790656
101760.832240,0.708397276,-0.00205810157,0.475861608,0.0900318623,-0.0606079325,0.021873679
101760.842267,0.659297145,0.018065818,0.477427543,0.0783166215,-0.0304934382,0.015302862
101760.852295,0.670194386,0.0748576726,0.359433616,0.117525809,0.00607309304,0.00957360398
101760.862323,0.69237027,0.139963182,0.113397831,0.173940346,0.0201625451,0.00393835502
101760.872351,0.732585084,0.190217159,-0.13188392,0.216469958,0.00205651345,0.00467525143
101760.882379,0.736341514,0.206710321,-0.206767604,0.226031497,-0.0384003632,0.0123861684
101760.892407,0.686219054,0.201285666,-0.137044664,0.217870519,-0.0858437866,0.0258692205
101760.902435,0.604341273,0.18213819,0.00780278271,0.199472591,-0.115397416,0.043257799
101760.912462,0.480429355,0.178337921,0.243407774,0.175853014,-0.120769806,0.0558228567
101760.922490,0.343770767,0.192553201,0.478577882,0.156178921,-0.102067761,0.0587720424
101760.932518,0.270238498,0.22991847,0.606782237,0.150928766,-0.0700898543,0.0600639433
101760.942546,0.257432793,0.263106747,0.635531946,0.14949812,-0.0376344398,0.054167971
101760.952574,0.310984058,0.319363764,0.593574965,0.158411443,-0.010489638,0.0546433441
101760.962602,0.373411872,0.357217401,0.515578117,0.170868114,0.0111189838,0.0607720762
101760.972630,0.392627153,0.321918709,0.486279542,0.175929993,0.0331068411,0.0740244985
101760.982658,0.363180693,0.292052271,0.467006686,0.162601933,0.0445685536,0.0922043025
101760.992685,0.272410874,0.303248787,0.447796959,0.122480616,0.0499902181,0.0944272429
101761.002713,0.1447095,0.345953372,0.502698177,0.0630596355,0.0626498163,0.0886298046
101761.012741,-0.00438508322,0.387158074,0.559618335,0.0227628108,0.0909344479,0.0699732974
101761.022769,-0.0640685675,0.468752946,0.465935842,0.00523867877,0.121245749,0.0444381088
101761.032797,-0.133604168,0.55859133,0.261827228,0.00887815375,0.14136301,0.0087458929
101761.042825,-0.108863403,0.640984658,-0.0306096578,0.0351521038,0.138435394,-0.0296393111
101761.052853,-0.0612742607,0.677580113,-0.366307593,0.0674208254,0.10766416,-0.0712235048
101761.062880,-0.0365700275,0.703900549,-0.628887686,0.120229982,0.0646461248,-0.101760112
101761.072908,0.0543918077,0.655179188,-0.823649795,0.187653482,0.015500417,-0.125194341
101761.082936,0.121060329,0.608014701,-0.924759222,0.248470232,-0.0437858105,-0.140276074
101761.092964,0.130692373,0.507231145,-0.890405702,0.286804855,-0.107063316,-0.151783586
101761.102992,0.101116442,0.39353813,-0.763086897,0.307545006,-0.171588778,-0.169245422
101761.113020,0.0230433142,0.295393982,-0.487846645,0.316570193,-0.216278479,-0.187827349
101761.123048,-0.0348436421,0.170369718,-0.164320209,0.323453784,-0.235351205,-0.196367428
101761.133076,-0.0323880656,0.0727756056,0.156033442,0.323847383,-0.223253787,-0.204741195
101761.143103,-0.0137207746,0.0241764099,0.452242248,0.315922886,-0.195318297,-0.204443455
101761.153131,0.0490504466,-0.03259674,0.667989862,0.296532154,-0.160923302,-0.195008144
101761.163159,0.102798403,-0.133747084,0.836594032,0.254832357,-0.124373548,-0.175296232
101761.173187,0.139880472,-0.194389476,0.943750338,0.204750836,-0.0883665383,-0.155347824
101761.183215,0.139467507,-0.200948981,0.940420317,0.15462856,-0.0494524315,-0.140250087
101761.193243,0.101928635,-0.205815126,0.897931421,0.0974049345,-0.00502344873,-0.134473428
101761.203271,0.0479936311,-0.135020465,0.814843972,0.0470293798,0.0486112833,-0.139924392
101761.213298,0.0422746689,-0.0684320235,0.656568304,0.0313425623,0.0970499218,-0.155384034
101761.223326,0.0195244924,0.106508364,0.323610607,0.0414713658,0.145788699,-0.168287322
101761.233354,0.112871469,0.0959881389,-0.0321785145,0.0635215417,0.166030586,-0.179135442
101761.243382,0.155711078,0.216945884,-0.389299762,0.101132028,0.161280572,-0.182973325
101761.253410,0.188426769,0.22043168,-0.799995947,0.162149593,0.102865733,-0.181473166
101761.263438,0.177666597,0.26521804,-1.10250765,0.181636468,0.0388795622,-0.176678672
101761.273466,0.222284322,0.301627908,-1.07162853,0.185890868,-0.0450337157,-0.165895805
101761.283493,0.163046244,0.254471897,-1.03836105,0.17757301,-0.107091494,-0.151767731
101761.293521,0.127362351,0.221763806,-0.820181826,0.163170114,-0.145797089,-0.146150321
101761.303549,0.0457575426,0.230025438,-0.509658664,0.136267394,-0.145345151,-0.151283562
101761.313577,0.00873012668,0.263430572,-0.145771576,0.122148097,-0.106106654,-0.16611658
101761.323605,0.0902332286,0.274789293,0.0291617971,0.129482448,-0.0608619452,-0.163086697
101761.333633,0.217077986,0.213971252,0.0237082078,0.14015986,-0.0390669033,-0.147209466
101761.343661,0.299370777,0.158802615,-0.0903700068,0.146520555,-0.0562003516,-0.117559686
101761.353689,0.367573083,0.14543986,-0.228230663,0.139925778,-0.100295104,-0.0865160227
101761.363716,0.337370837,0.140547704,-0.278544554,0.134626076,-0.156840414,-0.0564049929
101761.373744,0.216620013,0.146779876,-0.157705759,0.1134369,-0.188145339,-0.0341156647
101761.383772,0.0744467537,0.131437346,0.193874805,0.0774104595,-0.187396199,-0.0360272825
101761.393800,-0.106014735,0.270204888,0.510127451,0.023766404,-0.14153336,-0.0556419939
101761.403828,-0.102091424,0.299249781,0.868991742,-0.0154606262,-0.058656849,-0.0835945383
101761.413856,-0.138687463,0.305423501,0.942870633,-0.0225725975,0.0415112972,-0.103949077
101761.423884,0.00200724817,0.316299408,0.808410725,-0.0173836946,0.110607542,-0.115902409
101761.433911,0.127461136,0.303431743,0.466773462,-0.0146877766,0.123259954,-0.120530188
101761.443939,0.205296655,0.311512466,0.0541249734,-0.0186803881,0.0951092765,-0.122648731
101761.453967,0.243677531,0.332583603,-0.304383929,0.0117787179,0.0387876816,-0.125351831
101761.463995,0.269099849,0.324284561,-0.593668488,0.0528670289,-0.00941659976,-0.117949307
101761.474023,0.304612477,0.309181392,-0.612440409,0.114877403,-0.053350769,-0.105341911
101761.484051,0.271916368,0.202751647,-0.549253592,0.138524413,-0.0887508392,-0.106893733
101761.494079,0.230639186,0.29992958,-0.276005976,0.145708025,-0.102817915,-0.109893784
101761.504106,0.158033092,0.239727332,0.046730187,0.141919419,-0.0706631765,-0.105644174
101761.514134,0.157780286,0.125425246,0.409693146,0.12514469,-0.0164191145,-0.0857959017
101761.524162,0.162355631,0.0198632229,0.660827131,0.0858502835,0.033625409,-0.0527950823
101761.534190,0.185758134,-0.0743655052,0.713610626,0.0271781795,0.0562577508,-0.00610986538
101761.544218,0.217484229,-0.157297763,0.646029959,-0.0422781259,0.0534734167,0.0452742279
101761.554246,0.254362591,-0.195824185,0.495472318,-0.0952188373,0.0291433092,0.0999353454
101761.564274,0.263555367,-0.174475108,0.262417595,-0.127755463,-0.000397804542,0.147130296
101761.574302,0.225700853,-0.124416946,0.0918412484,-0.132697761,-0.0246749148,0.177841589
101761.584329,0.146318688,0.0375260131,-0.025754619,-0.1219671,-0.0364602022,0.187216982
101761.594357,0.0591755348,0.194698104,-0.100260117,-0.094632946,-0.0354900099,0.180050686
101761.604385,-0.0703337654,0.285835588,-0.130391051,-0.0784454495,-0.0271857418,0.149358287
101761.614413,-0.182487442,0.423949343,-0.109994745,-0.0678774938,-0.0153900702,0.108108856
101761.624441,-0.23008389,0.519131134,-0.124414315,-0.0620624833,-0.000524571049,0.0607469305
101761.634469,-0.234815595,0.571673806,-0.168376791,-0.0566884913,0.0116561949,0.0257601831
101761.644497,-0.144498195,0.582694382,-0.277829099,-0.0358047821,0.00730911735,-0.00363152754
101761.654525,-0.106778998,0.567857463,-0.468709399,-0.0200268831,-0.0288110692,-0.0269016977
101761.664551,-0.0826426274,0.570515868,-0.602182634,-0.0111084888,-0.0893284753,-0.0565296263
101761.674579,-0.0823500742,0.59305211,-0.710008803,0.00976643339,-0.149353743,-0.0961207151
101761.684607,-0.121992933,0.60894263,-0.702416448,0.05202787,-0.184531167,-0.132294431
101761.694635,-0.109691378,0.537254527,-0.512422284,0.0922147036,-0.19288151,-0.164983928
101761.704663,-0.100849023,0.525709927,-0.287570157,0.122665554,-0.18917945,-0.199288383
101761.714691,-0.0218467979,0.492050234,-0.130772744,0.143252328,-0.186705098,-0.235300437
101761.724719,0.017417291,0.464842202,-0.0157394209,0.146607906,-0.181916207,-0.274785012
101761.734746,0.0578431172,0.390095881,0.157065123,0.146974355,-0.167217687,-0.302673608
101761.744774,0.0745081285,0.324189284,0.328078108,0.145111218,-0.148072496,-0.325258821
101761.754802,0.0710161947,0.327253056,0.514296261,0.138666898,-0.125096604,-0.348935664
101761.764830,0.0621463673,0.35457507,0.697894586,0.119025275,-0.0926821977,-0.378267169
101761.774858,0.0667342796,0.408698582,0.856122908,0.103469223,-0.0538567677,-0.409004062
101761.784886,0.088313951,0.437649074,0.976765304,0.0941763893,-0.00290676882,-0.435578942
101761.794914,0.164634682,0.431834835,1.0623434,0.102280386,0.0546838231,-0.451567769
101761.804942,0.282104,0.439435081,1.00522041,0.11332345,0.102058262,-0.462735981
101761.814969,0.354973714,0.457926431,0.890856953,0.109313525,0.127959087,-0.472472519
101761.824997,0.403622009,0.462520481,0.786588769,0.090064466,0.148759976,-0.483443141
101761.835025,0.470772761,0.520659658,0.694725893,0.0801031813,0.166721404,-0.491311967
101761.845053,0.493428245,0.547727406,0.522764229,0.0874391198,0.186831728,-0.492235303
101761.855081,0.51043754,0.517321162,0.324915845,0.106395505,0.187568888,-0.490589201
101761.865109,0.510908956,0.466082265,0.127987497,0.121884182,0.173822463,-0.482699841
101761.875137,0.494398551,0.398420934,0.0187643217,0.126816899,0.142809153,-0.478836924
101761.885164,0.478165794,0.302670111,-0.0298199687,0.116875038,0.101532288,-0.476009458
101761.895192,0.454325192,0.269962604,-0.0130757547,0.101587161,0.0767837986,-0.474192381
101761.905220,0.484857985,0.177073308,0.132148709,0.094201155,0.0800062269,-0.4601309
101761.915248,0.597822685,0.0770598588,0.281927182,0.0930509344,0.116629481,-0.442849368
101761.925276,0.705247287,-0.000837327607,0.380289357,0.0966459364,0.16635175,-0.416435331
101761.935304,0.814503781,-0.0955208136,0.426939464,0.0798105001,0.210467815,-0.386563718
101761.945332,0.846774357,-0.195202254,0.4766852,0.0435550213,0.251809418,-0.346406996
101761.955360,0.866778742,-0.299225523,0.497997452,0.00266005401,0.283719152,-0.291641742
101761.965387,0.860325621,-0.368487568,0.318340558,-0.0315224193,0.295983255,-0.229542688
101761.975415,0.800211344,-0.434892177,0.169743403,-0.0759335607,0.304712564,-0.155998155
101761.985443,0.698946434,-0.518480269,0.0990004725,-0.119131364,0.302258998,-0.0856994987
101761.995471,0.552064558,-0.54658262,-0.0295230316,-0.165393397,0.287090182,-0.0273997094
101762.005499,0.39059477,-0.481545207,-0.229998258,-0.192976549,0.254023582,0.0155530851
101762.015527,0.218568224,-0.386311394,-0.489143115,-0.195614412,0.206238985,0.0454420075
101762.025555,0.113701783,-0.258192087,-0.728310767,-0.177075088,0.147111744,0.055074662
101762.035583,0.101421854,-0.127914725,-0.923194457,-0.143630832,0.0886143595,0.0703212619
101762.045610,0.182723296,-0.0869651667,-0.985838837,-0.105250172,0.0359508805,0.0910750106
101762.055638,0.304816767,-0.0766021782,-0.884911196,-0.0815219358,-0.00744053349,0.118807837
101762.065666,0.324149244,-0.109250648,-0.686120562,-0.0743777379,-0.0502820052,0.142341658
101762.075694,0.258703543,-0.124599316,-0.448642762,-0.0877095237,-0.0774891302,0.154663578
101762.085722,0.077678283,-0.133187112,-0.121369541,-0.117459163,-0.08788158,0.146916434
101762.095750,-0.148788878,-0.0921568902,0.17335984,-0.136848569,-0.0718719885,0.120771654
101762.105778,-0.318760245,-0.00769932233,0.383702965,-0.137476534,-0.0348074436,0.076077953
101762.115806,-0.432851611,0.0678097999,0.507687072,-0.128805026,0.0204073433,0.0264715143
101762.125833,-0.503973312,0.127584177,0.581257919,-0.109018974,0.0849014819,-0.0256260317
101762.135861,-0.474409072,0.186170806,0.507042344,-0.0762564987,0.137391329,-0.0733181909
101762.145889,-0.350915086,0.247974936,0.253915724,-0.0421089195,0.164014146,-0.109894842
101762.155917,-0.222044961,0.263162861,-0.0216606277,-0.0117145283,0.164585665,-0.134692594
101762.165945,-0.0876908507,0.244615397,-0.224528886,0.0165429432,0.145187467,-0.147999346
101762.175973,0.00644493836,0.217127086,-0.372920289,0.0420802608,0.112899825,-0.150819361
101762.186001,0.0208127787,0.117294839,-0.38703474,0.044285357,0.0853166729,-0.142308965
101762.196029,-0.0333741541,-0.0350599152,-0.242293676,0.0274528489,0.063325353,-0.127940685
101762.206056,-0.157478673,-0.137553198,-0.0652156918,0.00280609145,0.0511341989,-0.110231467
101762.216084,-0.236939455,-0.236538765,0.0655944619,-0.0185418073,0.0575670637,-0.0867903233
101762.226112,-0.252894857,-0.304446473,0.108241179,-0.04140478,0.0671696216,-0.060593605
101762.236140,-0.266477392,-0.324968452,0.0807815097,-0.0769989938,0.077983126,-0.0458442196
101762.246168,-0.285459156,-0.243582546,-0.00250584534,-0.110063203,0.091567643,-0.0376818925
101762.256196,-0.23656653,-0.165307174,-0.149570968,-0.127980679,0.109325334,-0.0241136234
101762.266224,-0.126740712,-0.125773329,-0.35904374,-0.131607115,0.112842306,-0.0043044975
101762.276252,-0.060468205,-0.0458528196,-0.671370737,-0.129783645,0.0782246739,0.00874019787
101762.286280,-0.060548869,0.0758852621,-1.03378132,-0.11752671,0.0147202658,0.0180623271
101762.296307,-0.0320554727,0.170836167,-1.35014269,-0.0770900697,-0.0795665532,0.0196857899
101762.306335,-0.0426598688,0.274236336,-1.60369309,-0.0169252679,-0.187881842,0.00810183864
101762.316363,-0.0486851205,0.379060107,-1.57023915,0.0319253616,-0.277109206,-0.0229183938
101762.326391,0.00202039991,0.472853951,-1.24041741,0.102336675,-0.331578553,-0.0511931777
101762.336419,0.0454570983,0.507541234,-0.90643563,0.178639174,-0.350602061,-0.0663513616
101762.346447,0.178010296,0.427756041,-0.404199225,0.231430754,-0.343545467,-0.0620833784
101762.356475,0.286782221,0.27736119,0.0724374597,0.249719739,-0.34236303,-0.0439432561
101762.366503,0.295167188,0.13576047,0.436004814,0.21061787,-0.34712851,-0.0280244742
101762.376530,0.163908121,0.0596431523,0.818087484,0.142988235,-0.342758507,-0.0159766003
101762.386558,0.0556558362,-0.00653057081,1.13482996,0.0733827874,-0.314853102,-0.00949952565
101762.396586,-0.0260419115,-0.0148369191,1.36881933,0.0329048708,-0.254522651,-0.00388052221
101762.406614,-0.0829918792,-0.0187470783,1.45601363,-0.00129011646,-0.183059111,-0.00859192014
101762.416642,-0.120291975,0.0326911402,1.46055537,-0.0286330562,-0.110146038,-0.0268388335
101762.426670,-0.109595224,0.110592418,1.32010411,-0.0454194918,-0.0452453345,-0.0511891842
101762.436698,0.00276069688,0.195804604,1.01256318,-0.0434905663,0.00279889163,-0.0720688999
101762.446726,0.167481011,0.245168939,0.638597179,-0.0442170762,0.0351776034,-0.0857335776
101762.456754,0.300158712,0.279764451,0.358111427,-0.0338001214,0.0495264493,-0.0901751965
101762.466781,0.397824721,0.279881648,0.0825888514,-0.0225336179,0.0413609296,-0.0885221735
101762.476809,0.425913921,0.298004165,-0.153684249,-0.0133888572,0.0150286593,-0.0931619331
101762.486837,0.392408542,0.350461205,-0.30490766,-0.00648141652,-0.0191010796,-0.0945329294
101762.496865,0.359649597,0.350554728,-0.334435953,-0.0096993139,-0.0468296483,-0.0981241986
101762.506893,0.308080153,0.356011532,-0.249485048,-0.0254218169,-0.066212669,-0.108205862
101762.516921,0.253282395,0.392313557,-0.0903968948,-0.0359974951,-0.0656986758,-0.116385765
101762.526949,0.272933729,0.394255923,0.0157633863,-0.0287523661,-0.0429749899,-0.120659076
101762.536977,0.338924204,0.384044033,0.0583943213,-0.0104284873,-0.0142586557,-0.115281083
101762.547005,0.438544562,0.365314491,0.0411953492,-0.00153912208,0.0028060819,-0.105965883
101762.557032,0.539487985,0.329290407,-0.00109188689,-0.0148882167,0.00335549214,-0.0881424099
101762.567060,0.597747282,0.259582956,0.0169324301,-0.0424322262,-0.00253728428,-0.0590028986
101762.577088,0.619715953,0.167178521,0.0606809709,-0.0751401037,-0.00602922123,-0.0200512353
101762.587116,0.612736469,0.0839969646,0.160833536,-0.110097557,0.00490039214,0.0302007496
101762.597144,0.542549419,0.0153857852,0.264108617,-0.150949642,0.0187722668,0.0763935447
101762.607172,0.441495521,0.00201718504,0.317387787,-0.197169602,0.0283178333,0.119155653
101762.617200,0.337185251,-0.0434372829,0.288837985,-0.238665119,0.0358202234,0.163098887
101762.627228,0.285837926,-0.0638201457,0.217920282,-0.271281123,0.0387417115,0.198463529
101762.637255,0.227673614,-0.0145744688,0.0430874466,-0.291961908,0.0229251999,0.220289469
101762.647283,0.144763568,0.0525277674,-0.155042678,-0.306173325,0.000135464012,0.229690164
101762.657311,0.0862684167,0.0908615897,-0.262306536,-0.311551332,-0.0216119085,0.226229653
101762.667339,0.0380351316,0.111310503,-0.368479092,-0.296699673,-0.037355721,0.218556285
101762.677367,0.00894523074,0.134086983,-0.444407901,-0.268426239,-0.0470730625,0.199708819
101762.687395,0.0329530061,0.123543085,-0.481736638,-0.228852168,-0.0597401224,0.184222013
101762.697423,0.0536374822,0.0723062345,-0.538024342,-0.192816406,-0.0813269094,0.167319462
101762.707451,0.0286570624,0.034600481,-0.536332736,-0.174388662,-0.10644637,0.141825289
101762.717479,-0.0474289829,-0.00394756858,-0.421451388,-0.163463041,-0.120739557,0.116664268
101762.727506,-0.122155723,-0.088499829,-0.231855284,-0.152264178,-0.108460791,0.0869545713
101762.737534,-0.213847918,-0.143270115,-0.0266647196,-0.144871518,-0.0781423002,0.0580499545
101762.747562,-0.257888427,-0.201086636,0.129955583,-0.141734049,-0.0391099453,0.0312561616
101762.757590,-0.247141408,-0.221458977,0.137734985,-0.141077578,-0.017614238,0.00534067303
101762.767618,-0.176895613,-0.218104114,-0.0438175144,-0.127699718,-0.0198494289,-0.0146506112
101762.777646,-0.120360948,-0.215038297,-0.270483997,-0.106209606,-0.0368417278,-0.0322826058
101762.787674,-0.0569707182,-0.239128197,-0.453914565,-0.0755070895,-0.0616064668,-0.0459243804
101762.797702,-0.0416419239,-0.260126854,-0.535424389,-0.0413882658,-0.0867275298,-0.0607185066
101762.807730,-0.0751966953,-0.284147196,-0.529874938,-0.0110410145,-0.103971496,-0.0803212374
101762.817757,-0.0857604671,-0.292219736,-0.444762706,0.0293186605,-0.116171442,-0.0973992869
101762.827785,-0.108486386,-0.352589449,-0.361461322,0.061100293,-0.116154663,-0.108066849
101762.837813,-0.139726158,-0.402486283,-0.231198281,0.076935716,-0.121961415,-0.118612431
101762.847841,-0.157727094,-0.408472664,-0.0785252552,0.0702921897,-0.13236931,-0.126892999
101762.857869,-0.150256028,-0.41379912,0.0603577303,0.0588587075,-0.132150128,-0.135816976
101762.867897,-0.109410807,-0.424948291,0.186147426,0.0540455766,-0.115589537,-0.138802111
101762.877925,-0.0141050977,-0.403688353,0.251577637,0.0644593388,-0.0911537036,-0.134680077
101762.887953,0.115730073,-0.364282517,0.189407889,0.100947842,-0.0749963075,-0.117731728
101762.897981,0.228162567,-0.372375223,0.0473643932,0.129528612,-0.0792046338,-0.0858515576
101762.908008,0.302564897,-0.362609908,-0.0221270761,0.139436111,-0.104857795,-0.0493196398
101762.918036,0.312682386,-0.374410528,-0.012443302,0.128737926,-0.129545033,-0.0135264918
101762.928064,0.265853123,-0.376561861,0.142912679,0.100458086,-0.143813178,0.0215747692
101762.938092,0.162347448,-0.323015272,0.363064081,0.0651328489,-0.130823612,0.0513803363
101762.948120,0.13915888,-0.254653683,0.567406504,0.0384991094,-0.0972033441,0.0800604522
101762.958148,0.152690269,-0.196939453,0.610422055,0.0273516495,-0.065214783,0.11698997
101762.968176,0.171124044,-0.173233583,0.536422168,0.000486744568,-0.0505162627,0.152853966
101762.978204,0.228691559,-0.113602122,0.472286673,-0.0390502773,-0.0649918765,0.183821738
101762.988232,0.233575824,8.76782835e-07,0.31234804,-0.074702017,-0.0916138962,0.208677292
101762.998260,0.222224993,0.156719963,0.143372698,-0.0958360657,-0.108150527,0.22681421
101763.008287,0.26889439,0.297404737,0.0703057084,-0.0965625718,-0.100439884,0.235727012
101763.018315,0.311371304,0.444246865,0.0218061736,-0.0850052536,-0.0863301829,0.235910505
101763.028343,0.340781815,0.542334899,-0.0130710785,-0.0806935951,-0.0746093467,0.223271146
101763.038371,0.320785905,0.619349165,-0.0710223322,-0.0805884004,-0.0636355281,0.205468982
101763.048399,0.340406844,0.666158263,-0.0617459698,-0.0880098268,-0.0449518524,0.186102733
101763.058427,0.390865988,0.688611502,-0.0152957688,-0.0936413482,-0.0237283222,0.173912644
101763.068455,0.414255339,0.6893442,-0.0331529125,-0.101426572,-0.0108271725,0.165565237
101763.078483,0.450987279,0.712281716,-0.123594231,-0.11105869,-0.0238159411,0.164148167
101763.088511,0.488229799,0.733040134,-0.264053087,-0.120327026,-0.0633638874,0.167613208
101763.098538,0.446320749,0.772783239,-0.387548534,-0.115741327,-0.119794138,0.164037108
101763.108566,0.416097168,0.846584388,-0.48466217,-0.0973474085,-0.187729239,0.149254441
101763.118594,0.357875573,0.912832345,-0.539307368,-0.0801068991,-0.252797723,0.11477422
101763.128622,0.301783391,0.924544703,-0.448322444,-0.0563717,-0.292407572,0.0724262893
101763.138650,0.292530409,0.886229293,-0.197467276,-0.0227985587,-0.296293914,0.026466785
101763.148678,0.276099207,0.803972158,0.0709404991,0.0135762263,-0.277138054,-0.0164047815
101763.158706,0.356862304,0.669935443,0.285461786,0.0528671741,-0.252358139,-0.0583626181
101763.168734,0.456482077,0.535174506,0.376039883,0.0848283023,-0.233819336,-0.0897548944
101763.178762,0.532915621,0.363380308,0.459416085,0.101053342,-0.222969353,-0.118261896
101763.188789,0.562534222,0.192894269,0.572992195,0.0999699682,-0.207620218,-0.138249204
101763.198817,0.580199643,0.0279085821,0.736989164,0.086223796,-0.176935285,-0.149319962
101763.208845,0.582491845,-0.0851335674,0.92751232,0.0750776678,-0.132886067,-0.150879502
101763.218873,0.605794103,-0.191387664,0.998045992,0.067645587,-0.0772323906,-0.143256471
101763.228901,0.587998626,-0.256427707,1.03668289,0.0504929647,-0.0266634896,-0.137573555
101763.238929,0.549738746,-0.305126856,0.995878585,0.0335142463,0.0122567452,-0.133339137
101763.248957,0.470854009,-0.30391748,0.8752169,0.0276944432,0.04537981,-0.133413702
101763.258985,0.389100732,-0.309311448,0.739514883,0.0338918827,0.0740825608,-0.13584277
101763.269013,0.266570623,-0.337336643,0.623888854,0.0377388187,0.0960496441,-0.139727786
101763.279041,0.163205234,-0.333643341,0.511803859,0.0429335833,0.102265194,-0.147622734
101763.289068,0.0825491039,-0.306572963,0.349897726,0.0539691895,0.110765204,-0.157395199
101763.299096,0.0729366414,-0.254794261,0.268926831,0.0678234845,0.121610396,-0.165860325
101763.309124,0.103576402,-0.230585118,0.191243287,0.083777681,0.13177143,-0.167080045
101763.319152,0.127510528,-0.249564251,0.119947399,0.101115659,0.129909873,-0.156679869
101763.329180,0.165852533,-0.228964238,-0.00324234292,0.120379373,0.12480326,-0.138132289
101763.339208,0.183138891,-0.249428058,-0.0884580357,0.130548924,0.11245019,-0.109771743
101763.349236,0.144191613,-0.315031287,-0.0580786795,0.11978469,0.0895595178,-0.0760539919
101763.359264,0.0468301402,-0.336130774,-0.0312345117,0.0841856822,0.0568761453,-0.0434947237
101763.369292,-0.0305599734,-0.297457344,0.0285129778,0.0460518785,0.0268543307,-0.0161432587
101763.379319,-0.0887412365,-0.228569102,0.0893681362,0.02669123,0.016394766,0.0158857796
101763.389347,-0.0946098363,-0.189435361,0.149614807,0.0169390012,0.016637912,0.0483726189
101763.399375,-0.0863943811,-0.161568572,0.230173614,0.00413691858,0.0179069079,0.071865961
101763.409403,-0.0807809252,-0.0725423814,0.207865336,-0.00316466996,0.0196342357,0.0854749829
101763.419431,-0.0249006325,0.0182756614,0.156519764,3.83138831e-05,0.0220470596,0.0893565342
101763.429459,0.0181263161,0.115024263,0.0756616824,-0.000711365952,0.0135230785,0.0756090358
101763.439487,-0.0451765278,0.206934193,-0.0389361721,0.00171077903,-0.00416244194,0.0571916774
101763.449515,-0.0940071942,0.235190858,-0.0829465788,0.0114805857,-0.00648125634,0.0321688801
101763.459543,-0.114396195,0.250730372,-0.0850736539,0.0337083936,-0.00393713824,0.00369915459
101763.469571,-0.0887286693,0.272036195,-0.0819341868,0.0503779165,0.00323502067,-0.0300161969
101763.479598,-0.0680453622,0.316807065,-0.025675124,0.0540738516,0.00491547538,-0.0702533647
101763.489626,-0.0764975487,0.363589567,0.0323299057,0.0520122983,0.0108601833,-0.115592882
101763.499654,-0.0933896468,0.362112772,0.0757183811,0.0630803928,0.0243482962,-0.157306254
101763.509682,-0.0864227304,0.344187531,0.108577864,0.0897322446,0.0453300104,-0.190187767
101763.519710,-0.0677989862,0.319969036,0.083019644,0.11858014,0.0590346381,-0.22337687
101763.529738,-0.0271785143,0.338950215,0.00417465534,0.14856787,0.0661439449,-0.251033008
101763.539766,0.0497869442,0.343800578,-0.038265141,0.16695486,0.0740620494,-0.270170212
101763.549794,0.103453945,0.337797246,0.00117430448,0.174506783,0.0793652087,-0.284232229
101763.559822,0.189072958,0.301020298,0.0496048656,0.174775764,0.0826424882,-0.285326809
101763.569849,0.253376503,0.248850258,0.0545779779,0.175345957,0.0813186318,-0.281487048
101763.579877,0.291748611,0.250519652,-0.0215437233,0.178648531,0.0685008392,-0.273824066
101763.589905,0.293791515,0.267358267,-0.0759083507,0.172358155,0.0493463241,-0.259103715
101763.599933,0.325743528,0.259668881,-0.0545049126,0.15768519,0.0309039336,-0.239925489
101763.609961,0.324974297,0.271411926,-0.0166980368,0.148231506,0.0184049197,-0.214610279
101763.619989,0.361991484,0.255561153,-0.0253109669,0.143745676,0.00549790869,-0.190924123
101763.630017,0.394278719,0.267815947,-0.00997778866,0.135861918,-0.00642053597,-0.161488205
101763.640045,0.399216176,0.23825726,0.0337193143,0.129332647,-0.0157836769,-0.12937288
101763.650073,0.444122362,0.243533739,0.114034375,0.121683784,-0.0184479039,-0.104210265
101763.660101,0.428505399,0.265928526,0.216380067,0.112286024,-0.0119705638,-0.0828178898
101763.670128,0.358048591,0.279293034,0.37046179,0.0947536379,0.00912193861,-0.0688291043
101763.680156,0.238231248,0.334107451,0.515078936,0.0729066581,0.0341924056,-0.0671225488
101763.690184,0.159363171,0.440500372,0.558424741,0.0518764779,0.0661585927,-0.0699937046
101763.700212,0.102914139,0.498294097,0.521761774,0.0282039065,0.0993309245,-0.0719026625
101763.710240,0.0879229059,0.585254588,0.460512648,0.00449324958,0.122119591,-0.0755850151
101763.720268,0.0916235139,0.652846069,0.301755918,-0.0154975029,0.13045156,-0.072549805
101763.730296,0.122300976,0.673073449,0.161754743,-0.0383586101,0.130098164,-0.068049863
101763.740324,0.157459968,0.685306031,0.0187047005,-0.0618663318,0.11028903,-0.05938261
101763.750352,0.169167941,0.723959294,-0.144812376,-0.0815934315,0.0805969164,-0.0598273575
101763.760380,0.189072958,0.791081989,-0.279145443,-0.0890995488,0.0499220975,-0.0684293658
101763.770407,0.22355595,0.889427212,-0.412263289,-0.0793768838,0.0260692313,-0.089789778
101763.780435,0.257080618,1.01181791,-0.434920526,-0.0646621212,0.0252923872,-0.118274413
101763.790463,0.284554024,1.07437111,-0.319185777,-0.0386456996,0.0473657325,-0.148078933
101763.800491,0.325263635,1.07562841,-0.198857854,-0.00601558387,0.0814347491,-0.168892324
101763.810519,0.376285966,1.02141255,-0.083967154,0.0128758149,0.105624504,-0.178031504
101763.820547,0.449062157,0.909985431,-0.0620890842,0.00603681756,0.105716921,-0.162862673
101763.830575,0.48902738,0.730021371,0.0188496619,-0.0387631468,0.0801670849,-0.137933612
101763.840603,0.439290412,0.564165915,0.156151516,-0.117964223,0.0538510606,-0.116702355
101763.850631,0.362981371,0.521772296,0.413497215,-0.188780069,0.0522196069,-0.0972793922
101763.860659,0.298061448,0.510815433,0.632210108,-0.21309261,0.0822432861,-0.0786199495
101763.870686,0.284673266,0.52503422,0.650574032,-0.202347815,0.123606704,-0.064988561
101763.880714,0.244874632,0.564538255,0.500379379,-0.178811327,0.137904957,-0.0608771741
101763.890742,0.180773331,0.647120969,0.263050632,-0.156980336,0.111387588,-0.0663686097
101763.900770,0.101662677,0.684936321,0.00405716644,-0.140030384,0.0564290024,-0.0800886825
101763.910798,0.0440460625,0.722946902,-0.139056589,-0.137637794,-0.00269370852,-0.110285468
101763.920826,-0.0990101171,0.779225839,-0.0871557209,-0.142128155,-0.0430637673,-0.160041049
101763.930854,-0.234602244,0.863979175,0.0711070879,-0.130221695,-0.0472478606,-0.214869678
101763.940882,-0.243710849,0.867153713,0.230914788,-0.104539499,-0.0256829131,-0.270814449
101763.950910,-0.159198044,0.833487006,0.313655615,-0.0810030103,0.00218813214,-0.328055084
101763.960938,0.0143158179,0.767240218,0.338013811,-0.061483372,0.0255429894,-0.371301621
101763.970965,0.237501765,0.651909373,0.30823359,-0.0531641878,0.0330576301,-0.400286406
101763.980993,0.443459222,0.465654687,0.243572025,-0.0443230271,0.0249831937,-0.409264177
101763.991021,0.616908202,0.288082782,0.176457222,-0.0209175665,0.000590501761,-0.401730359
101764.001049,0.730092098,0.102450321,0.193127786,-0.00431382423,-0.0306734107,-0.38975814
101764.011077,0.651517158,-0.00301087225,0.401414563,0.0200794004,-0.0559409484,-0.399853915
101764.021105,0.401009781,-0.0501581156,0.733189187,0.0610180423,-0.038635198,-0.439501464
101764.031133,0.00755523769,-0.0310065482,1.19728262,0.0909983143,0.0307611879,-0.521566987
101764.041161,-0.525544508,-0.0794867937,1.75676826,0.0980378464,0.150827944,-0.646299601
101764.051189,-1.04985012,-0.182018947,2.21203074,0.0966703147,0.317493081,-0.775975049
101764.061217,-1.2805045,-0.383422102,2.38060451,0.0974492878,0.493825495,-0.884369135
101764.071244,-1.16974374,-0.494574492,2.08717452,0.0750321299,0.631235301,-0.958904922
101764.081272,-0.814533591,-0.5961454,1.54754099,0.0205515791,0.709883511,-0.977749169
101764.091300,-0.216826641,-0.654154813,0.874594385,-0.0392659493,0.733225048,-0.928206682
101764.101328,0.517709869,-0.715034229,0.14530162,-0.0860294625,0.699388564,-0.806254148
101764.111356,1.21335785,-0.770234139,-0.713338239,-0.131123438,0.587379456,-0.64589721
101764.121384,1.62878983,-0.657101096,-1.51612586,-0.193864316,0.417464405,-0.500861466
101764.131412,1.65569274,-0.443136858,-2.04429166,-0.245938122,0.226183951,-0.388581067
101764.141440,1.44638626,-0.190151985,-2.30342658,-0.241661355,0.0736980066,-0.312899619
101764.151468,1.09822866,0.00725917735,-2.16397427,-0.192715913,-0.00701175164,-0.266917229
101764.161495,0.680616412,0.177661337,-1.70248079,-0.121976219,-0.0355754867,-0.259824157
101764.171523,0.361724649,0.349807709,-1.26355863,-0.0482455455,-0.0362695046,-0.277676135
101764.181551,0.173949915,0.480548597,-0.830558259,0.0154665895,-0.0189339239,-0.300471187
101764.191579,0.0567757802,0.501424797,-0.380150241,0.0484098904,0.0123523595,-0.320458472
101764.201607,-0.0135851655,0.476476818,0.113232411,0.0458692349,0.0495916083,-0.337476343
101764.211635,-0.138909581,0.401829573,0.557561402,0.00594312511,0.105624512,-0.354697406
101764.221663,-0.365982599,0.279584419,0.971312299,-0.0577112213,0.189097315,-0.370719254
101764.231691,-0.53370911,0.136615625,1.22482763,-0.121540263,0.28704223,-0.383232385
101764.241719,-0.609030308,0.0173787126,1.20786422,-0.167602301,0.373377383,-0.390031964
101764.251747,-0.557467586,-0.0331178412,0.823427092,-0.192961723,0.426491737,-0.391066343
101764.261774,-0.44012394,-0.0661222852,0.27735213,-0.220214114,0.430570364,-0.38775149
101764.271802,-0.271107974,-0.0894414937,-0.240623697,-0.232202336,0.404269516,-0.381705582
101764.281830,-0.123996674,-0.118712596,-0.66989365,-0.203843668,0.367754668,-0.362917513
101764.291858,0.0596159721,-0.165551212,-1.09005091,-0.161082625,0.318641424,-0.326941401
101764.301886,0.205135327,-0.200349554,-1.44264562,-0.119302139,0.248215228,-0.283147335
101764.311914,0.22707331,-0.271361657,-1.64986389,-0.0972533002,0.154613107,-0.236249849
101764.321942,0.186732532,-0.296881298,-1.71221834,-0.0978711545,0.0529162958,-0.199117124
101764.331970,0.0712859516,-0.326392932,-1.60397775,-0.105452105,-0.0362948067,-0.172438905
101764.341998,-0.077705171,-0.33992549,-1.3427403,-0.108755223,-0.10125117,-0.15096797
101764.352026,-0.188084823,-0.336937122,-0.999551136,-0.103517056,-0.140018538,-0.141331062
101764.362053,-0.301645152,-0.341267552,-0.627460868,-0.0973912477,-0.157312036,-0.143598735
101764.372081,-0.401667368,-0.326461028,-0.298726926,-0.0952780321,-0.161569104,-0.159372374
101764.382109,-0.452661935,-0.316801512,-0.0273743291,-0.0949749649,-0.153077081,-0.18645592
101764.392137,-0.456496398,-0.292201324,0.163823366,-0.0906710327,-0.134783819,-0.224013686
101764.402165,-0.44237961,-0.309684373,0.260422038,-0.0758918151,-0.107815862,-0.257462204
101764.412193,-0.347396557,-0.388487861,0.298615867,-0.0527915619,-0.0732411072,-0.285488784
101764.422221,-0.185137372,-0.442372011,0.232663677,-0.0106952395,-0.0414767824,-0.297302306
101764.432249,0.0534586185,-0.496201217,0.0794189892,0.0331744775,-0.0117551079,-0.288661659
101764.442277,0.303286781,-0.591140139,-0.0531762944,0.0596929044,-0.000624159584,-0.262415946
101764.452305,0.556636981,-0.666454615,-0.182763628,0.0589911602,-0.0232783388,-0.217121154
101764.462333,0.700168377,-0.760028679,-0.245675719,0.0415160321,-0.0571827777,-0.14822039
101764.472360,0.833705325,-0.886293298,-0.225749953,0.020066401,-0.109705374,-0.0604892075
101764.482388,0.864316736,-0.972517583,-0.222082078,-0.0126808928,-0.172427341,0.0271828528
101764.492416,0.822492441,-0.939137584,-0.151257314,-0.0366165861,-0.237591431,0.0926018059
101764.502444,0.6442346,-0.787809835,-0.0322901582,-0.052576378,-0.275861055,0.130162761
101764.512472,0.413022875,-0.621360213,0.261762931,-0.0558773652,-0.263500273,0.138578355
101764.522500,0.197439219,-0.475790589,0.638783641,-0.0591408052,-0.20517011,0.119267501
101764.532528,0.014347382,-0.387577468,0.962285528,-0.0554041229,-0.106271766,0.089636907
101764.542556,-0.0636217006,-0.372230846,1.17633627,-0.0503843315,0.0126192076,0.0706144795
101764.552584,0.0354521294,-0.387838749,1.16715344,-0.0545156933,0.110022724,0.0639440641
101764.562612,0.176510705,-0.332460561,0.883093917,-0.0747740865,0.164398089,0.0654918924
101764.572639,0.364976637,-0.23948914,0.459052512,-0.11035499,0.171013907,0.0750137568
101764.582667,0.524344192,-0.138963357,-0.0343792395,-0.132463232,0.155347064,0.100846954
101764.592695,0.640757279,-0.0585962736,-0.417888727,-0.125145391,0.131430283,0.140737116
101764.602723,0.708282125,-0.0105015203,-0.783419491,-0.0882651284,0.0932903513,0.193714321
101764.612751,0.742168612,0.0813376823,-1.10881406,-0.0587285459,0.0284604896,0.236418635
101764.622779,0.66826371,0.195429341,-1.27405255,-0.0513963327,-0.0666298121,0.270346493
101764.632807,0.558092732,0.314638489,-1.28649995,-0.0601685196,-0.165327623,0.287156373
101764.642835,0.456298538,0.444720036,-1.09876847,-0.0563844331,-0.24472177,0.2913993
101764.652863,0.3734788,0.593857581,-0.780550658,-0.03638063,-0.287847698,0.282598644
101764.662891,0.279612183,0.717436907,-0.407271472,-0.0106126815,-0.299100876,0.258703679
101764.672918,0.167166831,0.850114023,0.0147556706,-0.00373107381,-0.275053054,0.207591787
101764.682946,-0.000471416904,0.959071534,0.513622307,0.00163226633,-0.210055411,0.139489427
101764.692974,-0.176948805,1.00898181,0.912533947,0.0185952708,-0.119442694,0.0652540699
101764.703002,-0.342361485,0.973122856,1.1248171,0.0356616043,-0.0234666243,-0.00851628929
101764.713030,-0.458354593,0.891937734,1.20675012,0.0413897969,0.0582082644,-0.0668376535
101764.723058,-0.455950747,0.762287271,1.14329734,0.0267442781,0.103960305,-0.114948727
101764.733086,-0.375342256,0.679928429,0.9614935,0.000438903866,0.122270867,-0.147629172
101764.743114,-0.209585,0.593102087,0.717720984,-0.0221420377,0.127780154,-0.158669561
101764.753142,0.0169844525,0.546648378,0.451068528,-0.0214485507,0.122568607,-0.154290259
101764.763170,0.189469556,0.496289479,0.189713009,-0.0176937599,0.104578421,-0.143955603
101764.773197,0.264928701,0.442248969,0.0927040027,-0.0316689648,0.0804672241,-0.132433966
101764.783225,0.269245103,0.414123237,0.0428828639,-0.0406779088,0.0450344048,-0.123673506
101764.793253,0.254928993,0.3999781,0.00394493823,-0.0267487746,0.0138272177,-0.111688748
101764.803281,0.248368904,0.378639544,-0.0149421331,0.00176542439,-0.0156310722,-0.103000186
101764.813309,0.1597586,0.331370135,0.108346977,0.0168855209,-0.0319197625,-0.105723798
101764.823337,0.0498936195,0.294283975,0.33563773,0.0367644206,-0.0418357775,-0.12266656
101764.833365,-0.0931318727,0.246103297,0.486747744,0.0423767641,-0.0302033573,-0.147330627
101764.843393,-0.198801448,0.22184067,0.714693745,0.0513303131,0.00165790308,-0.172410414
101764.853421,-0.219682031,0.101711485,0.853852041,0.0422065891,0.0503578,-0.187255666
101764.863449,-0.160095869,-0.0158653854,0.971181366,0.0125368461,0.10156665,-0.189651176
101764.873476,-0.0541387097,-0.12569851,0.967562591,-0.0401008017,0.145804435,-0.179289088
101764.883504,0.103774263,-0.201690447,0.822939601,-0.092274785,0.165838063,-0.155763522
101764.893532,0.257559342,-0.233282102,0.544410829,-0.142448753,0.168401346,-0.140659943
101764.903560,0.342756037,-0.188350196,0.282393046,-0.171760559,0.153509215,-0.129954025
101764.913588,0.436618562,-0.0729398563,-0.055543608,-0.161695406,0.125756949,-0.128811538
101764.923616,0.499088755,0.0289326645,-0.390239089,-0.11257793,0.112488009,-0.130434737
101764.933644,0.616483839,0.0696644879,-0.605374708,-0.0280073844,0.0991242677,-0.130832613
101764.943672,0.671456369,0.103203185,-0.765565855,0.0505169816,0.0723480508,-0.132205203
101764.953700,0.703538145,0.131237147,-0.766875768,0.0791230649,0.0322403125,-0.135265172
101764.963728,0.680672233,0.127599667,-0.57672203,0.0674472377,-0.010970274,-0.140960336
101764.973756,0.600238222,0.132972885,-0.243974761,0.0476626083,-0.0234599672,-0.148722395
101764.983783,0.479179355,0.127956518,0.115481067,0.0453270152,-0.0023671987,-0.154451922
101764.993811,0.341559229,0.103075467,0.394628263,0.0542984046,0.0308490787,-0.166020691
101765.003839,0.18222353,0.102523678,0.561890371,0.0697500706,0.0631090105,-0.184782922
101765.013867,0.0507023055,0.0653583151,0.633884179,0.0875810012,0.0950520262,-0.207308203
101765.023895,-0.0536371899,0.0334466348,0.645253714,0.109028235,0.130712301,-0.228378609
101765.033923,-0.0842868874,-0.0140577514,0.68166066,0.119153835,0.165250301,-0.241596416
101765.043951,-0.0887426978,-0.0870771027,0.731746587,0.103987671,0.191088289,-0.250255942
101765.053979,-0.0639203912,-0.173062318,0.74769176,0.0729320124,0.208271801,-0.243199095
101765.064007,0.00929594387,-0.272827638,0.769871443,0.0309763066,0.227320328,-0.214263856
101765.074035,0.0786953511,-0.336721433,0.782457953,-0.00773726683,0.252001435,-0.174326822
101765.084062,0.143168992,-0.341916079,0.692708124,-0.0394643061,0.271132231,-0.127112702
101765.094090,0.213031049,-0.288000657,0.471273112,-0.0591570511,0.278956354,-0.0766101256
101765.104118,0.267607565,-0.231932733,0.179864984,-0.0721631274,0.269331664,-0.023173796
101765.114146,0.333615869,-0.0781473618,-0.168684834,-0.0816953778,0.239570603,0.0313352533
101765.124174,0.422672162,0.0622191403,-0.469703086,-0.0841577351,0.19263266,0.0823848546
101765.134202,0.44922027,0.208405435,-0.706049836,-0.0828839615,0.141774774,0.124812454
101765.144230,0.407673623,0.306913155,-0.796378341,-0.0766100809,0.0813138261,0.153756231
101765.154258,0.308168124,0.437942797,-0.790302821,-0.0667481348,0.0227232166,0.176221862
101765.164286,0.125133569,0.531838055,-0.567990442,-0.0699625686,-0.0117559312,0.182546332
101765.174314,-0.136944126,0.590744417,-0.146769939,-0.0785424709,-0.0195211768,0.168557808
101765.184341,-0.40429684,0.61362728,0.29322073,-0.0983223021,0.00832190551,0.146473557
101765.194369,-0.582238747,0.61907064,0.616672932,-0.110912398,0.0529263914,0.121838503
101765.204397,-0.71102324,0.595456248,0.7186796,-0.126513988,0.103628986,0.103523679
101765.214425,-0.65703183,0.562514933,0.665680416,-0.133095995,0.135124058,0.0908446386
101765.224453,-0.499433038,0.539978691,0.390143811,-0.150145292,0.135055885,0.0789954364
101765.234481,-0.354821738,0.548546905,0.0252034148,-0.167151436,0.106037281,0.0664311722
101765.244509,-0.2089128,0.58367141,-0.283355754,-0.169483304,0.0585677661,0.0457416102
101765.254537,-0.109430097,0.627447131,-0.533979451,-0.137054786,0.0136383744,0.0314873047
101765.264565,-0.0563102085,0.590481967,-0.609745763,-0.0811739415,-0.0176130198,0.0222203042
101765.274593,-0.0668508917,0.516130198,-0.484428946,-0.0274694376,-0.0281165279,0.0177643038
101765.284621,-0.11112258,0.377846932,-0.23137656,-0.00149509497,-0.0316731781,0.0158881061
101765.294648,-0.130592419,0.220613466,0.0523415971,-0.00810852274,-0.0354279689,0.0237734597
101765.304676,-0.122026251,0.0656093672,0.263598329,-0.0372022279,-0.0429801643,0.0421945453
101765.314704,-0.0761260851,-0.0499447651,0.429891884,-0.0821502581,-0.0519174635,0.0623187199
101765.324732,-0.05584376,-0.0949982511,0.550162524,-0.129751071,-0.0502178371,0.0794899836
101765.334760,-0.073265435,-0.102273795,0.584641132,-0.148964435,-0.0419162288,0.105939433
101765.344788,0.0351736047,-0.0925523192,0.433570281,-0.147773206,-0.0427149124,0.126334995
101765.354816,0.113681324,-0.0157104871,0.270559985,-0.142687365,-0.05210362,0.135780692
101765.364844,0.120498019,0.0179264096,0.113670803,-0.130907416,-0.0682104155,0.135040075
101765.374872,0.161987967,0.0901008344,0.00457739092,-0.113258906,-0.0810401961,0.123887278
101765.384900,0.158537534,0.126756787,-0.0187391873,-0.0909429491,-0.0767136216,0.105977513
101765.394928,0.16923633,0.110726566,0.0625631314,-0.064221859,-0.0632103309,0.0934529379
101765.404955,0.176074652,0.0515235587,0.08431436,-0.0579746179,-0.0512801707,0.0815667138
101765.414983,0.226542272,0.00918137758,0.108736854,-0.0749184415,-0.0473069996,0.0729897395
101765.425011,0.277192847,0.0108598322,0.157400639,-0.103179641,-0.0435050726,0.0658974797
101765.435039,0.302071268,-0.0105862759,0.160137955,-0.112381659,-0.0427151769,0.0582557991
101765.445067,0.361665613,0.00880494549,0.0458656791,-0.0982882157,-0.0390543975,0.0452867374
101765.455095,0.369677362,0.0357058119,-0.0239244809,-0.0584313497,-0.0343440622,0.0280947052
101765.465123,0.333718744,0.035099955,-0.061271338,-0.0164178517,-0.0379049778,0.00485143345
101765.475151,0.340353068,0.0288785962,-0.120977911,0.0241173245,-0.0513179861,-0.0183391068
101765.485179,0.371434435,-0.00112929629,-0.125522569,0.0649632961,-0.058106117,-0.0442503318
101765.495207,0.336067353,-0.0567234655,0.0131061498,0.101022758,-0.0470766351,-0.0678938776
101765.505235,0.283897021,-0.147191672,0.164274616,0.124546729,-0.0249899775,-0.0874097869
101765.515262,0.270222716,-0.229792214,0.294445888,0.129028291,0.00544995302,-0.104588509
101765.525290,0.277878491,-0.314393866,0.402507618,0.115008615,0.0435123853,-0.112395562
101765.535318,0.272568695,-0.423146794,0.532426961,0.0886513144,0.085481137,-0.107226901
101765.545346,0.360754343,-0.511741023,0.547580691,0.0531883873,0.127441108,-0.09054593
101765.555374,0.410598863,-0.557909193,0.452124175,0.0231657773,0.160519436,-0.0664400607
101765.565402,0.465282639,-0.516368683,0.221809106,0.0067788139,0.17779322,-0.0446604565
101765.575430,0.433921871,-0.430190575,-0.111420978,0.00371191767,0.181057736,-0.0256473515
101765.585458,0.434125284,-0.381323668,-0.345561742,0.0101477131,0.177035823,-0.000728954561
101765.595486,0.433490493,-0.373841496,-0.49544543,0.014088925,0.165726438,0.0317738615
101765.605514,0.464488274,-0.316704773,-0.617771833,0.017000027,0.147795916,0.0758166835
101765.615541,0.523479976,-0.281930982,-0.719249509,0.0135357864,0.122333966,0.123405777
101765.625569,0.553549536,-0.215964179,-0.759690825,-0.000759529823,0.077385664,0.162573963
101765.635597,0.501461914,-0.0939575099,-0.772044695,-0.0196906105,0.0396065935,0.176315069
101765.645625,0.339595527,0.0253694191,-0.656173167,-0.0310732275,0.0259230025,0.17718406
101765.655653,0.186923378,0.139826404,-0.473730442,-0.0232930686,0.0411195345,0.168949038
101765.665681,0.0226858791,0.209758018,-0.302304784,-0.00484668277,0.0707847551,0.151241407
101765.675710,-0.0782873548,0.245110194,-0.190019299,0.0159339625,0.0992571414,0.135684818
101765.685738,-0.0967047627,0.280665492,-0.192763629,0.026896866,0.105110236,0.125889182
101765.695766,-0.101224578,0.273489317,-0.271582898,0.0121930204,0.0805782601,0.119882412
101765.705794,-0.10027853,0.24789135,-0.292977569,-0.0147192869,0.0351034552,0.118581727
101765.715822,-0.110207511,0.285589212,-0.322732071,-0.0264201518,-0.00523757841,0.116425633
101765.725850,-0.17066987,0.310123057,-0.321796251,-0.0124196475,-0.038392067,0.0977158546
101765.735877,-0.327186712,0.378683968,-0.27477205,0.0116105871,-0.0604108162,0.0627387017
101765.745904,-0.493380022,0.430514693,-0.164036716,0.03992052,-0.0645062253,0.0152319027
101765.755933,-0.623216362,0.449025039,-0.04667758,0.0680610836,-0.0496809408,-0.0422020927
101765.765961,-0.668126056,0.440593019,0.100621936,0.0866060033,-0.0152731678,-0.0965897068
101765.775989,-0.656047203,0.390739147,0.26965573,0.0918188766,0.0304487795,-0.14045462
101765.786017,-0.569269083,0.296669409,0.323047713,0.0813033804,0.0749302283,-0.172061548
101765.796045,-0.469662462,0.212773274,0.215142049,0.0629747137,0.0942453369,-0.187790707
101765.806073,-0.336202378,0.130470254,-0.0531125815,0.0450297929,0.0830898881,-0.192945257
101765.816101,-0.168848208,0.0944587374,-0.378599504,0.0310529955,0.0445251837,-0.18125771
101765.826129,0.0102484223,0.0372588866,-0.662825611,0.0278348308,-0.0018662829,-0.159501821
101765.836157,0.168886494,-0.0169952662,-0.853036048,0.0462284833,-0.0528927147,-0.130300522
101765.846184,0.295469093,-0.00399111546,-0.989181718,0.0818794221,-0.0997909829,-0.0980363339
101765.856212,0.369601374,-0.00931377179,-0.953843862,0.111339845,-0.132781684,-0.0708518475
101765.866239,0.339447643,0.000751110628,-0.752844905,0.117607065,-0.157780245,-0.0480767637
101765.876268,0.271820507,-0.00238660288,-0.493549825,0.103964485,-0.169105336,-0.0256050099
101765.886296,0.281701557,-0.0278387318,-0.196956989,0.0974597186,-0.166750044,0.00237203063
101765.896324,0.32666415,-0.0391506916,-0.0142173259,0.0890198946,-0.157105401,0.0354455635
101765.906352,0.318040114,-0.0307014277,0.147825586,0.0711652637,-0.153213188,0.061334148
101765.916380,0.301184841,0.021369828,0.251925427,0.0478546098,-0.158005014,0.0811323524
101765.926408,0.312844006,0.0787540955,0.272829099,0.0357793048,-0.168436617,0.0957738832
101765.936435,0.304006328,0.14527824,0.291516848,0.0338192172,-0.167943135,0.107311495
101765.946464,0.288852598,0.162892514,0.372239906,0.029467348,-0.157295555,0.109501146
101765.956491,0.287869432,0.205968563,0.492246926,0.0226395354,-0.145313188,0.107344516
101765.966519,0.274687294,0.276110313,0.518805263,0.0117964763,-0.12570487,0.0936747789
101765.976547,0.249831378,0.312623642,0.580073094,0.00992906746,-0.101079419,0.0792548284
101765.986575,0.257011645,0.340317704,0.612346885,0.00831039809,-0.0759064183,0.055798769
101765.996603,0.216012402,0.37777942,0.60740183,0.0148844114,-0.0487118177,0.0320178047
101766.006631,0.194500243,0.32426761,0.616737814,0.0237980112,-0.0124305105,0.00743949367
101766.016659,0.215134743,0.297002586,0.60842299,0.0360512137,0.0165955499,-0.0145955011
101766.026687,0.28856852,0.283885038,0.500765748,0.0376043692,0.04229239,-0.0400766283
101766.036715,0.330831206,0.222696995,0.476974538,0.0291626826,0.0687463656,-0.0599861518
101766.046743,0.326959333,0.136102999,0.539830515,0.0147797493,0.106066845,-0.0691996291
101766.056770,0.38722617,0.0430716645,0.546147443,0.00139203807,0.135862559,-0.0739794672
101766.066798,0.419567182,0.0296127557,0.407695835,-0.00426504854,0.161346078,-0.0644530728
101766.076826,0.499128795,-0.0254980139,0.321302915,-0.00947126187,0.186488181,-0.0492546782
101766.086854,0.519971968,-0.0540621373,0.195131527,-0.00493430113,0.19683297,-0.029359268
101766.096882,0.53452218,-0.00604834025,-0.085517306,0.000878846913,0.197345093,-0.00811363384
101766.106910,0.557914453,0.0138014386,-0.279743993,-0.00377769023,0.186035439,0.0142145753
101766.116938,0.522223839,0.0576899724,-0.452068645,-0.00903397147,0.163573816,0.0317530893
101766.126966,0.450797602,0.186236857,-0.602988105,-0.00434254669,0.131455019,0.0357371792
101766.136994,0.380645915,0.303343772,-0.730822458,0.0275454335,0.0985138267,0.0430362523
101766.147022,0.295410641,0.361782225,-0.751560126,0.0593403801,0.0652663931,0.0466919765
101766.157050,0.188969789,0.41797436,-0.592733838,0.0747638121,0.0282644331,0.0533876941
101766.167078,0.0837643249,0.49739861,-0.321940628,0.0712614879,-0.0189720541,0.0559794828
101766.177105,-0.0489867337,0.558004177,-0.0668131901,0.0539466776,-0.0631219372,0.0513916537
101766.187133,-0.226159702,0.603879793,0.251199451,0.0311255213,-0.0891777724,0.0341072083
101766.197160,-0.438933854,0.63975044,0.590530775,0.0230343062,-0.0852986127,-0.00455257017
101766.207189,-0.647140843,0.681361969,0.860472336,0.0387410931,-0.0525856726,-0.0590283275
101766.217217,-0.765339352,0.725157564,0.996081414,0.0696819723,0.000188059174,-0.123918116
101766.227245,-0.787991329,0.733521196,1.12161976,0.0872511119,0.0550891273,-0.185911447
101766.237273,-0.723221335,0.670537793,1.19381523,0.0857006162,0.0931179971,-0.239697441
101766.247301,-0.604314678,0.569513413,1.16393389,0.0603286773,0.128865615,-0.274876744
101766.257329,-0.330374695,0.419537956,1.2262901,0.0284945853,0.159896761,-0.285209
101766.267357,-0.0569686724,0.272071559,1.16360714,-0.0226274561,0.186289489,-0.277312458
101766.277385,0.191431796,0.207559631,1.05712479,-0.0703731403,0.208420098,-0.267091513
101766.287413,0.410292281,0.177866504,0.903870163,-0.104585968,0.229406863,-0.257798404
101766.297440,0.562391014,0.206612414,0.732403005,-0.114603713,0.253170788,-0.255125403
101766.307468,0.693598058,0.284509892,0.556936548,-0.0999206454,0.263776809,-0.273140341
101766.317495,0.771309659,0.405190282,0.342656669,-0.065747492,0.267834395,-0.306581408
101766.327524,0.864520442,0.502217993,0.220877378,-0.0189805217,0.278772533,-0.350028753
101766.337552,0.881830766,0.536954375,0.291401698,0.0324717462,0.301995844,-0.399260461
101766.347580,0.824688198,0.532490674,0.472774748,0.091952391,0.340955228,-0.445558995
101766.357608,0.786807672,0.478429705,0.628852614,0.153457031,0.386070758,-0.48976934
101766.367636,0.768534641,0.482314146,0.729894822,0.199367255,0.430915207,-0.527248025
101766.377664,0.73207918,0.428846175,0.90933369,0.208943993,0.473330557,-0.555100441
101766.387692,0.68399524,0.365873878,1.11576227,0.187223509,0.512560546,-0.577561796
101766.397720,0.628382074,0.284001943,1.21949269,0.152231976,0.553732455,-0.583964586
101766.407747,0.575344604,0.197879657,1.28843588,0.114842787,0.595955312,-0.587437332
101766.417775,0.520020191,0.222599087,1.27988842,0.0985024348,0.646624565,-0.587962747
101766.427803,0.487731787,0.210925893,1.19110305,0.104035147,0.685506463,-0.582390904
101766.437830,0.482721265,0.175518479,0.944225555,0.121445835,0.702144325,-0.570186436
101766.447859,0.502634465,0.104493809,0.688214904,0.128605738,0.693291187,-0.560499191
101766.457887,0.463296141,0.0713017337,0.49995677,0.133409292,0.665997744,-0.553515553
101766.467915,0.454329283,0.0485319757,0.34679976,0.135135546,0.640533149,-0.546282411
101766.477943,0.359525678,-0.0141045132,0.33086277,0.138893798,0.622639894,-0.53690064
101766.487971,0.240405085,-0.0964846902,0.356323959,0.136897221,0.610479653,-0.52504319
101766.497999,0.137847797,-0.153872465,0.387143461,0.133571208,0.594455421,-0.506799221
101766.508026,0.0130403911,-0.182546186,0.360046195,0.119413838,0.562865794,-0.478244513
101766.518055,0.0122793436,-0.185944596,0.31840544,0.0879256874,0.528489709,-0.43809095
101766.528082,0.0443982369,-0.202569568,0.407371425,0.0465566739,0.510094464,-0.391714931
101766.538110,0.0500914801,-0.19033494,0.549530656,0.00405076053,0.521279454,-0.341970026
101766.548138,0.0649471039,-0.137938106,0.650872138,-0.0173573252,0.534749746,-0.293995827
101766.558166,0.0854392724,-0.012070377,0.485537784,-0.0119859967,0.534233868,-0.249347419
101766.568194,0.0110299281,0.0467494762,0.251437352,-0.00504340231,0.506610513,-0.21114409
101766.578222,-0.113469727,0.0605997224,0.0532815083,-0.00764531083,0.448355705,-0.179738238
101766.588250,-0.245007903,0.051624681,-0.0808610047,-0.017133886,0.381560445,-0.15970327
101766.598278,-0.458505108,0.0272191386,-0.155340199,-0.0102157928,0.30994457,-0.150112167
101766.608306,-0.556812922,0.0215615512,-0.2534937,0.0145681165,0.242302701,-0.146393329
101766.618334,-0.528391422,0.0567485999,-0.262706349,0.0345282406,0.175792113,-0.153472811
101766.628361,-0.481698644,0.117343646,-0.147483056,0.0299899504,0.13019,-0.169446453
101766.638389,-0.399359384,0.188944363,0.135274147,0.0132788802,0.113424599,-0.200250432
101766.648417,-0.331162922,0.268753813,0.389359968,0.00747585203,0.138584554,-0.245370775
101766.658445,-0.272988966,0.324040523,0.574639378,0.0217258949,0.196084604,-0.296061099
101766.668472,-0.209245685,0.316034035,0.647300125,0.0427363701,0.25190258,-0.356857359
101766.678500,-0.16914646,0.275749078,0.542708116,0.0500542037,0.294044435,-0.434665322
101766.688528,-0.0821906458,0.254447639,0.407527492,0.0508616753,0.337717891,-0.517732263
101766.698556,0.080406685,0.196990307,0.288826879,0.0700276494,0.393753439,-0.589612305
101766.708584,0.194776722,0.0920420316,0.124702484,0.118844189,0.45051235,-0.632149398
101766.718612,0.41757747,-0.0581862315,-0.190966224,0.175396144,0.46546492,-0.649499893
101766.728640,0.60189388,-0.153412154,-0.543114359,0.203570798,0.444688022,-0.655919969
101766.738668,0.594543371,-0.261609932,-0.779831696,0.202826977,0.393686354,-0.644744575
101766.748696,0.637283174,-0.363995371,-0.971740754,0.19181481,0.338607639,-0.61260289
101766.758723,0.701945031,-0.455212934,-1.06342886,0.177569821,0.283304721,-0.564793825
101766.768751,0.714924193,-0.448123414,-1.06000414,0.144522384,0.247970432,-0.531648099
101766.778779,0.623297172,-0.359671955,-0.899801307,0.100628167,0.24769932,-0.511237085
101766.788807,0.549553744,-0.249267606,-0.735877403,0.0683232248,0.290145308,-0.508229613
101766.798835,0.511121284,-0.135757693,-0.665482848,0.063224338,0.365928739,-0.49957934
101766.808863,0.551690903,-0.0725013187,-0.834734083,0.0976187959,0.435452431,-0.475993872
101766.818891,0.70231781,-0.00350128612,-1.22217331,0.13222684,0.478727996,-0.430778444
101766.828919,0.891217603,-0.00219502583,-1.55156075,0.143823043,0.468955278,-0.372680783
101766.838947,0.992050113,0.0230700561,-1.87158941,0.122332402,0.422199994,-0.315604448
101766.848975,0.93771252,-0.0116628191,-2.01245041,0.0810374245,0.374071896,-0.252870768
101766.859003,0.819325356,-0.0657438073,-1.99938869,0.0437688753,0.338889927,-0.192129388
101766.869031,0.599040829,-0.0994774423,-1.93327985,0.0261557959,0.313082308,-0.14046593
101766.879058,0.342381359,-0.096729751,-1.94399998,0.0238220692,0.283694863,-0.085704945
101766.889086,0.179870537,-0.0584898906,-2.00329972,0.0239642821,0.236055717,-0.0296214391
101766.899114,0.0376369261,0.00509966123,-2.07957515,0.0157907736,0.15361011,0.0195018984
101766.909142,-0.109075146,0.085231621,-2.07937817,-0.00590706524,0.0599083826,0.0596474558
101766.919170,-0.275285552,0.146096424,-1.87776546,-0.0199435223,-0.0200674124,0.0944736153
101766.929198,-0.424459046,0.155623546,-1.62257256,-0.0145159997,-0.0711143538,0.131202057
101766.939226,-0.522864037,0.133742992,-1.292797,-0.0107497573,-0.104726642,0.168826148
101766.949254,-0.559825986,0.137398446,-0.932090296,-0.0214101244,-0.128871381,0.208503783
101766.959282,-0.543594105,0.154249189,-0.582369096,-0.0506273992,-0.145479396,0.243731812
101766.969310,-0.549340102,0.180071028,-0.244039058,-0.0923415571,-0.157527536,0.263437331
101766.979338,-0.629190468,0.304401903,0.0476683446,-0.13839373,-0.158195719,0.263460517
101766.989366,-0.779593503,0.434953698,0.240117501,-0.161489993,-0.155999407,0.233855739
101766.999393,-0.977920319,0.591019143,0.323379721,-0.166053861,-0.135085076,0.173306376
101767.009421,-1.23320353,0.671292557,0.42227498,-0.140812948,-0.105444632,0.0980960429
101767.019449,-1.39929075,0.716071025,0.404362891,-0.0798145756,-0.0739807114,0.0241139624
101767.029477,-1.3446419,0.695044604,0.325860432,-0.0133545948,-0.0580933541,-0.0245201532
101767.039505,-1.11739893,0.61402154,0.239772048,0.023037767,-0.0710437819,-0.041404061
101767.049533,-0.867593858,0.489867191,0.200496269,-0.0029384396,-0.117140703,-0.0387699306
101767.059561,-0.653982672,0.39134515,0.279776726,-0.075985752,-0.18378523,-0.0363677591
101767.069589,-0.573347877,0.325134748,0.346162631,-0.144074529,-0.2294406,-0.0338212401
101767.079617,-0.580677781,0.225200794,0.432563734,-0.178357393,-0.244498119,-0.0446674973
101767.089645,-0.633559477,0.209975753,0.425431982,-0.173135728,-0.232289121,-0.0707129464
101767.099673,-0.650944327,0.188831696,0.417453843,-0.131369919,-0.202465981,-0.093433708
101767.109701,-0.508935318,0.114109633,0.281316357,-0.08445061,-0.179306865,-0.110766359
101767.119728,-0.309202727,0.0644281946,0.157905081,-0.0563294925,-0.171134159,-0.116835698
101767.129756,-0.0901817907,-0.0496805612,0.0841109464,-0.061266996,-0.177121475,-0.11234694
101767.139784,0.070286273,-0.149854608,0.0402343952,-0.0775909722,-0.195001483,-0.101378396
101767.149812,0.186547969,-0.234991974,-0.108572018,-0.0755611062,-0.214419127,-0.082702443
101767.159840,0.283092134,-0.348898193,-0.253223066,-0.055049181,-0.216426075,-0.0395760126
101767.169868,0.441544767,-0.538378855,-0.267220027,-0.0398113728,-0.226996973,0.0314670056
101767.179896,0.611664748,-0.706165133,-0.21318507,-0.0751531124,-0.257310927,0.115043923
101767.189924,0.75027973,-0.789795018,-0.108119014,-0.147233695,-0.310719281,0.194414377
101767.199952,0.782681971,-0.764027831,-0.0373421809,-0.210773259,-0.361846119,0.258761406
101767.209980,0.670756258,-0.696723643,0.0574053103,-0.23906295,-0.380220085,0.299893141
101767.220008,0.480859855,-0.588185234,0.173369777,-0.235926285,-0.362512171,0.301550955
101767.230036,0.238847335,-0.364048855,0.292934314,-0.210159138,-0.310715824,0.270800233
101767.240063,0.0677471099,-0.219094879,0.455431399,-0.169699326,-0.228741333,0.231986791
101767.250091,0.0795724261,-0.136845927,0.551017679,-0.118860915,-0.14432019,0.199135631
101767.260119,0.239273889,-0.061945584,0.438157024,-0.07525298,-0.0810972899,0.192239106
101767.270147,0.507407232,-0.110810737,0.2987468,-0.0600290261,-0.0561554581,0.216067195
101767.280175,0.736804163,-0.169155374,0.139664491,-0.0650131255,-0.0790277496,0.26978451
101767.290203,0.924958398,-0.25144232,-0.105825935,-0.083392933,-0.148217469,0.349819958
101767.300231,1.04734983,-0.320858386,-0.191886261,-0.143687963,-0.245035082,0.440320015
101767.310259,1.03411216,-0.280353065,-0.066382982,-0.221628577,-0.342372835,0.508498788
101767.320287,0.895564692,-0.115851946,0.153863113,-0.279795736,-0.395577729,0.557804525
101767.330315,0.705005587,-0.00215191734,0.481867571,-0.317456037,-0.397996664,0.582308054
101767.340343,0.503752947,0.0924178792,0.780868053,-0.333133548,-0.38070184,0.58163321
101767.350371,0.279155672,0.193329446,0.881868759,-0.340064406,-0.350506663,0.558207214
101767.360398,0.15226766,0.3184598,0.971955858,-0.33447817,-0.317612886,0.51047647
101767.370426,0.0618400778,0.485205191,0.918027868,-0.317829967,-0.293133914,0.443467349
101767.380454,0.0277127673,0.651082859,0.828413064,-0.290585279,-0.266220272,0.351952612
101767.390482,-0.0064475687,0.790467656,0.820973854,-0.237478107,-0.226593494,0.247429132
101767.400510,-0.0255883225,0.856356425,0.787035928,-0.153503314,-0.161901593,0.134978205
101767.410538,-0.0211126384,0.89055417,0.792042943,-0.0574992895,-0.0823266059,0.0242493041
101767.420566,-0.00458878909,0.898814341,0.817663122,0.0311309788,-0.00366215431,-0.0846572071
101767.430594,0.0304100436,0.844281079,0.837584797,0.0866080895,0.061212182,-0.165852457
101767.440622,0.124471306,0.707421124,0.818086315,0.117357217,0.0986082926,-0.21403569
101767.450650,0.238803495,0.544276096,0.71869246,0.112484165,0.102734588,-0.231742799
101767.460678,0.352007558,0.392115404,0.627045273,0.0835100338,0.0841249526,-0.227606118
101767.470706,0.379807126,0.301780176,0.555996052,0.0558224767,0.0516857877,-0.213052452
101767.480733,0.381792455,0.257477508,0.533400774,0.0346096009,0.0250664297,-0.195919007
101767.490761,0.337787601,0.219780231,0.576879851,0.0301149823,0.0159035567,-0.182551533
101767.500789,0.315030995,0.215509421,0.601471271,0.0252557788,0.0221516006,-0.173313051
101767.510817,0.266809108,0.211240073,0.666868749,0.0267846994,0.03953778,-0.16307053
101767.520845,0.268268367,0.210447462,0.661276044,0.0358154774,0.0450262874,-0.158858985
101767.530873,0.256399942,0.215944013,0.570130961,0.0471866429,0.0352306478,-0.152329981
101767.540901,0.268085704,0.188463886,0.561657731,0.0686642453,0.0176218301,-0.138384879
101767.550929,0.200842306,0.0826104787,0.663509502,0.0770337582,0.00247110566,-0.119439952
101767.560957,0.114192196,0.0126423317,0.911245076,0.0615519993,0.00307191466,-0.106242388
101767.570985,-0.0248228911,-0.0516904397,1.21433663,0.00954020023,0.0312678665,-0.103752606
101767.581013,-0.101463355,-0.0735258395,1.47715462,-0.0346602872,0.0715308636,-0.0934951678
101767.591041,-0.073418872,-0.0873965439,1.36436294,-0.055118423,0.0968149155,-0.104920931
101767.601068,-0.0561664161,0.124463415,1.09595925,-0.0439781547,0.121551424,-0.13110885
101767.611096,0.0604331337,0.300624576,0.828460994,0.00913300272,0.150737539,-0.155038953
101767.621124,0.229314952,0.4225348,0.589543517,0.0824498311,0.180673346,-0.17945534
101767.631152,0.365358622,0.500766333,0.362524568,0.162114292,0.197716504,-0.187601686
101767.641180,0.539812979,0.462908896,0.218550981,0.210947081,0.202197,-0.173122346
101767.651208,0.628004473,0.312004633,0.251111773,0.207867146,0.187330708,-0.150171489
101767.661236,0.673182462,0.250544494,0.333831557,0.162415236,0.162779555,-0.123290084
101767.671264,0.635224487,0.225626034,0.458846176,0.0931589305,0.148270398,-0.101236179
101767.681292,0.553245877,0.230732417,0.615753479,0.0284712799,0.145462349,-0.0917872861
101767.691320,0.424375167,0.340958633,0.687906861,-0.0263871755,0.165308759,-0.107452266
101767.701348,0.300883227,0.537404749,0.743530548,-0.038509883,0.207316935,-0.139901549
101767.711376,0.234172036,0.641815849,0.652311231,-0.00666620117,0.26516664,-0.165939271
101767.721403,0.279747792,0.629382191,0.521560699,0.0420904197,0.30927977,-0.176899791
101767.731431,0.379054847,0.582123012,0.287808642,0.0784052834,0.326842278,-0.17277801
101767.741459,0.526783402,0.543171058,0.00959200421,0.0779181942,0.312100351,-0.168008834
101767.751487,0.611836159,0.475638613,-0.112229956,0.0447426625,0.278665423,-0.154772639
101767.761515,0.606163228,0.369909709,-0.177327575,0.00537474919,0.239648238,-0.141905576
101767.771543,0.514372687,0.270038592,-0.190839383,-0.0289198421,0.210263461,-0.140859753
101767.781571,0.328622444,0.293959858,-0.138404262,-0.0356302075,0.193013355,-0.154540151
101767.791599,0.135703186,0.313967457,-0.0798731627,-0.0191963743,0.191390693,-0.178109378
101767.801627,-0.0399896267,0.323946415,0.006769348,-0.00216306164,0.189196259,-0.211995453
101767.811655,-0.227487298,0.392582729,0.0669026219,0.00968507584,0.172416747,-0.258437514
101767.821683,-0.346170668,0.452639723,0.0211386496,0.0223494712,0.156775191,-0.309319615
101767.831710,-0.359222896,0.476259083,0.0343833311,0.036460761,0.162728697,-0.367554933
101767.841738,-0.341639601,0.456767032,0.109294487,0.0632337928,0.190709725,-0.420873016
101767.851766,-0.275079801,0.385535733,0.14561434,0.0990690216,0.222635433,-0.46246174
101767.861794,-0.167576581,0.302822671,0.0840226836,0.136005729,0.232284874,-0.493240446
101767.871822,-0.140798464,0.190613173,0.0576893879,0.152923733,0.229781225,-0.511666596
101767.881850,-0.199626939,0.0432426371,0.176103001,0.144544631,0.232602581,-0.51376915
101767.891878,-0.259621096,-0.154729666,0.338747971,0.119854458,0.235372797,-0.496729463
101767.901906,-0.364400445,-0.341878085,0.468841501,0.0803850815,0.237484694,-0.473988712
101767.911934,-0.436640774,-0.460309673,0.481702151,0.0349430256,0.237288415,-0.453377694
101767.921962,-0.500939205,-0.537548395,0.385721903,0.00945844036,0.236063629,-0.4242872
101767.931990,-0.45329731,-0.570199496,0.166041626,0.0164809301,0.223747835,-0.381440669
101767.942018,-0.355659504,-0.517783957,-0.168846162,0.0559271388,0.183672324,-0.332550615
101767.952045,-0.253419173,-0.482986346,-0.411059758,0.0810804293,0.129193097,-0.274075329
101767.962073,-0.23655294,-0.510663603,-0.371180752,0.0793064982,0.0670674071,-0.216434151
101767.972101,-0.309499518,-0.535824202,-0.204950326,0.0479664169,0.0111194542,-0.168947041
101767.982129,-0.516560845,-0.560134321,0.0883668502,0.0102014625,-0.025253199,-0.132466018
101767.992157,-0.707442898,-0.557672461,0.39876434,-0.0276937224,-0.0414316393,-0.110056572
101768.002185,-0.946596522,-0.430204311,0.610979104,-0.0578833148,-0.034453623,-0.116432972
101768.012213,-1.11721729,-0.229590261,0.744040251,-0.0694416985,-0.0125235571,-0.142471492
101768.022241,-1.14962786,-0.00679170597,0.736112966,-0.0471771434,0.0231508184,-0.17759648
101768.032269,-1.0728135,0.136296622,0.598202625,0.00367458747,0.0576147847,-0.205476552
101768.042297,-0.871276054,0.18463819,0.404915264,0.0681332052,0.0669305176,-0.219111949
101768.052325,-0.568215483,0.22109219,0.15953882,0.110391982,0.0517449118,-0.220225692
101768.062353,-0.343439197,0.16497955,0.0849994196,0.117665872,0.0258150455,-0.214144349
101768.072380,-0.236900146,0.112772539,0.121491706,0.108320042,0.00772871822,-0.202260524
101768.082408,-0.173650055,0.0153061441,0.222411164,0.0872232765,0.0111881644,-0.17762655
101768.092436,-0.143739778,-0.0689193686,0.34886546,0.060432408,0.0253146365,-0.161173284
101768.102464,-0.2239128,-0.0889236073,0.378293799,0.0342745744,0.0369433276,-0.145145863
101768.112492,-0.26976109,-0.0944597603,0.320895503,0.0243300647,0.0438880511,-0.131342947
101768.122520,-0.236416746,-0.0708342623,0.270476983,0.0159256607,0.04006695,-0.117907576
101768.132548,-0.211410754,-0.0441162051,0.197145205,0.0235950314,0.0253844112,-0.107030421
101768.142576,-0.122085142,-0.0145230309,0.105354225,0.0270946585,0.0120371021,-0.0948481038
101768.152604,0.0311117621,0.0479516916,0.148799399,0.0283676479,0.00857366063,-0.0845509917
101768.162632,0.13770079,0.0749583565,0.209492645,0.0445972197,0.0220170319,-0.0718740746
101768.172660,0.25581279,0.0718489923,0.207969966,0.0634515956,0.0391845666,-0.0459247679
101768.182688,0.358766969,0.0368739789,0.17111703,0.0733577535,0.0405619554,-0.0181639772
101768.192715,0.364608973,0.0494891303,0.0604565145,0.0628537163,0.0243670065,0.0110945757
101768.202743,0.358828928,0.0491746575,0.0236900877,0.0276177023,-0.00614509778,0.0373189896
101768.212771,0.372492127,0.110729343,0.0662070409,-0.0304575842,-0.0273710229,0.0610701256
101768.222799,0.36666196,0.190114868,0.1576929,-0.0854228362,-0.0327279717,0.0795761645
101768.232827,0.368298183,0.249873755,0.227875274,-0.114777796,-0.022973612,0.0976406559
101768.242855,0.428042896,0.291050692,0.154244221,-0.106848769,-0.00195488008,0.115592755
101768.252883,0.559709082,0.324105844,-0.0994786114,-0.0699735731,-0.00261827372,0.136086315
101768.262911,0.736709032,0.371813643,-0.384190456,-0.0414401963,-0.0323146507,0.14670673
101768.272939,0.810653827,0.475720739,-0.504970799,-0.0471090004,-0.0821557119,0.141494662
101768.282967,0.699416681,0.566558363,-0.404614235,-0.0737379491,-0.117174409,0.12227463
101768.292995,0.53744625,0.638803223,-0.127948335,-0.0991730019,-0.110203318,0.0875288993
101768.303022,0.345883522,0.710344464,0.194914085,-0.120561115,-0.0474621765,0.0467873253
101768.313050,0.182734256,0.762921916,0.437854826,-0.124122031,0.0342254937,0.00154501293
101768.323078,0.144244513,0.808523976,0.372599971,-0.139856786,0.102757685,-0.04132469
101768.333106,0.217796802,0.822127115,0.239809458,-0.171771571,0.137336701,-0.0797066987
101768.343134,0.389156992,0.851026754,-0.0371861136,-0.192200676,0.144918993,-0.109495223
101768.353162,0.610005144,0.896777136,-0.373925667,-0.187698603,0.141108543,-0.131921709
101768.363190,0.799139184,0.912442177,-0.701685211,-0.146317348,0.124794014,-0.142024398
101768.373218,0.959809931,0.897412512,-1.04988841,-0.10419333,0.096071288,-0.149639964
101768.383246,1.00579032,0.81950042,-1.18002695,-0.0839043036,0.060860835,-0.163095862
101768.393274,1.00152302,0.712459411,-1.16114163,-0.0837876573,0.0317293145,-0.16657421
101768.403302,1.02097269,0.566499034,-1.02303255,-0.0930402726,0.014648065,-0.167586476
101768.413330,1.01798053,0.427787606,-0.866027632,-0.113454208,0.0162137374,-0.165350765
101768.423357,0.979568817,0.295026756,-0.698613548,-0.133113921,0.0305490009,-0.151937485
101768.433385,0.967554408,0.143981039,-0.590386982,-0.138283923,0.0482837893,-0.131298512
101768.443413,0.977344419,-0.0232841372,-0.560615529,-0.132963464,0.0554974936,-0.102542773
101768.453441,0.960450567,-0.137144033,-0.575603255,-0.12861824,0.0481216051,-0.0775098577
101768.463469,0.948832464,-0.175673962,-0.598811696,-0.108237073,0.0326819271,-0.0404221453
101768.473497,1.00000765,-0.286433262,-0.632570174,-0.0944562778,0.00820268225,0.0136983488
101768.483525,1.01349315,-0.371101257,-0.559781416,-0.0879685506,-0.0246282332,0.0738506317
101768.493553,0.955952233,-0.423797367,-0.453583726,-0.0988100171,-0.0679288357,0.126099199
101768.503581,0.796018422,-0.448573496,-0.301980959,-0.126393169,-0.107350014,0.162794352
101768.513609,0.537795502,-0.427774746,-0.075436057,-0.157187834,-0.145012975,0.172883213
101768.523637,0.236095552,-0.302018076,0.12611995,-0.171711653,-0.156309828,0.15659079
101768.533665,-0.0395626335,-0.165991065,0.341483533,-0.167544872,-0.123946294,0.12427333
101768.543692,-0.24076822,-0.0816112385,0.597808072,-0.144918114,-0.0581997745,0.0789671019
101768.553720,-0.346779301,0.0192176184,0.781279557,-0.119576544,0.0350643918,0.0228497684
101768.563748,-0.404220706,0.122290455,0.881088423,-0.0895520672,0.130826339,-0.0342132524
101768.573776,-0.336122737,0.226402864,0.68323127,-0.0557512231,0.196321994,-0.0894243047
101768.583804,-0.245417945,0.293323606,0.376499901,-0.0435997508,0.248612359,-0.150209099
101768.593832,-0.187169462,0.349888373,0.141125211,-0.0392558686,0.295959622,-0.205129594
101768.603860,-0.0974009283,0.330419411,-0.0583317775,-0.0236657243,0.341709554,-0.242855936
101768.613888,-0.00604629443,0.263497207,-0.288387903,0.000469970575,0.38504824,-0.267157018
101768.623916,0.0514534161,0.191923963,-0.503289129,0.0203416795,0.411338151,-0.28018707
101768.633944,0.0718909317,0.12724837,-0.716975134,0.0396732986,0.421139121,-0.286881715
101768.643972,0.0181717626,0.0596516279,-0.963778396,0.0500508398,0.412159204,-0.279883742
101768.654000,-0.0512764521,-0.0222708685,-1.120508,0.0570818521,0.381503552,-0.261305541
101768.664027,-0.102801472,-0.108411567,-1.26995038,0.0598403551,0.334284127,-0.236037195
101768.674055,-0.152989691,-0.13979104,-1.39042677,0.073356159,0.270309389,-0.207532316
101768.684083,-0.240035521,-0.174855632,-1.50553842,0.0819187537,0.200137496,-0.177788526
101768.694111,-0.362031231,-0.190501821,-1.44637545,0.0820292756,0.13199307,-0.138839781
101768.704139,-0.478847492,-0.22995208,-1.24025316,0.0719063357,0.0619868189,-0.103174739
101768.714167,-0.645181672,-0.248203192,-0.956257353,0.0408642665,0.00696777459,-0.0677211434
101768.724195,-0.764335874,-0.264357039,-0.646398208,-0.0101200901,-0.0350542441,-0.0339546576
101768.734223,-0.844094617,-0.244852712,-0.365799644,-0.0613356046,-0.0661272109,-0.0109390877
101768.744251,-0.887416164,-0.164856216,-0.248286194,-0.0942243189,-0.0901973918,-0.0007365169
101768.754279,-0.897432678,-0.0304296251,-0.235419114,-0.10303352,-0.104938254,-0.00969166309
101768.764307,-0.844441531,0.109968149,-0.327474297,-0.0805077031,-0.129663303,-0.0338984653
101768.774335,-0.743371705,0.269677065,-0.493348165,-0.0371578299,-0.146610335,-0.074164927
101768.784362,-0.612140549,0.366206179,-0.529728223,0.0233278833,-0.151129723,-0.123578809
101768.794390,-0.463833025,0.4111375,-0.538681345,0.0825350061,-0.145708323,-0.174604982
101768.804418,-0.353396235,0.403039533,-0.399219098,0.118166506,-0.126138881,-0.229914039
101768.814446,-0.2837392,0.423076651,-0.114809451,0.127844959,-0.0804100037,-0.287670553
101768.824474,-0.224477741,0.437561981,0.176313429,0.136423543,-0.0112865968,-0.334325403
101768.834502,-0.173707485,0.416517731,0.31449265,0.157116309,0.055701226,-0.368569672
101768.844530,-0.175484723,0.442284333,0.25284488,0.184437409,0.100602657,-0.415246904
101768.854558,-0.320540991,0.525949143,0.0777484256,0.229071453,0.121226706,-0.462292969
101768.864586,-0.330636707,0.564258562,-0.154980134,0.278535962,0.140909329,-0.525363505
101768.874614,-0.352187298,0.556003067,-0.256241537,0.306813926,0.182390988,-0.597696006
101768.884642,-0.295745134,0.501810727,-0.266338568,0.339280784,0.244580865,-0.661165297
101768.894669,-0.0832908621,0.342096551,-0.413009723,0.374918938,0.284342647,-0.712382376
101768.904697,0.143806267,0.235682002,-0.729374597,0.403147131,0.279393166,-0.760750711
101768.914725,0.309910291,0.221461315,-1.1356594,0.443335295,0.206406847,-0.821741939
101768.924753,0.275247558,0.263352538,-1.57195063,0.511503696,0.102274321,-0.877969742
101768.934781,0.185192171,0.197508485,-1.65253983,0.603156388,0.00288062147,-0.91123718
101768.944809,0.119006611,0.107097562,-1.34753748,0.697042942,-0.0736636892,-0.906620324
101768.954837,-0.00891892725,-0.10023849,-0.813543411,0.757198393,-0.131435633,-0.864406526
101768.964865,-0.139050013,-0.319491189,-0.210779762,0.767113626,-0.180174157,-0.782202244
101768.974893,-0.130887749,-0.562233778,0.32544133,0.709388554,-0.23448959,-0.676421463
101768.984921,-0.00800341984,-0.722304951,0.805508573,0.602961183,-0.296962559,-0.56118995
101768.994949,0.195942843,-0.793593533,1.15397422,0.470701665,-0.34077394,-0.443958968
101769.004977,0.489417548,-0.813667622,1.40577105,0.342863023,-0.358165443,-0.322127074
101769.015004,0.760367848,-0.80069109,1.55190445,0.248025432,-0.355605364,-0.193113685
101769.025032,0.989841058,-0.761922384,1.58570969,0.173497409,-0.334642291,-0.0567177609
101769.035060,1.18300961,-0.687537297,1.64287242,0.106575899,-0.308147043,0.0731835142
101769.045088,1.22664374,-0.573782469,1.70006029,0.0399726406,-0.285685122,0.187033385
101769.055116,1.10945586,-0.423173098,1.72047296,-0.0267259628,-0.265310347,0.28718102
101769.065144,0.967004811,-0.296952171,1.80025143,-0.0920306742,-0.243142471,0.372847438
101769.075172,0.798395819,-0.115174339,1.82233467,-0.15354836,-0.214785397,0.430805027
101769.085200,0.669631346,0.115909376,1.7549808,-0.214542732,-0.174285904,0.466482341
101769.095228,0.550354247,0.360118091,1.70690855,-0.26618275,-0.116160013,0.467763305
101769.105256,0.398988504,0.562901886,1.60408647,-0.28770721,-0.0558841564,0.449833035
101769.115284,0.292547653,0.739653269,1.40098791,-0.279237032,0.00867113285,0.409303993
101769.125312,0.20733459,0.895027809,1.09738198,-0.228888661,0.049444396,0.355574995
101769.135339,0.134781542,1.0224017,0.711391781,-0.174216628,0.0678258017,0.289650023
101769.145367,0.136147569,1.16187213,0.442857749,-0.124526888,0.0572157353,0.212623999
101769.155395,0.0942763665,1.25297572,0.261577053,-0.0836444348,0.0473764203,0.12902151
101769.165423,0.0488588696,1.24420745,0.292771232,-0.0518108718,0.058620289,0.0519536249
101769.175451,0.0301866101,1.22545906,0.455957469,-0.0275316332,0.0950872228,-0.0188691486
101769.185479,0.0689632077,1.1909597,0.635390492,-0.0165386368,0.153256506,-0.0872231722
101769.195507,0.0665367112,1.11551575,0.749854491,-0.0194462761,0.218238711,-0.145746931
101769.205535,0.136866823,1.03126057,0.752315328,-0.042070359,0.270186335,-0.201157466
101769.215563,0.183929165,0.918953312,0.681724957,-0.0690151602,0.312538296,-0.25177297
101769.225591,0.240856629,0.789236945,0.553250553,-0.0821772963,0.350737095,-0.282246739
101769.235619,0.337644832,0.636489539,0.354985404,-0.070518516,0.379373014,-0.287208736
101769.245646,0.468561222,0.477618681,0.0868628754,-0.0403821804,0.380835354,-0.266007841
101769.255674,0.628876872,0.31622605,-0.196695708,-0.0124618681,0.350101411,-0.219196647
101769.265702,0.711709469,0.155684483,-0.408466235,-0.0133745335,0.287294209,-0.160069942
101769.275730,0.74048592,0.0117363228,-0.409905912,-0.043796353,0.214099362,-0.0970150828
101769.285758,0.694750005,-0.0587274988,-0.250359493,-0.0928424597,0.147973329,-0.0477364846
101769.295786,0.455765308,-0.101181177,-0.0391968689,-0.125263259,0.105799519,-0.00423907302
101769.305814,0.219100432,-0.170229287,0.244618904,-0.129960015,0.088179782,0.038017571
101769.315842,0.0208393744,-0.266274709,0.494440052,-0.122609943,0.0827503949,0.0795975029
101769.325870,-0.13880276,-0.310048677,0.723534055,-0.119967289,0.0758544058,0.102308139
101769.335898,-0.266122003,-0.300658332,0.947141734,-0.12620309,0.0803207904,0.116131008
101769.345926,-0.344346083,-0.360784154,1.23505734,-0.136523902,0.103624783,0.120961457
101769.355954,-0.385924732,-0.397111459,1.47222418,-0.146514744,0.143070191,0.116662845
101769.365981,-0.368001538,-0.391392496,1.61341719,-0.146835402,0.182745159,0.109888569
101769.376009,-0.327450332,-0.407179848,1.60523798,-0.129710466,0.217967868,0.108486935
101769.386037,-0.252545751,-0.430819813,1.5088509,-0.0889867321,0.246469811,0.110329315
101769.396065,-0.150127579,-0.411488213,1.35338503,-0.0371645503,0.259188533,0.106916204
101769.406093,-0.150159874,-0.425254142,1.33629361,0.00171014271,0.270047307,0.0955602229
101769.416121,-0.271482068,-0.416622799,1.53050919,0.00577758858,0.307993084,0.0670715868
101769.426149,-0.599784341,-0.48931701,1.9954192,-0.0175876562,0.410411865,0.0386516675
101769.436177,-0.897772723,-0.782007579,2.39941676,-0.0373160839,0.534211874,0.0353155285
101769.446205,-0.897789236,-0.978680344,2.2968244,-0.0580312163,0.609232008,0.0385251679
101769.456233,-0.805026781,-0.957981985,1.86077108,-0.110379376,0.641915381,0.046039544
101769.466261,-0.673074033,-0.93674499,1.52539463,-0.166823491,0.644094408,0.0619260967
101769.476289,-0.412418479,-0.830199801,1.11580143,-0.183804065,0.634194911,0.0876434445
101769.486316,-0.238148831,-0.718884183,0.625955139,-0.160838291,0.613545835,0.115100905
101769.496344,-0.135182231,-0.64969155,0.224903565,-0.122066922,0.586412489,0.156139418
101769.506372,-0.0331534971,-0.580742225,-0.0468237105,-0.0917609483,0.538540006,0.184052005
101769.516400,-0.0711855599,-0.406222986,-0.259430688,-0.0737758279,0.48225385,0.19840458
101769.526428,-0.118419605,-0.305370017,-0.291121127,-0.0717259869,0.444489419,0.202294663
101769.536456,-0.176529848,-0.269601954,-0.13356559,-0.0581952669,0.442198843,0.212494299
101769.546484,-0.135560709,-0.365319313,0.0160369426,-0.0445883796,0.473237455,0.230992883
101769.556512,-0.0179446028,-0.38096901,0.081029347,-0.0399851054,0.506002843,0.239192501
101769.566540,0.122432786,-0.33931335,0.00113455699,-0.049599383,0.522685707,0.234343141
101769.576568,0.206721427,-0.3659297,-0.149601363,-0.0578671657,0.53427577,0.233172685
101769.586596,0.32196547,-0.400516737,-0.349840443,-0.0539943986,0.53373462,0.231312737
101769.596623,0.423369935,-0.358140653,-0.673941464,-0.0373392552,0.501736462,0.218121037
101769.606651,0.448267353,-0.246097452,-1.05745621,0.0112261502,0.452883691,0.201689601
101769.616679,0.427249772,-0.182647308,-1.30028356,0.0837253854,0.411077946,0.191488355
101769.626707,0.351403235,-0.260143074,-1.27740362,0.141078144,0.374967605,0.192863077
101769.636735,0.329401247,-0.279550809,-1.14197165,0.16326122,0.33217141,0.199964404
101769.646763,0.300546762,-0.230435626,-0.948869581,0.154685572,0.288638026,0.212661281
101769.656791,0.323131738,-0.193303289,-0.839851572,0.133954465,0.248056516,0.235127985
101769.666819,0.37694465,-0.160201668,-0.768384419,0.120145708,0.205426246,0.25089547
101769.676847,0.375871394,-0.0468893231,-0.778506585,0.121290602,0.164092913,0.261326551
101769.686875,0.39492067,0.134311878,-0.779554632,0.12989074,0.136676729,0.265201449
101769.696903,0.43429633,0.24719533,-0.717009037,0.157190278,0.118127823,0.262251735
101769.706931,0.429466572,0.367241952,-0.66382339,0.188465908,0.118902542,0.259119064
101769.716958,0.39689292,0.360916548,-0.507037083,0.208794609,0.127459005,0.264154822
101769.726986,0.359391603,0.287941766,-0.313795316,0.195538729,0.144522414,0.273423702
101769.737014,0.322189927,0.204406282,-0.104040805,0.141292527,0.165260181,0.298276573
101769.747042,0.328867688,0.110936994,0.140628952,0.0753143206,0.188596919,0.329619855
101769.757070,0.33087479,0.00210500946,0.224414905,-0.0360271148,0.22567372,0.358603835
101769.767098,0.292924158,-0.0181147718,0.322216523,-0.152639762,0.268428385,0.395382077
101769.777126,0.321541254,-0.0822585965,0.187148712,-0.285885692,0.316534132,0.430160046
101769.787154,0.416178709,-0.0328226577,-0.0631225189,-0.410936028,0.338151276,0.471851557
101769.797182,0.655874623,0.140912153,-0.674202745,-0.486947149,0.31876266,0.516984701
101769.807210,1.00903961,0.35907735,-1.53292561,-0.488758385,0.248951077,0.557178438
101769.817238,1.29148942,0.651039166,-2.38880652,-0.430527568,0.142872587,0.580491722
101769.827265,1.47247304,0.909706614,-2.95616743,-0.32295531,0.0291058067,0.592071712
101769.837293,1.53019019,1.01161128,-3.13904037,-0.186666429,-0.064804174,0.595156193
101769.847321,1.39750796,1.02419911,-2.88628258,-0.0536892004,-0.123643793,0.591528416
101769.857349,1.05796694,0.900221139,-2.24355459,0.0148073025,-0.148701206,0.56225574
101769.867377,0.613935031,0.781681269,-1.39054835,0.023795737,-0.135697529,0.524527788
101769.877405,0.249226854,0.643019671,-0.616142186,-0.00687935064,-0.0874620825,0.483552694
101769.887433,-0.0658332391,0.568701951,-0.0721335083,-0.0384974629,-0.0250908528,0.440593511
101769.897461,-0.308750307,0.565792201,0.188075763,-0.0718953684,0.037135236,0.401991248
101769.907489,-0.428026492,0.639303866,0.226222246,-0.0903699845,0.0857259408,0.369199753
101769.917517,-0.427241443,0.816864957,-0.00624210926,-0.0820113868,0.102075353,0.334209263
101769.927545,-0.463110483,1.0001453,-0.312440394,-0.0623980016,0.0936914608,0.289875895
101769.937573,-0.531630111,1.14122419,-0.506649545,-0.04286265,0.0703690946,0.239828452
101769.947601,-0.629569677,1.26607909,-0.603479688,-0.0226218291,0.0471910648,0.179255128
101769.957628,-0.722023212,1.29287255,-0.552817422,-0.00142066949,0.0282727703,0.121051997
101769.967656,-0.812653331,1.3165337,-0.433450454,0.0227302071,0.0199495926,0.0647700876
101769.977684,-0.876275031,1.23820733,-0.294694309,0.0451154076,0.0140767889,0.0149977384
101769.987712,-0.918388518,1.16868181,-0.170265966,0.0561190583,0.00287473481,-0.0341753997
101769.997740,-1.00769835,1.04289285,-0.0238859025,0.0561153293,0.00150720146,-0.076024577
101770.007768,-1.01216205,0.784698863,0.211788647,0.0379174165,-0.00687110284,-0.0987575948
101770.017796,-0.968206661,0.53109542,0.392582437,-0.0241848379,0.00722367689,-0.0920115411
101770.027824,-0.768902963,0.338592634,0.549677371,-0.0854862779,-0.012824866,-0.0932299346
101770.037852,-0.767779293,0.311523279,0.393296723,-0.136395007,-0.0332814083,-0.0916536003
101770.047880,-0.604087153,0.227118611,0.278138311,-0.158658504,-0.0600427128,-0.0820254833
101770.057908,-0.499768919,0.117591191,0.250337866,-0.176046804,-0.0771125033,-0.0664103031
101770.067936,-0.40773719,-0.031482349,0.432459689,-0.208147228,-0.0775655136,-0.041457016
101770.077963,-0.308501739,-0.158090813,0.708396691,-0.253947467,-0.0636449009,-0.0155942589
101770.087991,-0.225300455,-0.1899116,0.900245543,-0.273574978,-0.0412652977,0.00424256222
101770.098019,0.00265314486,-0.0424624465,0.537790534,-0.231194749,-0.0436048843,0.0234295726
101770.108047,0.307285861,0.118544692,-0.102265612,-0.186211303,-0.0817879513,0.028513547
101770.118075,0.434168283,0.238039525,-0.494668016,-0.149137437,-0.138425678,0.0227427445
101770.128103,0.512157495,0.291145969,-0.682834964,-0.111168206,-0.185382798,0.0177391954
101770.138131,0.53069663,0.244774533,-0.569351209,-0.0622515269,-0.214081287,0.0176089667
101770.148159,0.506985061,0.241263164,-0.416187769,-0.0179482084,-0.22586073,0.0117275808
101770.158187,0.419852758,0.234700736,-0.184351774,0.00237037893,-0.219003364,-0.00204309169
101770.168215,0.357510466,0.210539232,0.141098908,0.00214933651,-0.191368803,-0.012104515
101770.178243,0.303813545,0.157613405,0.404179936,-0.0169625729,-0.146610916,-0.0209448785
101770.188271,0.257650271,0.109891577,0.594334259,-0.0370497294,-0.0958390832,-0.0250285696
101770.198298,0.260908835,0.131762048,0.620268326,-0.0465140715,-0.0535986871,-0.0241878089
101770.208326,0.326445685,0.142731624,0.513475008,-0.0458085984,-0.0330587924,-0.0282954667
101770.218354,0.29671186,0.200733292,0.385000603,-0.0380441546,-0.0256184507,-0.0342268571
101770.228382,0.301760595,0.162832309,0.348763753,-0.0313167423,-0.0209533907,-0.0300984289
101770.238410,0.342802507,0.131476509,0.410207525,-0.0271571539,-0.0203632358,-0.0273505803
101770.248438,0.356691952,0.143247464,0.452888145,-0.0235413797,-0.0163317416,-0.0206708387
101770.258466,0.416793589,0.0739956489,0.530273582,-0.0224659946,-0.00493847253,-0.00808447227
101770.268494,0.458522497,0.00771437377,0.651546677,-0.0355383866,0.00793285109,0.00193433929
101770.278522,0.45798302,-0.0468297018,0.750965082,-0.0486770906,0.0180501994,0.0090929158
101770.288550,0.474834238,-0.0666324267,0.792667797,-0.0590362549,0.0297324229,0.0179274194
101770.298578,0.491593869,-0.0709377227,0.829283417,-0.0632392615,0.0449252203,0.0290503781
101770.308606,0.498556036,-0.0310167773,0.790326202,-0.0633090362,0.0523842052,0.0380763635
101770.318633,0.453717362,0.00704334264,0.721844786,-0.0561816134,0.0492067859,0.0394220576
101770.328661,0.392568116,0.0657229106,0.627906858,-0.0400862657,0.049834758,0.0338568538
101770.338689,0.332139732,0.074001348,0.628157033,-0.0110029504,0.0616008714,0.028815221
101770.348717,0.301054492,0.0722176795,0.613846184,0.0184164569,0.0811596587,0.0245142169
101770.358745,0.333033392,0.0535476119,0.629466362,0.0217113197,0.103056438,0.0167188775
101770.368773,0.320596045,0.038729982,0.690607936,0.00347718876,0.11907322,0.00408058055
101770.378801,0.292089424,0.0861179023,0.6722709,-0.0272540934,0.128592417,-0.0246570576
101770.388829,0.264119796,0.211278214,0.612853666,-0.0358486436,0.137541711,-0.0721766427
101770.398857,0.188382838,0.337443464,0.478992308,0.00205426174,0.169233054,-0.131257266
101770.408885,0.154518599,0.396795378,0.400740024,0.0832375288,0.227809027,-0.195598707
101770.418913,0.151699359,0.344969622,0.316379487,0.208787724,0.293399483,-0.23578687
101770.428941,0.301691986,0.212118171,0.153985862,0.325614482,0.337847382,-0.25851351
101770.438969,0.437436126,0.0466524456,0.0586421586,0.390847027,0.331584692,-0.257940382
101770.448996,0.514972918,-0.0843864023,0.020374095,0.392998308,0.278147817,-0.242625877
101770.459024,0.498553004,-0.261491566,0.0797282012,0.366938233,0.217670366,-0.186211064
101770.469052,0.541479086,-0.502672605,0.307395386,0.346212178,0.169537187,-0.0943490565
101770.479080,0.472442119,-0.67040233,0.551160887,0.311825424,0.137940913,0.0121134734
101770.489108,0.268325029,-0.746518332,0.918338834,0.26985693,0.122059152,0.107009627
101770.499136,0.0897532174,-0.802282451,1.19818746,0.215508491,0.100949079,0.181532606
101770.509164,-0.178242826,-0.757813341,1.36143156,0.134463966,0.077253066,0.223503754
101770.519192,-0.436827017,-0.645592298,1.56685593,0.0529067926,0.0715421885,0.23075448
101770.529220,-0.632630087,-0.466988712,1.72341895,-0.00747506134,0.105594158,0.20637323
101770.539248,-0.767944932,-0.329240284,1.84659291,-0.0175860189,0.175780177,0.17470932
101770.549276,-0.755759331,-0.213623608,1.81116387,0.000657433819,0.272763968,0.132878244
101770.559304,-0.652789955,0.0285473184,1.66648184,0.0311024245,0.348755419,0.076659441
101770.569331,-0.482182555,0.250548732,1.19955407,0.0833978504,0.391251743,0.00891288649
101770.579359,-0.2445454,0.433567358,0.668396689,0.128710732,0.416740328,-0.0769194663
101770.589387,-0.0394091417,0.67248352,0.194946818,0.195770472,0.417939276,-0.177661508
101770.599415,0.193462461,0.916904271,-0.393248207,0.307464778,0.411253422,-0.29124853
101770.609443,0.300186075,1.04997024,-0.840816034,0.452188939,0.409841418,-0.39905116
101770.619471,0.350683214,1.04017424,-1.0278192,0.609494984,0.416751236,-0.489141643
101770.629499,0.360486011,0.927605552,-1.03256318,0.753861487,0.422367573,-0.561721325
101770.639527,0.295337685,0.688827337,-0.887380801,0.795647264,0.443420947,-0.618459702
101770.649555,0.329355471,0.4255163,-0.56727148,0.787323534,0.438968658,-0.636703968
101770.659583,0.49762102,0.185291685,-0.546710338,0.729673028,0.424885064,-0.622438431
101770.669611,0.776478659,0.0838178086,-0.588241202,0.695398688,0.39772296,-0.573954821
101770.679639,1.0068863,-0.0271494343,-0.686693393,0.630516112,0.38933745,-0.525008559
101770.689667,1.12799997,0.0516954082,-0.613706483,0.608939409,0.357742518,-0.479140669
101770.699694,1.08236298,0.164460348,-0.703111444,0.608078957,0.369943261,-0.445658892
101770.709722,0.977449341,0.170736798,-0.448271006,0.641884327,0.388020515,-0.439558119
101770.719750,0.745202281,0.320900764,-0.412077995,0.692023158,0.416662306,-0.456798881
101770.729778,0.592621646,0.358880074,-0.272781168,0.734909356,0.471988142,-0.466159105
101770.739806,0.53655774,0.233923761,-0.0164127901,0.767184734,0.5320912,-0.466754586
101770.749834,0.516073865,0.15657734,0.0465033925,0.773942471,0.582640648,-0.473662823
101770.759862,0.573350946,0.12384068,0.0268570273,0.761084199,0.606167793,-0.462325752
101770.769890,0.752432159,-0.0204213682,-0.181346747,0.752623618,0.597386539,-0.426084131
101770.779918,0.883452448,-0.240679445,-0.484050176,0.64708519,0.572891593,-0.356922358
101770.789946,1.06392417,-0.427792063,-0.358635159,0.557740688,0.519227028,-0.265660614
101770.799974,1.15503359,-0.644206616,-0.715704384,0.473898768,0.44714883,-0.156616688
101770.810002,1.26844377,-0.717717258,-0.841197142,0.389049381,0.371625572,-0.0395537168
101770.820029,1.34511346,-0.795556723,-0.834596136,0.303109169,0.287607908,0.0752911121
101770.830057,1.34669036,-0.654132894,-0.909231398,0.247703165,0.210992217,0.160023049
101770.840085,1.24361401,-0.433646049,-0.952509399,0.244244263,0.154617101,0.231341168
101770.850113,1.061959,-0.293087605,-0.845824802,0.246728182,0.123095654,0.282261342
101770.860141,0.747713752,-0.110203784,-0.624079993,0.230188355,0.104563788,0.302049667
101770.870169,0.402993575,0.154344028,-0.350457113,0.223026857,0.104476966,0.301089615
101770.880197,0.088293785,0.277573517,0.0265764568,0.157289922,0.14640072,0.281343609
101770.890225,-0.169990802,0.371944174,0.600261311,0.096247606,0.214545682,0.248479143
101770.900253,-0.467778767,0.374597429,0.768819888,0.0498667918,0.288949341,0.209153578
101770.910281,-0.770626645,0.339399749,0.819185801,-0.0137734367,0.36957866,0.155921251
101770.920309,-0.971171941,0.312188027,0.905417977,-0.0948645622,0.435906291,0.0789087489
101770.930337,-1.10095589,0.47926517,0.755873313,-0.167730242,0.502972424,-0.0111393854
101770.940365,-1.05213107,0.559997616,0.463264577,-0.213525698,0.571382403,-0.081797041
101770.950392,-0.933621451,0.532499588,0.0233493114,-0.202633634,0.625367045,-0.125429198
101770.960420,-0.719154232,0.439122362,-0.54081485,-0.15551433,0.649130464,-0.137845129
101770.970448,-0.533400774,0.339852498,-1.0953116,-0.116447084,0.630314708,-0.125364482
101770.980476,-0.423378995,0.220678933,-1.49242058,-0.0984984487,0.570351243,-0.120067738
101770.990504,-0.537691896,0.230510591,-1.8415064,-0.0724303573,0.483752638,-0.116936125
101771.000532,-0.690351916,0.249894725,-2.09169229,-0.0501873679,0.396897107,-0.118596874
101771.010560,-0.941921954,0.183169725,-2.06354347,-0.0336826965,0.335739762,-0.123057939
101771.020588,-1.21282008,0.101563674,-1.84866738,0.00132855051,0.294253558,-0.132590175
101771.030616,-1.47358743,-0.040054947,-1.7171219,0.00567988912,0.274282783,-0.151693836
101771.040644,-1.64519604,-0.130018053,-1.50973645,0.0152406376,0.251504481,-0.174557865
101771.050672,-1.57193514,-0.234599979,-1.52618665,0.0252397414,0.225996211,-0.168727413
101771.060700,-1.3111108,-0.43345513,-1.51776545,0.00650866516,0.186144933,-0.115842894
101771.070728,-0.896496566,-0.640169762,-1.487503,-0.0488302223,0.106167011,-0.0363749638
101771.080755,-0.529281649,-0.632604295,-1.7216987,-0.100035891,-0.0229512956,0.0482744053
101771.090783,-0.226137637,-0.456690898,-2.05550922,-0.141701579,-0.168598771,0.123952657
101771.100811,-0.0150363872,-0.226932733,-2.18059223,-0.133252427,-0.306239992,0.186500996
101771.110839,0.124418115,-0.0215488379,-2.26749368,-0.0743185431,-0.42128244,0.232688725
101771.120867,0.224410375,0.184276809,-2.17287128,0.00125984079,-0.508082271,0.260216206
101771.130895,0.265713422,0.320578692,-1.87160051,0.0893401653,-0.587023437,0.279626399
101771.140923,0.340628232,0.318119901,-1.50595694,0.157103762,-0.64269948,0.324639946
101771.150951,0.514160506,0.175013891,-0.878092748,0.184369117,-0.680674434,0.396055281
101771.160979,0.64036185,0.05687303,-0.268693607,0.156190485,-0.738683105,0.479662538
101771.171007,0.731661101,0.144386844,0.260588042,0.099207364,-0.791778564,0.567156971
101771.181035,0.807130476,0.340112026,0.830688607,0.0319303162,-0.829406619,0.613215029
101771.191063,0.53676499,0.728627871,1.41551912,-0.0124198375,-0.818724692,0.615016103
101771.201091,0.256302108,1.0804109,1.90031866,-0.0314190947,-0.754206121,0.574210346
101771.211118,-0.0557864769,1.37800451,2.30026899,0.0130170789,-0.637662232,0.509555459
101771.221146,-0.243095494,1.55859196,2.60535201,0.0992257372,-0.469561636,0.433094263
101771.231174,-0.363631652,1.63873912,2.83280818,0.173580125,-0.303458154,0.353458583
101771.241202,-0.513331654,1.6520123,2.93196121,0.182134733,-0.163842708,0.256851315
101771.251230,-0.634269671,1.65583332,2.96643748,0.132399127,-0.0619946457,0.1448915
101771.261258,-0.772475707,1.6315552,2.87364756,0.0619894154,0.0222768225,0.0252785496
101771.271286,-0.893612097,1.56274368,2.68669115,0.0318666659,0.10116525,-0.0918376893
101771.281314,-0.967270988,1.40618752,2.40247206,0.0422540605,0.191769183,-0.196962774
101771.291342,-0.980933383,1.22499823,2.08291803,0.0802802742,0.271221638,-0.296216369
101771.301370,-0.87368728,1.09700876,1.5017326,0.14430292,0.306832641,-0.385081291
101771.311398,-0.623367169,1.01509489,0.776360805,0.186420292,0.299183249,-0.454481423
101771.321426,-0.377141926,0.82535068,0.285641819,0.195436686,0.258337021,-0.501843572
101771.331454,-0.121823495,0.599224223,-0.0110316816,0.174943656,0.203515857,-0.52501601
101771.341481,0.115333548,0.420751423,-0.23691549,0.161627054,0.146830469,-0.534333646
101771.351509,0.328354076,0.320282632,-0.488628736,0.173143089,0.112902865,-0.539223969
101771.361537,0.525197521,0.238454828,-0.658632251,0.202782214,0.101795353,-0.534142673
101771.371565,0.751398578,0.135679732,-0.74953125,0.23561126,0.0886183009,-0.498745799
101771.381593,0.973193802,0.00303502031,-0.853733383,0.243765339,0.0578649119,-0.457594097
101771.391621,1.12634621,-0.0903822086,-0.85806469,0.229820222,0.0170655493,-0.403914094
101771.401649,1.19530693,-0.206090034,-0.703323626,0.203645349,-0.0179622099,-0.34502548
101771.411677,1.13668932,-0.321747846,-0.534953849,0.174045905,-0.0369409621,-0.287962198
101771.421705,1.04083972,-0.35644923,-0.304487389,0.15640752,-0.0372562781,-0.238643378
101771.431733,0.894248129,-0.363888769,-0.10883856,0.155874893,-0.0306098275,-0.18981272
101771.441761,0.76746314,-0.380554109,0.00348433498,0.146197498,-0.0208211131,-0.142020166
101771.451789,0.625936654,-0.391609756,0.186995567,0.120656729,-0.0111421198,-0.0930214599
101771.461817,0.468745274,-0.417116611,0.386620313,0.0738231763,-0.0098616723,-0.0460531563
101771.471844,0.328104923,-0.354399458,0.539698998,0.0162943657,-0.0167824291,-0.00347693264
101771.481872,0.233872323,-0.245773992,0.605864537,-0.0280368794,-0.0197598431,0.0374622457
101771.491900,0.134843282,-0.133030168,0.641369566,-0.0643613264,-0.0160513911,0.0730391443
101771.501928,0.0673875559,-0.0138747961,0.660874477,-0.0930411741,-0.014856698,0.0924173743
101771.511956,-0.0381793624,0.167117694,0.625901363,-0.114142202,-0.00512630539,0.0864404365
101771.521984,-0.124379317,0.314328948,0.612118337,-0.107758872,0.0145038543,0.069165051
101771.532012,-0.15135829,0.355991659,0.547463786,-0.0825389996,0.0299826786,0.050668329
101771.542040,-0.126858786,0.388337639,0.428953727,-0.063438274,0.0240060128,0.0266263746
101771.552068,-0.103964671,0.457393566,0.241845347,-0.0527275801,-0.00106445223,0.00314102322
101771.562096,-0.0332782194,0.472741102,0.170438984,-0.0432778858,-0.0268979128,-0.0119844005
101771.572124,0.022736221,0.47940308,0.183739195,-0.0331597365,-0.0475203693,-0.0123167634
101771.582152,0.135458272,0.434092661,0.249484464,-0.0272525791,-0.0633379444,-0.00658350997
101771.592180,0.1929932,0.369593593,0.333747386,-0.036274571,-0.0687734559,-0.0101425573
101771.602207,0.192437027,0.289019734,0.45137131,-0.0424262062,-0.0666831359,-0.0118781403
101771.612235,0.226617675,0.172029103,0.504809471,-0.0542807356,-0.0523537397,-0.020368563
101771.622263,0.249996943,0.0870700519,0.608242372,-0.0830543265,-0.0318205021,-0.0408802293
101771.632291,0.275528421,0.119037956,0.610327947,-0.101717226,-0.00878362451,-0.0574674606
101771.642319,0.390597839,0.11588899,0.473808183,-0.0946843475,0.0195145924,-0.0643623844
101771.652347,0.521585906,0.137651507,0.259188112,-0.0643504113,0.029173078,-0.0623985752
101771.662375,0.573252454,0.130310753,-0.0466156207,-0.0410999544,0.0231556669,-0.063167423
101771.672403,0.559710031,0.104188031,-0.185204007,-0.0189520381,0.00714181224,-0.0638337508
101771.682431,0.535948851,0.109600339,-0.265827696,0.0172491092,-0.0133746481,-0.0679043904
101771.692459,0.429012252,0.111752512,-0.266819045,0.0531586371,-0.0191358645,-0.0677139759
101771.702487,0.380071184,0.0550752599,-0.0925678091,0.0921079069,-0.0189331975,-0.0646534711
101771.712515,0.270136499,0.0209904368,0.0114051911,0.131073147,-0.0228794701,-0.0708884597
101771.722543,0.155031791,0.085125786,0.0731874013,0.152163506,-0.0244233049,-0.0841779038
101771.732570,-0.00857493612,0.0550215569,0.198555656,0.150609821,-0.0189515743,-0.0978668183
101771.742598,-0.0962153718,-0.0267220392,0.323945538,0.152365118,-0.00394918816,-0.110093124
101771.752626,-0.121386419,-0.061589391,0.340624871,0.155276746,0.0138356676,-0.130723029
101771.762654,-0.12587299,-0.0503173248,0.219646375,0.175628617,0.0309946816,-0.14728044
101771.772682,-0.0601161036,-0.131919174,0.100186467,0.189200893,0.0412976518,-0.164915621
101771.782710,-0.0358045961,-0.183742081,0.030000586,0.186478615,0.0496011227,-0.190604746
101771.792738,-0.0142459675,-0.1995694,0.0145236154,0.168417856,0.0739349574,-0.220266506
101771.802766,0.0449782288,-0.307096987,0.212477214,0.113977253,0.152324304,-0.244502589
101771.812794,0.172608803,-0.390218849,0.455350151,0.0533253513,0.263163716,-0.242043689
101771.822822,0.478968488,-0.506001822,0.24749066,0.00813790131,0.345320106,-0.220038801
101771.832850,0.706180403,-0.491133156,-0.295116919,-0.0387214832,0.375303835,-0.188788727
101771.842878,0.820786953,-0.487649004,-0.814807148,-0.049429521,0.355704308,-0.145690262
101771.852906,0.740481682,-0.463011443,-1.25225456,-0.0308278725,0.323117614,-0.0965277776
101771.862933,0.50434463,-0.505295281,-1.34981302,-0.00265722163,0.296494246,-0.0379377045
101771.872961,0.126723177,-0.504573908,-1.20293085,0.0102809472,0.283548892,0.0183037296
101771.882989,-0.251354934,-0.501773391,-0.972228245,-0.00417975103,0.282044202,0.0696774423
101771.893017,-0.684771485,-0.508742097,-0.730091806,-0.0477336198,0.290909082,0.114115745
101771.903045,-1.03666375,-0.545838487,-0.523860792,-0.113641262,0.30616045,0.147406325
101771.913073,-1.29316905,-0.476458223,-0.525873301,-0.191584274,0.320336193,0.14960663
101771.923101,-1.51623751,-0.267750262,-0.656754182,-0.242039725,0.345969647,0.124657601
101771.933129,-1.61322649,-0.0545615017,-0.992029508,-0.240902543,0.380081832,0.102408752
101771.943157,-1.51423055,0.0929426703,-1.5013433,-0.209423453,0.388114721,0.0872926489
101771.953185,-1.35837305,0.277133884,-2.10804137,-0.176505715,0.349026173,0.077799283
101771.963213,-1.16432201,0.486994741,-2.75959681,-0.139391109,0.253602713,0.0615196452
101771.973241,-0.977001304,0.732251687,-3.32497795,-0.093851842,0.124233283,0.0218404084
101771.983269,-0.919212694,1.00876517,-3.66166899,-0.014194834,-0.0265237391,-0.0466174781
101771.993296,-0.945909855,1.22127483,-3.71657781,0.101488359,-0.148621678,-0.127231091
101772.003324,-1.04250239,1.22357631,-3.32687472,0.231916398,-0.24203445,-0.210112929
101772.013352,-1.20024673,1.12274935,-2.68128959,0.343272746,-0.321244329,-0.284572005
101772.023380,-1.25368109,0.941613326,-1.92194831,0.407025367,-0.389517933,-0.323688507
101772.033408,-1.18413423,0.640886751,-0.950773953,0.39555034,-0.435035348,-0.330106974
101772.043436,-1.15156438,0.326906617,0.0403097986,0.331575871,-0.44981271,-0.307926297
101772.053464,-1.07342316,0.0110668443,0.938017348,0.230903059,-0.426562488,-0.268290222
101772.063492,-1.01934568,-0.233829415,1.63881642,0.108005643,-0.38404727,-0.227999792
101772.073520,-0.899559461,-0.308397914,2.00441499,-0.0137817785,-0.329227418,-0.197092742
101772.083548,-0.695937169,-0.276353839,1.97115862,-0.094194591,-0.255934834,-0.155592963
101772.093576,-0.290442351,-0.275838254,1.62259594,-0.139425993,-0.202786118,-0.12167494
101772.103604,-0.00430354241,-0.168170711,1.10550742,-0.181878373,-0.167378321,-0.110805251
101772.113631,0.251781927,-0.0342080476,0.707339291,-0.197963074,-0.124058276,-0.103036813
101772.123659,0.44137394,-0.0136095693,0.358947878,-0.202508822,-0.0761216506,-0.0925245136
101772.133687,0.506890661,0.0455764138,0.0873053585,-0.189756274,-0.0347331986,-0.0861518383
101772.143715,0.588897474,0.114895632,-0.288199687,-0.164188072,-0.0249937531,-0.096974127
101772.153743,0.622535102,0.278484056,-0.742401252,-0.120588832,-0.0428722724,-0.130583212
101772.163771,0.65848086,0.439259469,-1.18458271,-0.0388239287,-0.0868527815,-0.163004801
101772.173799,0.7398192,0.472319223,-1.52254099,0.076282151,-0.131030902,-0.170276299
101772.183827,0.780594497,0.35031186,-1.56904438,0.193698525,-0.178327844,-0.145920098
101772.193855,0.796853119,0.180345717,-1.35972125,0.253842294,-0.247172683,-0.113067083
101772.203883,0.68339026,0.0703281029,-1.02795305,0.253672928,-0.334685743,-0.0843105391
101772.213911,0.528765808,0.00114029261,-0.560076015,0.225852206,-0.400835484,-0.0557049885
101772.223939,0.394344843,-0.075951313,-0.015367665,0.193444997,-0.426124841,-0.0256706569
101772.233967,0.28988954,-0.0863638764,0.502066894,0.184620604,-0.422629178,-0.000772763975
101772.243995,0.266802825,-0.0500504175,0.778430012,0.197745726,-0.406784445,0.0212228149
101772.254022,0.335406624,-0.0245857579,0.983124902,0.204201236,-0.400844812,0.036714159
101772.264050,0.43691455,0.00994951241,1.14366852,0.194740355,-0.415041298,0.0532377437
101772.274078,0.534593637,0.0551158476,1.29185826,0.175178632,-0.432538271,0.0832369179
101772.284106,0.640777518,0.0354818304,1.46921447,0.141595379,-0.437226504,0.117938705
101772.294134,0.671805548,0.0562175983,1.73795835,0.0976380408,-0.420784682,0.149856433
101772.304162,0.677424338,0.115651492,2.00994165,0.0470265299,-0.381922245,0.186165169
101772.314190,0.713389458,0.158644867,2.23840612,-0.00478020869,-0.334935546,0.224944517
101772.324218,0.708945923,0.189870775,2.30639537,-0.0448099151,-0.296978593,0.252156436
101772.334246,0.67087835,0.293463635,2.23097977,-0.0678763539,-0.270597309,0.244219422
101772.344274,0.617625045,0.430841879,2.21581552,-0.0905102938,-0.224390939,0.221482143
101772.354302,0.487280645,0.406925398,2.42536778,-0.121775538,-0.149003506,0.199413866
101772.364330,0.409091892,0.311648586,2.60387901,-0.175914943,-0.051492393,0.183386698
101772.374358,0.420440531,0.204064665,2.62777485,-0.244406387,0.0501524732,0.173907444
101772.384385,0.509578694,0.225677307,2.36630769,-0.305308074,0.1184306,0.141585723
101772.394413,0.667130615,0.378374317,1.78498664,-0.339875638,0.151659384,0.0954664201
101772.404441,0.806082574,0.433064852,1.17162795,-0.32969439,0.162938684,0.0340712368
101772.414469,0.875583103,0.522962711,0.583114945,-0.231464759,0.171036288,-0.0143594127
101772.424497,1.01633364,0.492707201,0.0317617504,-0.0790147632,0.172513813,-0.0447980091
101772.434525,1.15033301,0.36785011,-0.245460031,0.0564043224,0.144279242,-0.0564107299
101772.444553,1.19723315,0.197154594,-0.241100082,0.128240958,0.0773992762,-0.0629208237
101772.454581,1.10412532,0.0142165587,0.00885842924,0.147677511,0.00477514137,-0.0734035596
101772.464609,0.877173734,-0.0928031887,0.461376572,0.149181396,-0.0230445061,-0.0845885724
101772.474637,0.597077931,-0.206784336,1.06719026,0.135037869,0.0151034128,-0.0960665271
101772.484665,0.311411051,-0.288543313,1.62375037,0.12138252,0.08793208,-0.104186773
101772.494693,0.240820973,-0.273021224,1.79191557,0.103656255,0.138715103,-0.10407199
101772.504721,0.350738341,-0.149239398,1.58315533,0.0789213404,0.143070966,-0.0917066634
101772.514748,0.581832358,-0.0603282485,1.24289344,0.0737012848,0.11015296,-0.0498375148
101772.524776,0.841868392,-0.0549792704,0.949739934,0.0900616124,0.0735222474,0.0114093339
101772.534804,0.962733344,-0.0654091502,0.854130858,0.112375177,0.0376337543,0.0754168108
101772.544832,0.95011527,-0.0536679138,0.914409678,0.120751083,0.0160368495,0.128472045
101772.554860,0.799748914,-0.0305652524,1.18216045,0.088095136,0.00629047956,0.166403711
101772.564888,0.617960414,-0.0211303932,1.49794256,0.0239635557,0.0189530123,0.188511953
101772.574916,0.512187014,0.0503767633,1.71195472,-0.0446005911,0.0456298962,0.197244719
101772.584944,0.466205088,0.19304946,1.74957455,-0.106956117,0.0850792974,0.194417775
101772.594972,0.527526768,0.300335914,1.71964937,-0.145312026,0.138198972,0.199974731
101772.605000,0.707908542,0.329538755,1.63364691,-0.174442485,0.194290742,0.215115324
101772.615028,0.859362475,0.310580153,1.47202544,-0.18787387,0.227723539,0.230595753
101772.625056,0.8850772,0.310984971,1.20028004,-0.186335087,0.24013865,0.234670117
101772.635083,0.781768144,0.289910071,0.989492683,-0.168667421,0.241504058,0.231198683
101772.645111,0.574741596,0.239286457,0.858555688,-0.126973227,0.255141854,0.223033443
101772.655139,0.335891339,0.171310251,0.785412711,-0.0777814537,0.285761267,0.199357137
101772.665167,0.0436890657,0.131780131,0.838684867,-0.0474933162,0.333910942,0.162325084
101772.675195,-0.134126804,0.0822896492,0.921376009,-0.0334014669,0.381634265,0.154403239
101772.685223,-0.186633748,-0.0719891314,0.914179376,-0.0684729069,0.412692577,0.169212282
101772.695251,-0.283058378,-0.198423335,0.934681481,-0.150981635,0.417369902,0.186703131
101772.705279,-0.389638565,-0.158417597,0.871578836,-0.250119925,0.419902295,0.20786114
101772.715307,-0.445916698,-0.08857041,0.732802234,-0.318587393,0.44792968,0.248634413
101772.725335,-0.412152303,-0.070673738,0.471828407,-0.401504397,0.487011284,0.29855749
101772.735363,-0.294305749,0.0311606427,0.103282095,-0.466100425,0.49161455,0.334235847
101772.745391,-0.199010414,0.28781087,-0.698833329,-0.498431206,0.470579863,0.344014436
101772.755419,-0.0984026527,0.544091716,-1.44087919,-0.477732331,0.430378109,0.337667316
101772.765446,-0.0128415075,0.732375533,-2.14096164,-0.413310707,0.375038147,0.316285342
101772.775474,0.135885265,0.847859376,-2.66333132,-0.309577674,0.322801322,0.294059664
101772.785502,0.315906755,0.838057894,-2.87430807,-0.193325892,0.280873835,0.287497371
101772.795530,0.516696308,0.729803782,-2.81443374,-0.102180004,0.235244825,0.288062751
101772.805558,0.612255261,0.612169483,-2.50728385,-0.0551371202,0.181724623,0.287122667
101772.815586,0.627368952,0.495097055,-2.1264994,-0.00750675285,0.10858649,0.271429718
101772.825614,0.535801552,0.554076556,-1.95847274,0.0124421883,0.0318102203,0.232579544
101772.835642,0.340612449,0.85647026,-1.45099727,0.0160531681,-0.0210742988,0.160095483
101772.845670,-0.0260740602,1.04738468,-1.10987146,0.0659914315,-0.0440595075,0.0956632271
101772.855698,-0.301381386,0.970451298,-0.597465542,0.116896957,-0.0262408312,0.0212779436
101772.865726,-0.652947483,0.964834043,-0.065088266,0.159314454,0.00694508478,-0.0558477342
101772.875754,-0.882117912,0.919549525,0.378899364,0.197553977,0.0705192685,-0.143217251
101772.885782,-0.987371161,0.749655242,0.631226942,0.270123512,0.147806332,-0.193345398
101772.895809,-0.857103444,0.412501956,0.621398207,0.293112725,0.184823737,-0.23930411
101772.905837,-0.827916074,0.340721974,0.398319519,0.293280244,0.167266577,-0.275214195
101772.915865,-0.755714323,0.101211171,0.0429150126,0.272405058,0.13466309,-0.296807349
101772.925893,-0.590058773,0.00258950504,-0.141076696,0.249344215,0.0927803591,-0.297899246
101772.935921,-0.46215267,0.00416029802,-0.204568048,0.266258478,0.0604929999,-0.303896964
101772.945949,-0.50128568,-0.0912033523,-0.36873219,0.32866779,0.0448186994,-0.291241884
101772.955977,-0.525259261,-0.194233555,-0.331955826,0.380967498,0.0390367061,-0.269372284
101772.966005,-0.636203854,-0.311485906,-0.23427462,0.40169993,0.0136349453,-0.265616417
101772.976033,-0.845116946,-0.400500772,-0.27266251,0.407077104,-0.0133625837,-0.250514418
101772.986061,-0.866933933,-0.623073008,-0.13050854,0.324826181,0.000215543085,-0.203298703
101772.996089,-0.785613348,-0.839666571,0.102877022,0.234259799,0.00272370828,-0.121819295
101773.006117,-0.639868222,-0.996456385,-0.132389532,0.12540336,0.00840396434,-0.00839579664
101773.016145,-0.308738617,-1.11574612,-0.394058939,0.0125865312,-0.0127362078,0.126729533
101773.026172,-0.0677881726,-1.12682289,-0.872823868,-0.0855996907,-0.07084319,0.246517986
101773.036200,0.0501673218,-1.02798126,-1.38194594,-0.126054972,-0.128135771,0.352856934
101773.046228,0.205865687,-0.890772124,-1.70371823,-0.118447922,-0.174312323,0.440331399
101773.056256,0.290166018,-0.720067767,-1.7622429,-0.099011369,-0.228154242,0.506835341
101773.066284,0.272238294,-0.508402015,-1.71351481,-0.079669632,-0.299808204,0.541601837
101773.076312,0.0213495159,-0.294502641,-1.5587492,-0.0497293063,-0.358978033,0.548910618
101773.086340,-0.225134743,-0.146244253,-1.32772043,-0.00796694681,-0.414422393,0.522632122
101773.096368,-0.466799327,0.0224167981,-1.14024848,0.0341882296,-0.460319579,0.484577149
101773.106396,-0.737201053,0.0751965674,-0.901837781,0.0635466501,-0.48286429,0.441544443
101773.116424,-0.851452286,0.0848882509,-0.632725656,0.0571518689,-0.517467797,0.355899066
101773.126452,-1.00036698,0.358688058,-0.564792522,0.07461714,-0.553380489,0.228002369
101773.136480,-1.02743765,0.557152237,-0.664269965,0.171439558,-0.56708914,0.0748466253
101773.146507,-0.830659674,0.670607643,-0.662891662,0.317626059,-0.539052427,-0.0619234741
101773.156535,-0.450155578,0.566432325,-0.346272521,0.428174138,-0.474165648,-0.125525355
101773.166563,0.0355481371,0.215319507,0.26003976,0.448065817,-0.404575109,-0.131764874
101773.176591,0.381344273,-0.160015644,0.75058222,0.384539843,-0.360144258,-0.104285583
101773.186619,0.587542333,-0.489641566,0.996909682,0.27194646,-0.324278682,-0.0500737466
101773.196647,0.61069868,-0.88447032,1.1256214,0.157900572,-0.29266721,0.0249456353
101773.206675,0.555630653,-1.15120614,1.11666185,0.0216375384,-0.263861418,0.0983420908
101773.216703,0.383608345,-1.17368488,1.02854518,-0.0391429886,-0.250148267,0.161709875
101773.226731,0.300271087,-0.990539708,0.665181819,-0.00604042783,-0.231789231,0.203175038
101773.236759,0.23676819,-0.833006821,0.356004226,-0.00745696342,-0.192363515,0.244669214
101773.246787,0.197354537,-0.70229494,0.467311807,0.0139551181,-0.183298126,0.287328243
101773.256815,0.169981084,-0.668359937,0.200469965,-0.0101622026,-0.1932666,0.31442219
101773.266842,0.10160028,-0.573654422,0.138567344,-0.04651675,-0.211784631,0.317921311
101773.276870,-0.011380422,-0.422257334,0.168867789,-0.0618871823,-0.205501422,0.308373898
101773.286898,-0.0107150169,-0.303701956,0.254920517,-0.0702210143,-0.175481483,0.284145504
101773.296926,-0.0647688978,-0.132730199,0.263655613,-0.0344164111,-0.14654544,0.247048482
101773.306954,-0.109950248,0.000695355003,0.102114221,0.0137175638,-0.107449964,0.193357289
101773.316982,-0.0447655359,0.124177639,-0.136850603,0.0955817997,-0.090117842,0.13499172
101773.327010,0.0734041128,0.114998846,-0.499092262,0.189470217,-0.0751130655,0.0911257267
101773.337038,0.24243776,-0.0742400978,-0.717708125,0.27851674,-0.0929511786,0.0767318606
101773.347066,0.553247265,-0.201613181,-0.946506359,0.346255839,-0.139212683,0.0901273042
101773.357094,0.75084847,-0.390793873,-0.944529506,0.35725069,-0.180358797,0.150023401
101773.367122,0.967215093,-0.620632337,-0.62608841,0.322264493,-0.218498185,0.2426247
101773.377150,1.06209337,-0.682303634,-0.315810747,0.247851238,-0.269497991,0.338460684
101773.387178,0.942937707,-0.58345879,-0.120029816,0.165922284,-0.303871155,0.426890135
101773.397205,0.798741637,-0.471210933,0.110736503,0.115823954,-0.310553282,0.486507952
101773.407233,0.536465751,-0.283814476,0.330339039,0.118802167,-0.296242505,0.508940518
101773.417261,0.351000244,-0.000597545768,0.363152929,0.182233617,-0.25375098,0.508666992
101773.427289,0.343163303,0.214912862,0.304154212,0.273533434,-0.206413567,0.490322381
101773.437317,0.329528526,0.374182126,0.298012056,0.340469599,-0.160892144,0.44218415
101773.447345,0.289333696,0.482459984,0.473155857,0.381920636,-0.107770607,0.390054643
101773.457373,0.348059003,0.496819349,0.673936788,0.392631322,-0.0415644199,0.351838529
101773.467401,0.400612233,0.381533731,0.903762027,0.360574067,0.0220643561,0.33106029
101773.477429,0.438975903,0.337326231,1.04269119,0.300627112,0.070776768,0.317186564
101773.487457,0.494736368,0.429311856,1.01360421,0.209371492,0.105218627,0.290081173
101773.497485,0.44356166,0.581736131,0.829410843,0.139174834,0.114775114,0.26089558
101773.507513,0.394594544,0.655687941,0.488005635,0.0938779116,0.120890267,0.24336426
101773.517540,0.409241639,0.685496219,0.156098324,0.0827541575,0.124678612,0.252170533
101773.527568,0.476112697,0.667052873,-0.0961503437,0.0642798021,0.113191336,0.286323965
101773.537596,0.547287991,0.695190442,-0.252964707,0.0296898726,0.0712201819,0.324768841
101773.547624,0.504096938,0.789979288,-0.385074838,-0.00438820291,0.0115376795,0.352660656
101773.557652,0.376137827,0.932904242,-0.424541756,-0.033519458,-0.0445884392,0.358743846
101773.567680,0.295459595,1.11699839,-0.330591552,-0.0481836237,-0.0867713168,0.347755641
101773.577708,0.223730101,1.34237337,-0.269702492,-0.0323521942,-0.10711094,0.326093495
101773.587736,0.228401892,1.47503207,-0.165059045,-0.0119523797,-0.100750782,0.310378194
101773.597764,0.246484588,1.52711356,0.075956866,-0.0252956152,-0.0845054984,0.285582274
101773.607792,0.183230734,1.59331519,0.359351198,-0.0554516539,-0.0640502945,0.238456056
101773.617820,0.0834398056,1.66249234,0.61713938,-0.0861850679,-0.0129708592,0.183672443
101773.627848,0.00263626679,1.5832848,0.913784824,-0.111790292,0.0704491958,0.1322404
101773.637875,-0.0181182058,1.43552906,1.05624333,-0.120217338,0.160901859,0.0886702836
101773.647903,-0.0175851584,1.25169707,0.984836382,-0.112957291,0.246101707,0.0580769591
101773.657931,0.0595947831,0.954705082,0.731005998,-0.095919989,0.287330389,0.0515503474
101773.667959,0.177600729,0.692237584,0.281063844,-0.0848510861,0.281678349,0.062247999
101773.677987,0.291006196,0.465639344,-0.143286189,-0.0696052909,0.236687705,0.088959232
101773.688015,0.368592416,0.289661065,-0.463275099,-0.0632235557,0.176942885,0.128070429
101773.698043,0.356017524,0.191917022,-0.584945084,-0.0602320284,0.106813595,0.157666668
101773.708071,0.204289378,0.203760056,-0.588918663,-0.0645207837,0.055034291,0.175622761
101773.718099,-0.059483797,0.237875384,-0.361886854,-0.0740080252,0.0294301268,0.185063943
101773.728127,-0.257979174,0.296077982,-0.12528233,-0.0910368115,0.0223908611,0.18138504
101773.738155,-0.455666743,0.40735272,0.0855319191,-0.108726591,0.0236489382,0.151580274
101773.748183,-0.588565247,0.542390977,0.166584647,-0.11258658,0.0363221206,0.110773996
101773.758211,-0.603630056,0.538863314,0.174344175,-0.100221254,0.0490674786,0.0674571395
101773.768238,-0.550812585,0.47365102,0.077692896,-0.0889150724,0.0522733927,0.0243283138
101773.778266,-0.423550114,0.479781376,-0.0683364541,-0.0722910911,0.035158053,-0.0295588858
101773.788294,-0.343865752,0.51503506,-0.252947756,-0.0419883095,0.020242488,-0.0725660026
101773.798322,-0.148462496,0.40496451,-0.308469152,-0.0106463647,0.0112364758,-0.0991805792
101773.808350,-0.00687295451,0.274744066,-0.30930385,0.0236972272,0.008815662,-0.114823446
101773.818378,0.133719831,0.125939077,-0.397370256,0.0739265755,0.00649791304,-0.111133903
101773.828406,0.299285875,-0.015423633,-0.523364533,0.0962478593,-0.016417522,-0.0915458202
101773.838434,0.399336149,-0.175805772,-0.452719802,0.0869566202,-0.0516455509,-0.0614630245
101773.848462,0.434347183,-0.317354725,-0.296993234,0.0315386355,-0.0920326561,-0.0225574337
101773.858490,0.31950288,-0.358242287,-0.00694587362,-0.0215219166,-0.109242536,0.0144671621
101773.868518,0.162668496,-0.360650079,0.282789937,-0.044070635,-0.0887132958,0.0422143713
101773.878546,0.0258780262,-0.28668267,0.473309001,-0.0524665192,-0.0553018041,0.0620365441
101773.888573,-0.0716119687,-0.194797254,0.498179239,-0.0689909011,-0.0282957535,0.0777729005
101773.898601,-0.142802789,-0.11190372,0.462696422,-0.094728753,-0.016508868,0.0894418061
101773.908629,-0.150934,-0.0761235643,0.331634339,-0.112034239,-0.0165504143,0.0969788134
101773.918657,-0.0849571149,-0.02807813,0.172303609,-0.107318051,-0.0152776903,0.108584076
101773.928685,0.00212725782,0.0193763527,-0.0424485642,-0.0977320001,-0.0136931092,0.125778779
101773.938713,0.100743553,0.0239623653,-0.168754392,-0.0795500651,-0.0387095101,0.13045688
101773.948741,0.10715437,0.0945179933,-0.347896907,-0.0773902461,-0.0680644736,0.12509115
101773.958769,0.131851735,0.190722551,-0.425743533,-0.0573659353,-0.096547246,0.116401255
101773.968797,0.0812869019,0.20093466,-0.468974772,-0.0296695903,-0.112356573,0.0955966413
101773.978825,0.0288983238,0.273836029,-0.37322541,0.00645618886,-0.126069456,0.0614983216
101773.988853,-0.0198548569,0.403123997,-0.265288767,0.0442810655,-0.125918984,0.0250391122
101773.998881,0.0110515919,0.44466425,-0.0380903689,0.0661687851,-0.115118273,0.000671189278
101774.008909,0.0314807415,0.424588408,0.22145547,0.0608105063,-0.0967014432,-0.0128699206
101774.018936,0.0545872572,0.343482488,0.420779773,0.0412951261,-0.0816918686,-0.0140049588
101774.028964,0.0909150004,0.318989779,0.613229513,0.00167794526,-0.0593969449,-0.0123929475
101774.038992,0.058896864,0.314351963,0.769576844,-0.023972556,-0.0297069624,-0.00606740732
101774.049020,0.0734798814,0.271383613,0.751213504,-0.0416010879,-0.00377469836,-0.00484261941
101774.059048,0.0549043968,0.283211779,0.634046676,-0.067796737,0.0106010456,-0.014476072
101774.069076,-0.0264518075,0.302215864,0.554153639,-0.0918770432,0.0213048235,-0.0322723798
101774.079104,-0.0588211684,0.321490693,0.47991819,-0.100349352,0.0428836197,-0.0548882075
101774.089132,-0.0256464459,0.329242878,0.406565954,-0.0837666467,0.0748106539,-0.0694857985
101774.099160,0.102733631,0.304758333,0.278483764,-0.0429116301,0.103842303,-0.0703052431
101774.109188,0.270349484,0.254053343,0.0358504811,-0.0131742377,0.113831021,-0.0634404123
101774.119216,0.451727723,0.210139565,-0.125142045,-0.0100127989,0.102056921,-0.051401332
101774.129244,0.553928452,0.162093236,-0.249780817,-0.0167359486,0.066280283,-0.0341043696
101774.139271,0.555165849,0.151227996,-0.328411286,-0.0246596523,0.0328280553,-0.0170798451
101774.149299,0.4763,0.137098312,-0.241374223,-0.0387493744,0.0163806379,-0.0136118773
101774.159327,0.239365769,0.168080658,-0.00628419484,-0.0388351381,0.0180376302,-0.0177565664
101774.169355,0.0684392934,0.168300127,0.161841252,-0.0300384499,0.0370589904,-0.0160574708
101774.179383,-0.0394052509,0.107707401,0.304821151,-0.0174393021,0.0594838709,-0.0129303876
101774.189411,-0.0794493478,0.0605878858,0.346515098,-0.017802557,0.0736191273,-0.0056327926
101774.199439,-0.0601580065,0.0374664649,0.329053091,-0.0280682426,0.079430148,-0.000264658593
101774.209467,0.0104735363,-0.0157680077,0.319234876,-0.0420804657,0.0794996619,0.012620247
101774.219495,0.0782643392,-0.0913901071,0.323848508,-0.0738937929,0.0747246146,0.0259040948
101774.229523,0.101754301,-0.0981663232,0.383771354,-0.11373388,0.071797803,0.0326509476
101774.239551,0.14193514,-0.062565981,0.449018025,-0.146534443,0.0696483552,0.0341042355
101774.249579,0.135480703,0.0757731617,0.397861838,-0.152407244,0.0772817731,0.0348419286
101774.259606,0.122835595,0.11937254,0.274908828,-0.126814261,0.0901320577,0.0288711227
101774.269634,0.119921753,0.204181588,0.131882167,-0.0921947658,0.103242278,0.012654868
101774.279662,0.0995003848,0.266753579,0.0727946026,-0.0649748668,0.113523677,-0.00266070478
101774.289690,0.129571625,0.268240474,0.0851367823,-0.0661205575,0.117465943,-0.025849646
101774.299718,0.108943994,0.313640344,0.148069916,-0.0768248662,0.114279211,-0.0489914492
101774.309746,0.113387675,0.33303215,0.151890936,-0.0882825851,0.115311712,-0.0718853176
101774.319774,0.112211032,0.322980018,0.127240479,-0.0812933818,0.125242382,-0.0898877531
101774.329802,0.0727750211,0.278049154,0.0461561865,-0.0454770625,0.145607561,-0.102488495
101774.339830,0.0793896169,0.208866878,-0.0670171882,0.00275624776,0.15914841,-0.1135787
101774.349858,0.0911863646,0.108708203,-0.200102301,0.0435710549,0.164374605,-0.115441583
101774.359886,0.15200974,0.00840642942,-0.266754163,0.0657184348,0.142518833,-0.107711487
101774.369914,0.239744356,-0.0895031334,-0.394413744,0.067122452,0.106018081,-0.0868301764
101774.379942,0.319705636,-0.195303632,-0.404167661,0.0566935129,0.0666328669,-0.0549185798
101774.389969,0.307825155,-0.28852616,-0.302169175,0.0275484137,0.0453637913,-0.0169584174
101774.399997,0.21339484,-0.355713572,-0.0487315899,-0.0212204568,0.0400585085,0.0162325576
101774.410025,0.0788526605,-0.35737303,0.224200385,-0.0806611478,0.0563506633,0.0445741862
101774.420053,-0.0189499805,-0.337353959,0.388724592,-0.129113629,0.0749943852,0.0695802048
101774.430081,-0.029871772,-0.177414705,0.327247503,-0.154480517,0.0747866631,0.0774687529
101774.440109,-0.0505974569,0.0286216167,0.103270405,-0.148646593,0.0726891607,0.0763068199
101774.450137,-0.0249390648,0.130783512,-0.0344312619,-0.104401901,0.0766846985,0.0832430199
101774.460165,0.0921906463,0.168401268,-0.151611534,-0.0531624146,0.0852994919,0.105387472
101774.470193,0.170977037,0.156658515,-0.169485045,-0.0281169787,0.0761853606,0.124555573
101774.480221,0.218364665,0.212929415,-0.155613756,-0.0401938856,0.0452593975,0.134795964
101774.490249,0.19281872,0.281598097,-0.100166594,-0.0733981729,0.0199857317,0.13588199
101774.500277,0.0515201977,0.30303993,0.0703209059,-0.0969772711,0.0239850003,0.134181306
101774.510304,-0.11084274,0.279127761,0.230346633,-0.106954008,0.0472991131,0.115921073
101774.520332,-0.27783984,0.321576508,0.327293095,-0.105250381,0.0755632371,0.0829324946
101774.530360,-0.408825569,0.370680402,0.349924029,-0.109244056,0.099557519,0.0459433198
101774.540388,-0.438168568,0.35495468,0.383429408,-0.123442166,0.116131708,0.0106921187
101774.550416,-0.409008086,0.340015105,0.336596346,-0.124323942,0.124261275,-0.0227766242
101774.560444,-0.2968463,0.364110485,0.179688459,-0.0959018841,0.131537557,-0.0395763814
101774.570472,-0.113663058,0.326537308,-0.0342968219,-0.049612686,0.128743634,-0.0453224182
101774.580500,0.024142946,0.287046955,-0.257321733,-0.00980375241,0.107834101,-0.0444070846
101774.590528,0.103052086,0.224962912,-0.422199576,0.00431020185,0.0765600652,-0.0426920131
101774.600556,0.104790454,0.161100206,-0.396286552,-0.00503882486,0.0425807908,-0.0415620282
101774.610584,0.0827008604,0.0798214325,-0.295432561,-0.0252958927,0.0214086585,-0.0360194594
101774.620612,0.00965878584,0.0263610856,-0.118903443,-0.0436418802,0.0186621398,-0.0346948057
101774.630639,-0.0675027798,0.0198098122,0.0444318469,-0.0546180978,0.0265429672,-0.0318558738
101774.640667,-0.0976654975,-0.000246312044,0.191933608,-0.0712143853,0.0412843637,-0.0285833832
101774.650695,-0.114309393,-0.0129187535,0.332426951,-0.106708199,0.0513713509,-0.0222365353
101774.660723,-0.0930140915,-0.0248020264,0.409999436,-0.131483316,0.0510315336,-0.0189563204
101774.670751,-0.0370115607,0.0385856325,0.272758957,-0.129419893,0.0640860796,-0.00979957543
101774.680779,0.0451717786,0.0497057322,0.12100363,-0.104332387,0.0771164,-0.0035318248
101774.690807,0.0989344215,0.0992899021,-0.0931897404,-0.0675908849,0.0725863576,-0.00360293128
101774.700835,0.157123576,0.154097889,-0.301120543,-0.0378114209,0.0534155928,-0.00787224434
101774.710863,0.195049182,0.117723485,-0.382356811,-0.0234244894,0.0276183505,-0.0114709754
101774.720891,0.195360367,0.0729844626,-0.303983531,-0.0224532355,0.00821029861,-0.00545702409
101774.730919,0.16335984,-0.0190064599,-0.130586282,-0.0268141609,-0.00289721368,0.00927158818
101774.740947,0.125778297,-0.109337523,0.0341676425,-0.0352782197,-0.00113420095,0.0267962534
101774.750975,0.0675705843,-0.112579208,0.170857502,-0.0455945097,0.00842281897,0.0384449214
101774.761002,0.0406885687,-0.0788129039,0.178909875,-0.0620248802,0.0150122782,0.0440940186
101774.771030,0.0150163673,-0.0440077306,0.0916489406,-0.052981317,0.00115372078,0.0432394072
101774.781058,0.0547010928,0.0346862231,-0.144613054,-0.0512894131,-0.0126169529,0.0403131247
101774.791086,0.0816468943,0.106366718,-0.141794489,-0.0384985171,-0.0224125907,0.0337473676
101774.801114,0.102813747,0.174674667,-0.16746143,-0.0230322052,-0.0275631454,0.0226068348
101774.811142,0.120944009,0.260903684,-0.169493228,0.0131012974,-0.0181549955,0.0130692553
101774.821170,0.138289477,0.302687701,-0.178297297,0.05223272,-0.00954659376,0.00600948185
101774.831198,0.146116298,0.307969459,-0.144045483,0.0753697306,-0.00754709262,-0.00761711411
101774.841226,0.119657695,0.300685915,-0.0880313347,0.0776648447,-0.018932106,-0.0265069138
101774.851254,0.0488790356,0.307271796,-0.0250093536,0.0743912831,-0.0317459069,-0.0497198254
101774.861282,0.0003728519,0.271425516,0.0736333915,0.0778848156,-0.0210218895,-0.0605695397
101774.871310,-0.0260870658,0.183905346,0.18902152,0.0850745514,-0.000264146132,-0.053817898
101774.881337,-0.0175983467,0.0958890624,0.253053555,0.0701901466,0.0106881037,-0.0469349623
101774.891365,-0.0112411597,0.0491014188,0.257325241,0.037916895,0.00563688623,-0.0384610444
101774.901393,0.0289032192,0.028947547,0.224119721,0.00159697374,-0.00832260493,-0.0305181686
101774.911421,0.0581035217,0.0231808732,0.158287943,-0.0275742263,-0.025684284,-0.0236054007
101774.921449,0.0547572069,0.112591109,0.0292640884,-0.0288056731,-0.0311765224,-0.0232637171
101774.931477,0.0760491474,0.215155548,-0.0763461576,-0.0193357375,-0.0426398329,-0.0399598703
101774.941505,0.00419891299,0.353944334,-0.194537653,0.0128589496,-0.0538754426,-0.0708424225
101774.951533,-0.00789542942,0.480742987,-0.278234758,0.0738727674,-0.0495310277,-0.101794213
101774.961561,0.0468212263,0.472567243,-0.278904035,0.136041597,-0.0483477861,-0.135187849
101774.971589,0.0489412141,0.488689599,-0.280299289,0.188379645,-0.0513933748,-0.168558329
101774.981617,0.105446872,0.414193709,-0.203005621,0.226887614,-0.0454052575,-0.176485226
101774.991645,0.247088509,0.261484698,-0.0141641344,0.234447524,-0.0443719514,-0.169456616
101775.001672,0.255050501,0.113734927,0.180955118,0.199905798,-0.0548203327,-0.15574187
101775.011700,0.197483424,0.0107579541,0.356368968,0.146332592,-0.0561761484,-0.138847038
101775.021728,0.136983436,-0.0983283271,0.501648376,0.0997211412,-0.0448646359,-0.112958714
101775.031756,0.119799807,-0.147033038,0.52678574,0.0743540004,-0.0262539349,-0.0901162475
101775.041784,0.131065371,-0.0823301091,0.418918071,0.0715872422,-0.0198586192,-0.0744201094
101775.051812,0.136533646,-0.056490433,0.266999662,0.0685997084,-0.017593069,-0.0601322502
101775.061840,0.135030548,-0.053589218,0.219815302,0.067356281,-0.0147227142,-0.046906732
101775.071868,0.1427089,-0.0168654156,0.191021169,0.0701430067,-0.0119761955,-0.0351496711
101775.081896,0.140664024,-0.0112406299,0.199561034,0.0654350743,-0.00112061878,-0.0193898845
101775.091924,0.189245757,-0.0283367079,0.255875042,0.0580610484,0.00777540449,-0.000717395917
101775.101952,0.191742031,0.00229950911,0.210381119,0.0514849015,0.0125789484,0.0123778991
101775.111980,0.203845506,0.0531310396,0.170851072,0.0378186256,0.0194248706,0.0220153462
101775.122008,0.189033502,0.0768571028,0.256245629,0.0119377617,0.0187542867,0.024450276
101775.132035,0.111293333,0.114709151,0.329342429,-0.00622845907,0.0302005522,0.0196738951
101775.142063,0.0506806051,0.147796351,0.380445424,0.00236396422,0.0481702313,0.0162605215
101775.152091,0.0622745968,0.13643151,0.293546308,0.0258059073,0.0643822253,0.0218542255
101775.162119,0.108914329,0.121240882,0.154780812,0.0319449753,0.0613033473,0.0254886858
101775.172147,0.125274731,0.152369102,0.0712274994,0.0118996287,0.0390755385,0.0227528214
101775.182175,0.0827061941,0.164185057,0.0467015454,-0.0174678471,0.0221213195,0.0261582043
101775.192203,0.058629226,0.118228156,0.0766179603,-0.0395129621,0.0200725514,0.0335388891
101775.202231,0.013378537,0.150294533,0.111750064,-0.0509664193,0.0266723968,0.0302850381
101775.212259,-0.0500534862,0.201662025,0.113016138,-0.0509863943,0.0313334614,0.0198438503
101775.222287,-0.0975697821,0.236320611,0.0190852242,-0.0526796319,0.0317300074,0.00173675129
101775.232315,-0.0903418766,0.272878309,-0.0697334614,-0.041548416,0.0240028445,-0.0207959879
101775.242343,-0.0164279877,0.309932466,-0.21146073,-0.00793080125,0.0160578359,-0.0459306389
101775.252370,0.106769207,0.335578145,-0.353739204,0.0406902619,0.00222404581,-0.0602720231
101775.262398,0.232743757,0.338690943,-0.420751716,0.0793351308,-0.0223667845,-0.0656513423
101775.272426,0.318842808,0.350018503,-0.430326769,0.100895286,-0.0574664474,-0.0700604692
101775.282454,0.263548572,0.298631064,-0.280139714,0.100095004,-0.07536982,-0.0714479759
101775.292482,0.179140469,0.217183748,0.0642015463,0.0909808651,-0.0727958754,-0.0652904809
101775.302510,0.087320483,0.115544817,0.385960973,0.0717589706,-0.0484327376,-0.0640345365
101775.312538,-0.0154925335,0.089678837,0.594361147,0.0474887788,-0.020408297,-0.0663019493
101775.322566,-0.0844931506,0.0909431944,0.653766106,0.0122146811,0.013484424,-0.0741329789
101775.332594,-0.128802467,0.0741186908,0.707089116,-0.017748544,0.0423024893,-0.0831198171
101775.342622,-0.132180346,0.0784934901,0.61456047,-0.0352593623,0.0697966963,-0.0942803249
101775.352650,-0.10057459,0.110902946,0.46325464,-0.0250448063,0.0961007401,-0.107032336
101775.362678,0.0221877203,0.135215385,0.212345697,0.0146032702,0.112861872,-0.109795898
101775.372705,0.200021491,0.148035502,-0.102298345,0.0590218641,0.110437602,-0.10671249
101775.382733,0.353270855,0.107882557,-0.345523748,0.0877280831,0.0900396481,-0.0894573405
101775.392761,0.418753162,0.0585330083,-0.471455482,0.0910562351,0.0531175882,-0.0657602623
101775.402789,0.42686786,0.0622203915,-0.460998386,0.0858348384,0.0173148476,-0.0469226614
101775.412817,0.319945363,0.0490917833,-0.276845934,0.0807492658,0.00144240796,-0.0274762604
101775.422845,0.138742043,0.0189343262,-0.0494131425,0.07993301,0.00973336119,-0.0142344926
101775.432873,-0.0489884873,-0.0117948663,0.20404607,0.0623841062,0.0319188237,-0.00093945954
101775.442901,-0.186235834,-0.0700516605,0.407784682,0.0292333458,0.0525154471,0.00853020884
101775.452929,-0.253732988,-0.0956859959,0.479001076,-0.0144912321,0.0631582364,0.0171822868
101775.462957,-0.216284497,-0.0644360857,0.373071096,-0.051435668,0.0583552271,0.0230564214
101775.472985,-0.112547206,0.0240449838,0.103007955,-0.0705555677,0.0430170149,0.0265321117
101775.483013,-0.0179765323,0.134860452,-0.136214059,-0.0525850914,0.0245810151,0.0324954614
101775.493040,0.119203303,0.186891595,-0.384845121,-0.0153612867,0.000337995123,0.031003559
101775.503068,0.1547369,0.260871955,-0.527758384,0.0248897299,-0.031107014,0.0198497083
101775.513096,0.0754188136,0.318730434,-0.515873301,0.0553925112,-0.0498761721,0.000156964175
101775.523124,-0.0496897675,0.270282885,-0.277237563,0.0788437799,-0.0479581617,-0.0234527569
101775.533152,-0.13129801,0.198596006,0.0511550177,0.0887552649,-0.0258547273,-0.040365696
101775.543180,-0.164771241,0.130619344,0.260037422,0.0802861452,-0.00420668907,-0.0505363047
101775.553208,-0.134707746,0.0973213055,0.350399246,0.045331087,0.011675871,-0.0580008775
101775.563236,-0.117251292,0.0876304257,0.411232777,0.0142144486,0.0193529651,-0.0589790568
101775.573264,-0.0618893238,0.0635818983,0.316446123,-0.00230593886,0.020501852,-0.0562344044
101775.583292,-0.0854964824,0.0733924954,0.167511114,-0.0057097245,0.0195191465,-0.0614456758
101775.593320,-0.157037578,0.0907172676,0.0788303756,0.0134791499,0.0247312188,-0.0684641749
101775.603348,-0.112715329,0.0530002985,-0.000731821406,0.0461787693,0.0416374989,-0.054188028
101775.613375,0.0231497702,-0.0353798131,-0.0834364081,0.0578830987,0.0419520177,-0.0354380459
101775.623403,0.135833973,-0.0632940943,-0.181879831,0.0458682477,0.0171843525,-0.0191019513
101775.633431,0.199514199,-0.0478342575,-0.283415375,0.0357714035,-0.0174489915,-0.00579040684
101775.643459,0.250004835,-0.0118170416,-0.365754051,0.0447915308,-0.0463006124,0.00970439613
101775.653487,0.238317173,0.0370199267,-0.335524917,0.0507434309,-0.0595085584,0.0192912444
101775.663515,0.153565664,0.0781632717,-0.139264094,0.0464251153,-0.0636005104,0.0223759823
101775.673543,0.0413544122,0.13144763,0.0173304895,0.0489860103,-0.0573388822,0.0287116431
101775.683571,-0.0123105425,0.143993077,0.134768536,0.0484334044,-0.0456553288,0.0335183814
101775.693599,-0.0884537979,0.129555368,0.253462135,0.0238335207,-0.035951037,0.035328269
101775.703627,-0.137675436,0.103532362,0.369594944,-0.00304496591,-0.0291091111,0.0358875319
101775.713655,-0.134395538,0.0756125826,0.286847103,-0.0080871284,-0.0275551565,0.0347522274
101775.723683,-0.0598087181,0.0762777868,0.0781003078,-0.0089065833,-0.0284316018,0.0384910367
101775.733710,0.011354703,0.0704887185,0.0495627801,-0.0238218829,-0.0318255313,0.0387629457
101775.743738,0.0664365388,0.0780846535,0.112528063,-0.0367720388,-0.0380751714,0.0390234031
101775.753766,0.146385251,0.124392359,0.0383300229,-0.0317988507,-0.0389833115,0.0406500623
101775.763794,0.178303434,0.14325952,-0.0347258609,-0.0162041765,-0.0338825583,0.035494715
101775.773822,0.198974247,0.186048258,-0.0794213272,0.00197376101,-0.0338964052,0.0268450342
101775.783850,0.169587993,0.221634243,-0.114979547,0.00773870572,-0.0420414172,0.0116455741
101775.793878,0.135693103,0.224411306,-0.0852116011,0.0090476498,-0.051087644,-0.00346919615
101775.803906,0.0923626419,0.209348086,0.00804886642,0.00926123559,-0.0525521152,-0.0202417839
101775.813934,0.0487475912,0.206004383,0.148237674,0.0205458477,-0.0403838679,-0.0365331396
101775.823962,0.0348969797,0.21552672,0.245433727,0.0409632362,-0.0210517161,-0.0469202697
101775.833990,0.086665307,0.192292248,0.281225172,0.0481913202,-0.00956843141,-0.0520343333
101775.844017,0.145220737,0.180884463,0.264292741,0.0509013534,-0.0104400842,-0.0498265773
101775.854045,0.181896417,0.134547897,0.200220959,0.0583685935,-0.0089447191,-0.0397268012
101775.864073,0.264447274,0.081174144,0.16858605,0.0550020896,-0.00476408843,-0.0210457928
101775.874101,0.305847133,0.0521447594,0.240585703,0.0321188793,0.00704889465,-0.0018276237
101775.884129,0.318082053,0.0561551823,0.325537776,0.00130291085,0.0242776815,0.0189322494
101775.894157,0.314939444,0.0437753375,0.336932446,-0.0329080597,0.0407757014,0.0413190499
101775.904185,0.285912453,0.0260992129,0.290830035,-0.057440564,0.0451520719,0.0593603626
101775.914213,0.237361334,0.0812860251,0.10100889,-0.0612717904,0.030851962,0.0660241246
101775.924241,0.210268817,0.140302607,-0.135065473,-0.0438232906,0.0162040424,0.0643695071
101775.934269,0.192484227,0.173631387,-0.229837514,-0.0114962412,0.00669229776,0.0622634813
101775.944297,0.144447269,0.175595253,-0.187845462,0.0109267766,0.00441449601,0.0536377653
101775.954325,0.0865882232,0.237360457,-0.112491238,0.0259533953,-0.000374134164,0.0400939956
101775.964352,0.0443185958,0.276764557,-0.0571796848,0.0329164937,-0.00371773285,0.0215551965
101775.974380,-0.0601334931,0.318021921,0.0398626393,0.0393309854,0.00112336129,-0.00205905177
101775.984408,-0.121121703,0.330646278,0.122426941,0.0479428507,0.0146152014,-0.01794108
101775.994436,-0.123549661,0.317588498,0.134060095,0.0572660416,0.02600554,-0.0236556921
101776.004464,-0.111897802,0.294738222,0.148905782,0.0502635278,0.0313606262,-0.0261518713
101776.014492,-0.092276571,0.239173005,0.220861011,0.0408066437,0.0392252095,-0.0141900163
101776.024520,-0.0014520985,0.199028553,0.206183082,0.0248899963,0.0339284465,0.00596292131
101776.034548,0.0684208445,0.193414567,0.0979968484,0.000608092116,0.0174663812,0.0284708943
101776.044576,0.116629653,0.240630528,0.0315367095,-0.0233840588,-0.00771593675,0.0441811457
101776.054604,0.0885808583,0.311452844,-0.00920154359,-0.0381981619,-0.029801799,0.0456663892
101776.064632,0.000278159354,0.383396968,-0.00426525623,-0.0449157171,-0.038635768,0.0391530991
101776.074659,-0.0924490781,0.436469875,0.119383335,-0.0500481613,-0.0356975012,0.0239115618
101776.084687,-0.181224144,0.444351129,0.259569805,-0.0495328419,-0.0238472372,-0.000711492263
101776.094715,-0.228780552,0.45149406,0.286767608,-0.0358910635,-0.00817826111,-0.0255071204
101776.104743,-0.220341737,0.421757313,0.221776957,-0.020781884,0.00146877335,-0.0545736551
101776.114771,-0.186177821,0.371339925,0.128719903,-0.0107620079,0.00321527431,-0.084883891
101776.124799,-0.125021122,0.322930333,0.0625718992,-0.00224947976,0.00232711015,-0.107520759
101776.134827,-0.038329,0.259760523,0.0356119961,0.00134605402,0.0043934565,-0.126574084
101776.144855,0.0317182766,0.178826015,0.0759200411,0.00616930518,0.0131725678,-0.132092685
101776.154883,0.0913630364,0.100784287,0.0401513931,0.0207471829,0.00934533868,-0.136059731
101776.164911,0.15186887,0.0504433988,-0.105669867,0.0368099883,-0.00915164873,-0.134307325
101776.174939,0.158547982,-0.0167626996,-0.150454181,0.0491010062,-0.0312995613,-0.131893441
101776.184967,0.112165659,-0.055182684,-0.110610246,0.0706401244,-0.0343206488,-0.130120829
101776.194994,0.0593105594,-0.100110626,0.0181394678,0.0845452845,-0.0157472324,-0.123148412
101776.205022,0.0296644128,-0.182975974,0.224144855,0.0778964385,0.0137523357,-0.108993709
101776.215050,0.0315600904,-0.230076912,0.37529111,0.044560317,0.0414438844,-0.0971562266
101776.225078,0.065984338,-0.277736855,0.420350734,0.0016674475,0.0610665902,-0.0761321709
101776.235106,0.116511945,-0.311292612,0.328341728,-0.0462199189,0.0660983622,-0.0546686873
101776.245134,0.137900989,-0.28847865,0.145749949,-0.0628660098,0.0575890318,-0.0332986787
101776.255162,0.148044635,-0.252450401,-0.169020934,-0.0389233902,0.0430226065,-0.0180369057
101776.265190,0.107094128,-0.216483819,-0.453629903,0.0145528866,0.0205423329,-0.0102897696
101776.275218,0.0390276498,-0.187120928,-0.638135406,0.0735839829,-0.0113681965,-0.0102120042
101776.285246,0.0165378048,-0.179211854,-0.619244828,0.100469127,-0.0411130413,-0.0115867294
101776.295274,-0.0131578069,-0.20668979,-0.396807946,0.0941523686,-0.054794766,-0.00430298317
101776.305301,-0.0141805741,-0.246238979,-0.101499888,0.0609856285,-0.0600864664,0.0066503319
101776.315329,-0.0485477578,-0.193654605,0.145391637,0.034272261,-0.0537686497,0.0162273254
101776.325357,-0.0820749836,-0.116317153,0.236155027,0.0268601533,-0.0397220738,0.0242647454
101776.335385,-0.111755982,-0.0377040182,0.27379999,0.0231032316,-0.0232528187,0.0312656611
101776.345413,-0.131450205,0.061461947,0.308034268,0.0229010973,-0.0128358658,0.0328284055
101776.355441,-0.10881138,0.156783329,0.242643804,0.0372009389,-0.00633056136,0.0385565981
101776.365469,-0.0448844861,0.196629218,0.0808376238,0.0512320697,-0.0113306455,0.0437343195
101776.375497,0.00935118119,0.266629916,-0.0551502248,0.0500200652,-0.0286379978,0.0498460084
101776.385525,0.0295618292,0.284715005,-0.067504095,0.034323927,-0.043394573,0.0583438873
101776.395553,0.0265321792,0.266650374,-0.00292845467,0.0134820295,-0.0499526076,0.0683469847
101776.405581,-0.0304232684,0.248510395,0.0783615891,-0.00224100752,-0.0533239022,0.0718373209
101776.415609,-0.100828638,0.252378943,0.0847252789,-0.00413078675,-0.0557364598,0.0653919429
101776.425637,-0.0916322087,0.260912926,0.0314180516,-0.00834550522,-0.059437722,0.0607942641
101776.435664,-0.0515184442,0.287819674,0.0138069916,-0.0129975146,-0.0679624975,0.0484089628
101776.445692,0.0231901753,0.340549175,-0.10262217,-0.00742458459,-0.0784652084,0.0384649858
101776.455720,0.115051955,0.379840956,-0.178343474,0.01039223,-0.0805448741,0.0308331661
101776.465748,0.191760443,0.386307412,-0.160452428,0.0357809402,-0.0813171864,0.0245534331
101776.475776,0.232707882,0.385807097,-0.122712772,0.054620143,-0.0871670842,0.0192995481
101776.485804,0.239346882,0.366462893,0.00390051457,0.0526818931,-0.0889221132,0.017995663
101776.495832,0.229239548,0.299628588,0.225846399,0.0310415812,-0.0826477036,0.0200833157
101776.505860,0.177963754,0.279089292,0.445835304,0.00205280678,-0.0656697825,0.0158214606
101776.515888,0.137737761,0.286841075,0.5389134,-0.0122140134,-0.0310436301,0.0151988119
101776.525916,0.138523139,0.255165907,0.535555906,-0.0316723995,-0.00669594714,0.0114307059
101776.535944,0.0914180545,0.216817727,0.509336008,-0.0537180491,0.0117190126,0.00109018385
101776.545972,0.0568309444,0.22881745,0.381575305,-0.0635821298,0.0239178892,-0.0120186936
101776.556000,0.0562510987,0.209801638,0.225294026,-0.0544996858,0.0310932435,-0.0289377552
101776.566027,0.0872293706,0.176705936,0.0572346299,-0.0319898501,0.0372888222,-0.045177713
101776.576055,0.142149294,0.138277056,-0.0407832613,0.00107649202,0.0404209644,-0.0506276041
101776.586083,0.229612765,0.0633347916,-0.140525492,0.0300327763,0.0321233533,-0.045618996
101776.596111,0.310222645,-0.00950496525,-0.229583832,0.0405376144,0.0117080938,-0.0383179411
101776.606139,0.318739202,-0.0718362424,-0.247058114,0.0318178907,-0.0118488967,-0.0295875687
101776.616167,0.22930633,-0.102869204,-0.149053666,0.0204757564,-0.0352162719,-0.0212862287
101776.626195,0.144456986,-0.134522196,-0.0474473954,0.0197050385,-0.0445298776,-0.016034741
101776.636223,0.019739085,-0.144989888,0.0953209072,0.0238366667,-0.0396435112,-0.0083781518
101776.646251,-0.0704940705,-0.141901785,0.260869781,0.0330533311,-0.024845656,0.000232379884
101776.656279,-0.0590679097,-0.107250889,0.331986806,0.0378145315,-0.0101521984,0.0115630645
101776.666307,0.0420920789,-0.0418292267,0.333549818,0.0268372502,0.00332259852,0.0226367563
101776.676335,0.160379728,0.0246441005,0.336696299,0.0112977047,0.0153941754,0.037919838
101776.686363,0.260848958,0.0606461919,0.305233239,-0.0063518635,0.0236502402,0.0612957329
101776.696390,0.356615344,0.119406132,0.196585817,-0.0158486944,0.0199769437,0.0838433877
101776.706418,0.388246307,0.2381854,0.042391281,-0.0221521314,0.00788592547,0.0971352234
101776.716446,0.33760092,0.339058133,-0.0140875621,-0.0251495186,-0.00841155648,0.0996955857
101776.726474,0.257695462,0.419420796,0.0113683662,-0.0191768482,-0.0117314514,0.099633269
101776.736502,0.139532682,0.465561383,0.10144202,-0.0155128706,-0.00885923207,0.0933553949
101776.746530,0.0178778212,0.500204644,0.204178172,-0.00981503725,-2.89082527e-06,0.0737119243
101776.756558,-0.0737655665,0.542249267,0.27004619,-0.0138880759,0.00190845993,0.0484526381
101776.766586,-0.13981749,0.574016241,0.307447993,-0.0254778862,0.0117637534,0.0199373737
101776.776614,-0.151812464,0.561852962,0.381420407,-0.0358751342,0.0328013934,-0.00542950071
101776.786642,-0.128298098,0.480369989,0.410030415,-0.0467203259,0.0550433174,-0.0273680892
101776.796670,-0.0462976408,0.419946902,0.330791459,-0.0532029942,0.0618881732,-0.0526968837
101776.806698,0.0119553723,0.423695222,0.111612117,-0.0400637537,0.060105186,-0.0730812475
101776.816726,0.0707959761,0.351597223,-0.100143797,-0.00969705917,0.0593658946,-0.0937649608
101776.826754,0.0865115778,0.26763838,-0.186180159,0.0240475889,0.0649795681,-0.111641958
101776.836782,0.0643819443,0.186351369,-0.190534262,0.0561495945,0.0722183064,-0.11877656
101776.846810,0.0668037647,0.0705857857,-0.166549576,0.0735863745,0.0690001473,-0.121144921
101776.856837,0.0896676306,-0.0355207011,-0.190837629,0.0714545175,0.0512935854,-0.117000774
101776.866865,0.0752749481,-0.0861263778,-0.183515323,0.061010398,0.0331462733,-0.107525244
101776.876893,0.0508485821,-0.116782615,-0.125631874,0.0650251135,0.0246862099,-0.0942768157
101776.886921,0.041416883,-0.149639175,-0.0752139387,0.0636056513,0.0280979872,-0.074495919
101776.896949,0.016191987,-0.202506586,-0.00132101947,0.0625861883,0.0271472372,-0.0492408946
101776.906977,0.0329392698,-0.242362101,0.01377835,0.0545258671,0.0261336379,-0.0179844406
101776.917005,0.0711951315,-0.241882136,-0.000197568399,0.0421083458,0.0134338215,0.00821760204
101776.927033,0.112323334,-0.183016361,-0.0422463196,0.0240515824,-0.00582402805,0.0256988574
101776.937061,0.119911378,-0.0984800288,-0.0360725994,0.0158626288,-0.0152518842,0.0412107036
101776.947089,0.149314363,-0.0429508146,-0.0244885446,0.0317577049,-0.0112984218,0.0573665053
101776.957117,0.171919505,0.0175908575,-0.053834466,0.0433254093,-0.0145911537,0.0631897748
101776.967145,0.137985014,0.110079135,-0.0239011001,0.0464716703,-0.0208565071,0.0591303185
101776.977173,0.0701077746,0.167281799,0.0650485185,0.0416518785,-0.0253061168,0.0441756025
101776.987201,0.00144581489,0.210283211,0.174453481,0.0475055091,-0.0107130595,0.0289377943
101776.997229,-0.0362622037,0.20144809,0.301281287,0.0574220531,0.0146418326,0.011910608
101777.007257,-0.0726759446,0.183930736,0.418265744,0.0557826124,0.0402827486,-0.000488803722
101777.017284,-0.0952091904,0.117982017,0.450235584,0.0432066321,0.0524275601,-0.0103872418
101777.027312,-0.0605406857,0.0771492176,0.415300465,0.0219378322,0.0591669567,-0.0145489629
101777.037340,-0.00145122172,0.0140951243,0.321458398,0.00286400551,0.058883328,-0.0122333448
101777.047368,0.0281260974,-0.0538413707,0.213933843,-0.0193238538,0.0575349703,-0.00469846278
101777.057396,0.0538662494,-0.0781493345,0.124584411,-0.0293155015,0.0568420179,0.00597042684
101777.067424,0.0928532749,-0.0978231723,0.0132364982,-0.0191507488,0.0552971177,0.0213240832
101777.077452,0.182106553,-0.0510818063,-0.197124162,-0.000607424765,0.0343393721,0.0383049324
101777.087480,0.221250815,0.00393259021,-0.384233711,0.00933868345,0.000952385075,0.0550061464
101777.097508,0.189520117,0.0379788714,-0.42748833,0.00784917735,-0.0335006639,0.0736261681
101777.107536,0.133522993,0.0812696585,-0.374220266,0.000711905246,-0.0595533028,0.0938560739
101777.117564,0.0481542284,0.17508418,-0.278387318,0.002062927,-0.0741255879,0.102381647
101777.127592,-0.0571907177,0.280839899,-0.215567581,0.0171057917,-0.0781509578,0.0978382975
101777.137620,-0.147871325,0.393323903,-0.12144962,0.0316333361,-0.0641547143,0.0868165419
101777.147648,-0.199632638,0.420453902,0.0382937826,0.0356911942,-0.0442585014,0.0737675801
101777.157676,-0.205298335,0.399517314,0.142828508,0.0321539827,-0.0347542129,0.0578022003
101777.167704,-0.199552412,0.40805064,0.143325936,0.0320216417,-0.0341895521,0.0344056189
101777.177731,-0.209047093,0.43720502,0.12033143,0.0340589583,-0.0365863964,0.00553189358
101777.187759,-0.219656239,0.435481594,0.162548523,0.0298602208,-0.0275873076,-0.0217870791
101777.197787,-0.214152015,0.362072915,0.253716402,0.0356784277,-0.0094245486,-0.0439115576
101777.207815,-0.19050299,0.329353608,0.247893395,0.0336882472,0.00662312703,-0.0679793358
101777.217843,-0.162380985,0.270838546,0.164939802,0.0291302484,0.00680368952,-0.08657673
101777.227871,-0.135916172,0.163414967,0.0865612621,0.019388672,-0.00350034703,-0.0990517735
101777.237899,-0.0882552796,0.0909165347,0.000520224482,0.0186571013,-0.0137591092,-0.106495842
101777.247927,-0.036045346,0.0581090381,-0.0496878678,0.0258273967,-0.0189336315,-0.10766311
101777.257955,0.0713097708,0.00621876492,-0.0267781168,0.0397639833,-0.0144217033,-0.0919560492
101777.267983,0.183191425,-0.0672409505,-0.0344645797,0.0462450497,-0.0154062752,-0.0714587569
101777.278011,0.256172417,-0.0855258547,-0.0334118557,0.0426417962,-0.0278285891,-0.0510339141
101777.288039,0.304118775,-0.0842895543,-0.0791705673,0.0334629416,-0.0448304787,-0.0347553417
101777.298067,0.306605697,-0.056826524,-0.0830050309,0.0329103358,-0.0584624,-0.0224813633
101777.308095,0.320690628,-0.0413301546,-0.0341617973,0.0412622765,-0.0527227558,-0.00648056064
101777.318123,0.305856193,-0.0302266864,0.0712777683,0.0520297028,-0.0436594859,0.00480964407
101777.328151,0.278423631,-0.0138342449,0.176909642,0.0494448394,-0.0390852392,0.0134036653
101777.338179,0.219208641,0.00696779319,0.253369781,0.0337383151,-0.0344974138,0.0239449888
101777.348207,0.164598661,-0.0149710669,0.402281408,0.0049098637,-0.0209805369,0.0373239107
101777.358235,0.107051604,-0.0444524513,0.48156362,-0.0201600697,0.00217325147,0.0521936715
101777.368262,0.0827884656,-0.0805402483,0.480080687,-0.0313826315,0.0202606432,0.0621717386
101777.378290,0.0787433549,-0.0375795699,0.330378786,-0.0314710476,0.0240953285,0.063083604
101777.388318,0.101449692,0.0210418016,0.135043261,-0.0290137473,0.0173801687,0.0620564222
101777.398346,0.167257066,0.0406365098,0.0206143335,-0.0300174933,0.00399991358,0.0577309169
101777.408374,0.206300717,0.0836721166,-0.0214858556,-0.0156489406,-0.00116688514,0.0578102767
101777.418402,0.240804022,0.0679948741,-0.0555342557,-0.00192007911,-0.00535364076,0.0620143451
101777.428430,0.243037699,0.0737478116,-0.0352875865,0.00682680728,-0.00893426035,0.0641864166
101777.438458,0.175918292,0.0864483398,-0.0160556473,0.0116228936,-0.0174907316,0.0618806519
101777.448486,0.128599127,0.104656452,0.0162415252,0.0133142676,-0.0214742869,0.0589024387
101777.458514,0.0545074699,0.132819046,0.0548205545,0.0141787296,-0.0199909061,0.0519031212
101777.468542,-0.0062706047,0.175062151,0.118311322,0.0169308409,-0.00518373121,0.0417410322
101777.478570,-0.0349733329,0.17206085,0.231336228,0.00968491193,0.0155031718,0.0394754782
101777.488598,-0.0567388092,0.158599384,0.325066067,0.00430612545,0.0299188625,0.0385745317
101777.498626,-0.0131082687,0.206037646,0.256533798,0.0028693499,0.0323015936,0.0376922265
101777.508654,0.0463462292,0.250438805,0.132333418,-0.00316484063,0.0326166451,0.0392144918
101777.518682,0.0750706577,0.21489023,0.0623679011,-0.0171027612,0.0294464175,0.0474622995
101777.528710,0.0765530053,0.215086775,0.0180734168,-0.0255071633,0.0221461616,0.0513105653
101777.538738,0.0623607407,0.251402719,-0.0666255586,-0.0316649266,0.00615813909,0.0532994159
101777.548766,0.0310767639,0.274119468,-0.124083476,-0.0324947685,-0.00744821737,0.0467190109
101777.558794,0.00549194848,0.311056758,-0.144631758,-0.0288449042,-0.0151103977,0.036122825
101777.568822,-0.0207120948,0.361594374,-0.0778285051,-0.0161980838,-0.00602635555,0.0294550695
101777.578849,-0.0031755613,0.337786213,0.0360556482,0.0024214061,0.00893981103,0.0266337171
101777.588877,0.0335137087,0.340165327,-0.0225812496,0.012326235,0.00685615372,0.0172141157
101777.598905,0.0257302883,0.383560268,-0.119715928,0.00961700082,-0.0118735917,-0.00239793491
101777.608933,-0.0129216601,0.363107372,-0.137837276,0.0107717477,-0.0227616597,-0.019234173
101777.618961,-0.0209852857,0.308119718,-0.0774228469,0.0265885275,-0.0139758904,-0.0269831717
101777.628989,-0.0415332029,0.213867901,0.0224900642,0.0328371003,-0.000930396491,-0.035341505
101777.639017,-0.0654575377,0.179512554,0.0807300718,0.0279826932,0.00351468567,-0.0460386239
101777.649045,-0.0813719499,0.132283441,0.101737788,0.0188504476,0.00430777483,-0.0539929532
101777.659073,-0.0705734925,0.0783094205,0.141130472,0.0211277157,0.00816057064,-0.0596825294
101777.669101,-0.0275772313,0.0370655925,0.156029935,0.0317870155,0.0182486251,-0.0558318682
101777.679129,0.0480611433,-0.047043783,0.132670687,0.0368294455,0.0231291335,-0.0382874906
101777.689157,0.125368912,-0.131799567,0.11353344,0.0246665236,0.0137580028,-0.0179350823
101777.699185,0.158413177,-0.115504996,0.053192661,0.00611387892,-0.012293838,-0.00715407357
101777.709213,0.173215244,-0.0634376492,-0.00688742143,0.000338814134,-0.0299572553,-4.39668074e-05
101777.719241,0.172949287,-0.0325191447,0.0211029938,0.00356310327,-0.0305828322,0.0124057783
101777.729269,0.167571101,-0.0330415611,0.11950024,0.00608884543,-0.0199909061,0.0193345249
101777.739297,0.15607392,-0.0022798911,0.228104407,0.00166560104,-0.00752784545,0.0220647976
101777.749325,0.0979636768,0.0184079095,0.323764921,-0.0126880379,0.00589421997,0.0217140596
101777.759353,0.0312341464,0.00503240468,0.404253001,-0.0328281969,0.0188984368,0.0185662024
101777.769381,0.00428264576,0.00887541691,0.423928592,-0.0451855287,0.0300656036,0.0109562203
101777.779409,-0.0210335087,0.0450023768,0.367011358,-0.0378146991,0.0474238172,0.00214035809
101777.789437,0.000962634487,0.0466006058,0.244375743,-0.027414253,0.0591020472,-0.00196836703
101777.799465,0.0168322577,0.0500057381,0.122400637,-0.0194806959,0.0576133393,-0.00242589787
101777.809492,0.0518561517,0.059177398,-0.0317372005,0.00253672106,0.0445366874,-0.00394336693
101777.819520,0.123482953,0.0679222838,-0.232208919,0.0216558203,0.0236580372,-0.000487649813
101777.829548,0.176496531,0.0537113876,-0.277805719,0.0276186392,0.00444785738,0.00880758185
101777.839576,0.186145964,0.0085826445,-0.210701437,0.0268860031,-0.0125899818,0.0261671301
101777.849604,0.190991505,0.00566840103,-0.154380414,0.0243472103,-0.0255744904,0.0389044955
101777.859632,0.130214818,0.0388320907,-0.071896777,0.0202326272,-0.0327394605,0.0483792275
101777.869660,0.0665687869,0.0747374437,0.00315524916,0.0174994245,-0.0324254744,0.0574552789
101777.879688,0.0262063813,0.119497865,0.110541273,0.00306029851,-0.0295814816,0.060332559
101777.889716,-0.00775127171,0.206314892,0.22395021,-0.0146667669,-0.0255771521,0.0543809272
101777.899744,-0.0633232291,0.295442607,0.268358676,-0.0213627536,-0.0135503178,0.0476945266
101777.909772,-0.0612315175,0.333895708,0.2331991,-0.0147919357,-0.00221510557,0.0374599993
101777.919800,-0.06185038,0.403523189,0.197900992,-0.0107481917,0.00977497827,0.021026697
101777.929828,-0.0627658144,0.410694944,0.176138073,-0.0122153275,0.0152941141,0.00283650821
101777.939856,-0.0354851549,0.425515131,0.13105916,-0.000993299065,0.0273555703,-0.0108830314
101777.949884,0.0399906496,0.397225404,0.0843587836,0.00662147766,0.0328893512,-0.0138761587
101777.959912,0.0711555301,0.344573243,0.040788522,-0.00058423751,0.0302477628,-0.0184749048
101777.969940,0.0842551041,0.316407106,-0.015782091,-0.015086215,0.0143383052,-0.026040148
101777.979968,0.0589626958,0.309780527,-0.0865267753,-0.0114531303,0.000932218332,-0.036073342
101777.989996,0.03662205,0.289451915,-0.122668348,0.00378094986,-0.00133572973,-0.0437464416
101778.000024,0.0435517031,0.260007392,-0.0746533822,0.014596846,0.00292426278,-0.0442785397
101778.010052,0.0493262679,0.204424219,0.0210907188,0.00916026905,-0.000518405461,-0.0435648113
101778.020080,0.0680679394,0.164167137,0.0396709161,0.0109448535,-0.00681331987,-0.0442644246
101778.030108,0.109200233,0.127188237,-0.0388321272,0.015815774,-0.0152744483,-0.0371457934
101778.040136,0.126591002,0.111243174,-0.0580272416,0.0126253078,-0.0204186104,-0.0411871411
101778.050164,0.112212128,0.096211134,0.0106868137,0.00331569556,-0.0213773474,-0.0421259068
101778.060192,0.0836256471,0.0694420773,0.112779407,-0.00122286356,-0.0152297076,-0.0422188491
101778.070220,0.0651307899,0.0485545529,0.133530519,0.00434980122,-0.00371260103,-0.042069979
101778.080247,0.0698288846,0.0569379119,0.16909283,0.0150815416,0.0075248736,-0.0482272096
101778.090275,0.0686777418,0.0553445783,0.1827987,0.0201639179,0.0214843657,-0.0515028983
101778.100303,0.0852414848,0.02449523,0.231051566,0.023514973,0.0383778587,-0.0485217534
101778.110331,0.127572487,-0.0338080885,0.213632229,0.0223117564,0.0452908911,-0.0387388989
101778.120359,0.133601246,-0.0585325242,0.134005735,0.00529042957,0.0379568152,-0.0313443653
101778.130387,0.0799652249,-0.0270121813,0.0782090288,-0.0132118817,0.0243557859,-0.0275474973
101778.140415,0.0257253198,-0.0085146573,0.0340834714,-0.0191035941,0.0203200318,-0.0225695148
101778.150443,-0.0147139503,-0.0295202551,0.0346726695,-0.011555396,0.0257853698,-0.0200946406
101778.160471,-0.0645559127,-0.0252299375,0.0253448691,-0.0110049201,0.024938751,-0.0202168785
101778.170499,-0.0883042333,-0.0257150542,0.00358136562,0.00157342316,0.0207580347,-0.0229422413
101778.180527,-0.0183286337,-0.00447696275,-0.0301467165,0.0123850582,0.0144402171,-0.0249111168
101778.190555,0.059919485,-0.008434797,-0.0972825626,0.0320865922,0.0110912919,-0.0112147443
101778.200583,0.166540589,-0.0637188408,-0.137521634,0.0406089723,0.00532714603,0.007852423
101778.210611,0.207672809,-0.0813775759,-0.137503514,0.0249991193,-0.0139884939,0.0228300411
101778.220639,0.161826273,-0.0463246749,-0.126271926,0.00861961488,-0.0349435769,0.0316389799
101778.230667,0.0805833568,-0.00109510176,-0.107812724,0.00640519615,-0.0426465049,0.0334304869
101778.240695,-0.0404075598,0.0401464247,0.00341594592,0.0111240512,-0.0337598026,0.0269329064
101778.250723,-0.135977181,0.0970097736,0.139504332,0.0121893156,-0.0207515918,0.0098053189
101778.260751,-0.181264403,0.147639233,0.221575297,0.0148865655,-0.00683071697,0.00137827871
101778.270779,-0.100656569,0.0892202157,0.241824889,0.0163078941,0.0103285629,0.00373144774
101778.280807,-0.0157368636,0.0363243822,0.247882874,0.0113967592,0.0137640405,0.0116873756
101778.290835,0.0618431466,0.0629882615,0.117536831,0.00410209503,0.00250685867,0.017811846
101778.300863,0.0980265129,0.0752853965,0.0229407306,-0.000586933107,-0.00419764966,0.0287822057
101778.310891,0.130464263,0.0716194578,0.0361380658,-0.000395185489,-0.00127136812,0.0383690521
101778.320919,0.120094625,0.0766527028,0.0384177012,-0.0051643746,-0.00291773444,0.0457670465
101778.330947,0.0975635715,0.121327638,-0.0489227286,-0.0140785072,-0.0220741183,0.0449963287
101778.340975,0.0508208904,0.151588774,-0.0941366658,-0.0209835526,-0.0373854302,0.0374827534
101778.351003,0.0189089909,0.181088425,-0.0377168595,-0.00884140097,-0.0368125848,0.0308645312
101778.361031,-0.00178403387,0.198600189,-0.0131990888,0.0152189285,-0.0256352965,0.0212955289
101778.371058,-0.0103263829,0.243362401,0.0229191033,0.0287871994,-0.0143331066,0.0141318906
101778.381086,0.0115866121,0.229889683,0.0960842927,0.0243679509,-0.0166609772,0.00541190244
101778.391114,0.0505354976,0.217272376,0.148983524,0.00642969739,-0.0212722402,-0.0020976793
101778.401142,0.0820979991,0.200653396,0.194373402,-0.0132004628,-0.020640539,-0.0120650921
101778.411170,0.0665838383,0.247880572,0.226025847,-0.0177147873,-0.0103133321,-0.0192364529
101778.421198,0.0633251288,0.288530672,0.232701087,-0.00851995684,0.00276092417,-0.0289833546
101778.431226,0.0253008108,0.298558511,0.110987263,0.0131509835,0.00374762528,-0.0411406867
101778.441254,0.000213423555,0.295283215,-0.0722650257,0.0387812443,-0.00796202756,-0.0533965565
101778.451282,0.0145602941,0.25648784,-0.182912097,0.0546856411,-0.0219651945,-0.0623122863
101778.461310,0.0522494619,0.209401533,-0.118419459,0.0543817766,-0.0276220143,-0.0607026704
101778.471338,0.10836349,0.137106039,0.0535381134,0.035434451,-0.0213899519,-0.0481408052
101778.481366,0.149577398,0.0734408281,0.236879249,0.00872694049,-0.0107921688,-0.0235281363
101778.491394,0.151189656,0.0314691972,0.295495689,-0.0180807058,-0.006916204,-0.0110525582
101778.501422,0.109147772,0.0539721575,0.227781751,-0.0330023989,-0.0101074697,-0.00300528482
101778.511450,0.0865947991,0.0902353475,0.130315064,-0.0291559938,-0.00726214936,0.00310054468
101778.521478,0.080693393,0.116998011,0.063607672,-0.016831683,-0.00655454723,0.00535997096
101778.531506,0.081025986,0.137601969,-0.0278086289,-0.00601845048,-0.0133309597,0.00639008172
101778.541534,0.0919370369,0.154503018,-0.0759521898,0.00144931988,-0.0236051697,0.0020360793
101778.551562,0.0796287594,0.164363281,-0.0616506927,0.00250952435,-0.0301134028,-0.00786422193
101778.561590,0.0357678443,0.160682729,0.0608078122,0.00620572548,-0.0233777352,-0.0137447473
101778.571618,0.0497877479,0.138929857,0.167737909,0.00435908977,-0.00773352804,-0.0152691416
101778.581646,0.0547021888,0.0971466978,0.238502467,-0.00763339084,0.00765341707,-0.0133114513
101778.591674,0.0434515306,0.0788976322,0.259843361,-0.0160330012,0.0158692691,-0.017038811
101778.601702,0.0110103466,0.0620499943,0.178657362,-0.0115498351,0.0166652873,-0.0230602175
101778.611730,0.00580532528,0.052718285,0.0661456661,0.0006517031,0.0179108493,-0.0274232775
101778.621758,0.0423785677,0.0196805963,0.0332248087,0.00267304247,0.0135219591,-0.0330870189
101778.631786,0.0638416269,0.0164198044,0.0416390013,0.00632423628,0.00916236453,-0.0336380303
101778.641814,0.121827952,0.0157579064,0.00214636438,0.0191188604,0.010665453,-0.0296536721
101778.651842,0.154778693,-0.0177735936,-0.0127414082,0.0320410505,0.0113059431,-0.0169647764
101778.661870,0.158272526,-0.0432092463,-0.00642272652,0.0320106894,0.00968327932,0.000835793093
101778.671898,0.170811105,-0.0786160753,0.0176484694,0.0162562281,0.00189992413,0.0158296563
101778.681926,0.13522892,-0.076726864,0.0221428582,-0.00655774027,-0.00808133651,0.031129783
101778.691954,0.0750188545,-0.0511974686,0.0871112972,-0.0228794552,-0.0110973669,0.0353263915
101778.701982,0.00658894994,0.00220649707,0.11828911,-0.0197486449,-0.010119454,0.0347751155
101778.712010,-0.0357402256,0.0812753941,0.125598557,-0.00596332271,-0.00475478265,0.0232689306
101778.722038,-0.0381054204,0.15068503,0.104339495,0.0113565456,0.00266664824,0.0110303732
101778.732066,-0.00432538892,0.194073323,0.101606856,0.0279216729,0.0124918483,0.00463239523
101778.742093,0.0591908785,0.157286438,0.145256612,0.0319494382,0.0231998861,0.0090316711
101778.752121,0.122016972,0.0919200857,0.188434075,0.0144916186,0.0240502339,0.01332442
101778.762149,0.117793143,0.0791998665,0.173260471,-0.0117554311,0.0150492825,0.0171804111
101778.772177,0.0704864718,0.0938033057,0.1714467,-0.032301452,0.0109506771,0.0147934202
101778.782205,-0.0175023389,0.10758772,0.152800452,-0.0344868451,0.0148143917,0.0113430284
101778.792233,-0.085166739,0.105327593,0.0858826322,-0.01919524,0.0228462182,0.00673895516
101778.802261,-0.0963576298,0.0977744743,0.00849076497,0.00208182051,0.0251330752,0.00599673251
101778.812289,-0.0658201605,0.0982192955,-0.12371815,0.0171784814,0.0160447713,0.000553497113
101778.822317,0.032459012,0.0932464024,-0.193636904,0.0218781605,0.00455589453,0.00014070794
101778.832345,0.11200002,0.0922821971,-0.179382754,0.0226014759,-0.00771568483,0.0075815795
101778.842373,0.186056021,0.100428313,-0.0866056858,0.0118300561,-0.0124915317,0.0199956391
101778.852401,0.185657815,0.0945429816,0.045930561,-0.00339150801,-0.0182540789,0.0308986194
101778.862429,0.0948860229,0.155045016,0.108427057,-0.0155693442,-0.0218421556,0.0310235228
101778.872457,-0.0225573573,0.236232512,0.166920747,-0.0200133622,-0.0144193936,0.0218140446
101778.882485,-0.129292077,0.266469318,0.232800456,-0.0179030728,-0.000295852078,0.00826148503
101778.892513,-0.169281193,0.290073774,0.265741187,-0.0121956524,0.0151329059,-0.00701547228
101778.902541,-0.149930888,0.261674778,0.218593651,-0.0029073453,0.0272383038,-0.018999964
101778.912569,-0.0716708592,0.236823683,0.0861994431,0.00114412163,0.0283821318,-0.0253545307
101778.922597,-0.00355170113,0.218588135,0.000821253255,-0.000131266221,0.0178360138,-0.0317328013
101778.932625,0.0542190814,0.205862728,-0.0487163924,0.00482993666,0.00910910126,-0.0339940935
101778.942653,0.127523314,0.149359116,-0.0831032306,0.0155736608,0.00505363941,-0.0296355635
101778.952681,0.151217493,0.102121016,-0.108332949,0.0278321914,-0.00182823499,-0.02371509
101778.962709,0.100954164,0.0640456251,-0.133495447,0.0344171226,-0.0149714667,-0.0243033841
101778.972737,0.0715703945,0.00530449962,-0.105548871,0.0347604044,-0.0298651941,-0.026562009
101778.982765,0.0231437058,-0.025642062,-0.0207008427,0.0387434289,-0.0290268324,-0.0238730162
101778.992793,0.0285777866,-0.0509143043,0.133918057,0.0323347971,-0.0111090848,-0.0173834246
101779.002821,0.0590078501,-0.112347884,0.273422389,0.0175228287,0.00936476514,-0.00536910631
101779.012849,0.0903679609,-0.11579817,0.310533099,-0.00410070736,0.0181079227,0.00894964579
101779.022877,0.138149995,-0.0889202829,0.22777649,-0.00862461887,0.0195947662,0.0260524657
101779.032905,0.198309719,-0.0859708585,0.0597568418,-0.000217552646,0.00935730804,0.0424671248
101779.042933,0.200815783,-0.0371698931,-0.0723994658,0.0011526437,-0.00756068947,0.0514217392
101779.052961,0.13970855,0.00500442069,-0.0435375284,-0.00166604598,-0.0220730528,0.0507335775
101779.062989,0.0613358546,0.0404169853,0.0180342539,0.00424883515,-0.0236816015,0.0481186211
101779.073017,-0.0228978413,0.0725813982,0.109276952,0.0161190759,-0.0128795542,0.0388391018
101779.083045,-0.0697349227,0.12608634,0.184151283,0.029686816,0.0047359243,0.0265888274
101779.093073,-0.0442890775,0.161276932,0.251464824,0.0344123282,0.0227237139,0.0143875536
101779.103101,0.0172099319,0.150719919,0.28571956,0.0254534557,0.0341894217,0.0100101158
101779.113129,0.0820293908,0.185007462,0.255215701,0.00928300805,0.0327752829,0.00204273732
101779.123157,0.115346554,0.214933704,0.114659229,0.0143557973,0.0246457178,-0.00768738799
101779.133185,0.146695997,0.269809934,-0.0160410342,0.0406819433,0.0227087997,-0.0165631715
101779.143213,0.149306545,0.263882298,-0.024645781,0.0637467876,0.0301459432,-0.0190694723
101779.153241,0.144007562,0.203221602,0.0471603951,0.0668653473,0.0290913321,-0.0221920274
101779.163269,0.145240392,0.172035715,0.116509826,0.0517785363,0.0229428913,-0.0201163609
101779.173296,0.150030183,0.0998947544,0.153480835,0.0365174487,0.0267415978,-0.0037619276
101779.183325,0.158045732,0.0474493316,0.164561617,0.0310366657,0.0274124481,0.0111501766
101779.193352,0.127400126,0.0780922706,0.12336919,0.00576459803,0.0234736316,0.0198680349
101779.203380,0.0576483252,0.0716371762,0.18244331,-0.0181942638,0.0232387409,0.0259163398
101779.213408,0.0368903455,0.0795278198,0.232889303,-0.0316429622,0.0360120572,0.0304157492
101779.223436,0.0350606459,0.101347949,0.246532044,-0.0265163761,0.0528451018,0.0337891765
101779.233464,0.0565136221,0.114853181,0.160942842,-0.0204150733,0.0597706512,0.0343865231
101779.243492,0.0774406018,0.123713291,0.0859820009,-0.0270442143,0.0525553487,0.0278910734
101779.253520,0.101624757,0.168194457,0.0185199916,-0.0309864916,0.0358602591,0.0201836191
101779.263548,0.109109852,0.202619873,-0.0720008218,-0.0271331631,0.0229441952,0.00834879745
101779.273576,0.077634663,0.261102421,-0.0915694457,-0.00509151164,0.0213529561,-0.00573399849
101779.283604,0.0254225375,0.313466266,-0.0929056627,0.0260994304,0.0264640953,-0.0255284775
101779.293632,-0.0223318049,0.330443449,0.0013110826,0.0464297347,0.0383295417,-0.0399870425
101779.303660,-0.0674273034,0.268703471,0.116892103,0.0496726669,0.0491326563,-0.0503033325
101779.313688,-0.0605767068,0.1842177,0.22481121,0.0234043114,0.0547772236,-0.0500577837
101779.323716,-0.000361161463,0.123810796,0.260265386,-0.00706677837,0.0544994585,-0.0463629141
101779.333744,-0.0281484553,0.0091257384,0.220658182,-0.0329351276,0.0444169939,-0.0425300971
101779.343772,-0.0375926486,0.0266822552,0.0809890149,-0.0392023437,0.0336660817,-0.0451359972
101779.353800,-0.0452214629,0.0581878024,0.0137806881,-0.0296123009,0.037172664,-0.0459615812
101779.363828,-0.0120819213,0.0411435094,0.0206523274,-0.0145713007,0.0460159555,-0.043603085
101779.373856,0.0202690272,0.0104901221,0.0427723893,-0.00813337509,0.0539465845,-0.0313797072
101779.383884,0.0747733553,-0.0129402552,0.0350789122,-0.0108833546,0.0502362698,-0.0197653957
101779.393912,0.0919049612,-0.019254078,-0.0295090031,-0.0147790266,0.036003802,-0.00884457119
101779.403940,0.133449051,-0.00495119267,-0.105267716,-0.0166842509,0.0168871023,-0.0025975937
101779.413968,0.106578287,0.0385778967,-0.165277656,-0.0143694328,0.001752357,0.00356549351
101779.423996,0.0822695563,0.0632852717,-0.137108377,-0.00222728215,0.00140827661,0.00846890546
101779.434024,0.0293081467,0.104616668,-0.0439952091,0.0142752612,0.0128582716,0.00896159094
101779.444052,-0.0138083798,0.107750619,-0.00385492186,0.024211783,0.0167885646,0.00829979498
101779.454080,-0.0577653027,0.123623713,-0.0243435831,0.0243049935,0.012833504,0.00169701967
101779.464108,-0.0689088472,0.124292479,-0.01659633,0.0129388869,0.00530341594,-0.00239359587
101779.474136,-0.054881637,0.100834629,0.0622001433,-0.00906281825,0.000976578216,-0.00572467782
101779.484164,-0.0453627711,0.0987947938,0.112120651,-0.0267448742,-0.00547812553,-0.00409748591
101779.494192,-0.0424912342,0.113176151,0.0760877989,-0.0272074658,-0.00476572989,-0.00398829672
101779.504220,-0.0441231463,0.120360108,0.0537982257,-0.0112559311,-0.00709919166,-0.00810314715
101779.514248,-0.0554343025,0.113083139,0.0357575421,-0.00312157162,0.000435157563,-0.0102017168
101779.524276,-0.0339222895,0.0791096309,0.093181557,0.00429160381,0.00771810394,-0.00948612578
101779.534304,0.0306870339,0.0519475563,0.0707265641,0.0121902721,0.0187012479,-0.000934449956
101779.544332,0.0747582308,-0.000569945375,0.00830137988,0.00818354636,0.0107450532,0.00246001547
101779.554360,0.0653184215,0.0160742058,-0.0780424401,-0.00526222028,-0.0104856668,0.000723634847
101779.564388,0.0243661603,0.0538814105,-0.135396897,-0.00582627812,-0.0266382713,0.000265303999
101779.574416,-0.00261931565,0.0730701681,-0.125230308,0.00873135868,-0.024957817,0.0033372608
101779.584444,-0.0347615898,0.0667263886,-0.0439718282,0.0180841144,-0.0156271644,0.00643158751
101779.594472,-0.0569195726,0.0438907623,0.058185647,0.011597719,-0.0176383834,0.0107453763
101779.604500,-0.047569049,0.0777007871,0.0989309144,0.000470500032,-0.0225034468,0.00972591806
101779.614528,-0.0182982386,0.111960967,0.0686632019,0.00335736666,-0.0284385681,0.011103305
101779.624556,0.024965003,0.132349309,-0.00859890152,0.0186252687,-0.0326817855,0.00674557406
101779.634584,0.0363683675,0.163136954,-0.0820113437,0.0312547758,-0.0348301567,0.00476604654
101779.644612,0.0399402346,0.129619629,-0.0364624755,0.0304374546,-0.0369441733,0.00654983195
101779.654640,0.0176785723,0.0955624974,0.0868190363,0.0117138326,-0.0359899625,-0.00151608419
101779.664668,-0.042068698,0.0943482627,0.209440038,-0.00454822695,-0.0333430469,-0.012772467
101779.674696,-0.109671577,0.0906883155,0.360870371,-0.0169303268,-0.00778042804,-0.0152345598
101779.684723,-0.10663199,0.049608117,0.439618329,-0.02096981,0.0188368019,-0.0162809156
101779.694751,-0.0521362838,0.0156607297,0.347267962,-0.0151769035,0.0309443325,-0.0154031366
101779.704779,0.0487590625,0.0391346904,0.0750917736,0.0550330766,0.00410099886,-0.00972953998
101779.714807,0.147240041,0.00291691036,-0.332516383,0.000403388345,-0.00225010794,-0.0103045162
101779.724835,0.274773438,0.192934784,-0.167892222,0.0263947751,-0.0412608907,-0.00762430951
101779.734863,0.178163587,-0.019260252,-0.279955005,0.0518074557,-0.0525739975,-0.000374919735
101779.744891,0.163480397,-0.0212942786,0.0187625681,0.0210117288,-0.0164098684,0.0141925719
101779.754919,0.135501965,-0.0215950151,0.403772524,0.0158779528,-0.00177659781,0.0294463597
101779.764947,0.0780197899,-0.0605693638,0.32445758,-0.021533601,0.00729625905,0.0234827437
101779.774975,0.0313930633,0.0390045246,0.329808293,-0.0399839841,0.0043281666,0.0186256692
101779.785003,0.0240145704,0.106578141,0.16158114,-0.030917516,0.00921799615,0.0136415642
101779.795031,0.0832668237,0.152550715,0.0826958189,-0.01816204,0.0155515261,0.0117752198
101779.805059,0.132539462,0.204562495,0.0424742831,-0.00516927615,0.0137224672,0.00529867876
101779.815087,0.137845313,0.230225381,0.029160628,0.010682391,0.00939003658,0.00455965148
101779.825115,0.169376616,0.202742988,0.00110240828,0.0259385761,0.0102169476,0.00577831408
101779.835143,0.162621077,0.170879714,-0.0145551796,0.0280102491,0.00191054877,0.0053189192
101779.845171,0.134533777,0.126065516,-0.0206336227,0.0119697629,-0.00844888203,0.0101722637
101779.855199,0.0978966029,0.0666087901,0.0156780461,-0.00276710489,-0.0161486119,0.0138942972
101779.865227,0.043435164,0.0537523407,0.042871758,-0.0158216543,-0.0245607384,0.0146948434
101779.875255,-0.0241901461,0.124745556,0.0396072032,-0.00668461481,-0.0253120158,0.0041002566
101779.885283,-0.0728461136,0.189414282,0.0181166714,0.00711988052,-0.0143363317,-0.0139439907
101779.895311,-0.0462304938,0.212221961,0.0906546689,0.0270688217,0.00267354446,-0.0190053284
101779.905339,0.0354957493,0.206517502,0.124068278,0.0344036967,0.0123735759,-0.0247604195
101779.915367,0.0847443489,0.196716641,0.104449386,0.0319533236,0.0113000553,-0.0238517504
101779.925395,0.11689013,0.148449855,0.057944824,0.0299234632,0.00732102664,-0.0195494127
101779.935423,0.106280108,0.0870352363,0.0327548531,0.0234573092,0.00229351129,-0.0115266405
101779.945451,0.0692168902,0.0522322915,0.0473176315,0.0116477869,-0.000805609277,-0.0119189229
101779.955479,-0.0139939655,0.0563866713,0.0633060587,0.00492277276,-0.00157446379,-0.00866400823
101779.965507,-0.0886954977,0.0499466648,0.0616962855,0.00109900604,-0.00265517458,-0.0107444692
101779.975535,-0.125494146,0.0450848309,0.0535813681,-0.00375567027,-0.0118851587,-0.018942479
101779.985563,-0.157630283,0.0915389044,0.0501560698,-0.00415620953,-0.0130678685,-0.0248312596
101779.995591,-0.118113388,0.0880500028,0.125647656,0.00702161016,-0.00247221533,-0.0230128523
101780.005619,-0.0351230436,0.081485749,0.177880532,0.0130616585,0.0162945483,-0.0200873706
101780.015647,0.0348323901,0.0479077794,0.166062669,0.0122414054,0.0229260866,-0.0130331907
101780.025675,0.0837290344,0.0218150876,0.0995043303,0.00164921512,0.0194900762,-0.00417258684
101780.035703,0.130422177,0.0115847855,0.034313773,-0.00964258797,0.00592952501,0.0062792548
101780.045731,0.154432875,0.0174573673,-0.0434282228,-0.0145446686,-0.00136567198,0.00920953043
101780.055759,0.102192839,0.0425731038,-0.00364800111,-0.0150709096,-0.00109429576,0.0092617292
101780.065787,0.0508121956,0.0524134568,0.0268114346,-0.0118388971,0.00598172285,0.00768433837
101780.075815,-0.00660502429,0.0372239979,0.0241343243,-0.00365633424,0.00225995551,0.00041870214
101780.085843,-0.0270238352,0.0786341954,0.00109305593,0.00437256368,-0.000741693308,-0.00965896621
101780.095871,-0.0306811887,0.113212465,0.0163011465,0.0185549613,0.000442348071,-0.0137170907
101780.105899,0.0176361214,0.0613827991,0.0228776022,0.0249902252,0.00486852182,-0.0127104148
101780.115927,0.0556391043,0.0516132829,0.0743061762,0.014337047,0.00881133229,-0.00731991045
101780.125955,0.0637621319,0.0199236113,0.111284784,0.00396829564,0.00159869262,0.000866645947
101780.135983,0.0883276142,0.0172194669,0.0379892467,-0.00454636291,-0.0102233458,0.00462223589
101780.146011,0.103915863,0.0572551612,-0.0305459449,-0.000109802771,-0.0156751014,0.00481691305
101780.156039,0.0770618316,0.113489345,-0.0290717807,0.0106174098,-0.0109866075,0.00616340712
101780.166067,0.056624316,0.125283645,0.0717675976,0.02414467,-0.00056672364,0.0027066241
101780.176095,0.0159423231,0.139089943,0.136360774,0.0304048043,0.0123608215,0.00089065358
101780.186122,0.0395661406,0.115471605,0.155208097,0.0252617076,0.01791724,0.00570724718
101780.196150,0.0524336593,0.0978511563,0.152840199,0.012794653,0.0153406318,0.00674241781
101780.206178,0.0536797869,0.128698459,0.112873515,0.00381074497,0.00598148489,0.000330857001
101780.216206,0.0511288603,0.187286659,0.0203530522,0.00283789216,-0.00171052327,-0.00407347828
101780.226234,0.0761034349,0.166279709,-0.0839127934,0.0110990182,-0.0145695955,-0.000640131533
101780.236262,0.0783919111,0.152979425,-0.156068514,0.0287879985,-0.0293607935,-0.000479809009
101780.246290,0.0629177901,0.181511619,-0.180131526,0.0429608114,-0.0435719527,-0.00873347744
101780.256318,0.0361459569,0.200081989,-0.0937076267,0.0456889533,-0.0473062359,-0.0123567078
101780.266346,0.039680853,0.1784336,0.0910088892,0.0354224667,-0.0364826173,-0.0162033774
101780.276374,0.0322467575,0.155263298,0.263518834,0.0186522752,-0.0173701756,-0.0135639198
101780.286402,0.0476991782,0.123778611,0.32102176,0.00992935803,-0.0066078105,-0.0137013383
101780.296430,0.0559834608,0.15996954,0.238891758,0.00851149019,-0.00396195985,-0.0213693772
101780.306458,0.0537700956,0.222513893,0.117781161,0.0186394919,0.000381389749,-0.03615072
101780.316486,0.0524123973,0.247060342,0.0933680195,0.0310426317,0.00895810034,-0.0478899367
101780.326514,0.0724020961,0.215374214,0.120852823,0.0393548906,0.0214752238,-0.0436856039
101780.336542,0.111691539,0.117382955,0.126221657,0.0373260938,0.0277981013,-0.0343829133
101780.346570,0.101358799,0.0399069534,0.16308453,0.019394232,0.0182967409,-0.024422694
101780.356598,0.0611061375,-0.00855005741,0.170565241,-0.00449645333,0.00741879269,-0.0168710332
101780.366626,0.0179330585,-0.0311306495,0.146737791,-0.0126060452,0.0101826219,-0.00645381212
101780.376654,0.00814713916,-0.0297443097,0.130213357,-0.0122848675,0.0162881836,-0.000578345731
101780.386682,-0.0228420925,0.0154252404,0.0335989027,-0.00431136414,0.0107253743,-0.00219168887
101780.396710,-0.0152968648,0.0663075421,-0.108863695,0.00772772264,-0.00770023884,-0.00987916999
101780.406738,-0.00389532694,0.113910384,-0.176574126,0.0279267337,-0.0238003787,-0.0189152751
101780.416766,-0.00140153736,0.138715593,-0.112958271,0.0489960648,-0.0214200448,-0.0247691683
101780.426794,0.0150522424,0.108857119,0.0704594376,0.0628873855,-0.00296567101,-0.0266570859
101780.436822,0.0307168445,0.0470844803,0.277758372,0.049555596,0.0150889633,-0.024673827
101780.446850,-0.0097475601,-0.000870170431,0.418103247,0.0263626575,0.0326386616,-0.0246184357
101780.456878,-0.045327919,-0.0231400891,0.490625462,0.00253349263,0.0497255027,-0.0249252319
101780.466906,-0.111925786,-0.0333060207,0.522035915,-0.0216131229,0.0760897323,-0.034508083
101780.476934,-0.183822344,-0.0413310314,0.554099279,-0.0526306927,0.101722658,-0.0446051918
101780.486962,-0.255767197,-0.051629686,0.513338229,-0.0694701225,0.122885734,-0.0583521612
101780.496990,-0.268671687,-0.0253370877,0.337976402,-0.0507475734,0.137497425,-0.0694799125
101780.507018,-0.290395882,-0.00850968887,0.0395317999,-0.00258536916,0.150878742,-0.0765095949
101780.517046,-0.263912802,-0.103117881,-0.298842661,0.0378901511,0.134655297,-0.0790020525
101780.527074,-0.184529177,-0.114510907,-0.529215013,0.0587682687,0.0990184844,-0.0779865831
101780.537102,-0.213237823,-0.263158294,-0.556919597,0.0651398823,0.0572047234,-0.063450247
101780.547130,-0.222602594,-0.374756127,-0.490097639,0.0624586083,0.0254364088,-0.0391912535
101780.557158,-0.256381676,-0.42908455,-0.311067937,0.0887219086,0.000166738988,-0.0204109065
101780.567186,-0.347538961,-0.477976664,-0.276300575,0.0570691712,-0.00371561758,0.00921942387
101780.577214,-0.274721927,-0.301197115,0.0988391444,0.040900588,-0.0236078314,0.0267134625
101780.587242,-0.40575113,-0.349396462,0.191656544,-0.00899985898,-0.0225236602,0.0375503972
101780.597270,-0.412259782,-0.256868802,0.39369712,-0.037360929,-0.00889120437,0.0466674641
101780.607298,-0.453692447,-0.217071775,0.461392938,-0.0463749282,0.0191502832,0.0445603691
101780.617326,-0.512750785,-0.146344371,0.45829731,-0.0434976481,0.0446969233,0.0338004008
101780.627354,-0.536920181,-0.0810223327,0.419171753,-0.0474649593,0.0648748949,0.0134951286
101780.637382,-0.511913823,-0.06594565,0.382754286,-0.0562030561,0.0752404481,-0.00652145594
101780.647410,-0.479847609,-0.0380197879,0.285325008,-0.0759213641,0.0727147087,-0.0228961669
101780.657438,-0.44466531,-0.046431204,0.171558344,-0.0870278105,0.0658850297,-0.0380202606
101780.667466,-0.425071698,-0.0500826392,0.0227975227,-0.0815539509,0.0690280944,-0.0484161749
101780.677494,-0.445429865,-0.0826988511,-0.0358265157,-0.0721511245,0.0752239376,-0.056326028
101780.687522,-0.426329004,-0.179299313,-0.100858083,-0.0575128011,0.0768037289,-0.0545188077
101780.697550,-0.358266399,-0.309390943,-0.265433144,-0.0420393012,0.064396061,-0.0439604409
101780.707578,-0.279821661,-0.444838913,-0.436536729,-0.0366972685,0.0330570452,-0.0287239626
101780.717606,-0.25664778,-0.567606447,-0.5340116,-0.0410097241,-0.0128819514,-0.0109287221
101780.727633,-0.275159953,-0.647339653,-0.582491845,-0.0334596634,-0.0541526936,0.0074396329
101780.737661,-0.290048529,-0.669693597,-0.549129089,-0.0100787049,-0.0746102929,0.0245075673
101780.747689,-0.347352937,-0.650375295,-0.378256974,0.0118686715,-0.0781411156,0.0410572477
101780.757717,-0.41676418,-0.600897818,-0.158910459,0.0178128462,-0.085959889,0.0453968681
101780.767745,-0.492965303,-0.539197989,-0.010882044,0.0122327255,-0.088091217,0.0432154723
101780.777773,-0.569113381,-0.467610863,0.164380415,0.00119339011,-0.0775767937,0.0308815762
101780.787801,-0.627926586,-0.430390153,0.328228915,-0.00460511073,-0.0507670157,0.0203106906
101780.797829,-0.655278264,-0.410676604,0.379991835,-0.00996339042,-0.0200583711,0.000701835379
101780.807857,-0.686209848,-0.363858045,0.349621247,-0.0121980486,0.000720410142,-0.0261188596
101780.817885,-0.721848951,-0.344511978,0.240138543,0.000622674648,0.0205934513,-0.0502726659
101780.827913,-0.674880717,-0.388157058,0.0405886155,0.0337342881,0.0295049213,-0.068348065
101780.837941,-0.559345071,-0.430664732,-0.189948571,0.0590148754,0.0212983899,-0.073985979
101780.847969,-0.442791479,-0.473439825,-0.353799409,0.0744263306,-0.00572843431,-0.0724072605
101780.857997,-0.344348713,-0.526493516,-0.451365465,0.0846126527,-0.041461397,-0.0613636635
101780.868025,-0.259061271,-0.57136211,-0.47248541,0.0923227668,-0.064668715,-0.042777732
101780.878053,-0.23783202,-0.5892175,-0.373711732,0.0897874385,-0.0779690742,-0.0230911113
101780.888081,-0.246844617,-0.574338167,-0.231824304,0.0801033899,-0.0909493193,-0.00862748362
