t,v_x,v_y,sigma_vx,sigma_vy,distance,status,flow_quality,h
89753.785940,-0.00106017155,-0.000964788842,0.032779559,0.032779559,0,819,26.4104433,0.205
89753.795967,-0.00236528972,-7.47979586e-05,0.0328688743,0.0328688743,0,819,25.9948456,0.205
89753.805994,-0.000921742995,0.00107343307,0.0328085897,0.0328085897,0,819,25.0649464,0.205
89753.816021,-0.00150878237,4.15029957e-05,0.0329062796,0.0329062796,0,819,24.0081048,0.205
89753.826049,-0.000938564658,-0.000396098417,0.0328023629,0.0328023629,0,819,24.380284,0.205
89753.836076,-0.00210939331,-0.00153653038,0.0328911837,0.0328911837,0,819,25.5722813,0.205
89753.846103,-0.00224578457,-5.34781772e-05,0.0328926508,0.0328926508,0,819,22.9883034,0.205
89753.856130,-0.00181022245,-0.000233037729,0.0328350405,0.0328350405,0,819,22.0835861,0.205
89753.866157,-0.000593100354,0.000180725828,0.0328637205,0.0328637205,0,819,27.9020126,0.205
89753.876184,-0.00202046928,-0.00103095678,0.0328068148,0.0328068148,0,819,23.2566409,0.205
89753.886211,-0.000964157286,0.000962791358,0.0328965283,0.0328965283,0,819,24.1560695,0.205
89753.896238,-0.00066530238,0.000468544753,0.0329090316,0.0329090316,0,819,20.8778621,0.205
89753.906265,-0.00146158427,-0.000651471525,0.0328130214,0.0328130214,0,819,25.1965373,0.205
89753.916292,-0.00131880935,-0.00208689641,0.0329026011,0.0329026011,0,819,24.7139387,0.205
89753.926319,-0.000188728825,0.00101574724,0.0327683383,0.0327683383,0,819,27.200676,0.205
89753.936347,-0.000896096101,-0.00165236422,0.0329008877,0.0329008877,0,819,21.7207671,0.205
89753.946374,-0.0022870267,-0.000356054777,0.0330509517,0.0330509517,0,819,12.8619445,0.205
89753.956401,-0.00156684058,-0.000666064107,0.0328146312,0.0328146312,0,819,22.0372308,0.205
89753.966428,-0.00114851807,-0.000600493556,0.0328873165,0.0328873165,0,819,22.7221408,0.205
89753.976455,-0.00182769137,-0.00129584237,0.0328865344,0.0328865344,0,819,18.3020034,0.205
89753.986482,-0.00159783046,0.000140287374,0.0329271429,0.0329271429,0,819,21.0824398,0.205
89753.996509,-0.0024818429,-0.000448473877,0.0328528718,0.0328528718,0,819,25.3262828,0.205
89754.006536,-0.00290961757,-0.000900172972,0.0327619506,0.0327619506,0,819,26.1103182,0.205
89754.016563,-0.000588850148,-0.00164973625,0.0328656474,0.0328656474,0,819,27.8647971,0.205
89754.026590,-0.000481814693,-0.00184612516,0.0328220754,0.0328220754,0,819,24.6005483,0.205
89754.036617,-0.000738963966,0.000498494238,0.0329120121,0.0329120121,0,819,24.5274096,0.205
89754.046644,-0.00357462247,0.000385440076,0.0328997942,0.0328997942,0,819,23.136507,0.205
89754.056671,-0.00195094674,0.000392192763,0.0328436182,0.0328436182,0,819,19.7282253,0.205
89754.066699,-0.000418205128,-0.000238471572,0.0328783822,0.0328783822,0,819,23.5571106,0.205
89754.076726,7.78953437e-05,-0.000910971986,0.0328819454,0.0328819454,0,819,18.6563995,0.205
89754.086753,-0.00195087568,1.28544899e-05,0.0329149697,0.0329149697,0,819,22.8432677,0.205
89754.096780,-0.00119842931,0.000609731278,0.0329058939,0.0329058939,0,819,22.1807468,0.205
89754.106807,6.51702918e-06,8.18633589e-05,0.0328380053,0.0328380053,0,819,24.834686,0.205
89754.116834,-0.00151182943,-0.00144070394,0.0328841439,0.0328841439,0,819,24.4952422,0.205
89754.126861,-0.00108456718,-0.000545411918,0.0328259328,0.0328259328,0,819,21.3180148,0.205
89754.136888,-0.00169559063,0.000199129461,0.032916179,0.032916179,0,819,22.2967849,0.205
89754.146915,-0.00167828461,0.00130101443,0.0328891212,0.0328891212,0,819,25.8007686,0.205
89754.156942,0.000293787896,0.000870300811,0.032802305,0.032802305,0,819,23.3628933,0.205
89754.166969,-0.00232115998,-0.000530432649,0.0329127945,0.0329127945,0,819,22.9190045,0.205
89754.176996,-0.000707666663,-0.00181157851,0.0328239487,0.0328239487,0,819,22.7097677,0.205
89754.187023,-0.000666067161,-0.00095769392,0.0328906728,0.0328906728,0,819,22.4971703,0.205
89754.197051,-0.00180191695,-0.00176472332,0.0327774222,0.0327774222,0,819,27.115595,0.205
89754.207078,-0.00170445318,0.000339970258,0.0329011867,0.0329011867,0,819,22.92465,0.205
89754.217105,-0.00107896921,0.00176768161,0.0328784619,0.0328784619,0,819,27.660168,0.205
89754.227132,-0.00100527926,-0.00156940818,0.0328351997,0.0328351997,0,819,23.1897529,0.205
89754.237159,-0.00160769234,0.000298285336,0.0328698253,0.0328698253,0,819,24.5727862,0.205
89754.247186,-0.000112871037,-0.00132548922,0.0327647945,0.0327647945,0,819,27.5677992,0.205
89754.257213,-0.00202661978,-0.00133512647,0.0328879045,0.0328879045,0,819,22.4087611,0.205
89754.267240,-0.000644355736,0.000209573913,0.0328995173,0.0328995173,0,819,23.7993514,0.205
89754.277267,-0.00231676582,-0.000981241808,0.0328342262,0.0328342262,0,819,23.6967067,0.205
89754.287294,-0.00199153681,0.000360056174,0.0328620201,0.0328620201,0,819,25.5938221,0.205
89754.297321,-0.00060425674,-0.000489971869,0.032761176,0.032761176,0,819,28.0643721,0.205
89754.307348,-0.00265313694,0.000564428963,0.0328896497,0.0328896497,0,819,22.3574035,0.205
89754.317375,-0.000499636373,0.00090312447,0.032901526,0.032901526,0,819,24.6443571,0.205
89754.327402,-0.000903432535,-0.000596402635,0.0328483052,0.0328483052,0,819,20.4229568,0.205
89754.337430,-0.00229162305,-0.000613221982,0.0329331606,0.0329331606,0,819,20.8198244,0.205
89754.347457,0.000589156876,0.00147294948,0.0327905094,0.0327905094,0,819,23.7785533,0.205
89754.357484,-0.00217908137,-0.000441594191,0.0328844683,0.0328844683,0,819,26.0956731,0.205
89754.367511,0.00022508563,0.000101961026,0.0328713065,0.0328713065,0,819,22.4142961,0.205
89754.377538,-0.00242110513,-0.000124168333,0.0327823328,0.0327823328,0,819,24.6545106,0.205
89754.387565,0.000128877006,0.000859937694,0.0328752407,0.0328752407,0,819,22.7861234,0.205
89754.397592,-0.00175205217,-0.000187892277,0.0328282523,0.0328282523,0,819,22.1759643,0.205
89754.407619,-0.00148654371,0.000407229191,0.0328429159,0.0328429159,0,819,25.9614565,0.205
89754.417646,-0.00144613728,-0.000507672191,0.0329037493,0.0329037493,0,819,19.3456756,0.205
89754.427673,-0.00153659965,-0.00100967672,0.0328379805,0.0328379805,0,819,22.650518,0.205
89754.437700,-0.00216133745,-0.00149170475,0.0328765079,0.0328765079,0,819,27.1003629,0.205
89754.447727,0.0004796987,-0.0011575,0.0327927466,0.0327927466,0,819,25.4767995,0.205
89754.457754,-0.00222188365,0.000124535507,0.0328645804,0.0328645804,0,819,27.3285351,0.205
89754.467780,-0.00178316042,-0.000349171659,0.0328583788,0.0328583788,0,819,26.863484,0.205
89754.477807,0.000188784258,0.000105476253,0.032813577,0.032813577,0,819,22.1911927,0.205
89754.487835,-0.00198780093,9.75910334e-05,0.0329020095,0.0329020095,0,819,21.8743826,0.205
89754.497862,-0.00221287652,2.1984e-05,0.0328235841,0.0328235841,0,819,26.4045506,0.205
89754.507889,-0.00195774026,-0.000727959906,0.0328691407,0.0328691407,0,819,23.2336647,0.205
89754.517916,-0.00110594001,-0.000955809319,0.0328717907,0.0328717907,0,819,25.4569111,0.205
89754.527943,0.000349980635,0.000526388099,0.032798944,0.032798944,0,819,25.5634923,0.205
89754.537970,-0.00127636584,9.36543915e-05,0.0328809227,0.0328809227,0,819,23.5204811,0.205
89754.547997,-0.000321007366,-0.000995333227,0.0328427122,0.0328427122,0,819,23.055929,0.205
89754.558024,-0.00125235872,0.000591755601,0.0328717329,0.0328717329,0,819,25.816393,0.205
89754.568051,-0.00114527278,-0.00127505661,0.0328322276,0.0328322276,0,819,20.2867857,0.205
89754.578078,-0.00214021336,-0.000112263227,0.0329092368,0.0329092368,0,819,24.6466277,0.205
89754.588105,-0.0020492629,7.2748217e-05,0.0329143071,0.0329143071,0,819,21.6034731,0.205
89754.598132,-0.000858748286,-0.0013919864,0.0327795017,0.0327795017,0,819,24.3610568,0.205
89754.608159,-0.000887285377,-0.000365516997,0.0328873011,0.0328873011,0,819,23.6873266,0.205
89754.618186,-0.00256721113,0.000134381939,0.0328436963,0.0328436963,0,819,22.7347334,0.205
89754.628213,-0.00054032611,-0.00112140574,0.0329516049,0.0329516049,0,819,18.0268499,0.205
89754.638240,-0.00274949014,0.000370710987,0.032910908,0.032910908,0,819,19.4771515,0.205
89754.648267,7.90756317e-05,0.000329608058,0.0328375475,0.0328375475,0,819,21.8316899,0.205
89754.658295,-0.00222288021,-0.000707068961,0.0328874531,0.0328874531,0,819,24.0691357,0.205
89754.668322,-0.00128464865,0.00120034686,0.0328138235,0.0328138235,0,819,22.6784362,0.205
89754.678349,-0.00116817455,-0.000329963475,0.0329188442,0.0329188442,0,819,22.2374275,0.205
89754.688376,-0.00127690782,0.000825133353,0.0328886582,0.0328886582,0,819,24.2653088,0.205
89754.698403,-0.00164197984,-0.000420771626,0.0328346743,0.0328346743,0,819,23.1288218,0.205
89754.708430,-0.00119226401,-0.000225051014,0.0328944688,0.0328944688,0,819,22.9463111,0.205
89754.718457,-0.00120487268,-0.000417247073,0.0328496774,0.0328496774,0,819,19.039468,0.205
89754.728484,-0.00101354407,-0.000427824207,0.0329658668,0.0329658668,0,819,16.9108494,0.205
89754.738511,-0.000989276035,-0.000910044994,0.0329580129,0.0329580129,0,819,18.054418,0.205
89754.748538,-0.000957380049,0.00020980159,0.0328822391,0.0328822391,0,819,16.7984338,0.205
89754.758565,-0.000591165209,0.000584748719,0.032936253,0.032936253,0,819,19.8641062,0.205
89754.768592,0.000230105349,-0.000553708677,0.0328244332,0.0328244332,0,819,25.4679182,0.205
89754.778619,-0.00206324396,0.000243394901,0.0329222695,0.0329222695,0,819,21.6123463,0.205
89754.788646,-0.00199002138,0.00126196318,0.0329021643,0.0329021643,0,819,23.8534814,0.205
89754.798673,-0.00100148152,-0.00122040088,0.0328601298,0.0328601298,0,819,20.6492931,0.205
89754.808700,-0.0011413429,-0.00106054687,0.0329097165,0.0329097165,0,819,22.1392479,0.205
89754.818727,-0.00157084136,-0.00116209695,0.0328241584,0.0328241584,0,819,23.5811694,0.205
89754.828754,-0.00161120142,-0.000857697649,0.0329082841,0.0329082841,0,819,23.6134117,0.205
89754.838782,0.000762049975,0.000240821158,0.0328912892,0.0328912892,0,819,23.1088268,0.205
89754.848809,-0.000690929536,-0.000301949949,0.0328302422,0.0328302422,0,819,23.7606337,0.205
89754.858836,1.05289754e-05,-0.000419183417,0.0328976947,0.0328976947,0,819,23.4201525,0.205
89754.868863,-0.00172516131,0.0007311215,0.0328067913,0.0328067913,0,819,22.2275916,0.205
89754.878890,-0.00129731399,-0.000553571115,0.0328867359,0.0328867359,0,819,25.2255079,0.205
89754.888917,-0.00100453847,-0.000245692195,0.0327999298,0.0327999298,0,819,23.8116789,0.205
89754.898944,-0.00155400631,-0.000736716263,0.0329148192,0.0329148192,0,819,21.9851874,0.205
89754.908971,-0.000817471744,0.000452786695,0.03289275,0.03289275,0,819,23.0213485,0.205
89754.918998,-0.00101156584,-0.000913237824,0.0328232448,0.0328232448,0,819,24.0951206,0.205
89754.929025,-0.00124346063,0.000492376938,0.0329385573,0.0329385573,0,819,21.6583743,0.205
89754.939052,-0.00231156564,-0.00226535883,0.0328703679,0.0328703679,0,819,20.1815343,0.205
89754.949079,-0.000367977724,-0.00153938818,0.032936486,0.032936486,0,819,21.2539795,0.205
89754.959106,-0.00286190468,0.00126336494,0.032995541,0.032995541,0,819,9.64534787,0.205
89754.969133,-0.0017565541,3.81490164e-05,0.0329449344,0.0329449344,0,819,20.5451797,0.205
89754.979160,-0.000993088124,-0.000442259597,0.033070565,0.033070565,0,819,8.03440098,0.205
89754.989187,-0.000755791306,-0.000907381827,0.0328735913,0.0328735913,0,819,22.987526,0.205
89754.999214,-0.00225944673,0.000389061888,0.0329136273,0.0329136273,0,819,23.3330535,0.205
89755.009241,-0.000902600865,-0.00104248552,0.0329783072,0.0329783072,0,819,9.90925688,0.205
89755.019268,-0.00240240854,0.000951277409,0.0329151873,0.0329151873,0,819,22.2485259,0.205
89755.029295,-0.00142912264,-0.000276277577,0.0329066511,0.0329066511,0,819,20.1505407,0.205
89755.039322,-0.00191926422,-0.0003293026,0.0329290919,0.0329290919,0,819,21.7244487,0.205
89755.049349,-0.00171545539,-0.000991837658,0.0329789668,0.0329789668,0,819,20.9179855,0.205
89755.059376,-0.00228977714,-0.000835036888,0.0329165638,0.0329165638,0,819,22.1794583,0.205
89755.069404,-0.00106776725,-0.00159580814,0.0328799721,0.0328799721,0,819,18.4539149,0.205
89755.079431,-0.0018307143,-0.000101901836,0.0330509568,0.0330509568,0,819,12.8221626,0.205
89755.089458,-0.00185779757,-0.00133822846,0.032880818,0.032880818,0,819,21.7078591,0.205
89755.099485,-0.00182178955,-0.000771520023,0.0329165032,0.0329165032,0,819,20.9385248,0.205
89755.109512,-0.00079213061,-0.000547631245,0.032927444,0.032927444,0,819,21.3612721,0.205
89755.119539,-0.00308397326,-0.000264942824,0.0328295816,0.0328295816,0,819,23.8949933,0.205
89755.129566,0.000121713246,0.000667647455,0.0328670682,0.0328670682,0,819,27.4295676,0.205
89755.139593,-0.0018988103,0.00044543595,0.0328132546,0.0328132546,0,819,20.9021171,0.205
89755.149620,-0.00150151255,0.00106036582,0.0329,0.0329,0,819,24.1849943,0.205
89755.159647,-0.00317525879,-0.000803449197,0.0328799013,0.0328799013,0,819,25.1932586,0.205
89755.169674,-0.00020701585,0.000182457587,0.032804827,0.032804827,0,819,26.7399668,0.205
89755.179701,-0.00145148809,0.00074960017,0.0329333632,0.0329333632,0,819,19.7636727,0.205
89755.189728,-0.00114979717,0.000648078332,0.0328552667,0.0328552667,0,819,18.3102204,0.205
89755.199755,-0.00211525221,-0.000308515997,0.0329237093,0.0329237093,0,819,20.5541798,0.205
89755.209782,-0.00171605114,0.000769683516,0.0329395584,0.0329395584,0,819,21.0239037,0.205
89755.219809,-0.00164676797,-0.000639580958,0.0328781007,0.0328781007,0,819,22.7378822,0.205
89755.229836,-0.00113909319,-7.85643747e-05,0.0329163031,0.0329163031,0,819,19.7907282,0.205
89755.239863,-0.00202373689,-0.00154398434,0.0328426779,0.0328426779,0,819,21.9553285,0.205
89755.249890,-0.0017769368,-0.000716310321,0.0329307565,0.0329307565,0,819,16.4791833,0.205
89755.259917,-0.0015278839,0.000160738056,0.0328427998,0.0328427998,0,819,19.2804905,0.205
89755.269944,-0.00060416489,0.00051862434,0.0329233107,0.0329233107,0,819,20.1789027,0.205
89755.279971,-0.00125337807,-0.000787881921,0.0328785309,0.0328785309,0,819,24.898359,0.205
89755.289998,-0.0024872079,-5.19203471e-05,0.032816782,0.032816782,0,819,21.9782116,0.205
89755.300025,-0.00207907876,-0.000198463544,0.0329344432,0.0329344432,0,819,19.7880553,0.205
89755.310052,-0.00131852968,-0.000477001039,0.032829874,0.032829874,0,819,24.8525664,0.205
89755.320079,-0.00147427701,-0.000427073618,0.0329180392,0.0329180392,0,819,21.1074263,0.205
89755.330106,-0.000684472073,-8.77814164e-05,0.0329250667,0.0329250667,0,819,22.7965662,0.205
89755.340134,-0.0022830888,-0.00158937887,0.0328707946,0.0328707946,0,819,20.4699782,0.205
89755.350161,-0.00183555037,0.0010962492,0.0329295537,0.0329295537,0,819,21.3011022,0.205
89755.360188,-0.00143933517,0.000131832044,0.0330058101,0.0330058101,0,819,10.4431424,0.205
89755.370215,-0.00123571193,-0.00117570913,0.0329121077,0.0329121077,0,819,20.2306593,0.205
89755.380242,-0.00135197708,-0.000377525949,0.0328786188,0.0328786188,0,819,23.0793436,0.205
89755.390269,-0.00146895965,0.000299669972,0.0327847739,0.0327847739,0,819,24.4473558,0.205
89755.400296,-0.00182624822,-0.000610406404,0.0328931165,0.0328931165,0,819,23.5003762,0.205
89755.410323,-0.00153798519,6.19014496e-05,0.0328646496,0.0328646496,0,819,22.6609127,0.205
89755.420350,-0.00104020681,-0.000319213474,0.032921505,0.032921505,0,819,19.3519132,0.205
89755.430377,-0.00144661659,-0.00360315525,0.032919543,0.032919543,0,819,20.6857019,0.205
89755.440404,-0.00990242845,-0.0193953919,0.0367408566,0.0367408566,0,819,22.8373188,0.205
89755.450431,-0.00127906016,-0.010754146,0.0374547311,0.0374547311,0,819,25.4326512,0.205
89755.460458,-0.000805251671,-0.0114053968,0.0409450085,0.0409450085,0,817,6.73039819,0.205
89755.470486,-0.000991449966,-0.0014069264,0.0370484587,0.0370484587,0,819,23.1208806,0.205
89755.480513,0.000458103364,0.00199622261,0.0375569834,0.0375569834,0,819,23.0255336,0.205
89755.490540,-0.00225854548,-0.00695226869,0.0360940747,0.0360940747,0,819,23.8309166,0.205
89755.500567,0.00462862988,-0.00352154052,0.0373155673,0.0373155673,0,819,21.1784643,0.205
89755.510594,0.000619538113,-0.00597725246,0.0365849001,0.0365849001,0,819,21.3495942,0.205
89755.520621,0.00123683798,0.00639774957,0.0368290298,0.0368290298,0,787,25.4211277,0.205
89755.530648,-0.00171027131,-0.000947428447,0.0374485173,0.0374485173,0,787,22.4199732,0.205
89755.540675,0.000313672176,-0.00239253159,0.0364129008,0.0364129008,0,787,23.8442311,0.205
89755.550702,0.00526127686,0.00443190625,0.0380358488,0.0380358488,0,787,22.1673964,0.205
89755.560729,-8.22253626e-07,-0.00235013532,0.0365245164,0.0365245164,0,787,22.2854801,0.205
89755.570756,0.00223578427,-0.00790221437,0.0383204065,0.0383204065,0,787,21.8816927,0.205
89755.580783,-0.00570087339,0.000125625548,0.0375859206,0.0375859206,0,787,24.0438151,0.205
89755.590810,-0.00837244432,0.000376786546,0.0363666273,0.0363666273,0,787,24.7022838,0.205
89755.600837,-0.00278342768,0.00100236615,0.0381380046,0.0381380046,0,787,22.0576076,0.205
89755.610864,0.00330707516,-0.000669752361,0.0357456405,0.0357456405,0,787,24.4491962,0.205
89755.620891,-0.00341210336,-0.000915336077,0.0363461716,0.0363461716,0,787,29.0342413,0.205
89755.630918,-0.00029271731,0.00293894486,0.0360565426,0.0360565426,0,787,20.4963033,0.205
89755.640945,4.40772363e-06,-0.00106491843,0.0368496918,0.0368496918,0,787,27.0143597,0.205
89755.650972,-0.000990319831,-0.00282938242,0.0370677413,0.0370677413,0,787,25.9599217,0.205
89755.660999,0.00447436516,0.00445991402,0.0365018729,0.0365018729,0,787,19.0450094,0.205
89755.671026,0.0103434878,0.00747679295,0.0386335526,0.0386335526,0,787,20.71527,0.205
89755.681053,0.0121729921,0.0104152515,0.0370503264,0.0370503264,0,787,23.0739797,0.205
89755.691080,0.0144934624,0.0116937277,0.0392269477,0.0392269477,0,787,19.5972961,0.205
89755.701107,0.00821609313,0.00582227814,0.0416785379,0.0416785379,0,787,15.3626917,0.205
89755.711134,0.0132141568,0.0220532576,0.0398198667,0.0398198667,0,787,19.0278803,0.205
89755.721162,0.0166074199,0.014310142,0.042775298,0.042775298,0,787,13.283642,0.205
89755.731189,0.00314058359,0.00852037068,0.0419903861,0.0419903861,0,787,17.3506554,0.205
89755.741216,0.00261206965,0.00903947484,0.0450599795,0.0450599795,0,787,15.6746344,0.205
89755.751243,-0.00512557039,-0.000184525784,0.0431177067,0.0431177067,0,787,16.9037858,0.205
89755.761270,-0.0114282648,-0.0060989779,0.0389793939,0.0389793939,0,787,21.4143233,0.205
89755.771297,-0.00872374315,-0.0141874472,0.0411767041,0.0411767041,0,787,24.1574373,0.205
89755.781324,-0.0297229637,-0.0214626585,0.0379886794,0.0379886794,0,787,24.9444822,0.205
89755.791351,-0.0257233456,-0.0195028934,0.0399731602,0.0399731602,0,787,20.3134871,0.205
89755.801378,-0.0178147116,-0.0150544174,0.0425676118,0.0425676118,0,787,15.8496507,0.205
89755.811405,-0.0286581958,0.00153818882,0.041625371,0.041625371,0,787,18.5564776,0.205
89755.821432,-0.0203803666,-0.0140545745,0.0452126243,0.0452126243,0,787,20.9267585,0.205
89755.831459,-0.0274420427,-0.0166263039,0.0552081728,0.0552081728,0,785,14.3905956,0.205
89755.841486,-0.0332091812,-0.0181470069,0.0636565464,0.0636565464,0,785,19.3205999,0.205
89755.851513,-0.0358195238,-0.0174229825,0.0711114507,0.0711114507,0,785,16.7128853,0.205
89755.861540,-0.0345142499,-0.025383532,0.0778632242,0.0778632242,0,785,12.456726,0.205
89755.871567,-0.075363313,-0.0387875671,0.0840902552,0.0840902552,0,785,15.4310308,0.205
89755.881594,-0.130490727,-0.0534008211,0.0898909658,0.0898909658,0,785,18.2172722,0.205
89755.891621,-0.151155234,-0.0507612359,0.09532671,0.09532671,0,785,19.8713696,0.205
89755.901648,-0.119064958,-0.0287668115,0.100467176,0.100467176,0,785,21.2227666,0.205
89755.911675,0.00332031902,0.0456873781,0.057325382,0.057325382,0,787,21.9227869,0.205
89755.921702,0.0536297531,0.048979633,0.0655010143,0.0655010143,0,785,21.7381736,0.205
89755.931729,0.0616113874,0.0702913066,0.0727664808,0.0727664808,0,785,24.901101,0.205
89755.941756,0.0530515433,0.0870269329,0.0793721482,0.0793721482,0,785,18.0401401,0.205
89755.951783,0.0549453193,0.0949451568,0.0854710529,0.0854710529,0,785,20.0485688,0.205
89755.961810,0.0581174419,0.0941854073,0.0911649942,0.0911649942,0,785,21.4524827,0.205
89755.971837,0.0517791162,0.085827946,0.0965257192,0.0965257192,0,785,23.8378524,0.205
89755.981864,0.0393877063,0.0746181974,0.101605977,0.101605977,0,785,24.5951455,0.205
89755.991891,-0.0140710605,-0.022855445,0.060184618,0.060184618,0,787,27.9635503,0.205
89756.001918,-0.0383772225,-0.0308190172,0.041595253,0.041595253,0,787,21.6482681,0.205
89756.011945,-0.0554488242,-0.037225283,0.0408437477,0.0408437477,0,787,21.0251457,0.205
89756.021972,-0.0641354551,-0.0385192572,0.0465229662,0.0465229662,0,787,20.1180553,0.205
89756.031999,-0.0697170687,-0.0522627842,0.0562879524,0.0562879524,0,785,19.0385351,0.205
89756.042026,-0.0725470343,-0.0655880237,0.0645979841,0.0645979841,0,785,15.4828167,0.205
89756.052053,-0.073030881,-0.0773518607,0.0719593613,0.0719593613,0,785,12.9597031,0.205
89756.062080,-0.0707803223,-0.0869580923,0.0786391869,0.0786391869,0,785,7.9023998,0.205
89756.072107,-0.0654632334,-0.0964232232,0.0847987867,0.0847987867,0,785,11.2364184,0.205
89756.082134,-0.0573519336,-0.106399341,0.0905440952,0.0905440952,0,785,9.93846674,0.205
89756.092161,-0.0465010667,-0.115106418,0.0959485787,0.0959485787,0,785,14.4757218,0.205
89756.102188,-0.0299456445,-0.122835817,0.101066111,0.101066111,0,785,9.20029363,0.205
89756.112215,-0.00898382449,-0.129662346,0.105937945,0.105937945,0,785,18.6285183,0.205
89756.122242,0.0101176596,-0.133750168,0.110596286,0.110596286,0,785,22.2225423,0.205
89756.132269,0.0279952648,-0.134562031,0.115066689,0.115066689,0,785,27.438934,0.205
89756.142296,0.0455635625,-0.130305277,0.119369801,0.119369801,0,785,23.366477,0.205
89756.152323,0.0624872888,-0.119357163,0.123523138,0.123523138,0,785,25.0535797,0.205
89756.162350,0.0769280908,-0.100764129,0.127541722,0.127541722,0,785,30.1983944,0.205
89756.172377,0.0885368118,-0.0752084941,0.131438594,0.131438594,0,785,35.5565611,0.205
89756.182404,0.0599409263,0.0137994146,0.0529504349,0.0529504349,0,787,49.6484272,0.205
89756.192431,0.116819757,0.0503050202,0.0414696182,0.0414696182,0,787,49.7199807,0.205
89756.202458,0.156122433,0.097669337,0.0496598369,0.0496598369,0,849,28.1512239,0.205
89756.212485,0.174024284,0.14806801,0.0589088305,0.0589088305,0,785,26.8184569,0.205
89756.222512,0.184325568,0.199788457,0.0668969444,0.0668969444,0,785,24.5075467,0.205
89756.232539,0.183905307,0.245540078,0.0740350805,0.0740350805,0,785,20.9079227,0.205
89756.242566,0.180532969,0.281747721,0.0805507912,0.0805507912,0,785,17.8004321,0.205
89756.252593,0.176597397,0.307828297,0.0865849923,0.0865849923,0,785,15.9081025,0.205
89756.262620,0.174953851,0.321559612,0.0922314726,0.0922314726,0,785,19.9049535,0.205
89756.272647,0.178657761,0.319886778,0.0975546998,0.0975546998,0,785,18.1652463,0.205
89756.282674,0.186212628,0.303049742,0.102600728,0.102600728,0,785,22.6045149,0.205
89756.292701,0.195707937,0.274455816,0.107405475,0.107405475,0,785,28.5203548,0.205
89756.302728,0.202484006,0.236381749,0.111999967,0.111999967,0,785,41.7035224,0.205
89756.312755,0.200708524,0.194288508,0.116412029,0.116412029,0.000251227925,785,42.8834879,0.205
89756.322782,0.195513456,0.150756315,0.120665844,0.120665844,0.000772939117,785,20.9188502,0.205
89756.332809,0.196764034,0.107614331,0.124781398,0.124781398,0.00133001334,785,20.5984767,0.205
89756.342836,0.205013175,0.0688091665,0.128773528,0.128773528,0.00191718446,785,22.2907312,0.205
89756.352863,0.217126321,0.0332542009,0.132652835,0.132652835,0.00253100297,785,19.8637039,0.205
89756.362890,0.231382625,0.00136405881,0.13642673,0.13642673,0.00316952967,785,21.4119572,0.205
89756.372917,0.246629475,-0.0258503571,0.140100823,0.140100823,0.00383223975,785,23.7499711,0.205
89756.382944,0.262309201,-0.0485271198,0.143679789,0.143679789,0.00451989043,785,24.5301601,0.205
89756.392971,0.278875068,-0.0675838767,0.147169376,0.147169376,0.0052343404,785,27.3680569,0.205
89756.402998,0.296883053,-0.0820369313,0.150575752,0.150575752,0.00597848262,785,27.9394763,0.205
89756.413025,0.314373106,-0.0896121805,0.153904343,0.153904343,0.00675605026,785,42.1128936,0.205
89756.423052,0.329729349,-0.0879627688,0.157160542,0.157160542,0.00757116826,785,44.4868532,0.205
89756.433079,0.344619399,-0.0779249117,0.160350121,0.160350121,0.0084280624,785,66.0298816,0.205
89756.443106,0.36741628,-0.0615939204,0.163477889,0.163477889,0.00933164905,785,72.8920809,0.205
89756.453133,0.394314494,-0.0402335697,0.16654811,0.16654811,0.0102877507,785,45.9781191,0.205
89756.463160,0.432231886,-0.0141359969,0.169564434,0.169564434,0.011303337,785,35.5606641,0.205
89756.473187,0.469855376,0.0186322007,0.172530798,0.172530798,0.0123861454,785,30.4511433,0.205
89756.483214,0.502517706,0.05381081,0.175449342,0.175449342,0.0135431406,785,23.3831666,0.205
89756.493241,0.554186032,0.0938887823,0.178322804,0.178322804,0.0147824562,785,19.839498,0.205
89756.503268,0.6010536,0.136906645,0.181155435,0.181155435,0.0161135076,785,17.4534283,0.205
89756.513295,0.620699735,0.180009118,0.183952377,0.183952377,0.017542504,785,12.849023,0.205
89756.523322,0.626442068,0.221493138,0.186718855,0.186718855,0.0190716447,785,19.2212422,0.205
89756.533349,0.629615993,0.253630838,0.189455691,0.189455691,0.0207014638,785,17.8888625,0.205
89756.543376,0.643981103,0.270756089,0.192157811,0.192157811,0.0224329788,785,17.5249778,0.205
89756.553403,0.67361661,0.269925585,0.194817704,0.194817704,0.0242690647,785,25.8194459,0.205
89756.563430,0.702800016,0.254785462,0.197431453,0.197431453,0.026213148,785,24.1758954,0.205
89756.573457,0.707244008,0.228750235,0.199999234,0.199999234,0.0282654499,785,39.9700488,0.205
89756.583484,0.699253325,0.188694091,0.202528998,0.202528998,0.0304219203,785,37.6678023,0.205
89756.593511,0.705637894,0.135093891,0.205035252,0.205035252,0.0326780469,785,25.53573,0.205
89756.603538,0.723429229,0.0784954217,0.207527794,0.207527794,0.0350315181,785,25.920063,0.205
89756.613565,0.744955238,0.027140689,0.210006457,0.210006457,0.0374817577,785,26.4002542,0.205
89756.623592,0.767487494,-0.0159118828,0.212464314,0.212464314,0.040029251,785,16.8258823,0.205
89756.633619,0.789528533,-0.0508345427,0.214893956,0.214893956,0.0426751846,785,23.0367185,0.205
89756.643646,0.809006883,-0.0790580317,0.217290122,0.217290122,0.0454209972,785,19.3427855,0.205
89756.653673,0.826362996,-0.101403987,0.219650918,0.219650918,0.0482680913,785,29.7640425,0.205
89756.663700,0.841390781,-0.117006964,0.221977901,0.221977901,0.0512177679,785,41.1824062,0.205
89756.673727,0.852444368,-0.125658419,0.22427437,0.22427437,0.0542709718,785,31.9575421,0.205
89756.683754,0.857600881,-0.122873985,0.226543841,0.226543841,0.0574279109,785,74.1440302,0.205
89756.693781,0.861157297,-0.119490916,0.228790252,0.228790252,0.0606881334,785,56.0479418,0.205
89756.703808,0.308504455,0.0180602087,0.0867113006,0.0867113006,0.0639977061,787,126.040144,0.205
89756.713835,0.235120048,0.035076688,0.0585771908,0.0585771908,0.0672960488,787,117.70477,0.205
89756.723862,0.266498962,0.0478528241,0.0665996469,0.0665996469,0.070579576,785,29.6728107,0.205
89756.733889,0.306468094,0.0623424747,0.0737572662,0.0737572662,0.073855862,785,34.0500386,0.205
89756.743916,0.355440821,0.0807294718,0.0802817579,0.0802817579,0.0771341252,785,22.9808957,0.205
89756.753943,0.40292853,0.104702779,0.0863170968,0.0863170968,0.0804242586,785,25.3450841,0.205
89756.763970,0.433010881,0.133019525,0.0919605185,0.0919605185,0.0837342534,785,29.6602665,0.205
89756.773997,0.450243841,0.161510833,0.0972819448,0.0972819448,0.0870690883,785,20.7363876,0.205
89756.784024,0.464849668,0.186256679,0.102332986,0.102332986,0.0904321617,785,25.4395473,0.205
89756.794051,0.48617427,0.201246513,0.107152225,0.107152225,0.0938271069,785,25.5960579,0.205
89756.804078,0.517678771,0.203683541,0.111767867,0.111767867,0.0972588785,785,23.1715465,0.205
89756.814105,0.551257142,0.195986274,0.116200777,0.116200777,0.100733199,785,23.3866457,0.205
89756.824132,0.5619576,0.181434391,0.120467587,0.120467587,0.104253351,785,52.3966374,0.205
89756.834159,0.553925928,0.157080187,0.124584338,0.124584338,0.107818184,785,43.9288628,0.205
89756.844186,0.553359641,0.121167078,0.128569972,0.128569972,0.111425071,785,24.9174846,0.205
89756.854213,0.561157548,0.079464537,0.132442186,0.132442186,0.115072655,785,40.5869944,0.205
89756.864240,0.568870659,0.0362171118,0.13621459,0.13621459,0.11876028,785,35.3809843,0.205
89756.874267,0.571583361,-0.00651021567,0.139894979,0.139894979,0.122486841,785,26.5269147,0.205
89756.884294,0.569648581,-0.0440220281,0.143486288,0.143486288,0.126250498,785,21.4457369,0.205
89756.894321,0.566197313,-0.0745866836,0.146990011,0.146990011,0.130049151,785,25.9737018,0.205
89756.904348,0.560769451,-0.098635907,0.150408392,0.150408392,0.13388071,785,26.0099083,0.205
89756.914375,0.55450262,-0.116610965,0.153746043,0.153746043,0.137743127,785,31.3217134,0.205
89756.924402,0.548367107,-0.128901316,0.157009058,0.157009058,0.141634546,785,36.1977943,0.205
89756.934428,0.542337776,-0.136002292,0.160203328,0.160203328,0.145552958,785,32.7612818,0.205
89756.944455,0.539631798,-0.14054699,0.163335252,0.163335252,0.149497998,785,37.03866,0.205
89756.954482,0.16031646,-0.0866184314,0.0836928644,0.0836928644,0.153432021,787,35.8998939,0.205
89756.964509,0.0207089015,-0.0234678849,0.0454339106,0.0454339106,0.157305497,787,44.1609121,0.205
89756.974536,0.0271342349,-0.0306584624,0.0440982646,0.0440982646,0.161107059,787,56.9369134,0.205
89756.984563,0.0596786496,-0.0340863555,0.0542986499,0.0542986499,0.164841868,785,51.6949964,0.205
89756.994590,0.0972034049,-0.0374707101,0.062868565,0.062868565,0.168518079,785,34.7095076,0.205
89757.004617,0.131786127,-0.0420744462,0.0704059396,0.0704059396,0.172143884,785,41.4818554,0.205
89757.014644,0.154165871,-0.0506844009,0.0772136306,0.0772136306,0.175725801,785,31.3715088,0.205
89757.024671,0.170403109,-0.0625209072,0.0834703137,0.0834703137,0.179268379,785,27.177033,0.205
89757.034698,0.187433599,-0.075333683,0.0892918846,0.0892918846,0.182775551,785,28.6105401,0.205
89757.044725,0.206550716,-0.0884972948,0.0947585976,0.0947585976,0.186251482,785,31.684211,0.205
89757.054752,0.225844613,-0.10095997,0.0999289189,0.0999289189,0.189700524,785,32.2158939,0.205
89757.064779,0.242966837,-0.113509526,0.104846974,0.104846974,0.193126799,785,27.7040633,0.205
89757.074806,0.2515021,-0.127046312,0.109547324,0.109547324,0.196533336,785,29.4005956,0.205
89757.084833,0.249934157,-0.141654603,0.114057616,0.114057616,0.199921312,785,29.6913708,0.205
89757.094860,0.24307068,-0.153937844,0.118400263,0.118400263,0.203290433,785,30.8921783,0.205
89757.104887,0.235883134,-0.161256189,0.122593077,0.122593077,0.206639929,785,29.5101866,0.205
89757.114914,0.229737773,-0.158729356,0.126649435,0.126649435,0.20996917,785,32.5523689,0.205
89757.124941,0.224199078,-0.140816525,0.130579328,0.130579328,0.21327769,785,32.405374,0.205
89757.134968,0.221347777,-0.105949755,0.134391976,0.134391976,0.216565263,785,40.99134,0.205
89757.144995,0.219721071,-0.0555243037,0.138098018,0.138098018,0.219831886,785,43.1351637,0.205
89757.155022,0.215199824,0.00757867326,0.141710198,0.141710198,0.223077227,785,76.2784222,0.205
89757.165049,0.206686967,0.0798467766,0.145242882,0.145242882,0.226300212,785,33.9559025,0.205
89757.175076,0.195827929,0.155036806,0.148708937,0.148708937,0.229499276,785,41.7571646,0.205
89757.185103,0.1859729,0.228024291,0.152117275,0.152117275,0.232673071,785,32.4586163,0.205
89757.195130,0.179705918,0.294067397,0.155471125,0.155471125,0.23582122,785,39.3151204,0.205
89757.205157,0.179904837,0.347808435,0.15876878,0.15876878,0.238944916,785,35.9067622,0.205
89757.215184,0.188211715,0.388240881,0.162006399,0.162006399,0.242047277,785,38.542223,0.205
89757.225211,0.283322829,0.658987728,0.0701876531,0.0701876531,0.245143638,787,38.7063546,0.205
89757.235238,0.293306478,0.671108756,0.0770397567,0.0770397567,0.2482508,785,35.0069928,0.205
89757.245265,0.298605657,0.660266435,0.0833304817,0.0833304817,0.25137486,785,37.3563452,0.205
89757.255292,0.296204063,0.623563876,0.0891758829,0.0891758829,0.254519316,785,38.7392377,0.205
89757.265319,0.2902657,0.558840235,0.0946559011,0.0946559011,0.257684494,785,37.5707242,0.205
89757.275346,0.293673319,0.467568236,0.0998311374,0.0998311374,0.260868727,785,85.7712997,0.205
89757.285373,0.31600102,0.357632929,0.104753201,0.104753201,0.264070493,785,45.9304871,0.205
89757.295400,0.35573788,0.239532761,0.1094672,0.1094672,0.267289732,785,35.4101203,0.205
89757.305427,0.393160766,0.124932141,0.114007943,0.114007943,0.270526836,785,42.8122656,0.205
89757.315454,0.414452503,0.0195303259,0.118402388,0.118402388,0.273780532,849,34.6991907,0.205
89757.325481,0.431008184,-0.0793830481,0.122672262,0.122672262,0.277048246,849,34.6584637,0.205
89757.335508,0.449451385,-0.169604802,0.126830778,0.126830778,0.28032814,785,31.1459035,0.205
89757.345535,0.46637731,-0.245612283,0.130882016,0.130882016,0.283619811,785,25.1208197,0.205
89757.355562,0.479660803,-0.303034527,0.134826206,0.134826206,0.286924019,785,28.3536282,0.205
89757.365589,0.488181868,-0.340142601,0.138662941,0.138662941,0.29024233,785,27.03873,0.205
89757.375615,0.49112032,-0.357327178,0.14239076,0.14239076,0.293576275,785,37.9748181,0.205
89757.385642,0.488960729,-0.356140864,0.146011078,0.146011078,0.296928209,785,48.9754995,0.205
89757.395669,0.483508056,-0.337521476,0.14952267,0.14952267,0.30029911,849,65.0489392,0.205
89757.405696,0.476564663,-0.300613181,0.152928192,0.152928192,0.303689922,849,53.7872054,0.205
89757.415723,-0.180691252,-0.648692936,0.0624344719,0.0624344719,0.307034434,787,20.3371675,0.205
89757.425750,-0.190688671,-0.562958353,0.0700151173,0.0700151173,0.310268811,785,11.3442824,0.205
89757.435777,-0.194461365,-0.466138853,0.076850225,0.076850225,0.313398387,785,6.77380644,0.205
89757.445804,-0.194713706,-0.359149899,0.0831267692,0.0831267692,0.316427812,785,9.24764421,0.205
89757.455831,-0.0816454298,-0.118441618,0.0694714638,0.0694714638,0.319371183,785,10.354,0.205
89757.465858,0.0502711087,0.197765037,0.0534271699,0.0534271699,0.322253435,787,9.278728,0.205
89757.475885,0.121199435,0.353532711,0.054402025,0.054402025,0.325095241,787,11.9891585,0.205
89757.485912,0.170048033,0.55576992,0.0511409683,0.0511409683,0.327911122,849,16.0958744,0.205
89757.495939,0.258471327,0.776411293,0.0479494381,0.0479494381,0.330720803,787,29.4628363,0.205
89757.505966,0.308012859,0.9383714,0.0494294731,0.0494294731,0.333548377,787,44.1682768,0.205
89757.515993,0.342847458,1.10772317,0.03821239,0.03821239,0.336417105,787,40.6450728,0.205
89757.526020,0.33781286,1.16285882,0.0344418106,0.0344418106,0.339346484,787,40.7379703,0.205
89757.536047,0.306453805,1.15244921,0.0402677069,0.0402677069,0.342346708,787,33.7351527,0.205
89757.546074,0.302886648,1.14571862,0.0512440012,0.0512440012,0.345425296,785,31.861177,0.205
89757.556101,0.303921856,1.12078945,0.0602553688,0.0602553688,0.348590354,785,27.8126493,0.205
89757.566128,0.30656424,1.07839975,0.0680846432,0.0680846432,0.351846932,785,28.3663118,0.205
89757.576155,0.311045249,1.02004701,0.0751023898,0.0751023898,0.355196557,785,29.1437653,0.205
89757.586182,0.31763751,0.949451414,0.0815195432,0.0815195432,0.358637469,785,38.7363087,0.205
89757.596209,0.323434597,0.871718405,0.0874696223,0.0874696223,0.36216503,785,54.2977625,0.205
89757.606236,0.326035676,0.790148282,0.0930435101,0.0930435101,0.36577208,785,79.181078,0.205
89757.616263,0.327275381,0.704275659,0.0983070037,0.0983070037,0.369449428,849,91.1349393,0.205
89757.626290,0.328077117,0.616455524,0.103309542,0.103309542,0.373186522,849,39.7388206,0.205
89757.636317,0.329647397,0.531978398,0.108088908,0.108088908,0.376972369,849,42.3985691,0.205
89757.646344,0.33175624,0.452763892,0.112674369,0.112674369,0.38079631,849,35.9014338,0.205
89757.656371,-0.200965049,-0.643334185,0.0783715567,0.0783715567,0.384542844,787,38.1111842,0.205
89757.666398,-0.233680386,-0.74786746,0.0510853085,0.0510853085,0.388095301,787,34.4893563,0.205
89757.676425,-0.255536268,-0.792460323,0.0601241998,0.0601241998,0.391446046,785,36.0553687,0.205
89757.686451,-0.277808303,-0.828320271,0.0679802324,0.0679802324,0.39459308,785,32.7154832,0.205
89757.696478,-0.297791941,-0.852953539,0.0750268662,0.0750268662,0.397537397,785,38.1882013,0.205
89757.706505,-0.312159688,-0.86464652,0.0814728051,0.0814728051,0.400281783,785,48.4719443,0.205
89757.716532,-0.319380726,-0.86217217,0.0874500741,0.0874500741,0.402832559,785,51.0151254,0.205
89757.726559,-0.32306137,-0.845453257,0.0930474719,0.0930474719,0.405198979,785,55.2537436,0.205
89757.736586,-0.324061487,-0.81440237,0.0983273472,0.0983273472,0.407392544,785,13.667959,0.205
89757.746613,-0.322248939,-0.767938248,0.103335247,0.103335247,0.409426532,785,6.78458302,0.205
89757.756640,-0.317363972,-0.705640752,0.108106641,0.108106641,0.411315448,785,7.44732655,0.205
89757.766667,-0.311143152,-0.626598676,0.112671317,0.112671317,0.413074115,785,7.6347259,0.205
89757.776694,-0.305652297,-0.530441748,0.117055958,0.117055958,0.414716419,785,11.4772218,0.205
89757.786721,-0.299391994,-0.420404054,0.121285073,0.121285073,0.416254341,785,12.1803355,0.205
89757.796748,-0.294072112,-0.298184467,0.125382012,0.125382012,0.417697318,849,12.9415478,0.205
89757.806775,-0.292395581,-0.169232689,0.12936902,0.12936902,0.419051706,785,7.65214894,0.205
89757.816802,-0.292392152,-0.0454291497,0.133265981,0.133265981,0.420321189,785,6.79429996,0.205
89757.826829,-0.292061463,0.0650697807,0.137089219,0.137089219,0.421508176,785,12.3679884,0.205
89757.836856,-0.291409711,0.158892265,0.140848098,0.140848098,0.422615179,849,36.4502846,0.205
89757.846883,-0.291767228,0.232206697,0.144543808,0.144543808,0.423645659,849,33.4918252,0.205
89757.856910,-0.293917262,0.282039048,0.148173154,0.148173154,0.424604378,849,26.5660101,0.205
89757.866937,-0.296576433,0.306890848,0.15173022,0.15173022,0.425497399,849,22.593313,0.205
89757.876964,0.18359626,1.5870963,0.0663283795,0.0663283795,0.426429884,787,24.1198014,0.205
89757.886991,0.122192817,1.54294043,0.0496782994,0.0496782994,0.42752618,787,24.5035355,0.205
89757.897018,0.0650285242,1.44282094,0.0499939272,0.0499939272,0.428813773,787,24.5708004,0.205
89757.907045,0.0393097762,1.37989122,0.05921129,0.05921129,0.430299323,785,29.7041564,0.205
89757.917072,0.0204693814,1.29491304,0.0671763014,0.0671763014,0.431980553,785,31.8996148,0.205
89757.927099,0.00974599739,1.18864906,0.0742877689,0.0742877689,0.43384554,785,31.4684676,0.205
89757.937126,0.0104826284,1.06534205,0.0807710898,0.0807710898,0.435875847,785,34.2064693,0.205
89757.947153,0.0178884062,0.93477978,0.0867704639,0.0867704639,0.43804915,785,50.6635968,0.205
89757.957179,0.0313595374,0.802310361,0.0923846749,0.0923846749,0.440341103,785,38.0729102,0.205
89757.967206,0.0465520367,0.673335891,0.0976870835,0.0976870835,0.442727729,785,39.2394743,0.205
89757.977233,0.0664594377,0.55324949,0.102731205,0.102731205,0.445185448,785,39.4985736,0.205
89757.987260,0.0916681492,0.444106253,0.107557643,0.107557643,0.447693068,785,40.1575269,0.205
89757.997287,0.120748477,0.349883357,0.112196165,0.112196165,0.450232282,785,39.7810792,0.205
89758.007314,0.151642258,0.27118793,0.116667706,0.116667706,0.452788102,785,41.1178065,0.205
89758.017341,0.183726154,0.207742003,0.120987371,0.120987371,0.45534889,785,43.4737203,0.205
89758.027368,0.216833867,0.1604255,0.125166584,0.125166584,0.457906424,785,38.4143838,0.205
89758.037395,0.250291839,0.13076422,0.129213074,0.129213074,0.460456102,785,40.3330844,0.205
89758.047422,0.283507047,0.120265825,0.133131748,0.133131748,0.462997143,785,42.6322857,0.205
89758.057449,0.315770553,0.129674614,0.136927359,0.136927359,0.465532653,785,44.0305476,0.205
89758.067476,0.346200188,0.158387027,0.140605951,0.140605951,0.46806943,785,46.3024045,0.205
89758.077503,0.374373644,0.204993207,0.144175693,0.144175693,0.470617527,785,47.7475329,0.205
89758.087530,0.401389974,0.266707942,0.147647684,0.147647684,0.473189689,785,42.9380143,0.205
89758.097557,0.0964790867,0.0463939126,0.081607624,0.081607624,0.4757602,787,51.0539875,0.205
89758.107584,0.0789031919,0.00952075931,0.0445489523,0.0445489523,0.478292726,787,82.1570806,0.205
89758.117611,0.127030025,0.0570963482,0.0399836464,0.0399836464,0.480790376,849,65.3221706,0.205
89758.127638,0.178041822,0.134331024,0.0476875978,0.0476875978,0.483269324,849,50.7119282,0.205
89758.137665,0.215384337,0.206976803,0.0572561839,0.0572561839,0.485747192,785,42.9070721,0.205
89758.147692,0.254165404,0.275854316,0.0654469939,0.0654469939,0.488239985,785,40.0649333,0.205
89758.157719,0.290268145,0.340023005,0.072727975,0.072727975,0.490762597,785,30.2484079,0.205
89758.167746,0.3282758,0.394576731,0.0793503699,0.0793503699,0.493328352,785,29.1387894,0.205
89758.177773,0.364485079,0.439505165,0.0854683389,0.0854683389,0.495948665,785,55.8006937,0.205
89758.187800,0.394111142,0.474053275,0.0911846242,0.0911846242,0.498632629,785,32.0777697,0.205
89758.197826,0.421160355,0.498347602,0.0965711216,0.0965711216,0.50138669,785,21.3357102,0.205
89758.207853,0.449065069,0.50953021,0.101679405,0.101679405,0.504215953,785,17.5019677,0.205
89758.217880,0.48698156,0.505499882,0.106543072,0.106543072,0.50712283,785,22.5113791,0.205
89758.227907,0.53751512,0.482136799,0.111189069,0.111189069,0.510108362,785,24.6198193,0.205
89758.237934,0.582380325,0.445133836,0.115642108,0.115642108,0.513171467,785,25.3934644,0.205
89758.247961,0.597667203,0.403026417,0.119925369,0.119925369,0.516308013,785,30.2719016,0.205
89758.257988,0.404967005,0.233916699,0.0582856198,0.0582856198,0.51949024,787,31.6698734,0.205
89758.268015,0.376780134,0.183004829,0.06634327,0.06634327,0.522687691,849,36.1283522,0.205
89758.278042,0.344823335,0.120903161,0.0735280728,0.0735280728,0.525888059,849,59.4441702,0.205
89758.288069,0.106496904,-0.0268856875,0.0574366584,0.0574366584,0.529059241,787,32.2490437,0.205
89758.298096,0.08734065,-0.0870113463,0.0656071418,0.0656071418,0.532170518,785,28.0161965,0.205
89758.308123,0.0723628601,-0.138784778,0.0728750507,0.0728750507,0.53521242,785,28.8151233,0.205
89758.318150,0.0553114703,-0.18118402,0.0794884374,0.0794884374,0.538177276,785,35.0097658,0.205
89758.328177,0.0364591342,-0.213396431,0.08559924,0.08559924,0.541058935,785,33.1795752,0.205
89758.338204,0.0163979483,-0.236117816,0.0913083145,0.0913083145,0.543852754,785,29.7113788,0.205
89758.348231,-0.0023321166,-0.25035411,0.0966867346,0.0966867346,0.546555582,785,36.3033586,0.205
89758.358258,-0.0158085158,-0.256771581,0.101786101,0.101786101,0.549165977,785,42.5247623,0.205
89758.368285,-0.0253198276,-0.253248427,0.106644636,0.106644636,0.551684419,785,51.9694184,0.205
89758.378312,-0.0318934152,-0.240314422,0.111291821,0.111291821,0.554113224,785,48.4700582,0.205
89758.388339,-0.0328484009,-0.217794147,0.115751351,0.115751351,0.556456556,785,31.5451149,0.205
89758.398366,-0.0275654551,-0.184225284,0.120042352,0.120042352,0.558720708,785,23.2786608,0.205
89758.408393,-0.0188915241,-0.136298486,0.124180778,0.124180778,0.560914224,785,12.6219555,0.205
89758.418419,-0.0102864049,-0.0712277653,0.12818098,0.12818098,0.563047634,785,17.2145389,0.205
89758.428446,-0.084158521,0.0987749624,0.0689257667,0.0689257667,0.565134864,785,10.7383618,0.205
89758.438473,-0.0808162588,0.193134925,0.0758653882,0.0758653882,0.567190927,785,12.2786041,0.205
89758.448500,-0.0815454512,0.293372171,0.0822275937,0.0822275937,0.56923143,785,10.3916474,0.205
89758.458527,-0.0829201292,0.391436933,0.0881420291,0.0881420291,0.571272449,785,13.4158925,0.205
89758.468554,-0.0885763037,0.481119103,0.0936980515,0.0936980515,0.573329621,785,23.4880776,0.205
89758.478580,0.118350874,0.817490705,0.0570333478,0.0570333478,0.575450134,787,47.4393385,0.205
89758.488607,0.122484937,0.949229161,0.0539612538,0.0539612538,0.577685616,787,54.6429674,0.205
89758.498634,0.0936511821,1.01488812,0.0626080443,0.0626080443,0.58005153,785,44.4536463,0.205
89758.508661,0.0619538962,1.06657393,0.0702144208,0.0702144208,0.58255539,785,44.1343237,0.205
89758.518688,0.0318708818,1.10380737,0.0770887966,0.0770887966,0.585202542,785,40.947748,0.205
89758.528715,0.00479839546,1.12707352,0.0834112921,0.0834112921,0.587996234,785,32.3114127,0.205
89758.538742,-0.0186387039,1.13536626,0.0892963832,0.0892963832,0.590937442,785,34.6175669,0.205
89758.548769,-0.0373881012,1.12693052,0.0948208993,0.0948208993,0.594024502,785,29.4650086,0.205
89758.558796,-0.0512857812,1.09936088,0.100039474,0.100039474,0.597252627,785,31.7271388,0.205
89758.568823,-0.0598095296,1.05226259,0.104992557,0.104992557,0.60061357,785,30.1889262,0.205
89758.578850,-0.0591101323,0.983471926,0.109711565,0.109711565,0.604095447,785,39.4416811,0.205
89758.588877,-0.0457226612,0.892703405,0.114224976,0.114224976,0.607682669,785,43.1230205,0.205
89758.598904,-0.0233240895,0.787258661,0.118558896,0.118558896,0.611356583,785,45.447685,0.205
89758.608931,0.00436190548,0.672323362,0.122736913,0.122736913,0.615096496,785,83.8543709,0.205
89758.618958,0.034295924,0.554552284,0.126780818,0.126780818,0.618880752,785,91.5864385,0.205
89758.628984,0.068371329,0.441532981,0.130709622,0.130709622,0.62268781,785,52.8942228,0.205
89758.639011,0.101005195,0.333936572,0.134540701,0.134540701,0.626498578,849,43.970101,0.205
89758.649038,0.135992692,0.235837544,0.138285639,0.138285639,0.630294636,849,45.2992603,0.205
89758.659065,0.175756977,0.149731682,0.141952772,0.141952772,0.634060604,849,41.5405308,0.205
89758.669092,0.218438667,0.0752411087,0.145547559,0.145547559,0.637784038,785,44.667417,0.205
89758.679119,0.262872275,0.0111698279,0.149073168,0.149073168,0.641455261,785,43.1157458,0.205
89758.689146,0.309603318,-0.0426256438,0.152531903,0.152531903,0.645067282,785,40.001294,0.205
89758.699173,0.35775969,-0.0848516612,0.155923445,0.155923445,0.648615964,785,37.7543414,0.205
89758.709200,0.403367197,-0.113959794,0.159244802,0.159244802,0.652100189,785,42.0149265,0.205
89758.719227,0.442485917,-0.130631133,0.162491849,0.162491849,0.655521655,785,32.9883609,0.205
89758.729254,0.477522017,-0.134102927,0.165662626,0.165662626,0.658884715,785,31.582813,0.205
89758.739281,0.512783417,-0.123340663,0.168753836,0.168753836,0.662196619,785,32.6560811,0.205
89758.749308,0.548168067,-0.0970717806,0.171767041,0.171767041,0.66546769,785,36.2121798,0.205
89758.759335,0.57848499,-0.0526966079,0.174710883,0.174710883,0.668711191,785,37.5124864,0.205
89758.769362,0.596304916,0.00536816449,0.177596081,0.177596081,0.671942199,785,46.6688563,0.205
89758.779389,0.59867886,0.0704777091,0.180431128,0.180431128,0.675175655,785,46.7034552,0.205
89758.789416,0.588613666,0.141115679,0.183221698,0.183221698,0.678425242,785,44.5239607,0.205
89758.799443,0.571417664,0.218017749,0.185972007,0.185972007,0.681703501,785,51.0243972,0.205
89758.809470,0.553771538,0.298903188,0.188686098,0.188686098,0.685022292,785,42.6582958,0.205
89758.819497,0.539752271,0.381238777,0.191368252,0.191368252,0.688393113,785,42.0977122,0.205
89758.829524,0.526086899,0.462805565,0.194022819,0.194022819,0.691826934,785,36.6526946,0.205
89758.839550,0.509639761,0.541074386,0.196653231,0.196653231,0.695333288,785,35.7648367,0.205
89758.849577,0.489934316,0.613319687,0.199263163,0.199263163,0.698921227,785,40.1170535,0.205
89758.859604,0.468255503,0.676630214,0.201853059,0.201853059,0.702597003,785,47.690542,0.205
89758.869631,0.447572384,0.72812435,0.204421239,0.204421239,0.7063654,785,52.4362314,0.205
89758.879658,0.430914797,0.764740384,0.206964217,0.206964217,0.710229384,785,64.2242814,0.205
89758.889685,0.418975991,0.785229962,0.209478459,0.209478459,0.714190017,785,61.0249184,0.205
89758.899712,0.411309431,0.788977184,0.211959853,0.211959853,0.718246327,785,62.8989812,0.205
89758.909739,0.406400645,0.776183254,0.214404172,0.214404172,0.722395141,785,58.0461069,0.205
89758.919766,0.403923331,0.748032331,0.216806911,0.216806911,0.726631069,785,53.6302105,0.205
89758.929793,0.40799868,0.704370601,0.219167432,0.219167432,0.730946809,785,49.7172486,0.205
89758.939820,0.419322278,0.648022112,0.221490818,0.221490818,0.735333652,785,72.2641139,0.205
89758.949847,0.434814838,0.585776047,0.223784729,0.223784729,0.739782153,785,94.93931,0.205
89758.959874,0.053271182,0.045038637,0.070926751,0.070926751,0.744221723,787,157.888233,0.205
89758.969901,0.0538034639,-0.0401935709,0.0456851886,0.0456851886,0.748580475,787,188.580496,0.205
89758.979928,0.0715369594,-0.0659291309,0.0464495639,0.0464495639,0.752852128,787,101.576405,0.205
89758.989955,0.0856518488,-0.101318464,0.0562278248,0.0562278248,0.75703539,785,52.0647247,0.205
89758.999982,0.0958745469,-0.127211898,0.0645455256,0.0645455256,0.761128643,785,51.2177732,0.205
89759.010009,0.101540917,-0.144663912,0.0719107192,0.0719107192,0.765131339,785,47.2112088,0.205
89759.020036,0.106134443,-0.154138864,0.0785910323,0.0785910323,0.769043996,785,52.4737425,0.205
89759.030063,0.112827403,-0.157316192,0.0847482772,0.0847482772,0.772868374,785,56.3336992,0.205
89759.040090,0.121425531,-0.154713477,0.0904891605,0.0904891605,0.77660743,785,64.7514073,0.205
89759.050116,0.12950668,-0.14782986,0.095888062,0.095888062,0.78026461,785,74.8040391,0.205
89759.060143,0.13623433,-0.138986778,0.101000963,0.101000963,0.783844766,785,78.1897483,0.205
89759.070170,0.0609591942,-0.174613838,0.0562839705,0.0562839705,0.787343086,787,75.2462042,0.205
89759.080197,0.0545952261,-0.170253034,0.046940279,0.046940279,0.790753978,787,82.4886258,0.205
89759.090224,0.0389293914,-0.161612945,0.0398594278,0.0398594278,0.794078982,787,90.3031453,0.205
89759.100251,0.0106936727,-0.126453538,0.0344130373,0.0344130373,0.79732041,787,91.4547799,0.205
89759.110278,0.0107628525,-0.0991813013,0.0338631895,0.0338631895,0.800482827,787,109.373018,0.205
89759.120305,0.0301602277,-0.06826728,0.0333419277,0.0333419277,0.803573428,787,108.575524,0.205
89759.130332,0.0416655055,-0.0500819001,0.0341488679,0.0341488679,0.806599322,787,115.494055,0.205
89759.140359,0.0339034798,-0.0286815624,0.0341732412,0.0341732412,0.80956497,787,108.758096,0.205
89759.150386,0.0181231634,-0.00393290257,0.0329303235,0.0329303235,0.812473389,787,151.790418,0.205
89759.160413,0.0243255877,0.00894583517,0.0323750887,0.0323750887,0.815327815,787,161.503005,0.205
89759.170440,0.0236378216,0.0105575669,0.0318882243,0.0318882243,0.818130734,787,157.672947,0.205
89759.180467,0.0206614879,0.00541518725,0.0323045189,0.0323045189,0.820882659,787,162.437749,0.205
89759.190494,0.00873516483,0.00635696789,0.0326133771,0.0326133771,0.823583296,787,166.852175,0.205
89759.200521,-0.00172741446,0.0048843499,0.0324386859,0.0324386859,0.826232122,787,169.91822,0.205
89759.210548,-0.0102554577,-4.81831288e-05,0.0326371148,0.0326371148,0.828828426,787,169.932298,0.205
89759.220575,-0.00902233942,-0.002403973,0.0322956923,0.0322956923,0.831372225,787,166.305286,0.205
89759.230602,-0.0230037112,-0.0139446063,0.0326943186,0.0326943186,0.833862693,787,162.678151,0.205
89759.240629,-0.0131960215,-0.023653092,0.0327013586,0.0327013586,0.836299057,787,146.555442,0.205
89759.250655,-0.0152616497,-0.0303160539,0.0322198209,0.0322198209,0.83868147,787,155.659331,0.205
89759.260682,-0.0169072235,-0.0383604853,0.0322521465,0.0322521465,0.84101015,787,141.792724,0.205
89759.270709,-0.0070988929,-0.0429851308,0.0319304285,0.0319304285,0.843285546,787,143.406029,0.205
89759.280736,0.00350439101,-0.041635698,0.0324127384,0.0324127384,0.845509843,787,143.644573,0.205
89759.290763,0.00842307521,-0.0379897494,0.0334314101,0.0334314101,0.847685458,787,132.015324,0.205
89759.300790,0.0218921276,-0.0429834033,0.036864987,0.036864987,0.849814513,787,119.50713,0.205
89759.310817,0.0216109273,-0.0384645968,0.0398321203,0.0398321203,0.851898806,787,111.468829,0.205
89759.320844,0.0280989921,-0.026836639,0.0409601322,0.0409601322,0.853940828,787,117.39816,0.205
89759.330871,0.0334548764,0.00228978491,0.0464554871,0.0464554871,0.855945145,787,117.185634,0.205
89759.340898,0.0222424693,0.0532881191,0.0562313813,0.0562313813,0.85791781,785,106.812874,0.205
89759.350925,0.00445523261,0.124780505,0.0645503691,0.0645503691,0.859866226,785,84.4655783,0.205
89759.360952,-0.0179611656,0.211614399,0.0719245436,0.0719245436,0.861799664,785,74.7213349,0.205
89759.370979,-0.0416206289,0.305599272,0.0786257526,0.0786257526,0.863728981,785,69.6090132,0.205
89759.381006,-0.063983171,0.399036373,0.0848187444,0.0848187444,0.865666209,785,58.0828443,0.205
89759.391033,-0.0827299806,0.482743821,0.0906102307,0.0906102307,0.867623831,785,52.2144643,0.205
89759.401060,-0.0963199757,0.549060949,0.0960717326,0.0960717326,0.869613679,785,45.7070865,0.205
89759.411087,-0.107277003,0.595270663,0.101252937,0.101252937,0.871645749,785,25.4643165,0.205
89759.421114,-0.114929564,0.619636903,0.106187646,0.106187646,0.873727274,785,35.3296385,0.205
89759.431141,-0.11510181,0.618849676,0.110900948,0.110900948,0.875862072,785,36.3231519,0.205
89759.441168,-0.106806405,0.58983833,0.115411809,0.115411809,0.87804977,785,35.703167,0.205
89759.451195,-0.088394259,0.529204314,0.11973464,0.11973464,0.880284935,785,39.687365,0.205
89759.461222,-0.0600500861,0.434639677,0.123886574,0.123886574,0.882556373,785,41.0353553,0.205
89759.471248,-0.0245089042,0.309990398,0.127892232,0.127892232,0.884846877,785,50.3837178,0.205
89759.481276,0.0157148906,0.167532819,0.13178251,0.13178251,0.887135838,785,108.742983,0.205
89759.491303,0.0583394625,0.0226699095,0.135581948,0.135581948,0.889399686,785,85.4882071,0.205
89759.501330,0.0985689792,-0.112017589,0.139308992,0.139308992,0.891616912,785,43.1719216,0.205
89759.511357,0.129214171,-0.232020375,0.142974124,0.142974124,0.893768403,785,37.1761011,0.205
89759.521384,0.151500637,-0.334172438,0.146579714,0.146579714,0.895838378,785,39.2600926,0.205
89759.531411,0.173459167,-0.415340469,0.150122949,0.150122949,0.897815454,785,40.4098176,0.205
89759.541438,0.197950152,-0.47500846,0.153599116,0.153599116,0.899693528,785,35.5347622,0.205
89759.551465,0.224306238,-0.515616451,0.157005052,0.157005052,0.901471805,785,35.6497665,0.205
89759.561492,0.25047555,-0.538465557,0.160337497,0.160337497,0.903154394,785,34.2935148,0.205
89759.571519,0.273650944,-0.546664111,0.163592609,0.163592609,0.904749601,785,32.9746939,0.205
89759.581546,0.293254727,-0.541359554,0.166768937,0.166768937,0.906269075,785,32.8771158,0.205
89759.591573,0.310916591,-0.521383522,0.169865579,0.169865579,0.907727278,785,29.2972575,0.205
89759.601600,0.325285171,-0.489456278,0.172884195,0.172884195,0.909140514,785,29.0037959,0.205
89759.611627,0.338284319,-0.447745508,0.175830643,0.175830643,0.910525599,785,31.0357102,0.205
89759.621654,0.352336918,-0.398369907,0.178712997,0.178712997,0.911898963,785,26.971317,0.205
89759.631681,0.366412082,-0.343441624,0.181540084,0.181540084,0.91327579,785,28.810899,0.205
89759.641708,0.377884034,-0.285851334,0.184318805,0.184318805,0.914669035,785,31.6319888,0.205
89759.651735,0.383747234,-0.227347322,0.187053992,0.187053992,0.916088645,785,37.3167819,0.205
89759.661762,0.382675959,-0.167986946,0.189749198,0.189749198,0.917541282,785,43.0243462,0.205
89759.671789,0.376591516,-0.107693619,0.192407106,0.192407106,0.919030748,785,60.1365832,0.205
89759.681816,0.0261459391,0.0739998708,0.0584103054,0.0584103054,0.920528631,787,69.591053,0.205
89759.691842,-0.0138353242,0.0685205405,0.0455052631,0.0455052631,0.922001402,787,43.0917806,0.205
89759.701869,-0.0207882259,0.111499547,0.0478393384,0.0478393384,0.923446439,787,31.9717449,0.205
89759.711896,-0.0335819766,0.16500185,0.0573804402,0.0573804402,0.92486506,785,28.0548837,0.205
89759.721923,-0.0484276979,0.216918372,0.0655520683,0.0655520683,0.926258794,785,28.6416827,0.205
89759.731950,-0.0656757648,0.26623842,0.0728182386,0.0728182386,0.927629491,785,23.4692322,0.205
89759.741977,-0.0829203015,0.312198688,0.0794295341,0.0794295341,0.928979655,785,24.74277,0.205
89759.752004,-0.0996453422,0.353586947,0.085539527,0.085539527,0.93031277,785,23.0942049,0.205
89759.762031,-0.116650459,0.387495519,0.0912501179,0.0912501179,0.931633098,785,28.6921496,0.205
89759.772058,-0.133993725,0.412119284,0.0966329684,0.0966329684,0.932945227,785,24.0282045,0.205
89759.782085,-0.149677106,0.425636508,0.101740181,0.101740181,0.934253722,785,28.0768718,0.205
89759.792112,-0.159249506,0.425794207,0.106609411,0.106609411,0.935562903,785,26.9026343,0.205
89759.802139,-0.161699427,0.41270601,0.111269022,0.111269022,0.93687646,785,30.0269505,0.205
89759.812166,-0.160753566,0.385480723,0.115740221,0.115740221,0.938196495,785,29.3515907,0.205
89759.822193,-0.159902299,0.344176955,0.120040419,0.120040419,0.93952244,785,37.4526729,0.205
89759.832220,-0.160611597,0.289834013,0.124185754,0.124185754,0.940850565,785,36.6963918,0.205
89759.842247,-0.157470784,0.223097934,0.128190862,0.128190862,0.942174281,785,28.0326405,0.205
89759.852274,-0.146629445,0.142971219,0.13206977,0.13206977,0.943484635,785,40.9666623,0.205
89759.862301,-0.129240645,0.053399109,0.135837205,0.135837205,0.944770703,785,38.119253,0.205
89759.872328,-0.109235793,-0.0369681301,0.139507514,0.139507514,0.946020517,785,37.5430796,0.205
89759.882355,-0.0913675244,-0.122932401,0.143092683,0.143092683,0.947222066,785,34.6081047,0.205
89759.892382,-0.0770274226,-0.201089336,0.14660162,0.14660162,0.948364064,785,37.3302638,0.205
89759.902409,-0.0666443294,-0.270375061,0.150041669,0.150041669,0.949436525,785,38.0108383,0.205
89759.912436,-0.0599954524,-0.331885232,0.153419169,0.153419169,0.950430981,785,31.7005301,0.205
89759.922463,-0.0558341757,-0.385688495,0.156737903,0.156737903,0.951340649,785,43.6416981,0.205
89759.932490,-0.0526300594,-0.429907252,0.160001019,0.160001019,0.952160964,785,39.3868344,0.205
89759.942516,-0.0487367835,-0.464506366,0.163209459,0.163209459,0.952890165,785,28.0159389,0.205
89759.952543,-0.0416808493,-0.488346145,0.166362145,0.166362145,0.953530446,785,40.7278588,0.205
89759.962570,-0.0308383461,-0.497427912,0.169457589,0.169457589,0.954088849,785,37.2748039,0.205
89759.972597,-0.0187198703,-0.48866376,0.172495744,0.172495744,0.954348836,785,44.3840736,0.205
89759.982624,-0.230636542,-0.584506417,0.0665320072,0.0665320072,0.954348836,787,59.9579841,0.205
89759.992651,-0.220660261,-0.479765686,0.038271438,0.038271438,0.954348836,787,79.302351,0.205
89760.002678,-0.199000509,-0.398501169,0.0416612526,0.0416612526,0.954348836,787,86.7661057,0.205
89760.012705,-0.159053495,-0.269797456,0.0472785286,0.0472785286,0.954348836,787,87.5674522,0.205
89760.022732,-0.14998635,-0.17469387,0.0569128823,0.0569128823,0.954348836,785,103.016373,0.205
89760.032759,-0.142776983,-0.0714432191,0.0651397122,0.0651397122,0.954348836,785,75.3621477,0.205
89760.042786,-0.129714133,0.0304550059,0.0724428893,0.0724428893,0.954348836,785,59.1639258,0.205
89760.052813,-0.108940804,0.124155246,0.0790817624,0.0790817624,0.954348836,785,51.2999937,0.205
89760.062840,-0.0842623833,0.205201117,0.0852136828,0.0852136828,0.954348836,785,38.2569174,0.205
89760.072867,-0.0602446348,0.273782737,0.0909416063,0.0909416063,0.954348836,785,35.7096256,0.205
89760.082894,-0.0354851138,0.332801207,0.0963370272,0.0963370272,0.954348836,785,29.2082167,0.205
89760.092921,-0.00987425576,0.380522048,0.101453834,0.101453834,0.954348836,785,24.2972187,0.205
89760.102948,0.002676499,0.418367024,0.106334592,0.106334592,0.954348836,785,25.246823,0.205
89760.112975,0.00297774939,0.447055765,0.111012043,0.111012043,0.954348836,785,23.3997561,0.205
89760.123002,0.00145531417,0.463991758,0.115510497,0.115510497,0.954348836,785,23.9557118,0.205
89760.133029,0.00402226881,0.46515785,0.119846414,0.119846414,0.954348836,785,23.3011385,0.205
89760.143056,0.0156701217,0.45014321,0.124027545,0.124027545,0.95460134,785,16.4602871,0.205
89760.153083,0.0340081563,0.415149605,0.128060642,0.128060642,0.955142393,785,28.5246842,0.205
89760.163110,0.0437977839,0.363619437,0.131958775,0.131958775,0.955749916,785,29.2136764,0.205
89760.173137,0.0284327573,0.305151723,0.135736475,0.135736475,0.956411785,785,26.6776202,0.205
89760.183164,-0.00759806633,0.24009116,0.139406739,0.139406739,0.957114249,785,46.4296656,0.205
89760.193191,-0.0437433284,0.168138349,0.142984383,0.142984383,0.957842349,785,41.3132373,0.205
89760.203218,-0.0693382701,0.0962882184,0.146483183,0.146483183,0.958581043,785,32.0621737,0.205
89760.213245,-0.0805612712,0.0309440605,0.149912392,0.149912392,0.959316624,785,28.749717,0.205
89760.223272,-0.0799458604,-0.0256104338,0.153277945,0.153277945,0.960037428,785,28.1863546,0.205
89760.233299,-0.0755793844,-0.0739758082,0.156582154,0.156582154,0.960733766,785,29.6191491,0.205
89760.243325,-0.0710017796,-0.111712479,0.159823177,0.159823177,0.961397903,785,32.0375865,0.205
89760.253352,-0.0657834302,-0.136548284,0.16299836,0.16299836,0.962024733,785,26.135699,0.205
89760.263379,-0.0584176984,-0.148387909,0.166105142,0.166105142,0.962611571,785,36.7744193,0.205
89760.273406,-0.0479337016,-0.148675849,0.169145224,0.169145224,0.963158204,785,30.6400273,0.205
89760.283433,-0.0311479813,-0.140413033,0.172123956,0.172123956,0.963421581,785,43.6970504,0.205
89760.293460,-0.00477911757,-0.12631186,0.175047143,0.175047143,0.963421581,785,42.4681057,0.205
89760.303487,0.0325169299,-0.107917696,0.177920701,0.177920701,0.963421581,785,44.4719678,0.205
89760.313514,0.0771234536,-0.0840630863,0.180750309,0.180750309,0.963421581,785,88.963124,0.205
89760.323541,0.119734712,-0.0531156547,0.183540837,0.183540837,0.963421581,785,144.912204,0.205
89760.333568,0.159682631,-0.0180514594,0.186294946,0.186294946,0.963421581,785,97.8260586,0.205
89760.343595,0.283463706,0.139573388,0.0689288756,0.0689288756,0.963421581,787,43.5532046,0.205
89760.353622,0.334775391,0.195841527,0.0427894571,0.0427894571,0.963421581,849,47.5089986,0.205
89760.363649,0.381156567,0.224790355,0.0532423621,0.0532423621,0.963675629,785,43.5183563,0.205
89760.373676,0.430377777,0.251325101,0.0619599588,0.0619599588,0.964220974,785,42.8393473,0.205
89760.383703,0.478361356,0.278504052,0.0695977415,0.0695977415,0.964846917,785,32.6901772,0.205
89760.393730,0.51358839,0.311306967,0.0764813067,0.0764813067,0.965564898,785,26.0605715,0.205
89760.403757,0.536428072,0.349918842,0.082801205,0.082801205,0.966384665,785,25.1261571,0.205
89760.413784,0.550660264,0.388395671,0.0886810481,0.0886810481,0.967313917,785,21.0778432,0.205
89760.423811,0.558074802,0.422024222,0.0942052645,0.0942052645,0.968358045,785,24.4225208,0.205
89760.433838,0.562520594,0.448896342,0.0994329413,0.0994329413,0.969520339,785,23.4620878,0.205
89760.443865,0.568864498,0.46252381,0.104403606,0.104403606,0.970802286,785,26.9841262,0.205
89760.453892,0.575637051,0.456612641,0.109145567,0.109145567,0.972203142,785,34.4401481,0.205
89760.463919,0.569602254,0.433132729,0.11368363,0.11368363,0.973718752,785,33.3503996,0.205
89760.473946,0.545208595,0.396667331,0.118040051,0.118040051,0.975340767,785,29.0689896,0.205
89760.483973,0.516866147,0.344783386,0.122236092,0.122236092,0.977057533,785,41.5592023,0.205
89760.494000,0.497430181,0.274019718,0.126295077,0.126295077,0.978855822,785,63.615486,0.205
89760.504026,0.487071856,0.190530586,0.130238102,0.130238102,0.980721981,785,25.9992438,0.205
89760.514054,0.477645507,0.106497469,0.134080381,0.134080381,0.982643694,785,35.9274495,0.205
89760.524081,0.46536256,0.031951375,0.137827108,0.137827108,0.984608749,785,34.0345564,0.205
89760.534108,0.455098147,-0.0289445646,0.141481242,0.141481242,0.986607873,785,32.969922,0.205
89760.544134,0.447667231,-0.076279117,0.145044586,0.145044586,0.988634132,785,31.2531152,0.205
89760.554162,0.443153925,-0.111456777,0.148521328,0.148521328,0.990683933,785,33.6740997,0.205
89760.564189,0.443754473,-0.135621234,0.151914924,0.151914924,0.992754824,785,35.4073835,0.205
89760.574216,0.451482215,-0.150466836,0.15523067,0.15523067,0.994847547,785,43.8186023,0.205
89760.584243,0.467547175,-0.158488152,0.158474075,0.158474075,0.996964918,785,42.4520635,0.205
89760.594270,0.493422415,-0.162750603,0.16165079,0.16165079,0.999111902,785,43.0266411,0.205
89760.604297,0.527509801,-0.16430832,0.164765004,0.164765004,1.00129535,785,43.2816372,0.205
89760.614324,0.564933879,-0.161601082,0.167819751,0.167819751,1.00352336,785,44.4065945,0.205
89760.624351,0.602220386,-0.153385106,0.170818025,0.170818025,1.0058045,785,45.1932058,0.205
89760.634377,0.63928798,-0.139514479,0.173762714,0.173762714,1.00814718,785,71.9313476,0.205
89760.644405,0.676510346,-0.11970334,0.176658106,0.176658106,1.01056065,785,78.1560044,0.205
89760.654432,0.324233526,-0.015798879,0.0648292195,0.0648292195,1.01301749,787,57.8607172,0.205
89760.664459,0.325665669,0.0151727259,0.0409414198,0.0409414198,1.01548782,787,49.1545202,0.205
89760.674485,0.369095443,0.0417088395,0.0517649434,0.0517649434,1.01797694,785,42.849465,0.205
89760.684513,0.410442578,0.0673830348,0.0606927527,0.0606927527,1.02049468,785,37.7481184,0.205
89760.694540,0.446667766,0.0931943693,0.0684685919,0.0684685919,1.02304843,785,41.2479563,0.205
89760.704567,0.474345257,0.120217036,0.0754508798,0.0754508798,1.02564514,785,35.7826742,0.205
89760.714593,0.493767833,0.149604987,0.0818434857,0.0818434857,1.02828956,785,27.5360739,0.205
89760.724621,0.506948091,0.180459707,0.0877782424,0.0877782424,1.03098616,785,27.2870932,0.205
89760.734647,0.515032099,0.209828151,0.0933412435,0.0933412435,1.0337364,785,25.512707,0.205
89760.744674,0.520914724,0.235485124,0.0985965741,0.0985965741,1.03654283,785,26.5906567,0.205
89760.754701,0.531569649,0.254125199,0.103589201,0.103589201,1.03940688,785,31.5636189,0.205
89760.764728,0.544700363,0.263177932,0.108353748,0.108353748,1.04233056,785,33.0334203,0.205
89760.774755,0.54857589,0.265408825,0.112917658,0.112917658,1.04531475,785,34.352198,0.205
89760.784781,0.530498569,0.260602447,0.117302159,0.117302159,1.04835667,785,35.8992424,0.205
89760.794809,0.494521925,0.242520552,0.121526419,0.121526419,1.05145046,785,47.0802635,0.205
89760.804836,0.456853345,0.20844322,0.125606742,0.125606742,1.05458584,785,43.862724,0.205
89760.814863,0.427890418,0.163303092,0.129560806,0.129560806,1.05775374,785,46.1915146,0.205
89760.824889,0.409743944,0.114093996,0.133402852,0.133402852,1.060946,785,32.8510421,0.205
89760.834917,0.395549828,0.0663941173,0.137145265,0.137145265,1.06415719,785,31.6505384,0.205
89760.844944,0.379855004,0.0224538694,0.140795069,0.140795069,1.06738054,785,32.5653435,0.205
89760.854971,0.366859648,-0.0153542152,0.144357961,0.144357961,1.07061114,785,31.0016539,0.205
89760.864998,0.358518537,-0.0456744586,0.147837312,0.147837312,1.07384507,785,30.9290692,0.205
89760.875025,0.355670853,-0.0697527325,0.15123687,0.15123687,1.07707997,785,32.2796417,0.205
89760.885052,0.36001763,-0.0881863617,0.154560892,0.154560892,1.08031513,785,34.1981419,0.205
89760.895079,0.371776535,-0.10324694,0.157814028,0.157814028,1.08355162,785,40.0431016,0.205
89760.905106,0.391281813,-0.11614071,0.161000313,0.161000313,1.08679214,785,36.7246305,0.205
89760.915132,0.41869449,-0.126635852,0.164123644,0.164123644,1.09004076,785,38.6220705,0.205
89760.925160,0.453486838,-0.135333353,0.167188896,0.167188896,1.09330441,785,37.0369092,0.205
89760.935187,0.495624253,-0.14208132,0.170198638,0.170198638,1.09658953,785,44.6352605,0.205
89760.945214,0.543268566,-0.146815701,0.17315599,0.17315599,1.09990514,785,38.7196206,0.205
89760.955240,0.594080408,-0.14920539,0.176062907,0.176062907,1.10326042,785,70.9718783,0.205
89760.965268,0.645631949,-0.148049825,0.178922499,0.178922499,1.10666622,785,101.405365,0.205
89760.975295,0.694442465,-0.141143391,0.181736456,0.181736456,1.11013113,785,96.2402511,0.205
89760.985322,0.375154791,-0.0547742418,0.0931709474,0.0931709474,1.11362967,787,72.7906106,0.205
89760.995349,0.2258891,-0.0256599762,0.0381971302,0.0381971302,1.11711713,849,55.7647803,0.205
89761.005376,0.316285022,-0.0160430075,0.0455932298,0.0455932298,1.12058853,849,52.1042808,0.205
89761.015403,0.367906158,-0.000278042013,0.0555196343,0.0555196343,1.12405841,785,47.890718,0.205
89761.025430,0.420497555,0.0167764119,0.0639259895,0.0639259895,1.12753741,785,41.1870926,0.205
89761.035457,0.47730772,0.0349836553,0.0713519029,0.0713519029,1.1310365,785,31.4462533,0.205
89761.045483,0.532603214,0.0565950246,0.078078029,0.078078029,1.13456635,785,27.3341027,0.205
89761.055511,0.576049649,0.0869054527,0.0842766043,0.0842766043,1.13813768,785,28.6728137,0.205
89761.065538,0.606225229,0.127223022,0.0900601094,0.0900601094,1.14175666,785,16.7297933,0.205
89761.075565,0.625614566,0.172957018,0.0955110021,0.0955110021,1.14542861,785,17.9032208,0.205
89761.085591,0.636907906,0.212754736,0.100683577,0.100683577,1.14915624,785,17.8655827,0.205
89761.095619,0.656282363,0.234606202,0.105613087,0.105613087,1.15294353,785,17.8415635,0.205
89761.105646,0.694733099,0.234202735,0.110323809,0.110323809,1.15679429,785,19.9152131,0.205
89761.115673,0.733308706,0.221617007,0.114837677,0.114837677,1.16071516,785,25.1002841,0.205
89761.125700,0.737830561,0.203067451,0.119172729,0.119172729,1.16470861,785,37.8471488,0.205
89761.135727,0.701338869,0.170315167,0.123341528,0.123341528,1.16876941,785,32.9109734,0.205
89761.145754,0.66400885,0.107535278,0.127364072,0.127364072,1.17288758,785,32.9000309,0.205
89761.155781,0.646194005,0.0215186656,0.131270427,0.131270427,1.17705432,785,40.8709058,0.205
89761.165808,0.637373499,-0.0661038717,0.135081934,0.135081934,1.18126349,785,25.8522767,0.205
89761.175835,0.633024841,-0.142500467,0.138807041,0.138807041,1.18551077,785,17.8113736,0.205
89761.185862,0.630602999,-0.204535775,0.142447568,0.142447568,1.18979329,785,31.8620153,0.205
89761.195889,0.627340723,-0.25409138,0.146003511,0.146003511,1.19410911,785,30.6494477,0.205
89761.205916,0.624074453,-0.292941704,0.149474681,0.149474681,1.19845687,785,26.7851965,0.205
89761.215942,0.624934154,-0.319059566,0.152860696,0.152860696,1.20283571,785,35.5813115,0.205
89761.225970,0.63092974,-0.331230244,0.156164384,0.156164384,1.20724788,785,27.0978682,0.205
89761.235997,0.640976358,-0.332236384,0.159390101,0.159390101,1.21169415,785,34.0113504,0.205
89761.246024,0.655034324,-0.325058715,0.162544989,0.162544989,1.21617781,785,47.2411546,0.205
89761.256051,0.673552446,-0.312442491,0.165635688,0.165635688,1.22070246,785,44.121843,0.205
89761.266078,0.696993773,-0.296613335,0.168667758,0.168667758,1.22527242,785,59.072416,0.205
89761.276105,0.724737678,-0.278533125,0.171645694,0.171645694,1.22989262,785,80.0819071,0.205
89761.286132,0.754039552,-0.258501552,0.174573425,0.174573425,1.23456833,785,125.19041,0.205
89761.296159,0.78492116,-0.236775654,0.17745423,0.17745423,1.23930483,785,169.035163,0.205
89761.306186,0.81973309,-0.214052601,0.180290691,0.180290691,1.24410765,849,104.324103,0.205
89761.316213,0.85939857,-0.19160501,0.183084974,0.183084974,1.24898296,849,59.4005719,0.205
89761.326240,0.901161838,-0.169651563,0.185838926,0.185838926,1.25393737,785,46.1127794,0.205
89761.336267,0.942678214,-0.147946198,0.188554224,0.188554224,1.25897745,785,44.272424,0.205
89761.346293,0.984263839,-0.126405683,0.19123243,0.19123243,1.26410903,785,39.8494066,0.205
89761.356321,1.02414792,-0.103786286,0.193876424,0.193876424,1.26933967,785,32.114291,0.205
89761.366348,1.05666357,-0.0790683763,0.196488188,0.196488188,1.27467276,785,26.8309141,0.205
89761.376375,1.0798502,-0.0510509199,0.199070822,0.199070822,1.28011198,785,28.2011399,0.205
89761.386401,1.09572173,-0.0215843876,0.20162678,0.20162678,1.2856582,785,23.7395971,0.205
89761.396429,1.1051416,0.00646935929,0.204158794,0.204158794,1.29131314,785,26.3040597,0.205
89761.406456,1.10919623,0.0307456775,0.206665972,0.206665972,1.29707409,785,22.9628602,0.205
89761.416483,1.11367559,0.0476415299,0.209146134,0.209146134,1.30294019,785,21.7593725,0.205
89761.426510,1.12188166,0.0555651306,0.211596416,0.211596416,1.30891056,785,24.359986,0.205
89761.436537,1.12608076,0.0588342412,0.214015536,0.214015536,1.3149844,785,33.0322958,0.205
89761.446564,1.10987545,0.0558023851,0.216401311,0.216401311,1.32115856,785,48.2329858,0.205
89761.456591,1.07518225,0.036664747,0.218751339,0.218751339,1.3274262,785,53.850978,0.205
89761.466618,1.03843472,-0.00325028927,0.221071141,0.221071141,1.33377869,785,27.4161881,0.205
89761.476645,1.00819659,-0.05998798,0.223372915,0.223372915,1.34020811,785,29.0012983,0.205
89761.486672,0.985802973,-0.1255433,0.22566594,0.22566594,1.3467082,785,25.6992289,0.205
89761.496699,0.96904268,-0.19005901,0.227951673,0.227951673,1.35327424,785,25.0527001,0.205
89761.506726,0.955241055,-0.248975757,0.230226526,0.230226526,1.35990256,785,28.379859,0.205
89761.516753,0.947998746,-0.302601253,0.232485553,0.232485553,1.36659062,785,23.8154861,0.205
89761.526781,0.949644273,-0.350054963,0.234723319,0.234723319,1.37333827,785,23.6343296,0.205
89761.536808,0.958105348,-0.390104064,0.236934389,0.236934389,1.38014501,785,26.228468,0.205
89761.546835,0.971248367,-0.421899197,0.239116283,0.239116283,1.38701353,785,29.4228796,0.205
89761.556862,0.988890527,-0.445788744,0.241270131,0.241270131,1.39394675,785,37.5755255,0.205
89761.566889,1.01169708,-0.464252338,0.243398959,0.243398959,1.40094845,785,30.3364161,0.205
89761.576916,1.04029657,-0.479304539,0.245505661,0.245505661,1.40802336,785,35.5049063,0.205
89761.586943,1.07469971,-0.49106706,0.247591958,0.247591958,1.41517725,785,39.9416086,0.205
89761.596970,1.11391735,-0.499804502,0.249659203,0.249659203,1.42241669,785,41.4478944,0.205
89761.606997,1.15754634,-0.505843185,0.25170875,0.25170875,1.42974897,785,66.4447639,0.205
89761.617024,1.20350572,-0.509777892,0.25374154,0.25374154,1.43718175,785,64.7463392,0.205
89761.627051,1.25212648,-0.510885377,0.255757993,0.255757993,1.44472291,785,142.362224,0.205
89761.637078,1.30462217,-0.508024959,0.257758464,0.257758464,1.45238062,849,99.7523096,0.205
89761.647105,1.36041497,-0.502140174,0.259743544,0.259743544,1.46016342,849,52.8892851,0.205
89761.657132,1.41764821,-0.494102092,0.261713855,0.261713855,1.46807992,785,46.6463512,0.205
89761.667159,1.47521117,-0.484278448,0.263669946,0.263669946,1.47613859,785,46.320855,0.205
89761.677186,1.53025537,-0.472353819,0.265612467,0.265612467,1.48434738,785,41.9146432,0.205
89761.687213,1.57808305,-0.455908276,0.267542899,0.267542899,1.49271293,785,34.4475887,0.205
89761.697240,1.61877052,-0.432621824,0.269463731,0.269463731,1.50124006,785,31.3553196,0.205
89761.707267,1.65436943,-0.40325962,0.271377598,0.271377598,1.50993203,785,27.6663922,0.205
89761.717294,1.68735869,-0.368160188,0.273287349,0.273287349,1.51879101,785,25.0537635,0.205
89761.727321,1.71801145,-0.329502836,0.275193944,0.275193944,1.52781844,785,22.2804164,0.205
89761.737348,1.7470173,-0.289669966,0.277097294,0.277097294,1.53701525,785,25.2059421,0.205
89761.747375,1.77367836,-0.251118238,0.278993902,0.278993902,1.546382,785,25.8507256,0.205
89761.757402,1.79422626,-0.217032614,0.28087876,0.28087876,1.55591855,785,31.3495725,0.205
89761.767429,1.79615322,-0.191936507,0.282745824,0.282745824,1.5656227,785,27.4507273,0.205
89761.777456,1.7724522,-0.183239269,0.284587155,0.284587155,1.57548848,785,33.3941172,0.205
89761.787483,1.7342638,-0.198658302,0.286401651,0.286401651,1.58550693,785,64.7337031,0.205
89761.797510,1.6971439,-0.236824728,0.288198822,0.288198822,1.59566877,785,50.1747176,0.205
89761.807537,1.66614498,-0.287405962,0.289990722,0.289990722,1.60596621,785,52.6596259,0.205
89761.817564,1.64087266,-0.34392594,0.291784327,0.291784327,1.61639304,785,29.0290172,0.205
89761.827591,1.62008032,-0.402935299,0.293580353,0.293580353,1.62694432,785,27.2764934,0.205
89761.837618,1.60255453,-0.462535807,0.29537598,0.29537598,1.63761608,785,24.8974604,0.205
89761.847645,1.58806095,-0.519606316,0.297165226,0.297165226,1.64840505,785,22.5661965,0.205
89761.857672,1.57715561,-0.569691725,0.298940962,0.298940962,1.65930863,785,31.0152339,0.205
89761.867699,1.57060505,-0.609685881,0.300698517,0.300698517,1.67032482,785,32.437704,0.205
89761.877726,1.56956117,-0.639857088,0.302437399,0.302437399,1.68145232,785,30.0851449,0.205
89761.887753,1.57457031,-0.662167504,0.304159604,0.304159604,1.6926907,785,36.8256912,0.205
89761.897780,1.58634367,-0.678627832,0.305867821,0.305867821,1.70404055,785,32.9231216,0.205
89761.907807,1.60545336,-0.691416265,0.307564274,0.307564274,1.71550361,785,42.1033954,0.205
89761.917834,1.63179548,-0.701639965,0.309250405,0.309250405,1.7270829,785,45.3371094,0.205
89761.927861,1.66388371,-0.710336896,0.310927236,0.310927236,1.73878249,785,43.3265108,0.205
89761.937888,1.70214448,-0.717882952,0.312595452,0.312595452,1.75060745,785,53.3045624,0.205
89761.947915,1.7454993,-0.723774389,0.314255144,0.314255144,1.76256375,785,86.1888483,0.205
89761.957942,1.79225263,-0.727048483,0.315905993,0.315905993,1.7746579,785,125.055672,0.205
89761.967969,0.141463975,-0.00289726678,0.0432648978,0.0432648978,1.78671667,787,112.59187,0.205
89761.977996,0.21164878,-0.0128199704,0.0369997352,0.0369997352,1.79857248,787,72.0574528,0.205
89761.988024,0.286923657,-0.012244972,0.0449631471,0.0449631471,1.81024462,787,56.2741175,0.205
89761.998051,0.339277006,0.000363377691,0.055002532,0.055002532,1.82174628,785,43.6097785,0.205
89762.008078,0.388691492,0.0160825145,0.0634765049,0.0634765049,1.83309105,785,37.9345263,0.205
89762.018105,0.438802056,0.0352963754,0.0709484229,0.0709484229,1.84429073,785,39.601339,0.205
89762.028132,0.492548485,0.0584643776,0.077708199,0.077708199,1.8553572,785,31.0433425,0.205
89762.038159,0.547131355,0.0872225069,0.0839287049,0.0839287049,1.86630234,785,21.4386032,0.205
89762.048186,0.59456765,0.122669211,0.0897237216,0.0897237216,1.87713701,785,23.1719933,0.205
89762.058213,0.627852477,0.162634788,0.0951735236,0.0951735236,1.88786966,785,22.0167099,0.205
89762.068240,0.648210659,0.20617736,0.10033731,0.10033731,1.89850594,785,16.0873664,0.205
89762.078267,0.658661584,0.248116303,0.105259156,0.105259156,1.90904931,785,21.0441449,0.205
89762.088294,0.666830974,0.281735716,0.109970991,0.109970991,1.91950233,785,18.2204826,0.205
89762.098321,0.678989682,0.301857917,0.11449376,0.11449376,1.9298683,785,19.6946857,0.205
89762.108348,0.689380895,0.303532265,0.118842748,0.118842748,1.94015136,785,22.4169826,0.205
89762.118375,0.683632822,0.287109638,0.12303096,0.12303096,1.95035453,785,21.9313293,0.205
89762.128402,0.653333404,0.2556934,0.127071771,0.127071771,1.96047735,785,23.8762665,0.205
89762.138429,0.618879848,0.207854455,0.130981777,0.130981777,1.97051697,785,32.2287416,0.205
89762.148456,0.597591966,0.147644334,0.134780311,0.134780311,1.98047175,785,39.598888,0.205
89762.158483,0.589153483,0.0844646307,0.138483705,0.138483705,1.99034265,785,19.4934021,0.205
89762.168510,0.585970305,0.0234516689,0.142101886,0.142101886,2.00013225,785,21.2820832,0.205
89762.178537,0.584373445,-0.0316103634,0.145639018,0.145639018,2.00984351,785,24.5979161,0.205
89762.188564,0.583605702,-0.0791176115,0.149096733,0.149096733,2.01947928,785,19.7118343,0.205
89762.198591,0.587226252,-0.121034591,0.152476463,0.152476463,2.02904268,785,22.4864723,0.205
89762.208618,0.596742364,-0.15707443,0.155780117,0.155780117,2.03853757,785,27.9853733,0.205
89762.218645,0.611277056,-0.187117457,0.159011451,0.159011451,2.04796867,785,28.947583,0.205
89762.228672,0.630509743,-0.21164,0.162175092,0.162175092,2.05734137,785,32.7254533,0.205
89762.238699,0.656961488,-0.232624101,0.165276396,0.165276396,2.06666202,785,35.1368627,0.205
89762.248726,0.690145878,-0.251477791,0.168319726,0.168319726,2.07593814,785,32.6378888,0.205
89762.258754,0.730002741,-0.268544576,0.171309266,0.171309266,2.08517927,785,38.7754968,0.205
89762.268781,0.775336937,-0.282941658,0.174247291,0.174247291,2.09439317,785,61.427122,0.205
89762.278808,0.821763686,-0.293037101,0.177136375,0.177136375,2.10359068,785,78.8578147,0.205
89762.288835,0.866682972,-0.296712857,0.179978767,0.179978767,2.11278132,785,93.472501,0.205
89762.298862,0.910253412,-0.294547633,0.182776978,0.182776978,2.12197393,785,76.1631373,0.205
89762.308889,0.456638134,-0.0316770474,0.0441756578,0.0441756578,2.13112409,787,46.7008756,0.205
89762.318916,0.461606086,-0.0164786387,0.0459191757,0.0459191757,2.14018429,787,45.8613331,0.205
89762.328943,0.510830412,-0.00386072958,0.0557874218,0.0557874218,2.14916107,785,41.836162,0.205
89762.338970,0.560257913,0.00948062536,0.0641582621,0.0641582621,2.15806524,785,39.0923741,0.205
89762.348997,0.602550386,0.0213182305,0.0715593189,0.0715593189,2.16690675,785,35.697147,0.205
89762.359024,0.629064352,0.0344888027,0.0782667088,0.0782667088,2.17569317,785,32.4207488,0.205
89762.369051,0.64359769,0.051002439,0.0844466349,0.0844466349,2.18442916,785,24.3839965,0.205
89762.379078,0.651138108,0.0690022132,0.090208338,0.090208338,2.19311742,785,26.8148892,0.205
89762.389105,0.655547206,0.0859459089,0.0956278619,0.0956278619,2.20175963,785,22.3550765,0.205
89762.399132,0.66313514,0.100058466,0.100760222,0.100760222,2.21035753,785,25.3665684,0.205
89762.409159,0.673111466,0.10988536,0.105647004,0.105647004,2.21891354,785,26.70479,0.205
89762.419186,0.678969259,0.116870589,0.110320035,0.110320035,2.22742998,785,36.8954038,0.205
89762.429213,0.670637183,0.123284327,0.114803821,0.114803821,2.23590739,785,31.6706099,0.205
89762.439240,0.641784586,0.125417457,0.119118033,0.119118033,2.24434301,785,59.1998137,0.205
89762.449267,0.600013453,0.117073469,0.123279517,0.123279517,2.25273103,785,66.1565135,0.205
89762.459294,0.558678129,0.0960511243,0.127304255,0.127304255,2.2610648,785,31.4191081,0.205
89762.469321,0.52736005,0.0633986279,0.131207298,0.131207298,2.26933907,785,44.1402102,0.205
89762.479348,0.507050938,0.0239631998,0.135001354,0.135001354,2.27755087,785,26.1869125,0.205
89762.489376,0.493408565,-0.0150926824,0.138696168,0.138696168,2.28569987,785,25.8059402,0.205
89762.499403,0.485599728,-0.0496888397,0.14229808,0.14229808,2.29378445,785,23.4372683,0.205
89762.509430,0.483252714,-0.0806684277,0.145813338,0.145813338,2.30180643,785,30.5308132,0.205
89762.519457,0.486310555,-0.107950762,0.149246943,0.149246943,2.30976777,785,27.2204098,0.205
89762.529484,0.49510818,-0.130839857,0.152603505,0.152603505,2.31767142,785,36.631004,0.205
89762.539511,0.510096838,-0.149234278,0.155887605,0.155887605,2.32552135,785,36.5225091,0.205
89762.549538,0.530807669,-0.164307252,0.159104038,0.159104038,2.33332254,785,34.8679669,0.205
89762.559565,0.556369642,-0.176960407,0.162257366,0.162257366,2.34108086,785,42.7735187,0.205
89762.569592,0.587378522,-0.188938993,0.16535186,0.16535186,2.34880303,785,42.0231546,0.205
89762.579619,0.623696893,-0.200963575,0.168391592,0.168391592,2.35649672,785,42.3632053,0.205
89762.589646,0.663888994,-0.213471454,0.171380076,0.171380076,2.36417036,785,55.2667328,0.205
89762.599673,0.70781766,-0.224949692,0.174320209,0.174320209,2.37183294,785,63.0947546,0.205
89762.609700,0.756256218,-0.232988165,0.177214486,0.177214486,2.37949404,785,54.9064643,0.205
89762.619727,0.808524632,-0.237086456,0.180064584,0.180064584,2.38716377,849,66.2185504,0.205
89762.629754,0.484435724,-0.0690887821,0.06650202,0.06650202,2.39481316,787,51.8918122,0.205
89762.639781,0.542203933,-0.0592705826,0.0736716454,0.0736716454,2.40241413,785,51.8821276,0.205
89762.649808,0.600414686,-0.0445231375,0.0802052928,0.0802052928,2.40997858,785,44.8613997,0.205
89762.659835,0.658453621,-0.0259088147,0.0862469245,0.0862469245,2.41751812,785,38.8941763,0.205
89762.669862,0.710021359,0.00116645401,0.0918927617,0.0918927617,2.42504331,785,34.8284002,0.205
89762.679889,0.746960864,0.0424259287,0.0972125647,0.0972125647,2.43256219,785,29.8712821,0.205
89762.689917,0.768230417,0.0967165601,0.102261739,0.102261739,2.44008015,785,26.5709999,0.205
89762.699944,0.777620785,0.16081745,0.10708472,0.10708472,2.44759739,785,20.7190573,0.205
89762.709971,0.777388829,0.231192433,0.111718475,0.111718475,2.45511425,785,18.6464759,0.205
89762.719998,0.77357148,0.299625846,0.116188536,0.116188536,2.46262925,785,21.9777712,0.205
89762.730025,0.780733435,0.356825592,0.120509167,0.120509167,2.47014217,785,32.3533263,0.205
89762.740052,0.798297816,0.396844321,0.124686702,0.124686702,2.47765547,785,27.7730861,0.205
89762.750079,0.800918509,0.419031022,0.128724594,0.128724594,2.4851717,785,28.2379141,0.205
89762.760106,0.771793321,0.420176016,0.132624518,0.132624518,2.49268916,785,26.4464966,0.205
89762.770133,0.730936807,0.396090545,0.136393985,0.136393985,2.50020218,785,27.2114795,0.205
89762.780160,0.698882436,0.348328001,0.140049049,0.140049049,2.50770497,785,26.5365082,0.205
89762.790187,0.682197305,0.281739031,0.143610463,0.143610463,2.51519411,785,31.1260464,0.205
89762.800214,0.676340495,0.202766751,0.14709607,0.14709607,2.52266854,785,30.6015274,0.205
89762.810241,0.672290133,0.123519403,0.150514968,0.150514968,2.53012823,785,15.188088,0.205
89762.820268,0.666923896,0.0526712497,0.153868609,0.153868609,2.53757293,785,29.6792898,0.205
89762.830295,0.663438987,-0.00767649332,0.157156234,0.157156234,2.54500231,785,32.3306368,0.205
89762.840322,0.664471514,-0.057932767,0.160377427,0.160377427,2.55241659,785,35.9106884,0.205
89762.850350,0.670535971,-0.0991714845,0.163533495,0.163533495,2.55981768,785,34.8634388,0.205
89762.860377,0.68120758,-0.13255745,0.166626449,0.166626449,2.5672062,785,34.0399551,0.205
89762.870404,0.696724394,-0.159411853,0.169660319,0.169660319,2.57458587,785,41.645429,0.205
89762.880431,0.717446456,-0.180937923,0.172638467,0.172638467,2.58196069,785,42.7017642,0.205
89762.890458,0.742817454,-0.197657807,0.175564131,0.175564131,2.58933551,785,45.7427363,0.205
89762.900485,0.772156866,-0.208881205,0.178439905,0.178439905,2.59671598,785,38.7651041,0.205
89762.910512,0.803517805,-0.213306736,0.181267765,0.181267765,2.60410819,785,61.4452241,0.205
89762.920539,0.836183713,-0.210075627,0.184050125,0.184050125,2.61151838,785,68.9613409,0.205
89762.930566,0.871406317,-0.200547889,0.186789802,0.186789802,2.61895298,785,89.5714797,0.205
89762.940593,0.910391224,-0.18609278,0.189489472,0.189489472,2.62641881,849,67.301088,0.205
89762.950620,0.951237456,-0.168394059,0.192151574,0.192151574,2.63392303,849,46.9513946,0.205
89762.960647,0.99207595,-0.148193666,0.194778286,0.194778286,2.64147279,785,42.2245522,0.205
89762.970674,1.03291201,-0.125992632,0.197371487,0.197371487,2.649075,785,39.5578358,0.205
89762.980701,1.07115793,-0.102136892,0.199933293,0.199933293,2.65673615,785,38.160561,0.205
89762.990728,1.0997538,-0.0755915063,0.202466549,0.202466549,2.66446134,785,33.8103585,0.205
89763.000755,1.11927581,-0.0441144814,0.204974498,0.204974498,2.67225367,785,28.1028845,0.205
89763.010783,1.13419238,-0.00894162505,0.207459911,0.207459911,2.68011559,785,23.8041459,0.205
89763.020810,1.14540425,0.0276739192,0.2099228,0.2099228,2.68804633,785,24.2288087,0.205
89763.030837,1.15112836,0.0636180785,0.212362895,0.212362895,2.69604656,785,28.507802,0.205
89763.040864,1.15389352,0.0972247593,0.214778433,0.214778433,2.70411545,785,28.8095022,0.205
89763.050891,1.15522753,0.126860481,0.217168308,0.217168308,2.71225183,785,27.7246192,0.205
89763.060918,1.15109598,0.150194256,0.219529606,0.219529606,2.720454,785,29.9866225,0.205
89763.070945,1.13616847,0.163770329,0.221859696,0.221859696,2.72871881,785,32.5931954,0.205
89763.080972,1.10978651,0.161015045,0.224157202,0.224157202,2.73704111,785,34.7475758,0.205
89763.090999,1.08408928,0.138192916,0.226424836,0.226424836,2.74541492,785,34.5745841,0.205
89763.101026,1.07059485,0.0951709011,0.228670159,0.228670159,2.75383568,785,27.7437622,0.205
89763.111053,1.06698334,0.0407780797,0.230900671,0.230900671,2.76230115,785,19.2402852,0.205
89763.121080,1.06740996,-0.0173595213,0.233120307,0.233120307,2.77081043,785,31.3268433,0.205
89763.131107,1.06951329,-0.0757216242,0.235328954,0.235328954,2.77936321,785,32.6168194,0.205
89763.141134,1.07326774,-0.132167899,0.237524005,0.237524005,2.78795952,785,30.2761941,0.205
89763.151162,1.07981094,-0.184007294,0.239701969,0.239701969,2.79660071,785,36.0583063,0.205
89763.161189,1.09052006,-0.229736549,0.241859296,0.241859296,2.80528629,785,36.0840956,0.205
89763.171216,1.10613956,-0.26920853,0.243994404,0.243994404,2.81401928,785,39.3706871,0.205
89763.181243,1.12714504,-0.302391529,0.246107257,0.246107257,2.82280285,785,39.4704384,0.205
89763.191270,1.15449087,-0.330195616,0.248198801,0.248198801,2.83164132,785,42.6650117,0.205
89763.201297,1.18780668,-0.352875429,0.250269892,0.250269892,2.84054016,785,42.3298524,0.205
89763.211324,1.22547786,-0.370585919,0.252321199,0.252321199,2.84950573,785,61.3944683,0.205
89763.221351,1.26644256,-0.38288544,0.254353021,0.254353021,2.85854502,785,47.7567763,0.205
89763.231378,1.31018204,-0.388362186,0.256366212,0.256366212,2.8676654,785,84.5003892,0.205
89763.241405,1.35739303,-0.386207994,0.258362186,0.258362186,2.87687458,785,64.56242,0.205
89763.251432,1.40638786,-0.377857127,0.26034242,0.26034242,2.88618051,849,57.7435476,0.205
89763.261459,1.45514012,-0.365277216,0.26230822,0.26230822,2.89559097,849,52.2047132,0.205
89763.271486,1.50428467,-0.348968544,0.264260856,0.264260856,2.90511346,785,43.096334,0.205
89763.281514,1.55308271,-0.328438446,0.266202234,0.266202234,2.91475618,785,36.4091039,0.205
89763.291541,1.59572405,-0.301224517,0.268135046,0.268135046,2.92452346,785,34.4418937,0.205
89763.301568,1.62675739,-0.264229541,0.270063731,0.270063731,2.93442043,785,29.8387003,0.205
89763.311595,1.64899163,-0.217687552,0.271992118,0.271992118,2.94444893,785,21.1201799,0.205
89763.321622,1.66455087,-0.164345235,0.273922664,0.273922664,2.95460901,785,19.3763876,0.205
89763.331649,1.67479124,-0.109577284,0.275852238,0.275852238,2.9648995,785,18.1025307,0.205
89763.341676,1.68440724,-0.0568978846,0.277777818,0.277777818,2.97531865,785,27.2334827,0.205
89763.351703,1.70470583,-0.00690625934,0.279695768,0.279695768,2.98586586,785,26.0798967,0.205
89763.361730,1.73042284,0.0426222512,0.281606379,0.281606379,2.99654225,785,28.3107732,0.205
89763.371757,1.73788598,0.0879976656,0.283500556,0.283500556,3.00734775,785,30.6958308,0.205
89763.381784,1.71144545,0.116642433,0.28536427,0.28536427,3.01827751,785,27.1918371,0.205
89763.391811,1.66587283,0.115927739,0.287191043,0.287191043,3.029322,785,29.1119211,0.205
89763.401838,1.62786737,0.0850384083,0.288987647,0.288987647,3.04047124,785,29.0208112,0.205
89763.411866,1.60835451,0.0246013997,0.290770405,0.290770405,3.05171953,785,38.6023982,0.205
89763.421893,1.60389441,-0.0599251406,0.292558227,0.292558227,3.06306152,785,26.5645239,0.205
89763.431920,1.60384924,-0.155708233,0.294363308,0.294363308,3.07449741,785,28.5437874,0.205
89763.441947,1.60278558,-0.249911525,0.296183777,0.296183777,3.08602665,785,25.8540784,0.205
89763.451974,1.60237267,-0.335941295,0.298010181,0.298010181,3.09764871,785,32.1947498,0.205
89763.462001,1.60508832,-0.412142199,0.299831488,0.299831488,3.10936341,785,32.3822259,0.205
89763.472028,1.61082245,-0.477340082,0.301637814,0.301637814,3.12117117,785,31.5200096,0.205
89763.482055,1.62042259,-0.5318166,0.303422738,0.303422738,3.13307308,785,39.4207782,0.205
89763.492082,1.6360567,-0.578052579,0.305184651,0.305184651,3.14507117,785,40.9609878,0.205
89763.502109,1.65786032,-0.615859593,0.306923249,0.306923249,3.15716859,785,37.6633518,0.205
89763.512136,1.68321709,-0.644152325,0.308639465,0.308639465,3.16936931,785,41.057079,0.205
89763.522163,1.7114468,-0.662104956,0.31033482,0.31033482,3.18167771,785,41.8102075,0.205
89763.532191,1.74223624,-0.669021096,0.312012041,0.312012041,3.19409962,785,59.7293673,0.205
89763.542218,1.77714751,-0.663510567,0.31367403,0.31367403,3.20663737,849,44.7691589,0.205
89763.552245,0.139322186,-0.0490066411,0.0462840465,0.0462840465,3.21912535,787,51.4120543,0.205
89763.562272,0.185327774,-0.0245741786,0.056084585,0.056084585,3.23140052,785,42.8333954,0.205
89763.572299,0.232515993,0.00345100764,0.0644142096,0.0644142096,3.24347543,785,45.5826871,0.205
89763.582326,0.280328684,0.0336525826,0.0717874224,0.0717874224,3.2553625,785,41.2859409,0.205
89763.592353,0.323760773,0.0652334765,0.0784751724,0.0784751724,3.2670735,785,32.3873059,0.205
89763.602380,0.35494127,0.10037205,0.0846415905,0.0846415905,3.27861832,785,32.3103632,0.205
89763.612407,0.373380849,0.137306698,0.0903951487,0.0903951487,3.29000418,785,25.5075968,0.205
89763.622434,0.382650388,0.172664192,0.095811104,0.095811104,3.3012361,785,21.0856745,0.205
89763.632461,0.383392359,0.202257127,0.10094339,0.10094339,3.31231742,785,22.5256548,0.205
89763.642489,0.382653788,0.221986753,0.105831275,0.105831275,3.32325179,785,28.4389113,0.205
89763.652516,0.387319775,0.230834588,0.110503958,0.110503958,3.33404025,785,29.8100589,0.205
89763.662543,0.391180299,0.230320263,0.114986864,0.114986864,3.34468773,785,30.1168013,0.205
89763.672570,0.380988178,0.222400007,0.119299453,0.119299453,3.35519676,785,50.8498224,0.205
89763.682597,0.352523262,0.205339642,0.123456804,0.123456804,3.36556676,785,44.4494259,0.205
89763.692624,0.31829633,0.171889533,0.127474727,0.127474727,3.37579503,785,28.6085641,0.205
89763.702651,0.294602266,0.123403015,0.131372067,0.131372067,3.3858796,785,29.4201354,0.205
89763.712678,0.286438495,0.0680084387,0.135166685,0.135166685,3.39582121,785,31.4379908,0.205
89763.722705,0.289182411,0.0144789698,0.138870568,0.138870568,3.40562315,785,27.7262997,0.205
89763.732732,0.296877162,-0.032146431,0.142489471,0.142489471,3.41529008,785,28.3543112,0.205
89763.742759,0.308062114,-0.071010131,0.146025349,0.146025349,3.42482724,785,31.0028486,0.205
89763.752787,0.323495101,-0.102007694,0.14947891,0.14947891,3.43424137,785,26.5744806,0.205
89763.762814,0.344324978,-0.125365418,0.152850168,0.152850168,3.44353709,785,30.6272154,0.205
89763.772841,0.369624151,-0.141270666,0.156142618,0.156142618,3.45272257,785,42.3073629,0.205
89763.782868,0.397780516,-0.148904361,0.159360616,0.159360616,3.46180549,785,35.6769575,0.205
89763.792895,0.426079296,-0.147028297,0.162509687,0.162509687,3.4707935,785,44.6548294,0.205
89763.802922,0.451391733,-0.135916361,0.165596003,0.165596003,3.47969365,785,85.5365145,0.205
89763.812949,0.474062737,-0.117825656,0.168625555,0.168625555,3.48851211,785,113.275804,0.205
89763.822976,0.499054574,-0.0943492756,0.171603443,0.171603443,3.49725477,785,109.81035,0.205
89763.833003,0.190526837,0.0337278147,0.0442354906,0.0442354906,3.50589376,787,64.4096344,0.205
89763.843030,0.281721697,0.0874632146,0.0461822994,0.0461822994,3.514408,787,48.5125729,0.205
89763.853058,0.32773382,0.120185268,0.0560073114,0.0560073114,3.5228134,785,44.6144055,0.205
89763.863085,0.377397592,0.152856585,0.0643532698,0.0643532698,3.5311193,785,40.6381595,0.205
89763.873112,0.430018581,0.185409926,0.071739693,0.071739693,3.53933809,785,32.6631365,0.205
89763.883139,0.479268699,0.219446167,0.0784399716,0.0784399716,3.54748112,785,29.4517037,0.205
89763.893166,0.514743868,0.255857751,0.0846199672,0.0846199672,3.55555797,785,24.5817196,0.205
89763.903193,0.534815902,0.292817162,0.0903893966,0.0903893966,3.56357524,785,21.5964184,0.205
89763.913220,0.545440305,0.325799247,0.0958240949,0.0958240949,3.57153718,785,22.2825122,0.205
89763.923247,0.541467261,0.351083303,0.100976977,0.100976977,3.57944581,785,18.7828835,0.205
89763.933274,0.530624176,0.358707368,0.105882287,0.105882287,3.58730123,785,23.3612036,0.205
89763.943301,0.522788926,0.346066068,0.110566395,0.110566395,3.59510337,785,20.7651171,0.205
89763.953329,0.51874631,0.31502846,0.115050853,0.115050853,3.60285366,785,19.7326315,0.205
89763.963356,0.5124581,0.270119562,0.119356429,0.119356429,3.61055127,785,48.4959504,0.205
89763.973383,0.496754355,0.213927688,0.123507343,0.123507343,3.61819639,785,42.8706414,0.205
89763.983410,0.471941483,0.14939286,0.127527513,0.127527513,3.6257864,785,61.6371662,0.205
89763.993437,0.448271541,0.0805965093,0.131436878,0.131436878,3.63331782,785,31.295605,0.205
89764.003464,0.431268446,0.0142009259,0.135247132,0.135247132,3.64078785,785,25.9687508,0.205
89764.013491,0.420634786,-0.044100688,0.138962489,0.138962489,3.64819499,785,21.2982257,0.205
89764.023518,0.415305506,-0.0930562083,0.142584953,0.142584953,3.65553893,785,28.587838,0.205
89764.033545,0.413514139,-0.132121873,0.146116578,0.146116578,3.66282027,785,30.1575937,0.205
89764.043572,0.413187284,-0.161052123,0.14956152,0.14956152,3.67004018,785,29.9087057,0.205
89764.053600,0.414091956,-0.180689228,0.152925476,0.152925476,3.67720079,785,34.7576042,0.205
89764.063627,0.416335711,-0.191359501,0.156213462,0.156213462,3.68430238,785,31.331016,0.205
89764.073654,0.419745139,-0.194159684,0.159431485,0.159431485,3.69134757,785,33.0403791,0.205
89764.083681,0.425924783,-0.1914746,0.16258448,0.16258448,3.6983386,785,31.7879825,0.205
89764.093708,0.437283519,-0.184643185,0.165676708,0.165676708,3.7052784,785,37.1024625,0.205
89764.103735,0.0639685171,-0.0444724789,0.0579160258,0.0579160258,3.71213195,787,38.4245926,0.205
89764.113762,0.0479490579,0.000205146909,0.0342979627,0.0342979627,3.71886193,787,65.8245949,0.205
89764.123789,0.0762470435,0.00913211959,0.0384995398,0.0384995398,3.72547181,787,67.1848444,0.205
89764.133816,0.105051852,0.0319232834,0.0457767967,0.0457767967,3.73196945,787,68.0652591,0.205
89764.143844,0.13383907,0.0620963453,0.0556710975,0.0556710975,3.73836317,785,37.4337566,0.205
89764.153871,0.159407116,0.0942967673,0.0640571452,0.0640571452,3.74465892,785,45.1516824,0.205
89764.163898,0.177317991,0.125771584,0.0714690041,0.0714690041,3.75086341,785,33.7138482,0.205
89764.173925,0.185179256,0.15481982,0.0781849148,0.0781849148,3.75698089,785,26.8532378,0.205
89764.183952,0.188089802,0.181248426,0.0843718906,0.0843718906,3.76301418,785,31.8915692,0.205
89764.193979,0.189007981,0.203613894,0.0901392052,0.0901392052,3.76896543,785,28.6813886,0.205
89764.204006,0.186176005,0.219117294,0.0955622966,0.0955622966,3.77483629,785,35.8086874,0.205
89764.214033,0.179344887,0.22539991,0.100695286,0.100695286,3.78062769,785,32.1714431,0.205
89764.224060,0.171232111,0.220937804,0.105578896,0.105578896,3.78634006,785,39.7355858,0.205
89764.234088,0.162806025,0.207345579,0.110246291,0.110246291,3.79197419,785,46.9833885,0.205
89764.244115,-0.0453558211,0.0772235647,0.0470742592,0.0470742592,3.79750909,787,70.5504085,0.205
89764.254142,-0.0839141096,0.0494410533,0.0378430695,0.0378430695,3.80292273,787,75.1522879,0.205
89764.264169,-0.109221185,0.0251581645,0.0493517709,0.0493517709,3.8082111,785,32.734973,0.205
89764.274196,-0.135461534,-0.00283936254,0.0586490543,0.0586490543,3.81337145,785,19.2747426,0.205
89764.284223,-0.155818558,-0.029740515,0.0666677797,0.0666677797,3.81840156,785,23.2013715,0.205
89764.294250,-0.17004263,-0.0517664273,0.0738259074,0.0738259074,3.82330047,785,28.2141578,0.205
89764.304277,-0.179608614,-0.0687340713,0.0803530117,0.0803530117,3.82806834,785,28.9089881,0.205
89764.314304,-0.184918184,-0.0813411337,0.0863910367,0.0863910367,3.83270624,785,28.5149274,0.205
89764.324332,-0.186127999,-0.0905506512,0.0920357578,0.0920357578,3.83721654,785,28.2748897,0.205
89764.334359,-0.184971993,-0.0961683313,0.0973537965,0.0973537965,3.8416009,785,28.2834076,0.205
89764.344386,-0.181804731,-0.0974711181,0.102396061,0.102396061,3.84586272,785,34.0026423,0.205
89764.354413,-0.173068317,-0.0953731989,0.107201517,0.107201517,3.85000568,785,34.265514,0.205
89764.364440,-0.15633078,-0.0918708797,0.11180108,0.11180108,3.85403471,785,36.7490325,0.205
89764.374467,-0.132624071,-0.0866792976,0.116219644,0.116219644,3.85795612,785,56.2699268,0.205
89764.384494,-0.10374522,-0.0791183121,0.120477522,0.120477522,3.86177727,785,40.4225481,0.205
89764.394521,-0.0711950563,-0.0696758671,0.1245915,0.1245915,3.86550624,785,81.405346,0.205
89764.404548,-0.0348398425,-0.0580652195,0.128575557,0.128575557,3.86915164,785,116.632036,0.205
89764.414576,0.00516250201,-0.0446086152,0.132441809,0.132441809,3.872723,785,126.016342,0.205
89764.424603,0.183893774,0.030212758,0.0626165605,0.0626165605,3.87624246,787,42.6654263,0.205
89764.434630,0.249016473,0.063978543,0.0410690562,0.0410690562,3.87973521,849,49.1538878,0.205
89764.444657,0.352762052,0.0940211169,0.0474936971,0.0474936971,3.88321836,787,42.113698,0.205
89764.454684,0.392383206,0.109935362,0.057091008,0.057091008,3.88670627,785,35.1854777,0.205
89764.464711,0.427603855,0.127024574,0.0652955234,0.0652955234,3.89020635,785,34.3915197,0.205
89764.474738,0.451457491,0.146031047,0.0725814042,0.0725814042,3.89372435,785,27.9445318,0.205
89764.484764,0.464806466,0.168295228,0.079202516,0.079202516,3.89726352,785,20.7888918,0.205
89764.494792,0.471193325,0.192868112,0.085316573,0.085316573,3.90082678,785,23.8904884,0.205
89764.504819,0.47106988,0.218648998,0.0910255557,0.0910255557,3.90441373,785,24.994676,0.205
89764.514846,0.46592832,0.242070997,0.0964028456,0.0964028456,3.90802435,785,23.1139858,0.205
89764.524873,0.461879305,0.258557654,0.101500338,0.101500338,3.91165797,785,23.1900566,0.205
89764.534900,0.459192384,0.265647586,0.106356167,0.106356167,3.91531417,785,24.8838336,0.205
89764.544927,0.45201446,0.262398578,0.110999914,0.110999914,3.91899212,785,24.8825041,0.205
89764.554954,0.433637723,0.249462688,0.115455281,0.115455281,3.92268926,785,32.6890842,0.205
89764.564981,0.404863562,0.225464172,0.1197426,0.1197426,3.92640068,785,48.2424145,0.205
89764.575009,0.372533401,0.19045784,0.123881116,0.123881116,3.9301202,785,50.8185559,0.205
89764.585036,0.344556559,0.146008878,0.127887732,0.127887732,3.93384033,785,34.2898211,0.205
89764.595063,0.325323188,0.0965472662,0.131778175,0.131778175,3.93755581,785,33.8941542,0.205
89764.605090,0.311810635,0.0480188796,0.135564081,0.135564081,3.94126233,785,26.4926894,0.205
89764.615117,0.301709491,0.00393101567,0.139253601,0.139253601,3.94495662,785,21.6401891,0.205
89764.625144,0.296050324,-0.0338679931,0.142852831,0.142852831,3.94863636,785,27.7069581,0.205
89764.635171,0.295587306,-0.0660389403,0.146366654,0.146366654,3.95230044,785,26.584503,0.205
89764.645198,0.300101581,-0.0923781417,0.149799038,0.149799038,3.95594898,785,28.4145224,0.205
89764.655226,0.309536838,-0.112896858,0.153154264,0.153154264,3.95958366,785,23.8079239,0.205
89764.665253,0.324497779,-0.128237369,0.156435779,0.156435779,3.96320628,785,29.5503766,0.205
89764.675280,0.345800571,-0.139168492,0.159648238,0.159648238,3.96682099,785,30.306959,0.205
89764.685307,0.373400563,-0.146763504,0.162796133,0.162796133,3.97043291,785,34.4913505,0.205
89764.695334,0.407282634,-0.150818855,0.165883649,0.165883649,3.97404836,785,37.1835616,0.205
89764.705361,0.446399573,-0.151841707,0.168914408,0.168914408,3.97767476,785,40.1151146,0.205
89764.715388,0.490192391,-0.150068603,0.171891727,0.171891727,3.9813204,785,52.2533774,0.205
89764.725416,0.538360901,-0.144884573,0.174818974,0.174818974,3.98499468,785,67.5474805,0.205
89764.735443,0.590750492,-0.13646147,0.177698211,0.177698211,3.98870657,785,79.001855,0.205
89764.745470,0.647327032,-0.125048766,0.180532132,0.180532132,3.99246672,785,46.7497865,0.205
89764.755497,0.364243914,-0.0770494441,0.0625890245,0.0625890245,3.99625219,787,46.5668911,0.205
89764.765524,0.380604704,-0.0790266272,0.0382066178,0.0382066178,4.00003639,849,51.06747,0.205
89764.775551,0.427873272,-0.0549487335,0.0496303212,0.0496303212,4.00382571,785,44.4059194,0.205
89764.785578,0.471616202,-0.0273245806,0.0588808168,0.0588808168,4.0076291,785,37.2962616,0.205
89764.795605,0.508039412,0.00494183234,0.0668664452,0.0668664452,4.01145427,785,33.5835927,0.205
89764.805633,0.528131581,0.0428529666,0.0739996355,0.0739996355,4.01530678,785,24.4713733,0.205
89764.815660,0.529319842,0.0860144309,0.080508588,0.080508588,4.01918753,785,18.9244199,0.205
89764.825687,0.515717416,0.131303278,0.0865383901,0.0865383901,4.02309528,785,18.4672624,0.205
89764.835714,0.491652983,0.171621474,0.0921848462,0.0921848462,4.02702609,785,19.4269582,0.205
89764.845741,0.466504056,0.201461769,0.0975133377,0.0975133377,4.03097507,785,22.9522866,0.205
89764.855768,0.462020467,0.214763446,0.102569498,0.102569498,4.0349394,785,19.9092837,0.205
89764.865795,0.484073138,0.211584937,0.10738814,0.10738814,4.03892091,785,27.1439497,0.205
89764.875823,0.503953711,0.201167997,0.111998656,0.111998656,4.04292404,785,30.376445,0.205
89764.885850,0.488747132,0.184885952,0.116421364,0.116421364,4.04694816,785,36.0498679,0.205
89764.895877,0.447747365,0.153654159,0.120675205,0.120675205,4.05098762,785,38.7386101,0.205
89764.905904,0.408858904,0.103661636,0.12478248,0.12478248,4.0550338,785,24.9662903,0.205
89764.915931,0.382227299,0.0437860398,0.128765168,0.128765168,4.05907931,785,30.1053366,0.205
89764.925958,0.36599697,-0.0144770481,0.132639098,0.132639098,4.06311903,785,25.1391798,0.205
89764.935985,0.354140017,-0.0657110563,0.136413307,0.136413307,4.06714947,785,20.0825108,0.205
89764.946012,0.344905541,-0.108539194,0.140092938,0.140092938,4.07116811,785,27.8033703,0.205
89764.956040,0.339753556,-0.143828455,0.143681686,0.143681686,4.07517378,785,23.2184184,0.205
89764.966067,0.33891752,-0.172434967,0.147182548,0.147182548,4.07916521,785,26.6350847,0.205
89764.976094,0.342182022,-0.195047312,0.15059972,0.15059972,4.0831434,785,27.213704,0.205
89764.986121,0.351595036,-0.210076808,0.153937411,0.153937411,4.08711009,785,29.0360717,0.205
89764.996148,0.369159556,-0.21719144,0.157200345,0.157200345,4.09106859,785,34.2235288,0.205
89765.006175,0.394348069,-0.217865415,0.160394151,0.160394151,4.09502373,785,38.5674002,0.205
89765.016202,0.425673991,-0.214137252,0.163523907,0.163523907,4.09898165,785,38.2518521,0.205
89765.026230,0.461285834,-0.207357053,0.166594292,0.166594292,4.10294973,785,39.9693684,0.205
89765.036257,0.499694716,-0.198199456,0.169608513,0.169608513,4.10693468,785,49.0835992,0.205
89765.046284,0.538663306,-0.186887136,0.172570252,0.172570252,4.11094449,785,75.6518793,0.205
89765.056311,0.577284931,-0.173730694,0.175482609,0.175482609,4.11498653,785,75.6934957,0.205
89765.066338,0.617202566,-0.158748122,0.178348518,0.178348518,4.11906803,785,143.507087,0.205
89765.076365,0.189426208,0.0148678762,0.0712322824,0.0712322824,4.12314933,787,143.554016,0.205
89765.086392,0.0840737211,0.0244907267,0.0357573294,0.0357573294,4.12717715,849,44.6637655,0.205
89765.096420,0.162958673,0.0493304005,0.0453491738,0.0453491738,4.13115019,849,45.6256555,0.205
89765.106447,0.206388362,0.0669404908,0.0553197948,0.0553197948,4.13508064,785,40.7984928,0.205
89765.116474,0.245467722,0.0842277276,0.0637534291,0.0637534291,4.13897778,785,40.0291557,0.205
89765.126501,0.274470418,0.10200281,0.0711991697,0.0711991697,4.14284894,785,36.9150897,0.205
89765.136528,0.294946592,0.121070685,0.0779417415,0.0779417415,4.14669953,785,29.2424352,0.205
89765.146555,0.311973973,0.139680594,0.0841512489,0.0841512489,4.15053372,785,27.5621267,0.205
89765.156582,0.327825945,0.15691877,0.0899389626,0.0899389626,4.15435524,785,21.7794077,0.205
89765.166610,0.343467305,0.172187036,0.0953825679,0.0953825679,4.15816805,785,20.7998167,0.205
89765.176637,0.355400816,0.182389937,0.100535962,0.100535962,4.16197458,785,22.9454452,0.205
89765.186664,0.367051112,0.18538251,0.105440486,0.105440486,4.165778,785,23.6094869,0.205
89765.196691,0.38580165,0.181135847,0.110128644,0.110128644,4.16958166,785,22.0004762,0.205
89765.206718,0.407288872,0.17351492,0.114626485,0.114626485,4.17338981,785,27.9925734,0.205
89765.216745,0.416955913,0.165763792,0.118954976,0.118954976,4.17720561,785,27.1149138,0.205
89765.226772,0.401774395,0.151942975,0.123129396,0.123129396,4.1810285,785,45.4453099,0.205
89765.236800,0.364829778,0.121249232,0.127162704,0.127162704,4.18485353,785,56.5077577,0.205
89765.246827,0.322598799,0.0700056138,0.131068931,0.131068931,4.18867173,785,78.8656682,0.205
89765.256854,0.291014154,0.00471305017,0.134866431,0.134866431,4.19247569,785,31.9528407,0.205
89765.266881,0.275944078,-0.0621729855,0.138571039,0.138571039,4.1962603,785,26.4552574,0.205
89765.276908,0.271803361,-0.120637353,0.142193123,0.142193123,4.20002339,785,21.6618212,0.205
89765.286935,0.273400596,-0.168631449,0.145738482,0.145738482,4.20376475,785,25.0211418,0.205
89765.296963,0.277832583,-0.207367207,0.149210143,0.149210143,4.20748571,785,27.1397205,0.205
89765.306990,0.282713569,-0.236122108,0.15260769,0.15260769,4.21118712,785,28.7489165,0.205
89765.317017,0.288102547,-0.255054431,0.155931439,0.155931439,4.21487123,785,29.5815819,0.205
89765.327044,0.295152642,-0.265366382,0.159182486,0.159182486,4.21854027,785,28.8099798,0.205
89765.337071,0.305022319,-0.268820731,0.162363288,0.162363288,4.22219694,785,35.2106416,0.205
89765.347098,0.319301488,-0.267408296,0.165476917,0.165476917,4.2258446,785,36.2951595,0.205
89765.357125,0.339237674,-0.262479137,0.1685267,0.1685267,4.22948748,785,36.5579842,0.205
89765.367153,0.363555747,-0.254064068,0.171516977,0.171516977,4.23313097,785,37.2083125,0.205
89765.377180,0.390461769,-0.240508031,0.174451239,0.174451239,4.23677983,785,52.6004828,0.205
89765.387207,0.419464651,-0.221142868,0.177334407,0.177334407,4.24044004,785,86.0950934,0.205
89765.397234,0.451140274,-0.196046065,0.18017112,0.18017112,4.24411735,785,101.266048,0.205
89765.407261,0.150976255,-0.00798924769,0.0515209781,0.0515209781,4.24778331,787,47.7084945,0.205
89765.417288,0.200728536,0.0306472626,0.0362207199,0.0362207199,4.25141149,849,44.1772728,0.205
89765.427315,0.287055992,0.0725897735,0.0446309444,0.0446309444,4.25501529,849,40.207962,0.205
89765.437343,0.324484439,0.101710709,0.0547337281,0.0547337281,4.25860717,785,36.8917258,0.205
89765.447370,0.365105504,0.130840755,0.0632460632,0.0632460632,4.262194,785,22.8864722,0.205
89765.457397,0.40625115,0.160615712,0.0707457995,0.0707457995,4.26578413,785,25.054617,0.205
89765.467424,0.440748338,0.189936302,0.0775283749,0.0775283749,4.26938492,785,23.7521091,0.205
89765.477451,0.459720876,0.217690211,0.0837700933,0.0837700933,4.27300161,785,21.2792702,0.205
89765.487479,0.461329364,0.244613361,0.0895869972,0.0895869972,4.27663666,785,18.0514928,0.205
89765.497507,0.448336956,0.267406948,0.0950580137,0.0950580137,4.28028879,785,16.969739,0.205
89765.507534,0.431952453,0.281737044,0.100237534,0.100237534,4.28395516,785,21.6080951,0.205
89765.517561,0.429996245,0.284925968,0.105164785,0.105164785,4.28763484,785,18.6748158,0.205
89765.527588,0.446339612,0.277521578,0.109870857,0.109870857,4.2913298,785,21.7891956,0.205
89765.537615,0.460151935,0.265327606,0.11438203,0.11438203,4.29504337,785,20.0699397,0.205
89765.547642,0.448885195,0.250288785,0.118718432,0.118718432,4.29877596,785,27.1515489,0.205
89765.557670,0.416585269,0.225300022,0.122896465,0.122896465,4.30252357,785,30.3002591,0.205
89765.567697,0.383084662,0.186470225,0.126932824,0.126932824,4.30627867,785,29.3823388,0.205
89765.577724,0.356621065,0.136976661,0.130846702,0.130846702,4.31003516,785,29.1013109,0.205
89765.587751,0.335551747,0.0849821469,0.134653297,0.134653297,4.31378764,785,30.7381732,0.205
89765.597778,0.320147827,0.0377274064,0.138362536,0.138362536,4.31753179,785,26.6255166,0.205
89765.607805,0.30851179,-0.0019797185,0.141980731,0.141980731,4.32126436,785,21.0473048,0.205
89765.617833,0.299013753,-0.0346519639,0.145512653,0.145512653,4.32498326,785,19.649436,0.205
89765.627860,0.292135297,-0.0616706352,0.148961614,0.148961614,4.32868593,785,22.335294,0.205
89765.637887,0.291177738,-0.0838071262,0.152331946,0.152331946,4.33237197,785,23.4099933,0.205
89765.647914,0.297530056,-0.102068347,0.155627786,0.155627786,4.33604205,785,24.619525,0.205
89765.657941,0.310409229,-0.117793543,0.158853492,0.158853492,4.33969828,785,29.460847,0.205
89765.667968,0.327926081,-0.130970597,0.162013456,0.162013456,4.34334396,785,36.0579084,0.205
89765.677995,0.348718335,-0.140495323,0.165111852,0.165111852,4.34698316,785,30.5858483,0.205
89765.688023,0.372419609,-0.145345149,0.168152859,0.168152859,4.35062095,785,29.2224303,0.205
89765.698050,0.399052248,-0.14543421,0.171139474,0.171139474,4.35426184,785,36.0387367,0.205
89765.708077,0.429646837,-0.143483228,0.174075269,0.174075269,4.35791205,785,32.8870008,0.205
89765.718104,0.466252232,-0.142756347,0.176963196,0.176963196,4.36157826,785,66.6258429,0.205
89765.728131,0.50765799,-0.14246938,0.179805726,0.179805726,4.36526809,785,60.0851463,0.205
89765.738158,0.549382731,-0.139421777,0.182605071,0.182605071,4.3689895,785,60.7052494,0.205
89765.748186,0.586437123,-0.131514615,0.185363642,0.185363642,4.37275019,785,35.1842274,0.205
89765.758213,0.618424708,-0.118515515,0.188082888,0.188082888,4.37655562,785,35.7562595,0.205
89765.768240,0.646160931,-0.101700911,0.190764854,0.190764854,4.38041123,785,35.8537254,0.205
89765.778267,0.669940403,-0.0829366053,0.193411255,0.193411255,4.38432112,785,30.1576777,0.205
89765.788294,0.690362943,-0.0637600398,0.196023719,0.196023719,4.38828853,785,26.7643249,0.205
89765.798321,0.708584945,-0.0439601811,0.198603408,0.198603408,4.39231607,785,26.5745313,0.205
89765.808349,0.725078253,-0.0257854405,0.201151699,0.201151699,4.39640629,785,21.6853811,0.205
89765.818376,0.737718123,-0.0112428348,0.203669072,0.203669072,4.40055993,785,22.4467219,0.205
89765.828403,0.743388234,-2.805396e-05,0.206156534,0.206156534,4.40477786,785,25.6994484,0.205
89765.838430,0.746852313,0.00725123073,0.208614728,0.208614728,4.40905967,785,34.1302641,0.205
89765.848457,0.750451953,0.00980768907,0.211044471,0.211044471,4.4134048,785,39.603925,0.205
89765.858484,0.751016464,0.00728894539,0.21344639,0.21344639,4.4178124,785,55.9134863,0.205
89765.868512,0.742838379,-0.000325121785,0.215821577,0.215821577,4.42228097,785,59.6978279,0.205
89765.878539,0.722252185,-0.0142208971,0.218170902,0.218170902,4.42680566,849,88.2755307,0.205
89765.888566,0.693025109,-0.0358070155,0.220497455,0.220497455,4.43138097,849,62.4324621,0.205
89765.898593,0.662047975,-0.0629542714,0.222804911,0.222804911,4.43600009,785,30.1206568,0.205
89765.908620,0.637048986,-0.0897150824,0.225095497,0.225095497,4.4406568,785,28.5514583,0.205
89765.918647,0.621996578,-0.113228493,0.227368889,0.227368889,4.44534659,785,19.9861406,0.205
89765.928675,0.616340381,-0.131233709,0.229622937,0.229622937,4.45006744,785,23.2748196,0.205
89765.938702,0.618180515,-0.144201169,0.231854963,0.231854963,4.45481765,785,21.3993339,0.205
89765.948729,0.625377066,-0.15412786,0.234063827,0.234063827,4.45959817,785,25.5877349,0.205
89765.958756,0.635998375,-0.163192691,0.236248884,0.236248884,4.4644104,785,25.2660714,0.205
89765.968783,0.651093217,-0.172635593,0.238410387,0.238410387,4.46925647,785,28.9723981,0.205
89765.978811,0.671067114,-0.182176342,0.240549895,0.240549895,4.4741399,785,30.1599129,0.205
89765.988838,0.694939424,-0.189515493,0.242668769,0.242668769,4.47906357,785,38.2515489,0.205
89765.998865,0.720796265,-0.191630444,0.244769433,0.244769433,4.48403228,785,38.6803307,0.205
89766.008892,0.748112135,-0.187852164,0.246853955,0.246853955,4.4890505,785,60.7554488,0.205
89766.018919,0.77800402,-0.17842647,0.248923669,0.248923669,4.49412291,785,45.4736502,0.205
89766.028946,0.811853828,-0.164418249,0.250979291,0.250979291,4.4992546,785,116.581714,0.205
89766.038974,0.850131958,-0.146775824,0.253021237,0.253021237,4.5044518,785,156.677226,0.205
89766.049001,0.892200753,-0.12569352,0.255049049,0.255049049,4.50971979,785,92.8621659,0.205
89766.059028,0.323349591,0.0966559107,0.0689256428,0.0689256428,4.5150038,787,50.5415989,0.205
89766.069055,0.365200314,0.117567499,0.0758666156,0.0758666156,4.52024966,785,47.5240361,0.205
89766.079082,0.40703938,0.1399461,0.0822265457,0.0822265457,4.52546616,785,41.0636537,0.205
89766.089109,0.451912776,0.16259804,0.088131124,0.088131124,4.53066227,785,33.279379,0.205
89766.099137,0.498072184,0.185385599,0.0936671017,0.0936671017,4.5358478,785,30.9252391,0.205
89766.109164,0.53518009,0.208254757,0.0988959267,0.0988959267,4.54103021,785,28.06647,0.205
89766.119191,0.554048357,0.232668996,0.103865412,0.103865412,4.54621574,785,21.325445,0.205
89766.129218,0.558487708,0.256972713,0.108611787,0.108611787,4.55140691,785,19.0569317,0.205
89766.139245,0.557470092,0.276189952,0.113163429,0.113163429,4.55660435,785,17.6371158,0.205
89766.149272,0.553162076,0.288406016,0.117542521,0.117542521,4.56180797,785,22.6433495,0.205
89766.159300,0.547407173,0.294216822,0.121767696,0.121767696,4.5670178,785,22.480004,0.205
89766.169327,0.547121185,0.293621298,0.125852278,0.125852278,4.57223274,785,31.2956302,0.205
89766.179354,0.54733595,0.286665591,0.129808904,0.129808904,4.57745381,785,19.2435052,0.205
89766.189381,0.533974688,0.273331542,0.133647239,0.133647239,4.58268011,785,53.3023536,0.205
89766.199408,0.502895302,0.251916193,0.137375352,0.137375352,4.58790755,785,36.1892724,0.205
89766.209436,0.468497409,0.219335467,0.141002871,0.141002871,4.59313038,785,14.49991,0.205
89766.219463,0.44596605,0.174715076,0.144540782,0.144540782,4.59834196,785,21.0531222,0.205
89766.229490,0.433742919,0.1231475,0.14800086,0.14800086,4.60353929,785,29.0439098,0.205
89766.239517,0.426863813,0.0707825178,0.151391177,0.151391177,4.60872024,785,24.6073269,0.205
89766.249544,0.422561408,0.0219626205,0.154715767,0.154715767,4.61388347,785,23.6393254,0.205
89766.259571,0.420568915,-0.0223916705,0.1579764,0.1579764,4.61902813,785,25.4936481,0.205
89766.269599,0.423182427,-0.0615670443,0.161174208,0.161174208,4.62415469,785,25.563276,0.205
89766.279626,0.431202325,-0.095094267,0.164309375,0.164309375,4.62926318,785,26.8999009,0.205
89766.289653,0.444952208,-0.123856615,0.167383536,0.167383536,4.63435637,785,30.0197241,0.205
89766.299680,0.464533672,-0.148038219,0.170399096,0.170399096,4.63943776,785,31.0895111,0.205
89766.309707,0.489417821,-0.166933101,0.173358985,0.173358985,4.64451199,785,26.3734074,0.205
89766.319735,0.518297037,-0.179342777,0.176266566,0.176266566,4.64958513,785,43.8798388,0.205
89766.329762,0.550810461,-0.185685248,0.179124551,0.179124551,4.65466251,785,39.16852,0.205
89766.339789,0.588112138,-0.187637709,0.181936539,0.181936539,4.65975168,785,46.4348435,0.205
89766.349816,0.629839435,-0.187321519,0.184705534,0.184705534,4.66486049,785,51.8230808,0.205
89766.359843,0.675670968,-0.185156344,0.187434012,0.187434012,4.66999746,785,66.0466037,0.205
89766.369871,0.725510537,-0.180252585,0.190124284,0.190124284,4.67517225,785,45.8315948,0.205
89766.379898,0.776519978,-0.171478649,0.192777486,0.192777486,4.68039324,785,50.6521781,0.205
89766.389925,0.826278375,-0.15776531,0.195395506,0.195395506,4.68567011,785,44.6555107,0.205
89766.399952,0.876050056,-0.139702544,0.197979852,0.197979852,4.69101166,785,45.0579954,0.205
89766.409979,0.927247678,-0.116496219,0.20053173,0.20053173,4.69642655,785,41.9012991,0.205
89766.420006,0.978410366,-0.0893595449,0.203052197,0.203052197,4.70192335,785,34.0332543,0.205
89766.430034,1.02375572,-0.0588886931,0.205542768,0.205542768,4.70751035,785,22.480844,0.205
89766.440061,1.05580012,-0.0247047998,0.208005056,0.208005056,4.71319211,785,21.4049407,0.205
89766.450088,1.07386712,0.011418783,0.210442493,0.210442493,4.718972,785,19.0887751,0.205
89766.460115,1.08151162,0.0469682423,0.212858575,0.212858575,4.72485041,785,20.5724043,0.205
89766.470142,1.08271227,0.0785254267,0.215256041,0.215256041,4.73082613,785,20.7364575,0.205
89766.480169,1.08208677,0.101634256,0.217634069,0.217634069,4.73689723,785,23.4491386,0.205
89766.490196,1.08814317,0.115131292,0.219989605,0.219989605,4.74306237,785,28.1766441,0.205
89766.500223,1.10380272,0.118319072,0.222318525,0.222318525,4.74932193,785,27.3400827,0.205
89766.510250,1.10636156,0.115206096,0.224618981,0.224618981,4.75567595,785,49.2771481,0.205
89766.520277,1.07807804,0.103141008,0.226888239,0.226888239,4.76212017,785,74.4230627,0.205
89766.530305,1.03709182,0.0746480555,0.229128425,0.229128425,4.76864671,785,72.9780835,0.205
89766.540332,1.00365188,0.0298950106,0.231349463,0.231349463,4.77524542,785,26.2857315,0.205
89766.550359,0.981572878,-0.0219128437,0.233561854,0.233561854,4.78191007,785,22.6401927,0.205
89766.560386,0.968178537,-0.0724054114,0.235768654,0.235768654,4.7886359,785,20.4718163,0.205
89766.570413,0.958304094,-0.117439867,0.237966446,0.237966446,4.79541948,785,22.7837506,0.205
89766.580440,0.950491227,-0.155754064,0.240150268,0.240150268,4.80225805,785,23.409192,0.205
89766.590468,0.946466063,-0.188811712,0.242316086,0.242316086,4.80915026,785,25.1159744,0.205
89766.600495,0.947900767,-0.217372299,0.244459677,0.244459677,4.81609368,785,25.7752355,0.205
89766.610522,0.955338653,-0.240675445,0.24657757,0.24657757,4.82308919,785,28.6195942,0.205
89766.620549,0.968940025,-0.25759412,0.248667766,0.248667766,4.83013818,785,30.8233867,0.205
89766.630576,0.989715965,-0.270387619,0.25073168,0.25073168,4.83724337,785,32.665921,0.205
89766.640604,1.01870097,-0.280546152,0.252773001,0.252773001,4.84440966,785,35.6996209,0.205
89766.650631,1.05273689,-0.285802747,0.254794601,0.254794601,4.85164099,785,39.907398,0.205
89766.660658,1.08763099,-0.283425812,0.256799621,0.256799621,4.85894387,785,46.1737603,0.205
89766.670685,1.1247244,-0.273510025,0.258790495,0.258790495,4.86632416,785,81.4479537,0.205
89766.680712,1.16756768,-0.256515674,0.26076869,0.26076869,4.87378824,785,124.209453,0.205
89766.690740,1.21699988,-0.234484129,0.262734684,0.262734684,4.8813442,785,60.2484744,0.205
89766.700767,1.27163919,-0.206666682,0.264688679,0.264688679,4.88899872,785,50.4130441,0.205
89766.710794,1.32344254,-0.171329307,0.266631742,0.266631742,4.89676064,785,49.4197311,0.205
89766.720821,1.37016722,-0.130294531,0.2685643,0.2685643,4.90463697,785,42.9956963,0.205
89766.730848,1.41417861,-0.0855205947,0.270485524,0.270485524,4.91263372,785,36.4262322,0.205
89766.740876,1.45680849,-0.0428210803,0.272394593,0.272394593,4.92075716,785,24.8732366,0.205
89766.750903,1.49459264,-0.00516769462,0.274291577,0.274291577,4.92901052,785,25.6168181,0.205
89766.760930,1.5247512,0.03030311,0.276178116,0.276178116,4.93739821,785,20.1040107,0.205
89766.770957,1.54573613,0.0636926066,0.278055431,0.278055431,4.94592222,785,18.2004121,0.205
89766.780984,1.55754089,0.0912435915,0.279923473,0.279923473,4.9545828,785,21.7323602,0.205
89766.791012,1.56614587,0.111461921,0.281781303,0.281781303,4.96338002,785,26.1516671,0.205
89766.801039,1.57739013,0.124355851,0.283629004,0.283629004,4.9723114,785,25.7388841,0.205
89766.811066,1.58784156,0.131315458,0.285466418,0.285466418,4.98137738,785,34.3270227,0.205
89766.821093,1.59295831,0.130212134,0.287288805,0.287288805,4.99057699,785,33.4939602,0.205
89766.831120,1.58268022,0.119921747,0.28909259,0.28909259,4.99990732,785,67.9003758,0.205
89766.841148,1.55498371,0.0988451471,0.290877431,0.290877431,5.0093633,785,39.1200678,0.205
89766.851175,1.52208049,0.0661644613,0.292647284,0.292647284,5.01893492,785,47.2643654,0.205
89766.861202,1.49517636,0.0215672635,0.294410517,0.294410517,5.02861527,785,23.8564213,0.205
89766.871229,1.47595061,-0.0309736854,0.296174014,0.296174014,5.03839802,785,25.2187995,0.205
89766.881256,1.4609855,-0.0843151074,0.297939104,0.297939104,5.04827814,785,21.8166566,0.205
89766.891284,1.44617118,-0.133422645,0.29970262,0.29970262,5.05825212,785,25.9359792,0.205
89766.901311,1.43072386,-0.175589285,0.301459337,0.301459337,5.06831351,785,27.1072518,0.205
89766.911338,1.41833727,-0.210793987,0.303205065,0.303205065,5.07845915,785,15.1795611,0.205
89766.921365,1.41244629,-0.240122482,0.304936918,0.304936918,5.08868593,785,25.8802585,0.205
89766.931392,1.41483793,-0.264010596,0.306652786,0.306652786,5.09899226,785,27.7638474,0.205
89766.941420,1.42637232,-0.283858249,0.308352924,0.308352924,5.10937932,785,32.08771,0.205
89766.951447,1.4463107,-0.300471476,0.310038322,0.310038322,5.11984693,785,30.7490517,0.205
89766.961474,1.47215571,-0.312518668,0.31171076,0.31171076,5.13039935,785,41.0383682,0.205
89766.971501,1.50133581,-0.317163199,0.313371903,0.313371903,5.14104061,785,42.3326755,0.205
89766.981528,1.53266766,-0.312257665,0.315023297,0.315023297,5.1517751,785,45.9209667,0.205
89766.991556,1.56820984,-0.297641232,0.316666381,0.316666381,5.16260866,785,83.7931156,0.205
89767.001583,1.61147281,-0.274948278,0.318301562,0.318301562,5.17354483,785,121.932174,0.205
89767.011610,1.66250579,-0.244869428,0.319929666,0.319929666,5.18459161,849,76.4763056,0.205
89767.021637,1.71650835,-0.207040607,0.321551885,0.321551885,5.1957567,849,51.4306178,0.205
89767.031664,1.76879796,-0.161538715,0.323169978,0.323169978,5.20704759,849,45.9162906,0.205
89767.041692,1.81989401,-0.110095247,0.324786245,0.324786245,5.21847239,785,42.7338328,0.205
89767.051719,1.86952476,-0.0556631729,0.326402594,0.326402594,5.23003528,785,40.9972786,0.205
89767.061746,1.91299623,-0.000259998767,0.328022036,0.328022036,5.241743,785,29.5052277,0.205
89767.071773,1.9459634,0.0553586929,0.329648446,0.329648446,5.25359948,785,27.5882383,0.205
89767.081800,1.96783412,0.109042995,0.331282802,0.331282802,5.26560653,785,20.9815122,0.205
89767.091828,1.98171893,0.15829169,0.332923342,0.332923342,5.27776541,785,22.489763,0.205
89767.101855,1.99215663,0.199358014,0.334562717,0.334562717,5.29007282,785,23.0675319,0.205
89767.111882,2.00413867,0.229589971,0.336194672,0.336194672,5.30252913,785,19.9065708,0.205
89767.121909,2.01484253,0.249101018,0.337814214,0.337814214,5.31513373,785,22.7879365,0.205
89767.131937,2.02023983,0.257453491,0.339413593,0.339413593,5.32788678,785,22.8987724,0.205
89767.141964,2.01876978,0.251642127,0.340985857,0.340985857,5.3407836,785,27.0353188,0.205
89767.151991,2.00494752,0.228323835,0.342529191,0.342529191,5.35382151,785,29.8330382,0.205
89767.162018,1.97983412,0.183716453,0.34405075,0.34405075,5.36699438,785,57.8726305,0.205
89767.172045,1.9512429,0.117500286,0.34556902,0.34556902,5.38029475,785,52.6451229,0.205
89767.182073,1.93036889,0.0331913956,0.347104898,0.347104898,5.39371707,785,25.7360293,0.205
89767.192100,1.91876999,-0.0616735172,0.348669302,0.348669302,5.40725354,785,13.1239894,0.205
89767.202127,1.91041209,-0.157464727,0.350258751,0.350258751,5.42090172,785,21.5839271,0.205
89767.212154,1.90188949,-0.246760337,0.35186154,0.35186154,5.43465826,785,23.8788891,0.205
89767.222181,1.89408387,-0.326622424,0.353464564,0.353464564,5.44851998,785,25.0318819,0.205
89767.232209,1.8888105,-0.39679419,0.355056943,0.355056943,5.46248557,785,27.9835181,0.205
89767.242236,1.8866312,-0.457137289,0.356630272,0.356630272,5.47655026,785,26.0613612,0.205
89767.252263,1.88792413,-0.507867559,0.358180652,0.358180652,5.49071419,785,28.3349395,0.205
89767.262290,1.89338349,-0.55012733,0.359707487,0.359707487,5.504977,785,38.3161659,0.205
89767.272317,1.90317199,-0.584009065,0.36121207,0.36121207,5.51933917,785,35.2330144,0.205
89767.282345,1.91864014,-0.609709658,0.362696136,0.362696136,5.53380363,785,48.3292058,0.205
89767.292372,1.93972823,-0.626744223,0.364160825,0.364160825,5.54837001,785,46.9335063,0.205
89767.302399,1.96225759,-0.632567436,0.365609015,0.365609015,5.56304279,785,41.5527784,0.205
89767.312426,1.98512352,-0.624345164,0.367044242,0.367044242,5.57782491,785,68.1322632,0.205
89767.322454,2.01209082,-0.601460328,0.368471573,0.368471573,5.59272091,785,96.7233171,0.205
89767.332481,2.04438767,-0.564840478,0.369896427,0.369896427,5.60773132,785,73.3963622,0.205
89767.342508,2.0789964,-0.514902351,0.371324734,0.371324734,5.62286147,785,67.999642,0.205
89767.352535,2.11473942,-0.453229411,0.372761094,0.372761094,5.63811504,785,45.4090078,0.205
89767.362562,2.1536031,-0.382036812,0.37420749,0.37420749,5.65349572,785,43.6461124,0.205
89767.372590,2.19698501,-0.304229192,0.375663325,0.375663325,5.66900914,785,43.8208352,0.205
89767.382617,2.23975204,-0.223467347,0.377128957,0.377128957,5.68465641,785,26.7832156,0.205
89767.392644,2.2686458,-0.141381942,0.378607955,0.378607955,5.70044173,785,29.9913238,0.205
89767.402671,2.27887774,-0.0594109218,0.380101129,0.380101129,5.71636453,785,22.4542717,0.205
89767.412699,2.27583064,0.0139552217,0.381597938,0.381597938,5.73242289,785,23.5280297,0.205
89767.422726,2.27092291,0.0666371577,0.38307986,0.38307986,5.74860908,785,31.0537157,0.205
89767.432753,2.27076683,0.0941268134,0.384531146,0.384531146,5.76492105,785,29.2109165,0.205
89767.442780,2.28193101,0.0940478757,0.38594627,0.38594627,5.78135739,785,28.0963157,0.205
89767.452807,2.29797632,0.0717958967,0.38733205,0.38733205,5.79791871,785,65.3706067,0.205
89767.462835,2.29272399,0.03600314,0.388696801,0.388696801,5.81460597,785,38.3748735,0.205
89767.472862,2.26680156,-0.0164296931,0.39005235,0.39005235,5.8314112,785,48.1829508,0.205
89767.482889,2.24425228,-0.0930308069,0.391420295,0.391420295,5.84833005,785,31.170494,0.205
89767.492916,2.23295997,-0.187662591,0.392818693,0.392818693,5.86535837,785,27.0331535,0.205
89767.502943,2.22770156,-0.286190429,0.394247815,0.394247815,5.88249391,785,24.6432594,0.205
89767.512971,2.22468922,-0.379395107,0.395693579,0.395693579,5.89973706,785,26.7933583,0.205
89767.522998,2.2245568,-0.463450666,0.397138997,0.397138997,5.91708352,785,30.2038926,0.205
89767.533025,2.22867275,-0.536755665,0.398569368,0.398569368,5.93453483,785,28.1023528,0.205
89767.543052,2.23679689,-0.598196886,0.399975702,0.399975702,5.95209156,785,18.803563,0.205
89767.553080,2.24975118,-0.647568808,0.401355971,0.401355971,5.96975681,785,38.8383056,0.205
89767.563107,2.26893694,-0.683594201,0.402711175,0.402711175,5.98752934,785,37.4357795,0.205
89767.573134,2.29325476,-0.705590219,0.40404582,0.40404582,6.00541405,785,36.6811411,0.205
89767.583161,2.32133176,-0.713985939,0.405365871,0.405365871,6.02341461,785,37.228069,0.205
89767.593189,2.35486094,-0.7111329,0.406675936,0.406675936,6.04153711,785,55.7064908,0.205
89767.603216,2.39338785,-0.698936715,0.407978797,0.407978797,6.05978282,785,58.270025,0.205
89767.613243,2.43605654,-0.679420833,0.409276648,0.409276648,6.078159,785,121.561146,0.205
89767.623270,2.48524472,-0.653718451,0.410570645,0.410570645,6.0966718,785,125.167471,0.205
89767.633297,2.54077204,-0.6207755,0.411861797,0.411861797,6.11532822,849,77.7313556,0.205
89767.643325,0.226008979,0.0790898322,0.0364340905,0.0364340905,6.13389708,849,57.1562198,0.205
89767.653352,0.348063013,0.137515521,0.0431235725,0.0431235725,6.15215228,787,52.8688539,0.205
89767.663379,0.40659565,0.173163559,0.053509265,0.053509265,6.17011833,785,43.7813166,0.205
89767.673406,0.466761295,0.209564146,0.062188029,0.062188029,6.18781168,785,39.9679351,0.205
89767.683434,0.52974998,0.245662169,0.0698005701,0.0698005701,6.20525071,785,37.5191371,0.205
89767.693461,0.595933585,0.281490788,0.076664342,0.076664342,6.22244896,785,31.4645832,0.205
89767.703488,0.657845932,0.317093583,0.0829669954,0.0829669954,6.23942485,785,23.5066661,0.205
89767.713515,0.703227617,0.352836072,0.0888304122,0.0888304122,6.25619278,785,19.4495928,0.205
89767.723542,0.727677928,0.391199677,0.0943405296,0.0943405296,6.27276332,785,15.2952788,0.205
89767.733570,0.736777985,0.428477283,0.0995601023,0.0995601023,6.28914496,785,14.6273444,0.205
89767.743597,0.741214977,0.457555463,0.104531059,0.104531059,6.30533947,785,14.3887045,0.205
89767.753624,0.749101536,0.470539645,0.109284213,0.109284213,6.3213536,785,16.9801905,0.205
89767.763651,0.764164197,0.462284938,0.113839558,0.113839558,6.33719379,785,23.2281414,0.205
89767.773679,0.791188108,0.436107352,0.118215548,0.118215548,6.35287008,785,19.0658348,0.205
89767.783706,0.802100591,0.40409279,0.122431463,0.122431463,6.36838737,785,27.2931337,0.205
89767.793733,0.773744584,0.369328615,0.126499124,0.126499124,6.38374958,785,27.83265,0.205
89767.803760,0.726887948,0.320420195,0.130429567,0.130429567,6.39895331,785,25.3628608,0.205
89767.813788,0.689316891,0.250587208,0.134241651,0.134241651,6.41399586,785,39.4011158,0.205
89767.823815,0.665750833,0.16988593,0.137955039,0.137955039,6.42887242,785,21.4889812,0.205
89767.833842,0.653018382,0.0896539018,0.141584284,0.141584284,6.44358509,785,25.5336774,0.205
89767.843869,0.648874532,0.0143375929,0.145136665,0.145136665,6.45813619,785,10.258534,0.205
89767.853896,0.647937552,-0.0515845252,0.148613917,0.148613917,6.47252907,785,17.683132,0.205
89767.863924,0.64636583,-0.106071068,0.152015993,0.152015993,6.48676856,785,20.4481511,0.205
89767.873951,0.645813717,-0.150038074,0.155342344,0.155342344,6.50085514,785,21.250778,0.205
89767.883978,0.6498432,-0.185319198,0.158595233,0.158595233,6.51479398,785,22.600153,0.205
89767.894005,0.660874976,-0.213208675,0.161777957,0.161777957,6.52858983,785,28.8326377,0.205
89767.904033,0.679136135,-0.235076915,0.164894805,0.164894805,6.54225011,785,26.3858921,0.205
89767.914060,0.703813093,-0.252635532,0.167950024,0.167950024,6.55577932,785,28.6574487,0.205
89767.924087,0.736659218,-0.266958662,0.170948697,0.170948697,6.56918736,785,35.5907112,0.205
89767.934114,0.775651474,-0.277256349,0.173894631,0.173894631,6.58248397,785,31.9321501,0.205
89767.944142,0.81673821,-0.282964341,0.176791453,0.176791453,6.59568077,785,25.9846638,0.205
89767.954169,0.857744965,-0.284034251,0.179641475,0.179641475,6.6087854,785,44.5762973,0.205
89767.964196,0.898895735,-0.281957001,0.182447449,0.182447449,6.62180917,785,44.0035234,0.205
89767.974223,0.939983276,-0.277764648,0.185211409,0.185211409,6.63476185,785,50.9319029,0.205
89767.984251,0.982599991,-0.271113612,0.187935331,0.187935331,6.64765438,785,74.0549233,0.205
89767.994278,1.02823374,-0.261578671,0.190620291,0.190620291,6.66049404,849,75.9407304,0.205
89768.004305,1.07695832,-0.247933862,0.193268048,0.193268048,6.67329231,849,47.8169391,0.205
89768.014332,1.1280099,-0.230074923,0.195880136,0.195880136,6.6860596,849,48.7372269,0.205
89768.024359,1.1791663,-0.208254239,0.198458173,0.198458173,6.69880626,785,50.9340992,0.205
89768.034387,1.230126,-0.18252651,0.201004023,0.201004023,6.71154358,785,46.2957187,0.205
89768.044414,1.2833314,-0.152557816,0.203518892,0.203518892,6.72427897,785,34.37594,0.205
89768.054441,1.33832807,-0.118662999,0.20600501,0.20600501,6.73702375,785,28.3437638,0.205
89768.064468,1.3832333,-0.0806490174,0.208465482,0.208465482,6.74978689,785,27.6788369,0.205
89768.074496,1.40555153,-0.0366860358,0.210906167,0.210906167,6.76257516,785,17.1993522,0.205
89768.084523,1.40825595,0.0137952744,0.21333343,0.21333343,6.77538718,785,16.2095589,0.205
89768.094550,1.39863693,0.0649067211,0.215750766,0.215750766,6.7882222,785,16.972278,0.205
89768.104577,1.38479975,0.105229941,0.218154022,0.218154022,6.8010768,785,20.4844572,0.205
89768.114605,1.37561673,0.126991236,0.220531318,0.220531318,6.81394924,785,27.3521452,0.205
89768.124632,1.39108619,0.122840905,0.222869405,0.222869405,6.82683726,785,38.5743169,0.205
89768.134659,1.42116228,0.0995259656,0.225170014,0.225170014,6.83974666,785,40.8867232,0.205
89768.144686,1.41937109,0.0705225498,0.227436856,0.227436856,6.85268029,785,79.3102178,0.205
89768.154714,1.38239366,0.0287295703,0.229672193,0.229672193,6.86563573,785,88.9526714,0.205
89768.164741,1.34644971,-0.0403400288,0.231891063,0.231891063,6.87860363,785,58.0661341,0.205
89768.174768,1.32496655,-0.131434402,0.234115472,0.234115472,6.89158044,785,23.7620551,0.205
89768.184795,1.31448295,-0.230464001,0.236356361,0.236356361,6.9045641,785,20.2837218,0.205
89768.194823,1.30960022,-0.32582424,0.238608543,0.238608543,6.91755566,785,25.0176304,0.205
89768.204850,1.30496507,-0.409463126,0.240857004,0.240857004,6.93055288,785,27.1649315,0.205
89768.214877,1.3007672,-0.478601286,0.243086348,0.243086348,6.94355748,785,29.082565,0.205
89768.224904,1.29976484,-0.533640203,0.245284971,0.245284971,6.9565702,785,22.6932802,0.205
89768.234932,1.3035703,-0.575887521,0.247447067,0.247447067,6.9695938,785,31.2662968,0.205
89768.244959,1.31462635,-0.607679432,0.249570679,0.249570679,6.98262825,785,33.7500014,0.205
89768.254986,1.33389074,-0.631832696,0.251659125,0.251659125,6.99567879,785,36.8331037,0.205
89768.265013,1.35992963,-0.648244472,0.253716309,0.253716309,7.00875067,785,33.8838972,0.205
89768.275041,1.389918,-0.655021798,0.255746169,0.255746169,7.02185124,785,42.1129353,0.205
89768.285068,1.4210482,-0.651186023,0.257752307,0.257752307,7.03498403,785,39.4636657,0.205
89768.295095,1.45430434,-0.637979163,0.259738514,0.259738514,7.04815639,785,44.3458576,0.205
89768.305122,1.49106078,-0.616423321,0.261707649,0.261707649,7.06137448,785,75.8292151,0.205
89768.315149,1.53207078,-0.58683524,0.263661951,0.263661951,7.07464472,785,66.164698,0.205
89768.325177,1.57790492,-0.549692782,0.265603733,0.265603733,7.08797528,849,69.6762277,0.205
89768.335204,1.62768939,-0.504927659,0.267534611,0.267534611,7.1013707,849,48.1527724,0.205
89768.345231,1.67984297,-0.454106805,0.269456685,0.269456685,7.11483961,785,45.6246244,0.205
89768.355258,1.73430865,-0.399287359,0.271371241,0.271371241,7.12838939,785,42.7752101,0.205
89768.365286,1.79170559,-0.341883407,0.273279666,0.273279666,7.14202893,785,40.8672351,0.205
89768.375313,1.84597141,-0.284028985,0.275183456,0.275183456,7.1557628,785,29.9471266,0.205
89768.385340,1.8896172,-0.225589899,0.277086305,0.277086305,7.16959813,785,27.981579,0.205
89768.395367,1.91876986,-0.166475384,0.278991831,0.278991831,7.18353814,785,20.3528342,0.205
89768.405395,1.93603453,-0.108796086,0.280900859,0.280900859,7.19758491,785,18.9654757,0.205
89768.415422,1.94789707,-0.0583411031,0.28280702,0.28280702,7.21173482,785,21.1007059,0.205
89768.425449,1.96237726,-0.020759618,0.284700173,0.284700173,7.22598858,785,16.6272251,0.205
89768.435476,1.98266315,-0.000213776103,0.286570796,0.286570796,7.24034688,785,20.6769532,0.205
89768.445504,2.00440339,0.00082354971,0.288413472,0.288413472,7.25481312,785,27.5758887,0.205
89768.455531,2.01866373,-0.0175716122,0.290226401,0.290226401,7.26938629,785,26.2184656,0.205
89768.465558,2.01306602,-0.0523382037,0.292011341,0.292011341,7.28406745,785,77.5913305,0.205
89768.475585,1.98958779,-0.104185812,0.293775558,0.293775558,7.29885294,785,68.0752103,0.205
89768.485614,1.95947476,-0.174920366,0.295533353,0.295533353,7.31374016,785,60.6920218,0.205
89768.495641,1.93194184,-0.261401208,0.297299581,0.297299581,7.32871766,785,25.7237598,0.205
89768.505668,1.90907348,-0.358077663,0.299082553,0.299082553,7.34378405,785,24.7793538,0.205
89768.515695,1.89179526,-0.457625901,0.300880776,0.300880776,7.35893627,785,25.4893278,0.205
89768.525723,1.87807396,-0.551795519,0.302684145,0.302684145,7.3741738,785,24.86383,0.205
89768.535750,1.86495464,-0.634033776,0.304478969,0.304478969,7.38949195,785,28.4605775,0.205
89768.545777,1.85367993,-0.701537049,0.306255085,0.306255085,7.40489067,785,29.1720059,0.205
89768.555804,1.84705813,-0.754952468,0.308006988,0.308006988,7.42036884,785,29.9599935,0.205
89768.565832,1.84684005,-0.796527199,0.309734022,0.309734022,7.43592773,785,29.2790423,0.205
89768.575859,1.85316488,-0.827255424,0.311437448,0.311437448,7.45156502,785,37.3498895,0.205
89768.585886,1.86579371,-0.847550394,0.313120351,0.313120351,7.46728401,785,35.3983521,0.205
89768.595913,1.88390061,-0.857326514,0.314785321,0.314785321,7.48308722,785,36.5323726,0.205
89768.605941,1.90466607,-0.856124006,0.31643546,0.31643546,7.49897915,785,40.9349988,0.205
89768.615968,1.92635548,-0.84465228,0.318073533,0.318073533,7.51495938,785,43.2788522,0.205
89768.625995,1.95049662,-0.824899864,0.319702175,0.319702175,7.5310321,785,54.3076704,0.205
89768.636023,1.97865799,-0.79916903,0.321322772,0.321322772,7.54720173,785,49.2362848,0.205
89768.646050,0.118752245,0.0146310274,0.0447928693,0.0447928693,7.56326991,787,94.5730777,0.205
89768.656077,0.154354278,0.0568831776,0.0457296232,0.0457296232,7.57904714,787,80.847609,0.205
89768.666104,0.188833488,0.0962184112,0.0556295487,0.0556295487,7.59454429,785,41.8533848,0.205
89768.676132,0.214201679,0.135467974,0.064020142,0.064020142,7.60977267,785,45.1172166,0.205
89768.686159,0.227928428,0.171422857,0.0714342123,0.0714342123,7.62473693,785,34.991666,0.205
89768.696186,0.231480643,0.202189766,0.0781514547,0.0781514547,7.63944426,785,35.6410106,0.205
89768.706213,0.228001044,0.227244613,0.0843390313,0.0843390313,7.65389882,785,38.3218056,0.205
89768.716241,0.22307804,0.244639478,0.0901069391,0.0901069391,7.66810557,785,35.2100082,0.205
89768.726268,0.221271623,0.254256797,0.0955295948,0.0955295948,7.68206564,785,41.7433302,0.205
89768.736295,0.222318105,0.258020536,0.100662457,0.100662457,7.6957852,785,34.530779,0.205
89768.746322,0.223102747,0.258936445,0.105546987,0.105546987,7.70926932,785,43.9857004,0.205
89768.756350,0.218817498,0.259447845,0.110216194,0.110216194,7.72252384,785,36.3878994,0.205
89768.766377,0.0528985313,0.127506983,0.0511524758,0.0511524758,7.73553645,787,44.1759838,0.205
89768.776404,0.011453924,0.101813556,0.0419182436,0.0419182436,7.74829577,787,48.1890064,0.205
89768.786431,0.0179404979,0.0574470865,0.040383018,0.040383018,7.76080454,787,52.3731702,0.205
89768.796459,0.00236196717,0.0396517475,0.0444205713,0.0444205713,7.77306902,787,78.3065802,0.205
89768.806486,-0.0110581373,0.0305073238,0.0467595249,0.0467595249,7.78508921,787,86.2196661,0.205
89768.816513,-0.00671201741,0.00517600443,0.0453080116,0.0453080116,7.79687078,787,76.6758398,0.205
89768.826540,-0.0245814555,0.00823101628,0.045905033,0.045905033,7.80841748,787,97.2846519,0.205
89768.836568,-0.027939891,0.0144106251,0.0433299464,0.0433299464,7.81973282,787,74.2444003,0.205
89768.846595,-0.0286493721,0.0162440861,0.040642743,0.040642743,7.83081859,787,81.8239254,0.205
89768.856622,-0.0330718041,0.0243921514,0.0383271837,0.0383271837,7.84167978,787,84.0915486,0.205
89768.866650,-0.0176560502,0.0357455936,0.0358983381,0.0358983381,7.8523226,787,78.8696261,0.205
89768.876677,-0.0270196622,0.0381387042,0.0369868968,0.0369868968,7.86274963,787,73.9053097,0.205
89768.886704,-0.0209046792,0.0476452746,0.0361625133,0.0361625133,7.87296565,787,73.0915514,0.205
89768.896731,-0.0274145255,0.0551591071,0.0378457836,0.0378457836,7.88297453,787,67.4067415,0.205
89768.906759,-0.0269117633,0.0485373222,0.0377493152,0.0377493152,7.8927807,787,68.5575181,0.205
89768.916786,-0.0149973416,0.0513069538,0.0357782519,0.0357782519,7.9023875,787,67.4177533,0.205
89768.926813,-0.0211901648,0.0587014943,0.0367453092,0.0367453092,7.91180023,787,65.3792212,0.205
89768.936840,-0.012206884,0.0479779689,0.0368252299,0.0368252299,7.92102303,787,64.4450664,0.205
89768.946868,-0.0316849899,0.0673312382,0.0373452456,0.0373452456,7.93005939,787,78.5254528,0.205
89768.956895,-0.0204968148,0.0509534583,0.036942378,0.036942378,7.93891034,787,73.6778533,0.205
89768.966922,-0.000761388889,0.0348703576,0.034871123,0.034871123,7.94758394,787,80.0702539,0.205
89768.976949,-0.00467127209,0.0273024049,0.034643078,0.034643078,7.95608557,787,95.9435444,0.205
89768.986977,0.00411146478,0.0258204365,0.0328483134,0.0328483134,7.96442005,787,94.6135683,0.205
89768.997004,0.00450859956,0.0298295145,0.0325363638,0.0325363638,7.97258987,787,101.583731,0.205
89769.007031,-0.00322877933,0.0218532911,0.0327239244,0.0327239244,7.98059844,787,114.296173,0.205
89769.017059,-0.00455609383,0.0260947371,0.0331230281,0.0331230281,7.98844889,787,105.531643,0.205
89769.027086,0.000970654189,0.0290449306,0.035030416,0.035030416,7.99614308,787,95.5482289,0.205
89769.037113,-0.0155338155,0.0279257326,0.0349324184,0.0349324184,8.00368376,787,94.5954747,0.205
89769.047140,-0.00359637711,0.03252886,0.036704842,0.036704842,8.01107346,787,95.9761031,0.205
89769.057168,-0.0121217388,0.030836603,0.0369438901,0.0369438901,8.01831615,787,104.276317,0.205
89769.067195,-0.0127957184,0.035070005,0.0353467952,0.0353467952,8.02541238,787,93.5087925,0.205
89769.077222,-0.00598684069,0.0496041691,0.0382883997,0.0382883997,8.03236607,787,65.0617151,0.205
89769.087249,-0.013811318,0.0363109281,0.0336641645,0.0336641645,8.03917992,787,90.102018,0.205
89769.097277,-0.000226065097,0.0385606573,0.0336918248,0.0336918248,8.04585807,787,90.8806229,0.205
89769.107304,-0.00666333868,0.039613444,0.0333745093,0.0333745093,8.05240251,787,88.3301084,0.205
89769.117331,-0.00344092246,0.0404643595,0.0329884729,0.0329884729,8.05881622,787,87.0417521,0.205
89769.127358,-0.00196284374,0.0351456916,0.0338511445,0.0338511445,8.06510228,787,89.4367797,0.205
89769.137386,-0.0125231186,0.0349668786,0.0334552529,0.0334552529,8.07126301,787,79.7719923,0.205
89769.147413,-0.00498309385,0.033901652,0.0344562122,0.0344562122,8.07729939,787,84.2317338,0.205
89769.157440,-0.0157668445,0.0350994164,0.0337673063,0.0337673063,8.08321416,787,84.7919872,0.205
89769.167468,-0.0122074885,0.0307528871,0.0348629475,0.0348629475,8.08900962,787,94.2120452,0.205
89769.177495,-0.0129672646,0.0272078417,0.035908397,0.035908397,8.09468736,787,98.8658102,0.205
89769.187522,-0.0339642759,0.0343874203,0.036242033,0.036242033,8.10024809,787,107.002897,0.205
89769.197549,-0.0358694934,0.0135338302,0.0393337236,0.0393337236,8.10569206,787,92.8393968,0.205
89769.207577,-0.0619164353,0.0162293139,0.0392646969,0.0392646969,8.1110196,787,90.30413,0.205
89769.217604,-0.0806087593,-0.0126396144,0.0420709268,0.0420709268,8.11622789,787,59.7645687,0.205
89769.227631,-0.108988343,-0.0417264493,0.0445391263,0.0445391263,8.12131596,787,55.7530193,0.205
89769.237658,-0.205995338,-0.0919053305,0.0459382671,0.0459382671,8.126275,787,39.4412175,0.205
89769.247686,-0.216010206,-0.122345312,0.0558040984,0.0558040984,8.13109873,785,37.2933152,0.205
89769.257713,-0.22359744,-0.154784432,0.0641736626,0.0641736626,8.13578821,785,39.32312,0.205
89769.267740,-0.231137246,-0.185943174,0.0715755799,0.0715755799,8.1403463,785,39.7095055,0.205
89769.277768,-0.234898877,-0.213184178,0.078286453,0.078286453,8.14477622,785,36.1134643,0.205
89769.287795,-0.232611047,-0.235063144,0.0844705512,0.0844705512,8.14908083,785,41.8625609,0.205
89769.297822,-0.225764797,-0.249929448,0.0902365873,0.0902365873,8.15326523,785,43.9246283,0.205
89769.307849,-0.215359706,-0.257507302,0.0956594312,0.0956594312,8.15733465,785,47.6403216,0.205
89769.317877,-0.200992181,-0.259024182,0.100793988,0.100793988,8.16129512,785,39.7455437,0.205
89769.327904,-0.182098073,-0.255486335,0.105680106,0.105680106,8.16515204,785,37.4647932,0.205
89769.337931,-0.158869901,-0.24831329,0.110350487,0.110350487,8.16891246,785,41.5050316,0.205
89769.347959,-0.132638894,-0.237417203,0.114831454,0.114831454,8.17258374,785,42.9362718,0.205
89769.357986,-0.104950145,-0.222377029,0.119143228,0.119143228,8.17617209,785,46.3402509,0.205
89769.368013,-0.0759928439,-0.203542311,0.123304016,0.123304016,8.17968459,785,70.507909,0.205
89769.378040,-0.0437958243,-0.181132173,0.127329066,0.127329066,8.18312787,785,54.3916142,0.205
89769.388068,0.104626488,-0.0207418792,0.0518805347,0.0518805347,8.18651544,787,69.7596505,0.205
89769.398095,0.129393757,0.00928482664,0.0384392575,0.0384392575,8.18985841,849,56.6826913,0.205
89769.408122,0.225182869,0.00856374463,0.0432233172,0.0432233172,8.19316848,849,49.3332333,0.205
89769.418149,0.265009869,0.0418942362,0.0535894064,0.0535894064,8.19645816,785,44.3763317,0.205
89769.428177,0.304522805,0.0779565696,0.062256826,0.062256826,8.19973385,785,42.0616994,0.205
89769.438204,0.345687208,0.116650174,0.0698597707,0.0698597707,8.20300101,785,38.9313577,0.205
89769.448231,0.389179326,0.157771809,0.0767167439,0.0767167439,8.20626655,785,33.3902142,0.205
89769.458259,0.430044876,0.201520319,0.0830149485,0.0830149485,8.20953745,785,22.9357107,0.205
89769.468286,0.458447148,0.247589841,0.0888754383,0.0888754383,8.21281852,785,20.2010871,0.205
89769.478313,0.467238167,0.29264022,0.0943850609,0.0943850609,8.21611283,785,6.59295211,0.205
89769.488340,0.459977892,0.329887875,0.0996038548,0.0996038548,8.21942032,785,18.473707,0.205
89769.498368,0.450508206,0.350145491,0.104573151,0.104573151,8.22274034,785,18.1015212,0.205
89769.508395,0.453380962,0.34219731,0.109317438,0.109317438,8.22607309,785,25.8823118,0.205
89769.518422,0.471947333,0.308069075,0.113857017,0.113857017,8.2294231,785,25.3289283,0.205
89769.528450,0.483637271,0.26013208,0.118214977,0.118214977,8.23279568,785,61.9292311,0.205
89769.538477,0.463929061,0.205282417,0.122408706,0.122408706,8.2361909,785,54.3371334,0.205
89769.548504,0.429972548,0.137622982,0.126459961,0.126459961,8.23960492,785,70.1310531,0.205
89769.558531,0.405672509,0.0534063411,0.130395959,0.130395959,8.24303292,785,39.5720153,0.205
89769.568559,0.39002705,-0.0357016779,0.13424003,0.13424003,8.24647207,785,26.0302482,0.205
89769.578586,0.378000102,-0.115978729,0.138001107,0.138001107,8.24991969,785,22.9155802,0.205
89769.588613,0.368201555,-0.182916277,0.14168013,0.14168013,8.25337476,785,29.6284264,0.205
89769.598641,0.359171051,-0.236177694,0.145274521,0.145274521,8.25683665,785,28.4685636,0.205
89769.608668,0.35163186,-0.274308277,0.148780684,0.148780684,8.26030407,785,31.4357301,0.205
89769.618695,0.347984651,-0.297308584,0.152199136,0.152199136,8.26377732,785,25.0132652,0.205
89769.628722,0.349220396,-0.307855849,0.155533125,0.155533125,8.26725713,785,34.3742898,0.205
89769.638750,0.357532943,-0.310244493,0.158788905,0.158788905,8.27074556,785,31.5100787,0.205
89769.648777,0.373947357,-0.308060198,0.161972012,0.161972012,8.27424493,785,38.6301417,0.205
89769.658804,0.397816928,-0.304225147,0.165088772,0.165088772,8.27775989,785,44.4169032,0.205
89769.668832,0.430750053,-0.300862602,0.16814431,0.16814431,8.28129655,785,41.9621666,0.205
89769.678859,0.470757241,-0.296316645,0.171141325,0.171141325,8.28486125,785,42.7457803,0.205
89769.688886,0.512532258,-0.286302002,0.174082851,0.174082851,8.28846191,785,66.1422984,0.205
89769.698913,0.551883971,-0.267916485,0.176972303,0.176972303,8.29210546,785,79.1639716,0.205
89769.708941,0.58900744,-0.240769794,0.179814511,0.179814511,8.29579814,785,63.4904846,0.205
89769.718968,0.245232177,-0.0171446578,0.0636155388,0.0636155388,8.29950359,787,54.5849594,0.205
89769.728995,0.329167885,0.0324640259,0.03988064,0.03988064,8.30319123,849,46.3818947,0.205
89769.739023,0.364120339,0.0717559095,0.0509331728,0.0509331728,8.30687151,785,43.6194018,0.205
89769.749050,0.396259858,0.110140519,0.0599875615,0.0599875615,8.310549,785,47.9097391,0.205
89769.759077,0.425279066,0.14628396,0.0678510198,0.0678510198,8.31422897,785,38.8959486,0.205
89769.769104,0.448516588,0.178133461,0.0749013127,0.0749013127,8.31791573,785,34.7302963,0.205
89769.779132,0.464770956,0.204406714,0.0813517865,0.0813517865,8.32161305,785,26.2053909,0.205
89769.789159,0.473773431,0.222571954,0.0873337431,0.0873337431,8.32532253,785,26.401699,0.205
89769.799186,0.477859012,0.229668364,0.0929357544,0.0929357544,8.32904607,785,26.2786355,0.205
89769.809214,0.480850336,0.221498894,0.0982191569,0.0982191569,8.33278532,785,26.5362544,0.205
89769.819241,0.485244415,0.197497143,0.103228564,0.103228564,8.33654106,785,26.9034116,0.205
89769.829268,0.489937612,0.1614658,0.108001547,0.108001547,8.3403154,785,38.1630321,0.205
89769.839295,0.48842007,0.117846659,0.112569361,0.112569361,8.3441094,785,54.6950703,0.205
89769.849323,0.473755958,0.068461249,0.116958807,0.116958807,8.34792241,785,90.8472248,0.205
89769.859350,0.0775455766,-0.0137742994,0.0627487585,0.0627487585,8.35171392,849,60.312545,0.205
89769.869377,0.0472348145,-0.0702163157,0.0703014547,0.0703014547,8.35544372,785,39.9988889,0.205
89769.879405,0.020113674,-0.122737751,0.0771264205,0.0771264205,8.35910857,785,27.6192172,0.205
89769.889432,-0.00162933425,-0.166338884,0.083401766,0.083401766,8.36270507,785,30.9393023,0.205
89769.899459,-0.0197307589,-0.198913936,0.0892429051,0.0892429051,8.36623193,785,30.4320639,0.205
89769.909487,-0.0353586972,-0.219248146,0.0947283119,0.0947283119,8.36968846,785,35.4614743,0.205
89769.919514,-0.0472656307,-0.228376566,0.0999126793,0.0999126793,8.37307352,785,32.3169748,0.205
89769.929541,-0.0529490313,-0.22951622,0.104839357,0.104839357,8.37638785,785,36.6356549,0.205
89769.939568,-0.0522427085,-0.22542098,0.109542888,0.109542888,8.37963295,785,37.0286407,0.205
89769.949596,-0.0469336624,-0.217208734,0.11405187,0.11405187,8.38281154,785,37.8719132,0.205
89769.959623,-0.0385113072,-0.204525665,0.118388531,0.118388531,8.38592592,785,39.0378555,0.205
89769.969650,-0.0259941456,-0.187574592,0.12257229,0.12257229,8.38897972,785,41.773534,0.205
89769.979678,-0.0084446458,-0.168032839,0.126619165,0.126619165,8.39197713,785,46.0019019,0.205
89769.989705,0.0150697395,-0.146712102,0.130541393,0.130541393,8.3949222,785,61.3835334,0.205
89769.999732,0.045172479,-0.123473223,0.134350381,0.134350381,8.39782079,785,71.5196413,0.205
89770.009759,0.0649904031,0.0406401567,0.0617422767,0.0617422767,8.40067474,787,133.013635,0.205
89770.019787,0.0878771895,0.0801336894,0.0439807173,0.0439807173,8.40348503,787,164.814346,0.205
89770.029814,0.126719294,0.0858620702,0.0445102796,0.0445102796,8.40625708,787,53.8723889,0.205
89770.039841,0.168837063,0.115629486,0.0546332048,0.0546332048,8.40899922,785,54.6279353,0.205
89770.049869,0.214296291,0.146408047,0.0631579328,0.0631579328,8.41171992,785,47.7255695,0.205
89770.059896,0.262344722,0.177838396,0.0706642014,0.0706642014,8.4144275,785,50.3447092,0.205
89770.069923,0.307950823,0.209433667,0.0774500043,0.0774500043,8.41713123,785,35.7269176,0.205
89770.079951,0.344665387,0.24016207,0.0836923787,0.0836923787,8.41983947,785,29.3785277,0.205
89770.089978,0.366429518,0.266559549,0.0895053527,0.0895053527,8.42255773,785,30.2983438,0.205
89770.100005,0.373796941,0.288120939,0.0949699004,0.0949699004,8.42528972,785,22.3380458,0.205
89770.110032,0.372555691,0.304020755,0.100143907,0.100143907,8.42803689,785,25.7405543,0.205
89770.120060,0.368293007,0.311800862,0.105070347,0.105070347,8.43080005,785,28.0533544,0.205
89770.130087,0.36546875,0.309086876,0.10977956,0.10977956,8.43357908,785,23.5851762,0.205
89770.140114,0.368717413,0.295355672,0.114295711,0.114295711,8.43637539,785,25.3066609,0.205
89770.150142,0.372309013,0.27138515,0.118638764,0.118638764,8.43919077,785,36.8477687,0.205
89770.160169,0.361243847,0.23776275,0.122823651,0.122823651,8.44202437,785,32.2109549,0.205
89770.170196,0.331416809,0.191212968,0.126864958,0.126864958,8.44487243,785,66.6660634,0.205
89770.180224,0.29559841,0.128797112,0.130780005,0.130780005,8.44772832,785,47.681798,0.205
89770.190251,0.265774,0.0579065771,0.134587112,0.134587112,8.4505842,785,41.0436242,0.205
89770.200278,0.245846826,-0.0114002606,0.138301684,0.138301684,8.45343456,785,24.9189519,0.205
89770.210306,0.234547821,-0.0750571631,0.141933658,0.141933658,8.45627584,785,21.5379353,0.205
89770.220333,0.225920575,-0.129063353,0.145486846,0.145486846,8.45910507,785,28.8736983,0.205
89770.230360,0.216036483,-0.171308326,0.148962732,0.148962732,8.46192066,785,29.5080598,0.205
89770.240387,0.208566281,-0.200685485,0.152360923,0.152360923,8.46472131,785,29.756473,0.205
89770.250415,0.207353001,-0.217501424,0.155681791,0.155681791,8.46750715,785,27.0316535,0.205
89770.260442,0.212511022,-0.223456239,0.158926138,0.158926138,8.47027894,785,28.6446662,0.205
89770.270469,0.223365216,-0.220927489,0.162098098,0.162098098,8.47303949,785,30.2383164,0.205
89770.280497,0.241372204,-0.213717602,0.165203154,0.165203154,8.47579279,785,33.4978316,0.205
89770.290524,0.265813327,-0.205137848,0.168246482,0.168246482,8.47854319,785,40.2647985,0.205
89770.300551,0.296586914,-0.196146398,0.171233633,0.171233633,8.48129689,785,41.8788089,0.205
89770.310579,0.332381104,-0.184946729,0.174169072,0.174169072,8.48406099,785,44.4452551,0.205
89770.320606,0.370014821,-0.169298575,0.177055494,0.177055494,8.48684214,785,43.0906375,0.205
89770.330633,0.40735809,-0.148604389,0.179896165,0.179896165,8.48964762,785,96.1919004,0.205
89770.340660,0.445916383,-0.123591219,0.182693736,0.182693736,8.49248417,785,127.330148,0.205
89770.350688,0.487287785,-0.0952930182,0.185450874,0.185450874,8.4953589,785,128.283641,0.205
89770.360715,0.184759777,0.0957493512,0.0422418617,0.0422418617,8.49824276,787,67.3842969,0.205
89770.370742,0.243294835,0.120545209,0.0437047549,0.0437047549,8.50110993,849,50.7908851,0.205
89770.380770,0.284681123,0.147372753,0.0539802771,0.0539802771,8.50397066,785,39.9625851,0.205
89770.390797,0.320396723,0.170764267,0.0625942336,0.0625942336,8.50683209,785,44.2115779,0.205
89770.400824,0.345776391,0.190112124,0.0701627561,0.0701627561,8.5097007,785,42.6748828,0.205
89770.410852,0.36520063,0.207291341,0.0769961933,0.0769961933,8.51258145,785,40.4175632,0.205
89770.420879,0.382657114,0.221968092,0.0832749401,0.0832749401,8.51547771,785,32.7615113,0.205
89770.430906,0.396895851,0.233181667,0.0891169093,0.0891169093,8.51839323,785,27.9872132,0.205
89770.440934,0.408347268,0.241266328,0.0946031942,0.0946031942,8.52133119,785,29.5014171,0.205
89770.450961,0.415952931,0.245044076,0.0997905833,0.0997905833,8.52429319,785,31.0134893,0.205
89770.460988,0.416356738,0.242305748,0.104722446,0.104722446,8.52728055,785,30.2874626,0.205
89770.471015,0.4111271,0.230767837,0.109431529,0.109431529,8.53029289,785,26.4017986,0.205
89770.481043,0.404211859,0.210207216,0.113944956,0.113944956,8.53332919,785,32.4150952,0.205
89770.491069,0.395058372,0.181956508,0.118284166,0.118284166,8.5363866,785,35.2404829,0.205
89770.501097,0.381171362,0.148496809,0.122470773,0.122470773,8.53946345,785,78.0215809,0.205
89770.511125,0.361085874,0.112346895,0.126521205,0.126521205,8.54255501,849,57.3646365,0.205
89770.521152,0.0525091223,-0.00682134804,0.0600931531,0.0600931531,8.54562704,787,56.0660073,0.205
89770.531179,0.0325562633,-0.0369304865,0.0679393789,0.0679393789,8.54864661,785,65.0867249,0.205
89770.541206,0.0151726924,-0.0602926356,0.0749731048,0.0749731048,8.55161062,785,31.8022299,0.205
89770.551234,-0.000121521424,-0.0763289589,0.0814053589,0.0814053589,8.55451693,785,43.4893933,0.205
89770.561261,-0.0138275962,-0.0856263227,0.0873670589,0.0873670589,8.55736312,785,42.7648977,0.205
89770.571289,-0.0265322729,-0.0883857044,0.0929491234,0.0929491234,8.56014833,785,34.7452102,0.205
89770.581316,-0.0371002811,-0.0859732004,0.0982147979,0.0982147979,8.56287102,785,47.3222354,0.205
89770.591343,-0.0447809274,-0.0796002065,0.103212893,0.103212893,8.56553105,785,29.9604324,0.205
89770.601371,-0.0480618745,-0.0701541181,0.107981196,0.107981196,8.56812902,785,52.0381894,0.205
89770.611398,-0.0462953299,-0.0588848961,0.1125482,0.1125482,8.57066568,785,59.0797085,0.205
89770.621425,-0.0401210038,-0.0466832518,0.116938152,0.116938152,8.57314342,785,65.0863623,0.205
89770.631453,-0.0126038552,0.00482895376,0.0617644842,0.0617644842,8.57556731,787,88.5395623,0.205
89770.641480,0.0303256332,0.0131810595,0.0450105115,0.0450105115,8.57794513,787,96.9064588,0.205
89770.651506,0.0496571918,0.0292704734,0.0406353641,0.0406353641,8.58028405,787,117.706465,0.205
89770.661534,0.0733556155,0.0425210445,0.0362177244,0.0362177244,8.58258991,787,71.5981136,0.205
89770.671561,0.0966499229,0.0513056519,0.0371806094,0.0371806094,8.58486745,787,39.868366,0.205
89770.681589,0.134133196,0.0668039272,0.043254375,0.043254375,8.58712382,787,38.5084073,0.205
89770.691616,0.151176601,0.0848017227,0.0536149793,0.0536149793,8.58936463,785,38.5740644,0.205
89770.701644,0.166872308,0.104249161,0.0622795929,0.0622795929,8.59159419,785,30.9428627,0.205
89770.711671,0.180697772,0.123884324,0.069880837,0.069880837,8.59381561,785,32.8513501,0.205
89770.721698,0.187798513,0.141558558,0.0767363237,0.0767363237,8.59603184,785,32.5789832,0.205
89770.731726,0.185712198,0.156040686,0.083031869,0.083031869,8.59824427,785,31.2455786,0.205
89770.741753,0.177647452,0.166823401,0.0888855268,0.0888855268,8.6004521,785,29.6305169,0.205
89770.751780,0.165364109,0.172517586,0.0943799995,0.0943799995,8.60265422,785,27.636518,0.205
89770.761808,0.150314195,0.170378732,0.0995745738,0.0995745738,8.60484872,785,30.188638,0.205
89770.771835,0.134788083,0.158948791,0.104511885,0.104511885,8.6070325,785,37.2658976,0.205
89770.781861,0.119232254,0.136112572,0.109225761,0.109225761,8.60920253,785,48.9670793,0.205
89770.791890,0.102539664,0.101804957,0.113745078,0.113745078,8.6113561,785,97.8190235,0.205
89770.801917,0.0831363525,0.0596218598,0.118090759,0.118090759,8.61348775,785,55.192288,0.205
89770.811944,0.0601840568,0.0148780816,0.12228409,0.12228409,8.61559273,785,24.6549738,0.205
89770.821972,0.0404875061,-0.0297394071,0.126343557,0.126343557,8.61766601,785,28.2639306,0.205
89770.831999,0.0281905483,-0.0742280234,0.130283902,0.130283902,8.61970316,785,26.4748997,0.205
89770.842026,0.0199547077,-0.115172273,0.134117439,0.134117439,8.62170172,785,28.028974,0.205
89770.852053,0.0139760255,-0.14873824,0.137852367,0.137852367,8.62366012,785,26.6150067,0.205
89770.862081,0.0113671533,-0.173322207,0.141494247,0.141494247,8.62557806,785,26.7018792,0.205
89770.872108,0.0127042959,-0.189681672,0.145046346,0.145046346,8.62745586,785,31.9252439,0.205
89770.882136,0.0181274681,-0.198375805,0.148513198,0.148513198,8.62929579,785,30.8890298,0.205
89770.892163,0.0281576139,-0.200347751,0.151898025,0.151898025,8.63110046,785,32.9965505,0.205
89770.902190,0.0437995414,-0.197286222,0.155205432,0.155205432,8.63287417,785,36.3057538,0.205
89770.912217,0.066151687,-0.190757476,0.15844052,0.15844052,8.63462216,785,36.6168114,0.205
89770.922245,0.0951971356,-0.181364959,0.161608745,0.161608745,8.63635106,785,44.8015578,0.205
89770.932272,0.128349755,-0.16812445,0.164714047,0.164714047,8.63806779,785,44.3667785,0.205
89770.942298,0.163473468,-0.149518363,0.167760663,0.167760663,8.63977992,785,66.8604133,0.205
89770.952327,0.200992794,-0.126099464,0.170753685,0.170753685,8.64149573,785,114.986258,0.205
89770.962353,0.145010546,-0.00486585009,0.0629294784,0.0629294784,8.64321193,787,123.397127,0.205
89770.972381,0.190142895,0.0454082174,0.0425556898,0.0425556898,8.64492755,787,50.9880992,0.205
89770.982409,0.258250082,0.0855243555,0.0463050083,0.0463050083,8.64665307,787,46.2506951,0.205
89770.992436,0.301181403,0.117820932,0.0561054601,0.0561054601,8.64839902,785,46.5102766,0.205
89771.002463,0.346139709,0.151187707,0.0644353021,0.0644353021,8.65017401,785,39.0625763,0.205
89771.012491,0.390340976,0.184574258,0.0718092801,0.0718092801,8.65198692,785,36.3907853,0.205
89771.022518,0.423957084,0.217177772,0.0784968333,0.0784968333,8.65384507,785,27.0756601,0.205
89771.032545,0.442052166,0.249722043,0.0846630384,0.0846630384,8.65575394,785,27.4130761,0.205
89771.042573,0.447993467,0.281696163,0.0904173432,0.0904173432,8.65771647,785,9.50639642,0.205
89771.052600,0.448220341,0.309592071,0.0958343902,0.0958343902,8.65973349,785,20.8647681,0.205
89771.062627,0.444670905,0.331053648,0.100968995,0.100968995,8.66180559,785,23.1331261,0.205
89771.072655,0.43748958,0.342568243,0.105861158,0.105861158,8.66393263,785,26.5457215,0.205
89771.082682,0.431566253,0.341021302,0.11053845,0.11053845,8.6661133,785,26.9675842,0.205
89771.092709,0.428343396,0.326357604,0.115024047,0.115024047,8.66834674,785,27.8250314,0.205
89771.102737,0.416289082,0.302085968,0.119337792,0.119337792,8.67063086,785,30.9615237,0.205
89771.112764,0.386948265,0.269796043,0.123495253,0.123495253,8.67295972,785,46.4056247,0.205
89771.122791,0.351712451,0.226332645,0.127512922,0.127512922,8.67532521,785,43.6605983,0.205
89771.132819,0.325058757,0.170111359,0.131409408,0.131409408,8.6777188,785,53.0668075,0.205
89771.142845,0.306315368,0.106342411,0.135200614,0.135200614,8.680132,785,28.258901,0.205
89771.152873,0.289926983,0.0408568611,0.138900553,0.138900553,8.68255875,785,25.687443,0.205
89771.162900,0.272760867,-0.0208814128,0.142515745,0.142515745,8.68499168,785,28.4415445,0.205
89771.172928,0.255867227,-0.0750609525,0.146051085,0.146051085,8.68742513,785,27.3721192,0.205
89771.182955,0.242608655,-0.119608101,0.149507845,0.149507845,8.68985363,785,25.0496324,0.205
89771.192983,0.234471593,-0.153656099,0.15288819,0.15288819,8.69227438,785,25.6716616,0.205
89771.203010,0.231272372,-0.177542573,0.156193455,0.156193455,8.69468535,785,28.7386495,0.205
89771.213037,0.23301373,-0.193015922,0.159426805,0.159426805,8.69708683,785,29.4280895,0.205
89771.223065,0.239863712,-0.202316135,0.162592247,0.162592247,8.6994805,785,33.1051441,0.205
89771.233092,0.252248888,-0.207000179,0.165693122,0.165693122,8.7018686,785,40.26924,0.205
89771.243119,0.27036889,-0.207690414,0.168733631,0.168733631,8.70425533,785,42.4239971,0.205
89771.253147,0.293255499,-0.205172679,0.171717719,0.171717719,8.70664592,785,42.1765849,0.205
89771.263174,0.320495255,-0.200227834,0.17464847,0.17464847,8.7090457,785,44.8102078,0.205
89771.273200,0.352592795,-0.193597723,0.177529367,0.177529367,8.71146125,785,46.832066,0.205
89771.283229,0.389587724,-0.186193861,0.180364662,0.180364662,8.71390087,785,47.2630986,0.205
89771.293256,0.43135724,-0.177982896,0.183155651,0.183155651,8.7163714,785,82.1558862,0.205
89771.303283,0.476992267,-0.16942365,0.185905197,0.185905197,8.71888196,785,103.903524,0.205
89771.313311,0.523892437,-0.160450457,0.188615583,0.188615583,8.72144166,785,140.091028,0.205
89771.323338,0.156909005,-0.0156007759,0.0599951757,0.0599951757,8.72401781,787,89.643785,0.205
89771.333365,0.26449694,-0.025628492,0.0430358562,0.0430358562,8.72658486,787,48.352519,0.205
89771.343392,0.339004008,-0.0207853713,0.048006366,0.048006366,8.72916094,787,44.645142,0.205
89771.353420,0.38428824,-0.00801451735,0.0575187955,0.0575187955,8.73175795,785,46.5707953,0.205
89771.363447,0.430299242,0.00620655564,0.0656695225,0.0656695225,8.73438393,785,42.2941043,0.205
89771.373475,0.472709695,0.0221174623,0.0729181635,0.0729181635,8.73704754,785,36.5500508,0.205
89771.383502,0.507175695,0.040103227,0.0795107813,0.0795107813,8.7397551,785,34.6073136,0.205
89771.393529,0.533849383,0.0598339426,0.0855999579,0.0855999579,8.74251203,785,31.590029,0.205
89771.403557,0.554713382,0.0812499115,0.091287417,0.091287417,8.7453224,785,30.102256,0.205
89771.413584,0.571500954,0.10284785,0.0966433882,0.0966433882,8.74818843,785,22.6495446,0.205
89771.423611,0.583014487,0.124511768,0.101721255,0.101721255,8.75111225,785,19.6674016,0.205
89771.433639,0.588268393,0.145188057,0.106562078,0.106562078,8.75409495,785,22.1242191,0.205
89771.443666,0.58650999,0.162096241,0.111196515,0.111196515,8.75713545,785,24.860719,0.205
89771.453692,0.578038854,0.172055595,0.115648602,0.115648602,8.7602319,785,25.4265627,0.205
89771.463721,0.565669786,0.170727041,0.11993832,0.11993832,8.76338271,785,24.2534831,0.205
89771.473748,0.550362974,0.155837057,0.124078556,0.124078556,8.76658267,785,32.5349159,0.205
89771.483775,0.528545665,0.130762093,0.128083116,0.128083116,8.76982769,785,71.1806058,0.205
89771.493802,0.49824276,0.0970669558,0.131963824,0.131963824,8.77311148,785,57.1801966,0.205
89771.503829,0.46650855,0.0524595164,0.135732936,0.135732936,8.77642663,785,60.3344908,0.205
89771.513856,0.441352693,-0.00302043017,0.139404217,0.139404217,8.7797662,785,30.3529624,0.205
89771.523884,0.421290907,-0.0649542998,0.142990741,0.142990741,8.78312476,785,27.4121012,0.205
89771.533911,0.404656502,-0.128254822,0.146501326,0.146501326,8.78649689,785,24.4061481,0.205
89771.543938,0.390035224,-0.188686365,0.149941604,0.149941604,8.78987909,785,25.4910358,0.205
89771.553966,0.377007348,-0.243403796,0.153313915,0.153313915,8.79326867,785,23.8461345,0.205
89771.563993,0.367790709,-0.290144171,0.156618945,0.156618945,8.79666299,785,26.3257927,0.205
89771.574020,0.366396998,-0.328560545,0.159857903,0.159857903,8.80006206,785,28.4618856,0.205
89771.584048,0.372105817,-0.359943941,0.16303236,0.16303236,8.80346776,785,25.5949424,0.205
89771.594075,0.383791423,-0.384620591,0.16614358,0.16614358,8.80688251,785,30.9202374,0.205
89771.604103,0.400734055,-0.402901375,0.169194371,0.169194371,8.81031134,785,32.9631187,0.205
89771.614130,0.421770977,-0.415356932,0.172187012,0.172187012,8.81375882,785,38.8999601,0.205
89771.624157,0.447041031,-0.422628801,0.175124612,0.175124612,8.81723125,785,38.020531,0.205
89771.634185,0.476306923,-0.424810029,0.178010436,0.178010436,8.82073552,785,39.3058255,0.205
89771.644212,0.509224021,-0.422414488,0.180846843,0.180846843,8.82427784,785,40.0916575,0.205
89771.654239,0.545998048,-0.416180967,0.183637229,0.183637229,8.82786581,785,45.5376545,0.205
89771.664267,0.586756207,-0.407368772,0.186384749,0.186384749,8.83150733,785,44.912134,0.205
89771.674294,0.629737827,-0.396114868,0.189091143,0.189091143,8.83520936,785,63.9327919,0.205
89771.684321,0.674140264,-0.381407769,0.191758903,0.191758903,8.83897977,785,65.5392597,0.205
89771.694349,0.196681924,-0.0759136339,0.0650984959,0.0650984959,8.84276971,787,65.1219914,0.205
89771.704376,0.170580226,-0.0372166011,0.0363627238,0.0363627238,8.84652251,849,47.8936026,0.205
89771.714403,0.296040048,-0.0163979407,0.0419341726,0.0419341726,8.8502476,787,50.8113162,0.205
89771.724431,0.339757637,0.00820445353,0.0525553815,0.0525553815,8.85396127,785,48.0196191,0.205
89771.734458,0.382506585,0.0327487655,0.0613670618,0.0613670618,8.85767041,785,43.4204158,0.205
89771.744485,0.421336045,0.0576679005,0.0690661457,0.0690661457,8.86138247,785,39.6812093,0.205
89771.754513,0.45254189,0.0838448749,0.075992477,0.075992477,8.86510377,785,33.9993333,0.205
89771.764540,0.475072524,0.112115379,0.08234063,0.08234063,8.86883786,785,33.1023616,0.205
89771.774567,0.491472603,0.142120038,0.0882367788,0.0882367788,8.87258802,785,31.8600416,0.205
89771.784595,0.504414573,0.172869438,0.0937677993,0.0937677993,8.87635667,785,25.033663,0.205
89771.794622,0.510053226,0.203909169,0.0989951126,0.0989951126,8.88014422,785,24.3335128,0.205
89771.804649,0.507503594,0.234193343,0.103965932,0.103965932,8.88395086,785,25.7688966,0.205
89771.814677,0.499917093,0.259715147,0.108715308,0.108715308,8.88777583,785,30.7867166,0.205
89771.824704,0.488504368,0.27769274,0.11326824,0.11326824,8.89161666,785,29.0523134,0.205
89771.834731,0.471970345,0.285669017,0.117645393,0.117645393,8.89547146,785,36.1103578,0.205
89771.844759,0.446696118,0.282671121,0.12186399,0.12186399,8.89933722,785,35.3778687,0.205
89771.854786,0.411848449,0.2675831,0.125937671,0.125937671,8.90320812,785,31.8700041,0.205
89771.864814,0.373250689,0.239484577,0.129881274,0.129881274,8.9070786,785,32.9190294,0.205
89771.874841,0.341020405,0.199727344,0.133708316,0.133708316,8.91094178,785,27.5483423,0.205
89771.884868,0.317213434,0.153195339,0.137432278,0.137432278,8.91479327,785,31.7702776,0.205
89771.894896,0.296582539,0.104465157,0.141064056,0.141064056,8.91862968,785,30.8849979,0.205
89771.904923,0.276754524,0.0557348129,0.144610574,0.144610574,8.92244674,785,28.5397379,0.205
89771.914950,0.255954753,0.00830830632,0.148077945,0.148077945,8.92624126,785,34.1407891,0.205
89771.924978,0.236037747,-0.0367458546,0.151470774,0.151470774,8.93001006,785,31.9695445,0.205
89771.935005,0.219229696,-0.0779737995,0.154791709,0.154791709,8.93374928,785,33.7988702,0.205
89771.945032,0.207366563,-0.114500086,0.158044412,0.158044412,8.93745716,785,35.9090775,0.205
89771.955060,0.202497777,-0.145866655,0.161232515,0.161232515,8.94113321,785,40.1510983,0.205
89771.965087,0.204170019,-0.172268529,0.16435867,0.16435867,8.94477732,785,41.2186777,0.205
89771.975114,0.211981723,-0.194430975,0.167426512,0.167426512,8.94839183,785,35.2036194,0.205
89771.985142,0.225304384,-0.213168427,0.170439481,0.170439481,8.95198027,785,37.7443258,0.205
89771.995169,0.241437482,-0.2278132,0.173399393,0.173399393,8.95554593,785,38.9217823,0.205
89772.005196,0.258941029,-0.237308597,0.176308652,0.176308652,8.95909355,785,47.7892451,0.205
89772.015224,0.278562609,-0.241573246,0.179169616,0.179169616,8.96262811,785,41.5744889,0.205
89772.025251,0.30129889,-0.241129552,0.18198396,0.18198396,8.96615386,785,47.7268909,0.205
89772.035279,0.327225561,-0.237124438,0.184754342,0.184754342,8.96967692,785,50.9745827,0.205
89772.045306,0.356369171,-0.229209918,0.187482549,0.187482549,8.97320236,785,55.6031209,0.205
89772.055333,0.388464772,-0.21557952,0.190171156,0.190171156,8.97673661,785,58.5782962,0.205
89772.065361,0.0704718072,-0.0900822128,0.0586405897,0.0586405897,8.98025042,787,77.8911738,0.205
89772.075388,0.0910343656,-0.0668996217,0.0461912498,0.0461912498,8.98371264,787,56.6934149,0.205
89772.085415,0.138910045,-0.0324137887,0.052551067,0.052551067,8.98713057,787,74.359398,0.205
89772.095443,0.171108207,0.00142966021,0.0613648066,0.0613648066,8.99051233,785,73.8976599,0.205
89772.105470,0.201074066,0.0361547419,0.0690653737,0.0690653737,8.99386312,785,42.5082452,0.205
89772.115497,0.226482469,0.0687226023,0.0759928902,0.0759928902,8.99718846,785,56.1911742,0.205
89772.125525,0.2487642,0.099409343,0.0823436695,0.0823436695,9.00049314,785,38.5398481,0.205
89772.135552,0.271719014,0.12907419,0.0882417085,0.0882417085,9.00378081,785,40.5201878,0.205
89772.145579,0.29716913,0.158828124,0.0937737876,0.0937737876,9.00705652,785,41.2788331,0.205
89772.155607,0.323197628,0.190359938,0.0990025104,0.0990025104,9.01032567,785,43.2640329,0.205
89772.165634,0.348860254,0.224113829,0.103973311,0.103973311,9.01359284,785,38.5036141,0.205
89772.175662,0.370647937,0.260475153,0.108723256,0.108723256,9.01686358,785,27.7413168,0.205
89772.185689,0.381762894,0.300280122,0.113280764,0.113280764,9.02014094,785,28.9596684,0.205
89772.195716,0.379666054,0.343564601,0.117670747,0.117670747,9.02342686,785,23.1701156,0.205
89772.205744,0.36842211,0.389061972,0.121913128,0.121913128,9.02672149,785,26.740552,0.205
89772.215771,0.351445903,0.434105615,0.12602283,0.12602283,9.03002303,785,28.3395244,0.205
89772.225798,0.329975309,0.4738601,0.130012234,0.130012234,9.03333022,785,30.8428896,0.205
89772.235826,0.305698336,0.504794283,0.133889786,0.133889786,9.03664158,785,28.0798818,0.205
89772.245853,0.278613968,0.524432595,0.137660967,0.137660967,9.0399544,785,35.167828,0.205
89772.255880,0.249142581,0.530408781,0.141328229,0.141328229,9.04326651,785,34.3143401,0.205
89772.265908,0.218759796,0.521553402,0.144894168,0.144894168,9.04657517,785,35.7067012,0.205
89772.275935,0.193074331,0.495388294,0.148361589,0.148361589,9.04987641,785,27.9722757,0.205
89772.285963,0.179152692,0.450588871,0.151737899,0.151737899,9.05316817,785,29.1469514,0.205
89772.295990,0.176163013,0.390896203,0.155033537,0.155033537,9.05644797,785,27.9136312,0.205
89772.306017,0.179798958,0.319628214,0.158261147,0.158261147,9.05971468,785,27.6183501,0.205
89772.316045,0.186720039,0.24104735,0.161431725,0.161431725,9.06296691,785,32.6802741,0.205
89772.326072,0.195532391,0.16034015,0.164551911,0.164551911,9.06620196,785,36.1762684,0.205
89772.336099,0.205976885,0.0802618978,0.167626021,0.167626021,9.06941805,785,33.2725698,0.205
89772.346127,0.217551298,0.00212537507,0.170656542,0.170656542,9.07261358,785,36.3350549,0.205
89772.356154,0.230585484,-0.0712785793,0.173644717,0.173644717,9.0757865,785,36.5451513,0.205
89772.366181,0.245398946,-0.13672756,0.176593072,0.176593072,9.07893668,785,39.6202244,0.205
89772.376209,0.260915367,-0.192607393,0.179503633,0.179503633,9.08206505,785,41.650757,0.205
89772.386236,0.277093797,-0.239428766,0.182377052,0.182377052,9.0851727,785,40.608272,0.205
89772.396263,0.293765908,-0.278363659,0.185214258,0.185214258,9.08826261,785,40.8788399,0.205
89772.406291,0.311609611,-0.310294173,0.188015995,0.188015995,9.09133866,785,41.5570334,0.205
89772.416318,0.331809834,-0.335384416,0.190780153,0.190780153,9.09440479,785,43.6014908,0.205
89772.426346,0.356827468,-0.352570836,0.193502953,0.193502953,9.09746737,785,39.8387243,0.205
89772.436373,-0.0963785983,-0.534628699,0.0725181212,0.0725181212,9.10048377,787,38.45579,0.205
89772.446400,-0.0877385173,-0.524426664,0.0494947024,0.0494947024,9.10341267,787,42.2530392,0.205
89772.456428,-0.0379013947,-0.471081903,0.0452172863,0.0452172863,9.10626565,787,45.0832884,0.205
89772.466455,0.0340098706,-0.414520979,0.0394307034,0.0394307034,9.10905915,787,44.2504387,0.205
89772.476482,0.0669393714,-0.368691746,0.036030683,0.036030683,9.11180756,849,46.2051311,0.205
89772.486510,0.134155991,-0.2991898,0.0433566693,0.0433566693,9.11452361,849,44.2249547,0.205
89772.496537,0.148327871,-0.230394274,0.0536967672,0.0536967672,9.11721619,785,42.6203034,0.205
89772.506565,0.153612455,-0.151917469,0.0623486236,0.0623486236,9.11988813,785,37.5914372,0.205
89772.516592,0.153338513,-0.068404418,0.0699418849,0.0699418849,9.12253901,785,35.0765219,0.205
89772.526619,0.15275112,0.0163341515,0.0767943706,0.0767943706,9.12516825,785,36.4552598,0.205
89772.536647,0.152347572,0.102647127,0.083094038,0.083094038,9.12777518,785,35.4087987,0.205
89772.546674,0.146510732,0.189970768,0.0889617922,0.0889617922,9.13035812,785,27.3751443,0.205
89772.556701,0.14023097,0.273863136,0.0944826431,0.0944826431,9.13291622,785,21.9151855,0.205
89772.566729,0.135116705,0.350134691,0.0997166197,0.0997166197,9.13544965,785,24.208469,0.205
89772.576756,0.130588026,0.414935909,0.104705211,0.104705211,9.13795914,785,26.0873184,0.205
89772.586783,0.124122308,0.465354956,0.109479546,0.109479546,9.14044706,785,22.0156402,0.205
89772.596811,0.112993486,0.499194838,0.11406207,0.11406207,9.14291602,785,21.7456709,0.205
89772.606838,0.0975163933,0.517118439,0.118468566,0.118468566,9.14536741,849,22.325116,0.205
89772.616866,0.0794713858,0.519359334,0.122714116,0.122714116,9.14780296,785,20.1814628,0.205
89772.626893,0.0603772247,0.506871282,0.126810432,0.126810432,9.15022265,785,25.0970343,0.205
89772.636920,0.0425736534,0.480294359,0.130768702,0.130768702,9.15262642,785,25.5214324,0.205
89772.646948,0.0277215053,0.438125042,0.134599247,0.134599247,9.15501334,785,31.9167023,0.205
89772.656975,0.0179206158,0.380382528,0.13831177,0.13831177,9.15738098,785,27.6710612,0.205
89772.667002,0.0141334448,0.310987151,0.141918929,0.141918929,9.15972687,785,26.0541383,0.205
89772.677030,0.0139384208,0.236003354,0.145433496,0.145433496,9.16204796,785,27.7893352,0.205
89772.687057,0.0140309227,0.161227919,0.148865199,0.148865199,9.16433986,785,35.4230696,0.205
89772.697085,0.0137779361,0.0890977937,0.152222914,0.152222914,9.16659866,785,33.5432311,0.205
89772.707112,0.0118358517,0.0222611536,0.155512074,0.155512074,9.16881931,785,39.8756986,0.205
89772.717139,0.0090210402,-0.0376036999,0.158737658,0.158737658,9.17099764,785,39.2785638,0.205
89772.727167,-0.275213383,-0.206547595,0.0590462991,0.0590462991,9.17309997,787,35.6569018,0.205
89772.737194,-0.288033414,-0.290592211,0.049863922,0.049863922,9.17509112,787,43.0986244,0.205
89772.747221,-0.278130585,-0.354562801,0.0420882244,0.0420882244,9.17696848,787,43.6210047,0.205
89772.757249,-0.25918903,-0.396984034,0.0416460248,0.0416460248,9.17873471,787,43.3345211,0.205
89772.767276,-0.224682265,-0.465049195,0.0384963875,0.0384963875,9.18039536,787,43.4452041,0.205
89772.777304,-0.185699381,-0.53430967,0.0378357333,0.0378357333,9.18195966,787,43.4938816,0.205
89772.787331,-0.174795207,-0.615408672,0.0342577364,0.0342577364,9.18343658,787,40.4353924,0.205
89772.797358,-0.148642663,-0.654257143,0.0382820266,0.0382820266,9.18483836,787,39.9781784,0.205
89772.807386,-0.130839288,-0.67459362,0.0457147343,0.0457147343,9.18618174,787,41.4273831,0.205
89772.817413,-0.127207462,-0.68609689,0.0556248414,0.0556248414,9.18748302,785,36.2084897,0.205
89772.827440,-0.1214524,-0.689345281,0.0640242837,0.0640242837,9.18875866,785,37.9758103,0.205
89772.837468,-0.114607175,-0.683308767,0.071448233,0.071448233,9.19002522,785,41.6560789,0.205
89772.847495,-0.108831926,-0.66880239,0.0781732108,0.0781732108,9.19129735,785,42.7369036,0.205
89772.857523,-0.105244755,-0.645459311,0.0843669195,0.0843669195,9.19258735,785,37.7692721,0.205
89772.867550,-0.104508779,-0.612032273,0.0901368125,0.0901368125,9.19390322,785,38.0052245,0.205
89772.877577,-0.108059574,-0.56692588,0.0955589424,0.0955589424,9.19524897,785,37.2124285,0.205
89772.887605,-0.114536555,-0.508129263,0.100689041,0.100689041,9.19662401,785,52.6519027,0.205
89772.897632,-0.1224876,-0.434469999,0.105568797,0.105568797,9.1980229,785,77.574307,0.205
89772.907659,-0.133313959,-0.347388137,0.110234309,0.110234309,9.19943639,785,66.6016905,0.205
89772.917687,-0.043270383,0.00257533589,0.0679400518,0.0679400518,9.20083773,849,31.0036954,0.205
89772.927714,-0.0573281824,0.0946952158,0.0749771984,0.0749771984,9.20219773,849,29.3436372,0.205
89772.937742,-0.0677908429,0.176558349,0.0814194054,0.0814194054,9.20350244,849,26.814363,0.205
89772.947769,-0.0764221273,0.243247118,0.0873987872,0.0873987872,9.20474007,785,29.7550711,0.205
89772.957796,-0.0857178403,0.292596044,0.0930052017,0.0930052017,9.2059023,785,27.7650616,0.205
89772.967824,-0.0950489559,0.325203115,0.0983015814,0.0983015814,9.20698378,785,27.6335557,0.205
89772.977851,-0.101692814,0.33913402,0.103331361,0.103331361,9.20798209,785,30.3489634,0.205
89772.987879,-0.104853473,0.334565701,0.108128539,0.108128539,9.20889862,785,29.3102577,0.205
89772.997906,-0.106944672,0.315353872,0.112718353,0.112718353,9.20973715,785,33.8861978,0.205
89773.007933,-0.111351784,0.286293526,0.117123732,0.117123732,9.2105032,785,31.6915057,0.205
89773.017961,-0.117682725,0.24998686,0.121364153,0.121364153,9.2112027,849,33.8241073,0.205
89773.027988,-0.122369319,0.207050688,0.125455442,0.125455442,9.21184171,849,31.7933378,0.205
89773.038015,0.00227385399,0.503362031,0.0389728708,0.0389728708,9.2124194,787,30.3204781,0.205
89773.048043,-0.0123567266,0.43995079,0.0420332424,0.0420332424,9.21269191,849,39.1007537,0.205
89773.058070,-0.0116033321,0.394881997,0.0526334452,0.0526334452,9.21269191,849,46.165091,0.205
89773.068098,-0.0111779147,0.355813316,0.0614348588,0.0614348588,9.21269191,849,47.9620708,0.205
89773.078125,-0.0256343058,0.176820427,0.0542074099,0.0542074099,9.21269191,787,61.667477,0.205
89773.088152,-0.0367689788,0.0665458347,0.0514461791,0.0514461791,9.21269191,787,63.0431824,0.205
89773.098180,-0.0394134498,-0.008350245,0.0453088765,0.0453088765,9.21269191,787,74.7778991,0.205
89773.108207,-0.0552735324,-0.0359607344,0.0431615324,0.0431615324,9.21269191,787,47.0055199,0.205
89773.118235,-0.0433416634,-0.0514400468,0.0378791276,0.0378791276,9.21269191,787,69.9117785,0.205
89773.128262,-0.0310418698,-0.0513845429,0.0334380226,0.0334380226,9.21269191,787,70.7062533,0.205
89773.138289,-0.023265871,-0.0423344716,0.0330283384,0.0330283384,9.21269191,787,70.9251168,0.205
89773.148317,-0.0213091487,-0.0493623355,0.0357640577,0.0357640577,9.21269191,787,81.990198,0.205
89773.158344,-0.0368563825,-0.0767451932,0.0379746417,0.0379746417,9.21269191,787,45.2491463,0.205
89773.168371,-0.0328632422,-0.0657326165,0.0388725331,0.0388725331,9.21269191,787,73.1195123,0.205
89773.178399,-0.0265585079,-0.0696884396,0.0400495098,0.0400495098,9.21269191,787,67.2142023,0.205
89773.188426,-0.0310497131,-0.0568752474,0.0389537681,0.0389537681,9.21269191,787,59.9802955,0.205
89773.198454,-0.0291538178,-0.067263479,0.040537799,0.040537799,9.21269191,787,54.7352072,0.205
89773.208481,-0.0278649603,-0.0752053566,0.040434948,0.040434948,9.21269191,787,49.1529011,0.205
89773.218508,-0.037303957,-0.0721182951,0.0380791077,0.0380791077,9.21269191,787,39.9164354,0.205
89773.228536,-0.0374055165,-0.0783241587,0.0392747245,0.0392747245,9.21269191,787,41.2804501,0.205
89773.238563,-0.0365208551,-0.0855249542,0.0420687164,0.0420687164,9.21269191,849,37.7426672,0.205
89773.248591,-0.0377647478,-0.0947484882,0.0526633813,0.0526633813,9.21269191,849,37.8857428,0.205
89773.258618,-0.0379071772,-0.102213623,0.0614606049,0.0614606049,9.21269191,849,38.2739691,0.205
89773.268645,-0.0368106083,-0.107629223,0.0691507519,0.0691507519,9.21269191,849,36.8610902,0.205
89773.278673,-0.120527746,-0.337150078,0.0385997655,0.0385997655,9.21269191,787,36.824675,0.205
89773.288700,-0.122282379,-0.349380221,0.0356705643,0.0356705643,9.21269191,787,38.9631038,0.205
89773.298727,-0.106560631,-0.33968384,0.0364637428,0.0364637428,9.21269191,787,41.6903843,0.205
89773.308755,-0.100945792,-0.324754196,0.0363643928,0.0363643928,9.21269191,787,42.80103,0.205
89773.318782,-0.0800725556,-0.299156307,0.035136992,0.035136992,9.21269191,787,41.3931793,0.205
89773.328810,-0.0721673907,-0.250841634,0.0384668182,0.0384668182,9.2129526,849,42.2691676,0.205
89773.338837,-0.0720518741,-0.232286132,0.0498308949,0.0498308949,9.21349101,849,53.7674919,0.205
89773.348864,-0.00165326322,-0.0606080314,0.033668032,0.033668032,9.21404701,787,60.8513378,0.205
89773.358892,0.00555579142,-0.0556769924,0.0327852857,0.0327852857,9.21460359,787,70.629308,0.205
89773.368919,0.00529483957,-0.0456195887,0.0325545792,0.0325545792,9.21515921,787,80.3721942,0.205
89773.378947,0.0140967165,-0.0382350974,0.0349158875,0.0349158875,9.21571234,787,83.3917801,0.205
89773.388974,0.00712536482,-0.00964696271,0.0359946045,0.0359946045,9.21625939,787,87.1089033,0.205
89773.399001,0.0100556156,-0.00508179957,0.0386084859,0.0386084859,9.21679726,787,93.8583205,0.205
89773.409029,0.00383988877,0.0119777384,0.0388715049,0.0388715049,9.21732404,787,105.335209,0.205
89773.419056,0.00452239288,0.0163394347,0.0362687267,0.0362687267,9.21783769,787,117.317887,0.205
89773.429084,0.00541209868,0.0163331137,0.035350543,0.035350543,9.2180912,787,134.267911,0.205
89773.439111,0.00116190647,0.0255347918,0.0327530726,0.0327530726,9.2180912,787,140.762227,0.205
89773.449138,-0.00178746011,0.023181299,0.0320909004,0.0320909004,9.2180912,787,144.946814,0.205
89773.459166,0.00569308995,0.0230022557,0.0324822635,0.0324822635,9.2180912,787,146.532529,0.205
89773.469193,0.00103922101,0.0225845524,0.0326759504,0.0326759504,9.2180912,787,140.316412,0.205
89773.479221,-0.00529449212,0.0214427304,0.0331450921,0.0331450921,9.2180912,787,145.423137,0.205
89773.489249,-0.00663106939,0.0235797462,0.0327263336,0.0327263336,9.2180912,787,120.491427,0.205
89773.499276,-0.0238151289,0.0247210532,0.0340756276,0.0340756276,9.2180912,787,114.292166,0.205
89773.509304,-0.0178991146,0.0232919888,0.0347387609,0.0347387609,9.2180912,787,95.3783118,0.205
89773.519331,-0.0260800165,0.0225520849,0.0378729325,0.0378729325,9.2180912,787,112.312922,0.205
89773.529359,-0.0268405289,0.0180743376,0.0397214796,0.0397214796,9.2180912,787,135.255808,0.205
89773.539386,-0.0103976166,0.0210328279,0.0386857101,0.0386857101,9.2180912,787,105.448891,0.205
89773.549413,-0.0245213153,0.0252302466,0.0401744646,0.0401744646,9.2180912,787,123.518874,0.205
89773.559441,-0.017115685,0.039592382,0.0386080712,0.0386080712,9.2180912,787,76.4344236,0.205
89773.569468,-0.0339013233,0.0509176531,0.0415271859,0.0415271859,9.2180912,787,81.1483489,0.205
89773.579495,-0.0519777829,0.0761828513,0.0478546744,0.0478546744,9.2180912,787,54.6824791,0.205
89773.589523,-0.0252925354,0.0692209036,0.0479514905,0.0479514905,9.2180912,787,71.679531,0.205
89773.599550,-0.0246348649,0.0790845676,0.0574721437,0.0574721437,9.2180912,785,78.7733945,0.205
89773.609578,-0.023676629,0.0868837262,0.0656294416,0.0656294416,9.2180912,785,52.3717278,0.205
89773.619605,-0.0232117609,0.0932567588,0.0728812634,0.0728812634,9.2180912,785,83.0804978,0.205
89773.629632,-0.0230873676,0.0981320543,0.0794765081,0.0794765081,9.2180912,785,71.2473456,0.205
89773.639660,-0.0231327769,0.100903533,0.0855677231,0.0855677231,9.2180912,785,54.2938805,0.205
89773.649687,-0.0240365973,0.102357561,0.0912547776,0.0912547776,9.2180912,785,74.0383912,0.205
89773.659715,0.0198697485,0.0599305845,0.0553984451,0.0553984451,9.2180912,787,70.9007162,0.205
89773.669742,0.00901215178,0.0456295229,0.0509177738,0.0509177738,9.2180912,787,76.5360162,0.205
89773.679769,0.0175918688,0.043990528,0.04826858,0.04826858,9.2180912,787,71.9530031,0.205
89773.689797,0.00898882476,0.0352032089,0.0449021212,0.0449021212,9.2180912,787,89.0977646,0.205
89773.699824,-0.00447344125,0.0247554259,0.0471072599,0.0471072599,9.2180912,787,89.9422965,0.205
89773.709852,0.0115165557,0.0266532349,0.0462725424,0.0462725424,9.2180912,787,80.976406,0.205
89773.719879,0.00126088581,0.0138658925,0.0487635498,0.0487635498,9.2180912,787,106.853842,0.205
89773.729906,0.0127569191,0.00724220181,0.0498150377,0.0498150377,9.2180912,787,106.706676,0.205
89773.739934,0.0123958625,0.000206125096,0.0472872578,0.0472872578,9.2180912,787,98.6633102,0.205
89773.749961,0.00371123816,-0.00900941535,0.0483221135,0.0483221135,9.2180912,787,135.122666,0.205
89773.759989,0.0244099529,-0.014900863,0.0453281018,0.0453281018,9.2180912,787,95.3480311,0.205
89773.770016,0.0153227611,-0.0204100709,0.0458386892,0.0458386892,9.2180912,787,135.675739,0.205
89773.780043,0.0265705748,-0.0262384603,0.043791626,0.043791626,9.2180912,787,131.065052,0.205
89773.790071,0.0287045237,-0.0292064731,0.0379613146,0.0379613146,9.2180912,787,125.681258,0.205
89773.800098,0.0356906763,-0.0263310507,0.0351799141,0.0351799141,9.2180912,787,116.181212,0.205
89773.810126,0.019932007,-0.0313453472,0.0348803012,0.0348803012,9.2180912,849,48.7371415,0.205
89773.820153,0.0599785535,-0.0247557595,0.0381707898,0.0381707898,9.2180912,787,85.7261453,0.205
89773.830180,0.0561975808,-0.0264088639,0.0418855475,0.0418855475,9.2180912,787,50.7075277,0.205
89773.840208,0.0694930487,-0.0219567933,0.047720893,0.047720893,9.2180912,787,68.8857612,0.205
89773.850235,0.0748940402,-0.0179857595,0.0572795096,0.0572795096,9.2180912,785,65.1289049,0.205
89773.860263,0.0809472951,-0.0143423399,0.0654602569,0.0654602569,9.2180912,785,41.6202583,0.205
89773.870290,0.0860556067,-0.0105936513,0.0727281889,0.0727281889,9.2180912,785,56.9359166,0.205
89773.880317,0.0884805598,-0.00581844206,0.0793352072,0.0793352072,9.2180912,785,38.6182673,0.205
89773.890345,0.0903159338,-0.000348899669,0.0854353905,0.0854353905,9.2180912,785,56.3599596,0.205
89773.900372,0.0934683558,0.00510774932,0.0911295019,0.0911295019,9.2180912,785,45.0458004,0.205
89773.910400,0.095586602,0.0113141292,0.0964905111,0.0964905111,9.2180912,785,38.5936969,0.205
89773.920427,0.0973805985,0.0173494083,0.101570176,0.101570176,9.2180912,785,51.9121482,0.205
89773.930454,0.0987760958,0.0227192435,0.106409246,0.106409246,9.2180912,785,34.6797363,0.205
89773.940482,0.097677001,0.0275077261,0.11103962,0.11103962,9.2180912,785,48.4867943,0.205
89773.950509,0.0940021021,0.0314085026,0.11548553,0.11548553,9.2180912,785,57.0935172,0.205
89773.960537,0.0897940748,0.0348128298,0.119768366,0.119768366,9.2180912,785,37.7278466,0.205
89773.970564,0.0850556533,0.0374601528,0.123904245,0.123904245,9.2180912,785,54.3641481,0.205
89773.980592,0.0778964264,0.0395810366,0.127908233,0.127908233,9.2180912,785,34.9529301,0.205
89773.990619,0.0687027306,0.0408517251,0.131791577,0.131791577,9.2180912,785,65.5377561,0.205
89774.000646,0.0598525101,0.0406827692,0.135564981,0.135564981,9.2180912,785,70.3610792,0.205
89774.010674,0.0535587508,0.0386928717,0.139237702,0.139237702,9.2180912,785,66.0533354,0.205
89774.020701,0.048143548,0.0359033665,0.142816818,0.142816818,9.2180912,785,77.3016578,0.205
89774.030729,-0.0162118976,0.00382943857,0.060432059,0.060432059,9.2180912,787,54.561001,0.205
89774.040756,-0.00320694747,0.00566856768,0.0539094542,0.0539094542,9.2180912,787,64.3846443,0.205
89774.050783,0.00967287097,0.00884066839,0.0516222911,0.0516222911,9.2180912,787,72.9928017,0.205
89774.060811,-0.0153380185,0.000918897352,0.0481801704,0.0481801704,9.2180912,787,61.0607553,0.205
89774.070838,-0.00888085149,0.00486550945,0.0494012425,0.0494012425,9.2180912,787,77.0001901,0.205
89774.080866,-0.0381061364,-0.00591631362,0.0466768346,0.0466768346,9.2180912,787,70.1335935,0.205
89774.090893,-0.0275582391,-0.00359946403,0.0471050359,0.0471050359,9.2180912,787,84.0893277,0.205
89774.100920,-0.031859736,-0.00721524171,0.0456469958,0.0456469958,9.2180912,787,78.7695365,0.205
89774.110948,-0.0222792349,-0.00626046004,0.041695442,0.041695442,9.2180912,787,87.2875878,0.205
89774.120975,-0.00311964711,-0.00629912257,0.0426628845,0.0426628845,9.2180912,787,96.3948611,0.205
89774.131003,-0.0197195688,-0.00578968167,0.0413490708,0.0413490708,9.2180912,787,84.1857185,0.205
89774.141030,-0.00790387091,-0.00450490555,0.0440460172,0.0440460172,9.2180912,787,98.1744258,0.205
89774.151057,-0.0223164157,-0.00389631537,0.0456431502,0.0456431502,9.2180912,787,91.9555912,0.205
89774.161085,-0.0242906671,-0.000497469787,0.044172345,0.044172345,9.2180912,787,94.4224501,0.205
89774.171112,-0.0169668714,0.00191609443,0.0454263815,0.0454263815,9.2180912,787,110.460582,0.205
89774.181140,-0.0348470001,-0.00309821764,0.0416866011,0.0416866011,9.2180912,787,117.216953,0.205
89774.191167,-0.0159147593,-0.00289117584,0.0407405546,0.0407405546,9.2180912,787,117.407925,0.205
89774.201195,-0.0238536607,-0.010130168,0.0359516589,0.0359516589,9.2180912,787,144.512744,0.205
89774.211222,-0.0135801429,-0.00723078491,0.034132246,0.034132246,9.2180912,787,141.758648,0.205
89774.221249,-0.00142943432,-0.0102706582,0.0326493434,0.0326493434,9.2180912,787,128.012501,0.205
89774.231277,-0.0098979302,-0.00781363355,0.0322271465,0.0322271465,9.2180912,787,131.653661,0.205
89774.241304,-0.00416718868,-0.0122751969,0.0328643774,0.0328643774,9.2180912,787,116.666726,0.205
89774.251332,-0.0194892186,-0.0124603688,0.032783494,0.032783494,9.2180912,787,110.755283,0.205
89774.261359,-0.0220071547,-0.00646782211,0.0331202598,0.0331202598,9.2180912,787,103.921987,0.205
89774.271386,-0.0314553587,-0.00895371367,0.0324186948,0.0324186948,9.2180912,787,86.8409458,0.205
89774.281414,-0.0211710305,-0.00426377781,0.0328641114,0.0328641114,9.2180912,787,77.3920167,0.205
89774.291441,-0.0396774648,-0.00028836183,0.0366698587,0.0366698587,9.2180912,787,88.3411605,0.205
89774.301469,-0.0196745667,-0.00153584384,0.0389788468,0.0389788468,9.2180912,787,68.1647171,0.205
89774.311496,-0.0254002115,-0.000765236305,0.0436587138,0.0436587138,9.2180912,787,69.1838249,0.205
89774.321523,-0.0339652427,-3.37267012e-05,0.0471443909,0.0471443909,9.2180912,787,81.0658072,0.205
89774.331551,-0.00929502465,0.000185343648,0.0480733067,0.0480733067,9.2180912,787,61.7374938,0.205
89774.341578,-0.0111446188,0.000703311499,0.057573455,0.057573455,9.2180912,785,74.5108318,0.205
89774.351606,-0.0130989375,0.000437132877,0.0657176194,0.0657176194,9.2180912,785,48.0116703,0.205
89774.361633,-0.0142463302,-0.000538663231,0.07295993,0.07295993,9.2180912,785,60.7668492,0.205
89774.371661,-0.0143537745,-0.00209273424,0.0795483628,0.0795483628,9.2180912,785,61.7460098,0.205
89774.381688,-0.0133033001,-0.00369995373,0.0856328059,0.0856328059,9.2180912,785,50.364689,0.205
89774.391715,-0.0126713103,-0.00346845941,0.0913145949,0.0913145949,9.2180912,785,55.0773893,0.205
89774.401743,-0.0118345965,-0.000541630922,0.0966652592,0.0966652592,9.2180912,785,41.5334148,0.205
89774.411770,-0.00987861254,0.00428233604,0.101736068,0.101736068,9.2180912,785,70.8541715,0.205
89774.421798,-0.00811960935,0.010100413,0.106567972,0.106567972,9.2180912,785,35.5645097,0.205
89774.431825,-0.00580440668,0.0166406934,0.111191322,0.111191322,9.2180912,785,69.5088507,0.205
89774.441852,-0.00275242444,0.0227792131,0.115631651,0.115631651,9.2180912,785,89.2515637,0.205
89774.451880,0.00068602459,0.0276469683,0.11990972,0.11990972,9.2180912,785,59.3512037,0.205
89774.461907,0.00445285652,0.0321610239,0.124041402,0.124041402,9.2180912,785,85.043973,0.205
89774.471935,0.00884939755,0.0358928055,0.128041546,0.128041546,9.2180912,785,32.2920214,0.205
89774.481962,0.01379205,0.0386981585,0.131921226,0.131921226,9.2180912,785,73.2348387,0.205
89774.491990,0.0193547006,0.0403622131,0.135691499,0.135691499,9.2180912,785,92.3019001,0.205
89774.502017,0.0250828345,0.0417429059,0.139360525,0.139360525,9.2180912,785,68.4461611,0.205
89774.512044,0.0308165546,0.0425341737,0.142936497,0.142936497,9.2180912,785,103.934253,0.205
89774.522072,0.0352426986,0.0424566315,0.146426654,0.146426654,9.2180912,785,54.5187916,0.205
89774.532099,0.0382876897,0.0413227145,0.149836387,0.149836387,9.2180912,785,95.2669325,0.205
89774.542127,0.0413800537,0.0397792644,0.153171769,0.153171769,9.2180912,785,122.022286,0.205
89774.552154,0.0440846582,0.0390201249,0.156436898,0.156436898,9.2180912,785,81.0031962,0.205
89774.562181,0.0449712981,0.0393987432,0.159636392,0.159636392,9.2180912,785,114.935868,0.205
89774.572209,-0.0135408309,0.00335677118,0.0903170056,0.0903170056,9.2180912,785,77.1433464,0.205
89774.582236,-0.0131241204,-0.00391583263,0.0617925449,0.0617925449,9.2180912,787,106.56763,0.205
89774.592264,-0.0197740127,-0.00357005034,0.0537353867,0.0537353867,9.2180912,787,124.336494,0.205
89774.602291,0.00111930541,-0.00122495406,0.0474167775,0.0474167775,9.2180912,787,93.5348591,0.205
89774.612319,-0.00881837718,-0.000982986572,0.0477657146,0.0477657146,9.2180912,787,137.183141,0.205
89774.622346,0.00161750944,0.00581377849,0.0448957303,0.0448957303,9.2180912,787,118.946547,0.205
89774.632373,-0.00934227827,0.00582521505,0.0460603857,0.0460603857,9.2180912,787,119.352944,0.205
89774.642401,-0.01743082,0.00406850503,0.0457454842,0.0457454842,9.2180912,787,149.724534,0.205
89774.652428,-0.00287129065,0.00888804625,0.0423436347,0.0423436347,9.2180912,787,129.719258,0.205
89774.662456,-0.0146536778,0.00662986009,0.0427124848,0.0427124848,9.2180912,787,148.482066,0.205
89774.672483,-0.00257088235,0.0138018826,0.0387227864,0.0387227864,9.2180912,787,133.769655,0.205
89774.682511,-0.0165356439,0.0144774132,0.0384195044,0.0384195044,9.2180912,787,137.451863,0.205
89774.692538,-0.0190171181,0.00952549441,0.0370288287,0.0370288287,9.2180912,787,148.716591,0.205
89774.702565,-0.0121989904,3.39753155e-05,0.0350984936,0.0350984936,9.2180912,787,122.551699,0.205
89774.712593,-0.0214620318,-0.000530354752,0.0358155272,0.0358155272,9.2180912,787,129.08509,0.205
89774.722620,-0.0134241013,-0.00452576836,0.0344608523,0.0344608523,9.2180912,787,122.023346,0.205
89774.732648,-0.019731522,-0.00215742968,0.0351123756,0.0351123756,9.2180912,787,127.098713,0.205
89774.742675,-0.0174403949,-0.000788386231,0.0343549598,0.0343549598,9.2180912,787,148.822431,0.205
89774.752703,-0.00497731748,-0.000117054204,0.0326324729,0.0326324729,9.2180912,787,164.538377,0.205
89774.762730,-0.00644148632,-0.000911542903,0.032008583,0.032008583,9.2180912,787,168.731194,0.205
89774.772757,-0.00721968441,0.00301996647,0.031823554,0.031823554,9.2180912,787,175.09995,0.205
89774.782785,0.00322008705,0.010293561,0.0325080518,0.0325080518,9.2180912,787,178.829331,0.205
89774.792812,-0.00381163383,0.00511317332,0.0337980123,0.0337980123,9.2180912,787,172.676608,0.205
89774.802840,0.00767974062,0.0079149592,0.0346992199,0.0346992199,9.2180912,787,160.864533,0.205
89774.812867,0.0250826648,0.00917526392,0.0382379621,0.0382379621,9.2180912,787,167.736481,0.205
89774.822895,0.0116546784,0.00365483746,0.0396575116,0.0396575116,9.2180912,787,99.687938,0.205
89774.832922,0.0284636469,0.00314871457,0.0441698509,0.0441698509,9.2180912,787,107.709113,0.205
89774.842949,0.0206571085,0.00412023722,0.0480324112,0.0480324112,9.2180912,787,78.2013919,0.205
89774.852977,0.0202304195,0.00542442021,0.0575401188,0.0575401188,9.2180912,785,95.8748549,0.205
89774.863004,0.0204415869,0.00649227317,0.0656875803,0.0656875803,9.2180912,785,108.635537,0.205
89774.873032,0.020668922,0.00723310303,0.0729334739,0.0729334739,9.2180912,785,67.2870273,0.205
89774.883059,0.019247102,0.00758019947,0.0795233646,0.0795233646,9.2180912,785,91.8271445,0.205
89774.893087,0.0164279131,0.00752059242,0.0856100558,0.0856100558,9.2180912,785,43.2353689,0.205
89774.903114,0.013937477,0.00657232211,0.0912931715,0.0912931715,9.2180912,785,86.5676659,0.205
89774.913141,0.0119278456,0.00529128332,0.0966444969,0.0966444969,9.2180912,785,101.513653,0.205
89774.923169,0.00998132673,0.00432104382,0.101717052,0.101717052,9.2180912,785,66.5477672,0.205
89774.933196,0.00831711153,0.00400360138,0.106549814,0.106549814,9.2180912,785,94.955435,0.205
89774.943224,0.00794337007,0.00390198148,0.111174946,0.111174946,9.2180912,785,46.7527494,0.205
89774.953251,0.0079172907,0.00491920056,0.115616347,0.115616347,9.2180912,785,88.0092821,0.205
89774.963279,0.00659586968,0.00673217938,0.11989505,0.11989505,9.2180912,785,109.4038,0.205
89774.973306,0.00465006249,0.00917303804,0.124026975,0.124026975,9.2180912,785,72.3767181,0.205
89774.983333,0.00255938971,0.0124884899,0.128026747,0.128026747,9.2180912,785,103.505344,0.205
89774.993361,0.000688950379,0.0150807954,0.131906859,0.131906859,9.2180912,785,68.4671877,0.205
89775.003388,-0.00193941517,0.0164155253,0.135676906,0.135676906,9.2180912,785,112.803517,0.205
89775.013416,-0.00672632892,0.0171732775,0.139346579,0.139346579,9.2180912,785,126.569201,0.205
89775.023443,-0.0113786566,0.0170457221,0.142922922,0.142922922,9.2180912,785,75.6409636,0.205
89775.033471,-0.0160917053,0.0175082578,0.146413463,0.146413463,9.2180912,785,115.919808,0.205
89775.043498,-0.018878909,0.0177510089,0.149823583,0.149823583,9.2180912,785,70.9752145,0.205
89775.053525,-0.0188170122,0.017153034,0.153159042,0.153159042,9.2180912,785,90.9946326,0.205
89775.063553,-0.0181795823,0.0171956765,0.156424916,0.156424916,9.2180912,785,105.219533,0.205
89775.073580,-0.0179285738,0.0196039802,0.159624687,0.159624687,9.2180912,785,76.709229,0.205
89775.083608,-0.01927889,0.0239433585,0.162762773,0.162762773,9.2180912,785,109.440613,0.205
89775.093635,-0.0219933156,0.0286662872,0.165842067,0.165842067,9.2180912,785,85.1427103,0.205
89775.103663,0.00175101173,-0.00819170244,0.0716409152,0.0716409152,9.2180912,787,90.8673079,0.205
89775.113690,0.00320762594,-0.012610628,0.0562223223,0.0562223223,9.2180912,787,103.566096,0.205
89775.123717,-0.0183349317,-0.0116875112,0.0478029816,0.0478029816,9.2180912,787,77.1365028,0.205
89775.133745,-0.00594162327,-0.00995071641,0.0483914806,0.0483914806,9.2180912,787,97.7600195,0.205
89775.143772,-0.0335188018,-0.00930457634,0.046591668,0.046591668,9.2180912,787,72.6790301,0.205
89775.153800,-0.019335082,-0.00617454447,0.0487526428,0.0487526428,9.2180912,787,83.3330955,0.205
89775.163827,-0.0283965309,-0.0105306479,0.0497639994,0.0497639994,9.2180912,787,82.5607108,0.205
89775.173855,-0.0294864335,-0.0127588441,0.0473455055,0.0473455055,9.2180912,787,83.0562808,0.205
89775.183882,-0.0167643997,-0.0134157934,0.0483860043,0.0483860043,9.2180912,787,93.4788384,0.205
89775.193909,-0.0384489627,-0.01497391,0.0448322915,0.0448322915,9.2180912,787,72.4770911,0.205
89775.203937,-0.020941765,-0.0200533395,0.04485808,0.04485808,9.2180912,787,79.1306606,0.205
89775.213964,-0.0249040243,-0.00945104046,0.0433197796,0.0433197796,9.2180912,787,82.347672,0.205
89775.223992,-0.0205751556,-0.00557038606,0.0415816518,0.0415816518,9.2180912,787,73.230342,0.205
89775.234019,-0.00420838358,-0.0107020638,0.0401182737,0.0401182737,9.2180912,787,84.650641,0.205
89775.244047,-0.0157550904,0.00123665907,0.0371506547,0.0371506547,9.2180912,787,74.142031,0.205
89775.254074,-0.000747685961,-0.00251788754,0.0379420996,0.0379420996,9.2180912,787,92.0130765,0.205
89775.264102,-0.00983356153,-0.0081651284,0.0380233768,0.0380233768,9.2180912,787,86.6068114,0.205
89775.274129,-0.0104315139,-0.0122951001,0.0362955612,0.0362955612,9.2180912,787,91.3776841,0.205
89775.284156,-0.00390331876,-0.0153606404,0.0365597347,0.0365597347,9.2180912,787,88.6080076,0.205
89775.294184,-0.014606173,-0.0113606081,0.0339104333,0.0339104333,9.2180912,787,98.1493306,0.205
89775.304211,-0.00809124162,-0.0147769826,0.0334642041,0.0334642041,9.2180912,787,91.2822748,0.205
89775.314239,-0.00611258905,-0.00980009485,0.0323809479,0.0323809479,9.2180912,787,100.415561,0.205
89775.324266,-0.00690946721,-0.0124303079,0.0327749931,0.0327749931,9.2180912,787,99.1176327,0.205
89775.334294,-0.00668905016,-0.0169408799,0.033351149,0.033351149,9.2180912,787,98.7835788,0.205
89775.344321,0.000535980447,-0.00277009689,0.0330057583,0.0330057583,9.2180912,787,101.437193,0.205
89775.354348,-0.00837675445,-0.00425282938,0.0339123939,0.0339123939,9.2180912,787,117.382599,0.205
89775.364376,-0.000828288603,0.00323215366,0.033832451,0.033832451,9.2180912,787,132.142259,0.205
89775.374403,-0.0187699253,-0.00407634625,0.0364363471,0.0364363471,9.2180912,787,109.519865,0.205
89775.384431,-0.0275767238,-0.00605932738,0.0393003418,0.0393003418,9.2180912,787,108.545829,0.205
89775.394458,-0.00779789778,-0.00607245005,0.0407129,0.0407129,9.2180912,787,80.8086473,0.205
89775.404486,-0.0217250428,-0.00808143868,0.0451477278,0.0451477278,9.2180912,787,80.6402537,0.205
89775.414513,-0.0112469121,-0.00605429263,0.0465297292,0.0465297292,9.2180912,787,57.2538144,0.205
89775.424541,-0.0187077873,-0.00561526009,0.0562913391,0.0562913391,9.2180912,785,73.4768246,0.205
89775.434568,-0.0253040352,-0.00329249361,0.0645960668,0.0645960668,9.2180912,785,72.2507046,0.205
89775.444595,-0.0286090568,-0.000458029725,0.0719508747,0.0719508747,9.2180912,785,60.7204731,0.205
89775.454623,-0.0288199089,0.00113982767,0.0786234457,0.0786234457,9.2180912,785,79.0696737,0.205
89775.464650,-0.0275810294,0.0014860363,0.0847738418,0.0847738418,9.2180912,785,44.5604774,0.205
89775.474678,-0.0240990356,0.000760160241,0.0905096641,0.0905096641,9.2180912,785,70.7127931,0.205
89775.484705,-0.0201059228,-0.00224954652,0.0959042656,0.0959042656,9.2180912,785,29.4585301,0.205
89775.494732,-0.0167347398,-0.00654125699,0.101012858,0.101012858,9.2180912,785,59.0351206,0.205
89775.504759,-0.0129137026,-0.0116836778,0.105876942,0.105876942,9.2180912,785,71.1415492,0.205
89775.514787,-0.00820732076,-0.0170001119,0.110529363,0.110529363,9.2180912,785,40.6924423,0.205
89775.524814,-0.00436141504,-0.0219888557,0.114995039,0.114995039,9.2180912,785,57.0456832,0.205
89775.534841,-0.00288200377,-0.0262583653,0.119295452,0.119295452,9.2180912,785,34.3174411,0.205
89775.544869,-0.00141926383,-0.0283357524,0.123448186,0.123448186,9.2180912,785,48.229687,0.205
89775.554896,-0.000306510632,-0.027561759,0.12746672,0.12746672,9.2180912,785,51.00533,0.205
89775.564924,0.000873034404,-0.0240600452,0.131363946,0.131363946,9.2180912,785,37.7707302,0.205
89775.574951,0.00222041913,-0.018840088,0.13514946,0.13514946,9.2180912,785,59.6763203,0.205
89775.584979,0.0039500064,-0.0122989746,0.138833084,0.138833084,9.2180912,785,43.7367844,0.205
89775.595006,0.00747288805,-0.0048227353,0.142422049,0.142422049,9.2180912,785,56.4918996,0.205
89775.605034,0.0104303879,0.00384631405,0.145924099,0.145924099,9.2180912,785,66.1310902,0.205
89775.615061,0.0116012227,0.0140908006,0.149344795,0.149344795,9.2180912,785,47.9390988,0.205
89775.625088,0.0149564682,0.0247454883,0.152690084,0.152690084,9.2180912,785,81.9200544,0.205
89775.635116,0.0183332808,0.0338888952,0.155965328,0.155965328,9.2180912,785,34.3965572,0.205
89775.645143,0.0225223679,0.0400455428,0.15917417,0.15917417,9.2180912,785,74.034937,0.205
89775.655171,0.0281237051,0.0435329423,0.162321011,0.162321011,9.2180912,785,100.741018,0.205
89775.665198,0.0322848904,0.045793476,0.165408728,0.165408728,9.2180912,785,62.0208946,0.205
89775.675226,0.0342382583,0.0472568019,0.168441147,0.168441147,9.2180912,785,100.920835,0.205
89775.685253,0.0350990785,0.0482688919,0.171420468,0.171420468,9.2180912,785,48.5889706,0.205
89775.695281,0.0363979138,0.0491280413,0.174349925,0.174349925,9.2180912,785,100.360537,0.205
89775.705308,0.0392207339,0.050206805,0.177231491,0.177231491,9.2180912,785,108.336834,0.205
89775.715335,0.0434926413,0.0514012782,0.180067821,0.180067821,9.2180912,785,85.903145,0.205
89775.725363,0.0488707087,0.0530681338,0.182861349,0.182861349,9.2180912,785,116.99806,0.205
89775.735390,0.00792299441,0.000516172091,0.0633963168,0.0633963168,9.2180912,787,77.8000485,0.205
89775.745418,-0.0051838602,8.9138607e-05,0.0542821637,0.0542821637,9.2180912,787,106.920092,0.205
89775.755445,-0.0185363929,0.000703207807,0.0487933439,0.0487933439,9.2180912,787,135.673134,0.205
89775.765473,-0.010930318,-0.00876684239,0.0417699057,0.0417699057,9.2180912,787,108.026432,0.205
89775.775500,-0.0260564628,-0.0107133061,0.0401938589,0.0401938589,9.2180912,787,95.1672316,0.205
89775.785528,-0.0136817978,-0.0160875095,0.0378579421,0.0378579421,9.2180912,787,102.719661,0.205
89775.795555,-0.0318087472,-0.0123879107,0.036486564,0.036486564,9.2180912,787,127.150152,0.205
89775.805582,-0.0352024431,-0.00544041732,0.0361732074,0.0361732074,9.2180912,787,133.928494,0.205
89775.815610,-0.024900664,-0.000729691098,0.0347782848,0.0347782848,9.2180912,787,117.415764,0.205
89775.825637,-0.029369439,0.00878335544,0.0352761393,0.0352761393,9.2180912,787,126.973041,0.205
89775.835665,-0.0133831053,0.00284650861,0.0339643763,0.0339643763,9.2180912,787,115.888556,0.205
89775.845692,-0.0196161502,0.0116709336,0.0367655477,0.0367655477,9.2180912,787,95.704686,0.205
89775.855720,-0.00736026313,0.00437419218,0.0339272216,0.0339272216,9.2180912,787,169.043178,0.205
89775.865747,-0.00317281748,0.00961930747,0.0329027969,0.0329027969,9.2180912,787,168.971431,0.205
89775.875775,0.0140247197,0.0138598417,0.0343653173,0.0343653173,9.2180912,787,163.484404,0.205
89775.885802,0.00167062633,0.00726960657,0.0352532459,0.0352532459,9.2180912,787,128.55694,0.205
89775.895830,0.0232233221,0.0104597066,0.0389437243,0.0389437243,9.2180912,787,155.785209,0.205
89775.905857,0.0116768067,0.00913539269,0.0417919872,0.0417919872,9.2180912,787,125.833251,0.205
89775.915884,0.0192461391,0.0125936211,0.0427320983,0.0427320983,9.2180912,787,103.562644,0.205
89775.925912,0.0329095208,0.0179176369,0.0471756726,0.0471756726,9.2180912,787,123.368151,0.205
89775.935939,0.0327362776,0.0195190498,0.056825696,0.056825696,9.2180912,785,76.0178775,0.205
89775.945967,0.0335456957,0.0203111793,0.0650631706,0.0650631706,9.2180912,785,115.120443,0.205
89775.955994,0.0341672387,0.0209812776,0.0723706857,0.0723706857,9.2180912,785,52.3012068,0.205
89775.966022,0.0341239068,0.0213061291,0.0790079653,0.0790079653,9.2180912,785,102.717999,0.205
89775.976049,0.0337441752,0.0217536077,0.0851306962,0.0851306962,9.2180912,785,129.257315,0.205
89775.986077,0.0298434436,0.0221552384,0.0908440633,0.0908440633,9.2180912,785,74.8931092,0.205
89775.996104,0.0255979243,0.0218398913,0.0962199922,0.0962199922,9.2180912,785,116.974286,0.205
89776.006132,0.0240721679,0.0209228514,0.101313213,0.101313213,9.2180912,785,54.2743826,0.205
89776.016159,0.022997856,0.0204791303,0.10616348,0.10616348,9.2180912,785,105.955011,0.205
89776.026186,0.0214489443,0.021344496,0.110803167,0.110803167,9.2180912,785,131.459625,0.205
89776.036214,0.0208873789,0.0229507291,0.115258153,0.115258153,9.2180912,785,69.6132955,0.205
89776.046241,0.0211332355,0.0248469245,0.119548233,0.119548233,9.2180912,785,121.677815,0.205
89776.056269,0.0213855656,0.027007982,0.123691372,0.123691372,9.2180912,785,52.7224591,0.205
89776.066296,0.0196303891,0.0299177359,0.127701064,0.127701064,9.2180912,785,109.264435,0.205
89776.076324,0.014104608,0.0330824558,0.131590269,0.131590269,9.2180912,785,45.3012499,0.205
89776.086351,0.00575694046,0.0364928619,0.135368618,0.135368618,9.2180912,785,77.2972442,0.205
89776.096379,-0.00207511736,0.0400375724,0.139045893,0.139045893,9.2180912,785,117.881125,0.205
89776.106406,-0.00614382042,0.0426418135,0.14262923,0.14262923,9.2180912,785,63.9998142,0.205
89776.116434,-0.00693899649,0.0449695114,0.14612624,0.14612624,9.2180912,785,119.930033,0.205
89776.126461,-0.00561190878,0.0475518257,0.149542305,0.149542305,9.2180912,785,134.808554,0.205
89776.136488,-0.00375612028,0.0506498101,0.152883161,0.152883161,9.2180912,785,80.2849002,0.205
89776.146516,-0.00205665146,0.0540033122,0.156153968,0.156153968,9.2180912,785,116.618613,0.205
89776.156543,-0.00285092539,0.0579751638,0.159358432,0.159358432,9.2180912,785,61.6684231,0.205
89776.166571,-0.00787925062,0.0624134357,0.162501126,0.162501126,9.2180912,785,99.8044156,0.205
89776.176598,-0.015843621,0.0658954852,0.16558496,0.16558496,9.2180912,785,107.903586,0.205
89776.186626,-0.0229870803,0.0662336856,0.168613694,0.168613694,9.2180912,785,81.8835177,0.205
89776.196653,0.0061330802,0.0215014515,0.0694680242,0.0694680242,9.2180912,787,102.296809,0.205
89776.206681,-0.0223355573,0.00406927663,0.0514842065,0.0514842065,9.2180912,787,82.6483026,0.205
89776.216708,-0.0056349537,0.0039074575,0.0497691727,0.0497691727,9.2180912,787,99.0324695,0.205
89776.226736,-0.00954698536,0.000794186795,0.0493748913,0.0493748913,9.2180912,787,77.9133582,0.205
89776.236763,-0.000757926607,0.00154227615,0.0479125247,0.0479125247,9.2180912,787,90.0878147,0.205
89776.246790,-0.000704533467,0.000757208338,0.0574390671,0.0574390671,9.2180912,785,112.153067,0.205
89776.256818,-0.000963965636,0.00174936383,0.0655996846,0.0655996846,9.2180912,785,67.6908381,0.205
89776.266845,-0.0028605819,0.00437347302,0.0728534458,0.0728534458,9.2180912,785,91.5894982,0.205
89776.276873,-0.00634794507,0.00809747694,0.0794503923,0.0794503923,9.2180912,785,53.1840083,0.205
89776.286900,-0.00918689242,0.011738654,0.0855414555,0.0855414555,9.2180912,785,68.0976464,0.205
89776.296928,-0.00966499927,0.0147957434,0.0912291255,0.0912291255,9.2180912,785,88.1986106,0.205
89776.306955,-0.00777458901,0.017215767,0.0965836565,0.0965836565,9.2180912,785,62.110321,0.205
89776.316983,-0.00491535362,0.0209622133,0.101658692,0.101658692,9.2180912,785,77.3540365,0.205
89776.327010,-0.00145156869,0.0266396966,0.106493259,0.106493259,9.2180912,785,38.2050311,0.205
89776.337038,0.00155971191,0.0339887772,0.111119656,0.111119656,9.2180912,785,58.9575795,0.205
89776.347065,0.00174726933,0.0424245184,0.115562037,0.115562037,9.2180912,785,54.9833713,0.205
89776.357093,-0.00105203086,0.0496925268,0.11984174,0.11984174,9.2180912,785,47.1549745,0.205
89776.367120,-0.00545310298,0.0544729474,0.123974817,0.123974817,9.2180912,785,68.7762817,0.205
89776.377147,-0.00955665635,0.0567933446,0.127975849,0.127975849,9.2180912,785,46.9874792,0.205
89776.387175,-0.0120318,0.05646952,0.131857186,0.131857186,9.2180912,785,62.146567,0.205
89776.397202,0.0186387419,0.0191746807,0.067646262,0.067646262,9.2180912,787,64.9537081,0.205
89776.407230,-0.0110063125,0.0256888875,0.054002969,0.054002969,9.2180912,787,55.7944852,0.205
89776.417257,0.00280625576,0.0179797142,0.0490289811,0.0490289811,9.2180912,787,65.2319156,0.205
89776.427285,-0.000997341297,0.0259768827,0.0431612467,0.0431612467,9.2180912,787,58.5321313,0.205
89776.437312,0.00751021291,0.0214770982,0.0434644622,0.0434644622,9.2180912,787,69.7693186,0.205
89776.447340,0.0116056803,0.0194656361,0.0473410178,0.0473410178,9.2180912,787,36.2156705,0.205
89776.457367,-0.00818527553,0.0151457372,0.0417998066,0.0417998066,9.2180912,787,70.450459,0.205
89776.467395,0.00429434393,0.0115459693,0.0435027411,0.0435027411,9.2180912,787,81.4453456,0.205
89776.477422,-0.00989868883,0.00604951851,0.0421641781,0.0421641781,9.2180912,787,76.4577574,0.205
89776.487450,-0.0078032409,-0.00187323629,0.0437761203,0.0437761203,9.2180912,787,97.2311068,0.205
89776.497478,-0.00210178445,-0.00735450123,0.0431418008,0.0431418008,9.2180912,787,116.222735,0.205
89776.507505,-0.0177413933,-0.00707537123,0.0394394567,0.0394394567,9.2180912,787,104.573713,0.205
89776.517533,-0.00637908433,-0.0125381516,0.0391413601,0.0391413601,9.2180912,787,110.516615,0.205
89776.527560,-0.0154610053,-0.0101813126,0.0354285141,0.0354285141,9.2180912,787,129.534539,0.205
89776.537588,-0.0113837969,-0.0147051624,0.0343265646,0.0343265646,9.2180912,787,122.971011,0.205
89776.547615,-0.00952912356,-0.0132299913,0.0328560822,0.0328560822,9.2180912,787,122.683961,0.205
89776.557643,-0.00644690006,-0.0218593314,0.0321567524,0.0321567524,9.2180912,787,97.52084,0.205
89776.567670,-0.00983508488,-0.0251544337,0.0324006148,0.0324006148,9.2180912,787,94.8720031,0.205
89776.577698,-0.0154028702,-0.0179032626,0.032333067,0.032333067,9.2180912,787,94.4235317,0.205
89776.587725,-0.0150319431,-0.0188735,0.0327180827,0.0327180827,9.2180912,787,94.8102519,0.205
89776.597753,-0.015939909,-0.0169859649,0.0324444499,0.0324444499,9.2180912,787,90.7422847,0.205
89776.607780,-0.0195578581,-0.0178862358,0.0321117127,0.0321117127,9.2180912,787,81.7927547,0.205
89776.617808,-0.0252287248,-0.0176367326,0.0330099033,0.0330099033,9.2180912,787,79.4935002,0.205
89776.627835,-0.00554229535,-0.0148115633,0.0334351977,0.0334351977,9.2180912,787,74.0537846,0.205
89776.637863,-0.0160545183,-0.0251341828,0.0354736818,0.0354736818,9.2180912,787,72.8632596,0.205
89776.647890,-0.00769631969,-0.0157005071,0.0377949347,0.0377949347,9.2180912,787,78.4166989,0.205
89776.657917,-0.00971655311,-0.0126215253,0.0398289343,0.0398289343,9.2180912,787,74.8586213,0.205
89776.667945,-0.0184480549,-0.018746316,0.0454243522,0.0454243522,9.2180912,787,85.9581403,0.205
89776.677972,-0.0191661905,-0.0162569709,0.0553798322,0.0553798322,9.2180912,785,57.4104886,0.205
89776.688000,-0.0165357942,-0.0159248435,0.0638037075,0.0638037075,9.2180912,785,77.5785586,0.205
89776.698027,-0.0108118284,-0.019093196,0.0712399731,0.0712399731,9.2180912,785,61.9415639,0.205
89776.708055,-0.00578019169,-0.0246069855,0.0779730441,0.0779730441,9.2180912,785,68.5831136,0.205
89776.718082,-0.00290357191,-0.0313799154,0.0841707561,0.0841707561,9.2180912,785,77.8283072,0.205
89776.728110,-0.00185058473,-0.0387455426,0.0899450714,0.0899450714,9.2180912,785,48.1598592,0.205
89776.738137,-0.00288539329,-0.04576975,0.0953719437,0.0953719437,9.2180912,785,64.1368692,0.205
89776.748165,-0.00519289157,-0.0520192548,0.100508704,0.100508704,9.2180912,785,32.4638567,0.205
89776.758192,-0.00757549643,-0.0575449953,0.105396805,0.105396805,9.2180912,785,48.1064948,0.205
89776.768220,-0.00970107377,-0.061403036,0.110070197,0.110070197,9.2180912,785,43.4509371,0.205
89776.778247,-0.0103622291,-0.0625352771,0.114554103,0.114554103,9.2180912,785,45.2902287,0.205
89776.788275,-0.010720232,-0.0603753433,0.118870604,0.118870604,9.2180912,785,45.4978528,0.205
89776.798302,-0.0109761279,-0.0555175819,0.123036485,0.123036485,9.2180912,785,36.6491069,0.205
89776.808330,-0.0101749832,-0.0501219109,0.127067384,0.127067384,9.2180912,785,53.3557235,0.205
89776.818357,-0.0086258309,-0.0443707368,0.130975051,0.130975051,9.2180912,785,58.2349716,0.205
89776.828384,-0.00640090964,-0.0382874447,0.134770612,0.134770612,9.2180912,785,58.5383808,0.205
89776.838412,-0.00498514273,-0.0324474107,0.138463719,0.138463719,9.2180912,785,63.8245476,0.205
89776.848439,-0.00331936877,-0.0261247556,0.142061702,0.142061702,9.2180912,785,46.6922842,0.205
89776.858467,-0.000359249149,-0.0189355282,0.145572356,0.145572356,9.2180912,785,76.9588858,0.205
89776.868494,0.00502913956,-0.0107909554,0.149001162,0.149001162,9.2180912,785,89.3690221,0.205
89776.878522,0.0114374673,-0.00144474075,0.152354216,0.152354216,9.2180912,785,72.2974315,0.205
89776.888549,0.015563791,0.0087812542,0.155635652,0.155635652,9.2180912,785,90.7441854,0.205
89776.898577,0.016294347,0.0187669742,0.158850546,0.158850546,9.2180912,785,65.1707678,0.205
89776.908604,0.0148690457,0.0275402957,0.162002314,0.162002314,9.2180912,785,90.2568175,0.205
89776.918632,0.0137128578,0.0334246637,0.16509522,0.16509522,9.2180912,785,108.684401,0.205
89776.928659,0.013462161,0.0362462319,0.168131964,0.168131964,9.2180912,785,78.1474915,0.205
89776.938687,0.0125937023,0.0378671881,0.171116135,0.171116135,9.2180912,785,112.617164,0.205
89776.948714,0.0108079755,0.0397329064,0.174049829,0.174049829,9.2180912,785,69.9942731,0.205
89776.958742,0.00889046559,0.0421958067,0.176936109,0.176936109,9.2180912,785,114.656467,0.205
89776.968769,0.00751167159,0.0443523258,0.179776705,0.179776705,9.2180912,785,57.9902127,0.205
89776.978797,0.0058287665,0.0462308227,0.182574294,0.182574294,9.2180912,785,93.2532809,0.205
89776.988824,0.00257821438,0.0484022136,0.185330281,0.185330281,9.2180912,785,120.470261,0.205
89776.998851,-0.00122256202,0.0506063466,0.188046778,0.188046778,9.2180912,785,78.9810871,0.205
89777.008879,-0.00308510716,0.0525678008,0.190725692,0.190725692,9.2180912,785,133.131202,0.205
89777.018906,-0.00634226366,0.054593288,0.193368073,0.193368073,9.2180912,785,66.7920286,0.205
89777.028934,-0.00761554752,0.0548416649,0.195975952,0.195975952,9.2180912,785,102.65009,0.205
89777.038961,-0.00535681367,0.0536469583,0.198550192,0.198550192,9.2180912,785,127.528476,0.205
89777.048989,-0.00275644298,0.0525336835,0.201092594,0.201092594,9.2180912,785,78.0118576,0.205
89777.059016,-0.0341718554,-0.00208438507,0.0731452163,0.0731452163,9.2180912,787,117.689121,0.205
89777.069044,-0.001142602,-0.00429071475,0.0536190257,0.0536190257,9.2180912,787,73.9107722,0.205
89777.079071,-0.00342496564,0.000332888873,0.0511517273,0.0511517273,9.2180912,787,103.939377,0.205
89777.089099,-0.0130201734,0.00524002284,0.049090377,0.049090377,9.2180912,787,136.792196,0.205
89777.099126,0.0035766381,0.0050089779,0.0445067845,0.0445067845,9.2180912,787,112.982542,0.205
89777.109154,-0.00422488633,0.00925966215,0.0444273506,0.0444273506,9.2180912,787,148.013529,0.205
89777.119181,0.0160327198,0.00593599672,0.0399782886,0.0399782886,9.2180912,787,142.965831,0.205
89777.129209,0.0158228912,0.0123757672,0.038383012,0.038383012,9.2180912,787,151.356643,0.205
89777.139236,0.0185874123,0.0182741056,0.0350778512,0.0350778512,9.2180912,787,156.35907,0.205
89777.149264,0.0220003808,0.00817399167,0.0331524304,0.0331524304,9.2180912,787,110.461752,0.205
89777.159291,0.0359933199,0.0131470703,0.0352663514,0.0352663514,9.2180912,787,121.644012,0.205
89777.169319,0.0245801403,0.0107938267,0.036361122,0.036361122,9.2180912,787,98.2471099,0.205
89777.179346,0.0354735154,0.00808230231,0.03972713,0.03972713,9.2180912,787,111.690872,0.205
89777.189374,0.0402608142,0.00802658074,0.041682218,0.041682218,9.2180912,787,122.299722,0.205
89777.199401,0.0280387724,0.0149613443,0.0410260669,0.0410260669,9.2180912,787,90.342468,0.205
89777.209428,0.0385209961,0.0166783643,0.0435638206,0.0435638206,9.2180912,787,100.123425,0.205
89777.219456,0.0299017242,0.0212669802,0.0428691892,0.0428691892,9.2180912,787,69.5613868,0.205
89777.229483,0.0364411051,0.0289527543,0.0459499397,0.0459499397,9.2180912,787,85.3017821,0.205
89777.239511,0.0488405852,0.0335295594,0.0483673197,0.0483673197,9.2180912,787,100.080205,0.205
89777.249538,0.0393852018,0.0310977461,0.0485825686,0.0485825686,9.2180912,787,71.5623655,0.205
89777.259566,0.0380986525,0.0353174611,0.0580002572,0.0580002572,9.2180912,785,87.1889103,0.205
89777.269593,0.0351325237,0.039208524,0.066091136,0.066091136,9.2180912,785,49.0346446,0.205
89777.279621,0.0309579872,0.0419390766,0.0732973146,0.0732973146,9.2180912,785,85.1980358,0.205
89777.289648,0.0272157114,0.0429184483,0.0798573731,0.0798573731,9.2180912,785,81.438072,0.205
89777.299676,0.0241260351,0.0431027398,0.0859205942,0.0859205942,9.2180912,785,73.2403265,0.205
89777.309703,0.0206438992,0.0435758712,0.0915846102,0.0915846102,9.2180912,785,80.6864445,0.205
89777.319731,0.0171758438,0.045045271,0.0969204517,0.0969204517,9.2180912,785,49.2908265,0.205
89777.329758,0.013809335,0.0471930315,0.101978653,0.101978653,9.2180912,785,77.9646733,0.205
89777.339786,0.0111181344,0.0502446822,0.106799591,0.106799591,9.2180912,785,41.5931722,0.205
89777.349813,0.0101431405,0.0537288483,0.111413147,0.111413147,9.2180912,785,62.7955488,0.205
89777.359841,0.0103717295,0.0576151766,0.115845019,0.115845019,9.2180912,785,85.5801023,0.205
89777.369868,0.00881368017,0.062053681,0.120114489,0.120114489,9.2180912,785,46.4474949,0.205
89777.379896,0.00550493693,0.0662913932,0.124239101,0.124239101,9.2180912,785,76.1992741,0.205
89777.389923,0.00282835881,0.0701395538,0.128232115,0.128232115,9.2180912,785,43.6075134,0.205
89777.399951,0.00156404965,0.0728801334,0.132106253,0.132106253,9.2180912,785,79.9526913,0.205
89777.409978,0.0019097418,0.0738337374,0.135870923,0.135870923,9.2180912,785,78.1173068,0.205
89777.420006,0.00253968762,0.0736789306,0.139535666,0.139535666,9.2180912,785,58.2169194,0.205
89777.430033,0.000933871306,0.0734998708,0.143107407,0.143107407,9.2180912,785,69.1040537,0.205
89777.440060,-0.00243035404,0.0730855065,0.146593238,0.146593238,9.2180912,785,44.1653732,0.205
89777.450088,-0.00673857083,0.0721044322,0.149999438,0.149999438,9.2180912,785,61.5164979,0.205
89777.460115,-0.010657243,0.0705806288,0.15333056,0.15333056,9.2180912,785,62.2953538,0.205
89777.470143,-0.0134161341,0.0687525973,0.156592058,0.156592058,9.2180912,785,46.5140827,0.205
89777.480170,-0.0163057749,0.0669449038,0.15978759,0.15978759,9.2180912,785,77.0400215,0.205
89777.490198,-0.0196061206,0.0650923156,0.162921684,0.162921684,9.2180912,785,41.4742831,0.205
89777.500224,-0.0233321169,0.0631530495,0.165996957,0.165996957,9.2180912,785,84.8978822,0.205
89777.510252,-0.0268406833,0.06118647,0.169017846,0.169017846,9.2180912,785,89.2564534,0.205
89777.520279,-0.0300637572,0.059106846,0.171986347,0.171986347,9.2180912,785,75.6836256,0.205
89777.530307,-0.0343585662,0.0574494262,0.174905705,0.174905705,9.2180912,785,104.838954,0.205
89777.540334,-0.0380888317,0.0552920224,0.177777774,0.177777774,9.2180912,785,78.8221102,0.205
89777.550362,-0.0080237442,-0.00628923501,0.0646913418,0.0646913418,9.2180912,787,87.960209,0.205
89777.560389,0.00184528899,-0.00756669107,0.0497849463,0.0497849463,9.2180912,787,110.322464,0.205
89777.570417,-0.0145513663,-0.00168940894,0.0417014472,0.0417014472,9.2180912,787,91.3208856,0.205
89777.580444,-0.00347456974,-0.00688373896,0.0410404592,0.0410404592,9.2180912,787,100.25304,0.205
89777.590472,-0.0130732476,-0.00632344849,0.0376019594,0.0376019594,9.2180912,787,93.8367754,0.205
89777.600499,-0.00901557659,-0.0144052162,0.0379815486,0.0379815486,9.2180912,787,96.1602067,0.205
89777.610527,-0.00588111704,-0.0136736859,0.0365463386,0.0365463386,9.2180912,787,104.879704,0.205
89777.620554,-0.0139840257,-0.014384265,0.0338552689,0.0338552689,9.2180912,787,109.89786,0.205
89777.630582,-0.011351094,-0.0173137859,0.0330646643,0.0330646643,9.2180912,787,105.700055,0.205
89777.640609,-0.0101473995,-0.014889715,0.0319825284,0.0319825284,9.2180912,787,108.467709,0.205
89777.650637,-0.0184520894,-0.00922363667,0.0323822734,0.0323822734,9.2180912,787,120.80312,0.205
89777.660664,-0.00472726219,-0.0128911327,0.0337218501,0.0337218501,9.2180912,787,120.477651,0.205
89777.670692,-0.00618423314,-0.0126042096,0.0342760244,0.0342760244,9.2180912,787,107.504508,0.205
89777.680719,-0.00980869088,-0.00910776849,0.0359487798,0.0359487798,9.2180912,787,124.644185,0.205
89777.690747,0.00783558654,-0.0130120497,0.0348188429,0.0348188429,9.2180912,787,128.909483,0.205
89777.700774,-0.00939292534,-0.0176249687,0.0356166147,0.0356166147,9.2180912,787,117.764017,0.205
89777.710802,-0.00224997599,-0.00800370854,0.0361427756,0.0361427756,9.2180912,787,123.523708,0.205
89777.720829,-0.00903555055,-0.00772008183,0.036517181,0.036517181,9.2180912,787,100.423564,0.205
89777.730857,-0.0271828627,-0.00946193852,0.0407870132,0.0407870132,9.2180912,787,114.69339,0.205
89777.740884,-0.0129438394,0.00441238398,0.0432766282,0.0432766282,9.2180912,787,67.9694963,0.205
89777.750911,-0.0164371341,0.00904688498,0.0536315913,0.0536315913,9.2180912,785,90.5702824,0.205
89777.760939,-0.0192475061,0.0138130328,0.062291723,0.062291723,9.2180912,785,45.5446449,0.205
89777.770966,-0.0214425527,0.0195866542,0.0698884839,0.0698884839,9.2180912,785,69.4579875,0.205
89777.780994,-0.0221868967,0.0262550045,0.0767396475,0.0767396475,9.2180912,785,80.910485,0.205
89777.791021,-0.0208441755,0.0325942446,0.0830287934,0.0830287934,9.2180912,785,45.0671849,0.205
89777.801049,-0.0182771395,0.0378352905,0.0888764578,0.0888764578,9.2180912,785,79.0899125,0.205
89777.811076,-0.0145101233,0.0424560526,0.0943637012,0.0943637012,9.2180912,785,29.3797373,0.205
89777.821104,-0.00909597517,0.0455677708,0.0995511357,0.0995511357,9.2180912,785,60.597698,0.205
89777.831131,-0.00310180595,0.0461300092,0.104482468,0.104482468,9.2180912,785,71.0214769,0.205
89777.841159,0.00462866628,0.0438110973,0.109193355,0.109193355,9.2180912,785,51.9102112,0.205
89777.851186,0.0158747573,0.04016339,0.113710363,0.113710363,9.2180912,785,82.7258238,0.205
89777.861214,0.0279562468,0.0365513726,0.118056621,0.118056621,9.2180912,785,32.8229774,0.205
89777.871241,0.0392165908,0.033880204,0.122249544,0.122249544,9.2180912,785,85.7957807,0.205
89777.881269,0.0492260512,0.0325132049,0.126305144,0.126305144,9.2180912,785,104.65994,0.205
89777.891296,0.0572913929,0.0324236473,0.130235397,0.130235397,9.2180912,785,79.2074005,0.205
89777.901324,0.0628069179,0.0332927278,0.134052022,0.134052022,9.2180912,785,120.502958,0.205
89777.911351,0.0668116604,0.0349406476,0.137763686,0.137763686,9.2180912,785,60.4865622,0.205
89777.921379,0.0696205567,0.0374544685,0.141379354,0.141379354,9.2180912,785,129.945414,0.205
89777.931406,0.0714582094,0.0398549107,0.144905537,0.144905537,9.2180912,785,146.179914,0.205
89777.941434,0.0732699782,0.0415593678,0.148349335,0.148349335,9.2180912,785,100.256065,0.205
89777.951461,0.00413123263,0.0070257214,0.070603542,0.070603542,9.2180912,787,140.549649,0.205
89777.961489,0.0170371417,0.00570786971,0.0502758583,0.0502758583,9.2180912,787,129.288292,0.205
89777.971516,0.00207179556,0.00261016093,0.0471618435,0.0471618435,9.2180912,787,146.545061,0.205
89777.981544,-0.00549191914,0.00253544223,0.0448540922,0.0448540922,9.2180912,787,174.149197,0.205
89777.991571,0.0051535649,0.00575263184,0.0412868562,0.0412868562,9.2180912,787,148.113179,0.205
89778.001599,-0.00823766903,0.0067658473,0.0424799659,0.0424799659,9.2180912,787,176.149339,0.205
89778.011626,0.00889220957,0.00638818535,0.0405676905,0.0405676905,9.2180912,787,126.309874,0.205
89778.021654,-0.0102499202,0.00355460427,0.0424100297,0.0424100297,9.2180912,787,160.464413,0.205
89778.031681,0.00146291564,0.00472044883,0.0432176167,0.0432176167,9.2180912,787,153.352815,0.205
89778.041709,-0.0049170239,0.00340920228,0.0417992004,0.0417992004,9.2180912,787,141.335397,0.205
89778.051736,-0.0148641476,8.51788443e-05,0.0440215092,0.0440215092,9.2180912,787,174.1098,0.205
89778.061764,0.00820772475,0.00359473404,0.042578419,0.042578419,9.2180912,787,126.528355,0.205
89778.071791,-0.00449962755,0.00421466129,0.0439103308,0.0439103308,9.2180912,787,170.243996,0.205
89778.081819,0.00932404022,0.00646667757,0.0427109089,0.0427109089,9.2180912,787,179.68829,0.205
89778.091846,0.0108001353,0.00966694213,0.0377474355,0.0377474355,9.2180912,787,156.8014,0.205
89778.101874,0.0116851038,0.0164166517,0.0354538828,0.0354538828,9.2180912,787,179.421871,0.205
89778.111901,0.0211304453,0.00718000662,0.032379732,0.032379732,9.2180912,787,152.683914,0.205
89778.121929,0.0294237625,0.017602142,0.0336821848,0.0336821848,9.2180912,787,132.904277,0.205
89778.131956,0.0136304611,0.012417768,0.0362749588,0.0362749588,9.2180912,787,129.145567,0.205
89778.141984,0.0196028585,0.00998821789,0.0370240262,0.0370240262,9.2180912,787,131.763614,0.205
89778.152011,0.024641514,0.00524327229,0.0401203714,0.0401203714,9.2180912,787,157.503644,0.205
89778.162039,0.0113070759,0.0118703151,0.0400080837,0.0400080837,9.2180912,787,108.393616,0.205
89778.172066,0.0254358384,0.0090989865,0.0429766339,0.0429766339,9.2180912,787,130.481109,0.205
89778.182094,0.0175179283,0.0121924308,0.0429456972,0.0429456972,9.2180912,787,87.313798,0.205
89778.192121,0.0278046014,0.0117544785,0.0462067222,0.0462067222,9.2180912,787,109.063056,0.205
89778.202149,0.0418779974,0.0111510751,0.0484507762,0.0484507762,9.2180912,787,124.868722,0.205
89778.212176,0.0327797036,0.011493192,0.0485988212,0.0485988212,9.2180912,787,82.1495039,0.205
89778.222204,0.0346098768,0.0126333237,0.0580136786,0.0580136786,9.2180912,785,104.416106,0.205
89778.232231,0.0331800733,0.0147785912,0.066102635,0.066102635,9.2180912,785,48.3359009,0.205
89778.242259,0.0285713577,0.0183948259,0.0733073032,0.0733073032,9.2180912,785,93.8373525,0.205
89778.252286,0.0230649111,0.0219689568,0.0798660999,0.0798660999,9.2180912,785,109.317036,0.205
89778.262314,0.0188516999,0.0247721319,0.0859282142,0.0859282142,9.2180912,785,70.3049698,0.205
89778.272341,0.0171670484,0.0268911114,0.0915912318,0.0915912318,9.2180912,785,100.657349,0.205
89778.282369,0.0176036871,0.0287874652,0.0969261707,0.0969261707,9.2180912,785,44.6155921,0.205
89778.292396,0.017947476,0.0307947565,0.10198353,0.10198353,9.2180912,785,84.3767279,0.205
89778.302423,0.0167765624,0.0331770764,0.106803195,0.106803195,9.2180912,785,111.431214,0.205
89778.312451,0.015615466,0.0356768901,0.111416456,0.111416456,9.2180912,785,82.1650289,0.205
89778.322479,0.0146472735,0.0371312491,0.115847542,0.115847542,9.2180912,785,120.138917,0.205
89778.332506,0.0149353768,0.0378983128,0.120116207,0.120116207,9.2180912,785,61.9487011,0.205
89778.342534,0.016814632,0.0385868898,0.124240022,0.124240022,9.2180912,785,98.5961676,0.205
89778.352561,0.0176907379,0.0397482691,0.12823218,0.12823218,9.2180912,785,128.031696,0.205
89778.362588,-0.0311119326,0.023611131,0.0577348067,0.0577348067,9.2180912,787,90.2337253,0.205
89778.372616,-0.00975935974,0.0237022462,0.0488927566,0.0488927566,9.2180912,787,109.009802,0.205
89778.382643,-0.0254421343,0.0296071508,0.0420002265,0.0420002265,9.2180912,787,83.375187,0.205
89778.392671,-0.011832903,0.0320001058,0.0419328272,0.0419328272,9.2180912,787,104.688335,0.205
89778.402698,-0.0226491768,0.0323336254,0.0410497349,0.0410497349,9.2180912,787,84.5973478,0.205
89778.412726,-0.0218978144,0.0382095415,0.0383361999,0.0383361999,9.2180912,787,83.0340233,0.205
89778.422753,-0.0151378798,0.0423657146,0.0391066887,0.0391066887,9.2180912,787,83.0333808,0.205
89778.432781,-0.0280609535,0.0258827683,0.0370163794,0.0370163794,9.2180912,787,70.8295201,0.205
89778.442808,-0.0194328241,0.0353496318,0.0375068818,0.0375068818,9.2180912,787,84.6771658,0.205
89778.452836,-0.0177181607,0.0242004993,0.035562977,0.035562977,9.2180912,787,86.3857468,0.205
89778.462863,-0.0133876741,0.0260418332,0.0329187367,0.0329187367,9.2180912,787,87.5819551,0.205
89778.472891,-0.0148001096,0.0299727335,0.0329736789,0.0329736789,9.2180912,787,82.0712564,0.205
89778.482918,-0.00436772383,0.0307101115,0.0332203407,0.0332203407,9.2180912,787,69.61715,0.205
89778.492947,-0.0108230523,0.0343381192,0.034747167,0.034747167,9.2180912,787,77.0661717,0.205
89778.502974,-0.000402375024,0.0284543737,0.0342905601,0.0342905601,9.2180912,787,77.1759483,0.205
89778.513002,-0.00414272579,0.0273590677,0.0354595429,0.0354595429,9.2180912,787,78.0575192,0.205
89778.523029,-0.00408618322,0.0250168799,0.0350406361,0.0350406361,9.2180912,787,88.5105076,0.205
89778.533057,0.00566805319,0.0176353579,0.0339065862,0.0339065862,9.2180912,787,86.3235775,0.205
89778.543084,-0.000273769345,0.018866498,0.0347434443,0.0347434443,9.2180912,787,101.883029,0.205
89778.553112,0.000591302966,0.00545651346,0.0336504466,0.0336504466,9.2180912,787,111.382706,0.205
89778.563139,0.00450580108,0.0123857808,0.033877812,0.033877812,9.2180912,787,113.981132,0.205
89778.573167,0.00388738201,0.0116439332,0.0335802961,0.0335802961,9.2180912,787,129.642388,0.205
89778.583194,-0.00159219408,0.00739900107,0.0330108565,0.0330108565,9.2180912,787,124.736817,0.205
89778.593222,0.0100385822,0.0127601468,0.0340971278,0.0340971278,9.2180912,787,124.848781,0.205
89778.603249,0.0022128817,0.00903793796,0.0338791291,0.0338791291,9.2180912,787,118.879478,0.205
89778.613277,0.0129580463,0.010313194,0.0353767278,0.0353767278,9.2180912,787,111.69976,0.205
89778.623304,0.0160492455,0.00959433748,0.0359372118,0.0359372118,9.2180912,787,121.558718,0.205
89778.633332,0.00630591065,0.0030904999,0.0353417688,0.0353417688,9.2180912,787,105.732943,0.205
89778.643359,0.0189665276,0.010969593,0.0374100266,0.0374100266,9.2180912,787,106.05958,0.205
89778.653387,0.00679735308,0.00636320517,0.0372999788,0.0372999788,9.2180912,787,93.4963465,0.205
89778.663414,0.0136755383,0.0124801427,0.0401228122,0.0401228122,9.2180912,787,101.379741,0.205
89778.673442,0.0129617341,0.0166525057,0.0412452038,0.0412452038,9.2180912,787,119.447063,0.205
89778.683469,-0.00320933919,0.00702264702,0.0390837164,0.0390837164,9.2180912,787,92.4605167,0.205
89778.693497,-0.000671025677,0.0133144632,0.0390453979,0.0390453979,9.2180912,787,102.624152,0.205
89778.703524,-0.00557627991,0.00339033144,0.0349086024,0.0349086024,9.2180912,787,129.504702,0.205
89778.713552,-0.00609122456,0.0136831707,0.0335608107,0.0335608107,9.2180912,787,119.002514,0.205
89778.723579,0.00798402169,0.0186628569,0.0329343815,0.0329343815,9.2180912,787,113.23136,0.205
89778.733607,0.00990449526,0.0260261539,0.0324993985,0.0324993985,9.2180912,787,103.399983,0.205
89778.743634,0.00804420852,0.034814854,0.032685294,0.032685294,9.2180912,787,96.2473597,0.205
89778.753662,0.0122739339,0.0372201682,0.0322260137,0.0322260137,9.2180912,787,84.1927077,0.205
89778.763689,0.0129495041,0.0431469535,0.0325271934,0.0325271934,9.2180912,787,74.2377056,0.205
89778.773717,0.00396137959,0.0386080788,0.0331793928,0.0331793928,9.2180912,787,69.6666442,0.205
89778.783744,0.00287548067,0.0413313638,0.0335975334,0.0335975334,9.2180912,787,62.7987801,0.205
89778.793772,0.00764194311,0.0430196873,0.0353951842,0.0353951842,9.2180912,787,58.8366594,0.205
89778.803799,-0.00590585313,0.0329835023,0.0344280146,0.0344280146,9.2180912,787,57.1132246,0.205
89778.813827,0.00107340557,0.0361612755,0.0348282647,0.0348282647,9.2180912,787,58.264133,0.205
89778.823855,-0.00364967206,0.0355412264,0.0341231167,0.0341231167,9.2180912,787,60.1819556,0.205
89778.833882,-0.00152110456,0.0394147853,0.0331567318,0.0331567318,9.2180912,787,59.7728682,0.205
89778.843909,-0.000667461981,0.0359959256,0.0336715593,0.0336715593,9.2180912,787,67.2650344,0.205
89778.853937,-0.00230930315,0.0444428226,0.0333313185,0.0333313185,9.2180912,787,68.9147854,0.205
89778.863964,-0.00417208285,0.0308236907,0.0345788497,0.0345788497,9.2180912,787,79.0943399,0.205
89778.873992,0.000730404363,0.044082939,0.0340495312,0.0340495312,9.2180912,787,81.4597457,0.205
89778.884020,-0.00327364201,0.0348670621,0.0350978114,0.0350978114,9.2180912,787,82.2678521,0.205
89778.894047,0.00122570229,0.0313690416,0.0345443277,0.0345443277,9.2180912,787,81.9004805,0.205
89778.904074,0.00144697214,0.0360040317,0.0329784372,0.0329784372,9.2180912,787,99.6805723,0.205
89778.914102,0.000270039868,0.0310359684,0.0326318248,0.0326318248,9.2180912,787,89.5060206,0.205
89778.924130,-0.0119999437,0.0243555356,0.0321223393,0.0321223393,9.2180912,787,96.0287498,0.205
89778.934157,-0.0124712782,0.0209166903,0.0325946447,0.0325946447,9.2180912,787,109.168052,0.205
89778.944185,-0.0211804378,0.0150754896,0.0326726703,0.0326726703,9.2180912,787,106.197869,0.205
89778.954212,-0.024738823,0.00910148831,0.0321190302,0.0321190302,9.2180912,787,102.554618,0.205
89778.964240,-0.0296279868,0.00144534424,0.032144737,0.032144737,9.2180912,787,103.210015,0.205
89778.974267,-0.0282994597,0.00734632172,0.0323627852,0.0323627852,9.2180912,787,96.3794234,0.205
89778.984295,-0.0299482029,0.00577337303,0.033475967,0.033475967,9.2180912,787,97.3621614,0.205
89778.994322,-0.0335681618,0.00802402165,0.033933656,0.033933656,9.2180912,787,84.2885797,0.205
89779.004350,-0.0276324836,0.0212073165,0.0330172116,0.0330172116,9.2180912,787,88.3319019,0.205
89779.014377,-0.024815902,0.0226450019,0.0328773511,0.0328773511,9.2180912,787,89.3221994,0.205
89779.024405,-0.0232115259,0.0289038907,0.032195524,0.032195524,9.2180912,787,85.6113909,0.205
89779.034432,-0.0227478167,0.0304723559,0.0323402035,0.0323402035,9.2180912,787,80.185922,0.205
89779.044460,-0.0230869218,0.0397156457,0.0325092641,0.0325092641,9.2180912,787,71.7024721,0.205
89779.054487,-0.0214799619,0.0518188791,0.032447987,0.032447987,9.2180912,787,62.2888756,0.205
89779.064515,-0.0159010789,0.0572662006,0.0332873051,0.0332873051,9.2180912,787,55.0829648,0.205
89779.074542,-0.011389354,0.0597813399,0.0331103417,0.0331103417,9.2180912,787,45.2391903,0.205
89779.084570,-0.0121971207,0.0754304505,0.036883287,0.036883287,9.2180912,849,34.2224331,0.205
89779.094597,-0.0215538265,0.109482428,0.048619119,0.048619119,9.2180912,849,32.898669,0.205
89779.104625,-0.0320566142,0.148288311,0.0580339077,0.0580339077,9.2180912,849,36.1828302,0.205
89779.114652,-0.0421477372,0.189133249,0.0661267146,0.0661267146,9.2180912,849,31.2611595,0.205
89779.124680,-0.0501534301,0.226750158,0.0733401821,0.0733401821,9.2180912,849,36.5999249,0.205
89779.134707,-0.0543224286,0.256688985,0.079913795,0.079913795,9.2180912,785,31.3248532,0.205
89779.144735,-0.0552481182,0.274176282,0.085996257,0.085996257,9.2180912,785,33.9495897,0.205
89779.154762,-0.0516904743,0.272273804,0.0916827364,0.0916827364,9.21834758,785,35.9123716,0.205
89779.164790,-0.0476008345,0.252331675,0.0970417067,0.0970417067,9.21888068,785,40.2048255,0.205
89779.174817,-0.0451305574,0.218323681,0.102120587,0.102120587,9.21945053,785,36.6340261,0.205
89779.184845,-0.040282959,0.170880373,0.106956983,0.106956983,9.22004847,785,34.4690785,0.205
89779.194872,-0.0316899846,0.108537751,0.111577612,0.111577612,9.22066298,785,89.6310343,0.205
89779.204900,-0.0225989141,0.0305983273,0.116007987,0.116007987,9.22127993,785,100.948778,0.205
89779.214927,-0.014290114,-0.0609518548,0.120271093,0.120271093,9.22188244,785,72.3833661,0.205
89779.224955,-0.00792932409,-0.164139438,0.124390977,0.124390977,9.22245186,785,38.5581361,0.205
89779.234982,-0.00445858832,-0.278438131,0.128389347,0.128389347,9.2227258,785,33.6070436,0.205
89779.245010,4.33596856e-05,-0.399383741,0.132285978,0.132285978,9.2227258,785,28.4672889,0.205
89779.255037,0.0100608228,-0.522617126,0.136095792,0.136095792,9.2227258,785,24.2879373,0.205
89779.265065,0.0210505962,-0.640750906,0.139834632,0.139834632,9.2227258,785,24.2107546,0.205
89779.275092,0.0286309903,-0.744049137,0.14351346,0.14351346,9.2227258,785,24.6366928,0.205
89779.285120,0.0379948526,-0.838572635,0.147148017,0.147148017,9.2227258,785,20.9593802,0.205
89779.295147,0.0487649637,-0.922662689,0.150752375,0.150752375,9.2227258,785,19.6201922,0.205
89779.305175,0.060626534,-0.986822457,0.154333381,0.154333381,9.22299783,785,18.0256974,0.205
89779.315202,0.0715996598,-1.02632638,0.157882557,0.157882557,9.22363671,785,21.1902067,0.205
89779.325230,0.0781193746,-1.03450779,0.161376895,0.161376895,9.22446485,785,25.7607923,0.205
89779.335257,-0.49757757,-1.49769538,0.075595981,0.075595981,9.22552886,787,25.0129531,0.205
89779.345285,-0.497659729,-1.23943509,0.0518847287,0.0518847287,9.22685032,787,30.8746299,0.205
89779.355312,-0.476689237,-0.940877207,0.0510308692,0.0510308692,9.22837271,849,36.0468463,0.205
89779.365340,-0.491668239,-0.64765884,0.0600641571,0.0600641571,9.23003759,849,33.5494567,0.205
89779.375367,-0.509573558,-0.282821424,0.0679294787,0.0679294787,9.23178216,785,36.0553055,0.205
89779.385395,-0.503422519,0.0809734828,0.0750663539,0.0750663539,9.23354009,785,27.8503292,0.205
89779.395422,-0.455859026,0.397083825,0.0817282103,0.0817282103,9.2352509,785,19.5926871,0.205
89779.405450,-0.378248275,0.642552741,0.0880002734,0.0880002734,9.23686705,785,16.2118386,0.205
89779.415477,-0.308246325,0.785632717,0.0938916969,0.0938916969,9.23835844,785,14.3257861,0.205
89779.425505,-0.252035686,0.807245842,0.099397416,0.099397416,9.23971865,785,14.5888834,0.205
89779.435532,-0.203358049,0.716509253,0.104527531,0.104527531,9.24096176,785,20.4506354,0.205
89779.445560,-0.159746888,0.53300911,0.10932668,0.10932668,9.24211599,785,26.4374445,0.205
89779.455587,-0.112019871,0.289291406,0.113861496,0.113861496,9.24321317,785,34.5965136,0.205
89779.465615,-0.0651939321,0.0255891236,0.118200722,0.118200722,9.24428288,785,36.9704455,0.205
89779.475642,-0.0427653072,-0.222911849,0.122388076,0.122388076,9.24535187,785,108.299109,0.205
89779.485670,-0.0298891498,-0.431445974,0.126448536,0.126448536,9.24644664,785,92.6817024,0.205
89779.495697,-0.0213556722,-0.596724142,0.13039164,0.13039164,9.24759207,785,46.6258104,0.205
89779.505725,-0.0231303343,-0.727684749,0.134225471,0.134225471,9.24881272,785,29.9875889,0.205
89779.515753,-0.0297743875,-0.842358473,0.137959914,0.137959914,9.25013233,785,34.2602187,0.205
89779.525780,-0.0331120112,-0.960244781,0.141605275,0.141605275,9.25157463,785,29.1109842,0.205
89779.535808,-0.0382974976,-1.08177109,0.145179588,0.145179588,9.25316437,785,25.785496,0.205
89779.545835,-0.0561592882,-1.20384202,0.148704577,0.148704577,9.25492636,785,22.3278136,0.205
89779.555863,-0.082237625,-1.32515069,0.152205372,0.152205372,9.25688606,785,22.3005686,0.205
89779.565890,-0.104973759,-1.43395345,0.155714086,0.155714086,9.25906598,785,20.1345978,0.205
89779.575918,-0.120211518,-1.51034873,0.159242142,0.159242142,9.26148368,785,28.8870776,0.205
89779.585945,-0.14019711,-1.5369415,0.16275567,0.16275567,9.264147,785,38.1235684,0.205
89779.595973,-0.175442525,-1.48778835,0.166191125,0.166191125,9.26705262,785,49.9072392,0.205
89779.606000,-0.211393018,-1.35839466,0.169474298,0.169474298,9.27018112,785,35.9556695,0.205
89779.616028,-0.237976121,-1.14568612,0.172561297,0.172561297,9.2734982,785,53.6555635,0.205
89779.626055,-0.260216964,-0.85462476,0.175485513,0.175485513,9.2769529,785,49.0554705,0.205
89779.636083,-0.260474037,-0.516642137,0.178360438,0.178360438,9.28048391,785,63.5088482,0.205
89779.646110,-0.244450081,-0.171894303,0.18130355,0.18130355,9.28402386,785,46.8014684,0.205
89779.656138,-0.22278563,0.129824585,0.184350673,0.184350673,9.2875113,785,36.5484525,0.205
89779.666165,-0.187455436,0.354385775,0.187461989,0.187461989,9.2908959,785,31.7611742,0.205
89779.676193,-0.14597351,0.490948409,0.190553304,0.190553304,9.29414497,785,26.1407205,0.205
89779.686220,-0.101371411,0.530974833,0.193543031,0.193543031,9.29724231,785,31.729796,0.205
89779.696248,-0.0544192288,0.482273888,0.196385884,0.196385884,9.3001902,785,35.2024153,0.205
89779.706275,-0.011512695,0.35887012,0.199071424,0.199071424,9.30300444,785,39.1339953,0.205
89779.716303,0.0341331131,0.172927479,0.201633006,0.201633006,9.30571388,785,46.2665841,0.205
89779.726330,0.0832654785,-0.0554509971,0.204134923,0.204134923,9.30835482,785,44.6820459,0.205
89779.736358,0.12807998,-0.30644783,0.206640755,0.206640755,9.31097016,785,113.20339,0.205
89779.746385,0.163636657,-0.560228542,0.209189239,0.209189239,9.31360458,785,35.1470657,0.205
89779.756413,0.168390809,-0.842652447,0.0649783169,0.0649783169,9.31630851,787,48.3570043,0.205
89779.766440,0.155819176,-1.05345558,0.0723699133,0.0723699133,9.31912893,785,38.0925892,0.205
89779.776468,0.126126392,-1.23676805,0.0791180329,0.0791180329,9.32210512,785,33.4797465,0.205
89779.786495,0.0899021182,-1.38750128,0.0853769478,0.0853769478,9.32526926,785,33.1785211,0.205
89779.796523,0.0531379575,-1.49144403,0.0912435372,0.0912435372,9.3286462,785,27.880892,0.205
89779.806550,0.0153733326,-1.54307526,0.0967787337,0.0967787337,9.33224895,785,27.9623413,0.205
89779.816578,-0.0172534336,-1.54693457,0.102027371,0.102027371,9.33608132,785,22.3622897,0.205
89779.826605,-0.0286403408,-1.49751701,0.107011539,0.107011539,9.34013495,785,60.6692053,0.205
89779.836633,-0.0231500295,-1.36129089,0.111721648,0.111721648,9.34438871,785,94.2160914,0.205
89779.846660,-0.0247458092,-1.12197413,0.116168081,0.116168081,9.3488014,785,158.526721,0.205
89779.856688,-0.0304478178,-0.799070918,0.120425263,0.120425263,9.35331612,785,156.903605,0.205
89779.866715,-0.030403568,-0.441566867,0.124593784,0.124593784,9.35786364,849,128.643288,0.205
89779.876743,-0.0204406841,-0.0975393487,0.128746783,0.128746783,9.36237555,785,80.5824924,0.205
89779.886771,-0.000608832848,0.197363495,0.132898676,0.132898676,9.36678925,785,58.4616329,0.205
89779.896798,0.0245413475,0.428879902,0.13701289,0.13701289,9.37105425,785,20.4824282,0.205
89779.906826,0.0546428053,0.588898299,0.141031415,0.141031415,9.37513534,785,22.5733698,0.205
89779.916853,0.0869919509,0.676057201,0.144909968,0.144909968,9.37901035,785,21.9467647,0.205
89779.926881,0.115627013,0.700418726,0.148632866,0.148632866,9.38267242,785,18.3424468,0.205
89779.936908,0.146485779,0.664315874,0.152200094,0.152200094,9.38612537,785,19.2695059,0.205
89779.946936,0.183623755,0.567838484,0.155614442,0.155614442,9.38938613,785,25.3164422,0.205
89779.956963,0.223750169,0.413525746,0.158891015,0.158891015,9.39248157,785,29.6573374,0.205
89779.966991,0.272653776,0.210874026,0.162059705,0.162059705,9.39544989,785,38.5425337,0.205
89779.977018,0.328616499,-0.0203562114,0.165149172,0.165149172,9.39833536,785,37.7213963,0.205
89779.987046,0.379768008,-0.258118637,0.168189358,0.168189358,9.40118681,785,41.2144212,0.205
89779.997073,0.417037166,-0.486033798,0.171204466,0.171204466,9.40405171,785,42.5843764,0.205
89780.007101,0.439621753,-0.706105106,0.174214279,0.174214279,9.40697679,785,36.1977272,0.205
89780.017128,-0.00971684438,-0.939245087,0.0435403571,0.0435403571,9.41000621,849,38.4392437,0.205
89780.027156,-0.00949036013,-1.11319352,0.0538839451,0.0538839451,9.41317865,785,31.4482036,0.205
89780.037183,-0.0192787851,-1.26568275,0.062573335,0.062573335,9.41652284,785,32.3545909,0.205
89780.047211,-0.0340541177,-1.39755486,0.0702353451,0.0702353451,9.42006409,785,26.2547669,0.205
89780.057238,-0.0512026122,-1.5060026,0.0771786281,0.0771786281,9.42382152,785,25.0461228,0.205
89780.067266,-0.071592478,-1.58133504,0.0835797221,0.0835797221,9.42780974,785,22.7320877,0.205
89780.077293,-0.0817175606,-1.61452423,0.0895490635,0.0895490635,9.43203417,785,26.6044008,0.205
89780.087321,-0.0745347177,-1.59753019,0.0951603587,0.0951603587,9.43649266,785,26.0231711,0.205
89780.097348,-0.0503042644,-1.52241305,0.100443296,0.100443296,9.44117065,785,27.8499528,0.205
89780.107376,-0.0190402492,-1.36766015,0.105404718,0.105404718,9.44604207,785,23.171993,0.205
89780.117403,-0.00418017123,-1.10785723,0.110081959,0.110081959,9.45106125,785,50.9026167,0.205
89780.127431,-0.00451723347,-0.76201154,0.114581064,0.114581064,9.45616658,785,92.3392176,0.205
89780.137458,0.00765536098,-0.380944993,0.119008287,0.119008287,9.46128369,785,80.5553387,0.205
89780.147486,0.0522357255,-0.0205172149,0.123411399,0.123411399,9.46634022,785,47.1691547,0.205
89780.157513,0.103964625,0.284210159,0.127770181,0.127770181,9.47127078,785,15.4112119,0.205
89780.167541,0.151582864,0.520122482,0.132037446,0.132037446,9.47602558,785,19.3355932,0.205
89780.177569,0.203330929,0.684458241,0.136168428,0.136168428,9.48056834,785,15.8037996,0.205
89780.187596,0.256848307,0.780731349,0.140139755,0.140139755,9.48487764,785,14.8739739,0.205
89780.197624,0.308373155,0.813178536,0.143950442,0.143950442,9.48894713,785,15.6675875,0.205
89780.207651,0.358280982,0.780825116,0.147607946,0.147607946,9.49278218,785,6.30163558,0.205
89780.217679,0.407064111,0.672275276,0.151108851,0.151108851,9.4964042,785,22.9654957,0.205
89780.227706,0.463602864,0.478044123,0.154461047,0.154461047,9.49984947,785,27.8805438,0.205
89780.237734,0.531856205,0.215240616,0.157702954,0.157702954,9.50317122,785,38.8648118,0.205
89780.247761,0.609283305,-0.0812440197,0.160876593,0.160876593,9.5064314,785,67.8834365,0.205
89780.257789,0.67520661,-0.375827676,0.164017008,0.164017008,9.50969567,785,43.4567913,0.205
89780.267816,0.710143094,-0.647953014,0.16714215,0.16714215,9.51302394,785,40.9629592,0.205
89780.277844,0.286035724,-1.06596121,0.0549715233,0.0549715233,9.51647454,787,44.157517,0.205
89780.287871,0.292574249,-1.29465688,0.0635042497,0.0635042497,9.52009651,785,33.7268155,0.205
89780.297899,0.279659103,-1.49070572,0.0710552353,0.0710552353,9.5239276,785,34.7245425,0.205
89780.307926,0.247650542,-1.65698365,0.0779168594,0.0779168594,9.52799655,785,25.9788697,0.205
89780.317954,0.209992206,-1.79639536,0.0842646724,0.0842646724,9.53232735,785,22.058174,0.205
89780.327981,0.163819344,-1.89747899,0.0902091563,0.0902091563,9.53693551,785,22.8101858,0.205
89780.338009,0.112628347,-1.95232838,0.0958221134,0.0958221134,9.54182994,785,21.0795014,0.205
89780.348036,0.0730508999,-1.96134549,0.101140051,0.101140051,9.547009,785,18.3397765,0.205
89780.358064,0.0515359499,-1.92076261,0.106181455,0.106181455,9.55246458,785,23.9389882,0.205
89780.368091,0.041281754,-1.81201615,0.110948902,0.110948902,9.55817579,785,20.8831039,0.205
89780.378119,0.0353235012,-1.61493931,0.115450936,0.115450936,9.56410929,785,28.1712626,0.205
89780.388146,0.0346315869,-1.32717463,0.119735222,0.119735222,9.5702127,785,64.6106811,0.205
89780.398174,0.0515227363,-0.97074455,0.123890725,0.123890725,9.57642167,785,101.069077,0.205
89780.408201,0.0910621773,-0.591953061,0.128001511,0.128001511,9.58266229,785,66.4591935,0.205
89780.418229,0.143076011,-0.233254321,0.132116393,0.132116393,9.58886479,785,41.9413281,0.205
89780.428257,0.192778964,0.0814664871,0.136240395,0.136240395,9.59496542,785,19.0937087,0.205
89780.438284,0.238323385,0.339361108,0.140349047,0.140349047,9.60091171,785,25.5546188,0.205
89780.448312,0.284366022,0.53769598,0.144392965,0.144392965,9.60666567,785,22.5743412,0.205
89780.458339,0.337238235,0.669080057,0.148305818,0.148305818,9.61220075,785,20.1682372,0.205
89780.468367,0.393211225,0.722812065,0.152039396,0.152039396,9.61750809,785,17.564734,0.205
89780.478394,0.45181508,0.689925032,0.155563533,0.155563533,9.62259366,785,24.0360603,0.205
89780.488422,0.515142841,0.486233041,0.158884395,0.158884395,9.62749098,785,24.4329174,0.205
89780.498448,0.598392064,0.274507183,0.162053424,0.162053424,9.63224877,785,37.956531,0.205
89780.508476,0.679436508,0.0181439744,0.165142666,0.165142666,9.63692391,785,42.2640728,0.205
89780.518503,0.749373145,-0.244422405,0.16820297,0.16820297,9.64157333,785,50.9266815,0.205
89780.528531,0.802566396,-0.495578927,0.171263236,0.171263236,9.64625344,785,45.2761231,0.205
89780.538558,0.836979852,-0.728054696,0.174330222,0.174330222,9.65101296,785,47.3150563,0.205
89780.548586,0.853104616,-0.939666781,0.177397241,0.177397241,9.65589566,785,42.8726477,0.205
89780.558613,0.852964659,-1.12974687,0.180454795,0.180454795,9.66093644,785,38.0544612,0.205
89780.568641,0.842069615,-1.30042667,0.183504845,0.183504845,9.66616595,785,41.2495423,0.205
89780.578668,0.823273054,-1.45572206,0.186556747,0.186556747,9.67160775,785,35.1450894,0.205
89780.588696,0.796957453,-1.59974622,0.18961855,0.18961855,9.67728367,785,33.0626752,0.205
89780.598723,0.764012017,-1.72521016,0.192686399,0.192686399,9.6832095,785,32.4816443,0.205
89780.608751,0.731157878,-1.8184942,0.19574433,0.19574433,9.68939821,785,29.4952906,0.205
89780.618778,0.707802699,-1.86456296,0.19874245,0.19874245,9.69585355,785,33.7578911,0.205
89780.628806,0.698019712,-1.83949048,0.201598512,0.201598512,9.70257216,785,29.4231933,0.205
89780.638834,0.697663751,-1.71876888,0.204249648,0.204249648,9.70953485,785,29.9751597,0.205
89780.648861,0.709847221,-1.4974874,0.206733881,0.206733881,9.71670597,785,34.9700861,0.205
89780.658889,0.725940413,-1.17610779,0.20921418,0.20921418,9.72403538,785,59.8592709,0.205
89780.668916,0.759922723,-0.781024089,0.211882719,0.211882719,9.73145669,785,41.5547708,0.205
89780.678944,0.827256034,-0.370321946,0.214815506,0.214815506,9.7389027,785,35.9383399,0.205
89780.688971,0.905752835,0.0167150376,0.217969649,0.217969649,9.7463089,785,24.418127,0.205
89780.698999,0.975965199,0.357922613,0.221199666,0.221199666,9.75362372,785,24.5853072,0.205
89780.709026,1.04582767,0.624576483,0.224316873,0.224316873,9.76080705,785,20.9132114,0.205
89780.719054,1.10862951,0.798055329,0.227212105,0.227212105,9.76783987,785,22.8376607,0.205
89780.729081,1.15028345,0.877484558,0.229864394,0.229864394,9.7747182,785,24.7428066,0.205
89780.739109,1.18331255,0.861980205,0.232294552,0.232294552,9.78145698,785,27.7310499,0.205
89780.749136,1.22627561,0.751892681,0.23455498,0.23455498,9.78808412,785,29.8348441,0.205
89780.759164,1.27427909,0.568986894,0.236725138,0.236725138,9.79464286,785,36.1445695,0.205
89780.769191,1.32751616,0.342509654,0.238873815,0.238873815,9.80118038,785,44.9999804,0.205
89780.779219,1.38566834,0.0978132107,0.241051558,0.241051558,9.80774795,785,47.2352683,0.205
89780.789246,1.43977092,-0.155123594,0.2432964,0.2432964,9.81439215,785,49.8795696,0.205
89780.799274,1.48798589,-0.41782531,0.245638324,0.245638324,9.82115895,785,45.0996612,0.205
89780.809301,1.52890369,-0.689407826,0.248089923,0.248089923,9.82808852,785,42.6815339,0.205
89780.819329,1.55505642,-0.958335182,0.250644565,0.250644565,9.8352198,785,43.0956348,0.205
89780.829356,1.56204341,-1.2181116,0.253294222,0.253294222,9.84258367,785,34.0617376,0.205
89780.839384,1.54612624,-1.47099758,0.256041223,0.256041223,9.85020852,785,32.6901343,0.205
89780.849412,1.51699726,-1.71199351,0.258868871,0.258868871,9.85811626,785,33.8651067,0.205
89780.859439,1.47963462,-1.92299434,0.261739666,0.261739666,9.86632464,785,30.4302206,0.205
89780.869467,1.43172784,-2.09023728,0.264589945,0.264589945,9.87484835,785,37.4114238,0.205
89780.879494,1.37548442,-2.20122827,0.267335247,0.267335247,9.88369161,785,32.5594137,0.205
89780.889522,1.3208262,-2.2342829,0.269851867,0.269851867,9.8928534,785,33.070649,0.205
89780.899549,1.28158098,-2.17025335,0.272071396,0.272071396,9.90231892,785,38.7004406,0.205
89780.909577,1.28624468,-2.01374411,0.274038457,0.274038457,9.91206828,785,42.4202397,0.205
89780.919604,1.33403997,-1.76391772,0.275896089,0.275896089,9.9220706,785,45.2921649,0.205
89780.929632,1.40915249,-1.43034324,0.277841012,0.277841012,9.93229116,785,68.2755067,0.205
89780.939659,1.503557,-1.05385534,0.279987508,0.279987508,9.9426859,785,34.150008,0.205
89780.949687,1.60457616,-0.67677787,0.282349132,0.282349132,9.95321504,785,37.7779191,0.205
89780.959714,1.69770602,-0.320803989,0.284866433,0.284866433,9.96383851,785,43.9043747,0.205
89780.969742,1.77481206,-0.00451374804,0.287422809,0.287422809,9.97452621,785,38.1263188,0.205
89780.979769,1.83921978,0.249662425,0.289884526,0.289884526,9.9852522,785,30.1791018,0.205
89780.989797,1.89238411,0.428543443,0.292172156,0.292172156,9.99600546,785,30.6676259,0.205
89780.999824,1.93175027,0.53151031,0.294270864,0.294270864,10.006781,785,27.5878102,0.205
89781.009852,1.96005461,0.565116415,0.296204508,0.296204508,10.0175866,785,24.5225178,0.205
89781.019879,1.97520857,0.53515546,0.298021471,0.298021471,10.0284321,785,28.146091,0.205
89781.029907,1.97581521,0.453713192,0.299771832,0.299771832,10.0393348,785,33.5740991,0.205
89781.039935,1.97362019,0.329198894,0.301488567,0.301488567,10.0503111,785,34.1955449,0.205
89781.049962,1.98007907,0.161565959,0.303190807,0.303190807,10.0613799,785,45.0123293,0.205
89781.059990,1.9913555,-0.0405645062,0.304891955,0.304891955,10.072566,785,79.699361,0.205
89781.070017,1.99546769,-0.258914771,0.306605369,0.306605369,10.0838896,785,86.6087389,0.205
89781.080045,1.99067134,-0.483174341,0.308345164,0.308345164,10.0953727,785,48.957195,0.205
89781.090072,1.97842599,-0.709158535,0.310117434,0.310117434,10.1070301,785,43.0665268,0.205
89781.100100,1.9591896,-0.933970543,0.311934089,0.311934089,10.1188786,785,42.3825394,0.205
89781.110127,1.93426751,-1.15437049,0.313803891,0.313803891,10.1309284,785,38.5229984,0.205
89781.120155,1.90320476,-1.36175845,0.315715273,0.315715273,10.1431925,785,33.720425,0.205
89781.130182,1.86572425,-1.54629474,0.317645508,0.317645508,10.1556765,785,32.0717126,0.205
89781.140210,1.82670172,-1.70274899,0.319566447,0.319566447,10.1683882,785,28.110826,0.205
89781.150237,1.79875335,-1.82738689,0.321462262,0.321462262,10.1813293,785,32.8866735,0.205
89781.160265,1.78564588,-1.90616988,0.323311027,0.323311027,10.1945055,785,34.3103183,0.205
89781.170292,1.77954346,-1.92855436,0.325081148,0.325081148,10.2079145,785,34.2722168,0.205
89781.180320,1.78112656,-1.88528681,0.326754895,0.326754895,10.2215546,785,34.064971,0.205
89781.190347,1.78324929,-1.77253379,0.328355185,0.328355185,10.2354124,785,35.6562603,0.205
89781.200375,1.78870251,-1.60073446,0.329923366,0.329923366,10.2494732,785,51.6263269,0.205
89781.210402,1.79983197,-1.37399413,0.331505746,0.331505746,10.2637115,785,121.899811,0.205
89781.220430,1.81902235,-1.0927684,0.333162134,0.333162134,10.2781027,785,147.031144,0.205
89781.230458,1.84877235,-0.769669287,0.334948798,0.334948798,10.2926148,785,74.1989623,0.205
89781.240485,1.89331994,-0.434641033,0.33689237,0.33689237,10.3072163,785,45.5642511,0.205
89781.250513,1.94376369,-0.109659978,0.338971013,0.338971013,10.3218832,785,28.849439,0.205
89781.260540,1.99153355,0.184204815,0.341118473,0.341118473,10.3365906,785,25.8653917,0.205
89781.270568,2.03514196,0.43361016,0.343269841,0.343269841,10.3513249,785,23.0359751,0.205
89781.280595,2.0673208,0.635871314,0.345362761,0.345362761,10.3660724,785,21.2822118,0.205
89781.290623,2.08694132,0.786618708,0.347364521,0.347364521,10.3808299,785,22.327463,0.205
89781.300650,2.09761461,0.881792091,0.349273742,0.349273742,10.3955931,785,20.6475777,0.205
89781.310678,2.10625023,0.920168899,0.351096331,0.351096331,10.4103684,785,22.2621472,0.205
89781.320705,2.11791248,0.885508969,0.35279654,0.35279654,10.4251618,785,24.9855215,0.205
89781.330733,2.13097706,0.773829084,0.354370826,0.354370826,10.4399906,785,32.0753035,0.205
89781.340760,2.14763158,0.598643611,0.355858924,0.355858924,10.4548703,785,41.8269405,0.205
89781.350788,2.1789706,0.37730949,0.357315363,0.357315363,10.4698257,785,45.2480951,0.205
89781.360815,2.21793872,0.131095287,0.358793073,0.358793073,10.4848776,785,78.7730659,0.205
89781.370843,2.24649677,-0.119533281,0.360323461,0.360323461,10.5000513,785,47.7209535,0.205
89781.380870,2.26212446,-0.365217811,0.361915,0.361915,10.515362,849,51.4868431,0.205
89781.390898,2.27046433,-0.604779623,0.363564366,0.363564366,10.5308276,849,44.7576714,0.205
89781.400926,2.27387012,-0.836429729,0.365267375,0.365267375,10.5464591,785,39.2201532,0.205
89781.410953,2.26984825,-1.05396689,0.367011915,0.367011915,10.5622654,785,34.8445591,0.205
89781.420981,2.25545607,-1.2501063,0.368770607,0.368770607,10.5782572,785,30.7555333,0.205
89781.431008,2.23304834,-1.42269882,0.370537078,0.370537078,10.5944363,785,34.364969,0.205
89781.441036,2.21128207,-1.5723934,0.372319958,0.372319958,10.6108094,785,31.8210776,0.205
89781.451063,2.19444355,-1.69836893,0.374101487,0.374101487,10.627376,785,27.9479899,0.205
89781.461091,2.17726283,-1.78914152,0.375852267,0.375852267,10.6441415,785,29.3986564,0.205
89781.471118,2.15865905,-1.82693528,0.377528036,0.377528036,10.6611016,785,36.6090757,0.205
89781.481146,2.1418338,-1.79990409,0.379091112,0.379091112,10.6782548,785,39.8631932,0.205
89781.491173,2.13226751,-1.70981279,0.380544512,0.380544512,10.695589,785,45.0887669,0.205
89781.501201,2.13587299,-1.56361241,0.381926699,0.381926699,10.713096,785,43.5781068,0.205
89781.511228,2.15019383,-1.37000333,0.383293256,0.383293256,10.7307587,785,88.2855825,0.205
89781.521256,2.1730905,-1.14947145,0.384697575,0.384697575,10.7485652,849,44.6182781,0.205
89781.531283,2.20538976,-0.930875126,0.386164018,0.386164018,10.7664973,849,49.5009528,0.205
89781.541311,2.24101412,-0.730794609,0.387691105,0.387691105,10.784546,849,40.8301986,0.205
89781.551339,0.33864527,0.879100662,0.0339811137,0.0339811137,10.8024685,787,35.0877722,0.205
89781.561366,0.363083632,0.940044646,0.03567143,0.03567143,10.8200322,787,37.5901731,0.205
89781.571394,0.37935175,0.954689572,0.0363965069,0.0363965069,10.8372508,787,36.548629,0.205
89781.581421,0.371300092,0.920900658,0.038636262,0.038636262,10.8541314,787,37.2472008,0.205
89781.591449,0.34994622,0.859948295,0.0380678071,0.0380678071,10.8706868,787,35.8850121,0.205
89781.601476,0.318047368,0.770704867,0.034405708,0.034405708,10.8869223,787,35.6129107,0.205
89781.611504,0.284000618,0.649321249,0.0364800753,0.0364800753,10.9028499,787,36.7690815,0.205
89781.621531,0.248230289,0.516089167,0.038969589,0.038969589,10.9184754,787,45.2068187,0.205
89781.631559,0.220622044,0.408981733,0.0445033367,0.0445033367,10.9338103,787,34.5069778,0.205
89781.641586,0.201395899,0.318040784,0.0511280504,0.0511280504,10.9488596,787,36.0460582,0.205
89781.651614,0.199634448,0.25482264,0.060149601,0.060149601,10.9636349,785,89.1527651,0.205
89781.661641,0.199139214,0.195486235,0.0679872384,0.0679872384,10.9781424,785,111.955036,0.205
89781.671669,0.199411745,0.141225943,0.0750147664,0.0750147664,10.9923936,785,84.262761,0.205
89781.681696,0.200549626,0.0930986949,0.0814411016,0.0814411016,11.0063942,785,39.1617321,0.205
89781.691724,0.0704893001,-0.0567412588,0.0618697157,0.0618697157,11.0201453,787,48.7880747,0.205
89781.701752,0.0443907363,-0.100694636,0.0597357447,0.0597357447,11.0336415,849,34.9689361,0.205
89781.711779,0.0445502078,-0.12482663,0.0676235108,0.0676235108,11.0468859,849,35.4472768,0.205
89781.721807,0.0456368597,-0.142222159,0.074686534,0.074686534,11.0598875,849,36.3231871,0.205
89781.731834,0.0474798736,-0.154169796,0.0811391355,0.0811391355,11.0726497,849,39.8888686,0.205
89781.741862,0.0403350789,-0.569900112,0.0565866577,0.0565866577,11.0851921,787,42.2644584,0.205
89781.751889,0.0508953481,-0.534894787,0.0422081344,0.0422081344,11.0975287,787,41.1959203,0.205
89781.761917,0.0655942922,-0.525583334,0.0409977012,0.0409977012,11.1096678,787,36.7158246,0.205
89781.771944,0.0961560325,-0.516665659,0.0395572091,0.0395572091,11.1216154,787,34.9580904,0.205
89781.781972,0.109488689,-0.491792861,0.042212108,0.042212108,11.1333811,787,33.3545895,0.205
89781.791999,0.130761187,-0.470439738,0.0419796946,0.0419796946,11.1449686,787,32.0204375,0.205
89781.802027,0.157644816,-0.444607919,0.0448382802,0.0448382802,11.1563871,787,34.9846491,0.205
89781.812054,0.186485436,-0.432685002,0.0462759366,0.0462759366,11.1676419,787,28.8326189,0.205
89781.822082,0.20691708,-0.422522194,0.0503454428,0.0503454428,11.1787427,849,32.2926583,0.205
89781.832109,0.224134748,-0.406653097,0.0522795305,0.0522795305,11.1896932,849,30.7765311,0.205
89781.842137,0.254039942,-0.372774035,0.0483429659,0.0483429659,11.2005015,787,28.855655,0.205
89781.852165,0.279137893,-0.350569212,0.0507824607,0.0507824607,11.2111724,849,30.5224527,0.205
89781.862192,0.280172137,-0.33632961,0.0598546752,0.0598546752,11.2217089,849,32.0616463,0.205
89781.872220,0.325767144,-0.282947854,0.0484553984,0.0484553984,11.2321176,849,27.6540485,0.205
89781.882247,0.349853465,-0.234588344,0.0494049543,0.0494049543,11.2424016,849,28.6264732,0.205
89781.892275,0.405327266,-0.180065411,0.0420458757,0.0420458757,11.2525688,787,28.8764055,0.205
89781.902302,0.40545059,-0.168515819,0.0526431578,0.0526431578,11.2626221,849,31.1675905,0.205
89781.912330,0.404965487,-0.158281177,0.061442503,0.061442503,11.2725648,849,29.7721695,0.205
89781.922357,0.448129561,-0.123889415,0.0537054172,0.0537054172,11.2823995,849,34.9146868,0.205
89781.932385,0.444056598,-0.114090424,0.0623553215,0.0623553215,11.292132,849,32.6241955,0.205
89781.942412,0.43894664,-0.105218112,0.0699451746,0.0699451746,11.301761,849,35.515227,0.205
89781.952440,0.432452163,-0.0977450552,0.0767912316,0.0767912316,11.3112887,849,37.2032383,0.205
89781.962467,0.425006782,-0.0924273258,0.0830763747,0.0830763747,11.3207135,849,31.6870982,0.205
89781.972495,-0.00944323019,0.0061548853,0.0430513479,0.0430513479,11.3299951,787,35.9959743,0.205
89781.982522,-0.00073033751,-0.000638641267,0.0407040175,0.0407040175,11.3390921,787,29.8792783,0.205
89781.992550,-0.0015343611,0.0150141556,0.0375994258,0.0375994258,11.3480105,787,30.2884374,0.205
89782.002578,0.00478448166,0.00114851784,0.0400838815,0.0400838815,11.3567532,787,39.2067893,0.205
89782.012605,0.00461687576,0.0141940098,0.0421891853,0.0421891853,11.3653235,787,37.1691556,0.205
89782.022633,0.00683733428,0.0243900659,0.0427397377,0.0427397377,11.3737257,787,37.4851512,0.205
89782.032660,0.00842783417,0.01659089,0.0462251316,0.0462251316,11.3819618,787,37.384438,0.205
89782.042688,-0.00504791927,0.0386103804,0.0461849529,0.0461849529,11.3900351,787,38.7520308,0.205
89782.052715,-0.0019781785,0.0224810883,0.0493420187,0.0493420187,11.3979459,787,36.4465156,0.205
89782.062743,-0.00690964843,0.0203461602,0.0586377533,0.0586377533,11.4056996,785,33.8621858,0.205
89782.072770,-0.0122205827,0.0149384816,0.0666510575,0.0666510575,11.4132971,785,34.9621857,0.205
89782.082798,-0.0181042519,0.00765635929,0.0738022312,0.0738022312,11.4207423,785,37.3929651,0.205
89782.092825,-0.0247433954,-0.000622442803,0.0803206387,0.0803206387,11.4280363,785,39.8014899,0.205
89782.102853,-0.0332348501,-0.00902213156,0.0863508967,0.0863508967,11.4351826,785,40.3032356,0.205
89782.112880,-0.0401147808,-0.0174010512,0.0919880882,0.0919880882,11.442182,785,44.1804499,0.205
89782.122908,-0.043326198,-0.0259913157,0.0973017456,0.0973017456,11.4490384,785,29.4693885,0.205
89782.132936,-0.046692487,-0.0325250438,0.102341768,0.102341768,11.4557539,785,25.8355574,0.205
89782.142963,-0.0532067563,-0.0363453026,0.107146122,0.107146122,11.4623302,785,25.8937599,0.205
89782.152991,-0.0617040969,-0.0386912148,0.111745953,0.111745953,11.4687701,785,14.1704395,0.205
89782.163018,-0.0701000471,-0.0403058774,0.116164608,0.116164608,11.4750736,785,7.56067065,0.205
89782.173046,-0.032213737,-0.0157943129,0.0802764785,0.0802764785,11.4812467,787,18.1180427,0.205
89782.183073,-0.0239392559,-0.0157907104,0.0660035011,0.0660035011,11.4872938,785,9.59424183,0.205
89782.193101,-0.0411990841,-0.00469771456,0.0521672139,0.0521672139,11.4932174,787,20.6488026,0.205
89782.203128,-0.0262574007,-0.0177405023,0.04740128,0.04740128,11.4990188,787,17.3415401,0.205
89782.213156,-0.0486432902,0.051616395,0.0371542595,0.0371542595,11.5046985,787,24.220819,0.205
89782.223183,-0.0509458892,0.0513428479,0.0488237074,0.0488237074,11.5102531,785,26.5449348,0.205
89782.233211,-0.0483645764,0.0396292319,0.0500940599,0.0500940599,11.5156865,787,19.8338252,0.205
89782.243238,-0.0140226292,0.0248892833,0.0471631556,0.0471631556,11.5210045,787,30.4444444,0.205
89782.253266,-0.0208172408,0.0241980171,0.0478571173,0.0478571173,11.5262134,787,32.1866981,0.205
89782.263293,0.00804206996,0.0131564865,0.0452654956,0.0452654956,11.5313168,787,30.4123,0.205
89782.273321,0.00804831197,0.0217523514,0.0471768833,0.0471768833,11.5363205,787,38.4009612,0.205
89782.283349,0.0237484716,0.0147754792,0.0490525507,0.0490525507,11.5412275,787,35.6126189,0.205
89782.293376,0.0276615243,0.00513923442,0.048382459,0.048382459,11.5460414,787,46.4262421,0.205
89782.303404,0.0169342854,0.0138968527,0.0501947417,0.0501947417,11.5507645,787,44.3198838,0.205
89782.313431,0.0334052581,0.00128160635,0.0507679344,0.0507679344,11.5553983,787,44.2274483,0.205
89782.323459,0.0250274547,0.0101355711,0.0501372225,0.0501372225,11.5599464,787,51.0570299,0.205
89782.333486,0.0348833805,0.00190145001,0.049288174,0.049288174,11.5644096,787,42.2926208,0.205
89782.343514,0.0323722833,-0.00379898855,0.045423247,0.045423247,11.5687918,787,48.7470243,0.205
89782.353541,0.015659497,0.00298672558,0.0457574936,0.0457574936,11.5730917,787,49.3836091,0.205
89782.363569,0.0303178573,-0.0136719519,0.0420995115,0.0420995115,11.5773122,787,45.234948,0.205
89782.373596,0.00997156299,-0.00739040191,0.0419304834,0.0419304834,11.5814537,787,48.4535998,0.205
89782.383624,0.0161998742,-0.000339839191,0.0404355219,0.0404355219,11.5855169,787,54.0301952,0.205
89782.393652,0.0161240887,0.00371882276,0.0382434823,0.0382434823,11.5895031,787,45.6014604,0.205
89782.403679,0.00345537683,0.00168496937,0.0402859654,0.0402859654,11.593412,787,36.3055194,0.205
89782.413707,0.0132098908,0.0208569778,0.0391025227,0.0391025227,11.5972452,787,39.4432229,0.205
89782.423734,0.00649781216,0.00977793855,0.0415695723,0.0415695723,11.6010034,787,45.0273976,0.205
89782.433762,0.00337842018,0.0210423212,0.0421492762,0.0421492762,11.6046878,787,44.5999035,0.205
89782.443789,0.00647767142,0.0248995175,0.0383074018,0.0383074018,11.6082986,787,31.8810341,0.205
89782.453817,0.0135674713,0.0281664391,0.0389688084,0.0389688084,11.6118387,787,40.7184899,0.205
89782.463844,-0.0181443258,0.0139488514,0.0410204648,0.0410204648,11.6153069,787,30.5958815,0.205
89782.473872,-0.0109476759,0.0124414397,0.0458613367,0.0458613367,11.6187036,787,28.6241876,0.205
89782.483899,-0.0292112145,0.00190494708,0.0464433812,0.0464433812,11.622029,787,37.4862449,0.205
89782.493927,-0.0233550336,0.00417422555,0.0498672689,0.0498672689,11.6252843,787,32.4972935,0.205
89782.503954,-0.0307888809,0.00961753089,0.0590799801,0.0590799801,11.6284699,785,30.1570609,0.205
89782.513982,-0.039652839,0.019052883,0.067041364,0.067041364,11.6315856,785,28.3145428,0.205
89782.524010,-0.037564403,-0.0036240456,0.0741562367,0.0741562367,11.6346324,785,34.0371136,0.205
89782.534037,-0.0237641961,-0.0581136707,0.0806475896,0.0806475896,11.6376157,785,36.2321026,0.205
89782.544065,-0.0173033503,-0.0332589179,0.0495170486,0.0495170486,11.6405402,787,36.7353033,0.205
89782.554092,-0.021858401,-0.00494997754,0.0404613102,0.0404613102,11.6434047,787,39.2880823,0.205
89782.564120,-0.00235280929,-0.0327376461,0.0389003283,0.0389003283,11.6462123,787,32.0371126,0.205
89782.574147,-0.00855967171,0.00319846104,0.0362499492,0.0362499492,11.6489646,787,30.5468443,0.205
89782.584175,0.00184248513,-0.00175977804,0.0350048169,0.0350048169,11.6516624,787,31.0893495,0.205
89782.594202,0.00729484276,0.00936655975,0.0393173276,0.0393173276,11.6543074,787,28.3856985,0.205
89782.604230,0.0128309859,0.0163961491,0.0433789594,0.0433789594,11.6569016,787,24.3127819,0.205
89782.614257,0.0152378773,-0.0137498989,0.0457651912,0.0457651912,11.659447,787,25.4542131,0.205
89782.624285,0.0226789909,-0.0124700259,0.0556614967,0.0556614967,11.661947,785,23.6729246,0.205
89782.634313,0.0283343986,-0.0106384321,0.0640491945,0.0640491945,11.6644034,785,28.2211498,0.205
89782.644340,0.0307583164,-0.0105029339,0.0714604504,0.0714604504,11.6668174,785,27.5645104,0.205
89782.654368,0.0301989134,-0.0136848662,0.0781745388,0.0781745388,11.6691906,785,22.5345966,0.205
89782.664395,0.0246646377,-0.0207924408,0.0843569595,0.0843569595,11.6715233,785,23.0039703,0.205
89782.674423,0.00954909737,-0.0287474233,0.0901186433,0.0901186433,11.6738153,785,26.8151137,0.205
89782.684450,-0.0118899863,-0.0351094787,0.0955353627,0.0955353627,11.6760642,785,26.1173463,0.205
89782.694478,-0.031816923,-0.0464934173,0.10066479,0.10066479,11.6782681,785,29.4311497,0.205
89782.704505,-0.0502217742,-0.0617785384,0.105549271,0.105549271,11.6804252,785,27.9128181,0.205
89782.714533,-0.0655437235,-0.0725815976,0.110222031,0.110222031,11.6825348,785,28.8720213,0.205
89782.724560,-0.0741912875,-0.0720808633,0.114706131,0.114706131,11.6845959,785,24.799179,0.205
89782.734588,-0.0800809131,-0.0704631162,0.11902228,0.11902228,11.6866084,785,25.7912105,0.205
89782.744616,-0.0803405217,-0.0782773507,0.123186917,0.123186917,11.6885732,785,24.1491937,0.205
89782.754643,-0.0768206263,-0.0803375844,0.127214727,0.127214727,11.6904918,785,22.1616052,0.205
89782.764671,-0.0709484648,-0.0833856583,0.131118539,0.131118539,11.6923669,785,16.8251024,0.205
89782.774698,-0.0441009537,-0.0824957563,0.134909048,0.134909048,11.694202,785,9.73661851,0.205
89782.784726,-0.0355882933,-0.0696693199,0.138597634,0.138597634,11.6960011,785,25.4607718,0.205
89782.794753,-0.040825807,-0.0668393014,0.142191312,0.142191312,11.6977643,785,21.0901082,0.205
89782.804781,-0.049398651,-0.0379902803,0.145697991,0.145697991,11.6994899,785,25.971199,0.205
89782.814808,-0.0486811746,-0.0283057829,0.149122779,0.149122779,11.7011761,785,29.3067289,0.205
89782.824836,-0.0441683764,-0.0141702722,0.15247242,0.15247242,11.7028233,785,34.2016112,0.205
89782.834863,-0.0455355889,0.00963005044,0.155750701,0.155750701,11.7044304,785,26.3182423,0.205
89782.844891,0.00787024576,0.0416807773,0.0609293512,0.0609293512,11.7060004,787,22.3328456,0.205
89782.854919,0.0255516144,-0.046736135,0.0403553247,0.0403553247,11.7075426,787,28.1900934,0.205
89782.864946,0.000244288956,-0.00743309041,0.0403044346,0.0403044346,11.7090592,787,24.0642447,0.205
89782.874974,-0.000476617627,0.0285251499,0.037077135,0.037077135,11.7105451,787,24.5489593,0.205
89782.885001,0.0155461936,-0.0187678607,0.0367191539,0.0367191539,11.7120025,787,27.0279911,0.205
89782.895029,0.00165613445,-0.0122063694,0.0366544798,0.0366544798,11.7134343,787,25.814447,0.205
89782.905056,-0.00583245264,0.00872421114,0.0353501133,0.0353501133,11.7148376,787,29.6610019,0.205
89782.915084,0.00266824001,-0.00258203243,0.036098811,0.036098811,11.7162129,787,33.7574024,0.205
89782.925111,0.00155287782,-0.000879581666,0.0364922625,0.0364922625,11.7175616,787,24.9407673,0.205
89782.935139,-0.00647655875,0.00212190387,0.0353120497,0.0353120497,11.7188834,787,25.2820609,0.205
89782.945167,0.00982565882,0.00279837231,0.0361500566,0.0361500566,11.7201793,787,30.2951629,0.205
89782.955194,-0.00355821927,0.00129664415,0.0348781339,0.0348781339,11.7214499,787,29.1125198,0.205
89782.965222,-0.00491182535,0.00691936386,0.0358402014,0.0358402014,11.7226945,787,27.5013961,0.205
89782.975249,-0.0027315777,-0.000756960846,0.0363433075,0.0363433075,11.7239135,787,28.9754032,0.205
89782.985277,-0.000826355084,-0.00136615174,0.0349057858,0.0349057858,11.7251086,787,29.7164974,0.205
89782.995304,0.00185711567,0.000218989454,0.0366288698,0.0366288698,11.7262801,787,27.3645936,0.205
89783.005332,-4.02677003e-05,0.00180113725,0.0349672912,0.0349672912,11.7274288,787,27.7154859,0.205
89783.015359,-0.000517504035,-0.0077459783,0.0362452944,0.0362452944,11.7285551,787,29.3839393,0.205
89783.025387,-0.000507195724,-0.000566522498,0.0359481356,0.0359481356,11.7296596,787,28.4282807,0.205
89783.035414,-0.00138238543,-0.00353954272,0.0351415666,0.0351415666,11.7307423,787,28.3021235,0.205
89783.045442,0.000951495672,0.00158647536,0.0360008384,0.0360008384,11.7318039,787,28.8822022,0.205
89783.055470,0.0028452334,-0.00652220332,0.0351191625,0.0351191625,11.7328452,787,27.4057872,0.205
89783.065497,-0.00180860603,0.00911195252,0.0357573633,0.0357573633,11.7338659,787,31.7677472,0.205
89783.075525,-0.00628458374,-0.00234931885,0.0380911039,0.0380911039,11.7348655,787,9.4131935,0.205
89783.085552,-0.000451222387,0.0021086468,0.0371894682,0.0371894682,11.7358449,787,25.1556285,0.205
89783.095580,-0.00216860149,0.0098246783,0.0366570595,0.0366570595,11.7368043,787,25.9779363,0.205
89783.105607,0.00179976492,-0.00291318306,0.0349334225,0.0349334225,11.7377444,787,27.4939575,0.205
89783.115635,-0.000261338589,0.000841753183,0.0366242021,0.0366242021,11.7386664,787,24.3824721,0.205
89783.125662,-0.00530601927,0.0022823227,0.0365977674,0.0365977674,11.7395694,787,24.3040425,0.205
89783.135690,-0.00786630655,-0.00752759028,0.0350227965,0.0350227965,11.740454,787,30.6870277,0.205
89783.145717,-0.00194098601,-0.00164442257,0.0363498063,0.0363498063,11.7413206,787,28.1951436,0.205
89783.155745,-0.0015108736,-0.00549821189,0.0347332761,0.0347332761,11.7421704,787,31.7386611,0.205
89783.165773,0.00260683022,-0.000553055646,0.0357908021,0.0357908021,11.7430038,787,29.2837712,0.205
89783.175800,-0.00628839155,-0.000938252592,0.0376691899,0.0376691899,11.7438205,787,12.2548577,0.205
89783.185828,-0.00167963346,-0.00590264861,0.036595876,0.036595876,11.7446209,787,29.6591706,0.205
89783.195855,-0.0060115055,-0.00403449933,0.0365392558,0.0365392558,11.7454053,787,25.2292762,0.205
89783.205883,-0.00249241538,-0.000227045552,0.0350229231,0.0350229231,11.7461738,787,27.2953893,0.205
89783.215910,-0.00468426373,-0.000612511785,0.0363124176,0.0363124176,11.7469266,787,27.8812551,0.205
89783.225938,0.00606718377,-0.00255413271,0.0348904915,0.0348904915,11.7476649,787,25.2425141,0.205
89783.235965,0.00984081558,0.00358473202,0.0361079425,0.0361079425,11.74839,787,30.0381506,0.205
89783.245993,0.0102925682,0.010265406,0.0362019343,0.0362019343,11.7491019,787,26.702305,0.205
89783.256021,0.00285630366,-0.00226269063,0.0358403173,0.0358403173,11.7498005,787,22.879214,0.205
89783.266048,0.00690672841,0.00181082904,0.0370602686,0.0370602686,11.7504862,787,21.2931586,0.205
89783.276076,-0.00399886863,-0.0035995389,0.0361747625,0.0361747625,11.7511589,787,21.7770087,0.205
89783.286103,-0.00319599711,0.00296268555,0.0379125765,0.0379125765,11.7518176,787,23.8063577,0.205
89783.296131,-0.0040827947,0.00337962807,0.0372498965,0.0372498965,11.7524626,787,23.4148651,0.205
89783.306158,0.00262126829,0.000912583841,0.0349418902,0.0349418902,11.7530944,787,30.7810157,0.205
89783.316186,-0.00224159946,-0.000192722089,0.0357076936,0.0357076936,11.7537139,787,31.2137086,0.205
89783.326213,-0.00372481142,-0.00081025885,0.0347795334,0.0347795334,11.7543207,787,30.8579869,0.205
89783.336241,0.00085835015,0.00304499366,0.0357299951,0.0357299951,11.7549153,787,31.0654743,0.205
89783.346269,-0.00033342615,-0.00176716687,0.0360274636,0.0360274636,11.7554982,787,27.6847714,0.205
89783.356296,-0.00169071756,0.00577146305,0.035463999,0.035463999,11.7560692,787,23.974058,0.205
89783.366324,-0.000214323406,-0.0057885865,0.0360655841,0.0360655841,11.7566288,787,29.9227209,0.205
89783.376351,2.96647118e-05,-0.00254494437,0.0353880875,0.0353880875,11.7571778,787,26.9385001,0.205
89783.386379,0.00315800254,0.00609473525,0.0370194822,0.0370194822,11.7577161,787,27.0682708,0.205
89783.396406,0.00357550047,0.00333699306,0.0375511071,0.0375511071,11.758244,787,24.5139147,0.205
89783.406434,-0.00261209486,0.00168629984,0.0372518524,0.0372518524,11.7587613,787,23.4541748,0.205
89783.416461,-0.00166241614,0.0101034422,0.0384376248,0.0384376248,11.7590172,787,26.7669498,0.205
89783.426489,1.00877649e-05,-0.00310997349,0.0358751298,0.0358751298,11.7590172,787,23.1537901,0.205
89783.436517,-0.0038740886,-0.00401282344,0.0363002701,0.0363002701,11.7590172,787,26.8358333,0.205
89783.446544,-0.00413752729,-0.00333916389,0.036720546,0.036720546,11.7590172,787,26.997426,0.205
89783.456572,0.00252626171,-0.000506044162,0.0355705859,0.0355705859,11.7590172,787,23.5799477,0.205
89783.466599,0.000831205185,0.00422662107,0.0361755859,0.0361755859,11.7590172,787,30.0030824,0.205
89783.476627,-0.00195145439,-0.00505808507,0.0356011559,0.0356011559,11.7590172,787,25.5947678,0.205
89783.486654,0.00296102333,-0.000488149299,0.0375994575,0.0375994575,11.7590172,787,24.9257108,0.205
89783.496682,0.000749536789,0.00310940181,0.0374693018,0.0374693018,11.7590172,787,25.3176991,0.205
89783.506710,-0.00308239867,-0.000222459602,0.0361651193,0.0361651193,11.7590172,787,20.0671999,0.205
89783.516738,-0.00774614529,0.00588458237,0.0381133225,0.0381133225,11.7590172,787,20.9305544,0.205
89783.526766,-0.000724716762,0.000959604596,0.0361286813,0.0361286813,11.7590172,787,22.2414583,0.205
89783.536793,-0.0052972833,0.00260896696,0.0363815384,0.0363815384,11.7590172,787,25.8921371,0.205
89783.546821,-0.00742220775,-0.00598437942,0.0361558942,0.0361558942,11.7590172,787,21.0910705,0.205
89783.556848,0.00633554808,-0.00291328009,0.037831961,0.037831961,11.7590172,787,24.1770557,0.205
89783.566876,-0.00137164926,-2.55814191e-05,0.0328544297,0.0328544297,11.7590172,819,28.2615472,0.205
89783.576903,-0.00258438686,-0.000238666144,0.0327924826,0.0327924826,11.7590172,819,24.1068993,0.205
89783.586931,-0.00126784565,0.000911263355,0.0328483304,0.0328483304,11.7590172,819,25.0119542,0.205
89783.596958,-0.00177806493,-0.000199194602,0.0328064597,0.0328064597,11.7590172,819,24.7883967,0.205
89783.606986,-0.00225993944,0.000239024087,0.0328173858,0.0328173858,11.7590172,819,29.796159,0.205
89783.617014,-0.00160858166,0.000192563042,0.0328955062,0.0328955062,11.7590172,819,23.1772681,0.205
89783.627041,-0.0023475438,0.000317315049,0.0327646421,0.0327646421,11.7590172,819,22.872192,0.205
89783.637069,-0.00391088867,0.00089353187,0.0328500214,0.0328500214,11.7590172,819,26.4447173,0.205
89783.647096,-0.00332749085,0.000950706859,0.0327839799,0.0327839799,11.7590172,819,22.9111297,0.205
89783.657124,-0.00342832979,0.000599269965,0.0328283175,0.0328283175,11.7590172,819,28.6989411,0.205
89783.667151,-0.000756087547,-0.00110176195,0.0328186705,0.0328186705,11.7590172,819,25.571978,0.205
89783.677179,-0.00273178146,0.000817606063,0.0327773329,0.0327773329,11.7590172,819,26.9924782,0.205
89783.687206,-0.00383861667,-0.000190311142,0.0329084401,0.0329084401,11.7590172,819,23.6557452,0.205
89783.697234,-0.00159554791,0.000564999562,0.0328236558,0.0328236558,11.7590172,819,23.0423206,0.205
89783.707262,-0.00281868291,0.00107463944,0.032869259,0.032869259,11.7590172,819,26.5955546,0.205
89783.717289,-0.00167067974,0.000435817586,0.0329018036,0.0329018036,11.7590172,819,22.1187664,0.205
89783.727317,-0.00136070812,0.00213082578,0.0328215558,0.0328215558,11.7590172,819,25.1413311,0.205
89783.737344,-0.00375095681,-0.00039842341,0.032864708,0.032864708,11.7590172,819,23.7669998,0.205
89783.747372,-0.00303446865,-0.00040424781,0.0329841149,0.0329841149,11.7590172,819,20.0616478,0.205
89783.757399,-0.00279400419,-0.00142291558,0.0329281964,0.0329281964,11.7590172,819,19.816232,0.205
89783.767427,-0.0029815502,0.000275250885,0.0328810902,0.0328810902,11.7590172,819,24.5288938,0.205
89783.777454,-0.00256003612,0.00140754122,0.0327958525,0.0327958525,11.7590172,819,23.8535738,0.205
89783.787482,-0.00249850652,0.000816962407,0.0328649157,0.0328649157,11.7590172,819,25.1266085,0.205
89783.797510,-0.00100516534,0.00130556156,0.0327701563,0.0327701563,11.7590172,819,22.6710264,0.205
89783.807537,-0.0036569014,-0.00030499117,0.0328889253,0.0328889253,11.7590172,819,21.9645305,0.205
89783.817565,-0.00354298952,0.0013225168,0.0329008888,0.0329008888,11.7590172,819,24.7436791,0.205
89783.827592,-0.00186948091,0.000310605697,0.0328217069,0.0328217069,11.7590172,819,24.0515978,0.205
89783.837620,-0.00371396163,0.000784166775,0.0328961506,0.0328961506,11.7590172,819,24.2246693,0.205
