t,v_x,v_y,sigma_vx,sigma_vy,distance,status,flow_quality,h
103248.423628,-0.0726850347,0.00359356849,0.0528468815,0.0528468815,0,785,7.03910643,0.258447769
103248.433657,-0.0613345046,-0.0076594799,0.0457244687,0.0457244687,0.000607712166,787,11.9504923,0.258447769
103248.443686,-0.0405671605,0.00168755651,0.0461973782,0.0461973782,0.000991671463,787,10.9509094,0.258447769
103248.453715,-0.0382448314,0.0317168071,0.0450274934,0.0450274934,0.00137063353,787,13.2941331,0.258447769
103248.463744,-0.0409210135,0.0540845835,0.0457694059,0.0457694059,0.0018918069,787,15.1311961,0.258447769
103248.473773,-0.0411462131,0.0608952147,0.0507684385,0.0507684385,0.00249926733,785,7.98467973,0.258447769
103248.483802,-0.029921569,0.0536087387,0.0471776946,0.0471776946,0.00299768802,787,9.80573215,0.258447769
103248.493831,-0.0141713993,0.0252326591,0.0436171372,0.0436171372,0.00320401455,787,14.5051758,0.258447769
103248.503860,0.0303713518,0.0018304871,0.0451895248,0.0451895248,0.00293268042,787,9.94922405,0.258447769
103248.513889,0.0559079048,-0.0193842729,0.0472054415,0.0472054415,0.0023624227,787,10.0142486,0.258447769
103248.523918,0.0729128029,-0.034431847,0.0529408495,0.0529408495,0.00163427579,785,9.76775813,0.258447769
103248.533947,0.0815209951,-0.0421329947,0.0616956712,0.0616956712,0.00100825408,785,14.1586572,0.258447769
103248.543976,0.0875647179,-0.0453701716,0.069355582,0.069355582,0.00106753486,785,10.9166424,0.258447769
103248.554005,0.0914274034,-0.0452222536,0.0762512739,0.0762512739,0.00180337188,785,14.1605555,0.258575006
103248.564034,0.0917023361,-0.0438173699,0.082574427,0.082574427,0.00269002675,785,9.54270205,0.258575006
103248.574063,0.0905050798,-0.0408576124,0.0884479194,0.0884479194,0.00358259495,785,11.2140721,0.258575006
103248.584092,0.122245564,-0.0129943432,0.0626494184,0.0626494184,0.00471606885,787,12.3337423,0.258575006
103248.594120,0.122748138,-0.00286267106,0.0530984641,0.0530984641,0.00581829683,787,10.7064725,0.258575006
103248.604150,0.0971843551,-0.0170967359,0.0461319439,0.0461319439,0.00667388928,787,12.0005737,0.258575006
103248.614179,0.0901062147,-0.0146062063,0.0472877668,0.0472877668,0.00744010316,787,11.3633976,0.258568537
103248.624207,0.0839643179,-0.0173148605,0.0465465819,0.0465465819,0.00813570514,787,13.6248031,0.258568537
103248.634236,0.0871550876,0.00017720144,0.0443754191,0.0443754191,0.00882259097,787,13.5827339,0.258568537
103248.644265,0.0853658512,-0.0138918289,0.0508246183,0.0508246183,0.00949932457,785,9.97606924,0.258568537
103248.654294,0.0825383865,-0.0127532423,0.0598892487,0.0598892487,0.0101336387,785,11.3985287,0.258568537
103248.664323,0.0806910488,-0.015747335,0.067753369,0.067753369,0.0107418552,785,14.2339423,0.258568537
103248.674352,0.0655302588,-0.0428802634,0.0642332847,0.0642332847,0.0112350459,785,10.3770949,0.258568537
103248.684381,0.0398470519,-0.0666273576,0.0518989459,0.0518989459,0.0115299936,787,10.117295,0.258568537
103248.694410,0.00178947885,-0.0756810295,0.0476916022,0.0476916022,0.0115110579,787,11.5628296,0.258568537
103248.704439,-0.0260697168,-0.0451360747,0.0475032994,0.0475032994,0.0111773628,787,12.4235431,0.258568537
103248.714468,-0.0427016709,-0.0256228781,0.0489628658,0.0489628658,0.0106505808,787,10.5065024,0.258568537
103248.724497,-0.0489896826,-0.0107658121,0.0492807648,0.0492807648,0.0100341946,787,11.4776129,0.258568537
103248.734526,-0.0559005284,0.0128184083,0.0504525877,0.0504525877,0.00928186336,785,6.56051164,0.258568537
103248.744555,-0.061880221,0.00638991083,0.0513788036,0.0513788036,0.00851795609,787,10.2795249,0.258568537
103248.754584,-0.0551561442,0.0171926836,0.0501689968,0.0501689968,0.00778738583,787,11.6598404,0.258568537
103248.764613,-0.061219676,0.0201832476,0.0539949018,0.0539949018,0.00700549429,787,10.2952082,0.258568537
103248.774642,-0.0678758151,0.00834167171,0.0507978831,0.0507978831,0.00623486015,787,11.2516167,0.258568537
103248.784671,-0.0765791597,0.0301199204,0.0505801649,0.0505801649,0.00530880926,787,8.8470378,0.258568537
103248.794700,-0.0499668586,0.026135672,0.04977806,0.04977806,0.00465012484,787,10.263046,0.258568537
103248.804729,-0.0310401671,0.00309460324,0.0445618481,0.0445618481,0.00427838866,787,13.1274336,0.258965071
103248.814758,-0.0346457492,0.00917743653,0.0466351569,0.0466351569,0.00385606724,787,11.163913,0.258965071
103248.824787,-0.0149711624,0.00165427291,0.042805159,0.042805159,0.00364721033,787,9.26409748,0.258615397
103248.834816,-0.00282375811,5.21160662e-05,0.043541182,0.043541182,0.00355192792,787,13.6899254,0.258615397
103248.844845,0.0170318018,0.00414639644,0.0451505893,0.0451505893,0.00360227177,787,12.1527114,0.258615397
103248.854874,0.0289166436,-0.0186277889,0.0421323636,0.0421323636,0.00386949181,787,11.3004287,0.259217387
103248.864903,0.0347964682,-0.0264132613,0.0471203785,0.0471203785,0.00422083909,787,9.0850666,0.259217387
103248.874932,0.0347647616,-0.0206800232,0.0430950305,0.0430950305,0.00453547571,787,12.0263087,0.259217387
103248.884961,0.0280749059,-0.00692629968,0.0449803168,0.0449803168,0.00471763555,787,15.3300667,0.259217387
103248.894990,0.0346246147,-0.0206455336,0.044847839,0.044847839,0.00502121402,787,12.0163,0.259217387
103248.905019,0.0515165157,-0.0309470887,0.0435169877,0.0435169877,0.00551333575,787,11.638234,0.259217387
103248.915048,0.0441232183,-0.0218945528,0.0469415192,0.0469415192,0.00588792627,787,9.40609089,0.259217387
103248.925077,0.0410245351,-0.010889841,0.0424530142,0.0424530142,0.00617526065,787,12.0557302,0.259217387
103248.935106,0.0390055079,-0.00378898277,0.0459656165,0.0459656165,0.00640825571,787,11.337562,0.259217387
103248.945135,0.0285200909,-0.0160470215,0.0481356131,0.0481356131,0.00660389602,787,10.1264542,0.259217387
103248.955164,0.0240473177,0.00307581273,0.0424915682,0.0424915682,0.00666995848,787,17.4332904,0.259217387
103248.965193,0.0217358378,0.012781375,0.0456826386,0.0456826386,0.00667600007,787,10.0155868,0.259217387
103248.975222,0.0239024747,-0.00996714181,0.0431827986,0.0431827986,0.00679912554,787,16.4906089,0.259217387
103248.985251,-0.0165813969,-0.000669818055,0.0440463523,0.0440463523,0.00652084,787,14.4238618,0.259217387
103248.995280,-0.0209792687,0.000143640812,0.0436102211,0.0436102211,0.00620664075,787,14.9349733,0.259217387
103249.005309,-0.0242149402,-0.00912833905,0.0434027497,0.0434027497,0.00591428392,787,11.939929,0.259217387
103249.015338,-0.0319293756,0.00645311806,0.0438504538,0.0438504538,0.00549218182,787,12.3996705,0.259217387
103249.025367,-0.0347078866,0.00883366325,0.0431634752,0.0431634752,0.00504475428,787,11.6822783,0.259217387
103249.035397,-0.0371874668,0.0094024422,0.0458713428,0.0458713428,0.00458425531,787,13.0146972,0.259217387
103249.045426,-0.0435985377,0.0182659138,0.0466447984,0.0466447984,0.00403546074,787,12.7721266,0.259217387
103249.055455,-0.0617583721,0.0217253803,0.0429760081,0.0429760081,0.00333257321,787,15.1442272,0.2595
103249.065484,-0.0408338569,0.0190320662,0.0455786531,0.0455786531,0.00283199662,787,11.9833011,0.2595
103249.075513,-0.0451019884,0.043252797,0.0451493859,0.0451493859,0.00216808125,787,8.47396225,0.2595
103249.085542,-0.0466520049,0.0408338278,0.0472729923,0.0472729923,0.00152153009,787,10.7996196,0.2595
103249.095571,-0.0151747674,0.0340492737,0.0424333486,0.0424333486,0.00120535818,787,11.3788132,0.2595
103249.105600,-0.0188778846,0.0485213252,0.0428612936,0.0428612936,0.000909163967,787,18.3352458,0.2595
103249.115629,-0.0315759252,0.0389568851,0.0458167844,0.0458167844,0.000712519002,787,8.2776507,0.2595
103249.125658,-0.0230745568,0.0442059409,0.0432626631,0.0432626631,0.000906886174,787,10.8643051,0.2595
103249.135687,-0.0174839644,0.029733524,0.044039596,0.044039596,0.00112763231,787,13.311846,0.2595
103249.145716,-0.0108785146,0.00167286286,0.0419283925,0.0419283925,0.00111151217,787,14.4331803,0.2595
103249.155745,0.0142601421,-0.0332234889,0.0434917899,0.0434917899,0.000785681776,787,14.2106678,0.25892266
103249.165774,0.0415144612,-0.0318851495,0.0470640387,0.0470640387,0.000737491411,787,11.7624017,0.25892266
103249.175803,0.0438748887,-0.0454001653,0.0462693209,0.0462693209,0.00101664841,787,11.0616157,0.25892266
103249.185832,0.0366203115,-0.0406712372,0.047785423,0.047785423,0.00142031768,787,9.98066115,0.25892266
103249.195861,0.067694095,-0.0427058409,0.0448228285,0.0448228285,0.00216211329,787,12.0630223,0.25892266
103249.205890,0.0708340051,-0.0436544088,0.0548865711,0.0548865711,0.00293039023,785,8.25595565,0.25892266
103249.215919,0.0554339157,-0.024035515,0.052519608,0.052519608,0.00346658978,787,9.63323021,0.25892266
103249.225948,0.0460221272,-0.0183556976,0.0439737174,0.0439737174,0.00388493701,787,9.05314922,0.25892266
103249.235977,0.0528761128,-0.00674610928,0.0432507569,0.0432507569,0.00431198007,787,15.8697707,0.25892266
103249.246006,0.0365089541,-0.0105801434,0.0432754722,0.0432754722,0.00459886864,787,9.39552032,0.25892266
103249.256035,0.0245509986,0.0069090249,0.0454943873,0.0454943873,0.00470954566,787,12.574526,0.25892266
103249.266064,0.0301981022,0.00670441355,0.0444630925,0.0444630925,0.0048760247,787,13.7962515,0.25892266
103249.276093,0.0148460481,0.0256261883,0.0430385476,0.0430385476,0.00484890306,787,11.9171261,0.25892266
103249.286122,0.0272676649,0.0279329671,0.042299492,0.042299492,0.00495415956,787,18.7637862,0.25892266
103249.296151,0.0257215311,0.0257430086,0.0419741332,0.0419741332,0.00506596116,787,11.6630616,0.25892266
103249.306180,0.0246106332,-0.00152983124,0.0460300458,0.0460300458,0.00520822393,787,12.3828488,0.25892266
103249.316209,0.0693367288,0.00381345907,0.0451641514,0.0451641514,0.00577846341,787,15.8230881,0.25892266
103249.326238,0.0732327631,-0.00267713088,0.0431915269,0.0431915269,0.00638375563,787,12.2561469,0.25892266
103249.336267,0.104058502,0.00250814078,0.0469164667,0.0469164667,0.00727497101,787,14.9764323,0.25892266
103249.346296,0.144481499,-0.015376866,0.0471981121,0.0471981121,0.00856009695,787,11.5257124,0.25892266
103249.356325,0.153090891,-0.0232207677,0.0531267685,0.0531267685,0.00991143541,787,15.7405836,0.25892266
103249.366354,0.155280053,-0.0268433455,0.0618553135,0.0618553135,0.0112620504,785,10.1648685,0.25892266
103249.376383,0.156208773,-0.0300912437,0.0694976713,0.0694976713,0.0125997781,785,11.6584134,0.25892266
103249.386412,0.155699836,-0.0318176204,0.0763805854,0.0763805854,0.0139094413,785,13.470556,0.25892266
103249.396441,0.153736841,-0.0314781151,0.0826939039,0.0826939039,0.015174801,785,13.2364226,0.25892266
103249.406470,0.149759182,-0.0296501774,0.0885595129,0.0885595129,0.0163747929,785,8.85842944,0.25892266
103249.416499,0.104434501,-0.0598810774,0.0541795341,0.0541795341,0.0171570653,787,13.0125043,0.25892266
103249.426528,0.0853672119,-0.0572748853,0.0522679802,0.0522679802,0.0177450306,787,12.0852777,0.25892266
103249.436557,0.0713451068,-0.0609924062,0.048172475,0.048172475,0.018203276,787,16.2801827,0.25892266
103249.446586,0.020261141,-0.0589078795,0.0443175103,0.0443175103,0.0181703883,787,10.2058203,0.25892266
103249.456615,0.000853329394,-0.0477774667,0.0457581874,0.0457581874,0.0179397967,787,11.283693,0.259218473
103249.466644,-0.0332882172,-0.00691993699,0.0452918189,0.0452918189,0.0172900984,787,9.95730542,0.259218473
103249.476673,-0.0483260564,-0.00234626507,0.0511564224,0.0511564224,0.0165000478,785,8.20293533,0.259218473
103249.486702,-0.0615206978,0.0237464184,0.0482937198,0.0482937198,0.0155295419,787,13.8126233,0.259218473
103249.496731,-0.069611123,0.0298731571,0.0455217519,0.0455217519,0.0144853245,787,16.6279711,0.25901982
103249.506760,-0.0672569855,0.0106890136,0.0462154871,0.0462154871,0.0135358623,787,11.7256289,0.25901982
103249.516789,-0.044481108,-0.0109872717,0.043318538,0.043318538,0.012881668,787,13.7215985,0.25901982
103249.526818,-0.0429432732,-0.030459968,0.047326421,0.047326421,0.012320143,787,10.3302478,0.25901982
103249.536847,-0.0180384415,-0.0262925004,0.0482804994,0.0482804994,0.0119985241,787,10.7114366,0.25901982
103249.546876,-0.020013294,0.00973900245,0.0440909446,0.0440909446,0.0115447657,787,13.3591574,0.25901982
103249.556905,-0.026607399,0.00470286367,0.0477956509,0.0477956509,0.0110565565,785,8.23628065,0.25901982
103249.566934,-0.0435891924,0.0336047306,0.0455959682,0.0455959682,0.0103227923,787,10.7083104,0.25901982
103249.576963,-0.0271253801,0.0313643406,0.049385008,0.049385008,0.00976654473,785,8.30630808,0.25901982
103249.586992,-0.0321982464,0.0343900196,0.0521353498,0.0521353498,0.00916922127,787,12.1285099,0.25901982
103249.597021,-0.0481883567,0.0403971567,0.0450498916,0.0450498916,0.00842212436,787,9.7698166,0.25901982
103249.607050,-0.0533109788,0.0339169511,0.0470735505,0.0470735505,0.00766409105,787,12.293607,0.25901982
103249.617079,-0.0577098149,0.0303163776,0.045386693,0.045386693,0.00689166325,787,13.1995703,0.25901982
103249.627108,-0.0285443013,0.0258581437,0.047611968,0.047611968,0.00642808024,787,8.3332421,0.25901982
103249.637137,-0.0144129991,0.0199972446,0.0480268201,0.0480268201,0.00612618572,787,9.34911749,0.25901982
103249.647166,0.00318725137,0.0174280874,0.0455815518,0.0455815518,0.00600984567,787,11.0875394,0.25901982
103249.657195,0.0107801744,0.0124903257,0.0488094474,0.0488094474,0.00598067532,787,9.09568378,0.259089303
103249.667224,0.0293182222,0.0187521252,0.0539377109,0.0539377109,0.00613106788,787,8.45104226,0.259172982
103249.677253,0.0372177729,-0.00691068648,0.0474326934,0.0474326934,0.00638095779,787,13.3125727,0.259172982
103249.687282,0.036161109,-0.00998004992,0.0522033477,0.0522033477,0.00661873098,785,6.5764058,0.259172982
103249.697311,0.0529087921,-0.0157243075,0.0452485274,0.0452485274,0.00702235462,787,11.4135333,0.259172982
103249.707340,0.024472192,-0.0257589792,0.0434113138,0.0434113138,0.00715576563,787,13.730265,0.259172982
103249.717369,0.0242223807,-0.0323670583,0.0426474066,0.0426474066,0.00730232459,787,12.5599256,0.259172982
103249.727398,-0.006008477,-0.0392002951,0.045071252,0.045071252,0.00718187147,787,13.9981125,0.259172982
103249.737427,-0.0156243656,-0.0175404827,0.0461754809,0.0461754809,0.0069351399,787,11.2504564,0.259172982
103249.747456,-0.0407804266,-0.0135735678,0.0455859686,0.0455859686,0.00645175065,787,9.70857007,0.259172982
103249.757485,-0.0544228681,0.00108378592,0.0460526614,0.0460526614,0.00581315799,787,12.0158822,0.259172982
103249.767514,-0.059486579,0.00716681374,0.0443147647,0.0443147647,0.00512422164,787,15.0175292,0.259172982
103249.777543,-0.054554625,0.00115481122,0.0461079047,0.0461079047,0.00451986229,787,8.83795052,0.259172982
103249.787572,-0.0580644635,0.0154308297,0.0446088737,0.0446088737,0.00384633558,787,10.0388112,0.259172982
103249.797601,-0.0574574022,0.0125718987,0.0491043984,0.0491043984,0.00320575586,787,12.739514,0.259172982
103249.807630,-0.0444001159,-0.00610930958,0.0494591781,0.0494591781,0.00278619225,787,9.16113506,0.259172982
103249.817659,-0.0673931525,-0.00115694124,0.0489448638,0.0489448638,0.00219555478,787,10.5753546,0.259172982
103249.827688,-0.0560858071,-0.00738866556,0.053651782,0.053651782,0.00182230374,787,8.82905551,0.259172982
103249.837717,-0.0158443578,-0.0312060335,0.049270748,0.049270748,0.00196151127,785,7.6237896,0.259172982
103249.847746,-0.00835271848,-0.0564635527,0.0473978965,0.0473978965,0.00239746322,787,12.876682,0.259172982
103249.857775,0.000980252136,-0.0508368259,0.0467096328,0.0467096328,0.00282776188,787,11.6547514,0.259172982
103249.867804,0.0169166157,-0.0356753873,0.0464182371,0.0464182371,0.00315652236,787,8.23320648,0.259172982
103249.877833,0.0272813115,-0.04023398,0.0464268852,0.0464268852,0.00355568891,787,14.6627157,0.258824021
103249.887862,0.00961643999,-0.0329262564,0.0431827555,0.0431827555,0.0038223744,787,11.2780955,0.258824021
103249.897891,0.0165210388,-0.0256065399,0.0453214177,0.0453214177,0.00403952639,787,12.5912442,0.258824021
103249.907920,0.00237411762,-0.017050811,0.0484570874,0.0484570874,0.00412537461,787,9.05729051,0.258824021
103249.917949,-0.012131598,-0.0205702188,0.0447989746,0.0447989746,0.0041970652,787,12.2939384,0.258376977
103249.927977,0.000343519621,-0.0297370943,0.0477432889,0.0477432889,0.00439499453,787,13.6923723,0.258376977
103249.938006,0.00582192447,-0.0243214953,0.0457927689,0.0457927689,0.00455412028,787,10.3071309,0.258376977
103249.948035,-0.00346040032,-0.0277205554,0.0456607871,0.0456607871,0.00471776492,787,11.8655027,0.258376977
103249.958064,0.0158003245,-0.0231030934,0.0481565029,0.0481565029,0.00488550649,787,9.00762389,0.258376977
103249.968093,-0.00463702402,-0.0375000709,0.0447532033,0.0447532033,0.00513310966,787,12.6781058,0.258376977
103249.978122,0.0130087474,-0.0352784922,0.0445827421,0.0445827421,0.00540010841,787,15.7665705,0.258376977
103249.988151,-0.00201260062,-0.0225109159,0.0443334613,0.0443334613,0.00550328787,787,11.7793108,0.258376977
103249.998180,0.004365691,-0.0229552131,0.0434768828,0.0434768828,0.00562444322,787,13.9618209,0.258376977
103250.008209,0.0278836662,-0.0213564721,0.0447881617,0.0447881617,0.00578768481,787,13.0978489,0.258376977
103250.018238,0.0225224424,-0.0435788041,0.0415824965,0.0415824965,0.00614761423,787,14.7998147,0.258376977
103250.028267,0.0278402647,-0.0463351226,0.0468139185,0.0468139185,0.0065435686,785,7.90646912,0.258376977
103250.038295,0.0279676488,-0.0461584481,0.0437691785,0.0437691785,0.0069326563,787,11.5152502,0.258376977
103250.048324,0.0270617573,-0.0299430674,0.0462725717,0.0462725717,0.00716320099,787,10.3210531,0.258376977
103250.058353,0.0305670798,-0.0209547473,0.0469359483,0.0469359483,0.0073229223,787,10.2767784,0.258376977
103250.068382,0.0492495118,-0.0159659501,0.0451971836,0.0451971836,0.00751575333,787,9.81913719,0.258376977
103250.078411,0.0530603819,-0.0282280014,0.0471615738,0.0471615738,0.00784767597,787,11.1803086,0.258376977
103250.088440,0.0697029961,-0.0298987618,0.0451006687,0.0451006687,0.00828432079,787,9.45265289,0.258376977
103250.098469,0.0670592631,-0.0368911712,0.0470494286,0.0470494286,0.00877885187,787,11.9181604,0.258376977
103250.108498,0.078295578,-0.0291138278,0.0479941711,0.0479941711,0.00928076238,787,11.3227505,0.258376977
103250.118527,0.0740044193,-0.0258795024,0.051860016,0.051860016,0.00974377859,785,8.82088082,0.258376977
103250.128556,0.0683431211,-0.05245058,0.0494501182,0.0494501182,0.0103772307,787,11.7844501,0.258376977
103250.138585,0.0737458249,-0.0536925916,0.0484776176,0.0484776176,0.0110455971,787,13.0456992,0.258376977
103250.148614,0.0820904704,-0.0499085069,0.0490438974,0.0490438974,0.0117321358,787,12.2033176,0.258376977
103250.158643,0.0968423886,-0.0539423795,0.046346896,0.046346896,0.0125403093,787,9.20260573,0.258376977
103250.168672,0.0922166579,-0.0422609339,0.0506955452,0.0506955452,0.0132277291,787,11.9794218,0.258376977
103250.178701,0.0809944014,-0.00665918636,0.0476087911,0.0476087911,0.0135921678,787,10.0889403,0.258376977
103250.188730,0.0535120278,0.0187504287,0.0424686837,0.0424686837,0.0135994319,787,13.5544333,0.258376977
103250.198759,0.0453160539,0.035530825,0.0463452894,0.0463452894,0.0134586437,787,11.1784037,0.258376977
103250.208788,0.0375921864,0.0531475499,0.0465725528,0.0465725528,0.0131812928,787,11.2334195,0.258376977
103250.218817,0.0357764604,0.0724774791,0.0476453718,0.0476453718,0.0128253214,787,13.1560364,0.258376977
103250.228846,0.025219097,0.0828561931,0.049066263,0.049066263,0.0123862262,787,11.0421595,0.258376977
103250.238875,0.0159692803,0.07372865,0.0495103356,0.0495103356,0.0119661757,787,9.89029938,0.258376977
103250.248904,0.0179052868,0.0516931585,0.0507749404,0.0507749404,0.0116947426,787,8.29136527,0.258376977
103250.258933,0.00631485627,0.0120176903,0.0444201845,0.0444201845,0.0114796794,787,12.3081855,0.258376977
103250.268962,0.00359499958,-0.0114042126,0.042642001,0.042642001,0.0113274702,787,14.855137,0.258376977
103250.278991,-0.00186570044,-0.00873424821,0.0445820144,0.0445820144,0.0111193939,787,14.5024344,0.258376977
103250.289020,0.0102706842,-0.0108303412,0.04360379,0.04360379,0.0110343172,787,10.9844511,0.258376977
103250.299049,0.0401229395,-0.0113554541,0.0454536161,0.0454536161,0.0112248496,787,11.8838755,0.258376977
103250.309078,0.00916511441,-0.0258932794,0.0440532844,0.0440532844,0.0111847921,787,8.58055571,0.258376977
103250.319107,0.0158211514,-0.00442894647,0.045541516,0.045541516,0.0111250724,787,12.0311651,0.258376977
103250.329136,0.031303169,-0.00997217872,0.0478173839,0.0478173839,0.0112280101,787,10.8619404,0.258376977
103250.339165,0.0182728202,-0.00576718155,0.0486467938,0.0486467938,0.0111948433,787,11.0950512,0.258376977
103250.349194,0.0182227002,0.0191612485,0.0463984605,0.0463984605,0.011070095,787,9.0904458,0.258376977
103250.359223,0.00108752765,0.0420042634,0.0439357886,0.0439357886,0.0107186504,787,16.1228231,0.258376977
103250.369252,0.0105684236,0.0366765156,0.0451413965,0.0451413965,0.0104932333,787,13.885863,0.258376977
103250.379281,-0.0157725889,0.0560448911,0.0470059602,0.0470059602,0.009986623,787,9.50552783,0.258376977
103250.389310,-0.0287949168,0.045538812,0.0438201572,0.0438201572,0.00941082897,787,11.0014942,0.258376977
103250.399339,-0.0377821638,0.0376828469,0.050629655,0.050629655,0.00878832886,785,7.50398807,0.25830586
103250.409368,-0.0440416767,0.0118155304,0.0452423386,0.0452423386,0.00816867809,787,10.0135398,0.257343258
103250.419397,-0.0401049485,0.0133298871,0.0465483765,0.0465483765,0.00759696512,787,8.85523191,0.257343258
103250.429426,-0.0260791906,0.0198454716,0.0468631919,0.0468631919,0.00716327475,787,9.75252463,0.257343258
103250.439455,-0.0173100964,-0.00717571005,0.0463587416,0.0463587416,0.00686535534,787,12.7327498,0.257343258
103250.449484,-0.0243617581,-0.00698781778,0.0482079044,0.0482079044,0.00650614551,787,9.22925411,0.257343258
103250.459513,0.00718723281,-0.0494926538,0.044416922,0.044416922,0.00655163908,787,14.3964905,0.257343258
103250.469542,0.0331623322,-0.0490474787,0.0449997258,0.0449997258,0.00686949105,787,14.3173193,0.257343258
103250.479571,0.0437675362,-0.0470600944,0.0454574355,0.0454574355,0.00729129831,787,10.9084215,0.257343258
103250.489600,0.0402438934,-0.0400605231,0.0455002354,0.0455002354,0.00765833897,787,8.30531139,0.257343258
103250.499629,0.0170918067,-0.0502410246,0.0452734222,0.0452734222,0.00785740396,787,12.2410975,0.25733156
103250.509658,-0.0109996272,-0.0394291509,0.0439322013,0.0439322013,0.00777692302,787,10.4632351,0.25733156
103250.519687,0.0053921112,-0.0420205667,0.0466630223,0.0466630223,0.00787007491,787,10.7031428,0.25733156
103250.529716,0.0116478827,-0.0589551567,0.0453918847,0.0453918847,0.00811748919,787,11.7879878,0.25733156
103250.539745,0.00688705857,-0.0657087997,0.0466004886,0.0466004886,0.0083839691,787,13.16925,0.25733156
103250.549774,0.00840223769,-0.0752682414,0.0459376378,0.0459376378,0.00874459714,787,14.8606583,0.25733156
103250.559803,-0.000285823787,-0.0694459692,0.0440427271,0.0440427271,0.00902702063,787,18.1723381,0.25733156
103250.569832,-0.0217200034,-0.0684332495,0.0468756813,0.0468756813,0.00918073936,785,6.39058065,0.25733156
103250.579861,-0.0308010756,-0.0644335168,0.0457397594,0.0457397594,0.00928617168,787,12.6350038,0.25733156
103250.589890,-0.0167476253,-0.0637408276,0.0508376158,0.0508376158,0.00950635722,787,10.9223271,0.25733156
103250.599919,-0.0444259702,-0.0517854969,0.0499486081,0.0499486081,0.00950488585,787,9.67748481,0.25733156
103250.609948,-0.0588393121,-0.0275023318,0.0456937107,0.0456937107,0.00926944505,787,10.8335792,0.25733156
103250.619977,-0.0691339671,-0.0235602179,0.0459424216,0.0459424216,0.00900747919,787,12.7535641,0.25733156
103250.630006,-0.0830242659,-0.0382817551,0.0486755627,0.0486755627,0.00890448482,787,11.4962864,0.25733156
103250.640035,-0.0863552343,-0.0536372704,0.0502842559,0.0502842559,0.00903506439,787,10.3801153,0.25733156
103250.650064,-0.0873716184,-0.0548777558,0.0594311966,0.0594311966,0.00927165546,785,8.99968798,0.25733156
103250.660093,-0.0917939459,-0.0744099903,0.058438539,0.058438539,0.00978484527,785,9.52319285,0.25733156
103250.670122,-0.0960656677,-0.0662949137,0.0529145091,0.0529145091,0.0102956618,787,16.6522315,0.25733156
103250.680151,-0.0851608442,-0.0673911909,0.0490662512,0.0490662512,0.0108634411,787,11.0812297,0.25733156
103250.690180,-0.0961702767,-0.0401658216,0.0525933283,0.0525933283,0.0112331904,785,8.16208354,0.25733156
103250.700209,-0.0766219782,-0.0433947409,0.0539213243,0.0539213243,0.0116276834,785,8.47914814,0.25733156
103250.710238,-0.0616792965,-0.0462336751,0.0462663101,0.0462663101,0.0120215345,787,13.2047991,0.25733156
103250.720267,-0.0423607088,-0.0295209139,0.0445655267,0.0445655267,0.012200911,787,12.8426231,0.25733156
103250.730296,-0.0369665648,-0.027975246,0.0438348271,0.0438348271,0.0123495681,787,11.9276467,0.25733156
103250.740325,-0.000894996509,-0.0250992658,0.0451241903,0.0451241903,0.0123392232,787,11.6774848,0.25733156
103250.750354,-0.00305596012,-0.0308333896,0.045928224,0.045928224,0.0123898824,787,10.0563487,0.25733156
103250.760382,-0.0100277362,-0.0459404269,0.0467548299,0.0467548299,0.0126032547,787,10.3710146,0.257098853
103250.770411,-0.0022933705,-0.0454007949,0.048274617,0.048274617,0.0127813889,787,11.1679045,0.257098853
103250.780440,-0.0300527321,-0.050858977,0.0434250003,0.0434250003,0.0131018039,787,16.653129,0.256288846
103250.790469,-0.0234251321,-0.0555724079,0.0461622296,0.0461622296,0.0134366958,787,12.5125502,0.256288846
103250.800498,-0.0211657307,-0.0542977227,0.0446885701,0.0446885701,0.0137454279,787,8.57238268,0.256288846
103250.810527,-0.0131873997,-0.0515310958,0.0494409056,0.0494409056,0.013994944,787,11.8031705,0.256288846
103250.820556,-0.00240023314,-0.0449631984,0.0491820431,0.0491820431,0.0141426077,787,10.4307677,0.256288846
103250.830585,0.00822457379,-0.0374842021,0.0470066486,0.0470066486,0.0141845789,785,7.34437724,0.256288846
103250.840614,0.0153652721,-0.0514192227,0.0462144206,0.0462144206,0.0143367722,787,13.7425013,0.256288846
103250.850643,0.0139661456,-0.0357973599,0.0431795599,0.0431795599,0.0143493249,787,13.6489041,0.256288846
103250.860672,-0.00620099832,-0.0365688256,0.046293808,0.046293808,0.0144288918,787,9.4922044,0.256288846
103250.870701,-0.0140937119,-0.0417476293,0.0474473982,0.0474473982,0.0145781645,787,10.7821511,0.256288846
103250.880730,-0.0133322051,-0.0453674258,0.0452310161,0.0452310161,0.0147563933,787,14.1515326,0.256288846
103250.890759,-0.0190288047,-0.044171804,0.0456382385,0.0456382385,0.0149362026,787,14.2090341,0.256288846
103250.900788,-0.0437727103,-0.0721007213,0.0421889915,0.0421889915,0.0154477857,787,15.8501506,0.256288846
103250.910817,-0.0618849939,-0.0568446209,0.0459871695,0.0459871695,0.0158675087,787,10.3347886,0.256288846
103250.920846,-0.0573522557,-0.0642154288,0.04533592,0.04533592,0.0163408781,787,11.9349271,0.256288846
103250.930875,-0.0290587375,-0.0523695787,0.0450162398,0.0450162398,0.0166020086,787,11.4700584,0.256288846
103250.940904,-0.0308971928,-0.0521200442,0.0466152059,0.0466152059,0.0168626455,787,11.3794421,0.256288846
103250.950933,-0.0117899645,-0.0378194943,0.0433624279,0.0433624279,0.0169197281,787,14.8408811,0.256288846
103250.960962,0.00316362605,-0.0442779413,0.0460789001,0.0460789001,0.0169833355,787,10.0946312,0.256288846
103250.970991,0.01200711,-0.025268405,0.0459093867,0.0459093867,0.0168423561,787,13.074528,0.256288846
103250.981020,0.018647031,-0.0327759624,0.0432451045,0.0432451045,0.0167551427,787,12.1861736,0.256288846
103250.991049,0.00499145237,-0.0427083793,0.0440746504,0.0440746504,0.0168085477,787,12.6315071,0.256288846
103251.001078,0.0369977687,-0.0341604758,0.0454308091,0.0454308091,0.0166902103,785,8.07175008,0.256288846
103251.011107,0.0417193338,-0.0367790337,0.0495803937,0.0495803937,0.0165990517,787,12.0308599,0.256288846
103251.021136,0.025029912,-0.0495286823,0.0463976577,0.0463976577,0.0166841769,787,13.2671167,0.256288846
103251.031165,0.0464478193,-0.052402371,0.0442640316,0.0442640316,0.0167589091,787,12.2099662,0.256288846
103251.041195,0.0568095907,-0.0472302344,0.046794464,0.046794464,0.0167832996,787,13.0837077,0.256288846
103251.051224,0.0694032842,-0.0575749003,0.0464178896,0.0464178896,0.0169164634,787,13.1362738,0.256288846
103251.061253,0.0991020815,-0.0680193634,0.0483382067,0.0483382067,0.0171628014,787,15.8403771,0.256288846
103251.071282,0.119840679,-0.078616754,0.0507792533,0.0507792533,0.0175696975,787,13.0821869,0.256288846
103251.081311,0.120112982,-0.0757557311,0.0598506779,0.0598506779,0.0180194624,785,13.3500184,0.256288846
103251.091340,0.120082789,-0.0726115402,0.0677192183,0.0677192183,0.0185002176,785,13.3162212,0.256288846
103251.101369,0.118810939,-0.0699675146,0.0747656295,0.0747656295,0.0190064611,785,12.1580743,0.256288846
103251.111398,0.117640028,-0.0679539708,0.0812042148,0.0812042148,0.0195355536,785,12.7881741,0.256288846
103251.121427,0.116642964,-0.0669927091,0.0871697683,0.0871697683,0.0200901607,785,12.3052777,0.256288846
103251.131456,0.123346915,-0.0655716017,0.0701855579,0.0701855579,0.0206840691,787,14.6860991,0.256288846
103251.141485,0.133750136,-0.0661332701,0.0621558923,0.0621558923,0.0213520247,787,12.6265357,0.256288846
103251.151514,0.0985566912,-0.0707476161,0.0485589603,0.0485589603,0.0219509461,787,11.9580288,0.256288846
103251.161543,0.0847581961,-0.0329507456,0.0460450891,0.0460450891,0.0221611081,787,11.0865051,0.256288846
103251.171572,0.0711014426,-0.0619711452,0.0426542735,0.0426542735,0.0225788748,787,11.3645711,0.256288846
103251.181601,0.0522019951,-0.0562412833,0.0459560585,0.0459560585,0.0228593098,787,10.7711946,0.256288846
103251.191630,0.0119944671,-0.0329160758,0.0453725824,0.0453725824,0.0227518011,787,11.9159374,0.256288846
103251.201659,-0.0048956351,-0.0169418727,0.0413869153,0.0413869153,0.0224316802,787,17.1163577,0.256288846
103251.211688,-0.0301687711,-0.00805694275,0.044490661,0.044490661,0.0219311444,787,13.702517,0.256288846
103251.221717,-0.0610910694,-0.00348823506,0.0452659285,0.0452659285,0.0212773587,787,9.54405912,0.256288846
103251.231746,-0.0627262089,-0.00280975097,0.0507741353,0.0507741353,0.0206390659,787,13.10752,0.256288846
103251.241775,-0.0821063063,0.0186617686,0.0510735767,0.0510735767,0.0197647228,787,12.6126981,0.256288846
103251.251804,-0.101040511,0.0463930333,0.0481188046,0.0481188046,0.0186144006,787,14.9304479,0.256288846
103251.261833,-0.107793174,0.0524514399,0.0493558744,0.0493558744,0.0174462336,787,15.5350617,0.256288846
103251.271862,-0.103696984,0.0513788181,0.0485579281,0.0485579281,0.0163652871,787,12.1965847,0.256288846
103251.281891,-0.0944998152,0.0547322679,0.050185833,0.050185833,0.0153363629,787,11.0781762,0.256288846
103251.291920,-0.0979662652,0.0595451334,0.0496498556,0.0496498556,0.0143219547,787,14.8915369,0.256090507
103251.301949,-0.103812448,0.0558411232,0.0467888503,0.0467888503,0.0134181368,787,13.722808,0.255412377
103251.311978,-0.0904566076,0.0478570486,0.0473795746,0.0473795746,0.012681005,787,18.8921179,0.255412377
103251.322007,-0.104675563,0.0510602812,0.0452438541,0.0452438541,0.0120079012,787,12.7677758,0.255412377
103251.332036,-0.103823651,0.0444023481,0.0482141028,0.0482141028,0.0115085688,787,13.7520228,0.255412377
103251.342065,-0.0868653722,0.0378786216,0.0478424826,0.0478424826,0.0111348338,787,17.7806783,0.255412377
103251.352094,-0.099117039,0.0411862813,0.0462600413,0.0462600413,0.0108610396,787,14.4692981,0.255412377
103251.362123,-0.0953955068,0.0359768171,0.0524616457,0.0524616457,0.0107241113,787,9.57607859,0.255422541
103251.372152,-0.0756805172,0.0222056662,0.0447042907,0.0447042907,0.0106931856,787,16.3977227,0.255481473
103251.382181,-0.0824519672,0.0229462987,0.0470702635,0.0470702635,0.0107487655,787,10.0911198,0.255743407
103251.392210,-0.0627394871,0.0214793824,0.0474992689,0.0474992689,0.0107483903,787,9.80394715,0.255743407
103251.402239,-0.0433540512,-0.00115048511,0.0423949733,0.0423949733,0.0108213073,787,16.4265734,0.255743407
103251.412268,-0.0345950296,-0.00999649923,0.0426864751,0.0426864751,0.010907986,787,10.5238322,0.255743407
103251.422297,-0.0155949668,-0.0250553181,0.0413229147,0.0413229147,0.0109791494,787,10.1276285,0.255743407
103251.432327,-0.00734282633,-0.00183522723,0.0431008223,0.0431008223,0.0108249496,787,15.2715695,0.255743407
103251.442356,0.0057728826,-0.0177194418,0.0454285089,0.0454285089,0.0107044954,787,13.2199294,0.255743407
103251.452385,0.0234556271,-0.0104091786,0.0423205861,0.0423205861,0.0104217042,787,18.4826333,0.255743407
103251.462414,-0.00284364594,-0.00808840681,0.041492016,0.041492016,0.0102957495,787,15.18432,0.255743407
103251.472443,0.0126266755,-0.00804051119,0.0435489552,0.0435489552,0.0100757385,787,9.64253745,0.255743407
103251.482472,0.0234617703,-0.00492521819,0.0446642663,0.0446642663,0.00977260632,787,15.8622027,0.255743407
103251.492501,0.0372400443,-0.0055812527,0.0412438652,0.0412438652,0.00940554263,787,12.9082531,0.255743407
103251.502530,0.045595634,0.0149626401,0.0424609054,0.0424609054,0.00884378571,787,15.0043102,0.255743407
103251.512559,0.0305478148,-0.000185006243,0.0466397637,0.0466397637,0.00850745926,787,10.0112194,0.255743407
103251.522588,0.0478256808,-0.0123504002,0.0432065057,0.0432065057,0.00820509441,787,9.725918,0.255743407
103251.532617,0.0202470969,-0.0215354298,0.0446422731,0.0446422731,0.00813710393,787,12.1736198,0.255743407
103251.542646,0.0299197283,-0.0141561324,0.0433542235,0.0433542235,0.00797387153,787,12.3639166,0.255743407
103251.552675,0.0275514636,-0.008092114,0.0446961515,0.0446961515,0.00778108446,787,10.4712955,0.255743407
103251.562704,0.0356023075,-0.00479985824,0.0443358125,0.0443358125,0.00754447786,787,13.865683,0.255743407
103251.572733,0.0398926685,-0.000594818967,0.0420648854,0.0420648854,0.00727645387,787,14.8193066,0.255743407
103251.582762,0.0342730844,0.00539091894,0.0447570338,0.0447570338,0.00699006668,787,13.2762123,0.255743407
103251.592791,0.0266718875,-0.00181181763,0.0424844616,0.0424844616,0.00680846908,787,12.1005597,0.255743407
103251.602820,0.0431265722,0.00540816247,0.0444044518,0.0444044518,0.00654352899,787,10.7106349,0.256085929
103251.612849,0.0366055544,0.00379104989,0.0421720647,0.0421720647,0.00633177541,787,16.6431202,0.256085929
103251.622878,0.0139621652,-0.0207424199,0.0399815031,0.0399815031,0.00639828889,787,15.3445827,0.256085929
103251.632907,-0.00147325576,-0.0209363336,0.0435802227,0.0435802227,0.00647882274,787,12.2632606,0.256085929
103251.642936,0.0135800121,-0.0099932384,0.0430718157,0.0430718157,0.00644078656,787,15.5367902,0.254960561
103251.652965,-0.0101809547,-0.00189139809,0.0425911685,0.0425911685,0.00633890101,787,14.0489508,0.254960561
103251.662994,-0.00581384408,0.00743448981,0.043918776,0.043918776,0.00614564024,787,14.0325284,0.254408592
103251.673023,-0.0196794181,0.0263854279,0.0413908522,0.0413908522,0.00578559668,787,12.6063513,0.254408592
103251.683052,-0.0238683161,0.0209583505,0.0436158821,0.0436158821,0.00550054592,787,13.1390511,0.254408592
103251.693081,-0.0295391631,0.0377253263,0.0425384056,0.0425384056,0.00508558013,787,12.7590763,0.254976363
103251.703110,-0.0226180324,0.03474383,0.0444712727,0.0444712727,0.00471346526,787,15.5056047,0.254976363
103251.713139,-0.0281143598,0.0337269983,0.0447339882,0.0447339882,0.00439850755,787,17.5279184,0.254976363
103251.723168,-0.0291424605,0.0378621046,0.0428648481,0.0428648481,0.00409115342,787,12.4863558,0.254976363
103251.733197,-0.0288446321,0.0445359108,0.0449642658,0.0449642658,0.00377836777,787,14.2773444,0.254976363
103251.743226,-0.0481962222,0.0242148801,0.0453417157,0.0453417157,0.00380919199,787,11.4995044,0.25452856
103251.753255,-0.0494305844,0.0374809431,0.0453372096,0.0453372096,0.00383460687,787,13.2083724,0.254533679
103251.763284,-0.0577604825,0.0515104407,0.0472101226,0.0472101226,0.00395588172,787,9.60397913,0.254811695
103251.773313,-0.0513945744,0.0370910737,0.0439285456,0.0439285456,0.00419147573,787,13.5556988,0.254811695
103251.783342,-0.0519468929,0.0386558389,0.045335532,0.045335532,0.00448860535,787,12.5899114,0.254811695
103251.793371,-0.0455145438,0.0207289694,0.0444769348,0.0444769348,0.00479787341,787,11.6961379,0.254811695
103251.803400,-0.0333920682,0.0202698602,0.0487477579,0.0487477579,0.00499948008,787,8.74745773,0.254811695
103251.813429,-0.0457777979,0.0303996294,0.0455888264,0.0455888264,0.00532359602,787,11.3043049,0.254811695
103251.823458,-0.057355106,0.0361091987,0.0510717443,0.0510717443,0.00577545044,787,11.4907302,0.254811695
103251.833487,-0.0750244011,0.0318588469,0.0506063531,0.0506063531,0.00641047333,787,12.5281291,0.254811695
103251.843517,-0.0877669839,0.0237399071,0.0500148229,0.0500148229,0.0071620731,785,9.37711318,0.254811695
103251.853546,-0.0983012509,0.0124789872,0.0535363304,0.0535363304,0.007994745,785,9.31455789,0.254811695
103251.863575,-0.0923343973,0.0303252636,0.0547882332,0.0547882332,0.00877111743,785,9.67101043,0.254811695
103251.873604,-0.0919101919,0.0348946899,0.06328832,0.06328832,0.0095385363,785,8.28441839,0.254811695
103251.883633,-0.0783701828,0.0747119775,0.0540325173,0.0540325173,0.0102349319,787,15.1675442,0.254811695
103251.893662,-0.0705393277,0.0745620969,0.0479774541,0.0479774541,0.0108745868,787,12.2591284,0.2544715
103251.903691,-0.0636221985,0.0540068242,0.0499138156,0.0499138156,0.011405047,787,9.8088255,0.2544715
103251.913720,-0.0806318219,0.0364676718,0.0466290582,0.0466290582,0.0120429576,787,10.5708562,0.2544715
103251.923749,-0.0838821397,0.0403572261,0.0471568574,0.0471568574,0.0127113542,787,12.1581823,0.2544715
103251.933778,-0.0510662869,0.0770903714,0.0483152948,0.0483152948,0.0131808287,787,10.4378755,0.2544715
103251.943807,-0.0556505626,0.0283853515,0.0427899799,0.0427899799,0.0135314696,787,15.2302873,0.2544715
103251.953836,-0.0581044503,0.0182345151,0.0453548824,0.0453548824,0.0138633962,787,12.5552478,0.2544715
103251.963865,-0.0483269039,0.0258744251,0.0419991548,0.0419991548,0.0141247525,787,13.9495666,0.2544715
103251.973894,-0.0325464337,0.0213715821,0.0433562582,0.0433562582,0.0142205842,787,12.1155031,0.2544715
103251.983923,-0.0378152971,0.0181582159,0.0457695348,0.0457695348,0.014351985,787,9.54222569,0.2544715
103251.993952,-0.0109344126,0.0238577089,0.0420116804,0.0420116804,0.0142552991,787,13.2962921,0.2544715
103252.003981,-0.0034522343,0.0276570326,0.0436784862,0.0436784862,0.0141091596,787,14.3359065,0.2544715
103252.014010,0.00326892277,0.0125483586,0.0425640311,0.0425640311,0.0138502303,787,13.8875689,0.2544715
103252.024039,0.00462972027,0.0170225073,0.0444660332,0.0444660332,0.0136030905,787,13.8292135,0.2544715
103252.034068,0.00436282959,0.0188321271,0.044632457,0.044632457,0.0133728111,787,10.8357418,0.254300442
103252.044097,0.00417743236,0.0284684673,0.0444674162,0.0444674162,0.0131924448,787,12.2555544,0.254300442
103252.054126,-0.012568711,0.0315420881,0.0452000938,0.0452000938,0.0131816175,787,15.2670378,0.254300442
103252.064155,-0.00829198132,0.0503142369,0.0442532167,0.0442532167,0.0132250382,787,10.2844724,0.254300442
103252.074184,-0.0274228093,0.0317028944,0.0456478742,0.0456478742,0.0133517941,787,11.4632588,0.254300442
103252.084213,-0.033332384,0.0340916013,0.0467988977,0.0467988977,0.0135396283,787,14.0669826,0.254300442
103252.094243,-0.0486814467,0.0506680356,0.0453730049,0.0453730049,0.0139377565,787,13.339312,0.254300442
103252.104272,-0.0552802571,0.0695326542,0.0499531069,0.0499531069,0.0144829532,787,13.4101977,0.254300442
103252.114301,-0.0570551536,0.0722668163,0.0472937714,0.0472937714,0.0150527401,787,14.6864474,0.254300442
103252.124330,-0.0636373385,0.0750975938,0.0529521179,0.0529521179,0.0156861797,787,13.062733,0.254300442
103252.134359,-0.0602793491,0.0719436272,0.0617053086,0.0617053086,0.0162667575,785,13.7748725,0.254300442
103252.144388,-0.0543225322,0.0663339869,0.0693641414,0.0693641414,0.0167597671,785,17.074579,0.254300442
103252.154417,-0.0476747967,0.0610236758,0.076259068,0.076259068,0.0171623521,785,12.6070137,0.254300442
103252.164446,-0.0406645493,0.0563838902,0.0825816579,0.0825816579,0.0174769934,785,9.1910011,0.254300442
103252.174475,-0.0360593343,0.0545852757,0.0884546883,0.0884546883,0.0177411611,785,13.2946289,0.254300442
103252.184504,-0.0356333958,0.0579015301,0.0939624619,0.0939624619,0.0180195911,785,17.3769646,0.254300442
103252.194533,-0.037600711,0.0633425079,0.0991658717,0.0991658717,0.0183442865,785,6.77503024,0.254300442
103252.204562,-0.0511245547,0.0939588016,0.0617183122,0.0617183122,0.0189621386,787,16.1459493,0.254300442
103252.214591,-0.0349223386,0.0876388903,0.0530822869,0.0530822869,0.0194151147,785,8.86425681,0.254300442
103252.224620,-0.0426971562,0.0818726638,0.0523451177,0.0523451177,0.0198855116,787,10.1018633,0.254300442
103252.234649,-0.0403438405,0.0906947711,0.0488881794,0.0488881794,0.0203946471,787,10.1546099,0.254300442
103252.244678,-0.0447038608,0.0940921002,0.0499629547,0.0499629547,0.0209544574,787,11.7734075,0.254300442
103252.254707,-0.0542891613,0.10029482,0.050719035,0.050719035,0.0216185106,787,12.9398036,0.254300442
103252.264736,-0.0592043114,0.109777364,0.0514081865,0.0514081865,0.0223748131,787,14.6314308,0.25406685
103252.274765,-0.0634140945,0.113323649,0.0515593332,0.0515593332,0.0231745603,787,14.2346955,0.25406685
103252.284794,-0.0501672551,0.115135668,0.0482553828,0.0482553828,0.0238888246,787,11.7905828,0.25406685
103252.294824,-0.0396850601,0.115976722,0.0487056444,0.0487056444,0.0245344225,787,15.3219987,0.25406685
103252.304853,-0.0372535327,0.120001021,0.0523127052,0.0523127052,0.0254433884,785,7.82892259,0.25406685
103252.314882,0.0043079038,0.100427833,0.0475035719,0.0475035719,0.0261992864,787,13.8943194,0.25406685
103252.324911,0.0124639749,0.0910777734,0.047038808,0.047038808,0.0268489107,787,12.5457903,0.25406685
103252.334940,0.0368742882,0.0777865989,0.0439703904,0.0439703904,0.027267286,787,13.9373821,0.25406685
103252.344969,0.0474102464,0.0722417901,0.0467943984,0.0467943984,0.0276039239,787,11.0045851,0.25406685
103252.354998,0.0626461578,0.054704122,0.0485469783,0.0485469783,0.0274874147,787,10.4737499,0.25406685
103252.365027,0.0773379913,0.0467454268,0.0466333927,0.0466333927,0.0270117526,787,10.3047002,0.25406685
103252.375056,0.0780403471,0.0432467694,0.0483980987,0.0483980987,0.0265442079,787,12.1655365,0.25406685
103252.385085,0.103008896,0.0142006711,0.0448853733,0.0448853733,0.0257559773,787,17.2962195,0.25406685
103252.395114,0.103173996,0.0203124191,0.0466817206,0.0466817206,0.0250799589,787,14.0334783,0.25406685
103252.405143,0.108279605,0.0319359512,0.0479656131,0.0479656131,0.024554575,787,11.2595363,0.25406685
103252.415172,0.0911215371,0.00163189551,0.0426448208,0.0426448208,0.0238586743,787,13.4791693,0.25362878
103252.425201,0.0695761077,-0.00232111243,0.0454620694,0.0454620694,0.0232284203,787,12.3015936,0.25362878
103252.435230,0.0575207582,0.00227538009,0.0424957138,0.0424957138,0.0227029789,787,10.6725705,0.25362878
103252.445259,0.0432536296,-0.00399956035,0.0446006502,0.0446006502,0.0221726315,787,11.3002065,0.25362878
103252.455288,0.0358717302,-0.00934698351,0.0430064459,0.0430064459,0.0216239224,787,10.3923367,0.25362878
103252.465317,0.0399307559,-0.0190418295,0.0452163863,0.0452163863,0.0209907276,787,11.9255212,0.25362878
103252.475346,0.0179670676,-0.0210680638,0.047274744,0.047274744,0.0203930623,787,10.8008713,0.25362878
103252.485375,0.00808753361,0.00182430809,0.0421039682,0.0421039682,0.0200463099,787,14.0166456,0.25362878
103252.495405,-0.00319754681,-0.0198011318,0.0452736136,0.0452736136,0.019515634,787,12.1882432,0.25362878
103252.505434,0.00364739322,-0.00380566131,0.0398478693,0.0398478693,0.019138993,787,12.8220743,0.25362878
103252.515463,0.00355070033,-0.00418392371,0.042882002,0.042882002,0.0187663028,787,13.6659971,0.25362878
103252.525492,-0.0148053864,-0.0168368572,0.0441570538,0.0441570538,0.0183095847,787,13.9539137,0.25362878
103252.535521,0.00432217246,-0.0417212285,0.0418444322,0.0418444322,0.0175884908,787,12.5815411,0.25362878
103252.545550,0.000125720984,-0.0484122385,0.0439827782,0.0439827782,0.0168246201,787,17.7736308,0.25362878
103252.555579,-5.1918623e-06,-0.0481328297,0.0429211182,0.0429211182,0.0160792576,787,16.0342411,0.25362878
103252.565608,0.00743421928,-0.0638981893,0.045272815,0.045272815,0.0151827418,787,15.3180949,0.25362878
103252.575637,0.0268533557,-0.0754772219,0.0466759284,0.0466759284,0.0141553012,787,14.3531929,0.25362878
103252.585666,0.0486920863,-0.0903760176,0.045617911,0.045617911,0.0129689631,787,13.0309003,0.253905172
103252.595695,0.0417175598,-0.0939677954,0.0494204624,0.0494204624,0.0117904125,787,12.9370302,0.253905172
103252.605724,-0.0141596216,0.0338828364,0.0417496628,0.0417496628,0.0119576265,787,14.2596984,0.253905172
103252.615753,-0.0284526206,0.0531223295,0.0524063305,0.0524063305,0.0123311939,785,15.9694261,0.253905172
103252.625782,-0.0388760071,0.0645720783,0.0612375314,0.0612375314,0.0128307187,785,11.9043075,0.253905172
103252.635811,-0.0449505326,0.077165895,0.0553504219,0.0553504219,0.0134605728,787,14.09292,0.253905172
103252.645840,-0.0590380454,0.0541683035,0.0513328014,0.0513328014,0.0138994457,787,9.99302708,0.253905172
103252.655869,-0.0139036259,0.0228501346,0.0437776686,0.0437776686,0.0139283875,787,14.1363955,0.253905172
103252.665898,1.40739816e-05,-0.00862826456,0.0440175525,0.0440175525,0.0136226486,787,15.0444695,0.253905172
103252.675927,0.0187423492,-0.0132357957,0.046114916,0.046114916,0.0132321119,787,12.0927211,0.253905172
103252.685957,0.0360218323,-0.0225195608,0.0431829115,0.0431829115,0.0127237077,787,15.1170943,0.253905172
103252.695986,0.0594435463,-0.0301860867,0.0451935897,0.0451935897,0.0121185637,787,13.7424746,0.253905172
103252.706015,0.0805748325,-0.0445894322,0.0455000804,0.0455000804,0.0113928359,787,12.2452552,0.253905172
103252.716044,0.0911086635,-0.0447380253,0.0481673295,0.0481673295,0.0107451422,787,15.1818718,0.253905172
103252.726073,0.0976591787,-0.0498439834,0.0495238421,0.0495238421,0.0101695985,787,16.9489788,0.253905172
103252.736102,0.119852084,-0.056894335,0.0481207759,0.0481207759,0.0097412268,787,16.9435048,0.253905172
103252.746131,0.1233274,-0.0594962948,0.0535019094,0.0535019094,0.00954875321,785,11.9273386,0.253905172
103252.756160,0.123056442,-0.0597795232,0.0621778437,0.0621778437,0.00961436663,785,9.12625965,0.253905172
103252.766189,0.119491858,-0.0790166623,0.0551215621,0.0551215621,0.00977319068,787,12.5263297,0.253905172
103252.776218,0.118654673,-0.0722497479,0.0530072599,0.0530072599,0.0102038156,787,10.9009388,0.253905172
103252.786247,0.0886427774,-0.0769487583,0.0505694133,0.0505694133,0.0105203426,787,10.9100846,0.253905172
103252.796276,0.0819044215,-0.0768566462,0.0498075851,0.0498075851,0.0108987833,787,10.526347,0.253905172
103252.806305,0.0883428756,-0.0789718105,0.0466038096,0.0466038096,0.0114346973,787,11.4522878,0.253905172
103252.816334,0.0699872664,-0.0498332184,0.0466669262,0.0466669262,0.0118893197,787,11.2900949,0.253905172
103252.826363,0.0660751605,-0.0414753667,0.0432294783,0.0432294783,0.0123310413,787,14.6606422,0.253905172
103252.836392,0.0338348856,-0.0266581471,0.0471615768,0.0471615768,0.0124660374,787,9.61348016,0.253905172
103252.846421,0.0130363083,-0.0108804411,0.0460984505,0.0460984505,0.012399091,787,12.1688274,0.253905172
103252.856450,-0.00923119892,0.0022831777,0.0445599917,0.0445599917,0.0121145323,787,10.2426015,0.253905172
103252.866479,-0.0206096662,0.0155979327,0.0447225653,0.0447225653,0.0117246829,787,12.1601507,0.253905172
103252.876509,-0.0286533281,0.010356123,0.0438163006,0.0438163006,0.0112645879,787,10.4384914,0.253905172
103252.886538,-0.045367514,0.0145696344,0.0449040324,0.0449040324,0.0106525498,787,12.8442016,0.253905172
103252.896567,-0.0468412812,0.0146557945,0.0549528728,0.0549528728,0.010041487,785,8.31018205,0.253905172
103252.906596,-0.0479074508,0.0209017395,0.044909335,0.044909335,0.00944211661,787,12.7183911,0.253905172
103252.916625,-0.0561036222,0.0236206633,0.0468501801,0.0468501801,0.00878802898,787,13.4954394,0.253905172
103252.926654,-0.0564920214,0.0113151389,0.046560185,0.046560185,0.00813565032,787,11.1801805,0.253905172
103252.936683,-0.0618534623,0.0152473367,0.0457409901,0.0457409901,0.00746163293,787,14.9897728,0.253905172
103252.946712,-0.0444487761,0.0193975476,0.0467037536,0.0467037536,0.00699359994,787,9.88804101,0.253905172
103252.956741,-0.04661562,0.0223914422,0.0453092295,0.0453092295,0.00654809431,787,11.0144995,0.253905172
103252.966770,-0.0480413951,0.0240069175,0.0470158846,0.0470158846,0.00614254408,787,10.3636474,0.253905172
103252.976799,-0.059782849,0.0323950534,0.0521934923,0.0521934923,0.00575587692,787,9.76654371,0.253905172
103252.986828,-0.0488658238,0.00935072489,0.0448565977,0.0448565977,0.00539816054,787,16.9017628,0.253905172
103252.996857,-0.049948046,0.0294244807,0.0441117515,0.0441117515,0.00526577656,787,13.5637378,0.253905172
103253.006886,-0.059947261,0.0171494547,0.0434193398,0.0434193398,0.00510863071,787,13.1923103,0.253905172
103253.016915,-0.0447129823,0.0398362692,0.0451702759,0.0451702759,0.00533885227,787,14.1112203,0.253905172
103253.026944,-0.0147682304,0.00671830091,0.0431166056,0.0431166056,0.00533395249,787,10.2459844,0.253905172
103253.036973,-0.020581567,-0.00284830289,0.0455027739,0.0455027739,0.00524228916,787,11.7154976,0.253905172
103253.047001,-0.0125796386,0.00264204945,0.045671985,0.045671985,0.00521730855,787,12.7533397,0.253905172
103253.057030,0.00495982538,-0.00254332468,0.0450461031,0.0450461031,0.00513833115,787,9.95527769,0.253905172
103253.067060,-0.00154175578,-0.021654205,0.04460462,0.04460462,0.0048749099,787,14.4490129,0.253905172
103253.077089,0.00924837957,-0.00968491704,0.0422911361,0.0422911361,0.00473304514,787,11.6799943,0.253905172
103253.087118,0.0138972705,0.00130303921,0.0490482375,0.0490482375,0.00470865029,785,7.95687558,0.253905172
103253.097147,0.00160279452,0.0239519008,0.0444911175,0.0444911175,0.00490216324,787,13.9722307,0.253844787
103253.107176,0.013464365,0.0184590236,0.0444808143,0.0444808143,0.0050493561,787,9.00243269,0.253844787
103253.117205,-0.00292503628,0.0226401827,0.0471601347,0.0471601347,0.00521824573,787,9.64894405,0.253844787
103253.127234,0.0145231768,0.0436182672,0.0438802223,0.0438802223,0.00560828881,787,11.2960068,0.253844787
103253.137263,0.00611668976,0.0289300897,0.045610558,0.045610558,0.00583805782,787,13.6862679,0.253844787
103253.147292,0.0293863369,0.00273662742,0.0436569105,0.0436569105,0.00585213848,787,11.123007,0.253844787
103253.157321,0.02322432,-0.0179486827,0.0459935997,0.0459935997,0.00567696149,787,9.88175478,0.253844787
103253.167350,0.00869013922,0.00059719557,0.0436400432,0.0436400432,0.00564797509,787,15.7694084,0.253844787
103253.177379,0.0195202588,-0.00628216471,0.0415054005,0.0415054005,0.00559825667,787,10.0401983,0.253844787
103253.187408,0.0248744607,-0.00765086813,0.0439804378,0.0439804378,0.00557499262,787,11.7084978,0.253844787
103253.197437,0.0340104173,-0.0142074764,0.0418714739,0.0418714739,0.00556919188,787,12.0822802,0.253844787
103253.207466,0.0438896092,-0.0211786047,0.0422803052,0.0422803052,0.00562021115,787,15.8654157,0.253844787
103253.217495,0.03229523,-0.00256778289,0.0452140978,0.0452140978,0.00576948173,787,13.2219895,0.253844787
103253.227525,0.0286077489,0.00295733127,0.0434374242,0.0434374242,0.00593840477,787,11.4193945,0.253844787
103253.237554,0.0441360717,0.00516943744,0.0462941923,0.0462941923,0.00624725773,787,10.398753,0.253844787
103253.247583,0.0530558913,0.000663642738,0.0425698762,0.0425698762,0.00661321638,787,10.8664514,0.253844787
103253.257612,0.0354647898,0.00424312273,0.0453833694,0.0453833694,0.006855031,787,12.1498726,0.253844787
103253.267641,0.0320404266,-0.0227982023,0.0452025755,0.0452025755,0.00694818309,787,12.5679341,0.253844787
103253.277670,0.0362909209,-0.00607007775,0.0423506504,0.0423506504,0.00716461788,787,14.2427492,0.253844787
103253.287699,0.0378953554,-0.0301487869,0.0446495971,0.0446495971,0.00732361964,787,12.9875154,0.253844787
103253.297728,0.0374427715,-0.00513897858,0.0435322572,0.0435322572,0.00756841041,787,11.8833088,0.253611766
103253.307757,0.0290604977,-0.00707401967,0.0445240479,0.0445240479,0.00772821246,787,11.8392388,0.253611766
103253.317786,0.0246720638,-0.00426523093,0.0460270263,0.0460270263,0.00785250648,787,9.86222388,0.253611766
103253.327815,0.0320843022,-0.00139511677,0.0454864652,0.0454864652,0.00805322521,787,8.8319427,0.253611766
103253.337844,0.0316189078,-0.00660564037,0.044127174,0.044127174,0.00823688491,787,12.162969,0.253611766
103253.347873,0.0378445145,-0.00522740079,0.0445565134,0.0445565134,0.00848218105,787,12.2245473,0.253611766
103253.357902,0.0378400278,-0.000294699507,0.0448410794,0.0448410794,0.00873217109,787,16.0156885,0.253611766
103253.367931,0.0279269136,-0.00159824082,0.0478675426,0.0478675426,0.00887956602,787,9.07092419,0.253611766
103253.377960,0.018851554,-0.00339395069,0.0448185026,0.0448185026,0.00893375154,787,11.201781,0.253611766
103253.387990,0.0203289944,0.0033452034,0.0443502489,0.0443502489,0.00901067787,787,10.0290498,0.253611766
103253.398019,0.0283285924,0.0026884891,0.0435710122,0.0435710122,0.00916309383,787,9.70091852,0.253611766
103253.408048,0.0398560136,-0.0114044433,0.0444622048,0.0444622048,0.00940782285,787,11.4908046,0.253611766
103253.418077,0.0131634566,0.00528473686,0.0433608188,0.0433608188,0.00940748184,787,15.1935405,0.253611766
103253.428106,0.0152475399,-0.00818329595,0.0410272646,0.0410272646,0.00941262215,787,14.5347703,0.253611766
103253.438135,0.021543663,-0.0171475492,0.0437649983,0.0437649983,0.00947332605,787,12.9513756,0.253611766
103253.448164,0.0266329224,-0.0139641465,0.0440630584,0.0440630584,0.00958940755,787,12.0119939,0.253611766
103253.458193,0.0326356565,0.013695767,0.0441305784,0.0441305784,0.00977962457,787,13.6501157,0.253611766
103253.468222,0.0140656794,0.000585148089,0.0410781195,0.0410781195,0.00977576487,787,14.8099273,0.253611766
103253.478251,0.0228759165,-0.00873183195,0.0444490247,0.0444490247,0.00985266223,787,12.3323839,0.253611766
103253.488280,0.023333316,-0.0021171882,0.0456443166,0.0456443166,0.00993696179,787,12.8435833,0.253041506
103253.498309,0.0176777554,-0.0060543734,0.0397852621,0.0397852621,0.00996245963,787,18.6700662,0.253041506
103253.508338,0.00121127133,0.00959404906,0.0428323757,0.0428323757,0.00983316907,787,8.20359321,0.2528724
103253.518367,-0.00291619491,0.0035855334,0.0431412043,0.0431412043,0.00966332552,787,13.4197689,0.2528724
103253.528397,0.00894727611,-0.00980090134,0.0444879864,0.0444879864,0.00960609317,787,13.9419817,0.2528724
103253.538426,0.00787702721,0.00370050391,0.043513834,0.043513834,0.00954641412,787,14.0204448,0.2528724
103253.548455,0.0101915088,-0.0046755946,0.0421683991,0.0421683991,0.009506706,787,11.6632672,0.2528724
103253.558484,0.00223210366,-0.00575319809,0.0458000618,0.0458000618,0.00938956177,787,8.85677245,0.253285157
103253.568513,0.0122989362,-0.000591856699,0.0453947732,0.0453947732,0.00937566813,787,10.1638806,0.253285157
103253.578542,0.0143962972,0.0122592632,0.0451423348,0.0451423348,0.00938790144,787,12.8999952,0.253285157
103253.588571,0.00776173386,0.0116383853,0.0473316438,0.0473316438,0.00933629462,787,10.2318365,0.253285157
103253.598600,0.00311862807,-0.00442852684,0.046376119,0.046376119,0.00923063756,787,9.8948317,0.253285157
103253.608629,0.00173092206,0.00231794918,0.0479601957,0.0479601957,0.00911761228,787,10.2888733,0.253285157
103253.618658,-0.0152673937,-0.00232607203,0.0435619178,0.0435619178,0.00883717864,787,14.2415084,0.253285157
103253.628687,-0.00995074191,0.00552499894,0.0496138416,0.0496138416,0.00861947332,787,10.0946094,0.253285157
103253.638716,-0.0141456854,0.00497874473,0.0528044335,0.0528044335,0.00836512698,785,7.95889481,0.253285157
103253.648745,-0.00888767989,-0.0045793848,0.0427393164,0.0427393164,0.00816010708,787,11.2927681,0.253285157
103253.658774,-0.0118396575,-0.0134801526,0.044842639,0.044842639,0.00792520516,787,13.7919032,0.253285157
103253.668803,-0.00340354196,0.00598039855,0.0449945688,0.0449945688,0.00778941959,787,10.6356331,0.253285157
103253.678833,-0.0036260857,0.0180897628,0.0440958493,0.0440958493,0.00766512644,787,13.1352344,0.253285157
103253.688862,-0.0162304201,0.0034020247,0.0473557316,0.0473557316,0.00740921578,787,8.26095063,0.253285157
103253.698891,-0.0107959814,0.000569740492,0.0450945054,0.0450945054,0.00720872934,787,14.4182125,0.253285157
103253.708920,-0.00106238148,0.00117784461,0.0330560066,0.0330560066,0.00710800215,819,14.0712494,0.253285157
103253.718949,0.000870036077,-0.000204630097,0.0329993549,0.0329993549,0.00702659208,819,14.34558,0.253285157
103253.728978,4.04788651e-05,-0.000518547031,0.0330490873,0.0330490873,0.00693833243,819,13.9150427,0.253285157
103253.739007,0.000322685661,0.00106251571,0.0330212736,0.0330212736,0.00685633149,819,13.036157,0.253285157
103253.749036,-0.00137378222,0.00180202951,0.032997594,0.032997594,0.0067602656,819,11.2396974,0.253285157
103253.759065,-0.0236288596,0.0152181192,0.0402217207,0.0402217207,0.00646862315,819,13.7804358,0.253285157
103253.769094,-0.00783729473,0.0113325187,0.0414530861,0.0414530861,0.00633576513,819,10.8736924,0.253285157
103253.779123,-0.00166247571,0.00154750034,0.0330975582,0.0330975582,0.00624826734,819,9.25590484,0.253285157
103253.789152,-0.00362687668,0.00332205514,0.040423165,0.040423165,0.00614732758,819,12.6919237,0.253285157
103253.799181,0.0104132766,0.00275816241,0.0430033085,0.0430033085,0.00618234222,819,13.0215458,0.253285157
103253.809211,-0.00226725257,-0.000424617932,0.0450146629,0.0450146629,0.00608818731,819,12.9907494,0.253285157
103253.819240,-0.00159610556,0.000832184833,0.0330482018,0.0330482018,0.0060049885,819,14.2716003,0.253285157
103253.829269,-0.000676754205,0.000567703316,0.0330056708,0.0330056708,0.00593171519,819,17.3074674,0.253285157
103253.839298,-0.000453323058,0.00110210319,0.0329961911,0.0329961911,0.00586319901,819,15.1548454,0.253285157
103253.849327,0.00139559842,0.000585378211,0.0330372464,0.0330372464,0.00581265375,819,11.2220114,0.253285157
103253.859356,0.001919579,-0.000309427381,0.0330331954,0.0330331954,0.00576617999,819,10.9064679,0.253285157
103253.869385,-0.00014495069,0.000826994053,0.0329872216,0.0329872216,0.00570329573,819,13.4314484,0.253285157
103253.879414,-0.000202476015,-0.000436962479,0.0330551366,0.0330551366,0.00563834434,819,8.41963064,0.253285157
103253.889443,-0.00131805554,0.000862019135,0.0330104143,0.0330104143,0.00556682366,819,10.9788317,0.253124525
103253.899472,0.00690536334,0.00492730976,0.041264019,0.041264019,0.00558466732,819,14.3679239,0.253124525
103253.909501,0.000363641333,0.00128679247,0.0330773675,0.0330773675,0.00553141529,819,9.28416911,0.253124525
103253.919530,-0.00740919703,0.0154238597,0.040019476,0.040019476,0.00544291453,819,13.8343098,0.253124525
103253.929560,-0.00305551381,0.0289230532,0.0442025805,0.0442025805,0.00545436925,819,10.5795322,0.253124525
103253.939589,-0.00275248917,0.0289204963,0.0423638032,0.0423638032,0.00549425931,819,10.4624301,0.252550338
103253.949618,0.000263635832,0.00138062251,0.0330801248,0.0330801248,0.00544498188,819,10.1839077,0.252550338
103253.959647,-0.00719220495,0.00419231792,0.0403082524,0.0403082524,0.00534596796,819,12.3698257,0.252550338
103253.969676,-0.00584604849,-0.00859692911,0.0472181833,0.0472181833,0.00519961547,819,11.4470763,0.252550338
103253.979705,-0.00108732814,-0.012698228,0.0487934315,0.0487934315,0.00508047007,819,8.93624597,0.252550338
103253.989734,-0.000207446493,0.000686775355,0.033078781,0.033078781,0.0050318254,819,10.2265886,0.252436828
103253.999763,-0.00173050175,0.000133371205,0.0330018117,0.0330018117,0.0049683307,819,15.0295827,0.252436828
103254.009792,-0.0058851285,0.00820647159,0.0404515671,0.0404515671,0.00490715926,819,14.7058244,0.252436828
103254.019821,-0.0141013318,0.0119751612,0.0415393907,0.0415393907,0.00480296131,819,11.6078428,0.252436828
103254.029850,-0.00929212381,0.0342990283,0.0440204063,0.0440204063,0.0048910897,819,15.3827015,0.252436828
103254.039880,-0.013813046,0.0155792142,0.0411871459,0.0411871459,0.00485372243,819,13.8661174,0.252436828
103254.049910,-0.00166506751,0.000527563394,0.0330691377,0.0330691377,0.00480092542,819,10.7625885,0.252436828
103254.059939,-0.00202970266,0.00864504478,0.0419307782,0.0419307782,0.00480625655,819,13.5025969,0.252436828
103254.069968,-0.00858609722,-0.0016093089,0.0430138439,0.0430138439,0.00469496868,819,9.12126382,0.252436828
103254.079997,-0.00594740494,0.00464152903,0.0442703106,0.0442703106,0.00465167398,819,11.0912005,0.252436828
103254.090026,-0.0219613408,-0.00568109077,0.0436110414,0.0436110414,0.00443879075,819,8.34032261,0.252436828
103254.100055,-0.000987498415,-0.000901252461,0.0330790021,0.0330790021,0.00438884547,819,10.7482944,0.252436828
103254.110084,0.0064191941,0.0073586446,0.0444715399,0.0444715399,0.0044478523,817,7.09207164,0.252436828
103254.120113,-0.00398565259,-0.00134653334,0.0453537387,0.0453537387,0.00437779783,819,9.71896839,0.252436828
103254.130142,-0.00344985658,-0.00450872695,0.0468858151,0.0468858151,0.00428614899,819,9.73055965,0.252436828
103254.140171,0.00323390182,-0.00556998631,0.0423755538,0.0423755538,0.00422430316,819,12.1693145,0.252436828
103254.150200,-0.00104183354,0.00602418223,0.0494204535,0.0494204535,0.00423454937,819,9.40932377,0.252436828
103254.160230,-0.0134122056,0.000600228514,0.0433826486,0.0433826486,0.00413754373,819,11.539682,0.252436828
103254.170259,0.0014302526,-0.00229770202,0.0449638379,0.0449638379,0.00409367913,819,13.4822156,0.252436828
103254.180288,0.00185286526,-0.000525671481,0.0505733406,0.0505733406,0.00406810577,817,7.7321692,0.252436828
103254.190317,0.00433911374,0.00645736275,0.0467738625,0.0467738625,0.00411459701,785,7.37998027,0.252675529
103254.200346,0.0196473118,-0.00183572325,0.0463129449,0.0463129449,0.00417753247,787,12.0964763,0.252675529
103254.210375,0.0094814004,-0.0186742278,0.0478782504,0.0478782504,0.00406715193,787,9.73109222,0.252675529
103254.220404,0.0111644288,-0.00132662699,0.0476952687,0.0476952687,0.0041070186,787,10.6828111,0.252675529
103254.230433,0.000603322768,0.000662304979,0.0330984501,0.0330984501,0.00408512308,819,11.4860263,0.252675529
103254.240462,0.000995584512,-0.00033526298,0.0330257409,0.0330257409,0.00405989667,819,10.3565778,0.252675529
103254.250491,0.000159747517,0.00110834622,0.0330404001,0.0330404001,0.00403865376,819,10.1948963,0.252675529
103254.260521,0.000540246612,-0.00156717729,0.0330686519,0.0330686519,0.00400291948,819,9.65168079,0.252675529
103254.270550,-0.000637956838,-0.00655360175,0.0436389269,0.0436389269,0.00392731416,819,11.2024936,0.252675529
103254.280579,0.000733288577,-0.00161758124,0.033136686,0.033136686,0.00389556835,817,5.19960274,0.252675529
103254.290608,0.00145263814,-0.000398244618,0.0330362115,0.0330362115,0.00387767632,819,11.1704219,0.252675529
103254.300637,0.0014003567,-0.000280933618,0.0457671935,0.0457671935,0.00386055742,817,4.84757045,0.252675529
103254.310666,0.0129642158,0.00451959359,0.0432506231,0.0432506231,0.00396295777,819,13.254644,0.252675529
103254.320695,0.0240554924,-0.00764572011,0.0451011122,0.0451011122,0.00409347664,819,12.0597939,0.252675529
103254.330724,0.0285142625,-0.0110328152,0.0457493698,0.0457493698,0.0042709205,819,12.6554576,0.252675529
103254.340753,0.0541711647,-0.0151636927,0.0475870381,0.0475870381,0.00470450538,819,10.101398,0.252675529
103254.350782,0.0515459639,-0.00881090072,0.0515716694,0.0515716694,0.00514539865,817,7.94576668,0.252675529
103254.360811,0.0452966497,0.00146689483,0.0446742222,0.0446742222,0.00553756239,819,9.92411255,0.252675529
103254.370841,0.0301472143,-0.0169427301,0.0464162964,0.0464162964,0.00575815314,819,12.5913628,0.252675529
103254.380870,0.0432191999,-0.0157432867,0.0473254333,0.0473254333,0.00611386442,787,12.860514,0.252675529
103254.390899,0.0408967209,-0.0367984927,0.0456651345,0.0456651345,0.00645844445,787,9.25026722,0.252805609
103254.400928,0.0263113819,-0.0384841388,0.0485751688,0.0485751688,0.00668543551,787,8.99485766,0.252805609
103254.410957,0.042645774,-0.0159650327,0.0455487465,0.0455487465,0.00704444622,785,7.89762671,0.252805609
103254.420986,0.0362108818,-0.0119478096,0.0461408278,0.0461408278,0.00732788922,787,8.32065741,0.252805609
103254.431015,0.0314305607,-0.00680725858,0.0464522013,0.0464522013,0.00755002939,787,13.6042146,0.252805609
103254.441044,0.0457350723,0.0125784788,0.0445769331,0.0445769331,0.00787239255,787,8.77996148,0.252805609
103254.451073,0.0551233518,0.00928271681,0.0468186159,0.0468186159,0.00829115925,787,15.1812823,0.252805609
103254.461103,0.0415634845,-0.00577336881,0.0438516628,0.0438516628,0.00859079183,787,12.5387768,0.252805609
103254.471132,0.0424218411,-0.00871730158,0.0499072465,0.0499072465,0.00889666083,787,10.0616755,0.252805609
103254.481161,0.0233379631,-0.015255753,0.0446603358,0.0446603358,0.0090202582,787,9.03807871,0.25335712
103254.491190,0.0394561922,-0.0140063483,0.0469784905,0.0469784905,0.00929770219,787,9.36008744,0.25335712
103254.501219,0.0254861291,-0.0297009108,0.0465149814,0.0465149814,0.00946407596,787,11.4190857,0.25335712
103254.511248,0.0259522185,-0.0216105882,0.0429603226,0.0429603226,0.00962194641,787,13.4741323,0.25335712
103254.521277,0.0192939615,-0.0170832909,0.0444784325,0.0444784325,0.009705809,787,13.7717533,0.25335712
103254.531306,0.0278249274,-0.021214924,0.0426732446,0.0426732446,0.00988142796,787,15.7855329,0.253178603
103254.541335,0.0286768809,-0.0109867817,0.0431723402,0.0431723402,0.010037433,787,13.9259238,0.253178603
103254.551364,0.0105419706,-0.0121099155,0.0431256841,0.0431256841,0.0100215798,787,13.9404679,0.253178603
103254.561394,0.000512017335,-0.011478654,0.0441789426,0.0441789426,0.00991069436,787,8.40791855,0.253178603
103254.571423,-0.00322101934,-0.0248474174,0.045734916,0.045734916,0.00980898482,787,16.1376297,0.253178603
103254.581452,0.00376638828,-0.00651821313,0.043885541,0.043885541,0.00972174313,787,12.4381894,0.253178603
103254.591481,-0.00951071242,-0.0118254946,0.0491517241,0.0491517241,0.00953104699,787,11.0067718,0.253178603
103254.601510,-0.0115992886,-0.0160907775,0.0527895468,0.0527895468,0.00934312201,785,6.80453678,0.253178603
103254.611539,-0.000258810316,0.0137828152,0.0483972051,0.0483972051,0.00915855581,785,7.23371019,0.252984713
103254.621568,-0.0020756127,0.00499136368,0.049827144,0.049827144,0.00899240192,787,8.24958206,0.252984713
103254.631597,-0.00189914364,0.00617212113,0.0470750119,0.0470750119,0.00882747406,787,9.59561848,0.252984713
103254.641626,0.00560128022,-0.000756704554,0.0503119323,0.0503119323,0.00875836069,785,7.68662932,0.252984713
103254.651656,-0.00106982845,-0.00652872181,0.0473781625,0.0473781625,0.00864811582,787,12.8320633,0.252984713
103254.661685,0.0122181974,-0.0242176887,0.0435152781,0.0435152781,0.00872561899,787,13.2807424,0.252984713
103254.671714,0.0119114099,-0.0207867902,0.0476023593,0.0476023593,0.00879056379,787,8.95222298,0.252984713
103254.681743,0.0202435736,-0.0231431225,0.0450320807,0.0450320807,0.00894165704,787,10.3127524,0.252984713
103254.691772,0.00296726057,-0.0170824109,0.0452276716,0.0452276716,0.00891330589,787,11.0047473,0.252984713
103254.701801,0.0011476691,0.00433264337,0.0437961651,0.0437961651,0.00878003597,787,11.002838,0.252984713
103254.711830,-0.00480028241,-0.0142816494,0.0428053921,0.0428053921,0.00867637766,787,12.0826437,0.252778891
103254.721859,0.00377078272,-0.00777969065,0.0437441908,0.0437441908,0.00862347353,787,11.7298631,0.252778891
103254.731888,0.0186701038,-0.0143345396,0.0424012077,0.0424012077,0.00873173535,787,12.5770242,0.252778891
103254.741918,0.0115141236,-0.00474393451,0.0460059744,0.0460059744,0.00873209357,787,9.6819299,0.252778891
103254.751947,0.00680295668,-0.0124651989,0.0435804471,0.0435804471,0.00872671572,787,17.7739436,0.252778891
103254.761976,0.0113614302,-0.00946421883,0.0415412602,0.0415412602,0.00874763949,787,15.1718703,0.252778891
103254.772005,0.00764820196,0.00730140308,0.0431814965,0.0431814965,0.00865857818,787,14.7450932,0.252778891
103254.782034,0.00226832304,-0.000246288888,0.0423443206,0.0423443206,0.00855932372,787,16.1703425,0.252778891
103254.792063,0.010544454,-0.0141833167,0.0456924919,0.0456924919,0.00859775221,787,9.68794801,0.252778891
103254.802092,0.016704291,0.00789339392,0.0440525418,0.0440525418,0.00858889904,787,10.8530463,0.252778891
103254.812121,0.0163375062,-0.0130159616,0.0448723451,0.0448723451,0.00867124638,787,12.6349531,0.252778891
103254.822150,0.0111066062,-0.00991858206,0.0503772607,0.0503772607,0.00869257133,787,10.0232627,0.252778891
103254.832180,-0.0121323859,0.000340265571,0.0448001877,0.0448001877,0.00846453797,787,13.7402417,0.253215441
103254.842209,-0.0207350611,0.0111121845,0.0437846463,0.0437846463,0.00811689482,787,12.5221789,0.253215441
103254.852238,-0.00110821231,-0.00115656591,0.0410761283,0.0410761283,0.00800309999,787,10.4250538,0.253215441
103254.862267,-0.00989262736,0.00632817962,0.0465338049,0.0465338049,0.00778072666,787,8.62918314,0.253215441
103254.872296,0.00640527075,0.0172457346,0.0465785829,0.0465785829,0.00765698292,787,11.9632713,0.253215441
103254.882325,-0.0111331476,0.00261670353,0.0441878149,0.0441878149,0.0074469069,787,9.6975032,0.253215441
103254.892354,-0.00544054698,0.00104818039,0.048992125,0.048992125,0.00729806056,785,6.68935356,0.253215441
103254.902383,0.000841199341,0.00438028999,0.0460107514,0.0460107514,0.00719306005,787,10.0645763,0.253215441
103254.912413,0.000132341447,0.0173333377,0.0499171687,0.0499171687,0.00703098958,849,8.97884323,0.253215441
103254.922442,0.000728859942,0.00710379607,0.0456038687,0.0456038687,0.00692151796,787,13.3264264,0.253215441
103254.932471,0.0104478761,0.00283723371,0.0453827241,0.0453827241,0.00691955919,787,9.32188344,0.253215441
103254.942500,0.013129803,-0.00392921419,0.0479270258,0.0479270258,0.00696771684,787,8.24183941,0.253215441
103254.952529,0.013068627,0.00734872683,0.0430262497,0.0430262497,0.00697425403,787,9.63363312,0.252748085
103254.962558,0.00325663702,0.0132649754,0.0464116161,0.0464116161,0.00687343284,787,8.8491672,0.252748085
103254.972587,0.0176117542,-0.00154862922,0.0437921527,0.0437921527,0.00695738763,787,14.9720581,0.252748085
103254.982616,0.021106871,-0.0203194408,0.0419191279,0.0419191279,0.00713202872,787,13.8083522,0.252748085
103254.992645,0.0281122948,-0.0164283503,0.0448252624,0.0448252624,0.00735701523,787,9.56549062,0.252748085
103255.002675,0.0309398878,-0.0194247573,0.0454487185,0.0454487185,0.0076148086,787,9.15450508,0.252748085
103255.012704,0.0359232094,-0.0136148442,0.0459778158,0.0459778158,0.00789285187,787,12.4214987,0.252748085
103255.022733,0.0369644763,-0.0154799036,0.048159053,0.048159053,0.00818163403,787,9.73167982,0.252748085
103255.032762,0.0348252065,-0.00866577816,0.0441179315,0.0441179315,0.00842090548,787,12.2407917,0.252748085
103255.042790,0.031670278,-0.00443438776,0.0461443117,0.0461443117,0.00861218975,787,11.0013149,0.252748085
103255.052819,0.0441963069,-0.0175868451,0.0445992044,0.0445992044,0.00896046821,787,11.2162189,0.252748085
103255.062848,0.0236640947,-0.033068545,0.0464916998,0.0464916998,0.00916946833,787,9.921386,0.252748085
103255.072877,-0.000235296785,-0.0207513724,0.0435084232,0.0435084232,0.00911732608,787,13.0163601,0.252748085
103255.082907,0.0134899028,-0.00135601276,0.0422694837,0.0422694837,0.00911487633,787,11.0541306,0.252748085
103255.092936,0.000557613185,-0.000907550443,0.0427024946,0.0427024946,0.00899433515,787,14.1479727,0.252748085
103255.102965,0.0206458365,0.00039462374,0.0447960543,0.0447960543,0.00905248557,787,9.853093,0.252748085
103255.112994,0.0272917297,0.00746628401,0.0468676129,0.0468676129,0.00914539483,787,10.5271662,0.252748085
103255.123023,0.0223876257,0.00358620921,0.0479844302,0.0479844302,0.00920865172,787,9.52889738,0.252748085
103255.133052,0.0078079329,-0.00639004561,0.043843186,0.043843186,0.00917161957,787,9.2871294,0.252748085
103255.143081,0.0173803115,-0.01772055,0.0449788249,0.0449788249,0.00926361485,787,13.387361,0.252748085
103255.153110,0.0183627138,-0.00349533992,0.042666146,0.042666146,0.00931215127,787,9.0577359,0.252748085
103255.163140,0.00613069331,-0.00656246496,0.0449373887,0.0449373887,0.00925883262,787,8.70247781,0.253206989
103255.173169,0.0227877662,0.0114129971,0.0433133808,0.0433133808,0.00929635763,787,9.02501306,0.253169164
103255.183198,0.0250557123,0.022119048,0.0440743483,0.0440743483,0.00932669225,787,13.1919569,0.253169164
103255.193227,0.012229517,0.0138744648,0.0482606229,0.0482606229,0.00926880464,785,6.94980382,0.253169164
103255.203256,0.00553369674,-0.0109652538,0.0456777591,0.0456777591,0.00921951978,785,6.11902299,0.253169164
103255.213285,0.02210075,-0.00772113275,0.0475693349,0.0475693349,0.0093183086,787,11.3605014,0.253169164
103255.223314,0.0235572095,-0.00328959763,0.044292425,0.044292425,0.00941619868,787,12.7535134,0.253169164
103255.233343,0.0145729996,0.00235190995,0.0456212749,0.0456212749,0.00941200135,787,10.4067883,0.253169164
103255.243373,0.0157167871,-0.000964276356,0.0465739495,0.0465739495,0.00942814628,787,11.3294469,0.253169164
103255.253402,0.0013695799,-0.00428751946,0.0443192367,0.0443192367,0.00931744553,787,11.2440322,0.253169164
103255.263431,0.000157282043,0.000831198906,0.033083189,0.033083189,0.00918352972,819,11.559466,0.252993924
103255.273460,0.000525184798,-0.00197490691,0.039904916,0.039904916,0.0090634199,819,14.7922582,0.252993924
103255.283489,0.00966457926,0.0170075015,0.045285327,0.045285327,0.00898230425,819,10.3751461,0.252993924
103255.293518,0.00412651614,0.0136042569,0.0458244793,0.0458244793,0.00886279536,819,10.5724735,0.252993924
103255.303547,-0.00321664617,0.0146293294,0.0433616759,0.0433616759,0.00867604312,819,13.8482438,0.252993924
103255.313576,-0.00581837233,0.0127999925,0.0444441289,0.0444441289,0.00847421979,819,13.0261165,0.252993924
103255.323606,-0.00389646245,0.000450166686,0.0457521177,0.0457521177,0.00831921475,819,9.0433854,0.252993924
103255.333635,0.00622324348,0.0151963276,0.046528366,0.046528366,0.00823926723,819,11.1978613,0.252993924
103255.343664,0.0250864758,0.0217324614,0.0460067924,0.0460067924,0.00834087921,819,13.5255782,0.252993924
103255.353693,0.00783925922,0.022181638,0.0466136514,0.0466136514,0.00828135086,787,13.0656537,0.252993924
103255.363722,-0.00465773677,0.0224753109,0.0481163885,0.0481163885,0.0081089268,787,10.4335657,0.252993924
103255.373751,-0.00259261208,0.0129000344,0.0451177506,0.0451177506,0.00797000821,787,13.6086592,0.252993924
103255.383780,-0.00614662127,0.0213656005,0.0436745717,0.0436745717,0.00780278382,787,15.8330174,0.252993924
103255.393809,-0.00587976251,0.0215973728,0.0539526529,0.0539526529,0.00765017531,785,7.23152224,0.252993924
103255.403839,-0.0298897828,-0.000961411738,0.0435216717,0.0435216717,0.00725590488,787,14.4095915,0.252993924
103255.413868,-0.0297932702,0.0074737369,0.0458641165,0.0458641165,0.00687655558,787,12.6039285,0.252993924
103255.423897,-0.0337552963,0.00319030231,0.0447981059,0.0447981059,0.00646379876,787,10.072152,0.252993924
103255.433926,-0.0239847019,0.00451563371,0.0442281436,0.0442281436,0.00615715264,787,15.0311553,0.252993924
103255.443955,-0.0214369424,0.0182408333,0.0447164715,0.0447164715,0.00590407215,787,14.4659341,0.252993924
103255.453984,-0.0394710739,0.00826692467,0.0428232276,0.0428232276,0.00547433665,787,13.424208,0.25266004
103255.464013,-0.0312060303,0.00101680806,0.0441638163,0.0441638163,0.00512148132,787,11.9820011,0.25266004
103255.474042,-0.0281649448,0.00892396858,0.0429224821,0.0429224821,0.00483113764,787,13.6520714,0.25266004
103255.484072,-0.0192922506,-0.0016879896,0.0443301242,0.0443301242,0.00460181175,787,13.6199567,0.25266004
103255.494101,-0.0298555832,-0.00650125684,0.0407508915,0.0407508915,0.00426425818,787,14.4182243,0.25266004
103255.504130,-0.0160850008,-0.00838304293,0.0450037993,0.0450037993,0.00405329035,787,9.25851799,0.25266004
103255.514159,-0.0137678283,0.00159003525,0.0444770549,0.0444770549,0.0039040385,787,14.1171355,0.25266004
103255.524188,-0.00560196474,0.0092420845,0.0408458221,0.0408458221,0.00386702615,787,19.1133641,0.253012778
103255.534217,0.00380840275,0.0043044992,0.0446508871,0.0446508871,0.00389412862,787,10.452865,0.253012778
103255.544246,0.0130329786,0.000263315232,0.042596904,0.042596904,0.00398243671,787,14.6047206,0.253012778
103255.554276,0.00822206785,-0.00535402477,0.0448600299,0.0448600299,0.00400558719,787,10.2713254,0.253012778
103255.564305,0.00348211986,-0.0112698698,0.0468988122,0.0468988122,0.00396954394,787,11.7747312,0.253012778
103255.574334,-0.0140559989,-0.0131862405,0.0449427073,0.0449427073,0.00377196966,787,11.4656311,0.253012778
103255.584363,0.00478873442,-0.00832214413,0.0438294708,0.0438294708,0.0037759263,787,13.8521731,0.253012778
103255.594392,0.0145462376,0.00538414989,0.0436007746,0.0436007746,0.00390229537,787,9.0346213,0.253012778
103255.604421,0.0148616922,0.00160325742,0.0464800322,0.0464800322,0.00402201609,787,10.7764179,0.253012778
103255.614450,0.0198136034,-0.00847490473,0.0456054068,0.0456054068,0.00417256054,787,14.3690236,0.253012778
103255.624480,0.00473180708,0.00902739694,0.0428144529,0.0428144529,0.00419947686,787,12.7617424,0.253502122
103255.634509,0.0102019539,0.00490770499,0.0420870687,0.0420870687,0.00427428003,787,16.1982615,0.253502122
103255.644538,-0.00132885004,0.00389920433,0.0439436632,0.0439436632,0.00423511479,787,9.82038789,0.253502122
103255.654567,-0.010234095,0.00268329232,0.0467305578,0.0467305578,0.00410978807,787,10.6693198,0.253909054
103255.664596,-0.00444352832,0.00493663566,0.0467182076,0.0467182076,0.00404935279,787,11.6916317,0.253909054
103255.674625,-0.0179178903,0.0107014658,0.046540517,0.046540517,0.00388794848,785,8.00082509,0.253909054
103255.684654,-0.0118418651,0.021679881,0.0476745581,0.0476745581,0.00385779464,787,9.50621319,0.253909054
103255.694683,-0.0012759391,0.00308021605,0.0330877573,0.0330877573,0.0038384369,819,9.42742353,0.253909054
103255.704713,-0.00998269801,0.0142255453,0.0418239982,0.0418239982,0.00382285395,819,9.61719143,0.253909054
103255.714742,-0.0169430707,0.00906016124,0.0467547162,0.0467547162,0.00374743234,819,10.4355166,0.253909054
103255.724771,-0.0341076268,0.0145456698,0.0454341634,0.0454341634,0.00367777769,819,11.8369454,0.253909054
103255.734800,-0.0400314379,0.0245514026,0.0444554825,0.0444554825,0.00382165931,819,13.0592112,0.253909054
103255.744829,-0.0198256519,0.0152188647,0.0428580682,0.0428580682,0.00395866848,819,15.9298727,0.253909054
103255.754858,-0.0127018818,0.00943021056,0.0459082539,0.0459082539,0.00404353294,819,9.50867264,0.253909054
103255.764887,-0.00772070012,0.00606020136,0.0459543794,0.0459543794,0.00408930717,819,10.5861944,0.253909054
103255.774917,-0.00480226882,-0.0260939397,0.0441827519,0.0441827519,0.00382645455,819,10.5118446,0.253909054
103255.784946,-0.00541892159,-0.0292274779,0.0435011567,0.0435011567,0.00355748205,787,16.9577528,0.253909054
103255.794975,-0.00602236273,-0.00988994142,0.0425110827,0.0425110827,0.00348340234,787,10.4157725,0.253909054
103255.805004,-0.0167096814,-0.00486179945,0.0453696713,0.0453696713,0.00352881208,787,10.8668403,0.253909054
103255.815033,-0.0241816181,0.00898602312,0.044618293,0.044618293,0.00374143133,787,8.75429926,0.253909054
103255.825062,-0.0178924575,0.015175867,0.044394192,0.044394192,0.00394856665,787,15.950885,0.253909054
103255.835091,-0.011845482,0.00819013539,0.0423401618,0.0423401618,0.00406170435,787,17.0799601,0.253909054
103255.845121,-0.0017619512,0.00187791929,0.0404446885,0.0404446885,0.00405710733,787,10.834265,0.253909054
103255.855150,-0.0047298634,0.00491853538,0.0456686687,0.0456686687,0.00409424522,785,6.20750998,0.253909054
103255.865179,-0.0199718379,-0.00877336679,0.0445816845,0.0445816845,0.0041666442,787,9.73969454,0.253909054
103255.875208,-0.0168829379,0.00605018246,0.0446936436,0.0446936436,0.00430604193,787,12.7975862,0.253909054
103255.885237,-0.0183994449,0.000100037674,0.0445543968,0.0445543968,0.00442654899,787,8.59158162,0.253909054
103255.895266,-0.00800986847,-0.00308951209,0.0439225493,0.0439225493,0.00444392027,787,10.4734829,0.253909054
103255.905295,-0.0191854996,-0.012153488,0.0474648822,0.0474648822,0.00452704379,787,9.65573771,0.253909054
103255.915325,-0.0342296238,-0.00540273684,0.0443549582,0.0443549582,0.00478649135,787,11.4803177,0.253909054
103255.925354,-0.0168916741,-0.0217365484,0.0458641089,0.0458641089,0.00484966423,787,12.9867835,0.253909054
103255.935383,-0.00561309909,-0.0177958571,0.0453526037,0.0453526037,0.00483124731,787,13.8221236,0.253909054
103255.945412,-0.0083228702,-0.00395743192,0.042183284,0.042183284,0.00486348405,787,10.2818415,0.253909054
103255.955441,-0.00841548592,-0.00990639693,0.0441760593,0.0441760593,0.00489311535,787,13.0936118,0.253909054
103255.965470,0.00242533872,0.000166575788,0.0435576265,0.0435576265,0.00482326654,785,6.62923619,0.253909054
103255.975499,0.00771532134,0.00626888419,0.0452735366,0.0452735366,0.00470712053,787,12.1216302,0.253909054
103255.985529,-0.000880361798,0.000420216364,0.0474303356,0.0474303356,0.00467362584,785,7.99262101,0.253909054
103255.995558,0.000597421698,-0.00359056334,0.0432939875,0.0432939875,0.00462320739,787,8.22479465,0.253909054
103256.005587,-0.0030701431,0.0108049628,0.043702433,0.043702433,0.00462250021,787,11.5544558,0.253909054
103256.015616,-0.0097802623,-0.00828706316,0.042666403,0.042666403,0.00466944055,787,14.0511916,0.253909054
103256.025645,0.0138103194,-0.00236870718,0.0426768992,0.0426768992,0.00449059623,787,14.8958271,0.253909054
103256.035674,0.00915145484,-0.014688041,0.0443355337,0.0443355337,0.00435783742,787,12.6147176,0.253909054
103256.045704,-0.00141313749,-0.024481858,0.0445241781,0.0445241781,0.00435381272,787,8.69733632,0.253909054
103256.055733,-0.00486752369,-0.00937392261,0.0442734063,0.0442734063,0.00438050849,787,9.16247183,0.253909054
103256.065762,0.00320749567,-0.0104169729,0.0463199759,0.0463199759,0.0043356207,785,7.51015322,0.253909054
103256.075791,0.00722753287,-0.0134057242,0.0485780574,0.0485780574,0.00426974934,787,13.3087356,0.253909054
103256.085820,0.0156882788,-0.0151596156,0.0478321389,0.0478321389,0.00414973865,787,10.903471,0.253909054
103256.095849,0.0142949933,-0.0106236158,0.0493750433,0.0493750433,0.00404513368,787,9.73204808,0.253909054
103256.105878,0.0295247094,-0.010650317,0.0536686756,0.0536686756,0.00384648146,787,8.96459527,0.253909054
103256.115908,0.0327062092,-0.0270806302,0.0462575527,0.0462575527,0.00383167611,787,12.2153058,0.254389922
103256.125937,0.0276685443,-0.0230236957,0.0467770709,0.0467770709,0.00391860237,787,11.9589163,0.254389922
103256.135966,0.0328749214,-0.0267375835,0.0447496791,0.0447496791,0.00411400857,787,10.9987788,0.254389922
103256.145995,0.0306036943,-0.0200194527,0.0461130955,0.0461130955,0.00430523568,787,13.6656359,0.254389922
103256.156024,0.010762458,-0.0104811937,0.0477768166,0.0477768166,0.00439214567,787,11.0638352,0.254662743
103256.166053,-0.00669795626,0.00894778467,0.0421507775,0.0421507775,0.00425639985,787,13.7032513,0.254662743
103256.176083,-0.00289090236,0.00194777467,0.0458323348,0.0458323348,0.00419879071,787,11.3977293,0.254662743
103256.186112,0.0141327262,0.00773365537,0.0458371853,0.0458371853,0.0041228634,787,8.26132109,0.254662743
103256.196141,0.0119211799,-0.0025188735,0.0506132748,0.0506132748,0.00415063011,785,7.50503033,0.254662743
103256.206170,0.0190400701,-0.00605008202,0.0467247506,0.0467247506,0.00424444409,787,10.2946732,0.254662743
103256.216199,0.0222923667,-0.0121332439,0.043943718,0.043943718,0.00441683431,787,9.26191151,0.254662743
103256.226228,0.0204974831,-0.00347428405,0.0462493741,0.0462493741,0.0045147015,787,12.0169375,0.254662743
103256.236257,0.0162919055,-0.011343456,0.0428545804,0.0428545804,0.00465906001,787,11.7032204,0.254662743
103256.246287,0.0273708043,-0.0153963608,0.0463468514,0.0463468514,0.00490128572,787,8.98016962,0.254662743
103256.256316,0.0212234668,-0.00957292367,0.0509648043,0.0509648043,0.00506147195,787,10.1938689,0.254662743
103256.266345,0.00917634434,-0.00490915149,0.0416505879,0.0416505879,0.00510808892,787,15.3912685,0.254662743
103256.276374,0.00237915993,-0.0118787701,0.0443276407,0.0443276407,0.0051607871,787,11.2636483,0.254662743
103256.286403,0.0184463149,-0.00143147569,0.0424330721,0.0424330721,0.00524151971,787,10.6129781,0.254662743
103256.296432,0.0235241749,-0.0041282939,0.0466669025,0.0466669025,0.00538061566,787,9.61996305,0.254662743
103256.306462,0.0272624079,-0.00187725082,0.0432216634,0.0432216634,0.00553644623,787,16.5962467,0.254662743
103256.316491,0.0296714569,-0.0170517295,0.0405258483,0.0405258483,0.00580907546,787,12.3325474,0.254826029
103256.326520,0.0208854775,-0.0146045892,0.0427808857,0.0427808857,0.00599483585,787,14.3445195,0.254826029
103256.336549,0.018093272,-0.00136618915,0.0424843235,0.0424843235,0.00607521501,787,17.088767,0.254826029
103256.346578,0.031131239,-0.0174381691,0.0472973968,0.0472973968,0.00635349662,787,12.9228925,0.254836597
103256.356607,0.0232310961,-0.00332986507,0.0505908883,0.0505908883,0.00648306974,787,11.2722595,0.254836597
103256.366637,0.00278661765,-7.08072713e-05,0.0330735363,0.0330735363,0.00642854524,819,9.86169019,0.254813421
103256.376666,-0.00491973982,0.00215218641,0.0417653207,0.0417653207,0.0063004424,819,10.0958947,0.254813421
103256.386695,0.00201616091,-0.000310097926,0.0330384399,0.0330384399,0.00624465051,819,12.8033019,0.254813421
103256.396724,-0.00637329853,-0.00576685572,0.0420118784,0.0420118784,0.00615378954,819,11.7992962,0.254813421
103256.406753,-0.00264189789,0.013022372,0.0433745776,0.0433745776,0.00598757097,817,7.93361997,0.254813421
103256.416782,-0.00637973102,-0.0101305621,0.0446914613,0.0446914613,0.00592697555,819,13.9933209,0.254813421
103256.426812,0.0082849596,-0.0219980585,0.0450285158,0.0450285158,0.00605717361,819,13.1743256,0.254813421
103256.436841,0.0137517371,-0.0157257287,0.0416481337,0.0416481337,0.00619050839,819,10.5615594,0.254813421
103256.446870,0.00794191071,-0.0109357832,0.0484865953,0.0484865953,0.006247516,817,6.90684829,0.254813421
103256.456899,0.000389055045,-0.00143080583,0.0331057089,0.0331057089,0.00618670598,819,10.1564767,0.254576713
103256.466928,0.00141630503,-0.00526743002,0.0406152775,0.0406152775,0.00615917611,819,9.76053215,0.254576713
103256.476957,0.000253019433,-0.000137617249,0.0330835075,0.0330835075,0.00609092652,819,10.3641637,0.254576713
103256.486987,0.00109973346,4.54947925e-05,0.0330077796,0.0330077796,0.00602919616,819,11.9139914,0.254576713
103256.497016,0.000356163667,-0.000793206494,0.0330270158,0.0330270158,0.00596844485,819,11.1236349,0.254576713
103256.507045,0.0113233,-0.00266390754,0.0408042829,0.0408042829,0.0060033964,819,11.5795045,0.254576713
103256.517074,0.00840952462,-0.00738410787,0.0416065888,0.0416065888,0.00604541464,819,16.7181587,0.254576713
103256.527103,-0.0132745192,0.000693288438,0.0458209556,0.0458209556,0.00587251534,819,14.7066739,0.254576713
103256.537132,-0.0135769681,-0.00515784307,0.0433724944,0.0433724944,0.00574180768,819,13.1371221,0.254576713
103256.547162,-0.000867162156,0.00110417156,0.0330744729,0.0330744729,0.00566534367,819,12.818474,0.254576713
103256.557191,-0.00847660526,0.00499403599,0.0409497512,0.0409497512,0.00550969559,819,11.9504342,0.253769851
103256.567220,0.00275892383,0.000578576855,0.0437644126,0.0437644126,0.00546730427,819,9.13695342,0.253769851
103256.577249,0.000241453687,-0.000208255412,0.0331370891,0.0331370891,0.00541302036,817,7.84038875,0.253769851
103256.587278,-0.00132969149,-0.000438557472,0.0329833411,0.0329833411,0.00535008238,819,12.2049241,0.253769851
103256.597307,4.43542882e-05,-0.000835422674,0.0330247914,0.0330247914,0.00530092463,819,13.719935,0.253769851
103256.607337,0.00101214421,-0.00039329673,0.0330048861,0.0330048861,0.00525666621,819,10.8582942,0.253769851
103256.617366,0.00320556336,-0.00319001217,0.0413755636,0.0413755636,0.00524783857,819,13.6042108,0.253769851
103256.627395,-0.000615907844,-0.000282007606,0.0330822561,0.0330822561,0.00519224277,819,12.2117579,0.253769851
103256.637424,0.0076366839,0.00688405126,0.0398048537,0.0398048537,0.00515012031,819,10.902654,0.253769851
103256.647453,0.005952967,-0.00958877394,0.0430300187,0.0430300187,0.00520529885,819,12.9076824,0.253769851
103256.657482,0.00144343487,-0.000820879845,0.0330350108,0.0330350108,0.00516898692,819,10.8373407,0.253769851
103256.667512,0.000615977189,0.000592746401,0.0330360913,0.0330360913,0.00511806573,819,12.6200574,0.253769851
103256.677541,0.00145312829,-0.000453782676,0.0330137611,0.0330137611,0.00508116128,819,15.2166345,0.253769851
103256.687570,-0.00894786367,0.00728624487,0.0429099596,0.0429099596,0.00491798949,819,13.2998627,0.253769851
103256.697599,-0.00441279397,0.00388035043,0.0493695953,0.0493695953,0.00481360182,819,9.94454479,0.253769851
103256.707628,-0.000347640186,0.00143603608,0.0330764768,0.0330764768,0.00475711615,819,9.91460755,0.253769851
103256.717657,-0.00571599612,0.00541799687,0.0424270397,0.0424270397,0.00463628173,819,11.0830942,0.253769851
103256.727687,0.000283625015,-0.00403950711,0.0467096,0.0467096,0.00462373641,819,9.29564538,0.253769851
103256.737716,-0.003328163,0.00637073107,0.0441634053,0.0441634053,0.004516769,819,12.8450212,0.253769851
103256.747745,0.00287093656,-0.0136767259,0.0460856949,0.0460856949,0.00458984011,819,11.6328791,0.253769851
103256.757774,0.000747535819,-0.00128612317,0.0330449361,0.0330449361,0.00456373417,819,14.8257439,0.253769851
103256.767803,0.000996694917,-0.000266122348,0.0431140221,0.0431140221,0.00453297042,881,8.90360716,0.253769851
103256.777832,-0.010224623,0.00260473822,0.0448653253,0.0448653253,0.00440426535,819,12.7131607,0.253769851
103256.787862,0.000433879238,0.000421187071,0.0330415307,0.0330415307,0.00436781702,819,12.0595495,0.253769851
103256.797891,-0.000597287854,0.000349926297,0.0330329657,0.0330329657,0.00432543905,819,11.8947947,0.253769851
103256.807920,-0.0065106275,0.00830242126,0.039428168,0.039428168,0.00418750605,819,14.3267542,0.253769851
103256.817949,0.00210465128,0.00831675696,0.0449508088,0.0449508088,0.00411409929,819,9.80748445,0.253769851
103256.827978,0.000468912948,-0.000456724242,0.0330975079,0.0330975079,0.0040897228,819,11.1262543,0.253769851
103256.838008,0.000489680599,0.000420439325,0.0330440727,0.0330440727,0.00406020808,819,9.6262448,0.253769851
103256.848037,0.0107358587,0.00562143942,0.0407269106,0.0407269106,0.00407630927,819,16.5731917,0.253769851
103256.858066,0.00142524011,0.00669944952,0.0439245743,0.0439245743,0.00401835395,819,10.2831926,0.253769851
103256.868095,-0.000467958823,-1.4697743e-05,0.0330882513,0.0330882513,0.00398575977,819,11.4686307,0.253769851
103256.878124,-0.00515019767,0.0104770576,0.0416884009,0.0416884009,0.00385767054,819,8.18053768,0.253769851
103256.888153,0.0106734292,0.0159636761,0.0482179314,0.0482179314,0.00384817239,817,7.10799478,0.253769851
103256.898183,0.010027454,0.0116215149,0.0485121156,0.0485121156,0.00387246268,819,9.55993105,0.253769851
103256.908212,-0.00113300726,-0.000429162672,0.0330519794,0.0330519794,0.00383718811,819,14.1454645,0.253769851
103256.918241,-0.00265103477,0.00235121092,0.042367314,0.042367314,0.00377979587,819,10.1837987,0.253769851
103256.928270,0.00481103148,-0.00843003215,0.0444357199,0.0444357199,0.00382786391,819,9.91689347,0.253769851
103256.938299,-0.00770979413,-0.0133974528,0.0474070924,0.0474070924,0.00378812619,819,9.54107225,0.25378088
103256.948328,-0.000665777636,-0.00155494961,0.0330970321,0.0330970321,0.00376521186,819,11.7201902,0.25378088
103256.958358,0.0088668611,0.0016146627,0.039824253,0.039824253,0.00381135716,819,11.4522506,0.25378088
103256.968387,-0.00128854889,0.000621370475,0.0330370676,0.0330370676,0.00377243813,819,13.5017277,0.25378088
103256.978416,-0.00327564427,0.00139969483,0.0399326281,0.0399326281,0.00371337666,819,14.8191439,0.25378088
103256.988445,0.00012124408,0.000549297364,0.0330506564,0.0330506564,0.00368914161,819,11.5673448,0.25378088
103256.998474,-0.00213109214,0.00326496816,0.0410240785,0.0410240785,0.00363397029,819,15.6570812,0.25378088
103257.008504,-8.5277273e-05,0.00127522365,0.0330651092,0.0330651092,0.00360661027,819,10.1034585,0.25378088
103257.018533,0.000353094166,0.00120130775,0.0330279654,0.0330279654,0.00358414643,819,12.1911797,0.25378088
103257.028562,-0.00197224848,0.00566117451,0.040272616,0.040272616,0.00352460492,819,14.8287993,0.25378088
103257.038591,-0.00125660847,0.00121414794,0.0330644676,0.0330644676,0.00348958381,819,14.1355896,0.25378088
103257.048621,-0.00074727879,0.000364379791,0.0330294968,0.0330294968,0.00346291455,819,13.9613986,0.25378088
103257.058650,0.00097546915,-0.000895406617,0.0329624666,0.0329624666,0.00345700697,819,15.3588328,0.25378088
103257.068680,-7.90505735e-05,-0.000618630082,0.0330376464,0.0330376464,0.00344059207,819,10.315796,0.253191169
103257.078709,0.00861648094,-0.00542647049,0.0400045998,0.0400045998,0.00352154388,819,17.352198,0.253191169
103257.088738,0.000254152922,-0.000344128883,0.0330507708,0.0330507708,0.00350599324,819,13.2227344,0.253191169
103257.098767,0.000670949312,-0.00135582368,0.033035331,0.033035331,0.00349840845,819,9.23580547,0.253191169
103257.108796,0.00122307125,-0.00298007413,0.041774131,0.041774131,0.00350256095,817,7.40006701,0.253191169
103257.118826,0.0010755022,-0.000993098323,0.0330856661,0.0330856661,0.0034974622,819,10.3394332,0.253191169
103257.128855,-0.00242781582,-0.00701928018,0.0394725057,0.0394725057,0.00348887162,819,10.0685062,0.253191169
103257.138884,-0.00473528969,-0.00245019404,0.0432784482,0.0432784482,0.0034425636,819,13.0849707,0.253191169
103257.148913,0.000220306347,-0.000521945155,0.0330494705,0.0330494705,0.00342952466,819,11.8463495,0.253369143
103257.158942,0.00110503333,0.00025932089,0.033050173,0.033050173,0.00342004382,819,9.45071868,0.253369143
103257.168971,-0.0112043412,-0.00697638194,0.0425931355,0.0425931355,0.00335366339,819,10.9415314,0.253369143
103257.179001,-0.00144747014,0.0102886112,0.0399697724,0.0399697724,0.00326512758,819,16.8387159,0.253369143
103257.189030,-0.00117602898,0.00103260564,0.0330628586,0.0330628586,0.0032357355,819,11.3273498,0.253369143
103257.199059,-0.000351575685,6.34945506e-06,0.0330197581,0.0330197581,0.00321931483,819,8.59347834,0.253369143
103257.209088,-0.00321247526,0.00136592306,0.041410889,0.041410889,0.00317251019,819,12.5104745,0.253369143
103257.219117,-0.001096821,-0.000959452362,0.0330724073,0.0330724073,0.00315699864,819,10.8567195,0.253369143
103257.229147,0.0029126295,-0.0102089545,0.0388743139,0.0388743139,0.00323070638,819,15.0868654,0.253275134
103257.239176,0.000211763088,-0.00368563173,0.0455362403,0.0455362403,0.00324346311,819,9.50435602,0.253275134
103257.249205,0.00163111282,-0.00274202944,0.0330343848,0.0330343848,0.00326007915,819,15.1643645,0.253275134
103257.259234,0.00483642693,-0.0015829989,0.0406147492,0.0406147492,0.00329117981,819,15.3896496,0.253275134
103257.269263,0.00530867092,-0.0129059643,0.0462938529,0.0462938529,0.00340308752,819,9.11091906,0.253275134
103257.279293,-0.00109888708,-0.000828777902,0.0330397048,0.0330397048,0.00338489782,819,13.6076945,0.253275134
103257.289322,0.000979872291,0.00172682504,0.0330123891,0.0330123891,0.0033625786,819,16.4634202,0.253275134
103257.299351,-0.00402951597,-0.00905112679,0.0402849246,0.0402849246,0.00338844428,819,14.3756739,0.253275134
103257.309380,0.000463893055,-0.00260280279,0.0451962415,0.0451962415,0.00339507012,819,8.795309,0.253275134
103257.319409,-0.00129163705,-0.0131259553,0.0447038593,0.0447038593,0.0034784061,819,14.5207889,0.253275134
103257.329438,5.26310403e-05,0.00100941206,0.0330882412,0.0330882412,0.0034519053,819,9.36538579,0.253275134
103257.339468,-0.00349992074,0.00503808293,0.0402328849,0.0402328849,0.00337389473,819,13.8778428,0.252625233
103257.349497,0.0025141168,0.00142079493,0.0436779867,0.0436779867,0.00335910941,819,8.81315094,0.252625233
103257.359526,0.000455206086,-0.00119984364,0.0330704764,0.0330704764,0.00335546274,819,11.3148675,0.252625233
103257.369555,0.00105732381,0.000462394292,0.0330538701,0.0330538701,0.00334154718,819,12.810138,0.252625233
103257.379584,-0.010220482,-0.0130632916,0.0394272394,0.0394272394,0.0033904939,819,15.6263806,0.252625233
103257.389614,-0.0149514546,0.00242383069,0.0474116417,0.0474116417,0.00330402758,817,5.43406806,0.252625233
103257.399643,-0.0140450466,-0.00294667234,0.0475367988,0.0475367988,0.00329746704,819,10.7790797,0.252625233
103257.409672,-0.00300882099,-0.0277747942,0.0451313102,0.0451313102,0.0035547876,819,12.0725942,0.252764867
103257.419701,0.0136707035,-0.00162527445,0.0445728591,0.0445728591,0.00356118622,819,12.3903753,0.252764867
103257.429730,-0.00198867051,0.0227870198,0.0435092589,0.0435092589,0.00331680853,819,14.9017412,0.252737894
103257.439760,0.00927412615,0.0142653159,0.04561017,0.04561017,0.0031874941,819,10.6626131,0.252737894
103257.449789,-0.00407821864,0.000499004461,0.0418009367,0.0418009367,0.00315817196,819,9.0892626,0.252737894
103257.459818,-0.00104323771,-0.000740272975,0.0330750508,0.0330750508,0.00315049134,819,11.9260327,0.252737894
103257.469847,-0.00144382486,0.000141146191,0.0330268034,0.0330268034,0.00313384948,819,11.3312628,0.252737894
103257.479876,-0.0023697284,-0.00136872963,0.0416106072,0.0416106072,0.0031306,819,10.624508,0.252737894
103257.489906,0.00404663852,0.011261099,0.0447767229,0.0447767229,0.00302163309,819,12.5964602,0.252926624
103257.499935,-0.00096735971,0.000605452068,0.0330870229,0.0330870229,0.00300375483,819,11.2212175,0.252926624
103257.509964,-0.000165969652,0.00056960836,0.0330458562,0.0330458562,0.00298894822,819,11.0360893,0.252926624
103257.519993,0.00641047795,-0.00815514971,0.0414738962,0.0414738962,0.00307674545,819,9.3257457,0.252926624
103257.530022,-0.00420998854,-0.00483670039,0.0450065262,0.0450065262,0.00309859171,819,12.7568858,0.252737101
103257.540052,-0.0217619465,-0.0093894298,0.0463233001,0.0463233001,0.0031649518,819,10.6683686,0.252737101
103257.550081,0.00445650072,0.000741185557,0.0438361808,0.0438361808,0.00314205854,819,11.853559,0.252737101
103257.560110,0.00972351456,0.0123342083,0.0442018054,0.0442018054,0.00301385989,819,15.5519761,0.252737101
103257.570139,0.00457007259,0.0187346311,0.048894788,0.048894788,0.00283843713,817,7.71578962,0.252737101
103257.580168,-0.00279436227,0.0157579909,0.0471378333,0.0471378333,0.00268400152,819,12.0693639,0.252737101
103257.590197,0.00650039995,0.0152224827,0.0450454195,0.0450454195,0.00270017649,819,12.3067019,0.252737101
103257.600227,0.00236969125,-0.00539459131,0.0432836357,0.0432836357,0.00271439844,787,12.8304892,0.252737101
103257.610256,0.0091288184,0.00421384261,0.0487691185,0.0487691185,0.00280256839,787,11.1374352,0.252737101
103257.620285,0.0158963242,-0.00265347669,0.0512921704,0.0512921704,0.00295192402,787,11.1635511,0.252737101
103257.630314,0.0267650482,0.00040978465,0.0505027067,0.0505027067,0.00320714765,787,8.93253628,0.252737101
103257.640343,0.0230305504,0.0233927795,0.0485563004,0.0485563004,0.0034526136,787,10.1638844,0.252737101
103257.650373,0.0214405757,0.0185629432,0.0449090175,0.0449090175,0.00369266532,787,12.5279946,0.252084856
103257.660402,0.0342451776,0.031566023,0.0511405765,0.0511405765,0.00410559969,787,8.9361834,0.252084856
103257.670431,0.0146913559,0.0134903037,0.043357257,0.043357257,0.00426505713,787,15.8432966,0.252632497
103257.680460,0.00104106564,0.00140527662,0.0330729931,0.0330729931,0.00424696793,819,12.4053496,0.252632497
103257.690489,-0.00187427186,0.00869465529,0.0419545543,0.0419545543,0.00424153505,819,12.6319107,0.252632497
103257.700519,0.00170636897,0.002328362,0.0330499512,0.0330499512,0.00423465482,819,12.5159254,0.252632497
103257.710548,0.00194022953,0.00124947998,0.0419622773,0.0419622773,0.00422416586,819,12.2668406,0.252632497
103257.720577,0.000348728328,0.00210388177,0.0330576605,0.0330576605,0.00420529839,819,10.8637777,0.252632497
103257.730606,0.00112672364,0.000399607301,0.0330516,0.0330516,0.00418412386,819,8.69400032,0.252632497
103257.740635,0.00141054541,0.000514831646,0.0330599303,0.0330599303,0.00416632836,817,7.2859027,0.252632497
103257.750665,0.0139364247,-0.00581379962,0.0413092831,0.0413092831,0.00422293795,819,10.4284473,0.252632497
103257.760694,0.0125483541,-0.00430545472,0.0438881113,0.0438881113,0.0042805169,819,15.7620111,0.252632497
103257.770723,0.00324153541,-0.000998803695,0.033059606,0.033059606,0.00427110806,819,12.284223,0.252632497
103257.780752,0.0178134662,-0.0170579015,0.041043,0.041043,0.00434016805,819,11.8949474,0.252632497
103257.790781,0.0170860705,-0.0157202932,0.0468523903,0.0468523903,0.00442891093,819,12.898075,0.252632497
103257.800811,0.00151653574,-0.00154948444,0.0330806222,0.0330806222,0.00440356646,819,8.42999172,0.252632497
103257.810840,0.000381399732,-0.000593161213,0.0330855676,0.0330855676,0.0043696509,817,6.58124032,0.252632497
103257.820869,0.00160062739,-0.00092528564,0.0330483358,0.0330483358,0.00434761974,819,10.1293322,0.252632497
103257.830898,0.00171724312,-0.00010940767,0.0330463904,0.0330463904,0.00432863848,819,8.96994022,0.252632497
103257.840927,0.00136829921,-6.56787487e-05,0.0330463475,0.0330463475,0.00430673822,817,6.39364755,0.252632497
103257.850957,0.00783754643,0.000964630658,0.0442956427,0.0442956427,0.0043496744,819,9.21518945,0.252632497
103257.860986,0.0109420018,0.0144627509,0.0472365481,0.0472365481,0.00444877736,819,10.3604393,0.252809834
103257.871015,0.0194975387,0.0203686557,0.043806782,0.043806782,0.00465029447,819,13.1127938,0.252809834
103257.881044,0.00872890064,0.00864789036,0.0449149201,0.0449149201,0.0047172861,819,14.8072387,0.252809834
103257.891073,0.00759924411,0.00999645698,0.0447884713,0.0447884713,0.00477853217,819,15.9958646,0.252809834
103257.901103,0.0142946885,0.018677934,0.0452096222,0.0452096222,0.00493465708,819,12.316882,0.252809834
103257.911132,0.0309994552,0.0138958543,0.0488713449,0.0488713449,0.00522171122,819,8.38722626,0.252809834
103257.921161,0.00512587503,0.0137461459,0.0454336095,0.0454336095,0.00527189387,819,9.38786522,0.252809834
103257.931190,-0.00215642062,0.014613382,0.0463271965,0.0463271965,0.00526592228,787,10.5213459,0.252809834
103257.941219,-0.00113319862,0.0153787708,0.0431724378,0.0431724378,0.00527944775,787,11.3430592,0.252809834
103257.951249,-0.00548687572,0.0324349365,0.045129801,0.045129801,0.00536423369,787,11.5319128,0.252809834
103257.961278,0.00554063844,0.0320080994,0.0462801462,0.0462801462,0.00555306834,787,12.3336228,0.252809834
103257.971307,0.0186592063,0.0305503031,0.0442372583,0.0442372583,0.00583291494,787,12.209177,0.252809834
103257.981336,0.0222014414,0.0326080075,0.0444171142,0.0444171142,0.00614865863,787,13.6361025,0.252809834
103257.991366,0.0173548071,0.00403962374,0.0441082142,0.0441082142,0.00622762131,787,12.3654003,0.252809834
103258.001395,0.0443309406,0.00302962327,0.0456876026,0.0456876026,0.0065011053,787,11.6737387,0.252809834
103258.011424,0.0586579031,0.00338450008,0.0463784821,0.0463784821,0.00690243494,787,12.2484593,0.252981763
103258.021453,0.056911052,-0.0173476123,0.0427398754,0.0427398754,0.0071995296,787,11.7017686,0.252981763
103258.031482,0.0475622719,-0.0128353661,0.0460681098,0.0460681098,0.00746524378,787,10.4830139,0.253849701
103258.041511,0.0456679133,-0.00768701486,0.0486694443,0.0486694443,0.00774809648,787,9.45471381,0.253849701
103258.051540,0.0497846741,-0.0156259638,0.0452037112,0.0452037112,0.00804878438,787,15.4466326,0.253849701
103258.061569,0.0366790581,-0.0190968409,0.0505104298,0.0505104298,0.00822749657,785,7.99801895,0.253849701
103258.071598,0.0573366694,-0.00527326788,0.0459416172,0.0459416172,0.00864638074,787,13.2284433,0.253849701
103258.081627,0.0657992407,0.00253297257,0.0510282383,0.0510282383,0.00916108171,787,10.5094253,0.254150438
103258.091657,0.061769098,-0.01470622,0.0486006787,0.0486006787,0.00959558561,787,12.9881989,0.254150438
103258.101686,0.0570211684,-0.0167851751,0.0489914223,0.0489914223,0.00998165872,787,10.3112278,0.254150438
103258.111715,0.0627292465,-0.0213124858,0.0487547318,0.0487547318,0.0104190626,787,8.97304107,0.254150438
103258.121744,0.051221368,-0.0195756717,0.0460668949,0.0460668949,0.010746482,787,10.7569655,0.254150438
103258.131773,0.0405627727,-0.00566998037,0.0476016984,0.0476016984,0.0109784769,787,9.70939567,0.254150438
103258.141803,0.0361954179,-0.0129106583,0.0451961112,0.0451961112,0.0111597006,787,17.1425608,0.254090468
103258.151832,0.0229867918,-0.0164018291,0.0443691686,0.0443691686,0.0112088131,787,11.8198687,0.254090468
103258.161861,0.0296265546,-0.00674161763,0.043245967,0.043245967,0.0113275872,787,10.803793,0.254090468
103258.171890,0.0222880807,-0.0133790482,0.0440115669,0.0440115669,0.0113715531,787,11.1508433,0.254090468
103258.181919,0.0280397049,-0.00728685898,0.0464893754,0.0464893754,0.0114732193,787,9.01619242,0.254090468
103258.191949,0.0150129129,-0.0172993944,0.0434677497,0.0434677497,0.0114464755,787,12.0675208,0.254090468
103258.201978,0.0409990938,-0.0102441155,0.0441865165,0.0441865165,0.0116766673,787,13.048239,0.254090468
103258.212007,0.0328859078,0.00632301986,0.0466821722,0.0466821722,0.0118189725,787,10.3846803,0.254090468
103258.222036,0.00550462594,-0.00206121731,0.0450894991,0.0450894991,0.0116911773,787,13.4168506,0.254090468
103258.232065,0.00751235373,0.00218553736,0.0467947126,0.0467947126,0.0115847942,787,11.8022734,0.254090468
103258.242095,0.00676970245,0.000220490828,0.043843652,0.043843652,0.011473582,787,11.5880863,0.254090468
103258.252124,0.0191252751,8.50979064e-05,0.0453589921,0.0453589921,0.0114860507,787,11.7078839,0.25382819
103258.262153,0.0242218867,0.00484485799,0.0430811213,0.0430811213,0.0115476927,787,11.2029676,0.25382819
103258.272182,0.0225565559,-0.00576432219,0.0489319572,0.0489319572,0.0115933126,785,6.49583797,0.25382819
103258.282211,0.0377687852,0.0233440096,0.0452390576,0.0452390576,0.0117855985,787,14.3002555,0.25382819
103258.292241,0.0200805419,0.0255291065,0.0427063242,0.0427063242,0.0118066262,787,12.5034488,0.25368265
103258.302270,0.00878636374,0.019264247,0.0438137139,0.0438137139,0.0117193182,787,10.999416,0.25368265
103258.312299,0.0112067973,0.020712683,0.0419651252,0.0419651252,0.0116622773,787,13.5313185,0.25368265
103258.322328,0.0077474761,0.0161670771,0.0439194108,0.0439194108,0.0115724296,787,13.3676518,0.25368265
103258.332358,-0.000806995023,0.00738837139,0.0439119432,0.0439119432,0.0113941234,787,13.9430447,0.25368265
103258.342387,0.0116761515,0.00115913208,0.0441058259,0.0441058259,0.0113355258,787,12.2357636,0.25368265
103258.352416,0.0135089817,-0.000135849342,0.0454833123,0.0454833123,0.0112947285,787,12.4783628,0.25368265
103258.362445,-0.00748777827,-0.00166378621,0.041585999,0.041585999,0.0110478458,787,16.2375271,0.25368265
103258.372474,-0.00244808221,0.0205194252,0.0438500123,0.0438500123,0.0108791354,787,13.1011512,0.25368265
103258.382504,-0.00757539574,0.0438819282,0.0463957262,0.0463957262,0.0107061442,787,11.8983547,0.25368265
103258.392533,0.00263880985,0.0372994396,0.0426482496,0.0426482496,0.0106436332,787,12.826071,0.25368265
103258.402562,-9.30930218e-05,0.0417379068,0.0467503231,0.0467503231,0.0105834524,787,10.5747627,0.25368265
103258.412591,-0.0159972748,0.0375816737,0.041817463,0.041817463,0.0103828431,787,11.7236875,0.25368265
103258.422620,-0.015010967,0.0320419417,0.0452420417,0.0452420417,0.0101961448,787,9.14086018,0.25368265
103258.432650,-0.00523223713,0.0476559166,0.0478017537,0.0478017537,0.0101793865,787,10.879544,0.25368265
103258.442679,-0.0294427154,0.0566026317,0.0440143676,0.0440143676,0.0100223332,787,14.9785774,0.253823989
103258.452708,-0.0297703809,0.0599095941,0.0491883767,0.0491883767,0.00993701936,785,8.31862686,0.253823989
103258.462737,-0.0281615284,0.0609363202,0.0488495484,0.0488495484,0.00992989928,785,8.90041769,0.253823989
103258.472767,-0.0319189188,0.0673496194,0.0538002244,0.0538002244,0.00999661648,787,10.3255127,0.253823989
103258.482796,-0.0591597206,0.0896009029,0.0483302894,0.0483302894,0.010130568,787,14.529254,0.253823989
103258.492825,-0.0593628577,0.101148017,0.0536144661,0.0536144661,0.0104912517,787,11.8900536,0.253823989
103258.502854,-0.0678515969,0.110339024,0.0557119321,0.0557119321,0.0110233213,787,17.3458829,0.253823989
103258.512883,-0.068161583,0.110662787,0.0640897427,0.0640897427,0.0116726576,785,10.2727129,0.253823989
103258.522913,-0.0678052412,0.109349643,0.0714946625,0.0714946625,0.0123948012,785,8.27419775,0.253823989
103258.532942,-0.0673332508,0.106635204,0.0782022645,0.0782022645,0.0131501867,785,11.56256,0.253823989
103258.542971,-0.0559169088,0.0889324574,0.0672677343,0.0672677343,0.0137762524,787,13.4072749,0.253823989
103258.553000,-0.0442062198,0.0804951827,0.0630091961,0.0630091961,0.0143375847,785,9.98026231,0.253823989
103258.563029,-0.0434322984,0.096378687,0.0531876728,0.0531876728,0.0150600206,787,12.5029048,0.253823989
103258.573059,-0.0332242324,0.0795706875,0.0494745224,0.0494745224,0.0156100966,787,12.7310804,0.253823989
103258.583088,-0.0289504623,0.0742170481,0.0440945854,0.0440945854,0.0160998472,787,12.3441669,0.253823989
103258.593117,-0.032025836,0.0519113547,0.0456488066,0.0456488066,0.0163683186,787,12.0487596,0.253823989
103258.603146,-0.0167680951,0.0314272148,0.0441199471,0.0441199471,0.0164202713,787,14.6735816,0.253823989
103258.613176,-0.0204924604,0.0239166191,0.0428244494,0.0428244494,0.0164032994,787,11.2079289,0.253823989
103258.623205,-0.00271993945,0.0100330258,0.0439183407,0.0439183407,0.0162319286,787,14.1878111,0.253823989
103258.633234,0.0140433752,0.0163878533,0.0428003046,0.0428003046,0.0161075909,787,13.7762415,0.253823989
103258.643263,0.0169091697,0.0168609271,0.0444328632,0.0444328632,0.0159894782,787,12.1236699,0.253823989
103258.653292,0.0115978397,0.00791510069,0.0457326208,0.0457326208,0.0157926967,787,12.6997218,0.253823989
103258.663322,0.0266914223,-0.00521786119,0.0445214876,0.0445214876,0.0154618693,787,10.6158397,0.253823989
103258.673351,0.00463398811,-0.0133931871,0.0464216441,0.0464216441,0.015073686,787,10.0102293,0.253823989
103258.683380,-0.00676839589,-0.0224746057,0.0434622016,0.0434622016,0.0146110764,787,9.48137063,0.253565376
103258.693409,-0.00446910256,-0.0134904474,0.0478125362,0.0478125362,0.014244574,787,8.90262438,0.253565376
103258.703438,-0.00170809366,0.0047419791,0.0452128788,0.0452128788,0.0140622732,787,12.569972,0.253565376
103258.713468,-0.000125061518,-0.00235416904,0.0445788518,0.0445788518,0.013812829,787,8.06768845,0.253667456
103258.723497,-0.00173091296,-0.00316894465,0.0478280647,0.0478280647,0.0135614894,787,9.55031797,0.253667456
103258.733526,0.0124668166,0.00693277384,0.0437455229,0.0437455229,0.0134045083,787,11.9426543,0.253667456
103258.743555,0.00894719302,-0.00351703314,0.0478288739,0.0478288739,0.0131513347,787,8.45584082,0.253667456
103258.753585,0.0419121599,-0.0324699648,0.0460162149,0.0460162149,0.012609199,787,15.5009078,0.253667456
103258.763614,0.0508203441,-0.0216410645,0.0450726952,0.0450726952,0.0122036074,787,9.71274419,0.253667456
103258.773643,0.0579825772,-0.0246021612,0.0506827441,0.0506827441,0.0118105354,787,10.3636591,0.253667456
103258.783672,0.0509308751,-0.0429444626,0.0483019664,0.0483019664,0.0112740988,787,11.1427692,0.253667456
103258.793701,0.0478254257,-0.0322973689,0.0494803342,0.0494803342,0.0108799865,787,10.5122499,0.253667456
103258.803731,0.0471157873,-0.0419366104,0.0475041847,0.0475041847,0.0104346398,787,13.4903167,0.253667456
103258.813760,0.0539286025,-0.0436193467,0.0445069271,0.0445069271,0.0100474078,787,15.5301292,0.253667456
103258.823789,0.0570554314,-0.0355531096,0.0487407352,0.0487407352,0.00980940552,787,8.77745993,0.253667456
103258.833818,0.0600227842,-0.0342477428,0.0482217971,0.0482217971,0.0096625678,787,12.5846949,0.253667456
103258.843847,0.0655954502,-0.0322030548,0.0478368578,0.0478368578,0.00963332495,787,11.085008,0.253667456
103258.853877,0.0590505756,-0.0240804662,0.0450578324,0.0450578324,0.0096892765,787,13.1678165,0.253667456
103258.863906,0.0477242708,-0.0148892608,0.0452382267,0.0452382267,0.00977342127,787,13.0193586,0.253667456
103258.873935,0.0431262217,-0.011203351,0.0461246204,0.0461246204,0.00987102062,787,14.251816,0.253667456
103258.883964,0.0323735799,-0.0208878443,0.0422491804,0.0422491804,0.0098426964,787,9.27490723,0.253667456
103258.893994,0.0348464585,-0.0311622855,0.045562677,0.045562677,0.00979499554,787,11.3413883,0.253667456
103258.904023,0.013297313,0.00256329732,0.0427250987,0.0427250987,0.00977479911,787,13.7552444,0.253667456
103258.914052,0.00932654039,-0.00388400317,0.0499622014,0.0499622014,0.00968787885,787,8.85943905,0.253667456
103258.924081,0.0172023689,-0.00917991389,0.0525708263,0.0525708263,0.00964127383,787,10.4470367,0.253667456
103258.934110,-0.0068613229,-0.00711268655,0.0472458756,0.0472458756,0.00940758112,787,14.500303,0.253667456
103258.944140,-0.034699556,-0.00182974695,0.0455547966,0.0455547966,0.00897515011,787,10.7711367,0.253667456
103258.954169,-0.0304319359,-0.00388611402,0.0440614335,0.0440614335,0.00857893505,787,13.738002,0.253667456
103258.964198,-0.0298341182,0.00657339535,0.0462997703,0.0462997703,0.00825926226,787,11.1137177,0.253667456
103258.974227,-0.00285338724,0.0118537063,0.050697826,0.050697826,0.00819510202,785,7.52636494,0.253667456
103258.984257,-0.0111542152,0.00237597294,0.0449974238,0.0449974238,0.00801233355,787,10.9856262,0.253667456
103258.994286,-0.00988308415,0.0090143479,0.0469170371,0.0469170371,0.00788598165,787,12.362597,0.253667456
103259.004315,-0.0158623156,0.0121369323,0.0441909799,0.0441909799,0.00774201675,787,12.9282621,0.253667456
103259.014344,-0.00404538386,0.00758340254,0.0463343539,0.0463343539,0.00766112667,787,8.68078534,0.253667456
103259.024373,-0.00726962452,0.00666250174,0.0494090715,0.0494090715,0.00755408305,787,12.1450301,0.253667456
103259.034403,0.00924303233,0.00940180848,0.0462415532,0.0462415532,0.00758523075,787,9.24090382,0.253667456
103259.044432,0.00116687111,0.0125259773,0.045962774,0.045962774,0.00758095142,787,11.3023987,0.253667456
103259.054461,0.00476758496,-0.00353263798,0.0436891691,0.0436891691,0.00749073761,787,9.07903056,0.253667456
103259.064490,0.0056393346,0.006839504,0.0454979592,0.0454979592,0.00748021807,787,12.1510589,0.253667456
103259.074520,0.0105949585,0.000807408993,0.0472103365,0.0472103365,0.0074634333,787,8.07765571,0.253667456
103259.084549,0.019527884,-0.0140629868,0.0434452325,0.0434452325,0.00741517621,787,11.0820935,0.253667456
103259.094578,0.0111031492,0.00408559176,0.044442284,0.044442284,0.00742832491,787,11.2522141,0.253667456
103259.104607,0.00754049368,-0.00425017684,0.0426257031,0.0426257031,0.00736213435,787,11.9264728,0.253667456
103259.114636,0.00852680863,0.000892705818,0.0469730424,0.0469730424,0.00733785225,785,6.94061549,0.254462422
103259.124666,-0.00660503485,-0.00102970817,0.0448233199,0.0448233199,0.00718695949,787,14.7541424,0.254462422
103259.134695,0.00798952144,-0.00125102475,0.0459174107,0.0459174107,0.0071489225,785,7.52314283,0.254462422
103259.144724,-0.00196964786,-0.00160491547,0.0474179145,0.0474179145,0.00703346029,787,10.7828716,0.254462422
103259.154753,0.00767909827,-0.00541894918,0.0435730624,0.0435730624,0.00697169243,787,13.0199895,0.254462422
103259.164783,-0.00863319455,-0.0047575555,0.0460037754,0.0460037754,0.00678890939,787,10.4576948,0.254462422
103259.174812,0.00271770371,-0.00315778004,0.0433372997,0.0433372997,0.00670780129,787,13.3091149,0.254462422
103259.184841,0.0171397701,-0.00687873769,0.0449813205,0.0449813205,0.00672217837,787,9.69602029,0.254462422
103259.194870,0.0196996048,-0.0219752125,0.0443687629,0.0443687629,0.00668444412,787,14.0085877,0.255070624
103259.204899,0.0124119766,4.15436272e-05,0.0435017259,0.0435017259,0.00670828047,787,13.6326737,0.255070624
103259.214929,0.0241178012,0.00675724883,0.045630677,0.045630677,0.00686524965,787,11.8572517,0.255070624
103259.224958,0.00422134015,0.0205065983,0.0432133163,0.0432133163,0.00691824773,787,12.8130318,0.255070624
103259.234987,0.00391272306,0.00930525157,0.0488686942,0.0488686942,0.00691322739,785,7.92281015,0.255070624
103259.245016,-0.00171264653,-0.000240854749,0.0330865653,0.0330865653,0.00681187436,819,11.462538,0.255070624
103259.255046,0.00452842519,0.0059187295,0.0421831083,0.0421831083,0.00679681911,817,7.98828079,0.255070624
103259.265075,0.00374005751,0.00993905003,0.0457106982,0.0457106982,0.00679738552,819,10.8396782,0.255070624
103259.275104,0.000198279197,0.00834872833,0.0443478327,0.0443478327,0.0067612598,819,13.137873,0.255070624
103259.285133,0.000168758745,0.000582559452,0.0330924405,0.0330924405,0.00668300594,819,10.3309844,0.255070624
103259.295162,0.00318879887,0.00195786363,0.0432032587,0.0432032587,0.00663842719,819,9.4156769,0.255070624
103259.305192,-6.61372726e-05,-0.00109316503,0.0330815678,0.0330815678,0.00655137083,819,11.8940494,0.255070624
103259.315221,-0.000301573812,0.000716332723,0.0330363707,0.0330363707,0.0064741644,819,11.4816428,0.255070624
103259.325250,-0.00146031313,0.000549454423,0.0329901002,0.0329901002,0.00638817765,819,14.5874087,0.255070624
103259.335279,-0.00994635587,-0.0037375205,0.0413685284,0.0413685284,0.00621137833,819,12.0961308,0.255070624
103259.345309,-0.00076150927,-0.000312818577,0.0330890205,0.0330890205,0.00613142605,819,11.4898437,0.255070624
103259.355338,-0.0151875446,-0.00154568463,0.0393382463,0.0393382463,0.00593073732,819,14.7197605,0.255070624
103259.365367,-0.0076850494,4.05940463e-05,0.0476058518,0.0476058518,0.00580383102,817,7.29581237,0.255070624
103259.375396,-0.0246012437,-0.00715587618,0.0450905559,0.0450905559,0.00550572752,819,11.9919475,0.255070624
103259.385426,-0.0189853253,-0.0153228368,0.0461415459,0.0461415459,0.005207657,819,12.7023137,0.255070624
103259.395455,-0.0276057727,0.00116629933,0.048452931,0.048452931,0.00495759087,819,10.6256017,0.255070624
103259.405484,-0.0145078226,0.00394620732,0.0463571065,0.0463571065,0.00483587206,819,9.10929641,0.255070624
103259.415513,-0.0124686244,0.0215856503,0.0462057444,0.0462057444,0.0048710878,819,12.7397352,0.255070624
103259.425542,-0.00265923271,7.41583391e-05,0.044249138,0.044249138,0.0048099705,819,11.8389534,0.255070624
103259.435572,-0.000746975083,0.00155886417,0.0330668493,0.0330668493,0.00477322438,819,16.3009177,0.255070624
103259.445601,-0.00589278784,0.00235565488,0.0420027204,0.0420027204,0.00471383924,819,8.42072859,0.255070624
103259.455630,0.0103599866,0.00349530658,0.0443032515,0.0443032515,0.0047592469,819,8.86088984,0.255070624
103259.465659,0.000211597638,0.019901874,0.0460548767,0.0460548767,0.00487594725,819,11.1815045,0.255070624
103259.475689,0.0151115613,0.0172621338,0.0438117044,0.0438117044,0.00505423113,819,11.5161186,0.255070624
103259.485718,0.00146745245,0.000642903052,0.0330626274,0.0330626274,0.00501838629,819,12.5927571,0.255070624
103259.495747,0.00125562031,-0.00183447885,0.0329716081,0.0329716081,0.0049622142,819,14.2431216,0.25557775
103259.505776,0.0027109226,-0.000707874245,0.0330270648,0.0330270648,0.00492470409,819,12.6020348,0.25557775
103259.515806,0.0147594747,-0.000390658312,0.0407271409,0.0407271409,0.0049634612,819,12.6629621,0.25557775
103259.525835,0.0145674623,-0.00680463348,0.0412104419,0.0412104419,0.00495899297,819,14.5772123,0.255657264
103259.535864,0.0156603231,-0.0139340677,0.0441692559,0.0441692559,0.00492408628,819,13.127979,0.255657264
103259.545893,0.0218692983,-0.00949963696,0.0425214073,0.0425214073,0.00498266345,819,15.7249966,0.256013074
103259.555922,0.0237474116,-0.00663313989,0.0430905023,0.0430905023,0.00508824329,819,14.6215262,0.256013074
103259.565952,0.0155722351,-0.0171133497,0.0448905661,0.0448905661,0.00508511994,819,13.4930696,0.255914269
103259.575981,0.0215239484,-0.0169504555,0.0412569479,0.0412569479,0.00515594326,819,14.4563586,0.255914269
103259.586010,0.0166608524,-0.0216941077,0.046818842,0.046818842,0.00518728332,817,7.86938655,0.256037291
103259.596039,-0.00342777712,-0.0140063562,0.0413766748,0.0413766748,0.00506620547,787,16.0293989,0.256037291
103259.606069,0.00281871448,-0.00147458006,0.0453116593,0.0453116593,0.00504012404,787,12.9330484,0.256037291
103259.616098,-0.0166066243,0.00416042621,0.043150741,0.043150741,0.00484332307,787,13.9469809,0.256037291
103259.626127,-0.00681488535,-0.00415784414,0.0423074558,0.0423074558,0.00472278358,787,10.6308826,0.256246372
103259.636156,0.00495145959,-0.0112257363,0.0451156062,0.0451156062,0.00470185275,787,12.0041844,0.256470492
103259.646186,0.00426632055,-0.00426641271,0.0422373579,0.0422373579,0.00469255462,787,11.4891227,0.256470492
103259.656215,-0.00460248686,0.00120833432,0.044525226,0.044525226,0.00460812675,787,13.8879829,0.256470492
103259.666244,0.00732411398,-0.0047908553,0.0464582708,0.0464582708,0.00463015355,787,9.96544523,0.256470492
103259.676273,0.00729732453,0.00781035902,0.0421774924,0.0421774924,0.00467344744,787,12.8878652,0.256472077
103259.686302,-0.0136065659,-0.00434837731,0.0433176579,0.0433176579,0.00449220634,787,15.0087535,0.256077312
103259.696332,-0.0114749155,-0.0174786549,0.0409252619,0.0409252619,0.00431761835,787,12.7096556,0.255146442
103259.706361,-0.0311076598,-0.0168191644,0.0433360474,0.0433360474,0.00396808153,787,11.6864549,0.255146442
103259.716390,-0.0188304789,-0.0156979004,0.0444177244,0.0444177244,0.00376354547,787,14.0206298,0.255146442
103259.726419,0.0019536215,0.00717774048,0.0407894647,0.0407894647,0.00375251156,787,12.8695327,0.255146442
103259.736449,0.00790363154,0.00692331135,0.0415942023,0.0415942023,0.00380448868,787,16.296449,0.255146442
103259.746478,-0.000139934819,0.000641787393,0.0330508346,0.0330508346,0.00377840303,819,13.21601,0.255146442
103259.756507,-0.000225527587,1.1316923e-05,0.0330379883,0.0330379883,0.00375197959,819,11.3324871,0.255146442
103259.766536,-0.00054638851,0.000556139106,0.0330528956,0.0330528956,0.00372295642,819,12.9661562,0.25547889
103259.776566,-0.00211309608,-0.00401458886,0.0407955128,0.0407955128,0.00367939314,819,12.5200301,0.25547889
103259.786595,-0.0144520209,-0.00643871295,0.0447819844,0.0447819844,0.00351903729,819,9.91074515,0.255808875
103259.796624,-0.0140032577,-0.00133573265,0.0407874662,0.0407874662,0.00336453233,819,15.1404397,0.255808875
103259.806653,-0.0152337492,-0.00240262738,0.0447666719,0.0447666719,0.00320424477,819,8.22730003,0.255808875
103259.816683,-0.00220767107,-0.0024205943,0.0433635199,0.0433635199,0.00317514344,819,13.0782059,0.255808875
103259.826712,0.00626100464,-0.00641470569,0.0437953821,0.0437953821,0.00323895297,819,13.929515,0.255808875
103259.836741,0.00772727186,-0.0180331152,0.044899734,0.044899734,0.00336404069,819,11.2077721,0.256027179
103259.846770,0.00579680768,-0.0139792636,0.0431080795,0.0431080795,0.00346727664,819,12.7065985,0.256027179
103259.856799,-0.000305362881,0.00684472082,0.0458875482,0.0458875482,0.00341111733,787,11.5715952,0.256027179
103259.866829,0.0173092474,-0.0254143523,0.0433510642,0.0433510642,0.0036742116,787,15.269091,0.256027179
103259.876858,0.00311723233,-0.00342547147,0.0439737258,0.0439737258,0.00369678929,787,16.0073171,0.256027179
103259.886887,0.00509407881,0.00103619376,0.0432653359,0.0432653359,0.00370858827,787,16.6585352,0.256027179
103259.896916,0.0114882629,0.00369464189,0.042417938,0.042417938,0.00376073098,787,15.0472308,0.256027179
103259.906946,0.0191022514,-0.00393286562,0.0448558099,0.0448558099,0.00391947766,787,13.2754732,0.256027179
103259.916975,-0.0151533407,0.0121413432,0.040227247,0.040227247,0.00370534798,787,16.1061412,0.256027179
103259.927004,0.00625929764,0.00295922635,0.0444283399,0.0444283399,0.00372596034,787,11.9978565,0.256027179
103259.937033,-0.00338129741,-0.000625713798,0.0464399393,0.0464399393,0.00367501732,787,9.90099791,0.256027179
103259.947063,-0.00473372878,0.00016956156,0.0437994439,0.0437994439,0.00361003717,787,9.0555919,0.256027179
103259.957092,0.00837467108,0.007007619,0.0448306613,0.0448306613,0.00363775747,787,9.86455832,0.256027179
103259.967121,-0.00219092154,0.0156614763,0.0427087875,0.0427087875,0.00355128445,787,12.2621683,0.256027179
103259.977150,-0.00863055672,0.0132223307,0.0467860965,0.0467860965,0.00342666903,787,9.57564385,0.256027179
103259.987180,-0.0100301853,0.00241963701,0.046338603,0.046338603,0.00330899361,787,10.2596867,0.256027179
103259.997209,0.000233296231,0.000193966314,0.0330718604,0.0330718604,0.00329615002,819,11.4481554,0.256250263
103260.007238,-0.0018017324,-1.90545039e-05,0.0330272813,0.0330272813,0.00326378414,819,12.3534158,0.256250263
103260.017267,-0.000123187516,0.00314559109,0.0405723939,0.0405723939,0.00324664945,819,11.9701449,0.256030038
103260.027297,-0.00156043281,0.00138930977,0.0432909221,0.0432909221,0.00321718094,819,15.6558059,0.256030038
103260.037326,-0.0128960529,0.00657421071,0.044530292,0.044530292,0.00307974241,819,14.0488617,0.256030038
103260.047355,0.000461494123,0.00836087453,0.0438742929,0.0438742929,0.0030881027,819,13.1704784,0.256030038
103260.057384,-0.0158760842,0.0111986921,0.0450012621,0.0450012621,0.00297876089,819,12.7767204,0.256030038
103260.067414,-0.00231501708,-0.0114549376,0.0438536721,0.0438536721,0.0028977605,819,10.9647603,0.256030038
103260.077443,-0.00113833539,-0.0166708319,0.0457709446,0.0457709446,0.0028602789,819,12.3064202,0.256030038
103260.087472,0.00606210152,-0.0233570387,0.0447741634,0.0447741634,0.00300084504,819,14.1014532,0.255826269
103260.097501,-0.00496382283,-0.00272205044,0.0429095573,0.0429095573,0.00297182956,787,12.3729011,0.255751949
103260.107530,-0.00443070933,-0.00723660244,0.0439978886,0.0439978886,0.00298855013,787,11.2779434,0.255751949
103260.117560,-0.00689337868,-0.0110120756,0.0431582609,0.0431582609,0.00304241728,787,12.5073093,0.255751949
103260.127589,0.000672087733,-0.0135279105,0.0466429664,0.0466429664,0.00316006096,787,14.2291698,0.255751949
103260.137618,-0.00335289716,0.00293488533,0.0470655817,0.0470655817,0.00311088094,787,11.534602,0.255751949
103260.147647,-0.0136520925,-0.00628330523,0.0418514776,0.0418514776,0.00314142465,787,14.8417379,0.255751949
103260.157677,-0.00699897177,-0.0061875841,0.0465589118,0.0465589118,0.00319275213,787,13.5794692,0.255751949
103260.167706,-0.00725800662,0.00257274452,0.0440430548,0.0440430548,0.00316528175,787,9.60018236,0.255751949
103260.177735,0.012283784,-0.00623300111,0.0463824427,0.0463824427,0.00320186238,787,11.1897609,0.255751949
103260.187764,0.00779597851,-0.0170144038,0.045665851,0.045665851,0.00335972075,787,8.66316186,0.255751949
103260.197794,0.00931769519,-0.0062743632,0.0470711337,0.0470711337,0.00341782527,787,8.94240287,0.255751949
103260.207823,-0.000933954,-0.000974413853,0.0466868966,0.0466868966,0.00340844401,787,9.37496241,0.255751949
103260.217852,0.00718749711,-0.00225398903,0.0424663521,0.0424663521,0.00342828536,787,16.9169105,0.256017642
103260.227881,2.5648808e-06,-0.000641104642,0.0330710154,0.0330710154,0.00341707421,819,11.450563,0.256017642
103260.237911,-0.000929877429,-0.00132677212,0.0330239268,0.0330239268,0.00341042399,819,10.3755878,0.255913844
103260.247940,0.00665233323,-0.00513343099,0.0404770065,0.0404770065,0.00345932816,819,14.3982173,0.255913844
103260.257969,-9.55008653e-06,-0.000413678941,0.033065884,0.033065884,0.00344526266,819,13.7061151,0.255913844
103260.267998,0.0241290677,-0.00255350356,0.0404859716,0.0404859716,0.00354453594,819,13.1512126,0.255913844
103260.278028,0.011397448,-0.00423934072,0.0425711728,0.0425711728,0.00361914001,819,14.9633391,0.255913844
103260.288057,0.000509246924,-0.0016039748,0.0330210201,0.0330210201,0.00361398036,819,11.2119791,0.256180059
103260.298086,0.00295981995,-0.014041595,0.0410370447,0.0410370447,0.00372544779,819,13.3644476,0.256180059
103260.308115,0.000328933471,-0.00122832948,0.0330832211,0.0330832211,0.00371431394,819,11.9378381,0.256180059
103260.318145,-0.00990650188,0.00373236649,0.0395363468,0.0395363468,0.00361208865,819,9.86529912,0.256180059
103260.328174,-0.000717654238,0.000118418222,0.0330980802,0.0330980802,0.00358690973,819,10.6213774,0.256180059
103260.338203,-0.000451991941,0.000401156033,0.0330154054,0.0330154054,0.00356094451,819,11.3261857,0.256180059
103260.348232,-2.67750827e-05,-0.00039809091,0.0329906408,0.0329906408,0.00354439293,819,19.1486369,0.256180059
103260.358262,-0.000139374773,-0.000331823346,0.0330425279,0.0330425279,0.00352709226,819,10.9742682,0.256180059
103260.368291,-0.00074360935,-0.00142459227,0.0329963003,0.0329963003,0.00351719169,819,8.47797257,0.256180059
103260.378320,-0.00802494967,-0.00459330181,0.0411366425,0.0411366425,0.00350886707,819,14.201453,0.256180059
103260.388349,-0.0137841958,0.00166302749,0.0423428706,0.0423428706,0.00343594576,819,13.8584481,0.256180059
103260.398379,0.00120160394,0.00297714876,0.0431684616,0.0431684616,0.00339262016,819,16.0055936,0.256180059
103260.408408,0.000568001921,0.00144781801,0.0330818674,0.0330818674,0.00336353273,819,10.9983198,0.256180059
103260.418437,-0.00108264691,0.00461597195,0.0404157372,0.0404157372,0.00330087779,819,11.5298763,0.256180059
103260.428466,-0.00654842388,-0.00783530249,0.0457112712,0.0457112712,0.00334890285,819,14.081874,0.256180059
103260.438496,0.0014813112,-0.0136776425,0.042957998,0.042957998,0.00346832067,819,12.8131135,0.256180059
103260.448525,-0.000571478631,-0.00134201462,0.0330931075,0.0330931075,0.00346250446,819,11.0884241,0.256180059
103260.458554,-0.00252549296,0.0123208261,0.0423051479,0.0423051479,0.00332118475,819,11.7119863,0.256180059
103260.468583,0.00861256253,0.000516280488,0.042056709,0.042056709,0.00331604107,819,12.0216481,0.256180059
103260.478613,0.00161386709,-0.0127932312,0.0463154173,0.0463154173,0.00342707713,817,7.18125289,0.256180059
103260.488642,0.00719451074,-0.0170192971,0.0471122044,0.0471122044,0.00358897391,819,9.65389724,0.256180059
103260.498671,-0.000884030304,-0.00109043425,0.0330891376,0.0330891376,0.00357679117,819,14.1402655,0.256180059
103260.508700,-0.000276041394,-0.00139451332,0.0329938973,0.0329938973,0.003569244,819,13.8090246,0.256180059
103260.518730,-0.000973212359,-0.000948007666,0.0330395058,0.0330395058,0.00355607016,819,12.546592,0.256180059
103260.528759,8.64108445e-05,-7.39163915e-05,0.0330464232,0.0330464232,0.00353713158,819,11.2989304,0.256180059
103260.538788,0.000103889838,-0.000453067573,0.0330031149,0.0330031149,0.00352223932,819,9.48057549,0.256180059
103260.548817,0.00023285054,0.000753522735,0.0330128419,0.0330128419,0.0034963575,819,11.8152655,0.256180059
103260.558847,0.00484524059,0.00314064323,0.0418793561,0.0418793561,0.00345987362,819,11.2304431,0.256180059
103260.568876,-5.03977911e-05,0.00118680295,0.0464988592,0.0464988592,0.00343059848,819,9.45713508,0.256180059
103260.578905,0.00236318824,-0.0114514905,0.0482080469,0.0482080469,0.00352782666,819,10.0946969,0.255571424
103260.588934,0.00207407272,0.00508825272,0.0468898498,0.0468898498,0.0034666578,817,7.12519496,0.255571424
103260.598964,0.00754371169,0.0127756453,0.0484031363,0.0484031363,0.00335949773,819,13.6813009,0.255664938
103260.608993,0.0128548518,0.000120876252,0.0478645713,0.0478645713,0.00340507208,819,10.3768015,0.255664938
103260.619022,0.00258797525,0.000809461211,0.0444968043,0.0444968043,0.00339597213,819,13.8124481,0.255664938
103260.629051,0.000598692467,-0.00117251165,0.0330701223,0.0330701223,0.00339210154,819,10.7702329,0.255664938
103260.639081,-0.00121763358,0.00592647833,0.0406255091,0.0406255091,0.00332126634,819,9.19173992,0.255664938
103260.649110,0.000424800443,0.000255608394,0.0330783047,0.0330783047,0.00330655324,819,10.4544465,0.255664938
103260.659139,0.00821804882,-0.00817325069,0.0415268709,0.0415268709,0.00340461832,819,11.4895064,0.255664938
103260.669168,0.000136309943,-3.5792096e-05,0.0330672594,0.0330672594,0.0033888677,819,11.5044348,0.255664938
103260.679198,-0.000490173341,0.000130466037,0.0330657977,0.0330657977,0.00336833191,817,6.43569231,0.255664938
103260.689227,-0.00107039705,-0.00672220408,0.0417195415,0.0417195415,0.00339914489,819,8.60479762,0.255664938
103260.699256,-0.000738675638,-0.00094174188,0.0330784496,0.0330784496,0.00338593588,819,11.7809583,0.255664938
103260.709285,-0.000341142277,0.000311378704,0.0330085396,0.0330085396,0.00336503374,819,12.9749398,0.255664938
103260.719315,-0.000266507301,-0.00102712355,0.0330401897,0.0330401897,0.00335590943,819,11.0270204,0.255664938
103260.729344,0.000182242562,-0.00139269425,0.0330159511,0.0330159511,0.00335245394,819,15.2218727,0.255859381
103260.739373,0.000114699872,-0.000494080757,0.0330211723,0.0330211723,0.0033413148,817,6.59888231,0.255859381
103260.749402,0.000973032957,-0.00097724758,0.033036042,0.033036042,0.00333896753,819,12.5640761,0.255859381
103260.759432,-0.00930385194,0.00132000631,0.0399528721,0.0399528721,0.00326604193,819,12.7711788,0.255859381
103260.769461,-0.0127126559,0.0103265936,0.0461948606,0.0461948606,0.00310785486,819,8.84151486,0.255859381
103260.779490,0.00285093127,0.00560752185,0.0450155168,0.0450155168,0.00305739321,819,12.4565269,0.255859381
103260.789519,0.0110516116,0.00780296834,0.0427891557,0.0427891557,0.00304385469,819,12.5775038,0.255859381
103260.799549,-0.0117569918,0.000535452967,0.0446105528,0.0446105528,0.00296214,819,9.26496125,0.255859381
103260.809578,-0.00689819586,0.00153772299,0.0420118112,0.0420118112,0.00291078753,819,10.2425878,0.255859381
103260.819607,0.0035936937,6.50948203e-06,0.0456277672,0.0456277672,0.00291810268,819,11.0583723,0.255859381
103260.829636,-0.000690030501,-0.00111720516,0.0330749735,0.0330749735,0.00291772536,819,9.64255375,0.255859381
103260.839666,-0.00842120643,-0.00281497285,0.040619684,0.040619684,0.00291091235,819,10.9579125,0.255859381
103260.849695,-0.00191456526,0.00411915959,0.0422663804,0.0422663804,0.00286054356,819,15.3895535,0.255859381
103260.859724,-0.002116586,-0.00195563152,0.0330466357,0.0330466357,0.00287084382,819,9.70021815,0.255859381
103260.869753,-0.00633385678,-0.00785670953,0.0412864092,0.0412864092,0.00294189659,819,12.6280115,0.255859381
103260.879783,0.00371835298,-0.00470197292,0.0428122444,0.0428122444,0.00297896383,819,15.4027226,0.255859381
103260.889812,0.00429288694,-0.014190737,0.0464661093,0.0464661093,0.003111827,819,11.3976974,0.255859381
103260.899841,0.0041763003,0.00219090902,0.049568494,0.049568494,0.00308427066,817,7.81290318,0.255859381
103260.909871,-0.0317361746,0.0163771062,0.0457637212,0.0457637212,0.0029722769,819,11.4293557,0.255859381
103260.919900,-0.00655541641,0.00923064502,0.0442773224,0.0442773224,0.00293584965,819,11.3854243,0.255859381
103260.929929,-0.000611072302,0.0014879738,0.0330698099,0.0330698099,0.00292313932,819,10.340809,0.255859381
103260.939958,1.96991571e-05,0.000522105033,0.0330242231,0.0330242231,0.00291232949,819,15.1921064,0.255859381
103260.949988,0.00499922601,-0.00701115087,0.0434749625,0.0434749625,0.00292045843,817,5.95773199,0.255859381
103260.960017,0.00667836752,-0.0272515074,0.048027533,0.048027533,0.00312684938,881,8.79884266,0.255859381
103260.970046,0.0195075695,-0.0117192576,0.0486867541,0.0486867541,0.00321031197,819,10.9099254,0.255859381
103260.980075,0.000288101215,-0.00205218876,0.0331172081,0.0331172081,0.00321758233,819,8.62678732,0.255859381
103260.990105,-0.00429033907,0.00690897402,0.0418780982,0.0418780982,0.00313534302,819,12.5742216,0.255664402
103261.000134,0.00184444141,-0.00322243569,0.0462047004,0.0462047004,0.00315562908,819,9.35962145,0.255664402
103261.010163,0.000312369773,-0.000630230858,0.033075431,0.033075431,0.00314994395,819,11.1044936,0.255664402
103261.020192,0.000728157372,0.000159883561,0.0330623334,0.0330623334,0.00313677478,817,6.82610293,0.255664402
103261.030222,0.00261788469,-0.00934095391,0.0411656304,0.0411656304,0.00321837069,819,11.5083769,0.255664402
103261.040251,0.00126483595,-0.000575691334,0.033077296,0.033077296,0.00321184645,819,9.2267879,0.255664402
103261.050280,0.0122654202,0.00306962024,0.0410867306,0.0410867306,0.00319161292,819,16.2776435,0.255664402
103261.060310,0.0106054569,-0.0122771211,0.0422961879,0.0422961879,0.00332685374,819,14.2401412,0.255664402
103261.070339,0.00222557681,0.000493885953,0.0330646633,0.0330646633,0.00331520758,819,12.3081308,0.255664402
103261.080368,0.00247798707,-0.00170014273,0.0330083833,0.0330083833,0.00332512137,819,11.5587061,0.255641461
103261.090397,0.00602645929,-0.0117362943,0.0431836305,0.0431836305,0.00343936607,817,6.00253875,0.255641461
103261.100427,-0.00158067761,-0.00266721459,0.0473087915,0.0473087915,0.00343962219,819,8.99337001,0.255641461
103261.110456,-0.000509808037,-0.000484498679,0.0330870288,0.0330870288,0.00342454663,819,11.8375943,0.255641461
103261.120485,-0.00075922794,0.000434690723,0.0330273196,0.0330273196,0.00340051788,819,10.6791481,0.255641461
103261.130514,0.00964420148,-0.0021623008,0.0399973333,0.0399973333,0.00344262067,819,9.94931916,0.255641461
103261.140544,0.0028991847,0.0136117874,0.0445349091,0.0445349091,0.00332379729,819,13.7429438,0.255641461
103261.150573,0.0155970329,0.00923237781,0.0444567234,0.0444567234,0.00333798003,819,8.14852475,0.255681077
103261.160602,0.00152909316,-0.000925131608,0.0330974948,0.0330974948,0.00333961374,819,8.13323278,0.255681077
103261.170631,-0.00199153657,-0.000184584212,0.0417607912,0.0417607912,0.00331113379,819,9.65051345,0.255681077
103261.180661,-0.012836432,0.00147342463,0.0416699698,0.0416699698,0.00320024467,819,11.4095133,0.255681077
103261.190690,-0.00245710885,-0.000404462605,0.0330717192,0.0330717192,0.0031756895,819,14.2606319,0.255681077
103261.200719,-0.00386928589,-0.00326479842,0.0403482595,0.0403482595,0.00316809823,819,13.2316452,0.255681077
103261.210748,-0.00101014448,-0.00181218253,0.0447807245,0.0447807245,0.00316588255,819,11.3529006,0.255681077
103261.220778,0.000297835942,0.00138726163,0.0330237044,0.0330237044,0.00314356283,819,21.9961296,0.255681077
103261.230807,-0.000629133442,0.00813977481,0.0400749092,0.0400749092,0.00306176149,819,9.46793339,0.255681077
103261.240836,-0.00117383905,-0.00022387402,0.0330841979,0.0330841979,0.00304681051,819,9.28109175,0.255681077
103261.250866,-0.00764198322,-0.000245919477,0.0410631521,0.0410631521,0.00300086938,819,12.8712088,0.255681077
103261.260895,-0.00540232219,0.00140265637,0.0442491763,0.0442491763,0.00295802589,819,12.0335026,0.255681077
103261.270924,7.6798318e-05,0.000141269546,0.0330937589,0.0330937589,0.0029489199,819,9.9736625,0.255681077
103261.280953,0.0121172022,-0.00392231312,0.0403799685,0.0403799685,0.0030294529,819,10.1474919,0.255681077
103261.290983,0.0105494448,-0.0189024881,0.0442895409,0.0442895409,0.0032325691,819,8.46731158,0.255681077
103261.301012,0.0134401377,0.000119789111,0.0466365578,0.0466365578,0.00329573694,819,10.1533492,0.255681077
103261.311041,0.00148447828,0.000847159094,0.0331285682,0.0331285682,0.00328426413,819,8.95003803,0.255681077
103261.321070,0.0179168244,-0.0066450059,0.0416999838,0.0416999838,0.00343981717,819,13.6789639,0.255681077
103261.331100,0.0199909145,0.00451545538,0.0477147835,0.0477147835,0.00355014358,817,7.26378944,0.255681077
103261.341129,0.00189503456,-0.00815372607,0.050832494,0.050832494,0.00359153424,819,11.1310691,0.255681077
103261.351158,0.00618466151,-0.0125061422,0.0497668092,0.0497668092,0.00369463074,819,10.6816714,0.255681077
103261.361188,0.000567188743,0.00022785587,0.0331323118,0.0331323118,0.00367495632,817,7.43576984,0.255681077
103261.371217,-0.000844042388,-0.000200023635,0.0330326725,0.0330326725,0.00364762512,819,10.6446743,0.255681077
103261.381246,-0.00431628353,-0.00463670838,0.0401322582,0.0401322582,0.00362417173,819,11.7669389,0.255681077
103261.391275,-0.00938291436,-0.002922494,0.0465458647,0.0465458647,0.00355851255,817,6.60036845,0.255681077
103261.401305,-0.000585542763,-0.000498190421,0.0330828445,0.0330828445,0.00353840377,817,5.97567842,0.255681077
103261.411334,0.000449854404,-0.000247419547,0.0330326478,0.0330326478,0.00352368139,819,12.5707458,0.255681077
103261.421363,-0.00318915847,0.00392159343,0.0417334817,0.0417334817,0.00345485201,819,12.6072015,0.255681077
103261.431392,0.00112075561,0.00079985215,0.0330264227,0.0330264227,0.00343866776,819,14.0638816,0.255681077
103261.441422,-0.000172220826,0.000177960657,0.0330426492,0.0330426492,0.00341870523,819,10.8781017,0.255681077
103261.451451,0.000267320365,-0.000778673,0.0329803816,0.0329803816,0.00340897015,819,14.2182227,0.255681077
103261.461480,-0.00144773369,-0.000417064782,0.0330294167,0.0330294167,0.00338547735,819,10.2498364,0.255681077
103261.471509,0.00140183314,-0.0056057675,0.0428186723,0.0428186723,0.00341964408,819,10.5749078,0.255681077
103261.481539,4.8348727e-05,-0.000644871429,0.0330762779,0.0330762779,0.00340765344,819,9.91238227,0.255681077
103261.491568,-0.00525103579,0.00561947198,0.0422507611,0.0422507611,0.00331524888,819,12.5339036,0.255681077
103261.501597,0.00536488498,-0.00098788663,0.0413814092,0.0413814092,0.00334197961,819,14.751798,0.255681077
103261.511627,-0.00131511835,-7.78934737e-05,0.0330807757,0.0330807757,0.0033183277,819,8.08294487,0.255681077
103261.521656,0.000348083478,-0.00420976375,0.0408834724,0.0408834724,0.00333691089,819,12.8271306,0.255681077
103261.531685,-0.000257558717,-0.000943093611,0.0330889236,0.0330889236,0.00332696928,819,8.72520817,0.255681077
103261.541714,-0.00103442006,-0.00121487408,0.0330462891,0.0330462891,0.00331469751,819,10.976352,0.255357266
103261.551744,0.00562844673,-0.00162739894,0.0409385173,0.0409385173,0.00334687552,819,9.70172699,0.255357266
103261.561773,0.00602767497,0.00277486955,0.0455524724,0.0455524724,0.00335103618,819,10.1195016,0.255357266
103261.571802,-0.00169140155,-0.0105161577,0.0426254129,0.0426254129,0.00340123523,819,13.849963,0.255747986
103261.581831,0.000497424931,-0.00136402736,0.0330707405,0.0330707405,0.00339795693,819,13.3201599,0.255747986
103261.591861,0.00146300193,-0.00163549675,0.0330407983,0.0330407983,0.00340277517,819,11.7273,0.255747986
103261.601890,0.00470390294,-0.0140248931,0.0413839326,0.0413839326,0.00352371475,819,11.601842,0.255471132
103261.611919,0.000633560139,-0.00271114962,0.0330790318,0.0330790318,0.0035298318,819,9.63268333,0.255471132
103261.621949,-0.00500871791,-0.00122867575,0.0417315065,0.0417315065,0.00349316723,819,9.65885096,0.255040517
103261.631978,0.00525161846,-0.0064466875,0.0438998991,0.0438998991,0.00355578894,819,11.6337116,0.255040517
103261.642007,0.0062404836,0.0107587943,0.0448335903,0.0448335903,0.00348680994,819,11.1520343,0.255040517
103261.652036,0.0016564161,-0.000379234431,0.0330359956,0.0330359956,0.00348163897,819,12.0657863,0.255040517
103261.662066,0.00558167962,-0.00109554724,0.0412736135,0.0412736135,0.00350754577,819,10.5053315,0.255040517
103261.672095,0.0103861032,-0.0139564642,0.0439104658,0.0439104658,0.00365901375,819,11.9025999,0.254352294
103261.682124,0.00113037053,-0.0024771289,0.0490323376,0.0490323376,0.00366279896,817,6.69299333,0.254352294
103261.692154,0.00999933913,-0.00251509658,0.0484470451,0.0484470451,0.0037254681,819,9.00777601,0.254352294
103261.702183,0.0201727362,-0.00690814052,0.0458869794,0.0458869794,0.00389208301,819,11.6298666,0.254352294
103261.712212,0.012833129,-0.0172284331,0.04846091,0.04846091,0.00407335711,819,9.65421362,0.254352294
103261.722241,-0.000674201427,-0.0156907749,0.0455141252,0.0455141252,0.00414920424,819,8.72778077,0.254352294
103261.732271,-0.00361425334,-0.0105949464,0.0486237495,0.0486237495,0.00417383313,819,9.56042903,0.254352294
103261.742300,-0.0269257453,-0.0131729292,0.0473017738,0.0473017738,0.00410357347,787,11.3772273,0.254352294
103261.752329,-0.0165229975,-0.016936306,0.0467589313,0.0467589313,0.00415838781,787,8.153645,0.254352294
103261.762358,-0.016130232,-0.0237347201,0.0441198223,0.0441198223,0.00430575074,787,14.3949738,0.254352294
103261.772388,-0.0136564844,-0.0218319779,0.0429422967,0.0429422967,0.00445921751,787,12.9411385,0.254352294
103261.782417,-0.00756697921,-0.0104314082,0.0449770351,0.0449770351,0.00451565973,787,10.3291285,0.254352294
103261.792446,0.00254963944,-0.0139313922,0.047060389,0.047060389,0.00461560415,787,8.61438664,0.254352294
103261.802476,0.0123828988,-0.00912882091,0.0431176593,0.0431176593,0.00467844452,787,13.3688853,0.254352294
103261.812505,-0.00380520201,0.00175290865,0.0439121549,0.0439121549,0.00461438368,787,15.6753498,0.254352294
103261.822534,-0.00704866082,0.00510262139,0.0428138512,0.0428138512,0.00451612983,787,8.62900022,0.254352294
103261.832563,-0.0135045985,-0.00815561526,0.0475456756,0.0475456756,0.00454936785,787,12.6501345,0.254352294
103261.842593,0.0129840048,0.00216738658,0.04265261,0.04265261,0.00449626934,787,10.2206802,0.254352294
103261.852622,0.0122167792,-0.00839371525,0.0454951524,0.0454951524,0.00455429848,787,9.82134411,0.254352294
103261.862651,0.00637956536,-0.0125715789,0.0457177716,0.0457177716,0.0046467892,787,12.3484421,0.254352294
103261.872680,0.00481465776,-0.0084839053,0.0456553073,0.0456553073,0.00469593488,787,9.50274777,0.254352294
103261.882710,0.0154105041,0.000696103268,0.0445259789,0.0445259789,0.00467997746,787,13.7461244,0.254352294
103261.892739,-0.000599254671,0.000563705239,0.0330735668,0.0330735668,0.00463120004,817,6.10191874,0.254352294
103261.902768,-0.000529562761,0.00201281483,0.0414685569,0.0414685569,0.00456976162,819,13.6115627,0.254352294
103261.912798,-0.000831328243,2.78351929e-05,0.0330774492,0.0330774492,0.00452769936,819,10.7888528,0.254352294
103261.922827,-0.00477981825,-0.00833105,0.0407674157,0.0407674157,0.00455767137,819,15.2621775,0.254352294
103261.932856,0.00964182238,-0.00281264351,0.0438026089,0.0438026089,0.00456730899,819,12.4191491,0.254352294
103261.942885,-0.000546493049,-0.000234298539,0.033072558,0.033072558,0.00452845061,819,9.0345747,0.254352294
103261.952915,-0.0114146242,-0.0122363642,0.0428376804,0.0428376804,0.00458225558,819,9.97277842,0.254352294
103261.962944,-0.00308471859,0.00454976598,0.0464095346,0.0464095346,0.00449276154,819,14.4089238,0.254352294
103261.972973,-0.00832674049,-0.0024936153,0.0448011208,0.0448011208,0.00446616081,819,10.7561325,0.254352294
103261.983003,0.00167148409,-0.00474446421,0.0429440076,0.0429440076,0.00447686289,819,12.8119919,0.254352294
103261.993032,-0.000133178369,0.00106046526,0.0330538844,0.0330538844,0.00442841472,819,9.21621569,0.253377337
103262.003061,-0.0105495275,0.00842854564,0.0426605725,0.0426605725,0.00429751909,819,14.0756731,0.253377337
103262.013090,-0.00103345452,0.0132463543,0.0430397853,0.0430397853,0.00413247743,819,15.1533001,0.253377337
103262.023120,0.00120088591,0.000235551013,0.0330830244,0.0330830244,0.00410005562,819,12.6297599,0.253377337
103262.033149,0.00150534039,-0.00122136697,0.0330106103,0.0330106103,0.00408292197,819,13.9429337,0.253377337
103262.043178,-0.000472639282,0.000643228254,0.0330147067,0.0330147067,0.00404596694,819,10.2133916,0.253377337
103262.053208,-0.000852885048,-0.00102154323,0.0330473487,0.0330473487,0.00402568572,819,11.5124342,0.253377337
103262.063237,0.0108132072,-0.00325777538,0.0410315047,0.0410315047,0.00404196398,819,14.7338163,0.253377337
103262.073266,0.00401850329,0.00440841023,0.0446308639,0.0446308639,0.00397692419,819,12.2369408,0.253377337
103262.083295,0.000525131916,0.00075098354,0.0330656761,0.0330656761,0.00394258225,819,15.5084778,0.253377337
103262.093325,0.000285781991,0.000304700229,0.0330512608,0.0330512608,0.00391276764,819,9.10833683,0.253377337
103262.103354,-0.00905752782,-0.0066810298,0.0411035588,0.0411035588,0.00393608357,819,14.8654535,0.253377337
103262.113383,-0.0147593181,-0.0162241608,0.0428391077,0.0428391077,0.00405724869,819,14.3815178,0.253377337
103262.123413,0.00057973196,-0.000314770646,0.0330538551,0.0330538551,0.00403077553,819,14.1100129,0.253377337
103262.133442,-0.00406693708,0.00119065333,0.040873103,0.040873103,0.00398949634,819,15.8674882,0.252923645
103262.143471,-0.000785619864,-0.000577289419,0.0330334611,0.0330334611,0.00396686398,819,12.2320022,0.252923645
103262.153500,-0.000699717449,-0.000904468744,0.0330403339,0.0330403339,0.0039479229,819,9.80275864,0.252923645
103262.163530,0.00356055301,-0.00752391281,0.0402817216,0.0402817216,0.00399431402,819,11.9160675,0.252923645
103262.173559,0.000659285396,-0.000443819832,0.0330726288,0.0330726288,0.00397031066,819,9.89558287,0.252923645
103262.183588,-0.00623755035,0.012846668,0.0409708882,0.0409708882,0.00381648025,819,13.7392377,0.252923645
103262.193618,0.00456139763,0.00943854923,0.0434326436,0.0434326436,0.00369812036,819,14.3474129,0.252923645
103262.203647,0.00103361444,0.0165078114,0.0499499858,0.0499499858,0.00351330769,819,9.47561801,0.252923645
103262.213676,0.00391024184,0.00812834084,0.0442156422,0.0442156422,0.00341595313,819,9.26379054,0.252923645
103262.223706,0.00917923679,0.00771353468,0.0470420466,0.0470420466,0.00333452164,819,9.2639513,0.252923645
103262.233735,0.00027352036,0.000980549376,0.0330801685,0.0330801685,0.00331006592,819,12.6234741,0.252923645
103262.243764,0.000394625652,0.00071615255,0.0329939019,0.0329939019,0.00328889844,819,14.9712857,0.252923645
103262.253793,0.0011493386,-0.00406854062,0.0421968887,0.0421968887,0.00331575925,819,11.0569415,0.252923645
103262.263823,0.000224355209,-0.000860362117,0.0330480866,0.0330480866,0.00330937795,819,11.2013803,0.251880985
103262.273852,0.00579275436,0.0035229601,0.0413208452,0.0413208452,0.00327451192,819,9.53814184,0.251345686
103262.283881,0.000451495478,0.000460846022,0.0330726156,0.0330726156,0.00325714619,819,11.9405724,0.251345686
103262.293911,0.00735610844,0.00605031645,0.0402788777,0.0402788777,0.00321292309,819,14.9201934,0.251345686
103262.303940,0.000854297774,-0.000886102495,0.0330537166,0.0330537166,0.00321124894,819,11.9850427,0.251345686
103262.313969,-0.00628207035,-0.00915957883,0.0404309239,0.0404309239,0.00326037828,819,8.83238924,0.251345686
103262.323998,-0.00855329313,-0.0216567891,0.0454206214,0.0454206214,0.00343660929,819,9.14802584,0.251345686
103262.334028,-0.00192759684,-0.00821926594,0.0434015418,0.0434015418,0.00349704337,819,15.0985268,0.251345686
103262.344057,0.00301821235,-0.00644643639,0.0419227631,0.0419227631,0.00354479888,819,13.6977803,0.251345686
103262.354086,0.000687609627,-0.000730486129,0.0330720763,0.0330720763,0.0035331952,819,11.9146189,0.251345686
103262.364116,0.000383709376,0.000931262866,0.0330235023,0.0330235023,0.00350525524,819,11.271615,0.251345686
103262.374145,0.00345844077,0.00958009527,0.0423030369,0.0423030369,0.00339919078,819,9.22062079,0.251345686
103262.384174,0.00942586048,-0.00353675712,0.046002589,0.046002589,0.00343850662,819,14.745513,0.251345686
103262.394203,0.00436291737,-0.00193955563,0.0408893319,0.0408893319,0.00345221587,819,11.3697524,0.251345686
103262.404233,2.29991049e-05,0.00123500319,0.0330782707,0.0330782707,0.00342301284,819,11.227541,0.251345686
103262.414262,-0.00207812335,0.00648501082,0.0417939098,0.0417939098,0.00333886203,819,10.4122019,0.251345686
103262.424291,-0.0052325939,0.00136021772,0.0438688406,0.0438688406,0.00329502112,819,13.6764177,0.251345686
103262.434321,-0.00093021041,0.000217388106,0.0330825075,0.0330825075,0.0032758089,819,12.5173841,0.251345686
103262.444350,0.00047523166,0.000110619087,0.0330084466,0.0330084466,0.00326167774,817,7.6167417,0.251345686
103262.454379,-0.00130337195,0.00100346017,0.033054076,0.033054076,0.00323475224,881,8.1777939,0.251345686
103262.464409,0.00381401288,0.000695246224,0.0402802964,0.0402802964,0.00322526376,819,10.8840484,0.251345686
103262.474438,-0.00452709144,0.00662107702,0.0430791553,0.0430791553,0.00313668632,819,15.2182269,0.251345686
103262.484467,-0.000101326678,-0.000782314975,0.0330244412,0.0330244412,0.0031322336,819,8.92970002,0.251345686
103262.494496,-0.00136789259,-0.00950129736,0.0429059349,0.0429059349,0.00320822043,819,8.94484578,0.251345686
103262.504526,-0.0140450314,-0.0248852432,0.0470311941,0.0470311941,0.00342516929,817,6.26865896,0.251345686
103262.514555,0.000614947385,-0.0172384793,0.0474391391,0.0474391391,0.00357740761,819,8.12759372,0.251345686
103262.524584,0.0168162425,-0.0156811996,0.0455043457,0.0455043457,0.00372375311,819,13.1314808,0.251345686
103262.534614,0.00833902446,-0.0167003637,0.0445507241,0.0445507241,0.00387622215,819,11.8974133,0.251345686
103262.544643,0.00975492796,-0.0204410155,0.0426821227,0.0426821227,0.00406653824,819,17.7058065,0.251345686
103262.554672,0.0115162306,-0.0194024169,0.0466652669,0.0466652669,0.0042492843,819,9.65660223,0.251345686
103262.564702,-0.000493844107,-0.0134404778,0.0454565308,0.0454565308,0.0043424938,819,9.48319557,0.251345686
103262.574731,0.0163553011,-8.94504188e-06,0.0468356618,0.0468356618,0.00435283651,787,10.013452,0.251286191
103262.584760,0.0231936701,0.000293614511,0.0456751988,0.0456751988,0.00440124978,787,9.73690959,0.251286191
103262.594789,0.0201811419,-0.00439899833,0.0451410954,0.0451410954,0.00449621667,787,12.0685081,0.251286191
103262.604819,0.000873919884,0.00478984423,0.04808522,0.04808522,0.00442184856,785,7.99126642,0.251286191
103262.614848,-0.00241138771,-0.00283010238,0.0441248832,0.0441248832,0.00439677336,787,12.9866571,0.251286191
103262.624877,0.00180444764,0.00289122268,0.0493973842,0.0493973842,0.00434502101,785,7.35440816,0.251286191
103262.634907,-0.0173169589,0.0051086535,0.0462789666,0.0462789666,0.00418294473,787,11.2741167,0.251286191
103262.644936,-0.00491402304,0.00942791236,0.0457990083,0.0457990083,0.00404625995,787,10.301439,0.251286191
103262.654965,0.00188269082,0.0110481663,0.0457316868,0.0457316868,0.00392989261,787,10.2596886,0.251286191
103262.664995,0.00874961664,0.00466755946,0.0456116124,0.0456116124,0.00390888714,787,12.7879655,0.251286191
103262.675024,0.0108554604,-0.00161473166,0.0457206183,0.0457206183,0.00395689598,787,12.4252028,0.251286191
103262.685053,-0.00394907017,-0.00117740593,0.0469610136,0.0469610136,0.00391557634,787,9.66541755,0.251286191
103262.695082,0.00131093866,0.00371316956,0.0466558689,0.0466558689,0.00386677354,787,11.1933512,0.251286191
103262.705112,-0.0148633623,-0.00767853713,0.0476785003,0.0476785003,0.00382409375,787,11.2098581,0.251286191
103262.715141,-0.00936659637,-0.00550033561,0.0439493921,0.0439493921,0.00380525434,787,9.22442791,0.251286191
103262.725170,0.00107610542,-0.00817214697,0.0469718595,0.0469718595,0.00385818414,787,10.6779686,0.251286191
103262.735200,-0.00835112374,0.00264862993,0.0490154015,0.0490154015,0.00377739438,787,12.9449328,0.251286191
103262.745229,0.000561054155,0.00132786809,0.0469444247,0.0469444247,0.00374296132,787,12.3182911,0.251286191
103262.755258,0.0113323245,-0.000989939091,0.0451874779,0.0451874779,0.00377264789,787,11.9324562,0.251286191
103262.765288,0.0103267436,-0.0110798264,0.0487410193,0.0487410193,0.00389150676,787,12.3798272,0.251286191
103262.775317,0.0150358314,-0.0379916811,0.0479806558,0.0479806558,0.00426508986,787,10.6371572,0.251286191
103262.785346,0.0105240535,-0.0231917888,0.0426742482,0.0426742482,0.00448160062,787,19.5920444,0.251286191
103262.795376,0.0073641994,-0.00774377263,0.0436088916,0.0436088916,0.00454398205,787,12.7133359,0.251286191
103262.805405,-0.00028833376,-0.028918444,0.0491440817,0.0491440817,0.00476090754,787,10.8084403,0.251286191
103262.815434,-0.00270938118,-0.0301065236,0.0448039749,0.0448039749,0.00498239703,787,12.5824938,0.251286191
103262.825463,-0.00366753061,-0.000281610155,0.0450840756,0.0450840756,0.0049249546,787,13.2602156,0.251286191
103262.835493,-0.00942256492,-0.00790593679,0.0471989113,0.0471989113,0.00492363761,787,9.61309241,0.251286191
103262.845522,0.00809896027,-0.011297996,0.05002396,0.05002396,0.00500649354,787,11.8175061,0.251286191
103262.855551,-0.0093908028,-0.0211582581,0.0431922063,0.0431922063,0.00513288538,787,13.2921258,0.251286191
103262.865581,-0.00408613047,0.000169816217,0.0454686371,0.0454686371,0.00507081549,787,12.042217,0.251286191
103262.875610,0.00339480186,-0.0130191113,0.0482880969,0.0482880969,0.00515344804,785,7.4363174,0.251286191
103262.885639,-0.0106302381,-0.0189086053,0.0426585493,0.0426585493,0.00526256285,787,10.5906817,0.251286191
103262.895669,-0.017034806,-0.000342276622,0.0466200124,0.0466200124,0.00518744309,785,7.48888904,0.251286191
103262.905698,-0.00877156459,0.00771292051,0.0426364233,0.0426364233,0.00505119043,787,14.778348,0.251286191
103262.915727,2.07356727e-05,0.000710716744,0.0330663226,0.0330663226,0.00499501385,819,14.5502941,0.251286191
103262.925757,-0.000875223751,0.0021184842,0.0330429938,0.0330429938,0.00492537992,819,9.6815628,0.251286191
103262.935786,0.000801219654,0.00217160102,0.0330355391,0.0330355391,0.00485804093,819,9.99948227,0.251286191
103262.945815,0.00652345591,0.00431896713,0.0424617293,0.0424617293,0.00477709185,819,8.48503272,0.251286191
103262.955845,0.000509332945,-0.000479901725,0.0330684893,0.0330684893,0.00473853267,819,11.4607852,0.251286191
103262.965874,-0.0042721871,-0.0079578071,0.0424875875,0.0424875875,0.00476857489,819,9.41378631,0.251286191
103262.975903,-0.0172443668,-0.00447383058,0.0444153215,0.0444153215,0.00475867548,819,10.7696774,0.251286191
103262.985932,-0.00757785821,-0.00512044061,0.0443502458,0.0443502458,0.00476526531,819,10.7450166,0.251286191
103262.995962,-0.010537565,-0.00448989441,0.047127489,0.047127489,0.00476956056,819,9.85630746,0.251286191
103263.005991,-0.0122771984,-0.00790795075,0.045218681,0.045218681,0.00481363746,819,14.6408728,0.251286191
103263.016020,0.000155397387,-0.00156170982,0.0330799176,0.0330799176,0.00478416803,819,9.18158214,0.251286191
103263.026050,0.000496534076,-0.00959656402,0.0427765609,0.0427765609,0.00483349421,819,10.9399659,0.251567535
103263.036079,0.0240761344,-0.00224984967,0.0423376485,0.0423376485,0.00479885029,819,11.911926,0.251567535
103263.046108,0.00726324941,-0.00908159957,0.0433166619,0.0433166619,0.00484518419,819,15.7650813,0.251796585
103263.056138,0.0275170749,-0.0136485842,0.0433293325,0.0433293325,0.00495802317,819,8.39910897,0.251796585
103263.066167,0.021343715,-0.0129859662,0.0469338398,0.0469338398,0.00507428265,819,8.07167413,0.251796585
103263.076196,0.0249938399,-0.000529195471,0.0457827395,0.0457827395,0.00509438432,819,12.4809122,0.251796585
103263.086226,0.0178170446,-0.00754012845,0.043356493,0.043356493,0.00517276753,819,11.9401576,0.251796585
103263.096255,0.0130068165,-0.0136620024,0.0450479879,0.0450479879,0.00529340383,819,10.4488027,0.251796585
103263.106284,0.0127339883,-0.0127160278,0.0472122369,0.0472122369,0.00540371036,787,9.52371545,0.251796585
103263.116314,0.0186820975,-0.0175967827,0.0528194348,0.0528194348,0.00558177619,785,7.45613931,0.251796585
103263.126343,0.00958387329,-0.0197407555,0.0470901291,0.0470901291,0.00573785926,787,10.4437084,0.251796585
103263.136372,0.00908807785,-0.0150163429,0.0526400937,0.0526400937,0.00584696784,785,7.87412467,0.251796585
103263.146401,0.0176881003,-0.0128323128,0.0461246901,0.0461246901,0.00597331569,787,15.7842331,0.251796585
103263.156431,0.020514809,-0.00220171568,0.0460228462,0.0460228462,0.00602311211,785,7.44188964,0.251796585
103263.166460,0.0237450798,0.00684723316,0.0490293202,0.0490293202,0.00602334166,787,9.33699192,0.251796585
103263.176489,0.00947025206,0.00366849971,0.0425900155,0.0425900155,0.00597922976,787,10.0387674,0.251796585
103263.186519,-0.0129242966,-0.00103337963,0.0455809616,0.0455809616,0.00584699312,787,9.93361715,0.251796585
103263.196548,-0.0166092383,-0.0104507597,0.0445812753,0.0445812753,0.00578124475,787,12.4953391,0.251796585
103263.206577,-0.0200575475,0.00632793708,0.0458668568,0.0458668568,0.00556655883,787,9.526787,0.251796585
103263.216607,-0.00501171621,0.0026762241,0.0451861915,0.0451861915,0.00546092021,787,13.1003052,0.251796585
103263.226636,-0.00863918308,0.00226597286,0.0430643298,0.0430643298,0.00534540289,787,12.5168788,0.251796585
103263.236665,-0.0120670247,-0.00466227307,0.0444448624,0.0444448624,0.00528213741,787,10.6716786,0.251796585
103263.246695,0.00411245418,-0.00533869995,0.0448154123,0.0448154123,0.00529267235,787,12.6614739,0.251796585
103263.256724,-0.00680075874,-0.00692753658,0.044967709,0.044967709,0.00527538982,785,7.71418841,0.251796585
103263.266753,-0.00345887898,-0.013205329,0.0476116218,0.0476116218,0.00533055829,787,9.9766633,0.251796585
103263.276783,0.00790475102,-0.0117638892,0.0482930067,0.0482930067,0.00541148569,787,8.25720245,0.251796585
103263.286812,0.0123373671,-0.0140341895,0.0483085223,0.0483085223,0.00552812594,787,11.1070729,0.251796585
103263.296841,0.00835696379,-0.00360338385,0.0447125597,0.0447125597,0.00553403671,787,13.1850524,0.251796585
103263.306871,0.00669115961,-0.00642315942,0.0426920161,0.0426920161,0.00555961339,787,13.7638957,0.251796585
103263.316900,0.00500224801,-0.0153837246,0.0457229246,0.0457229246,0.00565857806,787,13.0496195,0.251796585
103263.326929,0.000503646069,-0.0226694454,0.0435006894,0.0435006894,0.00580447326,787,11.8476435,0.251796585
103263.336958,0.0191958732,-0.00304088278,0.0443300978,0.0443300978,0.00584369136,787,12.7948885,0.251796585
103263.346988,0.0115348313,-0.0209226485,0.0436294307,0.0436294307,0.00601331915,787,12.9343716,0.251796585
103263.357017,0.00371788417,-0.00281878049,0.0434025259,0.0434025259,0.00598593495,787,12.4389307,0.251796585
103263.367046,0.00362206007,-0.0122426198,0.0459201027,0.0459201027,0.00604227269,787,10.4594766,0.251796585
103263.377076,0.0100718313,-0.00517179028,0.0436500642,0.0436500642,0.00606260487,787,8.2576448,0.251796585
103263.387105,0.0180114213,-0.010725318,0.043178708,0.043178708,0.00616857772,787,16.8745322,0.251796585
103263.397134,-0.00410365288,-0.0119348269,0.0451801127,0.0451801127,0.0061827635,787,12.1258269,0.251796585
103263.407164,-0.00281172434,0.000197421129,0.0445469871,0.0445469871,0.00609714282,787,13.60659,0.251796585
103263.417193,-0.00806972506,0.00804455217,0.0438171992,0.0438171992,0.00592138472,787,12.1679643,0.251796585
103263.427222,-0.0114969582,-0.0119458239,0.0445172552,0.0445172552,0.00591497061,787,9.21822729,0.251796585
103263.437252,-0.000514334881,-0.0108793313,0.0421454033,0.0421454033,0.00594537435,787,12.9566732,0.251796585
103263.447281,0.0027376916,-0.0108160214,0.0426207171,0.0426207171,0.00598715632,787,12.8831062,0.251796585
103263.457310,0.0120354258,-0.0178193686,0.0433204077,0.0433204077,0.00612668405,787,11.0909647,0.251796585
103263.467340,0.00244285333,-0.02957351,0.0448144889,0.0448144889,0.00633464484,787,13.5569269,0.251796585
103263.477369,0.0201081663,-0.0272127121,0.0434512566,0.0434512566,0.0065824756,787,9.30324007,0.251796585
103263.487398,0.0208326684,-0.0277969374,0.0435920291,0.0435920291,0.00683513456,787,15.9261063,0.251796585
103263.497428,0.0206036458,-0.0210993719,0.0415103689,0.0415103689,0.00702359839,787,14.7255381,0.251796585
103263.507457,0.0186719188,-0.0209308072,0.0444870199,0.0444870199,0.00720051914,787,11.2374455,0.251796585
103263.517486,-0.00263666364,-0.0139687603,0.0438120316,0.0438120316,0.00722169661,787,12.8100916,0.251796585
103263.527516,-0.000577297832,-0.0114512742,0.0425498424,0.0425498424,0.00722965099,787,14.0528533,0.251796585
103263.537545,0.00376157546,-0.00206133967,0.0478930264,0.0478930264,0.0071713969,787,11.9968699,0.251796585
103263.547574,-0.00965865817,-0.0125351747,0.0475061743,0.0475061743,0.0071547176,787,11.4297961,0.251796585
103263.557604,-0.0137269428,-0.0260988401,0.0454420296,0.0454420296,0.00725284912,787,15.3921139,0.251796585
103263.567633,-0.0273145703,-0.0028798496,0.0461201774,0.0461201774,0.00710126873,787,13.6906125,0.251796585
103263.577662,-0.0300936481,0.000746981928,0.042250691,0.042250691,0.00692721511,787,13.2260135,0.251796585
103263.587692,-0.030013612,-0.00704108943,0.0442426887,0.0442426887,0.00685114005,787,13.0187763,0.251796585
103263.597721,-0.028558961,0.00179406865,0.0462636814,0.0462636814,0.0067128488,785,7.25273851,0.251796585
103263.607750,-0.0139925028,-0.0119482187,0.0455069743,0.0455069743,0.00673728808,787,12.7388763,0.251796585
103263.617780,-0.00265234195,-0.00126460823,0.0443526118,0.0443526118,0.00666580651,787,15.4903406,0.251796585
103263.627809,-0.000624910354,-0.00281423575,0.0431952105,0.0431952105,0.00661212554,787,11.0070823,0.251796585
103263.637838,0.00171824277,0.00169447307,0.0455985718,0.0455985718,0.00651648487,787,10.083843,0.251796585
103263.647868,0.0118261839,-0.00194585136,0.0424592383,0.0424592383,0.00646582637,787,14.1199282,0.251796585
103263.657897,0.00014265333,0.00198347099,0.0436707082,0.0436707082,0.0063694687,787,14.7036869,0.251280983
103263.667926,-0.00398563523,-0.00901661491,0.0467843866,0.0467843866,0.00637950695,785,7.84907552,0.251280983
103263.677956,-0.0059083602,-0.0108319412,0.0473616807,0.0473616807,0.00640657697,787,11.6656329,0.251309013
103263.687985,0.00415859088,-0.0133228004,0.046551676,0.046551676,0.00646396005,787,11.9614271,0.251309013
103263.698014,-0.00010521057,-0.0085460664,0.0417501388,0.0417501388,0.00647072189,787,16.125863,0.251309013
103263.708043,-0.00211526726,-0.00164802516,0.0454659945,0.0454659945,0.00640846424,787,8.38333977,0.251309013
103263.718073,0.00141409173,0.00309412168,0.0447763215,0.0447763215,0.0063030139,787,15.4818476,0.251309013
103263.728102,-0.00109854345,-0.00637397281,0.0447363542,0.0447363542,0.00629105569,787,10.2102522,0.251309013
103263.738131,0.0120884518,-0.00207032416,0.0479093541,0.0479093541,0.00624664914,785,8.01589557,0.251309013
103263.748161,-0.0096299288,0.0235884829,0.0431468184,0.0431468184,0.00593511649,787,10.9897372,0.251309013
103263.758190,-0.003977522,0.0342863025,0.0453907377,0.0453907377,0.00552954843,787,10.7611952,0.251309013
103263.768219,0.00567332197,0.0429423779,0.0469624317,0.0469624317,0.00505450259,787,11.7367514,0.251309013
103263.778249,0.0112184001,0.0116519245,0.0455682913,0.0455682913,0.00490494837,787,10.1953779,0.251309013
103263.788278,0.00145097796,0.000186892863,0.0445789405,0.0445789405,0.00485892481,787,11.5209818,0.251309013
103263.798307,-0.0111714532,0.00296765258,0.0471747394,0.0471747394,0.00477017558,785,7.68429033,0.251309013
103263.808337,-0.00777835475,0.0052947066,0.0471875968,0.0471875968,0.00466765396,787,9.74810951,0.251309013
103263.818366,0.00415645138,0.0118232655,0.0423454388,0.0423454388,0.00451369963,787,11.6760957,0.250757084
103263.828395,-0.0139820731,0.00155632682,0.0467841192,0.0467841192,0.00445095554,787,9.69536835,0.250757084
103263.838425,-0.0159493945,-0.0140574637,0.0436785122,0.0436785122,0.00455367253,787,13.373974,0.250757084
103263.848454,-0.00674080692,-0.0256777063,0.0425646998,0.0425646998,0.00477040339,787,10.7419916,0.250757084
103263.858483,0.00635598277,-0.0286334106,0.0467200144,0.0467200144,0.00500410401,787,8.23840825,0.250757084
103263.868513,0.0289105194,-0.0137478947,0.0443735414,0.0443735414,0.0050955459,787,11.6086178,0.250757084
103263.878542,0.045036878,-0.0263038017,0.0498473211,0.0498473211,0.00536726757,785,7.32793127,0.250757084
103263.888571,0.0407305946,-0.0222651799,0.053259282,0.053259282,0.00563285318,787,10.466967,0.250757084
103263.898601,0.0612658708,-0.0295649193,0.0472670473,0.0472670473,0.00607625207,787,9.74481646,0.250757084
103263.908630,0.0830271445,-0.030157206,0.04802379,0.04802379,0.00668304561,787,13.3883973,0.250757084
103263.918659,0.0579166394,-0.0367675262,0.0449610709,0.0449610709,0.00723207036,787,12.4657447,0.250757084
103263.928689,0.0625456143,-0.0364036828,0.047533512,0.047533512,0.00780836519,787,11.4475782,0.250757084
103263.938718,0.070138465,-0.0240094117,0.0475938883,0.0475938883,0.00834766665,787,13.8166737,0.250757084
103263.948747,0.0701398836,-0.0122933235,0.0461508579,0.0461508579,0.00881779424,787,11.2704817,0.250757084
103263.958777,0.0441318777,-0.00267960521,0.0470038915,0.0470038915,0.00904211003,787,10.8769703,0.250757084
103263.968806,0.0392300231,0.0146917388,0.0449922385,0.0449922385,0.00913154179,787,9.54685854,0.250757084
103263.978835,0.0299027399,0.0024083372,0.0468968684,0.0468968684,0.00922838857,787,9.13353076,0.250757084
103263.988865,0.00210678672,0.0125402823,0.0457604422,0.0457604422,0.00904529238,787,13.9812566,0.250757084
103263.998894,-0.0249103048,0.0196335905,0.0437936111,0.0437936111,0.00860681949,787,9.44453788,0.250757084
103264.008923,-0.0312526663,0.0232608587,0.04538226,0.04538226,0.00810537065,787,13.2848612,0.250757084
103264.018953,-0.0551678087,0.0327885875,0.0457581602,0.0457581602,0.00736559535,787,9.20638785,0.250757084
103264.028982,-0.0486543597,0.031749609,0.0481904767,0.0481904767,0.00669965431,787,10.7841436,0.250757084
103264.039011,-0.0579015309,0.0276038723,0.045967582,0.045967582,0.00599426252,787,15.7541441,0.250757084
103264.049041,-0.0360975085,0.0211858003,0.0455043991,0.0455043991,0.00551625251,785,7.72740736,0.250757084
103264.059070,-0.0390414101,0.0213908462,0.0481166836,0.0481166836,0.00502360252,787,10.0840418,0.250757084
103264.069099,-0.0428127433,0.00271864352,0.0427053008,0.0427053008,0.00463317977,787,10.8480613,0.250757084
103264.079129,-0.0308890563,-0.00996200799,0.0448872978,0.0448872978,0.00445616642,787,12.7270856,0.250757084
103264.089158,-0.0253848582,-0.0138264688,0.0480976825,0.0480976825,0.00438936575,787,8.18189089,0.250757084
103264.099187,-0.0152434442,-0.0270266086,0.0457775512,0.0457775512,0.00452540958,787,9.86559985,0.250757084
103264.109217,0.000804664122,-0.0164870065,0.0475739303,0.0475739303,0.00464005778,787,9.82410207,0.251026869
103264.119246,0.00668344726,-0.0113439034,0.0443928581,0.0443928581,0.00472667335,787,11.1090347,0.251026869
103264.129275,0.00543270879,-0.00282318598,0.0475812131,0.0475812131,0.00472960191,787,10.1030753,0.251026869
103264.139305,0.0105242505,-0.00915215569,0.0468726834,0.0468726834,0.00481032594,787,12.4459243,0.251026869
103264.149334,0.0178874844,-0.00101902452,0.0470978958,0.0470978958,0.00485213971,787,13.1109787,0.251026869
103264.159363,0.00851252778,-0.0133250652,0.0480013692,0.0480013692,0.00496181873,787,11.2795528,0.251026869
103264.169393,-0.00270974816,-0.00429637003,0.0449244792,0.0449244792,0.00493929679,787,12.7924643,0.251026869
103264.179422,-0.00835940855,-0.00210712603,0.0448811142,0.0448811142,0.00487450139,787,8.46395002,0.250918237
103264.189451,0.00846017098,0.00461264596,0.0437794661,0.0437794661,0.00482512912,787,11.4307825,0.251167043
103264.199481,0.00484729324,0.0020223794,0.0470831681,0.0470831681,0.0047853909,787,9.73447715,0.251167043
103264.209510,-0.00736097645,-0.0201502715,0.0471625956,0.0471625956,0.00488521031,787,11.7749372,0.251167043
103264.219539,-0.0117776151,-0.00972871679,0.0478513832,0.0478513832,0.00488147628,787,10.3530079,0.251167043
103264.229569,-0.0187700875,0.000857333135,0.0456777268,0.0456777268,0.00476666435,787,11.4792563,0.251167043
103264.239598,-0.0284590929,0.00293841909,0.0443048576,0.0443048576,0.00462935981,787,10.2134952,0.251167043
103264.249628,-0.0177168013,3.70074292e-05,0.0463934204,0.0463934204,0.00456528103,787,9.68729807,0.251167043
103264.259657,-0.0129390071,-0.00673760627,0.0492329781,0.0492329781,0.00458466749,785,7.22596846,0.251167043
103264.269686,-0.0155375322,0.00674977151,0.0483003118,0.0483003118,0.00448062003,787,10.7950245,0.251167043
103264.279716,-0.00470290761,0.00425261715,0.0520031145,0.0520031145,0.00440402261,787,10.3681249,0.251167043
103264.289745,-0.00618906466,0.0122326224,0.0508141667,0.0508141667,0.00425401994,787,9.25234695,0.251167043
103264.299774,-0.0147410419,-6.36265423e-05,0.0486069232,0.0486069232,0.00424486509,787,11.4393635,0.251167043
103264.309804,-0.0260934237,-0.00431965514,0.0456014658,0.0456014658,0.00432243259,787,11.7186898,0.251167043
103264.319833,-0.022621835,0.00444271526,0.0449879423,0.0449879423,0.00433553451,787,9.5548012,0.251167043
103264.329862,-0.0226654254,0.00339109378,0.0504737974,0.0504737974,0.00438399944,785,7.4649451,0.251167043
103264.339892,6.87234142e-05,-0.0183264706,0.0463193706,0.0463193706,0.00450017799,787,12.4284991,0.251167043
103264.349921,0.0101605877,-0.0202421207,0.0461272034,0.0461272034,0.00459066091,787,9.30292261,0.251167043
103264.359950,0.0256520225,-0.0125889094,0.0468639898,0.0468639898,0.00457371197,787,8.9317839,0.251167043
103264.369980,0.0340941737,0.00772007522,0.0449731195,0.0449731195,0.00438522905,787,13.1764844,0.251167043
103264.380009,0.0501353778,-0.00675160515,0.047204197,0.047204197,0.00441270672,787,9.43687848,0.251167043
103264.390038,0.06347288,-0.0179045873,0.0458920491,0.0458920491,0.00471409051,787,13.6444841,0.251167043
103264.400068,0.0693352016,-0.0173265865,0.0474596795,0.0474596795,0.00515828856,787,14.9393026,0.251167043
103264.410097,0.088207649,-0.0216976802,0.0530053315,0.0530053315,0.00583754966,785,7.60447349,0.251167043
103264.420126,0.0821812178,-0.0269372674,0.0478741611,0.0478741611,0.00655434526,787,11.8218518,0.251167043
103264.430156,0.0743292601,-0.023042517,0.0455612395,0.0455612395,0.00719551261,787,17.2027259,0.251167043
103264.440185,0.0548333437,-0.0219518438,0.0431296097,0.0431296097,0.00767049538,787,17.9583078,0.251167043
103264.450214,0.0556270057,-0.0286840983,0.045724618,0.045724618,0.00818151465,787,11.6984087,0.251167043
103264.460244,0.0436815272,-0.0271068449,0.0476660425,0.0476660425,0.00857608705,787,8.48295119,0.251167043
103264.470273,0.0281044119,-0.0147428942,0.041587719,0.041587719,0.008768287,787,15.1661894,0.251167043
103264.480302,0.0336429388,0.00498709737,0.0425210878,0.0425210878,0.00890146889,787,13.7139597,0.251167043
103264.490332,0.01732504,0.00847115699,0.0430075585,0.0430075585,0.00888229389,787,8.06432743,0.251167043
103264.500361,0.00961508548,0.00171251217,0.0447157664,0.0447157664,0.00883219891,787,13.6527997,0.251167043
103264.510390,0.000245647263,0.0107553792,0.044255795,0.044255795,0.00866056613,787,11.7810731,0.251167043
103264.520420,-0.017308902,0.00864956991,0.0459081184,0.0459081184,0.00835013881,787,10.203056,0.251167043
103264.530449,-0.0159698062,0.0096994621,0.0455693108,0.0455693108,0.00805265535,787,14.8002409,0.251167043
103264.540478,0.00278816142,0.00580804435,0.0438513523,0.0438513523,0.0079423687,787,12.1104442,0.251167043
103264.550508,-0.011325912,0.0100069953,0.0439929768,0.0439929768,0.00769241221,787,13.1021345,0.251167043
103264.560537,-0.00246917735,0.00214566752,0.0449328148,0.0449328148,0.00756007667,787,10.1908065,0.251167043
103264.570566,-0.00221361025,-0.0198315919,0.045933903,0.045933903,0.00753290067,787,8.75918071,0.251167043
103264.580596,0.00059790909,-0.0171913012,0.0485554271,0.0485554271,0.00752347156,787,8.24067382,0.251167043
103264.590625,0.0218460286,-0.00219720393,0.0476766337,0.0476766337,0.00762255518,785,7.97783131,0.251167043
103264.600655,0.0137471531,-0.00471464594,0.0526390246,0.0526390246,0.00766332837,787,9.05623608,0.251167043
103264.610684,0.00733656379,-0.0101286166,0.0465564986,0.0465564986,0.00767447386,787,10.5681592,0.251167043
103264.620713,0.0208694779,0.00013207655,0.0459033774,0.0459033774,0.00775224682,787,9.78347242,0.251167043
103264.630743,0.0182369548,-0.000860794124,0.0478446208,0.0478446208,0.00781199894,787,9.38617594,0.251167043
103264.640772,0.0139401758,-0.0120668938,0.045316814,0.045316814,0.00788515059,787,11.2105635,0.251167043
103264.650801,0.017655522,-0.0139875473,0.0451328392,0.0451328392,0.00799827623,787,12.0353268,0.251167043
103264.660831,0.0202617386,-0.00192451949,0.0435405566,0.0435405566,0.00807564928,785,7.57927581,0.251167043
103264.670860,0.0228914646,-0.0082410473,0.044773848,0.044773848,0.00820393832,787,10.4675411,0.251167043
103264.680889,0.00905421649,-0.0124229271,0.0465551083,0.0465551083,0.00822838266,787,12.0080961,0.251167043
103264.690919,0.0116750027,0.00311186122,0.0433739428,0.0433739428,0.00820408786,787,12.6878018,0.251167043
103264.700948,0.00130743111,-0.00958616974,0.0456617574,0.0456617574,0.00814802817,787,9.22038337,0.251167043
103264.710977,-0.00719908512,-0.0463441476,0.0467713671,0.0467713671,0.00820670927,787,13.7817374,0.251167043
103264.721007,0.00774925741,-0.0627187804,0.0490309669,0.0490309669,0.00851026692,787,9.33005695,0.251167043
103264.731036,0.0142404204,-0.0403529916,0.0474515392,0.0474515392,0.00874835588,787,10.085289,0.251167043
103264.741065,0.00418036049,-0.0189185558,0.0445347759,0.0445347759,0.00877704813,787,13.2236439,0.251167043
103264.751095,0.00661580241,-0.0171064356,0.0467525941,0.0467525941,0.00881358463,787,11.2358053,0.251167043
103264.761124,0.0185377051,-0.011551311,0.0436006365,0.0436006365,0.00890245051,787,9.28625332,0.251167043
103264.771153,0.0428538928,-0.0149343976,0.0448181305,0.0448181305,0.00919437244,787,13.2039504,0.251167043
103264.781183,0.0552872276,-0.0291493457,0.0465840008,0.0465840008,0.00966674088,787,10.697151,0.251167043
103264.791212,0.0614056114,-0.0403001108,0.046234514,0.046234514,0.0102462672,787,15.2006789,0.251167043
103264.801242,0.0450066986,-0.0442263425,0.0481996666,0.0481996666,0.0107115334,787,11.4830225,0.251167043
103264.811271,0.0484275321,-0.0460265154,0.0447524176,0.0447524176,0.0112054391,787,16.3742971,0.251167043
103264.821300,0.0508109616,-0.0438282214,0.0503698327,0.0503698327,0.0116945599,787,11.176099,0.251167043
103264.831330,0.0553463239,-0.0513054141,0.0465685399,0.0465685399,0.012255166,787,9.9684633,0.251167043
103264.841359,0.0677970169,-0.0632179625,0.0480323205,0.0480323205,0.0129738824,787,12.1616664,0.251167043
103264.851388,0.0745412892,-0.00470885466,0.0490384911,0.0490384911,0.0133718452,787,9.22000112,0.251167043
103264.861418,0.0449857746,0.0119927173,0.0452640241,0.0452640241,0.013445445,787,13.4586996,0.251167043
103264.871447,0.00877489671,0.000561940143,0.0445224605,0.0445224605,0.0132984214,787,16.3773778,0.251167043
103264.881476,0.00027119825,0.0198828645,0.0430500488,0.0430500488,0.0129780484,787,13.158577,0.251167043
103264.891506,-0.0110556525,0.0156163916,0.0504171293,0.0504171293,0.0125969074,785,8.00830533,0.251167043
103264.901535,-0.0398297527,0.0210280535,0.0503187022,0.0503187022,0.011959018,787,9.22636889,0.251167043
103264.911564,-0.0623690973,0.0263061332,0.0470425163,0.0470425163,0.0111222063,787,12.8501826,0.251167043
103264.921594,-0.0642278123,0.0137539045,0.0518980204,0.0518980204,0.0103626611,787,12.2369043,0.251167043
103264.931623,-0.0889154227,0.00342520684,0.0514373159,0.0514373159,0.00950683043,787,10.3109419,0.251167043
103264.941652,-0.0813465869,-0.000633844399,0.0554831454,0.0554831454,0.00879217592,785,8.46706088,0.251167043
103264.951682,-0.0737286189,0.00255151477,0.0491416249,0.0491416249,0.00816825528,787,12.2955317,0.251167043
103264.961711,-0.0465766328,0.026790264,0.044051392,0.044051392,0.00756809669,787,12.7080743,0.251167043
103264.971741,-0.0323723819,0.0260651407,0.0467343453,0.0467343453,0.00707434082,787,14.9540039,0.251167043
103264.981770,-0.00775378853,0.00902819241,0.0433522982,0.0433522982,0.00686877388,787,12.7487439,0.251167043
103264.991799,0.010865233,-0.00463465604,0.0459846513,0.0459846513,0.00688338217,787,11.1720399,0.251167043
103265.001829,0.0207033437,-0.0175856864,0.0478001568,0.0478001568,0.00705843706,787,8.98180629,0.251167043
103265.011858,0.0544124615,-0.0232882889,0.0452989255,0.0452989255,0.00748354032,787,10.843053,0.251167043
103265.021887,0.0642375406,-0.0266902353,0.0470602574,0.0470602574,0.00800480225,787,12.881479,0.251167043
103265.031917,0.0779918074,-0.0143571388,0.047559146,0.047559146,0.00854692213,785,7.10896792,0.251167043
103265.041946,0.086220102,-0.0145744207,0.0487439724,0.0487439724,0.00917144373,787,9.15760099,0.251167043
103265.051976,0.074377361,-0.021651008,0.0492978382,0.0492978382,0.00975436795,787,11.3966289,0.251167043
103265.062006,0.0634282253,-0.0274527561,0.046732107,0.046732107,0.0102779976,787,13.7784957,0.251167043
103265.072035,0.0670620091,-0.0333614289,0.0497200304,0.0497200304,0.0108555837,787,9.2219908,0.251167043
103265.082064,0.0412949915,-0.0341546354,0.0481193076,0.0481193076,0.0112166528,785,7.03063191,0.251009977
103265.092094,0.0399709272,-0.0322560861,0.0490405971,0.0490405971,0.0115496304,787,9.53844727,0.251009977
103265.102123,0.0592910144,-0.00668425365,0.0468223164,0.0468223164,0.0118942921,787,11.6325589,0.251009977
103265.112152,0.0748146607,-0.0132654068,0.0459451896,0.0459451896,0.0124036007,787,10.0221907,0.251009977
103265.122182,0.0748647848,-0.0129133824,0.0464827033,0.0464827033,0.0129090849,787,11.084055,0.251009977
103265.132211,0.0569494656,-0.0110798924,0.051617202,0.051617202,0.0132474399,785,7.89038202,0.251009977
103265.142241,0.0553454763,0.00511112366,0.0462648443,0.0462648443,0.0134947132,787,14.2927855,0.251074764
103265.152270,0.0232261878,0.0034955901,0.0459817864,0.0459817864,0.0134680028,785,7.82028209,0.251074764
103265.162299,0.0172153902,-7.8498508e-05,0.0456315081,0.0456315081,0.0134055298,787,13.0749813,0.251074764
103265.172329,0.0057085391,0.0131978379,0.0469348638,0.0469348638,0.0131865961,787,9.57178729,0.251074764
103265.182358,-0.000545999215,0.0220287881,0.0468599537,0.0468599537,0.0128821337,785,7.0479056,0.251074764
103265.192387,-0.0275639782,0.0147759716,0.0456414279,0.0456414279,0.0123722285,787,12.909872,0.251074764
103265.202417,-0.0190675646,0.0228208517,0.0424628713,0.0424628713,0.0119173594,787,10.7592379,0.251074764
103265.212446,-0.030791116,0.0410656584,0.045396328,0.045396328,0.0112993788,787,11.9031109,0.251074764
103265.222475,-0.0250274581,0.0413037723,0.04415086,0.04415086,0.0107542199,787,12.7384791,0.251074764
103265.232505,-0.0489592621,0.0225845611,0.0418852828,0.0418852828,0.0100650139,787,12.1018974,0.251074764
103265.242534,-0.0421285382,0.0206359185,0.0431236295,0.0431236295,0.00945953879,787,12.0508194,0.251074764
103265.252563,-0.0290997753,0.00533787963,0.0436803339,0.0436803339,0.00903595457,787,8.46838089,0.251074764
103265.262593,-0.0223517634,0.00691283242,0.0456460588,0.0456460588,0.00867843641,787,12.8506059,0.251074764
103265.272622,-0.00588677958,0.0178781656,0.0466365816,0.0466365816,0.00844730883,787,11.4514216,0.251074764
103265.282652,-0.0162970014,0.0099544903,0.0443180526,0.0443180526,0.00814900513,787,10.8948386,0.251074764
103265.292681,-0.00614377689,0.00207283984,0.0464229227,0.0464229227,0.00797512509,787,12.6448382,0.251074764
103265.302710,-0.0012578796,0.0096346329,0.0428510061,0.0428510061,0.00782916613,787,11.4056903,0.251074764
103265.312740,0.00286794159,0.0139074899,0.0488943637,0.0488943637,0.00771576839,787,10.7267662,0.251074764
103265.322769,-0.00525979565,0.00924011074,0.0460164928,0.0460164928,0.0075415016,787,11.6365041,0.251074764
103265.332798,-0.0113934609,0.00337374848,0.0453628158,0.0453628158,0.00732659222,787,10.9349238,0.251074764
103265.342828,-0.00817359351,0.00997003079,0.0457293139,0.0457293139,0.00713170282,787,12.9088816,0.251074764
103265.352857,-0.0282716341,-0.00464964677,0.0413051816,0.0413051816,0.00678221185,787,14.6832238,0.251074764
103265.362886,-0.022992645,0.00640817383,0.0437943999,0.0437943999,0.00646431996,787,13.3079623,0.251074764
103265.372916,-0.00150294408,-0.00728063446,0.0457735832,0.0457735832,0.00639134418,787,11.1886856,0.251074764
103265.382945,0.00570508095,-0.000742984881,0.0417384484,0.0417384484,0.00637178481,787,16.6505298,0.251074764
103265.392974,-6.07130154e-05,-8.62130242e-05,0.0454788352,0.0454788352,0.00629623054,787,10.5581635,0.251074764
103265.403004,0.0148536251,-0.0164389744,0.0452783044,0.0452783044,0.00640778852,787,11.0731729,0.251074764
103265.413033,-0.0127738579,-0.0246559396,0.0472519896,0.0472519896,0.00629241883,787,11.6680058,0.251074764
103265.423063,-0.0152079826,-0.022110819,0.047313304,0.047313304,0.00616681737,787,9.59248781,0.251074764
103265.433092,-0.00173947643,-0.0257236958,0.0439528528,0.0439528528,0.0061955298,787,15.5703814,0.251074764
103265.443121,0.0118701837,-0.032352375,0.0436867637,0.0436867637,0.00638617868,787,13.1371338,0.251074764
103265.453151,0.0189345279,-0.025360916,0.0456237033,0.0456237033,0.00660271145,787,9.04965552,0.251074764
103265.463180,0.0339581194,-0.0346172808,0.0469448901,0.0469448901,0.00699081989,785,7.72594549,0.251074764
103265.473209,0.0325991252,-0.042427468,0.0446957373,0.0446957373,0.00740796515,787,14.5294738,0.251074764
103265.483239,0.0192740366,-0.0428321245,0.046653991,0.046653991,0.00772166853,787,12.1985598,0.251074764
103265.493268,0.0137141961,-0.0468888067,0.0479977091,0.0479977091,0.00802335118,787,11.6380543,0.251074764
103265.503297,0.0123126747,-0.0430648029,0.0445371079,0.0445371079,0.00829453093,787,8.96622526,0.251074764
103265.513327,0.0132403751,-0.0418575531,0.0482672581,0.0482672581,0.00856635901,787,13.2180024,0.251074764
103265.523356,0.0220856545,-0.062111077,0.0534067629,0.0534067629,0.00904557834,785,7.2158549,0.251074764
103265.533385,0.0288039932,-0.0580754762,0.0532265549,0.0532265549,0.00953580686,787,12.8801808,0.251074764
103265.543415,0.0513346493,-0.0447353385,0.0555831837,0.0555831837,0.010060312,785,8.07149032,0.251074764
103265.553444,0.0578536929,-0.030920622,0.0489018817,0.0489018817,0.0105173217,787,9.26059976,0.251074764
103265.563474,0.0617393716,-0.0373580711,0.051483936,0.051483936,0.0110434365,787,13.3782205,0.251074764
103265.573503,0.0544290067,-0.0416226275,0.0467205378,0.0467205378,0.011542576,787,9.7382826,0.251074764
103265.583532,0.060790579,-0.0361224253,0.0522323618,0.0522323618,0.0120392351,785,6.41958394,0.251074764
103265.593562,0.0436029238,-0.0178688864,0.0476779029,0.0476779029,0.0122829736,787,10.7010412,0.251074764
103265.603591,0.0369531505,-0.00688938143,0.046417854,0.046417854,0.0124037211,787,12.63828,0.251074764
103265.613620,0.0344814117,0.00766805214,0.0470758998,0.0470758998,0.0124138066,787,12.0483167,0.251074764
103265.623650,0.0123826706,-0.00768698143,0.0451436357,0.0451436357,0.012361402,787,10.0206288,0.251074764
103265.633679,-0.00798729249,-0.00654964282,0.0458930137,0.0458930137,0.0121511578,787,12.0416951,0.251074764
103265.643708,-0.0282198398,0.0126976818,0.047220121,0.047220121,0.0116716881,787,10.6949059,0.251074764
103265.653738,-0.0441687312,0.00741328032,0.0458998989,0.0458998989,0.0111227667,787,13.6310585,0.251074764
103265.663767,-0.0485800751,0.0101527917,0.0465575717,0.0465575717,0.010542061,787,13.102042,0.251074764
103265.673797,-0.0618817622,0.0411666879,0.0445793914,0.0445793914,0.009670123,787,15.814036,0.251074764
103265.683826,-0.0735486353,0.0547688572,0.0483700549,0.0483700549,0.00864297455,787,17.1379582,0.251074764
103265.693855,-0.0554558974,0.0601550352,0.0491574583,0.0491574583,0.00771872617,787,11.9632996,0.251074764
103265.703885,-0.0750156271,0.0469175197,0.0476117978,0.0476117978,0.00678615851,787,11.7639343,0.251074764
103265.713914,-0.0737507905,0.0569618311,0.0526458973,0.0526458973,0.00581778241,785,8.46182948,0.250726692
103265.723943,-0.0709669524,0.0575089087,0.0515084227,0.0515084227,0.00490091829,785,8.31929032,0.250726692
103265.733973,-0.0739975669,0.0648788609,0.0489772634,0.0489772634,0.00397728329,787,15.8009306,0.250726692
103265.744002,-0.0802904709,0.054325882,0.045894637,0.045894637,0.00344546282,787,15.9928153,0.250726692
103265.754031,-0.0672297321,0.0407440245,0.0441454214,0.0441454214,0.00366151755,787,16.3084838,0.250726692
103265.764061,-0.0652464948,0.0354464808,0.045714799,0.045714799,0.00421141108,787,11.8625724,0.250726692
103265.774090,-0.0473733869,0.0336813987,0.0436486251,0.0436486251,0.00466475085,787,12.7209986,0.250726692
103265.784119,-0.0342586776,0.0131397297,0.0482654916,0.0482654916,0.00497601372,787,9.16625095,0.250726692
103265.794149,-0.0335916337,0.0126028436,0.0577335378,0.0577335378,0.00527574616,785,7.43131759,0.250726692
103265.804178,-0.0161491792,0.00731205243,0.0451181734,0.0451181734,0.00539214954,787,11.466494,0.250726692
103265.814208,-0.000722025566,-0.00132396991,0.0459965548,0.0459965548,0.00534045754,787,14.1142435,0.250726692
103265.824237,0.018321243,-0.00984641956,0.0438816669,0.0438816669,0.00509007847,787,14.6517719,0.250935931
103265.834266,0.0299405057,-0.00927755112,0.042693,0.042693,0.00473432121,787,13.2691704,0.250935931
103265.844296,0.0277592747,0.000380360582,0.0438258948,0.0438258948,0.00442340109,785,7.49307964,0.250935931
103265.854325,0.0308324582,0.00188063713,0.0494342468,0.0494342468,0.0040944015,787,10.7033604,0.250935931
103265.864354,0.0248421347,0.00915047232,0.0468379227,0.0468379227,0.00385656067,787,12.0192641,0.250935931
103265.874384,0.0191039966,0.00467255286,0.0450294657,0.0450294657,0.00367569646,787,11.4302297,0.250935931
103265.884413,0.0228574966,-0.00215319585,0.0469799201,0.0469799201,0.00344535931,787,8.53485647,0.250935931
103265.894442,0.0109465692,0.00630076037,0.0424949292,0.0424949292,0.00337406702,787,15.3227743,0.250935931
103265.904472,0.00267027983,0.0145524076,0.0472108902,0.0472108902,0.00343526602,787,9.42806844,0.250935931
103265.914501,0.00404313468,0.0140161822,0.0529204806,0.0529204806,0.0034987464,785,7.38554533,0.250935931
103265.924530,0.00940801647,0.0310790121,0.0504155475,0.0504155475,0.00370161566,787,11.2662654,0.250801002
103265.934560,0.0163600957,0.0318340764,0.0476744239,0.0476744239,0.00393015008,787,9.63556018,0.250801002
103265.944589,0.00448334281,0.0156755372,0.0454061291,0.0454061291,0.00404657309,785,7.8567946,0.250801002
103265.954619,-0.00170246244,0.0190298289,0.0449153921,0.0449153921,0.00420456651,787,12.8384832,0.250801002
103265.964648,-0.00561983985,0.00946622526,0.0455544793,0.0455544793,0.00427272985,787,12.9822006,0.250801002
103265.974677,0.0103731708,0.0168453949,0.0421032711,0.0421032711,0.00438888247,787,12.2756359,0.250801002
103265.984707,-0.00779529625,0.0196128575,0.0444207487,0.0444207487,0.00455317788,787,10.4372551,0.250801002
103265.994736,-0.016237325,0.000945254204,0.0427241197,0.0427241197,0.00455001662,787,10.1913881,0.250801002
103266.004765,-0.0198059745,6.89237972e-05,0.0450096707,0.0450096707,0.00456086798,787,9.68363618,0.250801002
103266.014795,-0.00522095512,0.00672213331,0.0458096564,0.0458096564,0.00459992516,787,12.5333736,0.250801002
103266.024824,-0.0118096546,0.00800298276,0.0439457804,0.0439457804,0.00467238894,787,10.1538167,0.250801002
103266.034853,-0.0160919125,0.0169865736,0.0434627675,0.0434627675,0.00484429003,787,14.3266048,0.250801002
103266.044883,-0.00623169689,0.0119858271,0.0445904974,0.0445904974,0.00493153413,787,8.2922479,0.250801002
103266.054912,-0.0165280203,-0.0075159,0.0469892134,0.0469892134,0.00488712554,787,9.99972418,0.250801002
103266.064942,-0.0131317644,-0.00428254442,0.0529582155,0.0529582155,0.00486710095,787,8.10665761,0.250801002
103266.074971,-0.00607655099,-0.016636465,0.0459083657,0.0459083657,0.00471565559,787,8.8864741,0.250801002
103266.085000,-0.00677095224,-0.0182772378,0.0454615891,0.0454615891,0.0045681747,787,14.6622774,0.250801002
103266.095030,-0.00810817155,-0.0160257683,0.0466228623,0.0466228623,0.00446220615,787,9.7682553,0.250783146
103266.105059,-0.00596353715,-0.0126875844,0.0477380896,0.0477380896,0.00437908756,787,10.3793017,0.250783146
103266.115088,-0.0129778529,-0.011217774,0.046478557,0.046478557,0.00437059717,787,12.3977604,0.250783146
103266.125118,-0.00790699686,-0.0183645717,0.0512635125,0.0512635125,0.00429812817,787,10.455251,0.250783146
103266.135147,0.0214232173,-0.040397591,0.0454970028,0.0454970028,0.00389926194,787,14.6083274,0.250783146
103266.145176,0.040807147,-0.0547051144,0.0440781482,0.0440781482,0.00338612692,787,11.9494123,0.250783146
103266.155206,0.0528846923,-0.0676527924,0.0500142791,0.0500142791,0.00333431184,785,7.32564603,0.250783146
103266.165235,0.0575943714,-0.0766235345,0.0477246508,0.0477246508,0.00403902482,787,10.8648023,0.250783146
103266.175265,0.0652315667,-0.0811294389,0.0498656368,0.0498656368,0.00496033648,787,11.5171933,0.250783146
103266.185294,0.0646172601,-0.0835898725,0.0534475639,0.0534475639,0.00592498403,787,12.8663522,0.250783146
103266.195323,0.0615616081,-0.101368105,0.0567521876,0.0567521876,0.00702203129,787,10.0451889,0.250783146
103266.205353,0.0604907878,-0.120311029,0.0573510429,0.0573510429,0.00825786766,787,12.0416417,0.250783146
103266.215382,0.053294297,-0.1226304,0.05780956,0.05780956,0.00945731866,787,11.2960458,0.250783146
103266.225411,0.0604335024,-0.117835807,0.0521835362,0.0521835362,0.01062345,787,10.1492581,0.250783146
103266.235441,0.0681498188,-0.129683725,0.0610476039,0.0610476039,0.0119050153,785,9.92304927,0.250783146
103266.245470,0.0638910979,-0.136030159,0.0687794336,0.0687794336,0.0131979031,785,8.28535439,0.250783146
103266.255499,0.0610801984,-0.126557968,0.0757273145,0.0757273145,0.0143699049,785,11.294248,0.250783146
103266.265529,0.0472253781,-0.112803113,0.0671454167,0.0671454167,0.0153372533,785,6.55026962,0.250783146
103266.275558,0.0456952524,-0.104058482,0.062840796,0.062840796,0.0162020841,787,10.1983051,0.250783146
103266.285588,0.0477358367,-0.0921989903,0.0524279471,0.0524279471,0.0169541932,787,13.1135098,0.250634794
103266.295617,0.0565235771,-0.0811671914,0.0509902852,0.0509902852,0.0176329574,785,7.69872875,0.250634794
103266.305646,0.0567417155,-0.0418929855,0.0503621423,0.0503621423,0.0179583395,787,10.474383,0.250634794
103266.315676,0.0456880449,-0.0467913565,0.04590602,0.04590602,0.0182731555,787,8.41561967,0.250634794
103266.325705,0.0276196893,-0.0316738156,0.0464080711,0.0464080711,0.018367531,787,11.2054956,0.250634794
103266.335734,0.0129252032,-0.0216647035,0.0474103527,0.0474103527,0.0183043415,787,9.68082149,0.250634794
103266.345764,-0.0041106657,-0.0208967453,0.0444722583,0.0444722583,0.0181553582,787,12.1990465,0.250634794
103266.355793,-0.0154499739,-0.0318650218,0.0466951798,0.0466951798,0.018054241,787,10.9548897,0.250634794
103266.365823,0.00337244556,-0.0218466499,0.0450646745,0.0450646745,0.0179554449,787,9.2028307,0.250634794
103266.375852,0.0227931127,0.0421225869,0.0454490785,0.0454490785,0.0173911104,787,13.98067,0.250634794
103266.385881,-0.00273426839,0.0425310239,0.0467086396,0.0467086396,0.0167203936,787,10.7102629,0.250634794
103266.395911,-0.0449804294,0.00133922466,0.0448973367,0.0448973367,0.0162187672,787,15.596425,0.250634794
103266.405940,-0.0403669875,-0.00144582111,0.0450088223,0.0450088223,0.0157825858,787,13.5035952,0.250634794
103266.415969,-0.0459022742,0.0179485279,0.0446056863,0.0446056863,0.0151689996,787,11.8288192,0.250634794
103266.425999,-0.0481524454,0.0320404627,0.0475315432,0.0475315432,0.0144403982,787,13.0774181,0.250634794
103266.436028,-0.0357487808,0.0365919763,0.0507918166,0.0507918166,0.0137386286,785,7.70736205,0.250634794
103266.446058,-0.0384474385,0.0355851449,0.0501227633,0.0501227633,0.0130534105,785,6.1540907,0.250634794
103266.456087,-0.0300147627,0.0317153763,0.051090129,0.051090129,0.0124508176,787,8.46145291,0.250634794
103266.466116,0.00260535007,0.0186852994,0.0460858119,0.0460858119,0.0120929581,787,9.27626318,0.250634794
103266.476146,0.0106275472,0.0124995986,0.0478983708,0.0478983708,0.0118284112,787,10.2635819,0.250634794
103266.486175,0.0179049174,0.0274435871,0.0476138885,0.0476138885,0.0114638418,785,6.85764741,0.250634794
103266.496204,0.0209905497,0.017641939,0.0455843882,0.0455843882,0.0112147539,787,15.3103921,0.250634794
103266.506234,0.0228084096,0.00840573664,0.0455794976,0.0455794976,0.0110676026,787,14.5891951,0.250634794
103266.516263,0.0323985628,-0.00384577549,0.044912353,0.044912353,0.0110808195,787,9.38681965,0.250634794
103266.526292,0.0362300487,-0.0138293149,0.0470757045,0.0470757045,0.0112057135,787,11.5333903,0.250634794
103266.536322,0.0295821235,-0.0383211447,0.0448173349,0.0448173349,0.0115074964,787,10.8514914,0.250634794
103266.546351,0.0298317303,-0.0500892765,0.046146157,0.046146157,0.0119044921,787,13.4240433,0.250634794
103266.556381,0.0205399956,-0.0490696236,0.0459142655,0.0459142655,0.0122389829,787,15.0220734,0.250634794
103266.566410,0.0309741642,-0.0368911461,0.0439132275,0.0439132275,0.0125152269,787,13.8234739,0.250634794
103266.576439,0.0390542211,-0.0448053325,0.0461203633,0.0461203633,0.012894295,787,10.6675957,0.250634794
103266.586469,0.0366940404,-0.0558983057,0.0451878561,0.0451878561,0.0133478606,787,11.8184075,0.250634794
103266.596498,0.0174319213,-0.043936667,0.0441845034,0.0441845034,0.0135939514,787,17.0043077,0.250634794
103266.606527,0.0249881648,-0.0477468219,0.0512142354,0.0512142354,0.0139057692,787,8.31860318,0.250634794
103266.616557,0.022952726,-0.0154234226,0.0441395471,0.0441395471,0.0139286423,787,11.2731601,0.250634794
103266.626586,0.000984331245,-0.0140282934,0.0489793241,0.0489793241,0.0138279046,785,6.78475238,0.250634794
103266.636616,0.00581722515,-0.0204787317,0.0436894731,0.0436894731,0.0138082843,787,12.958822,0.250634794
103266.646645,-0.00385821087,-0.00697086373,0.0454592226,0.0454592226,0.0136266282,787,10.9189011,0.250634794
103266.656674,0.00281139443,-0.003773597,0.0447277142,0.0447277142,0.0134547544,787,13.2231145,0.250634794
103266.666704,-0.0089019956,-0.00650102854,0.042751881,0.042751881,0.0132516871,787,10.5496679,0.250634794
103266.676733,-0.0204976774,0.0120029614,0.0439308339,0.0439308339,0.0128393037,787,12.8723259,0.250126589
103266.686762,-0.00909881182,0.0203151642,0.0442604319,0.0442604319,0.0124189337,787,12.6606561,0.250126589
103266.696792,-0.0108364386,0.011909601,0.0476466326,0.0476466326,0.0120706277,787,8.777431,0.250126589
103266.706821,-0.0122774226,0.0193014329,0.0530713848,0.0530713848,0.0116588697,787,8.76163868,0.250126589
103266.716851,-0.0412689669,-0.00126614272,0.0464440411,0.0464440411,0.0113015338,787,11.1802813,0.250126589
103266.726880,-0.0420508635,0.00578475173,0.0478262402,0.0478262402,0.0109005265,787,11.7839412,0.250126589
103266.736909,-0.0435355467,-0.00154438917,0.0435243649,0.0435243649,0.0105841977,787,13.3109402,0.250126589
103266.746939,-0.0384451258,-0.0042800994,0.0467553906,0.0467553906,0.0103360125,787,8.78334374,0.250126589
103266.756968,-0.0273027218,-0.000710850016,0.0455456159,0.0455456159,0.0101077436,787,12.4064028,0.250126589
103266.766997,0.00284560315,-0.0168457405,0.0451997888,0.0451997888,0.010125764,787,12.3231666,0.250126589
103266.777027,0.0104717912,-0.0281102079,0.0497146196,0.0497146196,0.0102710544,785,8.02238267,0.250126589
103266.787056,0.0348404504,-0.0632185162,0.046573538,0.046573538,0.0108144168,787,10.5397602,0.250126589
103266.797086,0.0368665451,-0.0717350018,0.0491015289,0.0491015289,0.0114351469,787,12.4403336,0.250126589
103266.807115,0.0460190774,-0.0878143981,0.05381031,0.05381031,0.012224231,787,13.1057082,0.250126589
103266.817144,0.0469081638,-0.0930062553,0.0624433532,0.0624433532,0.0130507145,785,9.98053856,0.250126589
103266.827174,0.0510339348,-0.100786482,0.07002222,0.07002222,0.0139482723,785,11.1878577,0.250126589
103266.837203,0.0536444362,-0.108117185,0.0768581164,0.0768581164,0.0149057591,785,8.80924335,0.250126589
103266.847232,0.0585636086,-0.114485594,0.0831351577,0.0831351577,0.0159214257,785,10.2608602,0.250126589
103266.857262,0.100462614,-0.102906524,0.0549630516,0.0549630516,0.0169761055,787,15.897684,0.250126589
103266.867291,0.119563964,-0.0953203442,0.0524707882,0.0524707882,0.0180429974,787,14.9857393,0.250126589
103266.877321,0.114295679,-0.0662942982,0.0508472516,0.0508472516,0.0188403186,787,11.7719236,0.250126589
103266.887350,0.100687781,-0.0556787657,0.0495060983,0.0495060983,0.0194906649,785,8.32899085,0.250126589
103266.897379,0.100872303,-0.0426549788,0.0486011787,0.0486011787,0.0200409526,787,14.7487157,0.250126589
103266.907409,0.0753561068,-0.0325380097,0.0460889427,0.0460889427,0.0203761436,787,13.881502,0.250126589
103266.917438,0.0558686512,-0.00824916856,0.0477334556,0.0477334556,0.0204092611,787,10.1943669,0.249934692
103266.927467,0.0544926306,-0.00708258872,0.0475658217,0.0475658217,0.0204333212,787,11.1586022,0.249934692
103266.937497,0.037557467,0.00512929651,0.0432008178,0.0432008178,0.0202677648,787,14.403969,0.249934692
103266.947526,0.0140983822,0.00260655154,0.0448611866,0.0448611866,0.0199854925,787,10.9487685,0.249934692
103266.957556,0.010665284,0.0151288422,0.0411224502,0.0411224502,0.0195928654,787,15.8294335,0.249934692
103266.967585,0.00319157315,0.0201609936,0.0426820252,0.0426820252,0.0191247614,787,15.2941813,0.249934692
103266.977614,-0.0174367899,0.0306873083,0.0440642077,0.0440642077,0.0184573535,787,12.3319863,0.249934692
103266.987644,-0.0279467702,0.0316951539,0.0436013457,0.0436013457,0.0177291059,787,11.8395348,0.249934692
103266.997673,-0.0297836125,0.0544661554,0.0451078772,0.0451078772,0.016832565,787,15.5455248,0.249934692
103267.007703,-0.0528696272,0.0835682039,0.0489042256,0.0489042256,0.0155897834,785,8.37953797,0.249934692
103267.017732,-0.0509765238,0.0882657575,0.0582678312,0.0582678312,0.0143512908,785,11.8973266,0.249934692
103267.027761,-0.050317443,0.0872102179,0.0663240008,0.0663240008,0.0131528868,785,10.0360935,0.249934692
103267.037791,-0.0510464494,0.0820442584,0.073504564,0.073504564,0.0120141078,785,9.99818706,0.249934692
103267.047819,-0.0536326384,0.0759604773,0.0800436294,0.0800436294,0.010926277,785,9.73071435,0.249934692
103267.057848,-0.0576839518,0.0685023416,0.086089242,0.086089242,0.00988491804,785,13.9599122,0.249934692
103267.067878,-0.0599118139,0.0587742931,0.0917390058,0.0917390058,0.00891539039,785,10.0059685,0.249934692
103267.077907,-0.105428431,0.0299292267,0.0721468454,0.0721468454,0.00786629428,787,15.194276,0.249934692
103267.087937,-0.10546177,0.0118285143,0.0531655568,0.0531655568,0.00705922966,787,11.6905362,0.249934692
103267.097966,-0.109539129,-0.00655361395,0.0498451113,0.0498451113,0.00658250304,787,12.6499085,0.249934692
103267.107995,-0.0595333324,-0.00123300802,0.0461250236,0.0461250236,0.00638010258,787,9.26366023,0.249934692
103267.118025,-0.0426372645,-0.0161463803,0.0446533747,0.0446533747,0.00642036848,787,15.0148425,0.249934692
103267.128054,-0.0239441896,-0.00433306757,0.0447834582,0.0447834582,0.00638357656,787,13.8663176,0.249934692
103267.138083,-0.0188717794,0.0329968123,0.0440095001,0.0440095001,0.00599224951,787,12.102599,0.249934692
103267.148113,-0.0116184429,0.0472278485,0.0494112274,0.0494112274,0.00547336078,787,11.2029353,0.249934692
103267.158142,0.012740711,0.00632847763,0.0427983997,0.0427983997,0.0053411351,787,11.4651972,0.249934692
103267.168172,0.0165922583,-0.0129952387,0.0498876863,0.0498876863,0.00540554157,785,7.67459856,0.249934692
103267.178201,0.0339132784,-0.025940937,0.045302069,0.045302069,0.00561615836,787,10.4548706,0.249934692
103267.188230,0.0155480904,-0.0317842147,0.0462506766,0.0462506766,0.00588307863,787,12.3614864,0.250387256
103267.198260,0.0222825906,-0.0322877294,0.0455883978,0.0455883978,0.00616450414,787,15.4812622,0.250387256
103267.208289,0.0165835283,-0.0461044323,0.0448681026,0.0448681026,0.00656903673,787,9.29033045,0.250387256
103267.218319,0.0155435934,-0.0477539157,0.0453823782,0.0453823782,0.00698067313,787,12.1061108,0.250387256
103267.228348,0.00240523865,-0.0356722047,0.0429263377,0.0429263377,0.00724173862,787,11.0003531,0.250387256
103267.238377,0.00140243312,-0.0520142237,0.0434089851,0.0434089851,0.00765422405,787,13.8404191,0.250387256
103267.248407,-0.00111074504,-0.0315416884,0.0463342988,0.0463342988,0.00785727981,787,9.09570304,0.250387256
103267.258436,-0.0197016549,-0.014838747,0.04161324,0.04161324,0.00786844664,787,15.413835,0.250387256
103267.268465,-0.0351468654,-0.0166333102,0.0459038659,0.0459038659,0.00789407318,787,9.03558619,0.250387256
103267.278495,-0.0435578411,-0.0147538611,0.0458236024,0.0458236024,0.00792555766,787,9.94422509,0.250387256
103267.288524,-0.0388902247,-0.00518753105,0.0515346715,0.0515346715,0.00789232158,787,10.3812726,0.250547044
103267.298554,-0.0584024548,-0.00155825884,0.0500265833,0.0500265833,0.00788583453,787,10.7891482,0.250547044
103267.308583,-0.0852007359,0.00854896321,0.0483817443,0.0483817443,0.00792977939,787,9.69587641,0.250547044
103267.318612,-0.0761522961,-0.00148990051,0.0524253049,0.0524253049,0.00814178143,787,11.0630792,0.250547044
103267.328642,-0.0825755155,0.00451241752,0.0457393573,0.0457393573,0.00841449819,787,11.3735436,0.250547044
103267.338671,-0.068102733,0.00628405505,0.050634053,0.050634053,0.00865831978,785,7.2873232,0.251990453
103267.348701,-0.0666833024,0.0164440296,0.0527879115,0.0527879115,0.00886756771,785,8.27436325,0.251997545
103267.358730,-0.05275657,0.0174832662,0.0458497388,0.0458497388,0.00901316911,787,12.9959627,0.251997545
103267.368759,-0.0424924951,0.0301854407,0.047805496,0.047805496,0.00903478748,787,8.46322315,0.251997545
103267.378789,-0.0456361173,0.0272445067,0.0534114828,0.0534114828,0.0091339139,785,5.73423728,0.251997545
103267.388818,-0.0401076851,0.0292197566,0.0481291754,0.0481291754,0.00920666059,787,12.0526043,0.251997545
103267.398848,-0.0401455874,0.0157372679,0.0455048846,0.0455048846,0.00936184367,787,13.5164383,0.251997545
103267.408877,-0.0193599823,0.0236688218,0.0406535227,0.0406535227,0.00930919386,787,16.2443503,0.251997545
103267.418906,-0.0223892891,0.0215587054,0.043883149,0.043883149,0.00930500184,787,12.8183433,0.251997545
103267.428936,-0.0146157504,0.00432177091,0.0432787446,0.0432787446,0.00929324024,787,10.3976713,0.251997545
103267.438965,-0.00760144891,-0.00229490411,0.0460561899,0.0460561899,0.00923859065,787,8.87920016,0.251997545
103267.448994,-0.00770756879,0.0127938772,0.0479091887,0.0479091887,0.00913879239,787,8.99452539,0.251997545
103267.459024,-0.00737755317,-0.00330849663,0.0413050345,0.0413050345,0.00908821033,787,15.9939414,0.251997545
103267.469053,-0.00091041599,-0.00554061147,0.0446838659,0.0446838659,0.00898514537,787,10.4756969,0.251997545
103267.479083,0.00828317275,0.00469845734,0.0455887226,0.0455887226,0.00876668592,787,11.0769349,0.251997545
103267.489112,0.00708342819,0.0156921122,0.0464248372,0.0464248372,0.00853114389,787,12.7092422,0.251997545
103267.499141,0.0131118985,0.017758873,0.0480179616,0.0480179616,0.008240392,787,9.58425264,0.251997545
103267.509171,0.0221894243,0.014262482,0.0445756019,0.0445756019,0.00788084633,787,13.582005,0.251997545
103267.519200,0.0145975184,-0.00448537981,0.0427122861,0.0427122861,0.00764936226,787,11.603864,0.251997545
103267.529230,0.0318532245,-0.0111012007,0.0431261428,0.0431261428,0.00728150005,787,12.8152345,0.251997545
103267.539259,0.0291360894,-0.00664843188,0.0443886278,0.0443886278,0.00693929249,787,11.8459304,0.251997545
103267.549288,0.0295420898,-0.0197853222,0.0446678072,0.0446678072,0.00665710284,787,9.51806821,0.251997545
103267.559318,0.0353264101,-0.0246731828,0.0442384622,0.0442384622,0.00637564414,787,12.1051362,0.251997545
103267.569347,0.0237114341,-0.0316566753,0.0458944094,0.0458944094,0.00627117138,787,12.9687108,0.251997545
103267.579376,0.024956682,-0.0239335676,0.0461172546,0.0461172546,0.00615039526,787,10.4837955,0.251997545
103267.589406,0.0345164939,-0.0204368954,0.0456844998,0.0456844998,0.00597456452,787,14.3652445,0.251997545
103267.599435,0.0255764835,-0.0238758424,0.0432754735,0.0432754735,0.0059254632,787,10.9025427,0.251997545
103267.609465,0.0159308466,-0.0119966268,0.0473434356,0.0473434356,0.00586454826,787,8.60620491,0.251997545
103267.619494,0.00339499281,0.00259781952,0.0502906623,0.0502906623,0.00575958608,787,8.31983662,0.251997545
103267.629523,0.0046670671,-0.00341282048,0.0441813633,0.0441813633,0.00569965499,787,12.3398411,0.251997545
103267.639553,0.00361000799,0.0103674851,0.0412344957,0.0412344957,0.00553267415,787,15.0680048,0.251997545
103267.649582,0.00261801502,0.00118960337,0.0401908356,0.0401908356,0.00545021818,787,12.3761795,0.251997545
103267.659612,0.00172544597,-0.0159332458,0.0423648495,0.0423648495,0.00551766275,787,13.3802279,0.251997545
103267.669641,-0.0177505664,-0.00897911264,0.0445602288,0.0445602288,0.00562600154,787,12.4211022,0.251997545
103267.679670,-0.0319561007,-0.00345497881,0.0434153639,0.0434153639,0.00577288078,787,11.8965239,0.251997545
103267.689700,-0.0168772458,0.0113919187,0.0441116939,0.0441116939,0.00572617198,787,13.0449237,0.251997545
103267.699729,-0.0320432392,0.0160877779,0.0430996534,0.0430996534,0.00576688446,787,9.01694124,0.251997545
103267.709759,-0.0332612751,0.0126999503,0.0446417559,0.0446417559,0.00587098112,787,12.4018195,0.251997545
103267.719788,-0.028525265,0.00323620361,0.046490899,0.046490899,0.00601317708,787,11.0539417,0.251997545
103267.729817,-0.0148485713,0.00139362427,0.0427977071,0.0427977071,0.00605869924,787,13.5780878,0.251997545
103267.739847,-0.00595638641,0.0044325266,0.0453577531,0.0453577531,0.00601564491,787,9.35820253,0.251997545
103267.749876,0.0131694262,-0.00696733816,0.0433872619,0.0433872619,0.00587617046,787,9.80046901,0.251503728
103267.759906,0.0375983504,-0.0182215493,0.0457377937,0.0457377937,0.0056256267,787,11.8659061,0.251503728
103267.769935,0.0463515659,-0.0291285561,0.0501937593,0.0501937593,0.0054525428,787,11.3470477,0.251503728
103267.779964,0.0239862813,-0.0230960279,0.044360235,0.044360235,0.00544152419,787,10.3596889,0.251503728
103267.789994,0.0321026955,-0.02398896,0.0478014688,0.0478014688,0.00544009596,787,14.0547236,0.25146008
103267.800023,0.0180025883,-0.0308854661,0.0439072238,0.0439072238,0.00559830666,787,10.3510771,0.25146008
103267.810052,0.0193610411,-0.0243017563,0.0436162126,0.0436162126,0.00571118022,787,12.8604012,0.25146008
103267.820082,0.000220059042,0.00113975038,0.0418990623,0.0418990623,0.00563757292,787,12.0329643,0.25146008
103267.830111,0.0159336385,0.0023038548,0.0453977175,0.0453977175,0.00551874086,787,10.9245831,0.25146008
103267.840141,-0.000516272818,-0.00782473919,0.0420520732,0.0420520732,0.00553666262,787,16.2029924,0.25146008
103267.850170,-0.0099423133,-0.00585136346,0.0416685324,0.0416685324,0.00555517503,787,11.5672772,0.25146008
103267.860199,-0.00678235571,-5.24423963e-05,0.0467442367,0.0467442367,0.0055125523,787,13.1678295,0.25146008
103267.870229,-0.0115547568,-0.0103449705,0.0425281442,0.0425281442,0.00558238217,787,12.135473,0.25146008
103267.880258,-0.00696792941,-0.0146694852,0.0456528938,0.0456528938,0.00568038728,787,9.72609508,0.25146008
103267.890288,0.00363929267,-0.0208412575,0.0447459018,0.0447459018,0.00580627141,787,15.1235785,0.25146008
103267.900317,0.0121974762,-0.0434473214,0.0433539775,0.0433539775,0.00613105762,787,10.3726647,0.25146008
103267.910346,0.00785340987,-0.0186050656,0.0457033359,0.0457033359,0.00622644673,787,12.6686145,0.25150024
103267.920376,0.01558602,-0.0276953864,0.0443855875,0.0443855875,0.00640204801,787,10.0401234,0.25150024
103267.930405,0.0300344692,-0.0380019431,0.0455717655,0.0455717655,0.00667674151,787,9.97335823,0.25150024
103267.940435,0.0368238945,-0.0337062649,0.0455742645,0.0455742645,0.0069300413,787,11.9711294,0.25150024
103267.950464,0.0539998007,-0.021174607,0.0444239553,0.0444239553,0.00710821712,787,11.5200475,0.25150024
103267.960493,0.0557994769,-0.0219542951,0.054561101,0.054561101,0.00734806516,785,6.97359606,0.251464768
103267.970523,0.0709551249,-0.0304403433,0.0467168281,0.0467168281,0.00776206492,787,10.1545679,0.251434633
103267.980552,0.0822271016,-0.0386445257,0.0478873601,0.0478873601,0.00834654317,787,13.4805033,0.251434633
103267.990582,0.0941815512,-0.045296626,0.0527078364,0.0527078364,0.00908899404,785,6.30311764,0.251434633
103268.000611,0.111152732,-0.0482779627,0.0553256066,0.0553256066,0.00998624743,787,15.9199933,0.251434633
103268.010640,0.124442165,-0.0591099441,0.0575516533,0.0575516533,0.0110761556,787,14.7442891,0.251434633
103268.020670,0.127004142,-0.0628392431,0.0656963181,0.0656963181,0.0122199948,785,13.2608201,0.251434633
103268.030699,0.129525124,-0.0670948967,0.0729378875,0.0729378875,0.0134079877,785,12.887557,0.251434633
103268.040729,0.131625235,-0.0713839015,0.0795247182,0.0795247182,0.014628832,785,12.4842708,0.251434633
103268.050758,0.133240024,-0.0750637726,0.0856069061,0.0856069061,0.0158689878,785,11.1737513,0.251434633
103268.060787,0.132934788,-0.0682429015,0.0716270838,0.0716270838,0.0170460969,785,11.5991205,0.251434633
103268.070817,0.133740665,-0.0699191018,0.0783239737,0.0783239737,0.0182219806,785,8.89456173,0.251434633
103268.080846,0.13242606,-0.0343710799,0.0586092906,0.0586092906,0.019163281,787,12.8008428,0.251434633
103268.090876,0.153998055,-0.0344605501,0.0542009351,0.0542009351,0.020277215,787,10.2342611,0.251434633
103268.100905,0.124993491,-0.00302933437,0.0478856295,0.0478856295,0.0209817665,787,10.0753637,0.251434633
103268.110934,0.114979427,-0.00536479653,0.0484405697,0.0484405697,0.0216191096,787,12.580475,0.251434633
103268.120964,0.0915797298,-0.00446622153,0.0454739761,0.0454739761,0.0220515944,787,13.759064,0.251465286
103268.130993,0.0776760309,-0.000110922079,0.04506701,0.04506701,0.0223424898,787,14.9693205,0.251465286
103268.141023,0.0547105226,-0.00415279723,0.042441275,0.042441275,0.0224502209,787,17.2522093,0.251465286
103268.151052,0.0517429583,0.00527350659,0.045977253,0.045977253,0.0224908633,787,12.7193798,0.251465286
103268.161081,0.0529736182,0.00925695,0.0464390634,0.0464390634,0.0225286176,787,14.1582551,0.251465286
103268.171111,0.0246268133,0.0240732816,0.0433751202,0.0433751202,0.0222563197,787,13.1121139,0.251465286
103268.181140,0.00677878874,-0.0002956437,0.0484367877,0.0484367877,0.0219307177,785,7.97391357,0.251465286
103268.191170,-0.0079074113,0.0141313203,0.0426800427,0.0426800427,0.021421819,787,10.4292203,0.251465286
103268.201199,-0.0028938493,0.015714892,0.0443021345,0.0443021345,0.020962396,787,13.9740034,0.251465286
103268.211228,-0.0141690819,0.00500214606,0.0453526595,0.0453526595,0.0204529397,787,13.0665199,0.251465286
103268.221258,-0.0302334557,0.0192838413,0.0436008061,0.0436008061,0.0197525897,787,9.30684082,0.251465286
103268.231287,-0.0323207897,0.0119133977,0.0472378307,0.0472378307,0.0190761318,787,8.30460085,0.251465286
103268.241317,-0.0441111521,0.0381312381,0.0462066655,0.0462066655,0.0182048423,787,9.02889366,0.251465286
103268.251346,-0.0645734348,0.0536934232,0.0495388301,0.0495388301,0.0171089152,787,10.7109701,0.251465286
103268.261375,-0.0694444364,0.0552806835,0.0505122476,0.0505122476,0.0159886859,787,10.8198822,0.251465286
103268.271405,-0.067965975,0.0631740252,0.0483310483,0.0483310483,0.0148835842,787,11.1740082,0.251465286
103268.281434,-0.0747804001,0.0524227177,0.0495387677,0.0495387677,0.0137796508,787,11.9670955,0.251465286
103268.291464,-0.0786494194,0.035688809,0.0459552268,0.0459552268,0.0127152783,787,13.3166921,0.251553742
103268.301493,-0.0782134131,0.0237341545,0.0480899404,0.0480899404,0.0117117819,787,12.0083215,0.251553742
103268.311522,-0.0684349627,0.0249037344,0.0484613592,0.0484613592,0.0108163024,787,11.7511447,0.251553742
103268.321552,-0.0580111891,0.0111974499,0.0476047466,0.0476047466,0.0100766184,787,9.9962663,0.251553742
103268.331581,-0.0343090088,0.00761776134,0.049205649,0.049205649,0.00958456548,787,8.83211148,0.251553742
103268.341611,-0.0100579912,-0.0352791256,0.0458628403,0.0458628403,0.00946901012,787,8.35382846,0.251553742
103268.351640,0.00837476117,-0.0441089324,0.0471279251,0.0471279251,0.00957543264,787,12.0589327,0.251553742
103268.361670,0.0203271327,-0.0434435,0.051156799,0.051156799,0.00980062343,785,6.33221984,0.251553742
103268.371699,0.0332852556,-0.0274280247,0.0480069412,0.0480069412,0.0100718454,787,11.3801137,0.251553742
103268.381728,0.0437597599,-0.0428962718,0.0474150357,0.0474150357,0.0105014865,787,11.9342228,0.251553742
103268.391758,0.0641315676,-0.0634307118,0.045238713,0.045238713,0.0112005144,787,9.92055029,0.251553742
103268.401787,0.05140041,-0.0647551401,0.0471058019,0.0471058019,0.0117919815,787,11.8767872,0.251613321
103268.411817,0.03158411,-0.0349875121,0.0478854221,0.0478854221,0.0120567212,787,17.7365074,0.251613321
103268.421846,0.0334886454,-0.0260213716,0.0508181451,0.0508181451,0.0122851343,785,7.02065469,0.251613321
103268.431875,-0.00142025919,-0.031955102,0.0481230743,0.0481230743,0.0122567971,787,11.6208806,0.251613321
103268.441905,-0.00982412131,-0.018427424,0.0457949222,0.0457949222,0.0120913784,787,9.10489093,0.251613321
103268.451934,-0.00208408171,-0.0120779754,0.0501292129,0.0501292129,0.0119572046,785,5.3456482,0.251613321
103268.461964,0.0189554274,-0.00261450772,0.0431489578,0.0431489578,0.0119377455,787,12.6981159,0.251771378
103268.471993,-0.0185585973,-0.00608244763,0.0430161139,0.0430161139,0.0116417555,787,14.804269,0.251771378
103268.482022,-0.0179291826,-0.0178915149,0.045798267,0.045798267,0.0114310188,787,10.7004649,0.251771378
103268.492052,-0.024601523,-0.0426369622,0.0450056719,0.0450056719,0.0113409783,787,8.53737965,0.251771378
103268.502081,-0.00809499613,-0.0336580064,0.0460701838,0.0460701838,0.0113334643,787,13.4266909,0.251771378
103268.512111,-0.0012188633,-0.0497223525,0.0427383152,0.0427383152,0.011496338,787,11.9884437,0.251771378
103268.522140,0.00639810428,-0.051372991,0.0500775849,0.0500775849,0.0117319456,787,9.17948014,0.251771378
103268.532169,0.0261932415,-0.0574121564,0.0486094298,0.0486094298,0.012144356,787,11.9500731,0.251771378
103268.542199,0.0230592019,-0.066715675,0.0445141427,0.0445141427,0.0126025154,787,11.1910991,0.251771378
103268.552228,0.023111232,-0.0516351327,0.0459327548,0.0459327548,0.0129418889,787,12.4490944,0.251771378
103268.562258,0.0231073487,-0.0198723204,0.0459649324,0.0459649324,0.0130322417,787,9.99802884,0.251771378
103268.572287,0.0148376684,0.00367913062,0.0477975733,0.0477975733,0.0128908245,785,7.94912366,0.251771378
103268.582317,0.0072178874,0.00256658652,0.0460182193,0.0460182193,0.0127137294,787,14.1589051,0.251771378
103268.592346,0.013006921,0.01977981,0.0421762331,0.0421762331,0.0124504254,787,14.9063321,0.251771378
103268.602375,-0.00405794585,0.00928052987,0.0448088937,0.0448088937,0.0121609767,787,11.5655465,0.251771378
103268.612405,-0.00320286971,-0.00319300791,0.0439084154,0.0439084154,0.0119745201,787,10.4194997,0.251771378
103268.622434,-0.00791345011,0.0160886126,0.0465967634,0.0465967634,0.011619182,787,12.7944456,0.251771378
103268.632464,-0.0167610228,0.0178953656,0.0520814718,0.0520814718,0.0111997667,787,9.25641939,0.251771378
103268.642493,-0.0325620732,0.00221447402,0.0444532751,0.0444532751,0.0108035459,787,13.4617764,0.251771378
103268.652522,-0.054130851,0.00513409768,0.0443914883,0.0443914883,0.0102687433,787,14.4725284,0.251771378
103268.662552,-0.0369908916,0.0111431306,0.0427981673,0.0427981673,0.00981258984,787,12.812064,0.251771378
103268.672581,-0.0416557293,0.0125925227,0.0448263933,0.0448263933,0.00933575227,787,9.93527644,0.251771378
103268.682611,-0.0186505034,0.0170700667,0.0435464619,0.0435464619,0.0089614895,787,15.783269,0.251710291
103268.692640,-0.0134068777,0.0165210052,0.0416382768,0.0416382768,0.00862745415,787,16.0817753,0.251710291
103268.702670,-0.0186482094,0.0143145726,0.0461244562,0.0461244562,0.00829102547,787,10.6598822,0.251710291
103268.712699,-0.0340414948,0.0102598656,0.0440517012,0.0440517012,0.00792080401,787,11.3035803,0.251710291
103268.722728,-0.0251451504,0.00856855243,0.0467576515,0.0467576515,0.00762345374,787,9.98953255,0.251710291
103268.732758,-0.0404618149,0.007598462,0.0463187561,0.0463187561,0.00728490233,787,11.8542831,0.251710291
103268.742787,-0.0306950757,0.0195461741,0.04815031,0.04815031,0.00689959278,785,7.4593173,0.251710291
103268.752817,-0.0280305541,0.0173307121,0.0479449673,0.0479449673,0.00656124409,787,9.37026322,0.251710291
103268.762846,-0.0153322644,0.00986942814,0.0458689308,0.0458689308,0.00634491837,787,9.14763989,0.251710291
103268.772875,-0.0303630606,0.0200706221,0.0448553405,0.0448553405,0.00600435089,787,11.0161335,0.251710291
103268.782905,-0.0187754133,-0.00499963702,0.0448553192,0.0448553192,0.00594950811,787,12.832636,0.251710291
103268.792934,-0.0244903173,0.00533678228,0.0452290773,0.0452290773,0.00579975139,787,11.2174717,0.251710291
103268.802964,-0.0336435072,0.00774228923,0.0448072438,0.0448072438,0.00564611681,787,14.4978551,0.251710291
103268.812993,-0.0302130405,0.00271254026,0.0476203398,0.0476203398,0.00557650642,785,7.45058649,0.251710291
103268.823022,-0.0391184537,-0.00272494382,0.04492875,0.04492875,0.00560924602,787,13.3922544,0.251710291
103268.833052,-0.0307125709,0.00713750258,0.0422663206,0.0422663206,0.00556669968,787,15.5720964,0.251710291
103268.843081,-0.00834198422,0.00426702696,0.0450810167,0.0450810167,0.00549624223,787,12.4347196,0.251710291
103268.853111,-0.00441070035,-0.00458526361,0.0466731653,0.0466731653,0.0054960123,787,8.78469566,0.251710291
103268.863140,0.00706611751,-0.018831057,0.0424984624,0.0424984624,0.00558763577,787,16.3315186,0.251710291
103268.873170,0.00421325517,-0.0104162383,0.0444750188,0.0444750188,0.00561201135,787,12.8736849,0.251710291
103268.883199,0.0127439553,-0.00284271394,0.0423836235,0.0423836235,0.00554305361,787,10.2388213,0.251710291
103268.893228,0.0139900992,-0.0191333621,0.0441827918,0.0441827918,0.00563488548,787,11.0302554,0.251710291
103268.903258,0.0246655161,-0.0175823952,0.0470055189,0.0470055189,0.00570536134,787,14.5364149,0.251710291
103268.913287,0.032705802,-0.0141978465,0.0432099089,0.0432099089,0.00576085017,787,11.0562956,0.251710291
103268.923317,0.0309580887,-0.0173855208,0.0453369008,0.0453369008,0.0058780137,787,11.0666688,0.251710291
103268.933346,0.0484468429,-0.0183540171,0.0445966939,0.0445966939,0.0060593456,787,9.92667663,0.251710291
103268.943375,0.0435956598,-0.00592106394,0.0465670286,0.0465670286,0.00615895554,787,11.0474782,0.251710291
103268.953405,0.0658197323,-0.00685760551,0.0461002301,0.0461002301,0.00640219671,787,11.7277738,0.251710291
103268.963434,0.0736818413,-0.0174744124,0.0447719846,0.0447719846,0.00684823902,787,12.7094662,0.251710291
103268.973464,0.0771194445,-0.0160629396,0.0454345626,0.0454345626,0.0073558077,787,14.5572778,0.251710291
103268.983493,0.0846211891,-0.00653783663,0.0458848693,0.0458848693,0.00788934091,785,7.91994376,0.251710291
103268.993523,0.078621886,-0.00464466231,0.04691166,0.04691166,0.00840510575,787,11.865912,0.251710291
103269.003552,0.0745622877,-0.0155440574,0.0465741991,0.0465741991,0.00897142873,787,12.6840845,0.251710291
103269.013581,0.0745613995,-0.0136281314,0.0437781016,0.0437781016,0.00953017486,787,15.8213135,0.251563442
103269.023611,0.0616500187,-0.0148570202,0.0457379362,0.0457379362,0.00998599944,787,13.5476483,0.251460187
103269.033640,0.0692757305,-0.0312817597,0.0451804274,0.0451804274,0.0105827543,787,13.7839532,0.251460187
103269.043670,0.0716358379,-0.0352463437,0.0507770693,0.0507770693,0.0112080504,785,8.94794676,0.251460187
103269.053699,0.0801595006,-0.0410529944,0.0504981304,0.0504981304,0.0119223289,787,10.6440404,0.251460187
103269.063729,0.0736839386,-0.0288731814,0.0472084396,0.0472084396,0.0125088738,787,12.5733996,0.251460187
103269.073758,0.073021935,-0.0244671319,0.046890614,0.046890614,0.0130586369,787,14.6194284,0.251460187
103269.083787,0.0829822435,-0.0356331479,0.0464401824,0.0464401824,0.0137368268,787,9.31555392,0.251460187
103269.093817,0.0800981566,-0.0189206973,0.0465874804,0.0465874804,0.0143020547,787,14.2828059,0.251460187
103269.103846,0.0525559313,-0.0194935402,0.0459816553,0.0459816553,0.0146187136,787,9.52765799,0.251460187
103269.113876,0.0236929031,-0.00311585775,0.0443391314,0.0443391314,0.0146037311,787,14.489,0.251460187
103269.123905,0.0418505721,0.0011922896,0.0452971872,0.0452971872,0.0147324075,787,11.4367586,0.251460187
103269.133935,0.0238113219,0.0312027003,0.0436467569,0.0436467569,0.0145797067,787,8.75570422,0.251460187
103269.143964,0.00479671084,0.041733341,0.0449847118,0.0449847118,0.0142298822,787,13.4453366,0.251460187
103269.153993,-0.0141918217,0.0366807741,0.043019736,0.043019736,0.0137417997,787,15.4767713,0.251460187
103269.164023,-0.0226141047,0.0495314525,0.0468724098,0.0468724098,0.0131527239,787,11.5966104,0.251460187
103269.174052,-0.0289851217,0.0555568598,0.0486876977,0.0486876977,0.0125138685,787,11.9980315,0.251460187
103269.184082,-0.048687991,0.0546578607,0.0491887753,0.0491887753,0.0117212325,787,11.8815899,0.251460187
103269.194111,-0.0671564299,0.040496485,0.0463578316,0.0463578316,0.0108111224,787,16.3077642,0.251460187
103269.204140,-0.0595618719,0.0344718668,0.044477436,0.044477436,0.010010705,787,12.0419454,0.251460187
103269.214170,-0.0561079089,0.0323340545,0.046359061,0.046359061,0.00926998637,787,10.8861729,0.251460187
103269.224199,-0.0600812991,0.03456062,0.0475686238,0.0475686238,0.00851161207,787,10.4460767,0.251460187
103269.234229,-0.0530243026,0.0331567612,0.0448162117,0.0448162117,0.00785167431,787,13.1225638,0.251460187
103269.244258,-0.0367495429,0.0408949602,0.0466925576,0.0466925576,0.00738474713,787,14.3109546,0.251460187
103269.254288,-0.0285067002,0.0454881392,0.0438240406,0.0438240406,0.00704955314,787,10.9909861,0.251460187
103269.264317,-0.0349239366,0.0456546321,0.0436870996,0.0436870996,0.00671244901,787,16.157633,0.251460187
103269.274346,-0.0111805544,0.0508702879,0.0445417681,0.0445417681,0.00668346522,787,14.7299304,0.251460187
103269.284376,-0.00339997631,0.0389405273,0.0432413172,0.0432413172,0.0067299224,787,12.5255487,0.251460187
103269.294405,0.0127615514,0.0207984155,0.0446647895,0.0446647895,0.0068539472,787,10.8050559,0.251460187
103269.304435,0.00757372942,0.00330512071,0.0417957415,0.0417957415,0.00685020464,787,14.2209049,0.251460187
103269.314464,0.0274309025,-0.00549652582,0.0432356217,0.0432356217,0.00698035538,787,15.9937183,0.251460187
103269.324494,0.0347416592,-0.00279454467,0.044953074,0.044953074,0.00719083751,787,10.1491854,0.251460187
103269.334523,0.0248454587,-0.0146389406,0.0408712884,0.0408712884,0.00726961424,787,16.6476805,0.251460187
103269.344552,0.0310079756,-0.00565905366,0.0431894712,0.0431894712,0.00744344142,787,15.1909326,0.251460187
103269.354582,0.0269528454,0.0211812181,0.0414112863,0.0414112863,0.00766735586,787,13.8470923,0.251460187
103269.364611,0.017913861,0.0172273203,0.0443252996,0.0443252996,0.00779195926,787,12.5657471,0.251460187
103269.374641,0.0160394289,0.00723251405,0.0455494188,0.0455494188,0.00786164607,787,12.569848,0.251460187
103269.384670,-0.0129029146,-0.00867406817,0.040803483,0.040803483,0.00760784882,787,14.554439,0.251467982
103269.394700,-0.0162509275,-0.0202939371,0.0440046832,0.0440046832,0.00728860976,787,11.7309676,0.251467982
103269.404729,-0.00750079773,-0.0105089106,0.0423880384,0.0423880384,0.0070915779,787,14.8328521,0.251467982
103269.414758,0.00113486864,0.00182616585,0.0445973923,0.0445973923,0.0070186102,787,11.959694,0.251911933
103269.424788,0.00513865294,0.000756745843,0.0429132521,0.0429132521,0.00698087908,787,14.0602172,0.251911933
103269.434817,0.00131463106,0.00681089658,0.0419596529,0.0419596529,0.00692805064,787,12.8223285,0.251911933
103269.444847,0.00147860463,0.0154304327,0.0439772578,0.0439772578,0.00690892842,787,10.2062166,0.25142111
103269.454876,0.0144436123,0.000499100102,0.0426954967,0.0426954967,0.00695733031,787,13.5336557,0.251171019
103269.464906,0.0177008732,-0.00274464086,0.043347596,0.043347596,0.0070244273,787,19.6410405,0.251171019
103269.474935,0.0141330882,0.0104481178,0.0413559453,0.0413559453,0.00710218254,787,13.9786679,0.251171019
103269.484964,0.0131607174,-0.0070287622,0.0425667392,0.0425667392,0.00711111885,787,12.6463015,0.251171019
103269.494994,0.0268296321,-0.00315497558,0.0449176344,0.0449176344,0.00726206366,787,13.2428367,0.251171019
103269.505023,0.0272006901,0.010206472,0.0443447757,0.0443447757,0.00745463968,787,11.5422204,0.251171019
103269.515053,0.0156643268,-0.0190201819,0.0451269702,0.0451269702,0.00745279821,787,14.8605714,0.251171019
103269.525082,0.0035209706,-3.84797284e-05,0.0414445125,0.0414445125,0.00738966187,787,14.9700544,0.251171019
103269.535112,0.0183869123,0.00349566875,0.0438176908,0.0438176908,0.00747797167,787,11.1944846,0.251171019
103269.545141,0.0252909146,0.00668001885,0.0461062591,0.0461062591,0.00763820027,787,11.6405421,0.251170602
103269.555170,-0.0113208799,0.0319028092,0.0448737462,0.0448737462,0.0075221976,785,6.03797019,0.251170602
103269.565200,-0.0181213505,0.0253875809,0.0438782655,0.0438782655,0.00734468101,787,14.841077,0.251170602
103269.575229,-0.0237888653,0.0295807723,0.0416795011,0.0416795011,0.00715771773,787,16.1279746,0.251170602
103269.585259,-0.0333979445,0.0403851495,0.046732587,0.046732587,0.00698038934,787,10.6762332,0.251170602
103269.595288,-0.0254675159,0.0310759526,0.0463590208,0.0463590208,0.00686872379,787,14.9432298,0.251170602
103269.605318,-0.00559246952,0.00614117428,0.0447445166,0.0447445166,0.00677892695,787,10.425457,0.251170602
103269.615347,-0.01047151,-0.00606520068,0.0458830089,0.0458830089,0.00657839227,787,13.2340805,0.251170602
103269.625376,-0.00737849908,-0.00847980848,0.0413356098,0.0413356098,0.00639007609,787,15.0247999,0.251170602
103269.635406,-0.0147717745,-0.0163243688,0.0435042367,0.0435042367,0.00610046674,787,12.5833291,0.251170602
103269.645435,-0.00645665124,-0.0270021221,0.0458507554,0.0458507554,0.00581842671,787,11.1742438,0.251170602
103269.655465,-0.00190367068,-0.00710839927,0.0438736227,0.0438736227,0.00569813315,787,12.1081659,0.251170602
103269.665494,0.00315884702,-0.0106661017,0.0452362821,0.0452362821,0.00560275695,787,10.406597,0.251170602
103269.675524,0.016558542,-0.0219514039,0.0429735354,0.0429735354,0.00557223121,787,11.2103527,0.251170602
103269.685553,0.0193491242,-0.0221067745,0.0447044807,0.0447044807,0.00559074577,787,15.354671,0.251170602
103269.695582,0.0238070211,-0.00818048703,0.0468825939,0.0468825939,0.00571954567,787,12.0536266,0.251170602
103269.705612,0.0249741652,-0.012569056,0.0485226828,0.0485226828,0.00585201482,787,10.9111826,0.251170602
103269.715641,0.0171148758,-0.0257903152,0.0527801102,0.0527801102,0.00588933046,785,7.01271381,0.250774514
103269.725671,0.0294706387,-0.0254126185,0.0464177452,0.0464177452,0.00607101999,787,11.4774634,0.250774514
103269.735700,0.0248659902,-0.0188090101,0.0521229131,0.0521229131,0.00622968744,787,8.88231815,0.250774514
103269.745730,0.0346750629,-0.0155810494,0.0456595761,0.0456595761,0.00649280007,787,14.6222238,0.250774514
103269.755759,0.034219876,-0.0295441996,0.040334423,0.040334423,0.00675825235,787,17.4702556,0.250774514
103269.765788,0.0278693525,-0.0281583627,0.0446709351,0.0446709351,0.00697254339,787,12.5716693,0.250774514
103269.775818,0.0259700789,-0.027104411,0.0458896781,0.0458896781,0.00717603579,785,6.35325818,0.250774514
103269.785847,0.0186765569,-0.0321619516,0.0496580729,0.0496580729,0.00732694693,787,11.8160578,0.250774514
103269.795877,0.0408358684,-0.0442673053,0.0449520649,0.0449520649,0.00773256907,787,10.4001233,0.250774514
103269.805906,0.0293835034,-0.0328813389,0.0460855582,0.0460855582,0.00800470509,787,12.0260253,0.250774514
103269.815936,0.0343298134,-0.0117091511,0.0439827345,0.0439827345,0.00825403319,787,12.1304115,0.250774514
103269.825965,0.0277454758,-0.0235765765,0.0430553658,0.0430553658,0.00847667318,787,11.3371731,0.250774514
103269.835994,0.0488749594,-0.0226774974,0.0451237638,0.0451237638,0.00888823976,787,11.6767173,0.250774514
103269.846024,0.0464290644,-0.0120552754,0.0470948036,0.0470948036,0.00923272252,785,7.48898758,0.250774514
103269.856053,0.0412215259,-0.00685825221,0.0465891223,0.0465891223,0.0095052888,787,13.4513299,0.250774514
103269.866083,0.0359959472,-0.0162045527,0.0471366265,0.0471366265,0.00975540381,787,12.140515,0.250774514
103269.876112,0.0256168086,-0.00570088452,0.047224711,0.047224711,0.00986967163,785,7.89201725,0.250774514
103269.886142,0.018966791,-0.010982471,0.046687457,0.046687457,0.00993768512,787,13.3439845,0.250774514
103269.896171,0.0171998937,-0.000229112843,0.0428114147,0.0428114147,0.00995235497,787,11.2486506,0.250774514
103269.906200,0.0234132937,-0.00351501626,0.0421492673,0.0421492673,0.0100354317,787,15.7871159,0.250774514
103269.916230,0.0145138479,-0.017079523,0.0463841152,0.0463841152,0.010078864,787,11.5273961,0.250774514
103269.926259,-0.00228652807,-0.025112468,0.0439942144,0.0439942144,0.00999784946,787,10.142555,0.250774514
103269.936289,0.00941032542,-0.0331228253,0.0438310922,0.0438310922,0.0100630706,787,14.5417517,0.250774514
103269.946318,0.0127480452,-0.00662142479,0.0477476524,0.0477476524,0.0100562485,787,10.0442043,0.250774514
103269.956348,0.0166639667,-0.0207496715,0.0441869397,0.0441869397,0.0101420595,787,11.975826,0.250774514
103269.966377,0.0194563914,-0.0245788395,0.04459757,0.04459757,0.0102690729,787,12.8809695,0.250774514
103269.976406,0.00559511232,-0.029690369,0.0433586458,0.0433586458,0.0102977702,787,10.3056978,0.250774514
103269.986436,0.00569525454,-0.0298495579,0.0473491172,0.0473491172,0.0103346126,787,13.620118,0.250774514
103269.996465,0.014696276,-0.0136255311,0.0434080059,0.0434080059,0.0103732317,787,15.0475324,0.250774514
103270.006495,0.0182590923,-0.0286303451,0.0450439876,0.0450439876,0.0105162589,787,10.7414379,0.250774514
103270.016524,0.00918648977,-0.0354487158,0.0480336165,0.0480336165,0.0106196159,787,8.51155853,0.250774514
103270.026554,0.0100162858,-0.051694748,0.0447453204,0.0447453204,0.0108262479,787,13.6381225,0.250774514
103270.036583,0.0174154076,-0.0511980574,0.043183323,0.043183323,0.0110992648,787,11.0382287,0.250774514
103270.046613,0.00558234759,-0.0445822454,0.0421491785,0.0421491785,0.0112461098,787,12.4717785,0.250774514
103270.056643,0.0024496375,-0.0425615149,0.0422241525,0.0422241525,0.0113645541,787,12.1889554,0.250774514
103270.066672,0.00568827828,-0.0368809726,0.0427821932,0.0427821932,0.0114759374,787,13.7591413,0.250774514
103270.076702,-0.0283920813,0.00978012018,0.0419003854,0.0419003854,0.0110312041,787,15.058367,0.251483844
103270.086731,-0.0494371976,0.00933675941,0.0467559319,0.0467559319,0.0104541319,787,10.4061862,0.251483844
103270.096761,-0.0443607165,0.0312182067,0.0440938728,0.0440938728,0.00977487969,787,12.5919128,0.251483844
103270.106790,-0.039388261,0.0315664208,0.0454242128,0.0454242128,0.00914131079,787,13.1644016,0.251483844
103270.116820,-0.0310162749,0.00622841701,0.0439643577,0.0439643577,0.0087614969,787,11.7875212,0.251483844
103270.126849,-0.0274877296,0.000221952786,0.0449427007,0.0449427007,0.00846262791,787,10.3097788,0.251483844
103270.136878,-0.0315706278,-0.00689189161,0.0444274391,0.0444274391,0.00820884202,787,14.0028816,0.251483844
103270.146908,0.0109358274,-0.00856928728,0.0413047845,0.0413047845,0.00822932373,787,12.1036398,0.251483844
103270.156937,0.0272872988,0.00434597761,0.0476026828,0.0476026828,0.00824948254,787,8.11650296,0.251483844
103270.166967,0.0139090447,-0.0177772583,0.0424713294,0.0424713294,0.0083592408,787,10.7454379,0.251547523
103270.176996,0.0197517777,-0.031482677,0.0439427615,0.0439427615,0.00860769957,787,12.3646422,0.251547523
103270.187026,0.0301090624,-0.0324390956,0.0475642101,0.0475642101,0.00892269399,787,10.1923373,0.251547523
103270.197055,0.017284803,-0.0480902483,0.0501440986,0.0501440986,0.00927351224,787,8.38647229,0.251547523
103270.207084,0.0317675329,-0.0370821848,0.0456802702,0.0456802702,0.009620751,787,14.6721026,0.251547523
103270.217114,0.0139201625,-0.0524584013,0.0469583346,0.0469583346,0.00997577387,785,8.10261315,0.251547523
103270.227143,0.0314987125,-0.0370153503,0.0475482108,0.0475482108,0.0103063988,787,13.0492897,0.251547523
103270.237173,0.0247339455,-0.0563564069,0.0463259976,0.0463259976,0.0107449817,787,15.6890768,0.251547523
103270.247202,0.024741604,-0.0610966635,0.0445040375,0.0445040375,0.0112151934,787,14.0816728,0.251547523
103270.257232,0.0262315653,-0.0564932783,0.0448095002,0.0448095002,0.0116490616,787,15.665299,0.251547523
103270.267261,0.0310956069,-0.0358257443,0.0422039928,0.0422039928,0.0119331657,787,15.2196911,0.251547523
103270.277290,0.02683489,-0.0449372324,0.0439412823,0.0439412823,0.0122623276,787,11.9679195,0.251547523
103270.287320,0.0319883391,-0.0347004956,0.0461180939,0.0461180939,0.012530388,787,11.1977882,0.251547523
103270.297349,0.0339359953,-0.0331264426,0.0413243932,0.0413243932,0.0127918693,787,10.9020498,0.251547523
103270.307379,0.0283418914,-0.0324297637,0.0437041215,0.0437041215,0.0130115539,787,10.3509116,0.251547523
103270.317408,0.0129689581,-0.0158012332,0.0428222859,0.0428222859,0.0130062596,787,13.9403064,0.251547523
103270.327438,-0.000377769859,-0.00852683094,0.0446418798,0.0446418798,0.0128669645,787,12.4158443,0.251547523
103270.337467,-0.0133765278,-0.0190909135,0.0441312631,0.0441312631,0.0127444841,787,14.6075891,0.251547523
103270.347496,-0.001203706,-0.0262240014,0.0415804864,0.0415804864,0.012752711,787,11.3884413,0.251547523
103270.357526,-0.00590385823,-0.0203831354,0.0430198979,0.0430198979,0.0126898001,787,14.5173846,0.251547523
103270.367555,-0.00500441452,-0.0170673054,0.0445328036,0.0445328036,0.0126072664,785,6.67493304,0.251658615
103270.377585,0.0017540064,-0.000479671058,0.0434137454,0.0434137454,0.0124224381,787,13.099315,0.251658615
103270.387614,0.00729413796,0.00303926916,0.0429561803,0.0429561803,0.0122404275,787,15.3088815,0.251913197
103270.397644,-0.000444800326,-0.00537290312,0.042629772,0.042629772,0.0120924242,787,9.3204971,0.251913197
103270.407673,0.0159089171,-0.0136114638,0.0454933054,0.0454933054,0.0121009572,787,10.2760262,0.251913197
103270.417703,0.00847032583,-0.0170920894,0.0425772046,0.0425772046,0.0120997444,787,14.9879027,0.251913197
103270.427732,0.00645872662,-0.00960442809,0.0427913831,0.0427913831,0.0120256372,787,16.1143407,0.251913197
103270.437761,0.0145453658,-0.0135212035,0.0448805091,0.0448805091,0.0120278799,787,13.5910182,0.251913197
103270.447791,0.00858876892,-0.0175537878,0.0431106923,0.0431106923,0.0120324965,787,12.9263533,0.251913197
103270.457820,0.00797842885,-0.0119746871,0.045984638,0.045984638,0.0119874063,787,11.0455907,0.251913197
103270.467850,0.00884083918,-0.0110004391,0.0441334706,0.0441334706,0.0119396177,787,13.2474354,0.251913197
103270.477879,0.00811270428,-0.00702164003,0.0460993619,0.0460993619,0.0118559363,787,8.8694799,0.251913197
103270.487909,-0.00351715666,0.00928830622,0.0421175962,0.0421175962,0.0115772747,787,15.0368004,0.251913197
103270.497938,-0.0101493427,0.0184736591,0.0457380823,0.0457380823,0.0111929434,787,9.62628914,0.251913197
103270.507967,-0.0205481182,0.0166381658,0.0459125553,0.0459125553,0.0107765957,787,10.0939661,0.251913197
103270.517997,-0.0389285716,0.00548901384,0.0446718231,0.0446718231,0.0103712376,787,8.41717948,0.251913197
103270.528026,-0.0281686868,0.0117712216,0.044638647,0.044638647,0.00998114215,787,11.8409715,0.251913197
103270.538056,-0.0320517979,0.0171982433,0.0445828051,0.0445828051,0.00953861918,787,8.96014756,0.251913197
103270.548085,-0.0330339387,0.0122814882,0.0450673876,0.0450673876,0.00915062029,787,9.84551101,0.251913197
103270.558115,-0.0349691517,0.00563943729,0.0448194167,0.0448194167,0.00883242477,787,16.4073236,0.252144033
103270.568144,-0.0447733789,-0.00701024937,0.0451352864,0.0451352864,0.00862144829,787,8.4360876,0.252144033
103270.578174,-0.0555095929,0.0111420514,0.0456659771,0.0456659771,0.00824844448,787,10.1255123,0.252144033
103270.588203,-0.0232639342,-0.000133861335,0.0471592678,0.0471592678,0.00808956304,785,8.02255689,0.252144033
103270.598232,-0.0171979282,-0.0137053418,0.0456560927,0.0456560927,0.00808399236,787,10.3149141,0.252144033
103270.608262,-0.0132638787,-0.0111988085,0.0436646108,0.0436646108,0.00806542217,787,15.5756246,0.252144033
103270.618291,-0.0148693137,0.00857935674,0.0429304795,0.0429304795,0.00785595489,787,11.090139,0.252144033
103270.628321,-0.00734260105,0.020007674,0.0431659134,0.0431659134,0.00754859444,787,15.3530388,0.251904985
103270.638350,-0.00581641332,0.02623352,0.0446768358,0.0446768358,0.00718818162,787,10.7979456,0.251904985
103270.648380,-0.00389510383,0.0222686965,0.0446349924,0.0446349924,0.00687547732,787,12.9514231,0.251904985
103270.658409,-0.00290195478,0.0187560566,0.0453939169,0.0453939169,0.00660424738,787,9.27311322,0.251904985
103270.668438,0.00632221447,0.0151625197,0.0461273374,0.0461273374,0.00638158895,787,9.7764439,0.251904985
103270.678468,-0.0066803983,0.0105470712,0.0489775736,0.0489775736,0.00619687115,787,9.02528843,0.251904985
103270.688497,-0.00632689489,-0.000570856348,0.0451351761,0.0451351761,0.00612598778,787,9.52072511,0.251904985
103270.698527,-0.0157457233,0.0121625703,0.0469334506,0.0469334506,0.00592906926,787,10.3193334,0.251904985
103270.708556,-0.00540219919,-0.00527654633,0.0412589019,0.0412589019,0.00591360717,787,21.1304811,0.251904985
103270.718586,0.00382744866,-0.0190800032,0.0411974069,0.0411974069,0.00603549006,787,9.46458556,0.251904985
103270.728615,0.0154358638,-0.0100735288,0.0493224726,0.0493224726,0.00607186292,785,8.05756491,0.251904985
103270.738645,0.0383164438,0.000622100114,0.0437983431,0.0437983431,0.00603963085,787,10.7370656,0.251904985
103270.748674,0.0430046359,-0.00138365245,0.0506288646,0.0506288646,0.00607974962,785,7.3984759,0.251904985
103270.758703,0.0589015793,-0.000362327405,0.0487979283,0.0487979283,0.00621935086,787,13.7514237,0.251904985
103270.768733,0.06039425,0.00321714024,0.0488390786,0.0488390786,0.00640982465,787,11.8299434,0.251904985
103270.778762,0.0630975603,0.00339283869,0.0480998774,0.0480998774,0.00668152975,787,14.9887088,0.251904985
103270.788792,0.0895410423,-0.0126125275,0.0459105924,0.0459105924,0.00730516274,787,15.2016442,0.251904985
103270.798821,0.0930669396,-0.0211256452,0.0474380801,0.0474380801,0.00804850388,787,12.1418636,0.251904985
103270.808851,0.100374732,-0.035786021,0.0448714242,0.0448714242,0.00894623887,787,13.5636351,0.251904985
103270.818880,0.085575853,-0.0322177036,0.0467048204,0.0467048204,0.00969643617,787,14.144692,0.251904985
103270.828910,0.0866577533,-0.0234567978,0.0493321764,0.0493321764,0.0104016661,787,9.51413689,0.251904985
103270.838939,0.0855759973,-0.0223994268,0.0458506536,0.0458506536,0.0110859948,787,12.4669233,0.251904985
103270.848968,0.0675468575,-0.0481755591,0.0503224969,0.0503224969,0.0117293269,787,11.6938266,0.251904985
103270.858998,0.0553490124,-0.0102505205,0.0441736616,0.0441736616,0.0120729866,787,13.6406752,0.251904985
103270.869027,0.057754781,-0.0134295598,0.0474114069,0.0474114069,0.0124484942,787,10.2121867,0.251904985
103270.879057,0.056752117,0.0123043779,0.0472533794,0.0472533794,0.0126978828,787,12.1967966,0.251904985
103270.889086,0.0542596928,0.00905371097,0.0429136869,0.0429136869,0.0129451225,787,11.5202254,0.251904985
103270.899116,0.068803621,0.00198091098,0.0458912224,0.0458912224,0.0133548795,787,10.9178411,0.251904985
103270.909145,0.0567910823,-0.00844428236,0.042760855,0.042760855,0.013691019,787,15.0866153,0.251904985
103270.919175,0.0514291998,-0.0118681718,0.0446819594,0.0446819594,0.0139851215,787,14.0719922,0.251904985
103270.929204,0.044777714,-0.00864709296,0.0456470559,0.0456470559,0.0142015164,787,14.0939369,0.251904985
103270.939233,0.0422628365,-0.0215514917,0.0428199289,0.0428199289,0.014436249,787,14.1483743,0.251904985
103270.949263,0.0267206176,-0.0366680588,0.0454977773,0.0454977773,0.0145800595,787,8.08575671,0.251904985
103270.959292,0.039902401,-0.0446687852,0.042513052,0.042513052,0.014875821,787,12.3371886,0.251904985
103270.969322,0.0193241554,-0.0422010771,0.0443745284,0.0443745284,0.0149768772,787,14.8830517,0.251904985
103270.979351,0.00582868363,-0.0369654051,0.045059669,0.045059669,0.0149413115,787,14.086552,0.251904985
103270.989381,-0.0141073363,-0.0225069541,0.0415069239,0.0415069239,0.0146741848,787,15.4107001,0.251904985
103270.999410,-0.0137687421,-0.00834879868,0.0440661214,0.0440661214,0.0143544605,787,12.6319118,0.252003023
103271.009439,-0.0260123837,0.00272355871,0.0432848384,0.0432848384,0.0138846831,787,11.7353176,0.252003023
103271.019469,-0.0354407821,0.0101248302,0.0471935826,0.0471935826,0.0133085551,787,9.55437182,0.252003023
103271.029498,-0.0458542764,0.021060754,0.0472163796,0.0472163796,0.0126024201,787,13.0328608,0.252003023
103271.039528,-0.0488095707,0.00782933768,0.0463076857,0.0463076857,0.011950123,787,12.6199605,0.252003023
103271.049557,-0.0515074191,0.00450962376,0.0458035953,0.0458035953,0.0113086197,787,14.0777629,0.252003023
103271.059587,-0.0470569674,-0.0293274231,0.0444331613,0.0444331613,0.0109093346,787,12.5075536,0.252003023
103271.069616,-0.0422348194,-0.0396717222,0.0449428427,0.0449428427,0.010649187,787,13.9674366,0.252003023
103271.079646,-0.0349547702,-0.058153029,0.0463970062,0.0463970062,0.0106108541,787,12.5830363,0.252003023
103271.089675,-0.0438703135,-0.0484592751,0.0460173149,0.0460173149,0.0104967356,787,14.156152,0.252003023
103271.099705,-0.0393721084,-0.0432937218,0.0460267453,0.0460267453,0.0104228581,787,11.2966652,0.252003023
103271.109734,-0.0367674837,-0.0326187788,0.0441255434,0.0441255434,0.010318165,787,13.2024508,0.252228667
103271.119763,-0.0302319255,-0.0240276505,0.0456891447,0.0456891447,0.010205384,787,9.87804137,0.252228667
103271.129793,0.00823437414,-0.0320386018,0.0443588679,0.0443588679,0.0103670503,787,12.2542057,0.252228667
103271.139822,0.0177715954,-0.000964590615,0.0452228875,0.0452228875,0.0103110823,787,10.9663961,0.252228667
103271.149852,0.0184814109,-0.00657571732,0.0483640945,0.0483640945,0.0103092407,787,9.22934217,0.252228667
103271.159881,0.0308552577,-0.0175370243,0.0440721228,0.0440721228,0.0104661752,787,9.70328636,0.252228667
103271.169911,0.0237489517,-0.00895318323,0.0445946917,0.0445946917,0.0105140698,787,12.2701186,0.252228667
103271.179940,0.0367157305,-0.0140283843,0.0426993943,0.0426993943,0.0106786691,787,12.3911165,0.252228667
103271.189970,0.0252499076,-0.0105374637,0.0493632053,0.0493632053,0.0107499251,785,7.97818303,0.252228667
103271.199999,0.0461504947,-0.0101058782,0.048213252,0.048213252,0.0109468297,787,10.2734079,0.252228667
103271.210028,0.0587149018,-0.024997873,0.04655096,0.04655096,0.0113414759,787,10.9077686,0.252228667
103271.220058,0.0682375938,-0.0319441188,0.044517837,0.044517837,0.0118507911,787,16.3310649,0.252228667
103271.230087,0.0680670143,-0.0297090977,0.0431900717,0.0431900717,0.0123416213,787,10.1816782,0.252228667
103271.240117,0.0757085354,-0.0202143479,0.0457393566,0.0457393566,0.0128205773,787,10.1350432,0.252228667
103271.250146,0.0886835214,-0.0222826885,0.0471887129,0.0471887129,0.0134126993,787,12.0000596,0.252228667
103271.260176,0.0759239901,-0.0308512092,0.0454960985,0.0454960985,0.0139647627,787,11.002931,0.252228667
103271.270205,0.0713176528,-0.0246468543,0.0476250022,0.0476250022,0.0144377439,787,9.15717896,0.252855197
103271.280235,0.0836247731,-0.016214971,0.0439560604,0.0439560604,0.0149535646,787,11.3520205,0.253695092
103271.290264,0.0756381918,-0.00977938018,0.0459495946,0.0459495946,0.0153692785,787,11.0989482,0.253695092
103271.300293,0.0700284489,-0.00856324277,0.0446515946,0.0446515946,0.0157337342,787,11.3292725,0.253695092
103271.310323,0.051513812,-0.021585661,0.0436453591,0.0436453591,0.0160142751,787,12.1475228,0.253695092
103271.320352,0.0603570318,-0.0261384683,0.0481727733,0.0481727733,0.0163873572,787,9.38445984,0.253695092
103271.330382,0.0716701874,-0.0352065106,0.0469254258,0.0469254258,0.0168955862,787,9.31647186,0.253695092
103271.340411,0.090078946,-0.0175069397,0.0497101666,0.0497101666,0.0174576564,787,10.1693213,0.253695092
103271.350441,0.112363197,-0.025845987,0.0502290641,0.0502290641,0.0182460925,787,10.759159,0.253695092
103271.360470,0.115414421,-0.0300401084,0.0593843406,0.0593843406,0.0190719721,785,10.4473471,0.253695092
103271.370500,0.119356569,-0.0357813592,0.0673079166,0.0673079166,0.0199473088,785,12.4636006,0.253695092
103271.380529,0.121916808,-0.0405491665,0.0743930588,0.0743930588,0.0208524124,785,13.624202,0.253695092
103271.390559,0.12289681,-0.0416873703,0.0808616911,0.0808616911,0.0217555044,785,9.68520985,0.253695092
103271.400588,0.12360541,-0.0407985532,0.0868505178,0.0868505178,0.0226447804,785,12.8548611,0.253695092
103271.410617,0.12307254,-0.0384979578,0.0924533636,0.0924533636,0.0235036063,785,8.4969241,0.253695092
103271.420647,0.122623183,-0.0360809387,0.0977371394,0.0977371394,0.0243331357,785,13.5482983,0.253695092
103271.430676,0.122301212,-0.0334143596,0.102750103,0.102750103,0.0251341647,785,10.6285677,0.253695092
103271.440706,0.123044623,-0.0317107177,0.107531073,0.107531073,0.0259211759,785,11.2111942,0.253695092
103271.450735,0.123501558,-0.0304402053,0.112108843,0.112108843,0.0266936314,785,11.1899856,0.253695092
103271.460765,0.123906174,-0.0295814254,0.116508225,0.116508225,0.0274531672,785,10.5642142,0.253695092
103271.470794,0.124157772,-0.0290058866,0.120747887,0.120747887,0.0284568272,785,9.77091791,0.253695092
103271.480824,0.127191161,-0.0729510961,0.0822374061,0.0822374061,0.0299067558,785,12.3137298,0.253695092
103271.490853,0.12980318,-0.0664950957,0.0703974483,0.0703974483,0.0313565165,787,13.3951362,0.253695092
103271.500883,0.128199886,-0.0655291774,0.0772007603,0.0772007603,0.0327885578,785,9.06847416,0.253695092
103271.510912,0.12685117,-0.0649356871,0.083451943,0.083451943,0.0342063097,785,9.61121247,0.253695092
103271.520941,0.0878403149,-0.054739579,0.0607532739,0.0607532739,0.0352290935,787,10.5311344,0.254103405
103271.530971,0.0802328855,-0.0304962779,0.0518269869,0.0518269869,0.0360862763,787,12.3504737,0.254103405
103271.541000,0.0762855231,-0.0252479674,0.0514339838,0.0514339838,0.0368867143,785,7.29603897,0.254103405
103271.551030,0.0386851638,0.00561460567,0.0455373155,0.0455373155,0.0372232797,787,10.8690801,0.254103405
103271.561059,0.0270324509,-0.00600893035,0.0470402129,0.0470402129,0.0374994858,787,10.7954376,0.254103405
103271.571089,0.0199547,0.00899966624,0.0526504887,0.0526504887,0.0376530776,785,6.49982268,0.254103405
103271.581118,-0.00391274109,0.0271221524,0.0480652852,0.0480652852,0.037519788,787,8.80750809,0.254103405
103271.591148,-0.0294383584,0.0143412577,0.0481337221,0.0481337221,0.0372008549,787,11.4788798,0.254103405
103271.601177,-0.0338667843,0.0252560149,0.0465353311,0.0465353311,0.0368002692,787,10.8609061,0.254103405
103271.611207,-0.0356539419,0.0319253847,0.0476250923,0.0476250923,0.036358889,787,10.9457444,0.254103405
103271.621236,-0.028941617,0.0334723646,0.0478122517,0.0478122517,0.0357273664,787,11.3435043,0.254103405
103271.631265,-0.0507807414,0.0416566396,0.0458154408,0.0458154408,0.034629189,787,12.0826184,0.254103405
103271.641295,-0.0515389921,0.0412904665,0.0557010327,0.0557010327,0.0335485753,785,8.06240898,0.254103405
103271.651324,-0.0695378944,0.00906398305,0.047124701,0.047124701,0.032434037,787,11.4358874,0.254103405
103271.661354,-0.0847126859,0.0140699119,0.0484500694,0.0484500694,0.0311855423,787,8.87108595,0.254103405
103271.671383,-0.086807959,0.00126096465,0.0487251716,0.0487251716,0.0299907428,787,10.7663821,0.254103405
103271.681413,-0.0676031787,0.00109443547,0.0449267521,0.0449267521,0.0289990564,787,11.8389808,0.254103405
103271.691442,-0.0585443154,0.013355639,0.0507777629,0.0507777629,0.0280645122,785,8.29976799,0.254103405
103271.701472,-0.0454873666,0.00817952072,0.0454776925,0.0454776925,0.0272869434,787,15.1105166,0.254103405
103271.711501,-0.0423011162,-0.00828620277,0.0481406722,0.0481406722,0.0266199848,787,8.87555835,0.254103405
103271.721531,-0.0370957776,-0.0169881877,0.0465419772,0.0465419772,0.0260528647,787,11.0491423,0.254103405
103271.731560,-0.035301109,0.00612659438,0.0444072829,0.0444072829,0.0254186397,787,11.8109734,0.254103405
103271.741590,-0.0654095165,0.0182492077,0.0457433493,0.0457433493,0.024479261,787,10.6240708,0.254103405
103271.751619,-0.0523787872,0.00472179351,0.0443778312,0.0443778312,0.0237341858,787,14.4254713,0.254103405
103271.761648,-0.0561820235,-0.00347217808,0.0467154799,0.0467154799,0.0230120519,787,9.23698995,0.254103405
103271.771678,-0.0353012267,0.0140415192,0.0452108871,0.0452108871,0.0224057493,787,12.8760429,0.254103405
103271.781707,-0.0375601113,0.0072105775,0.050677386,0.050677386,0.0218249699,785,6.67765804,0.254103405
103271.791737,-0.012613578,0.0127963251,0.0457161423,0.0457161423,0.0214431525,787,14.9202814,0.254103405
103271.801766,-0.00545492208,0.027589095,0.0438322019,0.0438322019,0.0210619941,787,14.8166814,0.254103405
103271.811796,0.0272638968,0.0226016412,0.0461273728,0.0461273728,0.0210030384,787,10.2017178,0.254103405
103271.821825,0.0406394125,0.0118806188,0.0438648348,0.0438648348,0.021118701,787,14.8526482,0.254103405
103271.831855,0.0720054888,-0.0105256481,0.0463771589,0.0463771589,0.0216096883,787,15.9210032,0.254522817
103271.841884,0.0873086092,-0.0156971542,0.0489029967,0.0489029967,0.0222527652,787,12.7436177,0.254522817
103271.851914,0.104723337,-0.0221814802,0.0525476566,0.0525476566,0.023069002,785,10.3304824,0.254522817
103271.861943,0.101456223,-0.0210722344,0.0515791306,0.0515791306,0.0238377478,787,10.0254514,0.254522817
103271.871972,0.0949894599,-0.000951741576,0.0460997874,0.0460997874,0.0244669389,787,13.4625625,0.254522817
103271.882002,0.0812242856,0.0226636047,0.0467434111,0.0467434111,0.024891012,787,11.5196675,0.254522817
103271.892031,0.0360111608,0.0345718279,0.0474895969,0.0474895969,0.024861899,787,9.65399757,0.254522817
103271.902061,-0.00515182416,0.057630489,0.0478821455,0.0478821455,0.0243997946,785,8.88057959,0.254522817
103271.912090,-0.0280412561,0.067710967,0.0531605507,0.0531605507,0.0237292546,787,11.8842835,0.254522817
103271.922120,-0.0287692483,0.0757963197,0.0618849595,0.0618849595,0.0230832458,785,11.3787233,0.254522817
103271.932149,-0.0285453036,0.0820234943,0.0695238463,0.0695238463,0.0224896316,785,7.23850985,0.254522817
103271.942179,-0.0272781459,0.084460761,0.0764048115,0.0764048115,0.021975041,785,12.3937871,0.254522817
103271.952208,-0.0261552594,0.0840400791,0.0827160055,0.0827160055,0.0215453681,785,10.8447301,0.254522817
103271.962238,-0.0256422615,0.0827141036,0.0885804241,0.0885804241,0.0211955854,785,8.45270735,0.254522817
103271.972267,-0.072890269,0.0703405245,0.0605682126,0.0605682126,0.0204433278,787,15.2979395,0.254522817
103271.982297,-0.0611700077,0.088556783,0.0599257434,0.0599257434,0.0199552458,787,10.9956542,0.254522817
103271.992326,-0.0643315658,0.079311895,0.0578000282,0.0578000282,0.0195265536,787,12.2939494,0.254522817
103272.002355,-0.0415283883,0.0379030229,0.0476201587,0.0476201587,0.019187825,787,11.271809,0.254522817
103272.012385,-0.0268027753,0.042176953,0.0477953506,0.0477953506,0.0190332912,787,9.42683898,0.254522817
103272.022414,-0.0232791463,0.0416198576,0.0426445848,0.0426445848,0.0189359924,787,15.5255808,0.254522817
103272.032444,-0.00467035553,0.0187976777,0.0485568102,0.0485568102,0.0188609642,787,11.0489694,0.254522817
103272.042473,0.0290673229,0.0165602522,0.0508047669,0.0508047669,0.0190313829,785,7.72228389,0.254522817
103272.052502,0.0324161375,0.0146257435,0.0598721672,0.0598721672,0.0192126739,785,7.55216804,0.254522817
103272.062531,0.0704512376,-0.00404220131,0.0535836254,0.0535836254,0.0195818286,787,11.3959749,0.254522817
103272.072561,0.0934688654,-0.0189044653,0.0516658995,0.0516658995,0.0200812517,787,12.1490607,0.255226704
103272.082590,0.101025798,-0.0344839929,0.0530874809,0.0530874809,0.0206131276,785,6.38122191,0.255226704
103272.092620,0.10282068,-0.0460895494,0.051433058,0.051433058,0.0211672055,787,10.8165113,0.255226704
103272.102649,0.0941197227,-0.0230873054,0.0472268843,0.0472268843,0.0217607114,787,10.4378841,0.255226704
103272.112679,0.0905586507,-0.0265468433,0.0485134851,0.0485134851,0.0223240851,787,13.2389864,0.255226704
103272.122708,0.09157785,-0.0562159012,0.0469885837,0.0469885837,0.0228437779,787,9.93498076,0.255226704
103272.132737,0.0915373229,-0.0710463725,0.0478918847,0.0478918847,0.0233772332,787,13.85324,0.255226704
103272.142767,0.0904968713,-0.0613787528,0.0476177138,0.0476177138,0.0239522825,787,16.4730971,0.255226704
103272.152796,0.095812229,-0.0365058566,0.0465641683,0.0465641683,0.0246142438,787,13.5372227,0.255301665
103272.162826,0.0766891357,-0.00470267806,0.0468221117,0.0468221117,0.0250982239,787,12.6376285,0.255301665
103272.172855,0.0734197664,-0.0145085075,0.0440606146,0.0440606146,0.025537482,787,9.42918869,0.255301665
103272.182885,0.0691684449,-0.0295492669,0.0461617311,0.0461617311,0.0259257761,787,10.3166885,0.255301665
103272.192914,0.0381073374,-0.0184768202,0.0450534703,0.0450534703,0.0260066337,787,10.8089213,0.255301665
103272.202944,0.0511038002,-0.0221381644,0.0475937379,0.0475937379,0.0262164024,787,10.6307701,0.255820099
103272.212973,0.0500630563,-0.0167778337,0.0465305082,0.0465305082,0.0264133305,787,11.5761205,0.255820099
103272.223003,0.0175869869,0.00168910588,0.0431029828,0.0431029828,0.0262834297,787,12.2856911,0.255820099
103272.233032,0.00696249528,0.016450165,0.0463085115,0.0463085115,0.0260491379,787,10.8476674,0.255820099
103272.243062,0.00038870849,0.00955405198,0.047050973,0.047050973,0.0257568481,787,8.88972444,0.256159365
103272.253091,-0.0297370875,0.0252746485,0.0443842058,0.0443842058,0.0251756139,787,16.2458424,0.256159365
103272.263120,-0.0320995746,0.0269496747,0.0454847195,0.0454847195,0.0245876198,787,9.86651109,0.256159365
103272.273150,-0.0444268088,0.0274643343,0.0435528784,0.0435528784,0.0238959785,787,12.362393,0.256159365
103272.283179,-0.032996317,0.0341692459,0.0462379933,0.0462379933,0.023341997,787,8.79953934,0.256159365
103272.293209,-0.017758481,0.0264967833,0.0466101142,0.0466101142,0.0229503673,787,9.3982289,0.256159365
103272.303238,-0.0109582591,0.023560867,0.0465462715,0.0465462715,0.0226356625,787,12.9824482,0.256159365
103272.313268,0.000535927115,0.0065427556,0.0467988281,0.0467988281,0.0224210283,787,11.6677445,0.256159365
103272.323297,-0.0149515132,0.00934755871,0.0455146813,0.0455146813,0.0220639977,787,9.65399736,0.256159365
103272.333327,-0.00992422175,-0.000752781253,0.045819071,0.045819071,0.0217495029,787,12.901817,0.256159365
103272.343356,-0.0057143727,0.0143441832,0.0443755459,0.0443755459,0.021504182,787,11.3993116,0.256159365
103272.353386,-0.00163032753,0.0103498967,0.0469094281,0.0469094281,0.0212988056,787,12.1793582,0.256159365
103272.363415,-0.0122179631,0.0120210724,0.0457508915,0.0457508915,0.0209989786,787,11.6909997,0.255167202
103272.373444,-0.0261260433,0.0185134479,0.046680802,0.046680802,0.0205854817,785,5.48627401,0.254394188
103272.383474,-0.0250690577,0.019652013,0.0463841422,0.0463841422,0.0201983396,787,13.1108138,0.254394188
103272.393503,-0.0129253903,0.0391931508,0.0433875558,0.0433875558,0.019991052,787,12.2159465,0.254394188
103272.403533,-0.0117273265,0.0358041679,0.0537213568,0.0537213568,0.019807106,785,4.81717128,0.254394188
103272.413562,-0.024485142,0.0322854029,0.0504122891,0.0504122891,0.0195130147,787,9.59721505,0.254394188
103272.423592,-0.0240347379,0.0225567975,0.0450525983,0.0450525983,0.0192087201,787,15.2875567,0.254394188
103272.433621,-0.0474539264,0.0450006323,0.0466315127,0.0466315127,0.0188108161,787,11.6248801,0.254394188
103272.443651,-0.0554252107,0.0477240504,0.0460338657,0.0460338657,0.0184161506,787,11.488045,0.254394188
103272.453680,-0.0549527936,0.0708077645,0.0479910008,0.0479910008,0.0182389493,787,12.7221442,0.254394188
103272.463710,-0.0654677477,0.0653579411,0.050105795,0.050105795,0.0180636037,787,10.1397667,0.254394188
103272.473739,-0.0648064627,0.0813645039,0.0543677581,0.0543677581,0.0181418981,787,12.1401594,0.254394188
103272.483769,-0.0681613595,0.0866385281,0.062925233,0.062925233,0.0183861262,785,9.66357314,0.254394188
103272.493798,-0.0831123463,0.0927493339,0.0611038423,0.0611038423,0.0187669818,785,9.74846938,0.254394188
103272.503827,-0.0959835298,0.105315542,0.0607925899,0.0607925899,0.0193865641,787,14.882548,0.254394188
103272.513857,-0.101160529,0.109748445,0.068553863,0.068553863,0.0201848673,785,13.2818745,0.254394188
103272.523886,-0.101345217,0.10943031,0.0755224014,0.0755224014,0.0210860142,785,14.4407085,0.254394188
103272.533916,-0.0960223478,0.104927014,0.081902045,0.081902045,0.0220070138,785,8.18132183,0.254394188
103272.543945,-0.0971319517,0.108927865,0.0878200939,0.0878200939,0.0230091536,785,7.06867528,0.254394188
103272.553975,-0.0992347919,0.116404745,0.0933654416,0.0933654416,0.0241119895,785,10.6655934,0.254394188
103272.564004,-0.10011294,0.121537072,0.0985999759,0.0985999759,0.0252766755,785,14.1632644,0.254394188
103272.574034,-0.0986413063,0.121803934,0.1035718,0.1035718,0.0264403365,785,10.4741654,0.253989658
103272.584063,-0.0883997444,0.106262165,0.0772792432,0.0772792432,0.0274194921,785,11.6904991,0.253989658
103272.594093,-0.106393561,0.0613138798,0.0532706313,0.0532706313,0.0280544107,787,10.815304,0.253989658
103272.604122,-0.0947433992,0.0239060163,0.049469394,0.049469394,0.0283265506,787,14.550787,0.253989658
103272.614152,-0.0658926974,-0.0088224789,0.0437395069,0.0437395069,0.0282064956,787,11.9674215,0.253989658
103272.624181,-0.0405130619,-0.0466119623,0.0453275669,0.0453275669,0.0276641106,787,13.3201732,0.253989658
103272.634211,0.00611068701,-0.053983661,0.046586838,0.046586838,0.0268499091,787,10.2558128,0.253989658
103272.644240,0.0335791033,-0.048897432,0.0445796148,0.0445796148,0.0259568663,787,14.1333629,0.253989658
103272.654269,0.0502227945,-0.0498371068,0.0458715933,0.0458715933,0.0249904643,787,12.6479539,0.253989658
103272.664299,0.0575376583,-0.0361887768,0.0475262611,0.0475262611,0.0241275112,785,8.1714659,0.253989658
103272.674328,0.072872634,-0.0298536087,0.0485779908,0.0485779908,0.0232768562,787,10.4482552,0.253989658
103272.684358,0.0771214222,-0.0507382564,0.0489986213,0.0489986213,0.0222598445,787,13.9146292,0.253989658
103272.694387,0.108966372,-0.0543912206,0.0467408822,0.0467408822,0.0211397727,787,15.690339,0.253989658
103272.704417,0.114186066,-0.0687917811,0.0492873601,0.0492873601,0.019960088,787,13.1397658,0.253989658
103272.714446,0.132528724,-0.0683627931,0.0506652244,0.0506652244,0.0188806341,785,10.8319518,0.253989658
103272.724476,0.134108252,-0.0748596038,0.0541879724,0.0541879724,0.0179512258,785,8.81303726,0.253989658
103272.734505,0.129809021,-0.0670220128,0.0560947301,0.0560947301,0.0173737796,785,9.84948733,0.253989658
103272.744535,0.128705973,-0.06407975,0.0515002748,0.0515002748,0.0171399551,787,12.1927682,0.253989658
103272.754564,0.116655952,-0.0544583428,0.0528695502,0.0528695502,0.0172299663,787,13.4924526,0.253989658
103272.764594,0.079681791,-0.0446901816,0.0480622539,0.0480622539,0.017343395,787,12.4174475,0.253310644
103272.774623,0.0507634136,-0.0298530919,0.0473372707,0.0473372707,0.0174219751,787,10.609162,0.253310644
103272.784652,0.0442730073,-0.0195149227,0.0456126785,0.0456126785,0.0175445952,787,10.3050356,0.253310644
103272.794682,0.0480879459,-0.00399601568,0.0455906826,0.0455906826,0.0177982039,787,8.59692885,0.253310644
103272.804711,0.00968338735,-0.0138733474,0.0433687242,0.0433687242,0.0176801301,787,18.4909785,0.253310644
103272.814741,-0.00905022543,0.016850817,0.0418420881,0.0418420881,0.0175549456,787,13.6250482,0.253310644
103272.824770,-0.0161739291,0.0125567228,0.0441911329,0.0441911329,0.0173559471,787,11.9928942,0.253310644
103272.834800,-0.0393893446,0.0163856745,0.0463635882,0.0463635882,0.0170010673,787,10.8234687,0.253310644
103272.844829,-0.0295257496,0.0185015105,0.0472369022,0.0472369022,0.0167631582,787,9.72928626,0.253310644
103272.854859,-0.0308188225,0.00682011574,0.0481548825,0.0481548825,0.0164622766,787,11.6952418,0.253310644
103272.864888,-0.0307493548,0.0190212061,0.0465021612,0.0465021612,0.0162639889,785,7.95378551,0.253605292
103272.874918,-0.0339582471,0.0146249685,0.0512369069,0.0512369069,0.0160394137,785,5.37351235,0.253605292
103272.884947,-0.0254610329,0.00667819524,0.0441567698,0.0441567698,0.0158323169,787,13.1660515,0.253605292
103272.894977,-0.0202411888,-0.0129762693,0.0462092332,0.0462092332,0.0155154198,787,11.62009,0.253605292
103272.905006,-0.0320106774,0.00877475735,0.0465420982,0.0465420982,0.0153167875,787,11.0833536,0.253605292
103272.915035,-0.00880388565,0.0137660841,0.0443142247,0.0443142247,0.015301283,787,10.9335186,0.253605292
103272.925065,-0.0182691499,0.00454638637,0.0447578138,0.0447578138,0.0151666333,787,13.0367913,0.253605292
103272.935094,-0.0133317603,-0.00490592484,0.043189889,0.043189889,0.0149813023,787,12.940872,0.253605292
103272.945124,0.0148320121,-0.0172073494,0.044397243,0.044397243,0.0148260875,787,14.4713527,0.253605292
103272.955153,0.0213758307,-0.0264601915,0.0461713086,0.0461713086,0.0146475481,787,11.9634968,0.253605292
103272.965183,0.0235435989,-0.0159803249,0.0429531539,0.0429531539,0.0145938214,787,14.07838,0.253605292
103272.975212,0.036967259,-0.040745431,0.0467194044,0.0467194044,0.0144920587,787,9.66882221,0.253605292
103272.985242,0.0563057486,-0.0379337805,0.047660965,0.047660965,0.0146539202,787,10.9383519,0.253605292
103272.995271,0.0712596481,-0.0261215006,0.0488672884,0.0488672884,0.0150942938,787,9.77664972,0.253605292
103273.005301,0.0700795946,-0.0218994369,0.0537523967,0.0537523967,0.0155913863,787,8.7176835,0.253605292
103273.015330,0.0539511666,-0.013639082,0.0465058204,0.0465058204,0.0159789968,787,9.88943693,0.253605292
103273.025360,0.0620877512,-0.0205999685,0.0453282623,0.0453282623,0.0164387563,787,14.7024104,0.253605292
103273.035389,0.0369922976,-0.00379209467,0.0415908814,0.0415908814,0.016685278,787,14.8146324,0.253605292
103273.045419,0.0447015949,0.00947587129,0.0454563864,0.0454563864,0.0170229231,787,10.9227989,0.253605292
103273.055449,0.0333688965,-0.00816811021,0.045827318,0.045827318,0.0172178138,787,13.7660349,0.253605292
103273.065478,0.0239426445,-0.00444426594,0.0433151626,0.0433151626,0.0173238818,787,13.2119942,0.253605292
103273.075508,0.0256839681,-0.0100009257,0.0464861375,0.0464861375,0.0174397345,787,10.5581584,0.253605292
103273.085537,0.0213605319,-0.0145171797,0.0437241988,0.0437241988,0.017509674,787,9.2570876,0.253605292
103273.095567,0.0130578114,-0.000816784103,0.0447124016,0.0447124016,0.0175097529,787,12.404474,0.253605292
103273.105596,0.00654940707,0.0012584534,0.0451539962,0.0451539962,0.0174476474,787,10.4714306,0.253605292
103273.115626,-0.00588228911,0.000733552953,0.0472294874,0.0472294874,0.0172645079,787,9.22568003,0.253605292
103273.125655,0.00559161608,-0.0121323825,0.0462305495,0.0462305495,0.0171884755,787,8.9141102,0.253605292
103273.135685,0.0131792378,0.0133886123,0.0450054905,0.0450054905,0.0172060836,785,7.71857175,0.253605292
103273.145714,0.01529167,0.0333349606,0.0440342371,0.0440342371,0.0172690096,787,13.6964286,0.253605292
103273.155744,0.0294655794,0.038686539,0.0438625843,0.0438625843,0.0174923889,787,12.1289468,0.253605292
103273.165773,0.0461319408,0.038066494,0.04504169,0.04504169,0.0178857169,787,13.2402068,0.253605292
103273.175803,0.0307826095,0.0398046678,0.0457232893,0.0457232893,0.0181404828,787,14.1799917,0.253605292
103273.185832,0.0244713631,0.0316253877,0.0430432408,0.0430432408,0.0183193528,787,13.0646842,0.253605292
103273.195862,0.0312894919,0.0466423445,0.0455742148,0.0455742148,0.0186142132,787,11.9351232,0.253605292
103273.205891,0.0296723567,0.0311626217,0.0443453637,0.0443453637,0.0188461802,787,9.47376069,0.253605292
103273.215920,0.019898944,0.0411377437,0.0444620798,0.0444620798,0.0190277186,787,16.3150663,0.253605292
103273.225950,0.0271345923,0.0576782739,0.0463813063,0.0463813063,0.0193517072,787,11.8406669,0.253605292
103273.235979,0.00829805046,0.0467041565,0.0462642616,0.0462642616,0.0194735009,787,9.19220284,0.253605292
103273.246009,0.00166847115,0.0729946018,0.0459901704,0.0459901704,0.0196911182,787,13.5687981,0.253605292
103273.256038,-0.0151176772,0.0759172933,0.0469457571,0.0469457571,0.0198314341,785,6.81277819,0.253605292
103273.266068,-0.0359394117,0.0923245854,0.0489665779,0.0489665779,0.0199817636,787,9.90774221,0.253605292
103273.276097,-0.0389008593,0.0744970211,0.0532425882,0.0532425882,0.020069301,787,12.5687022,0.253605292
103273.286127,-0.0525775964,0.0918138039,0.0484848179,0.0484848179,0.0202806911,787,14.2184677,0.253605292
103273.296156,-0.0403257176,0.094860086,0.0487993706,0.0487993706,0.0206708199,787,16.4606795,0.253605292
103273.306186,-0.0177302641,0.0541259708,0.0455074913,0.0455074913,0.0208633518,787,12.0091892,0.253605292
103273.316215,-0.0234941984,0.0407112729,0.045864252,0.045864252,0.0209251954,787,9.17938028,0.253605292
103273.326245,-0.00190800067,0.0179682176,0.0453932763,0.0453932763,0.0208827538,787,11.4533925,0.253605292
103273.336274,0.0177625632,0.00207891208,0.0448595924,0.0448595924,0.0207822495,787,11.1439235,0.253605292
103273.346303,0.0202197419,-0.00332962289,0.0475612245,0.0475612245,0.0206493924,787,8.94775266,0.253605292
103273.356333,0.0351795863,-0.0322541335,0.0450767609,0.0450767609,0.0203448871,787,12.6174075,0.253605292
103273.366362,0.0358100386,-0.0205683982,0.0466416848,0.0466416848,0.0201694435,787,11.3093649,0.253605292
103273.376392,0.0379694351,-0.0202433567,0.0503953004,0.0503953004,0.0200303858,787,11.6179658,0.253605292
103273.386421,0.0532370307,-0.0120782403,0.0444643637,0.0444643637,0.0200693616,787,14.0435606,0.253605292
103273.396451,0.0544104459,0.00051677408,0.0447346182,0.0447346182,0.0202350767,787,11.9716691,0.253605292
103273.406480,0.0591618681,0.00908297563,0.0464110537,0.0464110537,0.0205087427,787,10.8608163,0.253605292
103273.416510,0.051600709,-0.00487672473,0.0471195175,0.0471195175,0.0206418222,787,13.0875316,0.253605292
103273.426539,0.0401368479,-0.00672543205,0.0437767215,0.0437767215,0.0206929206,787,10.617565,0.253605292
103273.436569,0.0332031095,0.000663308801,0.0462212564,0.0462212564,0.0207498772,787,12.4607767,0.253605292
103273.446598,0.0165336986,0.00329695736,0.0453757309,0.0453757309,0.0207026184,787,12.4586004,0.253605292
103273.456628,0.0187116491,0.0101396356,0.0442461018,0.0442461018,0.0207169895,787,13.0270523,0.253605292
103273.466657,0.010838793,0.0178268785,0.0466346574,0.0466346574,0.0207218868,787,10.1279858,0.253605292
103273.476687,-0.0101755208,0.00190386314,0.044143339,0.044143339,0.0204685749,787,13.456546,0.253605292
103273.486716,-0.0108714366,0.00207994148,0.0440290477,0.0440290477,0.020217036,787,10.1272571,0.253605292
103273.496745,-0.00643325977,-0.0175708122,0.0444483664,0.0444483664,0.0198742873,787,12.4432498,0.253446541
103273.506775,0.0115896935,-0.0192339161,0.044914216,0.044914216,0.0196633269,787,9.25724,0.253446541
103273.516804,0.00946832539,-0.0247287496,0.0493155232,0.0493155232,0.0194121709,787,11.4592026,0.253446541
103273.526834,0.0180941469,-0.0317381298,0.0480726004,0.0480726004,0.0192010401,787,11.4178282,0.253446541
103273.536863,0.00772692137,-0.0342499946,0.0478968314,0.0478968314,0.0189111819,787,9.71940384,0.253446541
103273.546893,0.0280791748,-0.049600045,0.0461404981,0.0461404981,0.0187371592,787,12.5108081,0.253446541
103273.556922,0.0175397819,-0.0472490612,0.0442554411,0.0442554411,0.0185240198,787,8.79982926,0.253446541
103273.566952,0.0211492565,-0.0298612651,0.0481743319,0.0481743319,0.0184456827,787,9.3113189,0.253446541
103273.576981,0.0241499659,-0.0434497888,0.0423607556,0.0423607556,0.0183686196,787,14.7573985,0.252617321
103273.587011,0.0309699125,-0.021139444,0.0442161717,0.0442161717,0.018450102,787,13.4562132,0.252617321
103273.597040,0.0566737851,-0.0222798376,0.0469674848,0.0469674848,0.0187832626,787,11.0055875,0.252617321
103273.607070,0.0539173555,-0.0272129083,0.0437495756,0.0437495756,0.0190895316,787,12.1702133,0.252617321
103273.617099,0.0514156654,-0.0427713464,0.0497847622,0.0497847622,0.0193602174,787,11.0351013,0.252617321
103273.627129,0.056331586,-0.052248444,0.0441897116,0.0441897116,0.0196955227,787,10.2636224,0.252617321
103273.637158,0.0569798514,-0.0473180886,0.0471205654,0.0471205654,0.0200664329,787,10.521107,0.252617321
103273.647188,0.0455184411,-0.0398318656,0.0476027704,0.0476027704,0.0203399603,787,10.9439898,0.25259668
103273.657217,0.0477616803,-0.0330857848,0.0426738819,0.0426738819,0.0206412417,787,14.1218598,0.25259668
103273.667247,0.0444959285,-0.0293135746,0.0448603139,0.0448603139,0.020910479,787,13.9692032,0.25259668
103273.677276,0.0460000707,-0.0326831922,0.0453631051,0.0453631051,0.021199196,787,9.85465286,0.25259668
103273.687305,0.0136963767,-0.0345520123,0.0455199972,0.0455199972,0.0211776965,787,10.6096259,0.25259668
103273.697335,0.02815851,-0.0150969164,0.0444042638,0.0444042638,0.0212745879,787,15.3716094,0.25259668
103273.707364,0.0257632247,-0.026721924,0.0435334832,0.0435334832,0.0213672149,787,10.0412226,0.25259668
103273.717394,0.019326374,-0.0412786225,0.0425656972,0.0425656972,0.0214300378,787,13.0366506,0.25259668
103273.727423,0.0169674039,0.00653857206,0.0426673581,0.0426673581,0.0213754225,787,9.84329169,0.251742983
103273.737453,-0.00655310671,-0.0118815195,0.0419997269,0.0419997269,0.0211336749,787,13.1494826,0.252282822
103273.747482,0.0138156944,-0.00758685269,0.0452262238,0.0452262238,0.0210839937,787,12.6422565,0.252054111
103273.757512,0.00455535601,0.0155014551,0.0466946215,0.0466946215,0.0208977735,787,11.9954144,0.252054111
103273.767541,0.00675701403,0.0071632801,0.044116159,0.044116159,0.0207548353,787,15.9048133,0.252054111
103273.777571,0.000582171876,0.000411779667,0.0438658901,0.0438658901,0.020568557,787,11.2414766,0.252054111
103273.787600,0.0235505237,-0.00670035695,0.0478796757,0.0478796757,0.0206211251,787,12.9117851,0.252054111
103273.797630,0.0135759939,-0.00150184037,0.0430694782,0.0430694782,0.0205664364,787,14.6761214,0.252054111
103273.807659,0.0146668144,-0.00312171026,0.0467120642,0.0467120642,0.0205264841,787,11.2218261,0.252054111
103273.817689,0.0163164146,-0.00496374721,0.0477511292,0.0477511292,0.0205067964,787,8.95824803,0.251671295
103273.827718,0.00502492026,0.0109041339,0.0429603849,0.0429603849,0.020348436,787,11.8242632,0.251671295
103273.837748,-0.0200973648,0.00336536827,0.0443966779,0.0443966779,0.0199650153,787,13.3767512,0.251671295
103273.847777,-0.00484290935,0.00596321453,0.0435531977,0.0435531977,0.0197318688,787,12.0662076,0.251671295
103273.857807,-0.00380251313,-0.00135208864,0.0430969849,0.0430969849,0.0195265558,787,12.6354644,0.251671295
103273.867836,-0.0110450731,0.00598124514,0.0455711282,0.0455711282,0.0192421683,787,9.25119562,0.251671295
103273.877866,-0.0160795698,0.00348348089,0.0429791624,0.0429791624,0.0189191355,787,12.234681,0.251671295
103273.887895,-0.00795123752,0.00588945647,0.0466313901,0.0466313901,0.0186770182,787,10.7443407,0.251671295
103273.897924,0.00903289897,-0.0175241581,0.0418704817,0.0418704817,0.0186456384,787,10.8720372,0.251671295
103273.907954,0.00340349674,-0.0116924154,0.0454831212,0.0454831212,0.0185517907,787,10.8602666,0.251671295
103273.917983,0.00207035298,-0.0133114423,0.0502010108,0.0502010108,0.0184520468,785,7.6006198,0.251671295
103273.928013,0.0193835105,-0.0153195145,0.0432859467,0.0432859467,0.018526359,787,12.9228588,0.251671295
103273.938042,0.0136578465,-0.0243275862,0.0456047434,0.0456047434,0.0185688463,787,11.6402938,0.251671295
103273.948072,0.0150117456,-0.0298381003,0.0477480832,0.0477480832,0.0186441006,785,6.53983662,0.251671295
103273.958101,0.0279926082,-0.0232400637,0.0461960092,0.0461960092,0.0188258787,787,14.0132051,0.251671295
103273.968131,0.0436988111,-0.0422934527,0.0432812023,0.0432812023,0.0192143967,787,13.5032641,0.251671295
103273.978160,0.0496173661,-0.0191620439,0.0434711992,0.0434711992,0.0195764427,785,7.78708839,0.251671295
103273.988190,0.0348804597,-0.0229174924,0.0460501868,0.0460501868,0.0198083572,787,10.9527589,0.251671295
103273.998219,0.0205930178,-0.026810171,0.0417966255,0.0417966255,0.0199198842,787,16.873498,0.251671295
103274.008249,0.0222627645,-0.0152047856,0.0450578291,0.0450578291,0.0200040951,787,12.1185893,0.251671295
103274.018278,0.0256332447,-0.0165798524,0.0466000983,0.0466000983,0.0201227864,787,12.3731009,0.251671295
103274.028308,0.0175568195,-0.0106681528,0.0443183603,0.0443183603,0.0201437813,787,11.1396538,0.251671295
103274.038337,0.0248696426,0.00441308625,0.0454209228,0.0454209228,0.0201746497,787,11.3201391,0.251465303
103274.048367,0.033193739,-0.0243123652,0.0445577715,0.0445577715,0.0203873429,787,10.9414284,0.251465303
103274.058395,0.0352946074,-0.0282949424,0.0481648218,0.0481648218,0.0206311705,787,8.87419081,0.251465303
103274.068425,0.039075125,-0.0402901326,0.0467785841,0.0467785841,0.0209538975,787,15.0746178,0.251465303
103274.078454,0.0699291041,-0.0531866725,0.0451241314,0.0451241314,0.0216028006,787,15.1796147,0.251829835
103274.088484,0.0894033629,-0.057116491,0.0468282977,0.0468282977,0.0224308638,787,16.1686414,0.251829835
103274.098513,0.10795181,-0.0572302027,0.0477903379,0.0477903379,0.0234075588,785,8.75625445,0.251829835
103274.108543,0.107097461,-0.0637812784,0.0532384873,0.0532384873,0.0243865237,785,9.09226388,0.251829835
103274.118572,0.130695527,-0.0449991197,0.0485914923,0.0485914923,0.0254719675,787,12.4843641,0.251829835
103274.128602,0.137440955,-0.0302966946,0.0496917174,0.0496917174,0.0265369318,787,12.6643276,0.251829835
103274.138631,0.140065219,-0.0285114126,0.0504548176,0.0504548176,0.0276031514,787,10.9829766,0.251829835
103274.148661,0.14886919,-0.0330071557,0.0497142966,0.0497142966,0.0287507887,785,9.76034773,0.251829835
103274.158690,0.135061628,-0.0501496971,0.0508493061,0.0508493061,0.0298178683,787,11.1312103,0.251829835
103274.168720,0.132584803,-0.0502110302,0.0537830717,0.0537830717,0.0308419354,787,12.1056256,0.251829835
103274.178749,0.132183808,-0.0551796508,0.0523009385,0.0523009385,0.0318607908,787,9.33738498,0.251829835
103274.188779,0.11844851,-0.059228766,0.0501208863,0.0501208863,0.0327502633,787,9.39470812,0.251829835
103274.198808,0.086144792,-0.0224160486,0.0478765567,0.0478765567,0.0331901069,787,11.3663668,0.251829835
103274.208837,0.0859264525,-0.0187744534,0.0481684375,0.0481684375,0.033606529,787,12.0087459,0.251829835
103274.218867,0.10089079,-0.0267677378,0.0462674758,0.0462674758,0.034181497,787,12.8900749,0.251116331
103274.228896,0.103570095,-0.0122199266,0.0490045327,0.0490045327,0.0347185998,787,10.4384727,0.251440476
103274.238926,0.0824237938,-0.00691353374,0.0471047824,0.0471047824,0.035034876,787,19.0535823,0.251440476
103274.248955,0.0926778285,0.0217585881,0.0464882043,0.0464882043,0.0353473094,785,7.76450622,0.251440476
103274.258985,0.081251867,0.0344403039,0.0469117152,0.0469117152,0.0355187574,787,15.6758546,0.251440476
103274.269014,0.0646669142,0.00774506294,0.0453553903,0.0453553903,0.0356204858,787,9.84384077,0.251440476
103274.279044,0.0735124407,-0.00370631172,0.0460522266,0.0460522266,0.0358387748,787,13.8107473,0.251440476
103274.289073,0.0509360534,-0.0167941235,0.0478986222,0.0478986222,0.0358782496,787,9.49038357,0.251440476
103274.299103,0.0342468275,-0.00368209203,0.0438373558,0.0438373558,0.0357225689,787,14.9600881,0.251440476
103274.309132,0.0344828979,-0.0166925048,0.0468959288,0.0468959288,0.0356091685,787,8.71875339,0.251440476
103274.319162,0.00186837946,-0.0018818566,0.0427083579,0.0427083579,0.0351489079,787,9.7964166,0.251440476
103274.329191,-0.00638993939,-0.000243042496,0.045551231,0.045551231,0.0346153834,787,12.9634252,0.251440476
103274.339221,-0.039232943,0.00348892426,0.0472315295,0.0472315295,0.0337728422,787,11.5794477,0.251440476
103274.349250,-0.0510669153,0.0075841598,0.0454775473,0.0454775473,0.0328241794,787,9.98536703,0.251440476
103274.359280,-0.0261915557,0.0200657567,0.0448275196,0.0448275196,0.032091365,787,13.1376696,0.251440476
103274.369309,-0.0186255559,0.0167949858,0.0435122737,0.0435122737,0.0314541441,787,12.4422309,0.251440476
103274.379339,-0.0140952012,0.0293652683,0.0455076253,0.0455076253,0.0308380883,787,11.8757356,0.251440476
103274.389368,0.00115295492,-0.00430213916,0.0442006123,0.0442006123,0.0304713773,787,14.6709823,0.252239031
103274.399398,-0.0144210109,-0.00647516636,0.0442634811,0.0442634811,0.0299710357,785,6.58224284,0.252239031
103274.409427,0.00309140163,-0.0225830318,0.0491506625,0.0491506625,0.0296920176,787,11.2498489,0.252239031
103274.419457,-0.00358200617,-0.0126942851,0.0421348274,0.0421348274,0.0293287023,787,12.111414,0.252239031
103274.429486,0.0317573663,0.00652971953,0.04475966,0.04475966,0.0292481062,787,12.5785516,0.252239031
103274.439516,0.00698430904,0.0278514285,0.0435197669,0.0435197669,0.0288776493,787,12.1113183,0.252239031
103274.449545,-0.00151979977,0.0350257313,0.050579494,0.050579494,0.0284198976,785,6.98315786,0.252239031
103274.459575,-0.00613850439,-0.0147683209,0.0476458351,0.0476458351,0.0280582017,787,13.7907239,0.252239031
103274.469604,-0.0497046003,-0.0291537746,0.0456834693,0.0456834693,0.0273348393,787,10.6957113,0.252239031
103274.479634,-0.0557843725,-0.0277404165,0.0475521453,0.0475521453,0.0265753257,787,10.0166733,0.252239031
103274.489663,-0.0799145655,-0.0116115396,0.044871613,0.044871613,0.0255657321,787,14.7134171,0.252239031
103274.499693,-0.0785541909,-0.0145852995,0.0501973045,0.0501973045,0.0246089462,787,11.9883667,0.252239031
103274.509722,-0.0823751978,-0.00980969819,0.0486940441,0.0486940441,0.0236309645,787,12.5020836,0.252239031
103274.519752,-0.051610996,-0.00301933489,0.0478861596,0.0478861596,0.0229316728,787,9.01929965,0.252239031
103274.529781,-0.0452849129,-0.00762152785,0.0574157992,0.0574157992,0.0223266932,785,6.53554768,0.252239031
103274.539811,-0.00640278538,0.0153719997,0.0448897753,0.0448897753,0.0219827292,787,12.5177028,0.252239031
103274.549840,0.00784261147,0.00727708318,0.0454837984,0.0454837984,0.0218071746,787,9.4565481,0.252239031
103274.559870,0.0028748804,-0.0167068044,0.0490583826,0.0490583826,0.0216906606,785,7.73610702,0.252239031
103274.569899,0.0279627907,-0.0218662632,0.0448743257,0.0448743257,0.0218220989,787,11.2955264,0.252239031
103274.579929,0.0324832938,-0.0331571788,0.0499719927,0.0499719927,0.0220407369,787,11.478284,0.252239031
103274.589958,0.0332939117,-0.0480553988,0.0457474001,0.0457474001,0.022332315,787,11.84589,0.252239031
103274.599988,0.0495303805,-0.0483146461,0.0461676616,0.0461676616,0.0227650044,787,12.632495,0.252239031
103274.610017,0.0518816783,-0.0241134069,0.0467323118,0.0467323118,0.0230955402,787,11.0372775,0.252239031
103274.620047,0.0593440791,-0.0049181133,0.043815528,0.043815528,0.0233953278,787,14.9201734,0.252239031
103274.630076,0.0786365827,2.46772946e-07,0.0498803331,0.0498803331,0.0238419073,785,7.15588866,0.252231873
103274.640106,0.0673783801,-0.0174632231,0.0463064994,0.0463064994,0.0242613338,787,10.6413284,0.252606474
103274.650135,0.0825583299,-0.035885006,0.0467343118,0.0467343118,0.0248858573,787,13.4677912,0.252606474
103274.660165,0.0852147519,-0.0255856549,0.0481198177,0.0481198177,0.0254790053,787,11.5719106,0.253009085
103274.670194,0.0463623535,-0.0161464013,0.0490449145,0.0490449145,0.0256754467,787,9.78644456,0.253009085
103274.680224,0.0352721227,0.0204461539,0.0473654756,0.0473654756,0.0256225669,787,13.324849,0.253009085
103274.690253,0.0184591735,0.0469029798,0.0472232177,0.0472232177,0.0253280003,787,11.62942,0.253009085
103274.700283,0.0238682657,0.0537140743,0.0522697928,0.0522697928,0.02508476,785,7.96279273,0.253009085
103274.710312,0.0159552185,0.0827580661,0.0496659028,0.0496659028,0.0247161185,787,14.0164808,0.253009085
103274.720342,0.0172633266,0.0630935529,0.0452257897,0.0452257897,0.0244592666,787,12.384163,0.253009085
103274.730371,0.0185533782,0.0638466725,0.0513165072,0.0513165072,0.0242497397,787,9.3690092,0.253009085
103274.740401,0.0160703492,0.0473931699,0.0443687611,0.0443687611,0.0240735463,787,13.2060898,0.253061069
103274.750430,0.0139098357,0.0526920677,0.0455686849,0.0455686849,0.0238926798,787,12.8473734,0.253061069
103274.760460,0.0245066928,0.065824323,0.0454558511,0.0454558511,0.0238350353,787,9.4126617,0.253061069
103274.770489,0.0178665481,0.0623719642,0.0481423976,0.0481423976,0.0237470938,787,10.8985169,0.253061069
103274.780519,0.00647514589,0.0856534397,0.0515984625,0.0515984625,0.0235931973,785,7.02384399,0.253061069
103274.790548,0.00247349186,0.103676908,0.0471256486,0.0471256486,0.0234853308,787,14.3645652,0.253061069
103274.800578,-0.00172813541,0.117486137,0.0488643583,0.0488643583,0.0234533477,787,9.85231658,0.253061069
103274.810607,0.00403715683,0.119781653,0.0465631554,0.0465631554,0.0235856107,787,11.5082934,0.253204162
103274.820637,0.000960919703,0.120531684,0.0524398823,0.0524398823,0.0237877551,787,10.2208617,0.253204162
103274.830666,0.00170337262,0.113781131,0.053915722,0.053915722,0.0240519029,787,13.0482127,0.253204162
103274.840696,0.0036536531,0.087591078,0.0464286658,0.0464286658,0.0242623314,787,11.5619544,0.253204162
103274.850725,0.000968023369,0.080881417,0.046277972,0.046277972,0.0244478903,787,15.4221481,0.253204162
103274.860755,0.0296952273,0.0697003537,0.0491195495,0.0491195495,0.0248208389,785,7.04508763,0.253204162
103274.870784,0.0234451531,0.0476913412,0.0483748303,0.0483748303,0.0250158985,787,9.24315338,0.253204162
103274.880814,0.0382113671,0.0458990921,0.0474930459,0.0474930459,0.0253142904,787,12.5422877,0.253204162
103274.890843,0.0530554966,0.0183384465,0.0432724202,0.0432724202,0.0255568246,787,9.94848942,0.253204162
103274.900873,0.0574327886,0.0247357649,0.0450903943,0.0450903943,0.0258687542,787,10.075846,0.253204162
103274.910902,0.0581522245,0.00898429408,0.0455084172,0.0455084172,0.0260908185,787,8.73582882,0.253204162
103274.920932,0.0459471516,0.0401238431,0.048262163,0.048262163,0.0263919607,787,10.0317729,0.253204162
103274.930961,0.0285728602,0.0189362771,0.0489475123,0.0489475123,0.0264267785,787,10.4927458,0.253204162
103274.940991,-0.00188037779,0.0225104796,0.0426171829,0.0426171829,0.0262398673,787,11.9590481,0.253204162
103274.951020,-0.0123168157,0.0288181024,0.0449104067,0.0449104067,0.0260153037,787,13.7056714,0.253204162
103274.961050,-0.00687547704,0.0497575597,0.0461823667,0.0461823667,0.0259724681,785,5.83208298,0.253204162
103274.971079,-0.0111659359,0.0573502079,0.0461955203,0.0461955203,0.0259597731,787,13.9785025,0.253204162
103274.981109,-0.0205967009,0.0537595476,0.045364781,0.045364781,0.0258722549,787,12.2943249,0.253204162
103274.991138,-0.0156806973,0.0476474551,0.0458614661,0.0458614661,0.0257965321,785,7.32837809,0.253204162
103275.001168,-0.0161070324,0.0206377866,0.0442655259,0.0442655259,0.025540274,787,13.7802746,0.253204162
103275.011197,0.0132388896,0.0200895298,0.0430147436,0.0430147436,0.0254877081,787,13.0183082,0.253204162
103275.021227,0.0180888174,-0.00425707034,0.0440133035,0.0440133035,0.0252972077,787,11.0051316,0.253204162
103275.031256,0.0263347676,0.0081950426,0.046355777,0.046355777,0.025256111,787,11.4487923,0.253204162
103275.041286,0.0121047024,-0.012588127,0.0441930887,0.0441930887,0.024973942,787,15.740203,0.253204162
103275.051315,0.0221901459,-0.00866080983,0.0442868532,0.0442868532,0.0247979403,787,15.1245948,0.253204162
103275.061345,0.00260856499,0.00227754693,0.0439091538,0.0439091538,0.0245613549,787,10.0071639,0.253204162
103275.071374,0.00638221733,0.0220457856,0.046921622,0.046921622,0.0244905925,787,10.5104408,0.253204162
103275.081404,0.0253483573,0.0585152533,0.0445974013,0.0445974013,0.0248069813,787,10.0021794,0.253204162
103275.091434,0.0168761457,0.0596420669,0.0451469454,0.0451469454,0.0250712211,787,13.7729616,0.253204162
103275.101463,0.0149997488,0.067285931,0.0460209758,0.0460209758,0.0253790427,787,14.1429933,0.252817709
103275.111493,0.00761971076,0.0703089987,0.0439915337,0.0439915337,0.0256637574,787,10.788244,0.252817709
103275.121522,0.0101147231,0.0661744746,0.0456263543,0.0456263543,0.0259377585,787,11.3259287,0.252817709
103275.131552,0.0268546524,0.0367109974,0.0459732842,0.0459732842,0.0260912725,787,9.83303504,0.252817709
103275.141581,0.0206645735,0.00321109276,0.0476395734,0.0476395734,0.0259491406,787,11.648669,0.25317505
103275.151611,0.00572766421,-0.0242252048,0.0503355715,0.0503355715,0.0255105504,787,8.31415189,0.25317505
103275.161640,-0.012834368,0.011239456,0.0442320252,0.0442320252,0.0252285613,787,10.0119936,0.25317505
103275.171670,-0.0184117635,0.014472633,0.0469358795,0.0469358795,0.024944108,787,8.93464726,0.25317505
103275.181699,-0.0350944112,0.00187270512,0.0432444843,0.0432444843,0.0244705687,787,9.94091949,0.25378285
103275.191729,-0.0337225538,0.0173826712,0.0496676215,0.0496676215,0.0241430931,787,10.6833008,0.25378285
103275.201758,-0.0257045933,0.0302368162,0.053741411,0.053741411,0.0239813452,787,10.4803019,0.25378285
103275.211788,-0.0261523797,0.0440512056,0.051061525,0.051061525,0.0239457672,787,13.5180996,0.25378285
103275.221817,-0.0359144416,0.0749980973,0.0505856152,0.0505856152,0.0241421957,787,15.3428479,0.25378285
103275.231847,-0.0357713295,0.0774068854,0.0596871983,0.0596871983,0.0243912259,785,8.3989643,0.25378285
103275.241876,-0.0283927615,0.108124465,0.051973072,0.051973072,0.0249734848,787,15.0180301,0.25378285
103275.251906,-0.0198724501,0.0944900117,0.0493825299,0.0493825299,0.0254832432,787,14.8246292,0.25378285
103275.261935,-0.0028193989,0.079175401,0.0473380801,0.0473380801,0.0259170717,787,11.950925,0.25378285
103275.271965,0.00133118291,0.0639911261,0.0457803627,0.0457803627,0.0262208479,787,11.0253872,0.25378285
103275.281994,0.00832160688,0.0250286871,0.042949858,0.042949858,0.026181568,787,11.0103592,0.25378285
103275.292024,-0.00505141554,0.0326113952,0.0438736035,0.0438736035,0.0261704464,787,12.4152645,0.25378285
103275.302053,-0.0096042549,0.0244305103,0.0453605467,0.0453605467,0.0260706575,787,11.0976271,0.25378285
103275.312083,-0.0149300277,0.00428244266,0.0416727258,0.0416727258,0.0257699698,787,17.7628056,0.25378285
103275.322112,-0.0181992258,0.00180793044,0.046956773,0.046956773,0.0254441785,787,9.66053627,0.25378285
103275.332142,-0.00150171968,0.0200027683,0.0471998676,0.0471998676,0.0253449317,785,7.39980328,0.25378285
103275.342171,0.000656759107,0.0382974027,0.0493765484,0.0493765484,0.025426605,787,9.67479897,0.25378285
103275.352201,0.00696450287,0.001764301,0.0487938385,0.0487938385,0.0251795464,787,8.89563689,0.25378285
103275.362230,0.00521370676,-0.00247543994,0.0459798398,0.0459798398,0.0248927607,787,10.733476,0.25378285
103275.372260,0.0157016775,-0.0244020367,0.0462636486,0.0462636486,0.0244365634,787,12.8543865,0.25378285
103275.382289,0.0304435874,-0.0416389414,0.044380711,0.044380711,0.0238800344,787,9.22472429,0.25378285
103275.392319,0.0489826123,-0.0501363853,0.0441112156,0.0441112156,0.0233385137,787,16.6931499,0.253537772
103275.402348,0.0348351731,-0.0444162504,0.0457893238,0.0457893238,0.0228326695,787,11.708654,0.253537772
103275.412378,0.057508815,-0.0208423929,0.0442973748,0.0442973748,0.0226659841,787,12.318926,0.253537772
103275.422407,0.0455978359,-0.0301755092,0.0454429424,0.0454429424,0.0223949565,787,12.6690334,0.253537772
103275.432437,0.0307773738,-0.024146582,0.0423608286,0.0423608286,0.0221260181,787,12.2678001,0.253537772
103275.442466,-0.000901270205,-0.0227818428,0.0455560193,0.0455560193,0.0217144958,785,7.78020115,0.253537772
103275.452496,0.010971847,-0.00535487924,0.045689373,0.045689373,0.0215195898,787,10.3125328,0.253537772
103275.462526,0.00580311862,-0.0149373571,0.0458800083,0.0458800083,0.0212233935,787,10.5386537,0.253537772
103275.472555,0.000625214637,-0.00954693666,0.0465244075,0.0465244075,0.0209491672,787,9.75067691,0.253537772
103275.482585,0.0129676434,-0.0142687781,0.0445976081,0.0445976081,0.0207129532,787,15.4939232,0.253537772
103275.492614,-0.00527924447,-0.0204556903,0.0459466677,0.0459466677,0.0203293932,787,12.7236937,0.253537772
103275.502644,0.00633729885,-0.00348786652,0.043439234,0.043439234,0.0201560203,787,12.3831598,0.253477409
103275.512673,0.0155217019,-0.00172636259,0.0454647025,0.0454647025,0.0200550728,787,13.8165665,0.253477409
103275.522703,0.0105412039,0.00750250757,0.0471540501,0.0471540501,0.0199994069,787,10.4948683,0.253477409
103275.532732,0.00894964473,0.0209403576,0.044054484,0.044054484,0.0200400754,787,15.3412693,0.253477409
103275.542762,0.00707751298,0.01111893,0.0449951279,0.0449951279,0.0199921757,787,12.1490194,0.253477409
103275.552791,0.00950634278,0.0136962912,0.0495013234,0.0495013234,0.0199798578,787,11.5924016,0.253477409
103275.562821,0.0355830753,0.009990349,0.0468346544,0.0468346544,0.020096499,787,12.0776544,0.253339633
103275.572850,0.0448484687,0.00882345557,0.0458500635,0.0458500635,0.0202658449,787,15.1028825,0.253339633
103275.582880,0.0456125894,0.000244665726,0.0449972544,0.0449972544,0.0203831014,787,9.53794695,0.253339633
103275.592909,0.0513226201,7.25851748e-08,0.0435768575,0.0435768575,0.020547457,787,17.4547087,0.253339633
103275.602939,0.0485800919,0.00686184376,0.0431646601,0.0431646601,0.020748949,787,12.5648807,0.253339633
103275.612968,0.0732397672,-0.00524721432,0.0447600974,0.0447600974,0.0210585982,787,13.2095757,0.253339633
103275.622998,0.0571309184,-0.00940638463,0.0465830299,0.0465830299,0.0212379606,787,12.7754282,0.253339633
103275.633027,0.0659874897,-0.0156041707,0.0440625292,0.0440625292,0.0214667406,787,13.7731894,0.253339633
103275.643057,0.0848919631,-0.0115368329,0.0471294852,0.0471294852,0.021893649,787,15.1297304,0.253339633
103275.653086,0.0937318089,-0.0413026227,0.0487498907,0.0487498907,0.022275234,787,13.8693751,0.253339633
103275.663116,0.0889211066,-0.0254115515,0.0489169108,0.0489169108,0.0227270197,787,11.7058367,0.253339633
103275.673145,0.0795233906,-0.0370016943,0.053069394,0.053069394,0.0230722178,785,9.78635326,0.253339633
103275.683175,0.0933590987,-0.0306269766,0.0508656696,0.0508656696,0.0235926578,787,13.6084485,0.253339633
103275.693204,0.107396975,-0.0579583271,0.050594102,0.050594102,0.0241904527,787,13.5902266,0.253339633
103275.703234,0.108633171,-0.0554601891,0.0503804863,0.0503804863,0.0248456511,787,10.5502358,0.253339633
103275.713263,0.097146758,-0.0477164911,0.0511484027,0.0511484027,0.0254293642,787,10.5024841,0.253339633
103275.723293,0.0677413057,-0.0473491113,0.0488320376,0.0488320376,0.0257414915,787,15.461877,0.253339633
103275.733323,0.0681471867,-0.0205681642,0.0458878197,0.0458878197,0.0260959992,787,10.4112777,0.253339633
103275.743352,0.0517780601,-0.026327147,0.0449734692,0.0449734692,0.0262833029,787,13.6437042,0.253339633
103275.753382,0.0350286927,-0.0119049103,0.0434812925,0.0434812925,0.0263179891,787,12.3083459,0.253339633
103275.763411,0.0246218069,-0.00358506187,0.0460604849,0.0460604849,0.0262565447,787,8.72674234,0.253339633
103275.773441,0.0142779889,0.00569268019,0.0471116278,0.0471116278,0.0261012028,785,6.85603003,0.253339633
103275.783470,0.00105209317,0.0253403582,0.0459494298,0.0459494298,0.0258351177,787,10.7669565,0.253339633
103275.793500,-0.0170469048,0.00442790561,0.0424428891,0.0424428891,0.0253810873,787,18.8716839,0.253339633
103275.803529,-0.0162336319,0.0228112729,0.0413437763,0.0413437763,0.0249627522,787,15.7031328,0.253339633
103275.813559,0.000932784622,0.0271642481,0.0437921786,0.0437921786,0.0247296625,787,12.0534171,0.253339633
103275.823588,0.0374122428,0.0117412105,0.0431489444,0.0431489444,0.0248401743,787,12.1557735,0.253339633
103275.833618,0.0193840829,0.00404613457,0.0443198244,0.0443198244,0.0247629402,787,13.3446332,0.253339633
103275.843647,0.018732896,0.0175944716,0.0447029354,0.0447029354,0.0246995238,787,12.8031301,0.253339633
103275.853677,-0.0200615997,0.0103889333,0.0416071952,0.0416071952,0.0242510681,787,14.8565847,0.253339633
103275.863706,-0.0481626223,0.0161230274,0.0464211284,0.0464211284,0.0235499478,787,9.04056193,0.253339633
103275.873736,-0.0345974718,0.0146948269,0.0442515301,0.0442515301,0.0229953837,787,12.4032863,0.253339633
103275.883765,-0.0328282202,0.037520583,0.0445749337,0.0445749337,0.0225207891,787,14.6000033,0.253339633
103275.893795,-0.0371927212,0.0586006407,0.0453918371,0.0453918371,0.0220870291,787,14.7174779,0.253339633
103275.903824,-0.0407969189,0.0406480404,0.0453916964,0.0453916964,0.0216089518,787,12.6852816,0.253339633
103275.913854,-0.0205762032,0.0325132357,0.0451336402,0.0451336402,0.0213206436,787,11.6021078,0.253339633
103275.923883,-0.0201479649,0.014844655,0.0420834466,0.0420834466,0.0209882767,787,11.7458663,0.253279918
103275.933913,-0.0209750495,0.03144385,0.0461429765,0.0461429765,0.0207258072,787,9.2428319,0.253279918
103275.943942,-0.00771880622,0.0418597666,0.0511912795,0.0511912795,0.020645028,785,8.09002617,0.253279918
103275.953972,-0.00506097428,0.0515496358,0.0455505854,0.0455505854,0.0206524,787,11.2258848,0.253279918
103275.964001,-0.0177180688,0.059443519,0.0474609213,0.0474609213,0.0206198662,787,10.8092207,0.253279918
103275.974031,-0.0213080799,0.0397083801,0.0450804904,0.0450804904,0.0204805283,787,11.0677413,0.253279918
103275.984060,-0.00166262227,0.0180529982,0.0457259885,0.0457259885,0.0203869882,787,8.77776055,0.253279918
103275.994090,-0.00425938257,0.0367077766,0.044077219,0.044077219,0.020391391,787,16.342675,0.253279918
103276.004120,-0.00163693118,0.0431696078,0.0457068296,0.0457068296,0.0204669355,787,9.05164613,0.253279918
103276.014149,0.0178619633,0.0184580881,0.0462987483,0.0462987483,0.0205330862,787,8.76279857,0.253279918
103276.024179,-0.0117097547,0.0355767724,0.045752361,0.045752361,0.0204949896,787,10.7675091,0.253279918
103276.034208,-0.00528856425,0.0415272838,0.0463370725,0.0463370725,0.0205555762,787,11.1436952,0.253279918
103276.044238,-0.00509620675,0.0404235274,0.048352613,0.048352613,0.0206195577,787,9.35084581,0.253279918
103276.054267,-0.0169845408,0.04537854,0.046631995,0.046631995,0.0206526335,787,11.1647248,0.253279918
103276.064298,-0.0242515267,0.0537126596,0.0482296258,0.0482296258,0.0207244149,787,11.6916399,0.253803065
103276.074327,-0.0397016767,0.0767585756,0.0465020048,0.0465020048,0.0209262122,785,8.345771,0.253803065
103276.084357,-0.0334145819,0.0624488941,0.0508759824,0.0508759824,0.0210868443,785,8.33217823,0.253803065
103276.094386,-0.0146184684,0.044297899,0.0447782843,0.0447782843,0.0212033728,787,10.3345137,0.253803065
103276.104416,-0.0245143268,0.0164046844,0.0454096844,0.0454096844,0.0210391025,787,12.138853,0.253803065
103276.114445,-0.0325279756,0.00350289981,0.0476864295,0.0476864295,0.0207384212,787,10.2380449,0.253803065
103276.124475,-0.0445260773,0.0160785731,0.0431183775,0.0431183775,0.0205244192,787,11.005406,0.253803065
103276.134504,-0.0412978843,0.0312888004,0.0470467815,0.0470467815,0.020489602,787,10.9179741,0.253803065
103276.144534,-0.02073506,0.0418205747,0.0476507389,0.0476507389,0.0206353263,787,8.46664616,0.253803065
103276.154563,-0.0255729242,0.0319909627,0.0486615677,0.0486615677,0.020682921,787,8.85528473,0.253803065
103276.164593,-0.0138512755,0.0256366817,0.0502959832,0.0502959832,0.0207053167,787,8.93602036,0.253786159
103276.174622,-0.0209083712,0.015633125,0.0445701608,0.0445701608,0.020620407,787,12.4170083,0.253786159
103276.184652,-0.0117487597,0.0101339653,0.046857003,0.046857003,0.0205066039,787,11.0079772,0.253786159
103276.194681,-0.0121847084,-0.00146627442,0.0437519012,0.0437519012,0.0202839482,787,9.81866174,0.253786159
103276.204711,0.00607612293,-0.0126249795,0.0467373355,0.0467373355,0.0199911217,787,11.0897974,0.253786159
103276.214741,0.0297457533,-0.00819987882,0.0440163351,0.0440163351,0.0197963399,787,14.2830443,0.253786159
103276.224770,0.0264472555,-0.00417436507,0.0424997304,0.0424997304,0.0196460108,787,12.2769018,0.253786159
103276.234800,0.00818075664,0.00599612286,0.0452520411,0.0452520411,0.0195543001,787,10.7260685,0.253786159
103276.244829,-0.00207670314,0.00508770199,0.0460848039,0.0460848039,0.0194299025,787,9.43481135,0.253786159
103276.254859,0.0044781172,0.0303725794,0.0487813739,0.0487813739,0.0195649047,787,9.76456748,0.253786159
103276.264888,-0.00265241964,0.0498049284,0.0517360152,0.0517360152,0.0198657908,785,8.15036207,0.253786159
103276.274918,-0.0146046419,0.0451613538,0.0469777081,0.0469777081,0.0200932079,787,10.293988,0.253786159
103276.284947,-0.0256141394,0.0578621921,0.0515800977,0.0515800977,0.0204258424,785,8.4805065,0.253786159
103276.294977,-0.0470527367,0.0567846519,0.0494178447,0.0494178447,0.0207278909,787,15.7204321,0.253786159
103276.305006,-0.0412559656,0.0673626066,0.0487927503,0.0487927503,0.0211600661,787,11.2995488,0.253786159
103276.315036,-0.0685345458,0.0641341776,0.0479530029,0.0479530029,0.0215689189,787,9.45103403,0.25427409
103276.325065,-0.0670600079,0.0738008698,0.046441654,0.046441654,0.0221072608,787,12.0335737,0.254540373
103276.335095,-0.0680436173,0.0768521196,0.0562173623,0.0562173623,0.0227005464,785,7.25501937,0.254540373
103276.345124,-0.0448761867,0.0608739465,0.047086716,0.047086716,0.0231214352,787,11.9952316,0.255265812
103276.355154,-0.0259537508,0.0678789853,0.0480706011,0.0480706011,0.0235819235,787,11.0117407,0.255265812
103276.365183,-0.027110853,0.0455639236,0.0489095564,0.0489095564,0.0238207573,787,10.0439369,0.255265812
103276.375213,-0.0365309027,0.0436998405,0.0456414041,0.0456414041,0.0240571065,787,12.3796643,0.255265812
103276.385242,-0.032364437,0.0325110345,0.0497230685,0.0497230685,0.0241782671,785,7.25897495,0.255265812
103276.395272,-0.0269008013,0.0249203608,0.0453723901,0.0453723901,0.0242167299,787,11.895327,0.255294306
103276.405301,-0.0186152033,0.0400039094,0.0487121297,0.0487121297,0.0243823732,785,7.26967706,0.254013391
103276.415331,-0.0234890268,0.0220221492,0.0449181912,0.0449181912,0.0243853807,787,10.8859649,0.254013391
103276.425361,-0.0310745216,0.0100092221,0.0440472175,0.0440472175,0.0242960091,787,15.5549354,0.254013391
103276.435390,-0.0336424982,0.0201606491,0.0443173904,0.0443173904,0.0243167608,787,17.8396417,0.254013391
103276.445420,-0.0433512247,0.0259692911,0.0471588068,0.0471588068,0.024425841,787,10.3172593,0.254013391
103276.455449,-0.044396271,0.0239503442,0.047278314,0.047278314,0.0245255045,787,11.9449176,0.254013391
103276.465479,-0.0575780057,0.054236973,0.0483279833,0.0483279833,0.0249559758,787,13.3004264,0.254013391
103276.475508,-0.0647221014,0.057097621,0.049626497,0.049626497,0.0254389995,787,13.0449794,0.254013391
103276.485538,-0.0642665219,0.0647881192,0.0492398884,0.0492398884,0.0259897514,787,16.4691772,0.254013391
103276.495567,-0.064413014,0.0670858301,0.0466336484,0.0466336484,0.026557718,787,12.9071226,0.254013391
103276.505597,-0.0825007033,0.0610632842,0.0477285994,0.0477285994,0.0271460234,787,13.9624848,0.254013391
103276.515626,-0.101760076,0.052991414,0.0491332319,0.0491332319,0.0277565405,787,11.5814414,0.254013391
103276.525656,-0.0985393397,0.0398907243,0.047945041,0.047945041,0.0282519787,787,12.2369216,0.254013391
103276.535685,-0.098102312,0.0298216237,0.0479931748,0.0479931748,0.028675538,787,12.3175805,0.254013391
103276.545715,-0.0994742821,0.0274463642,0.047546894,0.047546894,0.0291034477,787,11.0977087,0.254013391
103276.555744,-0.102252449,0.0363762101,0.0499551854,0.0499551854,0.0296322456,787,10.8433795,0.254013391
103276.565774,-0.108335573,0.0201389616,0.0478438691,0.0478438691,0.0300834224,787,10.9628704,0.254013391
103276.575803,-0.104092077,0.00986353086,0.0476428445,0.0476428445,0.0304481473,787,11.3916532,0.254013391
103276.585833,-0.0873544328,0.00604339685,0.0496809789,0.0496809789,0.0306907082,787,11.4006268,0.254013391
103276.595862,-0.0874687347,0.00183143732,0.0492857902,0.0492857902,0.0309175377,787,12.0731578,0.254669432
103276.605892,-0.0852613478,-0.00957343579,0.0479054819,0.0479054819,0.0310654182,787,10.6512278,0.254669432
103276.615922,-0.0891327342,0.0140187314,0.045657445,0.045657445,0.0314129119,787,11.8718128,0.254669432
103276.625951,-0.0832448497,0.0223683666,0.0476550953,0.0476550953,0.0317739768,787,14.9267369,0.254669432
103276.635981,-0.0768634928,0.01653808,0.0531823302,0.0531823302,0.032049572,785,8.85295977,0.254669432
103276.646010,-0.0568401029,0.0212660954,0.0469922503,0.0469922503,0.0322014356,787,10.9006078,0.254669432
103276.656040,-0.0489907958,0.0278024187,0.0500620935,0.0500620935,0.0323318424,785,8.19667136,0.254669432
103276.666069,-0.0468458335,-0.00593753222,0.0440148061,0.0440148061,0.0322384121,787,12.3446809,0.254669432
103276.676099,-0.0335155889,-0.026746528,0.0467375932,0.0467375932,0.0319243789,787,11.0550094,0.254669432
103276.686128,-0.0372913367,-0.0413970361,0.0484935026,0.0484935026,0.0315714269,787,10.8965454,0.254669432
103276.696158,-0.0469669157,-0.0486531076,0.0473192072,0.0473192072,0.0312798907,787,15.2585021,0.254669432
103276.706187,-0.0345110548,-0.0473048994,0.0469857063,0.0469857063,0.0309180182,787,10.1132902,0.254669432
103276.716217,-0.0348888888,-0.044142136,0.0447162485,0.0447162485,0.0305987458,787,15.2240004,0.254669432
103276.726246,-0.00822255612,-0.0447925275,0.0468105332,0.0468105332,0.0300680542,787,9.29351567,0.254669432
103276.736276,0.000611976697,-0.0175604327,0.043809359,0.043809359,0.029605937,787,10.4716248,0.254669432
103276.746305,-0.00125156225,-0.0121628139,0.0457544547,0.0457544547,0.0291952085,787,12.1218893,0.254669432
103276.756335,-0.0108111242,-0.0277299143,0.0432962273,0.0432962273,0.0288063854,787,16.7347546,0.254669432
103276.766365,-0.0132197057,-0.024635159,0.0429934641,0.0429934641,0.0284646908,787,13.1922866,0.254669432
103276.776394,-0.0312136551,-0.0183334983,0.0459493427,0.0459493427,0.0283205769,787,11.3249872,0.254669432
103276.786424,-0.04694321,-0.00770993242,0.042529221,0.042529221,0.0283682377,787,12.4576004,0.254669432
103276.796453,-0.0355218556,0.00611587463,0.0461133225,0.0461133225,0.0283707375,787,10.5961628,0.254669432
103276.806483,-0.0287484384,0.00701120453,0.0476610422,0.0476610422,0.0283162269,787,9.80914896,0.254669432
103276.816512,-0.0207692144,0.00459694665,0.0464042111,0.0464042111,0.0281815671,787,13.2039992,0.254669432
103276.826542,-0.023036825,0.0212910342,0.0460092738,0.0460092738,0.0281362567,787,13.2857446,0.254669432
103276.836571,-0.0451022669,0.0198205963,0.0446678942,0.0446678942,0.0282843931,787,14.2049523,0.254724054
103276.846601,-0.0413944673,0.0273856,0.0455153596,0.0455153596,0.0284267917,787,8.71542781,0.254907683
103276.856630,-0.0255832606,0.0207944289,0.0441943092,0.0441943092,0.0283984057,787,14.2760785,0.254907683
103276.866660,-0.0339513712,0.00133964217,0.0427900718,0.0427900718,0.028366573,787,10.4022602,0.254907683
103276.876689,-0.0365606183,-0.00912987074,0.0457885299,0.0457885299,0.028318659,787,11.2016057,0.254907683
103276.886719,-0.0310163461,-0.0248028661,0.0442251119,0.0442251119,0.0281654551,787,11.5931511,0.254907683
103276.896748,-0.0472113027,-0.0144697915,0.0451697946,0.0451697946,0.0282072849,787,15.3120573,0.254644972
103276.906778,-0.0626509448,-0.00863044137,0.0465978237,0.0465978237,0.0284159111,787,11.5207784,0.254644972
103276.916808,-0.087890378,0.00432536041,0.0474054336,0.0474054336,0.0289017444,787,10.3902444,0.254644972
103276.926837,-0.105820656,0.0257927255,0.0483623242,0.0483623242,0.0296163854,787,15.3122669,0.254644972
103276.936867,-0.119097942,0.0400220595,0.0483124349,0.0483124349,0.0304863959,787,11.1110365,0.254644972
103276.946896,-0.128745963,0.0487635798,0.0577719186,0.0577719186,0.0314569431,785,7.92583289,0.254644972
103276.956926,-0.125011102,0.0628378258,0.0586104571,0.0586104571,0.0324199634,787,12.5205293,0.254644972
103276.966955,-0.110583929,0.060279347,0.053040316,0.053040316,0.0332234536,787,12.1483118,0.25538215
103276.976985,-0.0971766975,0.0378968273,0.0514277356,0.0514277356,0.0338125472,787,8.93233927,0.25538215
103276.987014,-0.0453685987,-0.00453761195,0.0441261499,0.0441261499,0.0337688683,787,10.732714,0.25538215
103276.997044,-0.0141553067,-0.0307032621,0.0443368243,0.0443368243,0.0333537085,787,13.9097072,0.25538215
103277.007073,0.00501945745,-0.0560922276,0.0471683454,0.0471683454,0.0326961305,787,10.7618203,0.25538215
103277.017103,0.0662346256,-0.0547915353,0.0455560365,0.0455560365,0.0314896154,787,12.1144152,0.25538215
103277.027132,0.0858992194,-0.0586696825,0.0478437976,0.0478437976,0.0301158812,787,13.5697051,0.25538215
103277.037162,0.112921978,-0.0669553167,0.0497153837,0.0497153837,0.0284970646,785,10.9567601,0.25538215
103277.047191,0.143287209,-0.0614685716,0.0511669521,0.0511669521,0.0266399819,787,13.8399766,0.25538215
103277.057221,0.146021691,-0.0638330509,0.0601807177,0.0601807177,0.0247921126,785,8.20977903,0.25538215
103277.067251,0.142044182,-0.0651446486,0.0599340612,0.0599340612,0.02302316,787,15.0073945,0.25538215
103277.077280,0.141570452,-0.0685374009,0.0677927842,0.0677927842,0.0212997363,785,9.77673299,0.25538215
103277.087310,0.153174019,-0.0303566043,0.0529793581,0.0529793581,0.0195640319,787,14.6002555,0.25538215
103277.097339,0.153903472,-0.0302544776,0.0564132548,0.0564132548,0.0178563373,785,9.73421697,0.25538215
103277.107369,0.137229862,-0.0342275314,0.0513931268,0.0513931268,0.0163417346,787,16.185198,0.25538215
103277.117398,0.143056086,-0.0504704598,0.0506393002,0.0506393002,0.0148009769,787,13.7601026,0.25538215
103277.127428,0.143038261,-0.0481967607,0.0548160176,0.0548160176,0.0133562145,785,9.9084768,0.255264474
103277.137457,0.125290152,-0.0424615571,0.0488724292,0.0488724292,0.0123339033,787,11.2335592,0.254840423
103277.147487,0.103534616,-0.0313937481,0.0531575292,0.0531575292,0.0121485859,787,11.1998631,0.254840423
103277.157516,0.085517419,-0.0353478204,0.0462586428,0.0462586428,0.0127179061,787,10.5914589,0.254840423
103277.167546,0.0833948725,-0.02581082,0.0469539924,0.0469539924,0.0133970787,787,12.3420883,0.254840423
103277.177576,0.0620371522,-0.0202705818,0.045657171,0.045657171,0.0139384331,787,15.337017,0.254840423
103277.187605,0.0385606641,-0.00331886597,0.0423751602,0.0423751602,0.0142034991,787,12.8317029,0.254840423
103277.197635,0.0213477205,0.0178575215,0.0455219897,0.0455219897,0.0142225271,787,10.3479322,0.254840423
103277.207664,0.0230875465,0.0142732482,0.0435166369,0.0435166369,0.0142930641,787,11.4296557,0.254840423
103277.217694,0.011277745,0.000678418482,0.0463611018,0.0463611018,0.0143259749,787,12.2623073,0.254840423
103277.227723,0.01210964,-0.00833219583,0.0466204197,0.0466204197,0.0144040493,787,11.4598011,0.254840423
103277.237753,0.0261634,-0.015743968,0.0433925171,0.0433925171,0.0146369031,787,15.7496927,0.254840423
103277.247782,0.0302173274,-0.0275360414,0.0451851501,0.0451851501,0.0149537465,787,13.9988552,0.254840423
103277.257812,0.0137849894,-0.0403364459,0.0444731702,0.0444731702,0.0151915775,787,9.63750513,0.254840423
103277.267841,0.0229915345,-0.0279673137,0.04679184,0.04679184,0.0154483392,787,12.6920162,0.254840423
103277.277871,0.00500053819,-0.0294055895,0.0441682005,0.0441682005,0.015566387,787,13.0306644,0.254840423
103277.287900,-0.0053158753,-0.0162228209,0.0469495392,0.0469495392,0.0155315847,787,9.66059914,0.254840423
103277.297930,-0.0302036735,0.0136308293,0.0476342408,0.0476342408,0.0151274156,787,12.0255302,0.254840423
103277.307960,-0.0351172869,0.0194722268,0.0483517833,0.0483517833,0.0146589246,787,11.7338277,0.254840423
103277.317989,-0.0512124832,0.00883251798,0.0491382187,0.0491382187,0.0141577966,787,10.7389294,0.254779293
103277.328019,-0.0399574043,-0.0101073265,0.0490091043,0.0490091043,0.0139097319,787,9.00374941,0.254779293
103277.338048,-0.041466121,0.00396717691,0.0435106361,0.0435106361,0.0135883588,787,14.8812379,0.254779293
103277.348078,-0.0402141878,-0.0213053539,0.0443325617,0.0443325617,0.0135508973,787,14.1702804,0.254779293
103277.358107,-0.024168573,-0.0128278129,0.0441707515,0.0441707515,0.0135474966,787,13.6464065,0.254779293
103277.368137,0.0104769284,-0.0247670729,0.0446807955,0.0446807955,0.0137603117,787,14.785258,0.254779293
103277.378166,0.0208884535,-0.018918935,0.046648547,0.046648547,0.0139454508,787,10.3282472,0.254779293
103277.388196,0.0182160303,-0.0367468426,0.0439084307,0.0439084307,0.0142884028,787,12.0240723,0.254779293
103277.398225,0.0210196456,-0.0301113368,0.0437488681,0.0437488681,0.0145740858,787,15.3539441,0.254779293
103277.408255,-0.000308593682,-0.0179385058,0.0421293154,0.0421293154,0.0146684905,787,14.186998,0.254779293
103277.418285,-0.022357579,0.000434540195,0.0433953621,0.0433953621,0.0145233523,787,13.975981,0.254779293
103277.428314,-0.0076155191,-0.00882192244,0.0458155358,0.0458155358,0.0145175688,785,6.08617136,0.254779293
103277.438344,-0.0250874287,0.0111827671,0.0451812315,0.0451812315,0.0142851175,787,10.4531957,0.254779293
103277.448373,-0.0487441541,0.0252225494,0.0460179255,0.0460179255,0.0139135756,787,10.6101665,0.254779293
103277.458403,-0.0355715107,0.0432210767,0.0448911862,0.0448911862,0.0134360484,787,9.54462492,0.253887543
103277.468432,-0.0270576462,0.027219802,0.0471438327,0.0471438327,0.0131635445,787,8.77643301,0.253887543
103277.478462,-0.0242241768,0.0207083642,0.0433172997,0.0433172997,0.0129940556,787,12.59642,0.253887543
103277.488491,-0.0224570993,0.022327838,0.0457443175,0.0457443175,0.012850198,787,12.4540373,0.253887543
103277.498521,-0.0305315363,0.00679601253,0.0461481869,0.0461481869,0.0129278398,787,11.0802439,0.254019933
103277.508550,-0.0280970893,0.00520579568,0.0429855371,0.0429855371,0.0130382883,787,13.4017453,0.254019933
103277.518580,-0.025619766,0.00786222016,0.0488178922,0.0488178922,0.0131379536,787,11.0810897,0.254019933
103277.528610,-0.0159255865,-0.000949145124,0.0445579319,0.0445579319,0.0132276103,787,12.1159597,0.254019933
103277.538639,-0.0264169851,-0.0139165675,0.0448226809,0.0448226809,0.0134756652,787,12.5932727,0.254019933
103277.548669,-0.0175889241,0.0142361657,0.0463154025,0.0463154025,0.0134994331,787,11.2679205,0.254019933
103277.558698,-0.0375570412,0.0154255426,0.0441378192,0.0441378192,0.0137149793,787,9.73561714,0.254019933
103277.568728,-0.0482142395,0.0249463623,0.0496265597,0.0496265597,0.0140313035,785,8.28088438,0.254019933
103277.578757,-0.0497193418,0.0385418938,0.0467984401,0.0467984401,0.014382251,787,11.4576027,0.254019933
103277.588787,-0.0494042986,0.0377035168,0.0522833173,0.0522833173,0.0147804084,785,8.84436733,0.254019933
103277.598816,-0.0710573571,0.0512753558,0.0513909283,0.0513909283,0.0154336148,787,11.8586031,0.254019933
103277.608846,-0.0805235852,0.0496945694,0.0483176676,0.0483176676,0.0162042986,787,9.21925056,0.254019933
103277.618875,-0.0786863288,0.0475116279,0.0577762643,0.0577762643,0.0169588908,785,5.82278815,0.254019933
103277.628905,-0.0522007752,0.0199100845,0.0503120687,0.0503120687,0.0173880848,787,11.9766864,0.254019933
103277.638935,-0.022793483,0.000581084075,0.0498518482,0.0498518482,0.0174817974,787,9.90183832,0.254019933
103277.648964,-0.000740223441,-0.0189612267,0.0477184034,0.0477184034,0.0173194901,787,10.8825802,0.254019933
103277.658994,0.032695096,-0.042143192,0.0446692474,0.0446692474,0.0168027743,787,15.6664189,0.254019933
103277.669023,0.0387386166,-0.0495617435,0.0460873245,0.0460873245,0.0162535889,787,12.3980108,0.254019933
103277.679053,0.0611893487,-0.0407849634,0.0452139388,0.0452139388,0.0155340876,787,12.4774364,0.254019933
103277.689082,0.0500695061,-0.0416476877,0.0477267002,0.0477267002,0.0149753745,787,10.5316895,0.254019933
103277.699112,0.0411853097,-0.050129174,0.047553704,0.047553704,0.0145874634,787,10.8397258,0.254019933
103277.709141,0.0277577799,-0.0348455069,0.0443713782,0.0443713782,0.0143647541,787,9.68968155,0.254019933
103277.719171,0.0254932388,-0.0203760492,0.0463341658,0.0463341658,0.014152518,787,12.2239207,0.254019933
103277.729200,0.0101072619,-0.0275403027,0.0416726916,0.0416726916,0.0141376014,787,18.5111737,0.254019933
103277.739230,0.0148126654,-0.0382333546,0.044146936,0.044146936,0.0141776694,787,13.566567,0.254019933
103277.749260,0.00895594399,-0.0226325335,0.0432181627,0.0432181627,0.0141968933,787,12.5727918,0.254019933
103277.759289,0.0153283581,-0.00550495438,0.0431733643,0.0431733643,0.0140658837,787,14.4935495,0.254019933
103277.769319,0.00756324694,0.0223599378,0.0441817965,0.0441817965,0.0137980642,787,15.0019326,0.254019933
103277.779348,-0.0233648655,0.030192502,0.0419429357,0.0419429357,0.0137283127,787,13.1531296,0.254019933
103277.789378,-0.0257096295,0.0580559475,0.0434899474,0.0434899474,0.0136164614,787,17.2105836,0.254019933
103277.799407,-0.0277274198,0.0633798441,0.0427511733,0.0427511733,0.0136694441,787,15.1812403,0.254019933
103277.809437,-0.0150019782,0.0401659208,0.046738771,0.046738771,0.0137441028,787,10.4841005,0.254019933
103277.819466,-0.0111343731,0.0333791671,0.0564621797,0.0564621797,0.0138267329,785,7.68061628,0.254019933
103277.829496,-5.18167313e-05,0.00454706806,0.0526093666,0.0526093666,0.0137789526,787,8.60626135,0.254019933
103277.839525,-0.00330853547,0.00413919444,0.0475095933,0.0475095933,0.0137637109,787,10.4039851,0.254019933
103277.849555,0.0101314448,-0.00561973355,0.0433164178,0.0433164178,0.0136029043,787,13.0420543,0.254019933
103277.859585,0.0151742596,0.00362279815,0.0462178132,0.0462178132,0.0134111692,787,10.1081419,0.254019933
103277.869614,0.0116397466,-0.00051849171,0.0460047118,0.0460047118,0.0132510142,787,14.3578114,0.254019933
103277.879644,0.00849691489,0.0227291263,0.0453218569,0.0453218569,0.0131794096,787,9.03413963,0.254019933
103277.889673,0.00147311125,0.0205152472,0.0468838506,0.0468838506,0.0131911176,787,13.3131077,0.254019933
103277.899703,-0.0216809384,0.0422268917,0.0449573645,0.0449573645,0.0135214763,787,13.3391349,0.254019933
103277.909732,-0.0278243589,0.0648009508,0.0505769341,0.0505769341,0.0140519579,785,8.02876193,0.254019933
103277.919762,-0.0333512583,0.0844246483,0.0535427606,0.0535427606,0.0147848101,787,14.6437741,0.254019933
103277.929791,-0.029390907,0.104901098,0.0565609369,0.0565609369,0.0156696821,785,10.31022,0.254019933
103277.939821,-0.0180106971,0.10373597,0.0522799677,0.0522799677,0.0165058729,787,14.2849632,0.254019933
103277.949851,-0.00895169498,0.114454252,0.0485559102,0.0485559102,0.017407125,787,11.8314292,0.254019933
103277.959880,-0.000432997639,0.110680342,0.0483421604,0.0483421604,0.0182566245,787,15.551326,0.254019933
103277.969910,0.00917836323,0.0909919022,0.0478125462,0.0478125462,0.0189035123,787,14.2112525,0.253638766
103277.979939,0.0298194288,0.0961604314,0.0451702285,0.0451702285,0.0195454213,787,12.2489211,0.253362178
103277.989969,0.0333995197,0.0926780719,0.0480089471,0.0480089471,0.0201705613,787,9.30605434,0.253362178
103277.999998,0.0530641155,0.0730111451,0.0432444615,0.0432444615,0.020591049,787,15.1910392,0.253362178
103278.010028,0.0442493718,0.0806718186,0.0496946986,0.0496946986,0.0211297264,785,8.45731539,0.253362178
103278.020057,0.0409207658,0.0653872984,0.051061519,0.051061519,0.0215368873,787,8.77058296,0.253362178
103278.030087,0.0490041529,0.0571381705,0.0473689878,0.0473689878,0.0218722764,785,7.62262111,0.253362178
103278.040116,0.0379622532,0.0503048453,0.0473783285,0.0473783285,0.0221539792,787,14.1902481,0.253362178
103278.050146,0.0357515642,0.0541752561,0.0450315667,0.0450315667,0.0224792195,787,12.7307506,0.253362178
103278.060175,0.0385078408,0.0450666727,0.0482614671,0.0482614671,0.0227201986,787,10.5919448,0.254143696
103278.070204,0.0637438989,0.0158252417,0.045505969,0.045505969,0.0227104628,787,13.6272349,0.254143696
103278.080234,0.0628974613,0.0187111774,0.0498191046,0.0498191046,0.0227585825,785,6.53204074,0.254143696
103278.090263,0.0662625741,0.0151766171,0.0522521371,0.0522521371,0.0228080104,785,7.78574905,0.254143696
103278.100293,0.0730835973,-0.0191330543,0.0455981273,0.0455981273,0.0225832586,787,13.0388339,0.254143696
103278.110322,0.0777789416,-0.0377626619,0.0519983668,0.0519983668,0.0222567176,787,9.09863518,0.254143696
103278.120352,0.0817851418,-0.0353014127,0.0491324633,0.0491324633,0.0220400777,787,9.03525114,0.254143696
103278.130381,0.0589998236,-0.0488957658,0.0493686614,0.0493686614,0.021669732,787,11.8200868,0.254143696
103278.140411,0.0573457181,-0.0528234955,0.0492159973,0.0492159973,0.0213178338,787,10.8978692,0.254143696
103278.150440,0.0451962159,-0.0425702089,0.0475444149,0.0475444149,0.0210354089,787,11.190628,0.254143696
103278.160470,0.0584286722,-0.0458627115,0.0466354634,0.0466354634,0.020857457,787,12.3000346,0.254143696
103278.170500,0.0228234178,-0.0579378318,0.0453889904,0.0453889904,0.0204044864,787,15.064051,0.254143696
103278.180529,0.0372504518,-0.057626798,0.0507614581,0.0507614581,0.0201034948,787,10.2251828,0.254143696
103278.190559,0.0191171815,-0.0691721589,0.0464874332,0.0464874332,0.0196472363,787,10.7776578,0.254143696
103278.200588,0.014455011,-0.104362854,0.0456817316,0.0456817316,0.0190336147,787,11.7235191,0.254143696
103278.210618,-0.00422928949,-0.108624811,0.0481941538,0.0481941538,0.0183627241,787,11.1080044,0.254143696
103278.220647,-0.00665176292,-0.113168327,0.047190551,0.047190551,0.0178000397,787,11.0854443,0.254143696
103278.230677,-0.00631975509,-0.129645406,0.0520169524,0.0520169524,0.0174079666,785,7.54421497,0.254143696
103278.240706,-0.00485880653,-0.124859692,0.0539024107,0.0539024107,0.0172841304,785,6.19789536,0.254143696
103278.250736,0.000961291794,-0.111159868,0.0479058606,0.0479058606,0.0174139471,787,9.96968278,0.254143696
103278.260765,-0.00353211968,-0.088880107,0.0515953784,0.0515953784,0.0175757566,787,11.4439667,0.254143696
103278.270795,-0.00611397239,-0.0564074884,0.047679967,0.047679967,0.0176491996,785,7.67252556,0.254143696
103278.280825,-0.0150385336,-0.0180323208,0.0466703352,0.0466703352,0.01748254,787,13.4449407,0.254143696
103278.290854,-0.0274553851,-0.0230843956,0.0463802619,0.0463802619,0.0172544842,787,11.5475744,0.254143696
103278.300884,-0.0234690339,-0.0207752608,0.0492963819,0.0492963819,0.0170667398,787,12.8602124,0.254409525
103278.310913,-0.0415578377,-0.0476478301,0.0481926783,0.0481926783,0.0169434521,787,10.9309419,0.254409525
103278.320943,-0.029285421,-0.0459461246,0.0488879317,0.0488879317,0.0169544067,785,7.59603866,0.254409525
103278.330972,-0.0166285722,-0.0561543436,0.0528384261,0.0528384261,0.0171648991,785,7.55626748,0.254409525
103278.341002,-0.000207675377,-0.0684540452,0.0513148775,0.0513148775,0.0175954775,787,12.3091825,0.254409525
103278.351031,0.00287401468,-0.0698886271,0.0603057024,0.0603057024,0.0180661304,785,10.8231322,0.254409525
103278.361061,0.00527093689,-0.0665539373,0.0681223265,0.0681223265,0.0185246376,785,12.121214,0.254409525
103278.371090,0.0385132851,-0.0827962397,0.0639367191,0.0639367191,0.0192740023,787,12.7907908,0.254409525
103278.381120,0.0573302277,-0.0715225671,0.0532251298,0.0532251298,0.0199985135,787,13.0656123,0.254409525
103278.391150,0.0401140469,-0.0359975358,0.0535444022,0.0535444022,0.0203242606,785,7.33390737,0.254409525
103278.401179,0.0272043455,-0.0167856882,0.05426919,0.05426919,0.0204192942,787,10.487579,0.254409525
103278.411209,-0.00266048518,0.0128775819,0.0488341677,0.0488341677,0.0201127629,787,14.4410973,0.254409525
103278.421238,0.013176461,0.0512406392,0.0468852243,0.0468852243,0.0195779391,787,15.2844795,0.254409525
103278.431268,0.0100694396,0.0376687513,0.0527106471,0.0527106471,0.0191613297,785,7.87921271,0.254409525
103278.441297,0.0084504662,0.0025260464,0.0446545114,0.0446545114,0.0190302078,787,13.9897951,0.254409525
103278.451327,0.00951804432,-0.00199752126,0.0457961895,0.0457961895,0.0189444188,787,9.91681467,0.254409525
103278.461356,0.00621545911,-0.0127002445,0.0501249025,0.0501249025,0.0189256287,785,7.92726372,0.254409525
103278.471386,0.0101336776,-0.0275726005,0.0449579963,0.0449579963,0.0190481401,787,9.07572389,0.254409525
103278.481415,0.0209644574,-0.0286800216,0.0464456281,0.0464456281,0.0192398964,787,11.3514186,0.254409525
103278.491445,0.0339554514,-0.0180713513,0.0476973067,0.0476973067,0.0194200025,787,9.38240537,0.254409525
103278.501474,0.0399681817,-0.00787532822,0.0475406207,0.0475406207,0.0195579299,787,10.4201825,0.254409525
103278.511504,0.0562091753,-0.0105708264,0.0470373534,0.0470373534,0.0198255986,787,11.5905122,0.254409525
103278.521534,0.0548122414,-0.018191748,0.0449304364,0.0449304364,0.0201470584,787,10.6135959,0.254795669
103278.531563,0.0499842089,-0.0203339219,0.0479443448,0.0479443448,0.0204520871,787,11.3367588,0.254795669
103278.541593,0.0515762997,-0.0137565033,0.0428726133,0.0428726133,0.0207220884,787,14.4376751,0.254795669
103278.551622,0.0485313356,-0.00390414337,0.0468084526,0.0468084526,0.020906122,787,15.2463883,0.254795669
103278.561652,0.0494411239,-0.00639345682,0.0492309492,0.0492309492,0.0211180403,787,9.0176999,0.254795669
103278.571681,0.0450948478,-0.0447851406,0.0457837674,0.0457837674,0.0215431472,787,8.55828234,0.254795669
103278.581711,0.0578632529,-0.0562684734,0.0473630742,0.0473630742,0.0221289459,787,11.2065897,0.254795669
103278.591740,0.0572943635,-0.0762734197,0.0435592603,0.0435592603,0.0228300491,787,17.43028,0.254795669
103278.601770,0.0494771858,-0.0730307342,0.0482064929,0.0482064929,0.0234422167,787,9.64748048,0.254795669
103278.611799,0.0469902024,-0.0585329909,0.0467187691,0.0467187691,0.0239291657,787,13.6302033,0.254795669
103278.621829,0.0288784972,-0.028138018,0.0432405567,0.0432405567,0.0240720697,787,11.0581662,0.254795669
103278.631858,0.00838365608,-0.0212334842,0.0452801072,0.0452801072,0.0240196544,787,9.91881495,0.254795669
103278.641888,0.0015866134,0.0146910432,0.0420251761,0.0420251761,0.0236758513,787,12.397857,0.254795669
103278.651918,0.00968688595,0.0163420045,0.0432986545,0.0432986545,0.0233873604,787,15.9278279,0.254795669
103278.661947,0.01756587,0.0227994569,0.0460174672,0.0460174672,0.0231232814,787,10.7700947,0.254795669
103278.671977,-0.0249119816,-0.00475600389,0.0460055287,0.0460055287,0.0227339219,785,7.61702375,0.254795669
103278.682006,-0.0160862172,-0.0206312235,0.0448169627,0.0448169627,0.0225259316,787,13.1571046,0.254795669
103278.692036,0.00617486767,-0.0408015715,0.0446430964,0.0446430964,0.0226228499,787,12.8186167,0.254795669
103278.702065,-0.0123693333,-0.055179894,0.0462229407,0.0462229407,0.02269991,787,10.8458348,0.254795669
103278.712095,-0.00762055911,-0.0433184001,0.0437130943,0.0437130943,0.0227362931,787,12.9787047,0.254795669
103278.722124,-0.0273831184,-0.0339615072,0.0492586042,0.0492586042,0.0225873573,787,10.9443326,0.254795669
103278.732154,-0.0346222181,-0.0246915674,0.0500890402,0.0500890402,0.0223410961,787,12.8684666,0.254795669
103278.742183,-0.0029568659,-0.0208748235,0.0451193956,0.0451193956,0.0222660501,787,11.8169319,0.254795669
103278.752213,0.00736607846,-0.0234929811,0.0462795994,0.0462795994,0.022274544,787,12.0331859,0.254795669
103278.762242,0.0221416777,-0.00130231539,0.0442459064,0.0442459064,0.022192909,787,10.4962158,0.254795669
103278.772272,0.0275969582,-0.00277971368,0.0452107447,0.0452107447,0.0221596991,787,9.59235774,0.254795669
103278.782301,0.0280359358,0.00247916163,0.0519058029,0.0519058029,0.0220931787,785,7.9754876,0.254795669
103278.792331,0.035361702,0.0189460233,0.0448406521,0.0448406521,0.0219568015,787,11.0400623,0.254383247
103278.802361,0.0469412171,0.020958591,0.047231789,0.047231789,0.0219005437,787,10.0573115,0.254383247
103278.812390,0.0460790023,0.0263920845,0.044334701,0.044334701,0.0218233935,787,12.7968448,0.254383247
103278.822420,0.0446152423,0.0168648913,0.0475136101,0.0475136101,0.0218221451,787,9.67172956,0.254383247
103278.832449,0.031601957,-0.0247722427,0.0461110609,0.0461110609,0.0220042104,787,12.1939837,0.254383247
103278.842479,0.0601545145,-0.0344383723,0.045191188,0.045191188,0.0224571292,787,9.63658003,0.254383247
103278.852508,0.0666582415,-0.0299028998,0.0463379711,0.0463379711,0.0229230778,787,11.318511,0.254383247
103278.862538,0.0548965856,-0.0296147055,0.0430561321,0.0430561321,0.0232913165,787,15.6446744,0.254383247
103278.872567,0.0581975549,-0.0363518763,0.0467620582,0.0467620582,0.0237200798,787,10.7219945,0.254383247
103278.882597,0.0633728163,-0.0446477551,0.0473896197,0.0473896197,0.0242315297,787,12.6633537,0.254383247
103278.892626,0.0753624843,-0.0428698904,0.0460896977,0.0460896977,0.024814922,787,10.1550592,0.254383247
103278.902656,0.0694341844,-0.0409319246,0.0517065881,0.0517065881,0.0253301839,785,5.67189899,0.254383247
103278.912685,0.0605051676,-0.0424570921,0.0513682799,0.0513682799,0.0257751989,785,5.14924751,0.254383247
103278.922715,0.064699641,-0.0464852388,0.0469645595,0.0469645595,0.0262683823,787,11.8737239,0.254383247
103278.932744,0.0587350738,-0.0393736466,0.0471392498,0.0471392498,0.0266628595,787,11.915793,0.254237876
103278.942774,0.0508226071,-0.0370609386,0.0482023585,0.0482023585,0.0269739538,785,7.82636426,0.254237876
103278.952803,0.0402820501,-0.0237647463,0.0474169001,0.0474169001,0.027117445,787,8.9271153,0.254237876
103278.962833,0.0230860048,-0.00385149507,0.0439424009,0.0439424009,0.0270057298,787,12.7857973,0.254237876
103278.972862,0.0170585903,0.0110019336,0.0439794997,0.0439794997,0.0267630635,787,10.0401877,0.254237876
103278.982892,0.00598499385,-0.00635703637,0.046233036,0.046233036,0.0265381426,787,9.82742214,0.254237876
103278.992921,-0.001338579,-0.0156846252,0.0452102673,0.0452102673,0.0263138186,787,13.0105434,0.254237876
103279.002951,-0.0198238334,-0.00168534422,0.0455914142,0.0455914142,0.0258670326,787,11.6748266,0.254237876
103279.012980,-0.0129912194,0.0093239585,0.0427857525,0.0427857525,0.0254182515,787,14.8337783,0.254237876
103279.023010,-0.0222444205,0.000824315367,0.0462434897,0.0462434897,0.0249563827,787,11.5649107,0.254237876
103279.033040,-0.00791211389,0.0223040461,0.0458981996,0.0458981996,0.0244880629,787,14.2073211,0.254237876
103279.043069,-0.0125070687,0.0138764212,0.0442835881,0.0442835881,0.0240433459,787,12.5224758,0.254237876
103279.053099,-0.0166430074,0.00917442283,0.0437789203,0.0437789203,0.0236025258,787,13.2727561,0.254237876
103279.063128,-0.0154452058,0.00961266675,0.0440357589,0.0440357589,0.023177283,785,7.73506023,0.254237876
103279.073158,-0.0194359736,0.0110531233,0.0447847951,0.0447847951,0.0227205386,787,11.1663454,0.254237876
103279.083187,-0.0387792485,0.0151875797,0.0431156262,0.0431156262,0.0220972356,787,12.1490755,0.254237876
103279.093217,-0.0357899813,0.0229739157,0.044915711,0.044915711,0.0214632149,787,10.3526258,0.254237876
103279.103246,-0.0168190062,0.00653831338,0.0438814991,0.0438814991,0.0210883591,787,13.4007468,0.254237876
103279.113276,-0.00502261783,0.0120867456,0.0434632461,0.0434632461,0.0207786177,787,12.3721416,0.254441793
103279.123305,-0.0064471189,-0.00162294416,0.0482500313,0.0482500313,0.0205469185,785,7.2925475,0.254441793
103279.133335,0.00241638759,0.00292931826,0.0401449553,0.0401449553,0.020360894,787,12.7126867,0.254441793
103279.143364,0.0162667599,0.00645315494,0.0444200488,0.0444200488,0.0202659919,787,12.8184969,0.254441793
103279.153394,0.029340077,-0.0117870973,0.0458824132,0.0458824132,0.0203850466,787,11.2372033,0.254441793
103279.163423,0.0334297356,-0.00860157777,0.0444989179,0.0444989179,0.0205166549,787,8.78189857,0.254441793
103279.173453,0.0339675177,-0.0208833451,0.0422774603,0.0422774603,0.0207213351,787,15.3416106,0.254441793
103279.183482,0.0372423728,-0.024347222,0.0413326503,0.0413326503,0.020968022,787,12.097832,0.254441793
103279.193512,0.0250661054,-0.0302784289,0.0414528498,0.0414528498,0.0211466561,787,16.68376,0.254441793
103279.203541,0.0394876843,-0.0367092862,0.0459945914,0.0459945914,0.0214743012,787,11.2220671,0.254441793
103279.213571,0.0355420796,-0.0399865099,0.04256469,0.04256469,0.0217841327,787,13.2310225,0.254441793
103279.223600,0.0467614563,-0.0301098828,0.0447051742,0.0447051742,0.0221182601,787,12.6734479,0.254441793
103279.233630,0.0589464153,-0.0367772678,0.0417297104,0.0417297104,0.0225812881,787,14.0060642,0.254441793
103279.243659,0.0632940234,-0.0495604762,0.0435783452,0.0435783452,0.0231443697,787,14.3523576,0.254441793
103279.253689,0.0615351466,-0.0499616904,0.0428615199,0.0428615199,0.0236849555,787,16.2403954,0.254153311
103279.263718,0.0634912488,-0.0584972803,0.0408067359,0.0408067359,0.0242807758,787,18.5957678,0.254153311
103279.273748,0.0525791481,-0.0587403742,0.0419258484,0.0419258484,0.0247818701,787,19.1193831,0.254153311
103279.283778,0.0660978114,-0.0468024791,0.0419349393,0.0419349393,0.0253072704,787,11.1606466,0.254153311
103279.293807,0.0709746669,-0.0588319028,0.0437095321,0.0437095321,0.0259324862,787,16.0892747,0.254153311
103279.303837,0.0828545511,-0.060371687,0.0451838595,0.0451838595,0.0266472083,787,16.2456548,0.254153311
103279.313866,0.0990257163,-0.0739599111,0.0430288413,0.0430288413,0.0275553211,787,22.015503,0.254153311
103279.323896,0.118690387,-0.0823070271,0.0462093652,0.0462093652,0.0286491416,787,15.265233,0.253963057
103279.333925,0.127061979,-0.0893207723,0.0458337754,0.0458337754,0.029828826,787,15.9660283,0.25354972
103279.343955,0.123431451,-0.0901403348,0.0485783095,0.0485783095,0.030961932,787,15.9199362,0.25354972
103279.353984,0.122600521,-0.0863499384,0.0496926851,0.0496926851,0.0320437424,787,16.4500199,0.253839773
103279.364014,0.112100809,-0.0722417021,0.0480717246,0.0480717246,0.0329387677,787,13.2047039,0.253839773
103279.374043,0.118099017,-0.050954864,0.0483065169,0.0483065169,0.0337404616,787,18.0087851,0.253081001
103279.384073,0.0974889117,-0.0155786924,0.0448193432,0.0448193432,0.034164161,787,16.3570136,0.253191862
103279.394102,0.0662653628,0.027917354,0.0442743738,0.0442743738,0.0340949287,787,15.2687027,0.252809681
103279.404132,0.0115538031,0.0739017025,0.0420818717,0.0420818717,0.0333467347,787,15.1069936,0.252848778
103279.414161,-0.0191207195,0.0776385507,0.0442674335,0.0442674335,0.0323546171,787,22.1784662,0.252930548
103279.424191,-0.0519571551,0.0850275117,0.0452481296,0.0452481296,0.0310789924,787,15.3455969,0.252896893
103279.434220,-0.0593791475,0.0734253618,0.0421219386,0.0421219386,0.0298285936,787,18.963854,0.253669602
103279.444250,-0.0641941324,0.028555426,0.0408244851,0.0408244851,0.0287697842,787,22.9801457,0.252918039
103279.454279,-0.0409407173,0.00751007783,0.038712067,0.038712067,0.0280312925,787,18.0769862,0.252882037
103279.464309,-0.0232910963,-0.0303434009,0.0414338762,0.0414338762,0.0276412399,787,18.1165692,0.253186011
103279.474338,0.00311762598,-0.0476882546,0.0430510049,0.0430510049,0.0275777141,787,21.2515449,0.252968838
103279.484368,0.0486623332,-0.0775331901,0.0436359147,0.0436359147,0.0280598887,787,14.4956473,0.252968838
103279.494397,0.0628129715,-0.0809083818,0.0461828935,0.0461828935,0.028675788,787,16.4930719,0.252513705
103279.504427,0.087500217,-0.0839547107,0.0448613328,0.0448613328,0.0295030603,787,20.3255216,0.252549418
103279.514456,0.0919817876,-0.076380758,0.0464385096,0.0464385096,0.0303102041,787,20.8982874,0.252933735
103279.524486,0.100652594,-0.06938426,0.0466386253,0.0466386253,0.03113325,787,17.2912843,0.252933735
103279.534515,0.0966390351,-0.0759583435,0.0432691909,0.0432691909,0.0319442194,787,19.3634977,0.253556618
103279.544545,0.0939806395,-0.0728923242,0.0445748907,0.0445748907,0.0327009019,787,15.4995162,0.253281128
103279.554574,0.0919561973,-0.0448380169,0.0411998775,0.0411998775,0.0332693236,787,16.7591588,0.25373163
103279.564604,0.0548073854,-0.0488355093,0.0414031826,0.0414031826,0.0335483334,787,20.5931802,0.253322408
103279.574633,0.0569072238,-0.034869227,0.0392904568,0.0392904568,0.0337608855,787,23.6593428,0.253057924
103279.584663,0.019684993,-0.0174113208,0.0369956591,0.0369956591,0.0335705727,787,23.4152047,0.252383614
103279.594692,0.0219681571,-0.00438208689,0.0395005196,0.0395005196,0.0333298121,787,17.7671982,0.252738674
103279.604722,0.00200369974,0.0121298782,0.0374272753,0.0374272753,0.0328404892,787,22.463805,0.252878253
103279.614751,-0.0119516624,0.0271208796,0.0399380357,0.0399380357,0.0321653885,787,20.7071212,0.252878253
103279.624781,-0.0189285635,0.0173288392,0.0398781084,0.0398781084,0.0315005266,787,22.4659889,0.253140849
103279.634811,-0.00392669093,0.0202455372,0.0375057381,0.0375057381,0.0309562418,787,22.7342433,0.252776297
103279.644840,0.00405120051,0.0235009496,0.0377612543,0.0377612543,0.0304725234,787,24.5367297,0.252776297
103279.654870,0.0216198235,0.0162444375,0.0367331507,0.0367331507,0.0301850733,787,22.8717116,0.25251923
103279.664899,0.0321048341,0.00723113189,0.0381310565,0.0381310565,0.0300405914,787,23.260174,0.25251923
103279.674929,0.047787281,-0.00609707366,0.0385546271,0.0385546271,0.0301009976,787,26.5822174,0.252545553
103279.684958,0.0461882205,-0.00668818955,0.0371353184,0.0371353184,0.0301513674,787,22.3741692,0.252622312
103279.694988,0.0462393989,-0.00186843103,0.0384420928,0.0384420928,0.0301794051,787,25.2945418,0.252672997
103279.705017,0.0465381434,0.010024525,0.037259619,0.037259619,0.0301556879,787,24.6674714,0.252992029
103279.715047,0.0378553756,0.0054544653,0.0387214051,0.0387214051,0.0300826275,787,25.4817735,0.253223351
103279.725076,0.0386778683,-0.00640194626,0.0361977434,0.0361977434,0.0300742393,787,29.5550543,0.253988155
103279.735106,0.0219326592,0.00214602941,0.0370946755,0.0370946755,0.0298819082,787,26.4747956,0.253919006
103279.745135,0.022728683,0.00956015478,0.0377179294,0.0377179294,0.0296684474,787,22.0783031,0.254320267
103279.755165,0.0191757971,-0.0103162151,0.0355555255,0.0355555255,0.0295160641,787,26.6366341,0.253763599
103279.765194,0.0112491878,-0.00580279429,0.0361356463,0.0361356463,0.0292771456,787,29.2796291,0.253931521
103279.775224,-0.00177427394,0.0045820563,0.0353341777,0.0353341777,0.0288827447,787,27.3042739,0.254548985
103279.785253,-0.01948566,0.0176885999,0.0372829886,0.0372829886,0.0282830178,787,25.3687104,0.254548985
103279.795283,-0.0194994288,0.000914701713,0.0376371327,0.0376371327,0.0277680461,787,25.3839732,0.254536377
103279.805312,-0.0357770208,0.00654022702,0.0365185767,0.0365185767,0.0270958179,787,24.070651,0.254705293
103279.815342,-0.0109435285,-0.00144977568,0.0379005956,0.0379005956,0.0266905406,787,25.3538693,0.254988059
103279.825371,-0.0187926887,0.0184407511,0.0358791451,0.0358791451,0.0261359501,787,27.8825147,0.254780472
103279.835401,-0.00797272376,0.0168283726,0.037486192,0.037486192,0.0256949875,787,27.622892,0.254373912
103279.845430,0.00960480886,0.0192169844,0.037335308,0.037335308,0.0254092393,787,26.6552914,0.254168983
103279.855460,0.00918291548,0.0258808882,0.0354275971,0.0354275971,0.0251012812,787,28.672412,0.254799911
103279.865489,0.0223852201,0.0211056598,0.0376085371,0.0376085371,0.0249424034,787,23.0155302,0.254315059
103279.875519,0.0208435849,0.0245064583,0.0356802418,0.0356802418,0.0247656411,787,32.8415398,0.254065166
103279.885548,0.0207575991,0.0428619173,0.037215233,0.037215233,0.0245355024,787,29.7126411,0.254073513
103279.895578,0.00678107015,0.0484168805,0.0380289309,0.0380289309,0.0241785263,787,28.3000974,0.253872092
103279.905607,-0.0075994158,0.053254628,0.0387385689,0.0387385689,0.0236968374,787,20.7688272,0.254093203
103279.915637,-0.0197690473,0.0648945926,0.0415924647,0.0415924647,0.0231004535,787,22.6761173,0.254081314
103279.925666,-0.0364842216,0.0733016507,0.0416984319,0.0416984319,0.0223675014,787,21.7286241,0.253862739
103279.935696,-0.0539811097,0.0782147554,0.0443672554,0.0443672554,0.0215100144,787,24.7306336,0.253970655
103279.945725,-0.0557678363,0.0861530122,0.045541072,0.045541072,0.0206975426,787,25.3836086,0.253563245
103279.955755,-0.0572083325,0.0859493088,0.0433717782,0.0433717782,0.0199590585,787,22.4079073,0.253535621
103279.965784,-0.0532568211,0.074018488,0.0439321876,0.0439321876,0.0193421822,787,22.9634482,0.253553779
103279.975814,-0.0416477246,0.0614987836,0.0405024266,0.0405024266,0.0188956103,787,25.9282963,0.253983193
103279.985843,-0.0332704855,0.045465801,0.0410318111,0.0410318111,0.0185467867,787,21.3088141,0.254256242
103279.995873,-0.0160006294,0.0474956738,0.0395567665,0.0395567665,0.0184070778,787,23.4076878,0.253912005
103280.005902,-0.00722762254,0.0539416821,0.0376534513,0.0376534513,0.0184083965,787,26.6526808,0.253767067
103280.015932,-0.0238819922,0.0674541545,0.0402221872,0.0402221872,0.0183705267,787,22.002084,0.254698639
103280.025961,-0.0267889272,0.0561061586,0.0396637711,0.0396637711,0.0183099472,787,20.3483244,0.255416483
103280.035991,-0.0135580801,0.0711789904,0.0414931771,0.0414931771,0.0184959658,787,24.0862301,0.255673172
103280.046021,-0.0241246816,0.0823963128,0.039868673,0.039868673,0.0187368346,787,23.6619867,0.255305177
103280.056050,-0.0204015439,0.0757966523,0.0418573413,0.0418573413,0.019014867,787,22.188516,0.254757186
103280.066079,-0.00611062719,0.0700565185,0.0416457948,0.0416457948,0.0193709749,787,22.6385122,0.25438107
103280.076109,0.000300320596,0.049910824,0.0382075533,0.0382075533,0.0196130036,787,26.2052379,0.254378527
103280.086139,0.0315071844,0.0239495206,0.039067412,0.039067412,0.0198129009,787,22.7945621,0.254378527
103280.096168,0.034329058,-0.019876275,0.0370203907,0.0370203907,0.0196788429,787,21.1582619,0.254371345
103280.106198,0.0588110416,-0.0202422919,0.0394472328,0.0394472328,0.0197177047,787,22.5145382,0.2542973
103280.116227,0.0351846601,0.00679092333,0.0404577443,0.0404577443,0.0198265493,787,18.4343435,0.254621233
103280.126257,0.0240108366,0.0201338586,0.0379583842,0.0379583842,0.0199591129,787,22.2678227,0.254621233
103280.136286,0.00836180629,0.0341402722,0.0399802436,0.0399802436,0.0200880763,787,22.1751971,0.254351837
103280.146316,-0.00964857453,0.0438456255,0.0389852415,0.0389852415,0.0201770929,787,23.6275526,0.25442503
103280.156345,-0.0141026554,0.0645301033,0.0411201913,0.0411201913,0.0204146724,787,21.5105963,0.25442503
103280.166375,-0.00587467738,0.0554821938,0.0409531846,0.0409531846,0.0206437656,787,24.005005,0.254276911
103280.176404,-0.0034769728,0.0325168868,0.0378979177,0.0378979177,0.0207031841,787,20.940571,0.254091486
103280.186434,0.0121140397,0.0259861016,0.0380685248,0.0380685248,0.0207925285,787,23.3366152,0.25434218
103280.196463,0.00755062961,0.0152510278,0.0378191115,0.0378191115,0.0207670741,787,18.4369339,0.25434218
103280.206493,0.00976017109,0.02356004,0.0388279365,0.0388279365,0.0208228533,787,23.5606561,0.25434218
103280.216522,0.00693725292,0.0253204685,0.0381718821,0.0381718821,0.0208777941,787,23.3761954,0.254518045
103280.226552,0.015401486,0.0366019735,0.0371433657,0.0371433657,0.0210702322,787,22.3294808,0.254518045
103280.236581,0.014677507,0.0251642647,0.0389120454,0.0389120454,0.0211593189,787,21.4042653,0.254518045
103280.246611,-0.000426914351,0.0309517713,0.0372431343,0.0372431343,0.0212193239,787,21.1249532,0.254476338
103280.256640,0.0154582752,0.00986234684,0.0366803385,0.0366803385,0.0211800183,787,27.8762924,0.254476338
103280.266670,0.0244191294,0.00697565475,0.0371266681,0.0371266681,0.0211641201,787,25.353311,0.254428995
103280.276699,0.0189816485,0.00486568226,0.0362719082,0.0362719082,0.0211049993,787,26.3849277,0.25468921
103280.286729,0.00898084113,-0.00672649586,0.0373137019,0.0373137019,0.0208995093,787,27.0349001,0.25468921
103280.296758,0.0136619479,-0.0296386151,0.0368026275,0.0368026275,0.02053944,787,23.3635474,0.254421773
103280.306788,0.0418480948,-0.0753185445,0.0402282341,0.0402282341,0.0200128345,787,23.1725384,0.254421773
103280.316817,0.0671878009,-0.0840520855,0.0436105528,0.0436105528,0.019685821,787,22.4808804,0.254610819
103280.326847,0.0885346241,-0.0709096645,0.0419687292,0.0419687292,0.0197403313,787,22.8250229,0.254610819
103280.336876,0.0669396622,-0.0754955772,0.0428218564,0.0428218564,0.0197204969,787,25.8622324,0.254610819
103280.346906,0.0662546893,-0.0493896783,0.038921858,0.038921858,0.0199083296,787,22.0290327,0.254072554
103280.356935,0.0578002693,-0.050789952,0.0390859262,0.0390859262,0.0200676558,787,24.1661474,0.254072554
103280.366965,0.0361623295,-0.0247751095,0.0373980115,0.0373980115,0.0201456082,787,23.870798,0.255694717
103280.376995,0.0221359816,-0.0171422874,0.037946258,0.037946258,0.0201237732,787,24.8254212,0.256348328
103280.387024,0.030003794,-0.0356214151,0.0375250752,0.0375250752,0.0201368116,787,25.8909374,0.256348328
103280.397054,0.0259543335,-0.0244737175,0.0370132408,0.0370132408,0.0201518507,787,21.4212603,0.256348328
103280.407083,0.0233533699,-0.0142362735,0.0381555216,0.0381555216,0.0201694032,787,22.1049563,0.256672621
103280.417113,0.0159052463,-0.00554560655,0.0362983713,0.0362983713,0.0201332854,787,27.6413671,0.256672621
103280.427142,0.000581870592,0.00353424275,0.0377407036,0.0377407036,0.0199664454,787,24.4962506,0.256805644
103280.437172,-0.00134007607,0.0262443832,0.0391485487,0.0391485487,0.0198295819,787,19.9996423,0.256805644
103280.447201,-0.0162768243,0.0125080756,0.0376688669,0.0376688669,0.0195281494,787,24.2646813,0.256805644
103280.457231,-0.0208263945,0.024309872,0.0378516955,0.0378516955,0.0192222495,787,26.4061768,0.256805644
103280.467260,-0.0196321548,-0.00249576603,0.0355292818,0.0355292818,0.0188687408,787,24.7703678,0.256987345
103280.477290,-0.0172440431,-0.0200144757,0.0387010988,0.0387010988,0.0184999396,787,21.9135993,0.256914739
103280.487319,-0.0146215288,-0.0213259951,0.0380963201,0.0380963201,0.0181635576,787,24.6350248,0.256914739
103280.497349,-0.0203514212,-0.00918443282,0.0360912523,0.0360912523,0.017808158,787,25.3856283,0.256861686
103280.507378,-0.0192822643,-0.00427947052,0.0378626486,0.0378626486,0.017480832,787,23.4837009,0.256861686
103280.517408,-0.0309560764,0.0116542428,0.0364983772,0.0364983772,0.0170852778,787,26.9624712,0.257116166
103280.527437,-0.0153944454,0.0315335928,0.0390136576,0.0390136576,0.0169070523,787,22.4050807,0.257296993
103280.537467,-0.00243316628,0.0464521598,0.0388651708,0.0388651708,0.0169249369,787,21.9463646,0.257481626
103280.547496,0.00490210749,0.0451257001,0.035901165,0.035901165,0.0170335389,787,28.8773991,0.257481626
103280.557526,0.0311914164,0.0287514567,0.0373807165,0.0373807165,0.0173160451,787,28.6173265,0.257481626
103280.567555,0.0259062572,0.0193970175,0.036100752,0.036100752,0.017506288,787,27.9598187,0.257838743
103280.577585,0.0274757331,0.0261140301,0.0377064921,0.0377064921,0.0177379481,787,24.7481271,0.257838743
103280.587614,0.0125333615,0.0113978537,0.0384616509,0.0384616509,0.0177679469,787,26.218166,0.257838743
103280.597644,0.00293095231,0.0212124963,0.0363701874,0.0363701874,0.0177630311,787,24.6376598,0.25784205
103280.607673,0.00970442502,0.0122509567,0.0373200023,0.0373200023,0.0177739685,787,25.1313838,0.25784205
103280.617703,0.00920117575,0.0121808536,0.0355100647,0.0355100647,0.0177805534,787,29.0038082,0.257543199
103280.627732,0.00560226889,0.0180291516,0.0367989725,0.0367989725,0.0177877315,787,25.7138413,0.257179246
103280.637762,0.0252278504,-0.00426381873,0.0376259655,0.0376259655,0.01784487,787,20.5854639,0.257608696
103280.647791,0.0204021965,-0.0037960021,0.0363552906,0.0363552906,0.0178657577,787,23.6023293,0.257608696
103280.657821,0.0400520192,-0.0202087725,0.0385114602,0.0385114602,0.0179856363,787,21.5887568,0.257608696
103280.667850,0.0172512216,-0.0149018166,0.0361226928,0.0361226928,0.0179383723,787,29.3810081,0.25734298
103280.677880,0.0204307445,-0.0124494611,0.0369119924,0.0369119924,0.0179363622,787,25.2171085,0.257230509
103280.687910,0.0173056571,-0.00691309199,0.0353719794,0.0353719794,0.017931528,787,26.271944,0.257560401
103280.697939,0.0160423235,0.000829721977,0.0366681601,0.0366681601,0.0179453432,787,25.5150557,0.257310665
103280.707969,0.00311162548,0.0154092669,0.0371587444,0.0371587444,0.0178951588,787,28.2415142,0.257310665
103280.717998,-0.0125737336,0.0298932508,0.0353631185,0.0353631185,0.0177676731,787,29.0598518,0.257310665
103280.728028,-0.0179873508,0.0221147933,0.037315847,0.037315847,0.0175749424,787,25.9568575,0.257174416
103280.738057,-0.0226743501,0.0228032293,0.0366592958,0.0366592958,0.0173614178,787,21.5982363,0.257174416
103280.748087,-0.0167042605,0.0278882594,0.0375741011,0.0375741011,0.0172436261,787,27.016298,0.257174416
103280.758116,-0.00744980843,0.0339080563,0.0371638193,0.0371638193,0.0172530821,787,26.1091432,0.256913667
103280.768146,-0.00309944077,0.0347770646,0.035444606,0.035444606,0.0173166392,787,24.0789815,0.256913667
103280.778175,0.00574386543,0.0204098037,0.0361475549,0.0361475549,0.0173648587,787,32.7774343,0.256913667
103280.788205,0.0180692031,0.0150081095,0.0350956539,0.0350956539,0.0174713799,787,32.0090058,0.257177298
103280.798234,0.0481119984,0.00248270216,0.0374623744,0.0374623744,0.0177278305,787,26.343411,0.257055066
103280.808264,0.0520559428,8.87367782e-05,0.0391675465,0.0391675465,0.0180083203,787,24.2919028,0.257055066
103280.818293,0.0627351743,-0.0137342225,0.0386530651,0.0386530651,0.0183122267,787,21.843524,0.256815264
103280.828323,0.0507126363,0.00664359197,0.0393723847,0.0393723847,0.0186310757,787,24.5812459,0.256815264
103280.838352,0.044967311,0.0133207369,0.0378124105,0.0378124105,0.0189308605,787,20.7254889,0.256315619
103280.848382,0.0418667932,0.027679405,0.038331375,0.038331375,0.0192678545,787,28.3213452,0.256135866
103280.858411,0.0453237838,0.018990846,0.0377635572,0.0377635572,0.0195860186,787,26.7835068,0.256376686
103280.868441,0.0159685433,0.00116987883,0.0355988957,0.0355988957,0.019560966,787,27.6989673,0.256845522
103280.878470,0.020533515,-0.00902555498,0.0369256665,0.0369256665,0.0195297948,787,28.9476827,0.256845522
103280.888500,0.0123882273,-0.0368307322,0.0358064881,0.0358064881,0.0193124548,787,27.2284259,0.256845522
103280.898529,0.0155126107,-0.0495661774,0.0387316803,0.0387316803,0.0190992425,787,21.0505929,0.256246396
103280.908559,0.00626045536,-0.0720616785,0.0405923296,0.0405923296,0.0187714491,787,23.4194377,0.256245514
103280.918588,0.0140849034,-0.077566571,0.0397267926,0.0397267926,0.0185792856,787,23.069109,0.257279752
103280.928618,0.0109338572,-0.0896796219,0.0417323966,0.0417323966,0.0184321576,787,25.4942017,0.257022909
103280.938648,0.0189115128,-0.0943101024,0.0403814086,0.0403814086,0.0184760817,787,25.9047672,0.256907648
103280.948677,0.0158342711,-0.0970253923,0.0421079938,0.0421079938,0.0186072108,787,23.5335511,0.256907648
103280.958707,0.0184048641,-0.0850174842,0.0413279565,0.0413279565,0.0188345515,787,23.3000556,0.256907648
103280.968736,0.0213217472,-0.0776437799,0.0374152749,0.0374152749,0.0191296593,787,24.2659759,0.256907648
103280.978766,0.027331771,-0.0418882713,0.0372608753,0.0372608753,0.0193763419,787,28.1456822,0.256257228
103280.988795,0.00044669823,-0.0124767652,0.0349752121,0.0349752121,0.0192659571,787,28.7858563,0.255925027
103280.998825,0.0101503579,-0.00260233823,0.0363988817,0.0363988817,0.019205677,787,28.8599017,0.256177504
103281.008854,-0.00310656265,-0.00109093146,0.0366814163,0.0366814163,0.0190215892,787,28.5580827,0.256177504
103281.018884,0.0101734061,-0.0164500559,0.0353975034,0.0353975034,0.0190229363,787,27.6546549,0.256597616
103281.028913,0.0374316838,-0.0611948356,0.0407628071,0.0407628071,0.0194628642,787,25.9866177,0.256597616
103281.038943,0.076491098,-0.095409356,0.043323202,0.043323202,0.0204113013,787,21.8898375,0.256528523
103281.048972,0.0941103764,-0.119952872,0.0507333939,0.0507333939,0.0216378296,785,18.9137341,0.256528523
103281.059002,0.105197515,-0.13606001,0.0598128161,0.0598128161,0.0230431416,785,22.1737758,0.256241385
103281.069031,0.114997967,-0.148313153,0.0676861885,0.0676861885,0.0245898125,785,21.2878251,0.256241385
103281.079061,0.122370636,-0.154553717,0.0747369958,0.0747369958,0.02621607,785,23.8458977,0.256241385
103281.089090,0.125507778,-0.154445245,0.0811784978,0.0811784978,0.0278429678,785,27.7442628,0.256241385
103281.099120,0.125233017,-0.146541671,0.0871468866,0.0871468866,0.029390371,785,26.5656831,0.256241385
103281.109149,0.142421959,-0.00398898935,0.0541245763,0.0541245763,0.030116407,787,23.0557789,0.256519222
103281.119179,0.106028435,0.0528302249,0.0497123222,0.0497123222,0.0302471017,787,20.999952,0.256387068
103281.129208,0.0565745377,0.104570459,0.0489744952,0.0489744952,0.0297469496,787,20.7733929,0.256387068
103281.139238,-0.0182407377,0.103967036,0.0451397308,0.0451397308,0.0286930355,787,27.2113295,0.25639722
103281.149267,-0.0441455108,0.113493767,0.0458790958,0.0458790958,0.0274268766,787,25.6595041,0.25639722
103281.159297,-0.0908027672,0.0833022792,0.0435136374,0.0435136374,0.0259373728,787,24.9433722,0.25639722
103281.169327,-0.0978499132,0.0624101674,0.0450420875,0.0450420875,0.0245103665,787,25.167036,0.25639722
103281.179356,-0.0991906855,0.0171019969,0.0454606789,0.0454606789,0.0232974499,787,22.8844754,0.256220464
103281.189386,-0.0980922701,-0.0262298326,0.0427367771,0.0427367771,0.0223351604,787,25.8897322,0.256220464
103281.199415,-0.0844802105,-0.0469994772,0.043911375,0.043911375,0.0216636117,787,24.8329743,0.256309376
103281.209445,-0.0543387642,-0.0691612149,0.0410746723,0.0410746723,0.0214418571,787,26.0272287,0.256333269
103281.219474,-0.0282212988,-0.0661208487,0.040464739,0.040464739,0.0214609607,787,29.8553064,0.256333269
103281.229504,-0.0226576337,-0.0483894402,0.0373470287,0.0373470287,0.0214331361,787,28.1868021,0.256123037
103281.239533,-0.0072421424,-0.000523788966,0.034674503,0.034674503,0.0211832705,787,35.0029181,0.256200797
103281.249563,0.00260982906,0.0346751311,0.0369420973,0.0369420973,0.0207575029,787,34.7930311,0.256200797
103281.259592,8.83446239e-05,0.0616139515,0.0390287059,0.0390287059,0.0201488789,787,28.3392805,0.256434468
103281.269622,-0.0065225935,0.0720954793,0.0434711865,0.0434711865,0.0194590718,787,22.8102854,0.255852078
103281.279651,-0.0201870204,0.100483875,0.0456388248,0.0456388248,0.0185449906,787,23.3549107,0.255852078
103281.289681,-0.0236160375,0.107257596,0.04358249,0.04358249,0.0176557161,787,20.9628106,0.255863902
103281.299710,-0.0267869528,0.097752631,0.0432668286,0.0432668286,0.0168918909,787,27.3816379,0.255863902
103281.309740,-0.033559992,0.0677658116,0.0388343301,0.0388343301,0.0162592086,787,33.3406235,0.256343313
103281.319769,-0.0218102247,0.0525542217,0.0390748478,0.0390748478,0.0158370151,787,29.7260568,0.256343313
103281.329799,-0.0334602256,0.0431391568,0.0385089242,0.0385089242,0.015362826,787,26.0658347,0.256070976
103281.339828,-0.0100947596,0.028913542,0.0361394206,0.0361394206,0.0151643846,787,24.9792673,0.256394629
103281.349858,-0.00761046624,0.0170176308,0.0367849128,0.0367849128,0.015009096,787,25.008798,0.256287872
103281.359887,0.0125931329,0.0217724621,0.0362745731,0.0362745731,0.0150656895,787,22.7096594,0.256746478
103281.369917,0.024714011,0.0175991943,0.0388131579,0.0388131579,0.0152449665,787,21.4466261,0.256746478
103281.379947,0.0406429624,0.0154911168,0.0369894368,0.0369894368,0.0155778339,787,24.2617649,0.256992891
103281.389976,0.0471583531,0.0110360235,0.039938445,0.039938445,0.0159628942,787,17.9947362,0.256740229
103281.400006,0.0491934398,0.00840492753,0.0405693958,0.0405693958,0.016356633,787,21.6804983,0.256474298
103281.410035,0.0600695267,0.00500517058,0.0384955935,0.0384955935,0.016843542,787,21.2384024,0.256474298
103281.420065,0.0654298712,0.0136706844,0.0392126143,0.0392126143,0.017385398,787,26.3926946,0.256679446
103281.430094,0.0335162245,-0.0076912091,0.0378217435,0.0378217435,0.01757646,787,20.8777673,0.256438564
103281.440124,0.0321249984,0.0134936451,0.0387993138,0.0387993138,0.0177788486,787,23.0659109,0.256438564
103281.450153,0.0292509249,0.0134467933,0.0396585198,0.0396585198,0.0179503683,787,16.419426,0.256438564
103281.460183,0.0313129248,0.00902985589,0.0374584326,0.0374584326,0.0181324833,787,23.0061032,0.256438564
103281.470212,0.0174804873,-0.00307832292,0.0381717439,0.0381717439,0.0181579566,787,24.285085,0.256438564
103281.480242,-0.00126286003,0.0105243461,0.0362639499,0.0362639499,0.0180222612,787,25.9024807,0.256107162
103281.490271,-0.00739126829,0.000406749404,0.0380054235,0.0380054235,0.0178139642,787,23.3629214,0.256107162
103281.500301,-0.0272772262,-0.00291703024,0.0390170633,0.0390170633,0.0174115426,787,23.6319742,0.256107162
103281.510330,-0.0284170679,-0.0361545383,0.0385179127,0.0385179127,0.0169573295,787,22.3052208,0.256041682
103281.520360,-0.0276108173,-0.04527462,0.0414630449,0.0414630449,0.0165322585,787,16.5749664,0.256041682
103281.530389,-0.0147045733,-0.0798782661,0.0407439584,0.0407439584,0.016299795,787,23.2147545,0.255790934
103281.540419,-0.00925641322,-0.0894508057,0.0432619852,0.0432619852,0.0162689891,787,18.6983269,0.255790934
103281.550448,-0.00964094059,-0.0909320343,0.0436267631,0.0436267631,0.0163872803,787,20.4311232,0.255464452
103281.560478,0.0123246039,-0.0747951175,0.0398165582,0.0398165582,0.0167361718,787,24.4956392,0.255541371
103281.570507,0.0189272022,-0.0434996232,0.0401978031,0.0401978031,0.0170109676,787,21.3913173,0.255928243
103281.580537,0.0145461466,-0.000978597957,0.0363099439,0.0363099439,0.0170181366,787,24.0817605,0.256330302
103281.590567,-0.00338549907,0.0185776209,0.0377432271,0.0377432271,0.0167744412,787,26.9272365,0.256330302
103281.600596,-8.32332718e-05,0.039171058,0.0398170868,0.0398170868,0.0164680559,787,23.7133205,0.256344132
103281.610626,-0.0239572286,0.0616308606,0.0392299755,0.0392299755,0.0158848539,787,19.9858816,0.256020577
103281.620655,-0.0207428883,0.0513523688,0.0413326409,0.0413326409,0.0154191559,787,18.0885783,0.255926388
103281.630685,-0.0147154556,0.0401576722,0.0382409698,0.0382409698,0.0150850218,787,21.6441487,0.256681264
103281.640714,-0.0144178945,0.0291067833,0.0387144504,0.0387144504,0.0148081482,787,21.1585362,0.25655016
103281.650744,-0.0215975486,0.0163962584,0.0378047024,0.0378047024,0.0144991985,787,25.416855,0.25655016
103281.660773,0.0139195193,0.000478395087,0.0368057131,0.0368057131,0.0145661177,787,23.1101141,0.257573116
103281.670803,0.0197523745,-0.0280577653,0.0392423533,0.0392423533,0.0147336868,787,22.0835074,0.257573116
103281.680832,0.0367412435,-0.00984503531,0.0378513483,0.0378513483,0.0150342985,787,24.1242078,0.257573116
103281.690862,0.053609282,-0.0184267122,0.0402714586,0.0402714586,0.0155091742,787,18.8336291,0.257501357
103281.700891,0.0515515869,-0.0177701434,0.0394755948,0.0394755948,0.0159543655,787,18.6185391,0.257938962
103281.710921,0.0622589332,-0.0174754139,0.0405677485,0.0405677485,0.0164930248,787,21.7833711,0.257938962
103281.720950,0.0528944618,-0.0170901461,0.0408560469,0.0408560469,0.0169308551,787,19.9529903,0.257876743
103281.730980,0.0499784827,-0.00479533473,0.0384839106,0.0384839106,0.0173036436,787,21.2544461,0.257876743
103281.741009,0.0543204674,-0.00243768085,0.0414405795,0.0414405795,0.0177064062,787,19.5259721,0.257787607
103281.751039,0.0460586857,-0.00159390913,0.0382341148,0.0382341148,0.0180213464,787,24.7469865,0.257638896
103281.761068,0.042867081,-0.00687480802,0.03994654,0.03994654,0.0183104281,787,21.1820646,0.258173118
103281.771098,0.0474745638,-0.0145596854,0.0386417272,0.0386417272,0.0186536197,787,26.7633036,0.258173118
103281.781127,0.057536085,-0.00547402016,0.0374734734,0.0374734734,0.0190686622,787,19.7660285,0.258122365
103281.791157,0.0423489062,-0.0164015458,0.0396950491,0.0396950491,0.0193512758,787,21.5634299,0.258122365
103281.801186,0.0385013423,-0.00784772777,0.0382767439,0.0382767439,0.0195741029,787,21.7769825,0.25850614
103281.811216,0.0481687516,-0.00907726207,0.0394991689,0.0394991689,0.0198880707,787,22.1959254,0.25850614
103281.821246,0.0621202355,-0.0156613939,0.0384444283,0.0384444283,0.020343505,787,25.0810382,0.258489501
103281.831275,0.061052753,-0.00388756894,0.0371113718,0.0371113718,0.0207558784,787,23.3635295,0.258766415
103281.841305,0.044915265,-0.00067316395,0.0379456917,0.0379456917,0.0209991056,787,27.4609021,0.258927822
103281.851334,0.0338116919,-0.00333285485,0.0361595148,0.0361595148,0.0211357993,787,28.1216803,0.258547979
103281.861364,0.0406414729,0.0101431731,0.0377953448,0.0377953448,0.0213121974,787,25.4081769,0.258547979
103281.871393,0.0629687375,0.0136934351,0.0386290791,0.0386290791,0.021699407,787,22.1309694,0.258547979
103281.881423,0.0542019633,0.00161273223,0.0367446148,0.0367446148,0.0220146539,787,25.0025753,0.258435029
103281.891452,0.0573285078,-0.00919048334,0.0382649814,0.0382649814,0.022369567,787,25.8370098,0.257768944
103281.901482,0.0634497733,-0.00916184099,0.0372726273,0.0372726273,0.0227770721,787,24.1370026,0.257293498
103281.911511,0.0590244517,0.00428689805,0.0398337625,0.0398337625,0.0231152374,787,22.3183124,0.256816209
103281.921541,0.0425778612,0.0083091627,0.0392150526,0.0392150526,0.0232826281,787,25.8757318,0.256470158
103281.931570,0.0414940287,0.00423229067,0.0374612882,0.0374612882,0.0234420678,787,24.9494525,0.256270319
103281.941600,0.0324027251,0.0105365034,0.0387237749,0.0387237749,0.0235036042,787,24.5548808,0.256270319
103281.951629,0.0201062377,0.0140630859,0.037360432,0.037360432,0.0234418631,787,23.0034344,0.256169697
103281.961659,0.0306585892,0.0111029605,0.0386213736,0.0386213736,0.0234890269,787,25.511141,0.256169697
103281.971688,0.0426366256,0.0236207677,0.0389287214,0.0389287214,0.0236463761,787,25.1549418,0.256169697
103281.981718,0.0448394955,-0.00160010599,0.0375197708,0.0375197708,0.0238394804,787,28.2104111,0.255814971
103281.991747,0.0429872928,0.00602044059,0.039562423,0.039562423,0.0240065352,787,25.6545795,0.256290125
103282.001777,0.0512834807,0.00975477975,0.0376131322,0.0376131322,0.0242507241,787,26.6724416,0.256205355
103282.011807,0.0580586512,0.023025313,0.0395777909,0.0395777909,0.0245540309,787,25.8559178,0.256205355
103282.021836,0.0517730722,0.0222194412,0.0380706527,0.0380706527,0.0247938994,787,25.8727369,0.256191244
103282.031866,0.0198938368,0.0332161791,0.0389781017,0.0389781017,0.0247206685,787,28.8872756,0.256191244
103282.041895,0.024017027,0.0340663394,0.0394480864,0.0394480864,0.0246974406,787,25.6163865,0.256191244
103282.051925,0.0259025048,0.0534419835,0.0376613067,0.0376613067,0.0247146789,787,26.7261867,0.256191244
103282.061954,0.022923289,0.0539644085,0.0397420334,0.0397420334,0.0247218089,787,27.2544498,0.256195021
103282.071984,0.0321381997,0.0403281066,0.0379003487,0.0379003487,0.0248172216,787,24.843806,0.256195021
103282.082013,0.0207691441,0.0445725944,0.0394465024,0.0394465024,0.0248164714,787,27.1274338,0.256195021
103282.092043,0.0160183599,0.036065575,0.0394641535,0.0394641535,0.0247650451,787,27.7755341,0.256017716
103282.102072,0.0441645751,0.0488952218,0.0380894952,0.0380894952,0.0250196646,787,23.1967358,0.255771408
103282.112102,0.0215290183,0.04757711,0.0400903758,0.0400903758,0.0250605175,787,21.0522755,0.255572988
103282.122131,0.0214740128,0.0420695206,0.0372311618,0.0372311618,0.0250966849,787,24.5546091,0.255572988
103282.132161,0.0184472387,0.0556669418,0.0384836473,0.0384836473,0.0251523223,787,30.191957,0.255572988
103282.142190,0.0323228888,0.0477757754,0.0390521538,0.0390521538,0.0253252057,787,23.5304294,0.255572988
103282.152220,0.0203829511,0.0381050968,0.0375860971,0.0375860971,0.0253596132,787,24.3505222,0.255322978
103282.162249,0.0191548356,0.0508972058,0.0395551496,0.0395551496,0.0254342504,787,26.0844344,0.255322978
103282.172279,0.017263006,0.0439259098,0.0383274328,0.0383274328,0.0254740006,787,23.3563526,0.255322978
103282.182308,0.0238243597,0.0413705228,0.0395520625,0.0395520625,0.025568844,787,27.9468503,0.25504987
103282.192338,0.0249879353,0.0535975988,0.040277024,0.040277024,0.0257294435,787,25.9493519,0.254233839
103282.202367,0.0178445347,0.056140993,0.0386542518,0.0386542518,0.0258452791,787,22.7464942,0.254233839
103282.212397,0.0167185075,0.0559798766,0.0404264263,0.0404264263,0.0259597891,787,25.0446104,0.254233839
103282.222427,0.00132218622,0.0543809398,0.0386931554,0.0386931554,0.0259447806,787,24.380468,0.254233839
103282.232456,0.00878919565,0.0662800508,0.0402485078,0.0402485078,0.0260689199,787,25.7758994,0.2542921
103282.242486,0.0189313639,0.0580340632,0.0408517334,0.0408517334,0.0262437798,787,22.8730356,0.254138151
103282.252515,0.0187931959,0.0571182236,0.0387617089,0.0387617089,0.0264177799,787,24.2892531,0.253973073
103282.262545,0.0140906348,0.0683654684,0.0406637119,0.0406637119,0.0266261969,787,25.4653434,0.253870706
103282.272574,0.00989192313,0.0662181152,0.0388365412,0.0388365412,0.0267982843,787,24.5289423,0.254447934
103282.282604,0.0064971089,0.064663838,0.0407014594,0.0407014594,0.0269444048,787,24.567909,0.2548257
103282.292633,-0.00538951068,0.0622069433,0.0405291766,0.0405291766,0.0269972881,787,23.6972565,0.25504833
103282.302663,-0.00784018524,0.0472652297,0.0374457959,0.0374457959,0.0269448005,787,27.5647122,0.254793325
103282.312692,-0.011821155,0.0458747612,0.0387842517,0.0387842517,0.0268656786,787,22.5312946,0.254673186
103282.322722,0.00471295847,0.109024115,0.0434597854,0.0434597854,0.0273648492,787,26.3110203,0.254760032
103282.332751,-0.016011741,0.115134832,0.0450623496,0.0450623496,0.0277999611,787,22.9532046,0.254902031
103282.342781,-0.025144546,0.13376681,0.046619134,0.046619134,0.0283639588,787,15.9005463,0.254372572
103282.352810,-0.0352803747,0.137224973,0.049528272,0.049528272,0.0289467643,787,20.5727496,0.255099183
103282.362840,-0.0625762707,0.140154079,0.0510221572,0.0510221572,0.0294721185,787,20.2568642,0.255085914
103282.372869,-0.0919844411,0.135483022,0.0488250448,0.0488250448,0.0299040938,787,20.4654642,0.255055658
103282.382899,-0.104753046,0.116640887,0.0505894729,0.0505894729,0.0302110147,787,17.1274012,0.25500901
103282.392928,-0.131219542,0.0944382483,0.0486828106,0.0486828106,0.0303287294,787,22.3516335,0.255155934
103282.402958,-0.142549166,0.0690013941,0.0508301439,0.0508301439,0.0302935842,787,20.1550892,0.255155934
103282.412987,-0.146442999,0.0746367213,0.0598940813,0.0598940813,0.0304284619,785,18.4398921,0.254719799
103282.423017,-0.149561991,0.0816959304,0.0677586639,0.0677586639,0.0307478793,785,19.905166,0.25533813
103282.433046,-0.151564219,0.0890733098,0.0748018059,0.0748018059,0.0312485608,785,19.6093103,0.25533813
103282.443076,-0.15291055,0.0962005546,0.0812386693,0.0812386693,0.0319154853,785,21.3196973,0.25533813
103282.453106,-0.154462319,0.102610674,0.0872030466,0.0872030466,0.0327268403,785,18.3182507,0.255484248
103282.463135,-0.156387525,0.108041931,0.092785576,0.092785576,0.0336590206,785,21.0295082,0.255660082
103282.473165,-0.159228018,0.112095643,0.0980526124,0.0980526124,0.0346883396,785,19.9484917,0.255660082
103282.483194,-0.162040219,0.114206852,0.103051503,0.103051503,0.035785967,785,20.1110413,0.255495187
103282.493224,-0.164439929,0.113794489,0.107820397,0.107820397,0.0371787784,785,20.2218335,0.255154678
103282.503253,-0.127138892,0.12414757,0.0648251414,0.0648251414,0.0388095952,787,25.5829854,0.255154678
103282.513283,-0.113890046,0.118200179,0.0547611358,0.0547611358,0.0403484683,787,21.7471819,0.254932122
103282.523312,-0.0986516392,0.120047658,0.0478875743,0.0478875743,0.04184891,787,23.5652667,0.254462134
103282.533342,-0.0905680696,0.112867322,0.0479453155,0.0479453155,0.0432551146,787,23.7645115,0.255313035
103282.543371,-0.0653594758,0.108700959,0.0448743618,0.0448743618,0.0445160443,787,16.5952359,0.254379982
103282.553401,-0.0523893707,0.111734245,0.0461854554,0.0461854554,0.0457473903,787,21.1146097,0.253765531
103282.563430,-0.0358257881,0.0998918834,0.0456481784,0.0456481784,0.0468007673,787,23.7251718,0.253949223
103282.573460,-0.00981225645,0.0971149359,0.0433227061,0.0433227061,0.0477181775,787,21.5935373,0.254378249
103282.583489,-0.00669660757,0.0980509887,0.0449302286,0.0449302286,0.048634357,787,22.5726948,0.254287492
103282.593519,0.0101428625,0.102936304,0.0420748738,0.0420748738,0.049530694,787,21.2239582,0.254287492
103282.603548,0.00846159953,0.0909225093,0.0438977981,0.0438977981,0.0503316833,787,18.4910342,0.254221542
103282.613578,0.022190093,0.0832920404,0.0431564874,0.0431564874,0.0510167498,787,26.2025289,0.254237449
103282.623607,0.0292708965,0.0671171492,0.0397845968,0.0397845968,0.0515347862,787,21.9616707,0.254564602
103282.633637,0.0211919031,0.0420884933,0.0411697281,0.0411697281,0.0518562571,787,20.0704097,0.253990897
103282.643666,0.0259112807,0.0309963108,0.0376411211,0.0376411211,0.0520618013,787,24.6398584,0.254183429
103282.653696,0.0274193407,0.0390566461,0.038161681,0.038161681,0.0523416713,787,25.5110571,0.254183429
103282.663726,0.0226974452,0.00129595276,0.036177136,0.036177136,0.0522861976,787,26.5789969,0.254281293
103282.673755,0.0188059228,0.00694003214,0.036850423,0.036850423,0.0522975619,787,27.099276,0.254330748
103282.683785,0.0174537674,0.013425428,0.0375943025,0.0375943025,0.0523755232,787,23.0046,0.254330748
103282.693814,-0.00380431631,0.00270025816,0.036005131,0.036005131,0.0524185729,787,24.3848177,0.254330748
103282.703844,-0.0061124167,0.0135641552,0.0373983941,0.0373983941,0.0525711967,787,23.7934674,0.255019863
103282.713873,-0.00696092704,0.0133673492,0.0361478301,0.0361478301,0.0527245135,787,25.5474727,0.254735757
103282.723903,-0.00733860613,0.00941853067,0.0370670304,0.0370670304,0.0528417372,787,27.2833615,0.254735757
103282.733932,-0.00819439062,-0.000945317192,0.0373382886,0.0373382886,0.0528639963,787,28.0404636,0.25417005
103282.743962,-0.020232516,-0.00448388233,0.0368636496,0.0368636496,0.0528916912,787,22.1135001,0.25432694
103282.753991,-0.0159961239,-0.0137718603,0.0385303429,0.0385303429,0.0528198893,787,24.1258512,0.254574692
103282.764021,-0.0292902054,-0.00846537727,0.0366554012,0.0366554012,0.0528439839,787,26.388071,0.254574692
103282.774050,-0.0184595904,-0.00631190691,0.0381838941,0.0381838941,0.0526033615,787,24.5838768,0.254138752
103282.784080,-0.0286299966,-0.0241729726,0.0394061373,0.0394061373,0.0519908185,787,26.1619987,0.254138752
103282.794109,-0.0266028541,-0.0303004728,0.0375322176,0.0375322176,0.051332109,787,28.2441818,0.254796834
103282.804139,-0.0426175399,-0.0359241203,0.0391883031,0.0391883031,0.0507029936,787,26.8580077,0.254796834
103282.814168,-0.0405621079,-0.0197323269,0.0381332488,0.0381332488,0.0502345892,787,21.6141951,0.254809112
103282.824198,-0.0429861411,-0.0261836925,0.0398098485,0.0398098485,0.0497373895,787,25.1468316,0.254874806
103282.834227,-0.0457740855,0.0125427952,0.0403279358,0.0403279358,0.0496129027,787,23.3945039,0.255246547
103282.844257,-0.0430707072,0.0247625858,0.0388254198,0.0388254198,0.0495905699,787,22.8484857,0.255785842
103282.854286,-0.0412381456,0.0416594353,0.0410365404,0.0410365404,0.0497100393,787,18.9964645,0.255907575
103282.864316,-0.0460394368,0.0414848195,0.0398189606,0.0398189606,0.0498493817,787,21.3214099,0.256074737
103282.874346,-0.0309814339,0.0436124195,0.0408052303,0.0408052303,0.0499348904,787,20.1543919,0.256074737
103282.884375,-0.0183673604,0.0336232334,0.0389771239,0.0389771239,0.0498731878,787,23.810118,0.256074737
103282.894405,0.00784622811,0.0388496183,0.0363244557,0.0363244557,0.0497357872,787,25.9278801,0.256101697
103282.904434,0.00671736985,0.033472493,0.0385232556,0.0385232556,0.0495620462,787,21.9551973,0.256101697
103282.914464,0.0333504713,0.0166743062,0.0369971075,0.0369971075,0.0491286699,787,23.8925666,0.256022557
103282.924493,0.0416660058,0.0215700508,0.0385378594,0.0385378594,0.0487187428,787,26.3783323,0.256022557
103282.934523,0.0399519943,0.0177500514,0.0389436635,0.0389436635,0.0482995292,787,26.722253,0.256022557
103282.944552,0.0455994201,0.017007904,0.0374193125,0.0374193125,0.0478694722,787,23.2644122,0.256101959
103282.954582,0.052895994,0.00892128829,0.0399358486,0.0399358486,0.0473591722,787,20.5467214,0.255963972
103282.964611,0.0600197812,-0.00122722509,0.0389276636,0.0389276636,0.0467551679,787,21.999244,0.256202126
103282.974641,0.0662062858,-0.0206768917,0.0413492511,0.0413492511,0.045978416,787,21.443623,0.256202126
103282.984670,0.0657367057,-0.0306555304,0.043139188,0.043139188,0.0451411363,787,21.7565588,0.256202126
103282.994700,0.0852745623,-0.047689201,0.0417540308,0.0417540308,0.0441279787,787,19.0144431,0.256766827
103283.004729,0.0927823753,-0.033500156,0.0437540812,0.0437540812,0.0432881189,787,21.5658879,0.257213835
103283.014759,0.101776779,-0.0276918923,0.0417642607,0.0417642607,0.0425549871,787,26.2310577,0.256876206
103283.024788,0.110132513,-0.028407252,0.0430613078,0.0430613078,0.0418870322,787,21.4764466,0.25681848
103283.034818,0.10381028,-0.0227202564,0.0413139118,0.0413139118,0.0413672465,787,22.1976441,0.257329345
103283.044847,0.0896726162,-0.025906443,0.0432635545,0.0432635545,0.0408908804,787,21.2482065,0.257329345
103283.054877,0.098590906,-0.0185891561,0.0437149299,0.0437149299,0.0405707061,787,24.4251211,0.257445074
103283.064906,0.0998945009,-0.0181720427,0.0414719824,0.0414719824,0.0403397742,787,23.510235,0.257445074
103283.074936,0.0993966749,-0.0121959294,0.0437708926,0.0437708926,0.040246402,787,24.9512168,0.257445074
103283.084965,0.110169136,-0.0281420459,0.0435033696,0.0435033696,0.0401267938,787,22.6929309,0.257906842
103283.094995,0.119321631,-0.0488471247,0.0478009039,0.0478009039,0.0399733296,787,17.7511572,0.257627993
103283.105025,0.111338216,-0.0502184599,0.0573460358,0.0573460358,0.0398959673,785,20.729157,0.257627993
103283.115054,0.0998331515,-0.0482386421,0.0655158332,0.0655158332,0.0398763868,785,18.8522438,0.257287723
103283.125084,0.085576863,-0.0429255439,0.0727762522,0.0727762522,0.039887908,785,16.804808,0.256899436
103283.135113,0.0703578368,-0.0343646631,0.0793759247,0.0793759247,0.03991029,785,18.1295566,0.256899436
103283.145143,0.0544646417,-0.0234639546,0.08546921,0.08546921,0.039921524,785,15.0000065,0.256899436
103283.155172,0.0951696775,-0.0460966188,0.0615531333,0.0615531333,0.0401447461,787,18.1817301,0.256899436
103283.165202,0.110500055,-0.0240367893,0.0489051788,0.0489051788,0.0406727971,787,13.4890661,0.257228459
103283.175231,0.0973814243,-0.010277798,0.0491101718,0.0491101718,0.041189532,787,13.8126022,0.257228459
103283.185261,0.109767466,-0.0189549509,0.0473623852,0.0473623852,0.0417895784,787,18.4369801,0.258283237
103283.195290,0.10571693,-0.0110384142,0.0569796152,0.0569796152,0.0424034498,785,15.7347612,0.258283237
103283.205320,0.104743288,-0.00544219719,0.0651956206,0.0651956206,0.0430365983,785,15.8270083,0.258283237
103283.215349,0.104812424,-0.00111586521,0.0724870476,0.0724870476,0.0436861874,785,15.152332,0.258366453
103283.225379,0.104708693,0.00193305545,0.0791112302,0.0791112302,0.0443415061,785,13.5072246,0.258366453
103283.235408,0.105065634,0.000922282422,0.0852227087,0.0852227087,0.0449907155,785,10.7899432,0.252836432
103283.245438,0.107773038,-0.00577734156,0.0909260009,0.0909260009,0.0456387492,785,9.97738291,0.252836432
103283.255467,0.112151109,-0.0161896459,0.0962926392,0.0962926392,0.0462945547,785,14.9004638,0.249095549
103283.265497,0.118864159,-0.0294829452,0.101377154,0.101377154,0.0469801286,785,10.4757466,0.248898347
103283.275526,0.125544287,-0.0447288586,0.10621921,0.10621921,0.0477010199,785,17.5719986,0.248898347
103283.285556,0.12996491,-0.0596880889,0.110851494,0.110851494,0.0484489261,785,9.78092612,0.248898347
103283.295585,0.130389593,-0.0731295751,0.11529834,0.11529834,0.0491996723,785,11.0453579,0.248898347
103283.305615,0.127214974,-0.0871325395,0.119581197,0.119581197,0.0499288832,785,14.0046416,0.248898347
103283.315644,0.119821786,-0.102433673,0.12371626,0.12371626,0.0506068682,785,11.3400545,0.248898347
103283.325674,0.109825917,-0.11571273,0.127718679,0.127718679,0.0512231972,785,14.2278255,0.248898347
103283.335703,0.0984915783,-0.123908398,0.13159974,0.13159974,0.0517751215,785,15.8133802,0.248898347
103283.345733,0.0853894636,-0.128752959,0.135370671,0.135370671,0.0522492844,785,12.4123013,0.248898347
103283.355762,0.0774981961,-0.133048436,0.139039766,0.139039766,0.0529510811,785,10.7459364,0.248898347
103283.365792,0.081110986,-0.14222321,0.142615582,0.142615582,0.0540094582,785,13.7231976,0.248898347
103283.375822,0.0985533268,-0.158905986,0.146104646,0.146104646,0.0553352471,785,15.0214989,0.248898347
103283.385851,0.119414931,-0.172510168,0.149512752,0.149512752,0.0569607925,785,144.973795,0.251615752
103283.395881,0.146438158,-0.186199985,0.152846028,0.152846028,0.0589444082,785,153.766104,0.255119004
103283.405910,0.167543795,-0.198149078,0.15610845,0.15610845,0.0612196203,785,95.7750475,0.257199271
103283.415940,0.186215857,-0.210280708,0.159305007,0.159305007,0.0637595035,785,13.4084846,0.257199271
103283.425969,0.202029312,-0.228789222,0.162439157,0.162439157,0.0665612015,785,16.0618727,0.25855225
103283.435999,0.21580513,-0.253328629,0.165515291,0.165515291,0.0696371308,785,15.117333,0.2595
103283.446028,0.226406467,-0.276981326,0.168535941,0.168535941,0.0729607742,785,15.0252507,0.2595
103283.456058,0.23203441,-0.296138686,0.171504355,0.171504355,0.0764721809,785,16.6625675,0.2595
103283.466087,0.230717915,-0.310119681,0.174422371,0.174422371,0.0800876359,785,20.208581,0.2595
103283.476117,0.227340095,-0.313613406,0.17729274,0.17729274,0.0837324292,785,17.0842318,0.2595
103283.486146,0.22199406,-0.307364659,0.180117423,0.180117423,0.0873283406,785,14.5478928,0.2595
103283.496176,0.217469792,-0.295198099,0.182899541,0.182899541,0.0908393777,785,13.4551203,0.2595
103283.506205,0.21495654,-0.278239173,0.185640794,0.185640794,0.0942426624,785,13.3749387,0.2595
103283.516235,0.215394944,-0.257077415,0.188343708,0.188343708,0.0975271703,785,13.2099924,0.2595
103283.526264,0.220231042,-0.234255627,0.191009363,0.191009363,0.100708455,785,16.2613418,0.2595
103283.536294,0.227423169,-0.213402923,0.193639641,0.193639641,0.103813163,785,13.1381174,0.2595
103283.546323,0.23653366,-0.194412034,0.196235398,0.196235398,0.10686538,785,22.3331261,0.2595
103283.556353,0.246596401,-0.176298801,0.198798679,0.198798679,0.109878923,785,14.481416,0.25549366
103283.566382,0.256134475,-0.159530267,0.201330333,0.201330333,0.112859808,785,14.5504515,0.2595
103283.576412,0.266533083,-0.146098881,0.2038316,0.2038316,0.115839404,785,15.8207433,0.2595
103283.586441,0.277633813,-0.137319551,0.206302568,0.206302568,0.118855044,785,10.8712756,0.2595
103283.596471,0.287478558,-0.132727104,0.208744453,0.208744453,0.121926359,785,9.71906384,0.2595
103283.606500,0.295626107,-0.128205537,0.211158156,0.211158156,0.125041943,785,10.3591243,0.2595
103283.616530,0.302075618,-0.12333314,0.213545151,0.213545151,0.128188662,785,13.6318926,0.2595
103283.626560,0.308044194,-0.117103406,0.215906292,0.215906292,0.131356011,785,14.0796083,0.2595
103283.636589,0.31292259,-0.109166162,0.218242417,0.218242417,0.134526916,785,13.7350222,0.2595
103283.646619,0.316880813,-0.103197941,0.220554452,0.220554452,0.137707793,785,15.6555686,0.2595
103283.656648,0.321785098,-0.102374254,0.222842231,0.222842231,0.140935765,785,17.3746267,0.2595
103283.666678,0.328188883,-0.105831672,0.225106681,0.225106681,0.144247352,785,12.3552363,0.2595
103283.676707,0.334163949,-0.113004335,0.227348107,0.227348107,0.14765743,785,14.0449498,0.2595
103283.686737,0.340153751,-0.120214325,0.229567897,0.229567897,0.151165243,785,15.1968911,0.2595
103283.696766,0.345154014,-0.125834296,0.231766464,0.231766464,0.154751858,785,16.8692637,0.2595
103283.706796,0.3482615,-0.128686582,0.233945045,0.233945045,0.158386453,785,15.3840751,0.258371463
103283.716825,0.350685379,-0.131093132,0.236103743,0.236103743,0.16205943,785,15.3089025,0.256136097
103283.726855,0.353756107,-0.135149513,0.238243455,0.238243455,0.16578466,785,16.5968011,0.252491273
103283.736884,0.35683839,-0.13924079,0.240364362,0.240364362,0.169560855,785,16.2996843,0.250812257
103283.746914,0.360551327,-0.142927512,0.242467377,0.242467377,0.173391477,785,21.0433984,0.248159974
103283.756943,0.36548801,-0.148736034,0.244552408,0.244552408,0.177296164,785,12.2737286,0.242981574
103283.766973,0.371842925,-0.158669113,0.246620185,0.246620185,0.181307309,785,18.7233393,0.239773057
103283.777002,0.191128805,-0.0969055524,0.0737131413,0.0737131413,0.183453623,787,17.9053774,0.235102605
103283.787032,0.174649977,-0.0938916223,0.0570051495,0.0570051495,0.185442696,787,18.5495419,0.232636861
103283.797061,0.15220387,-0.0750268391,0.0515160544,0.0515160544,0.187145706,787,15.6473053,0.231368652
103283.807091,0.116314367,-0.057918552,0.0455391555,0.0455391555,0.18845479,787,16.1962167,0.230577814
103283.817120,0.117243526,-0.048264817,0.0452722824,0.0452722824,0.189725246,787,19.6024587,0.230578758
103283.827150,0.10745389,-0.0468500001,0.0426967653,0.0426967653,0.190903982,787,20.0763311,0.229574686
103283.837179,0.11114552,-0.0508979564,0.0445730202,0.0445730202,0.19213406,787,16.9592753,0.229755024
103283.847209,0.106664343,-0.0511631263,0.0447568159,0.0447568159,0.193326468,787,14.5741876,0.22945818
103283.857238,0.104637923,-0.041263699,0.041743643,0.041743643,0.194453724,787,20.0543435,0.229714095
103283.867268,0.102014631,-0.0318528221,0.0435519169,0.0435519169,0.195513493,787,17.6516247,0.230365436
103283.877297,0.0968391395,-0.0249751505,0.041013691,0.041013691,0.196495698,787,20.7483663,0.230391496
103283.887327,0.0910998112,-0.0253691428,0.041667087,0.041667087,0.197430107,787,21.422951,0.229730015
103283.897356,0.0796124106,-0.0170152129,0.0419761093,0.0419761093,0.198224958,787,19.5220354,0.229957756
103283.907386,0.0891647428,-0.00183990784,0.0405598082,0.0405598082,0.199033237,787,17.3740336,0.229951079
103283.917415,0.0971864816,-0.000702111129,0.0431923969,0.0431923969,0.199908257,787,17.3409791,0.229913064
103283.927445,0.0978231486,0.0143996683,0.0434016959,0.0434016959,0.200722062,787,16.0118109,0.230505183
103283.937474,0.114747983,0.0309450452,0.0468331284,0.0468331284,0.201614939,787,17.1035664,0.232164403
103283.947504,0.126293544,0.0248333116,0.0565431875,0.0565431875,0.202644404,785,18.57262,0.233420965
103283.957533,0.134435408,0.0242691071,0.0648160161,0.0648160161,0.203755708,785,17.4410364,0.237231738
103283.967563,0.139524872,0.0265952677,0.0721488611,0.0721488611,0.204910144,785,18.2036081,0.23972614
103283.977592,0.1430672,0.0291848528,0.0788032524,0.0788032524,0.206093506,785,16.2588118,0.243603461
103283.987622,0.145626202,0.0330943843,0.0849399074,0.0849399074,0.207292739,785,20.8104198,0.24571704
103283.997651,0.14634856,0.0369882716,0.0906629408,0.0906629408,0.20849217,785,20.8731218,0.248104327
103284.007681,0.147154926,0.0423470702,0.0960473921,0.0960473921,0.209688196,785,19.8665252,0.248490467
103284.017710,0.148485421,0.04843422,0.101146515,0.101146515,0.21088421,785,21.1655091,0.250555382
103284.027740,0.149705335,0.0539008522,0.106002567,0.106002567,0.212083593,785,24.6144272,0.254115029
103284.037769,0.151226385,0.0602201639,0.110646532,0.110646532,0.213287683,785,19.0100308,0.255752965
103284.047799,0.151088217,0.0703361377,0.115104446,0.115104446,0.214470623,785,21.7146086,0.258994262
103284.057828,0.148294721,0.0831194984,0.119396043,0.119396043,0.215602244,785,20.5321757,0.258972588
103284.067858,0.146676004,0.09299141,0.123539923,0.123539923,0.216707486,785,19.3339851,0.258938406
103284.077887,0.147823482,0.0960851456,0.127550102,0.127550102,0.217835974,785,19.4329922,0.2595
103284.087917,0.150902251,0.10299474,0.131439269,0.131439269,0.218997034,785,26.3023289,0.259215203
103284.097946,0.149801407,0.11256473,0.135216836,0.135216836,0.220146838,785,21.3439404,0.258725027
103284.107976,0.148816893,0.124729991,0.13889251,0.13889251,0.221284813,785,19.2206226,0.258487408
103284.118005,0.146890059,0.136967431,0.142473513,0.142473513,0.222407493,785,23.8293082,0.25793625
103284.128035,0.144743449,0.148695299,0.145967533,0.145967533,0.22352033,785,18.7257436,0.257852283
103284.138064,0.141473082,0.160207621,0.149380056,0.149380056,0.224618892,785,18.0856994,0.257706208
103284.148094,0.137775537,0.171771426,0.152717256,0.152717256,0.225705618,785,20.7430881,0.257658707
103284.158123,0.133945195,0.182051613,0.155983404,0.155983404,0.226787449,785,18.754688,0.257348537
103284.168153,0.128389813,0.190651816,0.159183607,0.159183607,0.227855463,785,19.8301561,0.257484916
103284.178182,0.1201808,0.199553535,0.162321077,0.162321077,0.228888015,785,16.3954358,0.256913753
103284.188212,0.109454243,0.210766662,0.16539992,0.16539992,0.229864756,785,18.4046093,0.257084174
103284.198241,0.100195478,0.224779199,0.168422711,0.168422711,0.230807434,785,17.0552538,0.257336375
103284.208271,0.0933555926,0.236815405,0.171393181,0.171393181,0.231751019,785,16.930596,0.257718821
103284.218300,0.0891896963,0.246170116,0.174313573,0.174313573,0.232730508,785,6.95421076,0.257381177
103284.228330,0.0869632001,0.254324753,0.177187049,0.177187049,0.233771994,785,14.9530658,0.257381177
103284.238359,0.0890797041,0.25803674,0.180015463,0.180015463,0.23491945,785,8.50727814,0.257381177
103284.248389,0.0881638136,0.25345306,0.182801807,0.182801807,0.236132469,785,16.1759711,0.257381177
103284.258418,0.0854960942,0.249574647,0.185547134,0.185547134,0.237388436,785,9.15285965,0.257254806
103284.268448,0.0832546269,0.255237829,0.188252849,0.188252849,0.238706116,785,16.2168229,0.257261044
103284.278477,0.0767189914,0.267588657,0.190919708,0.190919708,0.240063107,785,16.604337,0.257573798
103284.288507,0.0694452745,0.285318205,0.193549769,0.193549769,0.241477871,785,21.9011268,0.25793168
103284.298536,0.0639370284,0.304799806,0.196144248,0.196144248,0.242988701,785,24.2187863,0.257823627
103284.308566,0.0610335464,0.322954282,0.198705337,0.198705337,0.24463377,785,28.4288084,0.25809199
103284.318595,0.0600896004,0.338221675,0.201233959,0.201233959,0.246435384,785,27.4214408,0.258614736
103284.328625,0.0610378252,0.348150364,0.203731923,0.203731923,0.248399641,785,27.6463062,0.258487736
103284.338654,0.0643451695,0.349614675,0.206199969,0.206199969,0.250512038,785,30.0243439,0.258652388
103284.348684,0.0683989557,0.345102023,0.208639652,0.208639652,0.252743304,785,18.7241497,0.25874014
103284.358713,0.0724297428,0.337669544,0.211051425,0.211051425,0.255064772,785,27.9654271,0.258329827
103284.368743,0.0756987691,0.326831371,0.213436737,0.213436737,0.257437626,785,29.6933401,0.257671734
103284.378772,0.0804426594,0.312386458,0.215796149,0.215796149,0.259837882,785,32.5005574,0.257629878
103284.388802,0.0868353745,0.295694631,0.218131228,0.218131228,0.262249791,785,31.667625,0.256960043
103284.398831,0.0952182771,0.278788957,0.220442712,0.220442712,0.264671399,785,31.2628755,0.254806307
103284.408861,0.104914343,0.265501101,0.222731601,0.222731601,0.267121412,785,28.5473261,0.252180189
103284.418890,0.114079627,0.256336165,0.224997976,0.224997976,0.269610189,785,24.4023224,0.244487141
103284.428920,0.123292904,0.248688963,0.227242852,0.227242852,0.272140655,785,18.1819034,0.240371128
103284.438949,0.133093067,0.243646346,0.229466081,0.229466081,0.274727543,785,26.2410716,0.235946457
103284.448979,0.141197025,0.24138113,0.231668302,0.231668302,0.27737227,785,17.4060909,0.232545435
103284.459008,0.144800702,0.241599784,0.233849214,0.233849214,0.280054384,785,10.5274245,0.232715013
103284.469038,0.144521609,0.242516818,0.236009944,0.236009944,0.282749243,785,15.5953219,0.231298125
103284.479067,0.142823065,0.241645846,0.238151013,0.238151013,0.285433554,785,12.5715406,0.2311297
103284.489097,0.140991427,0.239817757,0.240273689,0.240273689,0.288099949,785,10.0535775,0.232485046
103284.499126,0.139108226,0.238330108,0.242378214,0.242378214,0.290749338,785,12.523013,0.233108984
103284.509156,0.136779267,0.240238579,0.244465167,0.244465167,0.293402224,785,16.7872487,0.23304334
103284.519185,0.132673446,0.00591466663,0.0639230819,0.0639230819,0.294407951,787,17.6441966,0.231697087
103284.529215,0.107460241,0.0543214308,0.0542139163,0.0542139163,0.295570117,787,17.5012397,0.231697087
103284.539244,0.0945292737,0.0846214565,0.0519289715,0.0519289715,0.296846833,787,16.5957503,0.230057564
103284.549274,0.0851833076,0.108851704,0.0494428502,0.0494428502,0.29822214,787,17.1338003,0.229318073
103284.559303,0.0800759618,0.121585715,0.0543370612,0.0543370612,0.299648611,787,21.5331382,0.228892782
103284.569333,0.0847852142,0.132070581,0.0501090381,0.0501090381,0.301182368,787,22.2917301,0.225940683
103284.579362,0.0778411819,0.133001484,0.0501434885,0.0501434885,0.302674533,787,19.2058385,0.224530163
103284.589392,0.0695202744,0.115048301,0.0486930368,0.0486930368,0.303984661,787,21.2927209,0.224530163
103284.599421,0.0516383118,0.100987785,0.0437977134,0.0437977134,0.305071448,787,19.1695088,0.224766558
103284.609451,0.053013675,0.084172578,0.0438621268,0.0438621268,0.306051231,787,22.5264486,0.224523331
103284.619480,0.0542384954,0.0501068668,0.0438010543,0.0438010543,0.306800647,787,22.871908,0.225233906
103284.629509,0.0337044711,0.0609021997,0.0411961009,0.0411961009,0.307481478,787,19.0432347,0.224772348
103284.639539,0.00829615235,0.0642875179,0.0406102914,0.0406102914,0.30800892,787,21.9671286,0.22439415
103284.649568,0.00457383865,0.05414813,0.038789024,0.038789024,0.30844015,787,23.8400435,0.22372724
103284.659598,-0.0120824342,0.0481594387,0.0409444524,0.0409444524,0.308714776,787,23.2071595,0.222997111
103284.669627,-0.0262410657,0.0478962583,0.0401123016,0.0401123016,0.308892181,787,21.2615241,0.222374365
103284.679657,-0.0327803916,0.0391967908,0.0425761827,0.0425761827,0.308965365,787,20.4454189,0.22176254
103284.689686,-0.0436605361,0.0179007954,0.0423655353,0.0423655353,0.308813234,787,18.3113246,0.221313359
103284.699716,-0.0422338535,0.0157090644,0.045685438,0.045685438,0.308656948,787,16.4797634,0.221002371
103284.709745,-0.0502965996,0.00865566162,0.0468209164,0.0468209164,0.308396997,787,22.8581027,0.220868604
103284.719775,-0.0565980756,0.000784427108,0.0443003693,0.0443003693,0.30803928,787,23.8264142,0.219487189
103284.729804,-0.0492766082,-0.00586591716,0.0457334881,0.0457334881,0.307682896,787,22.3414409,0.219106579
103284.739834,-0.0604449181,-0.016493977,0.0430557487,0.0430557487,0.307175168,787,22.1388484,0.218061792
103284.749863,-0.0454905594,-0.0237735344,0.0436131131,0.0436131131,0.306712397,787,24.3222184,0.217008992
103284.759893,-0.0525950876,-0.0422452138,0.0429597668,0.0429597668,0.306065208,787,24.283031,0.217262835
103284.769922,-0.0400036203,-0.0293517065,0.0400594118,0.0400594118,0.305596603,787,23.4349049,0.216726817
103284.779952,-0.0320761503,-0.0257362492,0.0413208348,0.0413208348,0.305206565,787,29.0356076,0.216548352
103284.789981,-0.02124676,0.000175807439,0.0400977133,0.0400977133,0.305081233,787,24.5565422,0.217361651
103284.800011,-0.0262407525,0.00918536617,0.0420752295,0.0420752295,0.304991653,787,25.6995274,0.216702188
103284.810040,-0.019650169,0.0227985447,0.0434542246,0.0434542246,0.305048427,787,25.2402282,0.216304627
103284.820070,-0.0380154836,0.022913102,0.0417334343,0.0417334343,0.304990401,787,27.1059511,0.215645454
103284.830099,-0.0426383562,0.0170574884,0.0433320032,0.0433320032,0.304861584,787,24.8337169,0.214770683
103284.840129,-0.028541581,-0.00266729331,0.0408969993,0.0408969993,0.304672091,787,25.0291354,0.214577068
103284.850158,-0.0426782635,-0.00900735555,0.0423654647,0.0423654647,0.304346024,787,32.5889647,0.214310651
103284.860188,-0.028763705,-0.00982831944,0.0426514562,0.0426514562,0.304100997,787,23.8071981,0.213873967
103284.870217,-0.0342812256,-0.0147251956,0.0400396764,0.0400396764,0.303784126,787,29.4682468,0.213873967
103284.880247,-0.0328108969,-0.00173933938,0.0416346178,0.0416346178,0.303577988,787,34.5516943,0.212919835
103284.890276,-0.0314961144,0.00488529355,0.0408787669,0.0408787669,0.303432896,787,26.9489057,0.212509099
103284.900306,-0.0399088598,0.0123156217,0.0430384901,0.0430384901,0.303297141,787,31.7889876,0.212509099
103284.910335,-0.045047517,0.0144374027,0.0440395035,0.0440395035,0.303150913,787,30.1019713,0.212370943
103284.920364,-0.0402599624,0.0214417982,0.0420521064,0.0420521064,0.303093225,787,28.9489989,0.211865774
103284.930394,-0.0428679914,0.0236848274,0.0435943363,0.0435943363,0.303043153,787,29.9982533,0.211680806
103284.940423,-0.0483902465,0.0163248329,0.0418047412,0.0418047412,0.30290719,787,31.9037621,0.211680806
103284.950453,-0.0462524345,0.0011632741,0.0442592986,0.0442592986,0.302664245,787,25.0900874,0.211208696
103284.960482,-0.0468591007,0.0144051192,0.0455977626,0.0455977626,0.302530995,787,22.2964788,0.210639687
103284.970512,-0.0456220054,0.0314740417,0.0442352593,0.0442352593,0.302552269,787,26.7082699,0.208877612
103284.980541,-0.065892557,0.03029087,0.0471945184,0.0471945184,0.30246526,787,26.2828991,0.2084183
103284.990571,-0.0738008194,0.0480370392,0.0467265492,0.0467265492,0.302503956,787,22.3557075,0.207828583
103285.000600,-0.0834532896,0.0601701869,0.0494729883,0.0494729883,0.302622747,787,26.6975892,0.208057991
103285.010630,-0.0823379036,0.064607977,0.0587469072,0.0587469072,0.30281436,785,23.8892592,0.208057991
103285.020659,-0.0802148682,0.069038706,0.0667453002,0.0667453002,0.303084059,785,21.7072051,0.208151625
103285.030689,-0.0779284691,0.0743459905,0.0738849518,0.0738849518,0.303440508,785,22.8355846,0.208008744
103285.040718,-0.0758608714,0.0816311596,0.0803937458,0.0803937458,0.303900847,785,22.5758507,0.208112347
103285.050748,-0.0741770153,0.0909465181,0.0864155297,0.0864155297,0.304482994,785,19.2517252,0.208181168
103285.060777,-0.0729931185,0.101416254,0.0920448671,0.0920448671,0.3051968,785,26.9618586,0.208549726
103285.070807,-0.0722608021,0.112358826,0.0973509029,0.0973509029,0.306046452,785,22.353178,0.208549726
103285.080836,-0.0725273198,0.123139496,0.102382958,0.102382958,0.307028361,785,20.4919797,0.208549726
103285.090866,-0.0737470203,0.132815211,0.107180566,0.107180566,0.308130753,785,23.5565422,0.208410396
103285.100895,-0.0750603863,0.138387368,0.111772957,0.111772957,0.309314254,785,28.5260693,0.208141486
103285.110925,-0.0573237974,0.1323488,0.0538608525,0.0538608525,0.310499696,787,29.5965536,0.207751045
103285.120954,-0.0354930937,0.0890264851,0.0417359302,0.0417359302,0.311314672,787,35.8069114,0.207890316
103285.130984,0.00441540959,0.0170394862,0.0347657999,0.0347657999,0.311496022,787,38.1371453,0.208329309
103285.141013,0.0176636643,-0.0101042674,0.0355129007,0.0355129007,0.311434556,787,34.6144119,0.208055857
103285.151043,0.0154714761,-0.0136435259,0.0383609373,0.0383609373,0.311335467,787,29.0601577,0.207916463
103285.161072,0.0212224479,-0.0136272627,0.0363178871,0.0363178871,0.311247949,787,25.6258563,0.207667348
103285.171102,-0.0104604157,0.0201174117,0.0371909943,0.0371909943,0.311431596,787,29.3702904,0.207072201
103285.181131,-0.0173927801,0.0643112146,0.0422989588,0.0422989588,0.312035478,787,25.8391473,0.207370626
103285.191161,-0.0242335478,0.114556682,0.046320959,0.046320959,0.313122923,787,21.7943775,0.206434465
103285.201190,-0.0303917942,0.134887506,0.0561176613,0.0561176613,0.314406291,785,23.074876,0.206212603
103285.211219,-0.0355171992,0.151341204,0.0644441585,0.0644441585,0.315852299,785,22.721748,0.202607801
103285.221249,-0.0388886972,0.16246362,0.0718143788,0.0718143788,0.317413123,785,20.5881009,0.197761426
103285.231278,-0.040081359,0.168137656,0.0784968222,0.0784968222,0.319037986,785,23.0240696,0.193079695
103285.241308,-0.0401065058,0.170488443,0.0846556797,0.0846556797,0.320695093,785,22.9263559,0.188760446
103285.251337,-0.0400983189,0.170940364,0.0903970182,0.0903970182,0.32236449,785,23.1627572,0.188760446
103285.261367,-0.0404476016,0.171191215,0.0957971419,0.0957971419,0.324043495,785,23.5422641,0.188760446
103285.271396,-0.0403608188,0.169876056,0.100909709,0.100909709,0.325715834,785,22.5053973,0.187725788
103285.281426,-0.0404888704,0.1685662,0.1057776,0.1057776,0.327381125,785,31.5639256,0.187725788
103285.291455,-0.0424673025,0.170143148,0.110432456,0.110432456,0.329066766,785,59.2790613,0.187455079
103285.301485,-0.0447449821,0.170335247,0.114900436,0.114900436,0.330759449,785,73.7080809,0.18770819
103285.311514,-0.0439402644,0.163681192,0.119200487,0.119200487,0.332391068,785,122.731044,0.188128493
103285.321544,-0.0401044202,0.152854004,0.12335087,0.12335087,0.333919509,785,155.075329,0.190895557
103285.331573,-0.0383794856,0.139702575,0.127365577,0.127365577,0.335320414,785,169.173232,0.195100134
103285.341603,-0.0410824615,0.124826757,0.131258132,0.131258132,0.336577426,785,162.432173,0.195100134
103285.351632,-0.0454610148,0.110821775,0.135038627,0.135038627,0.33770005,785,192.627722,0.195100134
103285.361662,-0.0502093372,0.0980680184,0.138717042,0.138717042,0.338702185,785,171.83843,0.196027159
103285.371691,-0.0553259814,0.0872124752,0.142300648,0.142300648,0.339604015,785,172.584252,0.195548312
103285.381721,-0.0597552303,0.0792016186,0.145797178,0.145797178,0.340435083,785,130.834777,0.195548312
103285.391750,-0.0634489225,0.0746336608,0.149212127,0.149212127,0.341230231,785,109.144915,0.198282588
103285.401779,-0.067583326,0.0736628639,0.152551339,0.152551339,0.3420268,785,62.5361236,0.198282588
103285.411809,-0.0734876379,0.0742485491,0.155820027,0.155820027,0.34284357,785,11.9127044,0.198282588
103285.421838,-0.0800551572,0.076993507,0.159021938,0.159021938,0.343704669,785,13.4187868,0.198282588
103285.431868,-0.086354302,0.0822656435,0.162161678,0.162161678,0.34463723,785,14.3298243,0.198282588
103285.441897,-0.0914284169,0.0897605012,0.165242168,0.165242168,0.345663168,785,14.7435375,0.203189083
103285.451927,-0.095500321,0.0982259602,0.16826724,0.16826724,0.346791805,785,15.1810731,0.20590748
103285.461956,-0.0990573363,0.106777102,0.171239266,0.171239266,0.348023395,785,13.9640126,0.202611818
103285.471986,-0.102271399,0.115479369,0.174161634,0.174161634,0.349359138,785,13.8882157,0.202611818
103285.482015,-0.105392936,0.123547623,0.177036301,0.177036301,0.350792285,785,13.2734637,0.202537444
103285.492045,-0.107645361,0.128873126,0.179866025,0.179866025,0.352294362,785,15.5583713,0.202703011
103285.502074,-0.107935791,0.12991264,0.182652161,0.182652161,0.353818515,785,16.4245899,0.202691355
103285.512104,-0.106317832,0.125702361,0.185397011,0.185397011,0.35530891,785,16.3953,0.202518538
103285.522133,-0.103730555,0.116704654,0.188101842,0.188101842,0.35671598,785,14.5517574,0.203304428
103285.532163,-0.101768152,0.104848896,0.190768988,0.190768988,0.358014058,785,18.4664704,0.203966658
103285.542192,-0.100755143,0.0919724723,0.193399583,0.193399583,0.359196206,785,19.2392243,0.206944601
103285.552222,-0.101079384,0.0785668694,0.195995637,0.195995637,0.360262648,785,15.1765343,0.206897219
103285.562251,-0.101797479,0.0632318288,0.19855801,0.19855801,0.361197908,785,11.9130663,0.207493916
103285.572280,-0.102353676,0.0454313204,0.201088264,0.201088264,0.361980767,785,14.204227,0.207361485
103285.582310,-0.103361139,0.0262549765,0.20358786,0.20358786,0.362603085,785,25.0539344,0.206807422
103285.592339,-0.105004918,0.0049097039,0.206057446,0.206057446,0.363051163,785,42.5165148,0.207295545
103285.602369,-0.105849821,-0.0196470089,0.208498681,0.208498681,0.36329818,785,63.863171,0.207352887
103285.612398,-0.104885823,-0.04779123,0.210912258,0.210912258,0.363311163,785,86.4039057,0.207400093
103285.622428,-0.103363501,-0.0772042493,0.213299647,0.213299647,0.363084858,785,85.0348751,0.207512495
103285.632457,-0.102203551,-0.107442521,0.21566135,0.21566135,0.36262463,785,66.9585732,0.207038753
103285.642487,-0.100114449,-0.139766421,0.217999056,0.217999056,0.361922448,785,88.6858332,0.208692397
103285.652516,-0.0967133138,-0.173544661,0.220313514,0.220313514,0.360978561,785,174.695645,0.214733683
103285.662546,-0.0931673349,-0.206974756,0.222606357,0.222606357,0.359820085,785,178.970125,0.218866761
103285.672575,-0.0902028839,-0.238874662,0.224878098,0.224878098,0.358496604,785,189.098106,0.218866761
103285.682605,-0.0888320063,-0.267642085,0.227129564,0.227129564,0.357086967,785,194.560423,0.218866761
103285.692634,-0.089210646,-0.291421361,0.229360607,0.229360607,0.355697689,785,220.896125,0.218866761
103285.702664,-0.0897952118,-0.310142913,0.231571881,0.231571881,0.35443353,785,179.089013,0.218866761
103285.712693,-0.0913166466,-0.32295652,0.233762769,0.233762769,0.353413277,785,149.39222,0.21855793
103285.722723,-0.0936161272,-0.329476167,0.235933285,0.235933285,0.352747351,785,87.9181932,0.218611115
103285.732752,-0.0960408856,-0.33064301,0.238082797,0.238082797,0.352511611,785,60.4644106,0.218631876
103285.742781,-0.0975189589,-0.327750605,0.240211896,0.240211896,0.352729782,785,92.4164942,0.218479373
103285.752811,-0.0969318309,-0.322852674,0.242321556,0.242321556,0.353371222,785,138.478602,0.217953276
103285.762840,-0.0934343306,-0.316705958,0.244412272,0.244412272,0.354367322,785,135.31583,0.216890668
103285.772870,-0.0879232637,-0.308385872,0.246485101,0.246485101,0.355641095,785,179.993603,0.213654087
103285.782899,-0.0814525571,-0.298621676,0.248540416,0.248540416,0.357118669,785,133.765844,0.207484444
103285.792929,-0.0732148358,-0.287606321,0.2505793,0.2505793,0.358721583,785,128.698203,0.205320554
103285.802958,-0.0650621744,-0.274587406,0.252601698,0.252601698,0.360391581,785,91.1881068,0.203180902
103285.812988,-0.0581763214,-0.259528696,0.254608289,0.254608289,0.362086038,785,57.4417623,0.20139686
103285.823017,-0.0532357297,-0.242991735,0.256599006,0.256599006,0.36377433,785,38.5322941,0.199087373
103285.833047,-0.0495582902,-0.225627929,0.258574668,0.258574668,0.365428822,785,24.1279627,0.19626779
103285.843076,-0.0469249184,-0.207745328,0.260535288,0.260535288,0.367026581,785,24.8706042,0.193756121
103285.853106,-0.0454794113,-0.188718904,0.262481553,0.262481553,0.368547344,785,31.0710483,0.191519504
103285.863135,-0.0443444748,-0.168825589,0.264413416,0.264413416,0.369968728,785,29.9162146,0.189737497
103285.873164,-0.0432516139,-0.148777453,0.266331367,0.266331367,0.371275219,785,31.6409916,0.188752297
103285.883194,-0.0424640015,-0.128114738,0.268235862,0.268235862,0.372453657,785,30.7540161,0.187188874
103285.893223,-0.041389768,-0.108326618,0.270126914,0.270126914,0.373499121,785,27.7067301,0.188036732
103285.903253,-0.0398445893,-0.0907370579,0.272005277,0.272005277,0.374417853,785,29.7730659,0.185999164
103285.913282,0.145893114,-0.0841176823,0.072758666,0.072758666,0.374009359,787,30.6737151,0.185585973
103285.923312,0.143397205,-0.065640402,0.0565059405,0.0565059405,0.373549966,787,30.3261753,0.1849612
103285.933341,0.130425891,-0.0650975156,0.0474241134,0.0474241134,0.373229991,787,37.0553368,0.183384756
103285.943371,0.122083946,-0.0612001191,0.047473015,0.047473015,0.372985677,787,39.3292278,0.181585099
103285.953400,0.109116996,-0.0682717176,0.0448444552,0.0448444552,0.37292477,787,34.7652292,0.17834019
103285.963430,0.100093819,-0.0684459992,0.0466057321,0.0466057321,0.372962217,787,29.9291635,0.176293551
103285.973459,0.0935164417,-0.0815797092,0.0446507997,0.0446507997,0.373190247,787,33.9111638,0.172926414
103285.983488,0.0868331995,-0.0897368819,0.0461678614,0.0461678614,0.373566689,787,36.2209967,0.169644974
103285.993518,0.0791443893,-0.0931629575,0.0459374315,0.0459374315,0.374050619,787,39.130789,0.167783338
103286.003547,0.0685296642,-0.0895477299,0.042375947,0.042375947,0.374582845,787,37.5866515,0.164413878
103286.013577,0.060820479,-0.0771923425,0.0427823966,0.0427823966,0.375060739,787,41.876308,0.162586092
103286.023606,0.0581689344,-0.0650225063,0.0397098582,0.0397098582,0.375457819,787,40.7632678,0.159992028
103286.033636,0.0638192496,-0.0582095105,0.0403298445,0.0403298445,0.375791684,787,42.3580995,0.158854636
103286.043665,0.0583141688,-0.0429335661,0.0397565341,0.0397565341,0.376018048,787,44.916456,0.157569632
103286.053695,0.0607515273,-0.0377884031,0.0377347245,0.0377347245,0.376203897,787,41.0518169,0.156367471
103286.063724,0.0581157309,-0.0357752155,0.0394871901,0.0394871901,0.376393028,787,41.7307433,0.155389887
103286.073755,0.049949924,-0.0323323914,0.0387774563,0.0387774563,0.376583136,787,44.7537869,0.152298002
103286.083784,0.0353431417,-0.0244583213,0.0416512102,0.0416512102,0.376741044,787,55.7879657,0.150370213
103286.093813,0.000916152751,0.0152809169,0.0433946125,0.0433946125,0.376596959,787,69.9255054,0.148379272
103286.103843,-0.0120024924,0.0387248505,0.0425003151,0.0425003151,0.376256906,787,110.18939,0.144823005
103286.113872,-0.0145170292,0.0458654679,0.0447563667,0.0447563667,0.375855831,787,129.862802,0.142381997
103286.123902,-0.013914578,0.0437394262,0.0426166099,0.0426166099,0.375475847,787,139.347878,0.138970735
103286.133931,0.000851705568,0.0252172252,0.0430879424,0.0430879424,0.374992295,787,167.162844,0.137360297
103286.143961,0.00367681138,0.0146380507,0.0414109078,0.0414109078,0.374364545,787,175.445661,0.135919288
103286.153990,0.000436945494,0.00991868785,0.0376283613,0.0376283613,0.373802309,787,177.291217,0.134299321
103286.164020,-0.00185063112,0.0107602774,0.0381988045,0.0381988045,0.373249026,787,171.473879,0.132955683
103286.174049,0.0022140915,0.0133485543,0.0369461812,0.0369461812,0.372671647,787,164.980675,0.131002699
103286.184079,0.000310345256,0.0221092694,0.0394729775,0.0394729775,0.372027501,787,161.579203,0.129814133
103286.194108,-0.00678362899,0.0317828382,0.0411309673,0.0411309673,0.371323602,787,163.74525,0.129342338
103286.204137,-0.0091750464,0.0358743645,0.040536556,0.040536556,0.370602652,787,178.537421,0.129319486
103286.214167,-0.00672071025,0.0335712769,0.0427352895,0.0427352895,0.369912211,787,163.430185,0.129143011
103286.224196,0.0117688419,0.0120145854,0.0404526432,0.0404526432,0.369386333,787,188.567408,0.12927422
103286.234226,0.0177745799,0.000971888947,0.0407152071,0.0407152071,0.368958789,791,232.188783,0.129294451
103286.244255,0.0144281391,-0.00188390407,0.0386848278,0.0386848278,0.368577097,791,229.945158,0.129293447
103286.254285,0.0180002498,-0.0111918014,0.0350000997,0.0350000997,0.368283211,791,170.232961,0.128999528
103286.264314,0.0222216098,-0.0261458096,0.0344006468,0.0344006468,0.368129722,791,209.859468,0.128923689
103286.274344,0.0168606834,-0.0298482896,0.0335830321,0.0335830321,0.368031114,791,193.254682,0.129072851
103286.284373,0.0223809082,-0.0329506502,0.035703176,0.035703176,0.367955547,791,227.380638,0.128914579
103286.294402,0.0207480823,-0.033442774,0.0376910535,0.0376910535,0.367894109,791,218.665474,0.12891225
103286.304432,0.0184169055,-0.0361094232,0.0382996637,0.0382996637,0.367867991,791,195.183364,0.129037919
103286.314461,0.0199421331,-0.0419872005,0.0420411461,0.0420411461,0.367900252,791,200.546976,0.128912305
103286.324491,0.0245946807,-0.0452192038,0.0427852101,0.0427852101,0.367960324,791,180.742802,0.128674658
103286.334520,0.026474406,-0.0499113858,0.0467789377,0.0467789377,0.368067928,791,167.216881,0.131146551
103286.344550,0.0300241489,-0.0563961978,0.050091293,0.050091293,0.368238861,789,175.621129,0.13596984
103286.354579,0.0316593047,-0.0549423009,0.0592677741,0.0592677741,0.368397953,789,170.11577,0.14018732
103286.364609,0.0320008594,-0.0499305344,0.0672050226,0.0672050226,0.368511881,789,150.508239,0.142568861
103286.374638,0.032525375,-0.0443958179,0.0742999163,0.0742999163,0.368575824,789,77.7298196,0.142568861
103286.384667,0.0329790086,-0.0402167459,0.0807753483,0.0807753483,0.368603879,789,26.5385274,0.145397161
103286.394697,0.0336436553,-0.0385484761,0.0867706675,0.0867706675,0.368621275,789,30.3919134,0.147891335
103286.404726,0.0370690526,-0.0439732425,0.0923782243,0.0923782243,0.368698182,789,34.4312102,0.152931143
103286.414756,0.0411086808,-0.0544285205,0.0976658716,0.0976658716,0.368884743,789,28.7617006,0.156142379
103286.424785,0.0460238618,-0.0640022617,0.102682145,0.102682145,0.36917243,789,42.5001673,0.158429535
103286.434815,-0.0771247731,0.0315489527,0.0539895409,0.0539895409,0.368473874,791,39.0558071,0.158739915
103286.444844,-0.090031509,0.00230546405,0.041232372,0.041232372,0.368113393,791,43.3307067,0.158320751
103286.454874,-0.0826359957,-0.0110099879,0.0412622217,0.0412622217,0.367929099,791,46.355838,0.158752409
103286.464903,-0.0833601462,0.00241031692,0.0406976016,0.0406976016,0.367655957,791,45.7958037,0.159261386
103286.474932,-0.0880998324,0.0341680427,0.0399699967,0.0399699967,0.367129401,791,41.529738,0.161851435
103286.484962,-0.0951314267,0.0718415977,0.0450770927,0.0450770927,0.366322701,791,32.4507052,0.163985544
103286.494991,-0.0988395375,0.085349109,0.0550942362,0.0550942362,0.365493847,789,29.5629881,0.168176605
103286.505021,-0.10266056,0.0955815504,0.0635540778,0.0635540778,0.36470147,789,25.4275252,0.171754783
103286.515050,-0.105835321,0.101377451,0.0710139717,0.0710139717,0.364013373,789,26.6025726,0.17681899
103286.525080,-0.107714142,0.102025974,0.0777635011,0.0777635011,0.36349217,789,27.1511653,0.182941738
103286.535109,-0.107814642,0.0984783028,0.0839729091,0.0839729091,0.363171422,789,23.7124912,0.18657367
103286.545138,-0.106397421,0.0919594905,0.0897548926,0.0897548926,0.363053254,789,22.4835912,0.190592956
103286.555168,-0.104372669,0.0851394613,0.0951878993,0.0951878993,0.363110363,789,21.6770489,0.193075321
103286.565197,-0.102265123,0.0800959451,0.100327647,0.100327647,0.363302785,789,20.7934703,0.195259879
103286.575227,-0.10016902,0.0767950887,0.105218079,0.105218079,0.363596046,789,20.4087564,0.194625424
103286.585256,-0.0986237564,0.075964771,0.109891582,0.109891582,0.363964534,789,20.1051925,0.193971625
103286.595286,-0.09771868,0.0775103335,0.114375634,0.114375634,0.364393121,789,24.3420758,0.19318856
103286.605315,-0.0977375223,0.0808978853,0.118690881,0.118690881,0.364878401,789,26.2343863,0.192906878
103286.615345,-0.0990779618,0.0850436462,0.122855955,0.122855955,0.365428114,789,21.4929551,0.193126714
103286.625374,-0.101027913,0.0881184693,0.126884884,0.126884884,0.366045957,789,22.7440441,0.193148733
103286.635403,-0.102638328,0.0890844512,0.130790614,0.130790614,0.366723592,789,30.1613591,0.192645507
103286.645433,-0.103452675,0.0873501554,0.134584208,0.134584208,0.367443657,789,30.1004828,0.19230618
103286.655462,-0.103839717,0.0831775425,0.138274139,0.138274139,0.3681888,789,36.1365616,0.192189125
103286.665492,-0.0162183414,0.0801705757,0.0609711236,0.0609711236,0.36809146,791,37.4537012,0.191997832
103286.675521,-0.0242432889,0.0901197949,0.0528196434,0.0528196434,0.368124657,791,40.3306888,0.191581498
103286.685551,-0.0275801621,0.0798351443,0.0479850204,0.0479850204,0.368205724,791,37.3326865,0.191374202
103286.695580,-0.0264514716,0.0678756281,0.0420198436,0.0420198436,0.36827248,791,45.4187723,0.191471088
103286.705610,-0.0267728064,0.0572767952,0.0418172416,0.0418172416,0.368330417,791,38.5622947,0.191747857
103286.715639,-0.0312999263,0.0392833317,0.039486191,0.039486191,0.368388545,791,31.7958164,0.191708777
103286.725668,-0.0391408273,0.0326001537,0.0414239916,0.0414239916,0.368502831,791,31.8055936,0.191577208
103286.735698,-0.0440966001,0.0324858846,0.042965334,0.042965334,0.368662707,791,31.2649152,0.192170767
103286.745727,-0.053810337,0.0345472207,0.0426860741,0.0426860741,0.368917869,791,26.2401201,0.192639361
103286.755757,-0.0641085555,0.0471473035,0.0458030563,0.0458030563,0.369306124,791,25.0054631,0.194125637
103286.765786,-0.0775323355,0.0644562171,0.0457308313,0.0457308313,0.369872654,791,20.8430841,0.195653204
103286.775816,-0.0857876578,0.0801813569,0.0489391895,0.0489391895,0.370566336,791,25.2400504,0.197600788
103286.785845,-0.0773776945,0.0802082978,0.0582972144,0.0582972144,0.371179166,789,25.527941,0.199598093
103286.795874,-0.068284315,0.0800755725,0.0663498698,0.0663498698,0.371706879,789,23.4234902,0.203406941
103286.805904,-0.0596354584,0.0802185372,0.073528013,0.073528013,0.372157454,789,23.7701679,0.206145958
103286.815933,-0.0512930329,0.0812870445,0.0800659842,0.0800659842,0.372540547,789,26.1885006,0.21116485
103286.825963,-0.0428660717,0.0825830248,0.0861109164,0.0861109164,0.372859996,789,22.5963676,0.215627512
103286.835992,-0.0341869091,0.0833372155,0.0917592339,0.0917592339,0.373114725,789,25.6856427,0.221763879
103286.846022,-0.0253701663,0.0839428743,0.0970812499,0.0970812499,0.373306719,789,22.9312751,0.230786134
103286.856051,-0.0157600998,0.0861765305,0.102127074,0.102127074,0.37344218,789,25.232792,0.236642606
103286.866081,-0.00575106833,0.0904423462,0.106936839,0.106936839,0.373535185,789,23.4009513,0.245213094
103286.876110,0.00388768149,0.0960213236,0.111540316,0.111540316,0.373604442,789,37.5895497,0.251343048
103286.886139,0.0131759286,0.102440252,0.115962641,0.115962641,0.373667355,789,55.8641611,0.253458161
103286.896169,0.0218917593,0.109491463,0.120224351,0.120224351,0.373742966,789,58.6884922,0.258240831
103286.906198,0.0298420063,0.116590798,0.124341318,0.124341318,0.373848404,789,75.8142741,0.2595
103286.916228,0.0366187394,0.124822187,0.12832854,0.12832854,0.37401078,789,100.635927,0.2595
103286.926257,0.0424460969,0.134864622,0.132197352,0.132197352,0.3742604,789,118.964057,0.2595
103286.936287,0.0477741606,0.146317506,0.13595897,0.13595897,0.374621886,789,109.325039,0.2595
103286.946316,0.0544266204,0.157359318,0.139621409,0.139621409,0.375094425,789,70.7865006,0.2595
103286.956345,0.063095619,0.166847343,0.143192484,0.143192484,0.375915904,789,36.9311674,0.259419876
103286.966375,0.0731957877,0.174188266,0.146679015,0.146679015,0.377078022,789,16.0725998,0.258526165
103286.976404,0.0837811634,0.180543084,0.150086426,0.150086426,0.378335579,789,24.6882729,0.258468897
103286.986434,0.0945483554,0.185673117,0.153420775,0.153420775,0.379687151,789,22.5543673,0.258466737
103286.996463,0.105370744,0.189196901,0.15668609,0.15668609,0.381125847,789,21.3308728,0.258239407
103287.006493,0.116712544,0.191119209,0.15988707,0.15988707,0.382642334,789,17.4324196,0.249588628
103287.016522,0.128990132,0.192348867,0.163026875,0.163026875,0.384234328,789,19.4149914,0.238167375
103287.026552,0.141515235,0.194252104,0.166109561,0.166109561,0.385915769,789,12.9099888,0.2340254
103287.036581,0.154853574,0.198072791,0.169137515,0.169137515,0.387711986,789,11.7849209,0.22284018
103287.046610,0.167750991,0.20411605,0.172114335,0.172114335,0.389653414,789,16.0621949,0.219184143
103287.056640,0.179573465,0.211094691,0.175042989,0.175042989,0.391755567,789,12.9497118,0.219184143
103287.066668,0.190904416,0.217614575,0.177925166,0.177925166,0.394016094,789,94.5146714,0.215532851
103287.076698,0.201697243,0.224069613,0.180764582,0.180764582,0.396435916,789,142.7984,0.215557454
103287.086727,0.211514638,0.22965475,0.183562787,0.183562787,0.399003908,789,144.942759,0.212278435
103287.096757,0.220611033,0.233729386,0.186322271,0.186322271,0.401702513,789,104.19893,0.212278435
103287.106786,0.229364011,0.236562452,0.189044197,0.189044197,0.40451587,789,118.900707,0.213047206
103287.116816,0.236665202,0.238439761,0.191731126,0.191731126,0.407428922,789,96.1271347,0.215046496
103287.126845,0.240816979,0.240670671,0.194384969,0.194384969,0.410431274,789,39.3068794,0.215476671
103287.136874,0.242310918,0.244083718,0.197007209,0.197007209,0.413519451,789,16.9509837,0.215476671
103287.146904,0.244952299,0.245273579,0.199596372,0.199596372,0.416670133,789,15.9986593,0.215476671
103287.156933,0.249626653,0.241565794,0.202151275,0.202151275,0.419841107,789,14.6117098,0.215476671
103287.166963,0.25380257,0.236068904,0.204673721,0.204673721,0.423013512,789,14.3265072,0.215476671
103287.176992,0.256694183,0.230631885,0.207164365,0.207164365,0.426181026,789,15.4742135,0.215167487
103287.187022,0.256533187,0.227293467,0.209626054,0.209626054,0.429347932,789,15.8764248,0.215167487
103287.197051,0.253306484,0.226154548,0.212060636,0.212060636,0.432515487,789,12.0810661,0.215019707
103287.207080,0.247395529,0.22703096,0.214469875,0.214469875,0.435684025,789,14.8691253,0.218425173
103287.217110,0.239009149,0.229328758,0.216855179,0.216855179,0.43884856,789,16.4398464,0.221853981
103287.227139,0.22912503,0.232039583,0.21921675,0.21921675,0.441999036,789,14.4113902,0.225064656
103287.237169,0.219359474,0.233599498,0.221554625,0.221554625,0.445122182,789,15.7195334,0.229735134
103287.247198,0.211392033,0.234090887,0.223868023,0.223868023,0.448214227,789,14.1380972,0.233786375
103287.257228,0.204462438,0.23367325,0.22615778,0.22615778,0.451271329,789,15.793645,0.239427423
103287.267257,0.198869835,0.231474075,0.228422961,0.228422961,0.454283505,789,12.7392064,0.247782008
103287.277287,0.194961059,0.227895856,0.23066471,0.23066471,0.457247941,789,10.7440257,0.247441109
103287.287316,0.191409764,0.223227562,0.232883503,0.232883503,0.460156445,789,12.9866814,0.247358007
103287.297345,0.188052779,0.217235518,0.235080591,0.235080591,0.46299911,789,13.0137278,0.247358007
103287.307375,0.184014348,0.210121606,0.237256945,0.237256945,0.465763068,789,13.180877,0.247358007
103287.317404,0.180639013,0.203437015,0.23941324,0.23941324,0.468454886,789,17.4053646,0.247358007
103287.327434,0.177618226,0.197653868,0.241550767,0.241550767,0.471084455,789,16.8200603,0.248033816
103287.337463,0.174284476,0.19208266,0.243669474,0.243669474,0.473651189,789,23.6733567,0.247638009
103287.347493,0.171105708,0.186071338,0.24576981,0.24576981,0.476152793,789,20.7676027,0.246529696
103287.357522,0.168267901,0.179482204,0.247851449,0.247851449,0.478585974,789,22.1047284,0.247021257
103287.367552,0.16641946,0.172856408,0.249914754,0.249914754,0.480956626,789,25.0927377,0.246778445
103287.377581,0.166116596,0.16589916,0.251959592,0.251959592,0.483270656,789,24.5606205,0.247764304
103287.387610,0.166639675,0.1593251,0.253986727,0.253986727,0.485536566,789,28.7866248,0.246258108
103287.397640,0.168322194,0.153613443,0.25599717,0.25599717,0.487768767,789,24.9274405,0.246246749
103287.407669,0.170796508,0.149017966,0.257991249,0.257991249,0.489981002,789,25.9660471,0.246086553
103287.417699,0.1734425,0.145225064,0.259969923,0.259969923,0.492181766,789,26.51207,0.245355349
103287.427728,0.176985226,0.141790623,0.261933126,0.261933126,0.494379429,789,34.3602783,0.245779833
103287.437758,0.181383996,0.138934888,0.263881363,0.263881363,0.496584896,789,36.7542883,0.244823013
103287.447787,-0.0622372208,0.128261161,0.0681404296,0.0681404296,0.497248107,791,35.7520556,0.244654554
103287.457816,-0.0510919911,0.121688108,0.048108297,0.048108297,0.497940912,791,38.6556941,0.244297796
103287.467846,-0.0337461205,0.121442037,0.0464464827,0.0464464827,0.498745217,791,44.8557404,0.243853373
103287.477875,-0.0184853515,0.118612401,0.0459779519,0.0459779519,0.49962311,791,41.9817102,0.243146908
103287.487905,-0.00977051275,0.123301717,0.0437121808,0.0437121808,0.500595961,791,44.6343323,0.243377063
103287.497934,0.00248843544,0.127778519,0.0453230952,0.0453230952,0.50167998,791,37.9491994,0.24334576
103287.507964,0.00413752356,0.132258587,0.0426696628,0.0426696628,0.502815791,791,35.8634005,0.243464357
103287.517993,0.0182832088,0.124255071,0.0435176579,0.0435176579,0.50396613,791,36.2662914,0.243633558
103287.528023,0.0205012654,0.0979879874,0.0432587067,0.0432587067,0.504911492,791,32.4377613,0.243347547
103287.538052,0.0167841409,0.0940744525,0.0411769221,0.0411769221,0.50580557,791,34.8927863,0.243176991
103287.548081,0.016509935,0.0884229196,0.0430020738,0.0430020738,0.506652073,791,27.0027107,0.243486557
103287.558111,0.0184563696,0.0785311788,0.0410962194,0.0410962194,0.507426588,791,33.8349199,0.243818009
103287.568140,0.023251885,0.0878860512,0.0431066765,0.0431066765,0.508305756,791,29.6532402,0.24417805
103287.578170,0.0318230296,0.0877832504,0.0434675407,0.0434675407,0.509229365,791,28.4070398,0.244451301
103287.588199,0.0193286797,0.0852917958,0.0413066865,0.0413066865,0.510067499,791,28.293844,0.244206768
103287.598229,0.00870948258,0.0847232304,0.0428934679,0.0428934679,0.510847272,791,25.0329049,0.2440079
103287.608258,0.0138124858,0.0713757307,0.0411396192,0.0411396192,0.511540669,791,26.0379837,0.243608088
103287.618287,0.0148718831,0.0790292501,0.0428390057,0.0428390057,0.51230544,791,27.9666366,0.243518047
103287.628317,0.0190888672,0.0772957394,0.0417700178,0.0417700178,0.513077538,791,24.8163484,0.244335957
103287.638346,0.0195336058,0.0768435373,0.0449138146,0.0449138146,0.51384846,791,22.9788438,0.244335957
103287.648376,0.033398645,0.084281272,0.0460072707,0.0460072707,0.514753043,791,22.7384453,0.244455889
103287.658405,0.0486146135,0.0905776676,0.0446914669,0.0446914669,0.515787624,791,21.8179731,0.242939391
103287.668435,0.0493515619,0.105976904,0.0476901469,0.0476901469,0.516958191,791,20.3926833,0.242172234
103287.678464,0.0627587301,0.116454907,0.0472636334,0.0472636334,0.518285463,791,24.8097381,0.24252038
103287.688494,0.058628377,0.127604065,0.050135357,0.050135357,0.519688247,791,24.2991653,0.240656377
103287.698523,0.0599573591,0.127733004,0.0593054162,0.0593054162,0.521098796,789,21.374843,0.240815289
103287.708552,0.061129556,0.127559405,0.0672379592,0.0672379592,0.522513811,789,19.5737462,0.239873044
103287.718582,0.0625207245,0.128354939,0.0743309846,0.0743309846,0.523942818,789,22.2707706,0.239255721
103287.728611,0.0638150063,0.129349954,0.0808046583,0.0808046583,0.525386743,789,20.3090479,0.237766909
103287.738641,0.0651595001,0.129663839,0.0867988314,0.0867988314,0.526840217,789,23.5115273,0.236256384
103287.748670,0.0678196269,0.129262601,0.0924057444,0.0924057444,0.528303179,789,23.6497132,0.235191137
103287.758700,0.0712910869,0.127726318,0.0976930433,0.0976930433,0.529770038,789,21.3614449,0.23458744
103287.768729,0.075198198,0.124257611,0.102709031,0.102709031,0.531225931,789,19.4403631,0.23458744
103287.778758,0.0792378101,0.120274088,0.107492224,0.107492224,0.532667295,789,15.9312953,0.233802532
103287.788788,0.0835155807,0.116145545,0.11207288,0.11207288,0.534094401,789,16.2567693,0.233802532
103287.798817,0.0864733008,0.111286695,0.116474051,0.116474051,0.535494481,789,18.3076157,0.233802532
103287.808847,0.0894766384,0.106396032,0.120716264,0.120716264,0.536868144,789,12.6217801,0.233802532
103287.818876,0.0918041649,0.101092499,0.12481492,0.12481492,0.538208656,789,13.8714074,0.233695191
103287.828906,0.0937204199,0.0946829676,0.12878445,0.12878445,0.539505255,789,16.3384191,0.233695191
103287.838935,0.0962387181,0.0875145594,0.132635593,0.132635593,0.540754892,789,13.6113186,0.233695191
103287.848964,0.0989288046,0.0798335374,0.136378734,0.136378734,0.541955072,789,14.6533032,0.233695191
103287.858994,0.101557706,0.071910233,0.140022828,0.140022828,0.543104589,789,14.7785318,0.233194243
103287.869023,0.104949536,0.0635864512,0.143574662,0.143574662,0.544205071,789,13.1015837,0.233194243
103287.879053,0.109203666,0.0550343551,0.147041615,0.147041615,0.545261012,789,14.2378266,0.233194243
103287.889082,0.113655497,0.0473395566,0.150428937,0.150428937,0.546282416,789,11.0370736,0.233480813
103287.899112,0.117867459,0.0405285961,0.153742584,0.153742584,0.547277628,789,13.5782487,0.233480813
103287.909141,0.122018967,0.0341131841,0.156986599,0.156986599,0.548251508,789,12.9198717,0.233480813
103287.919171,0.126000439,0.0285959269,0.160165861,0.160165861,0.54921282,789,11.4253755,0.233480813
103287.929200,0.129529901,0.0238598934,0.163283551,0.163283551,0.550167189,789,11.4892192,0.233669974
103287.939229,0.133865666,0.0791626263,0.0701999728,0.0701999728,0.551600104,791,14.6254047,0.233669974
103287.949259,0.132892561,0.0715782656,0.0562963166,0.0562963166,0.5529725,791,16.6491422,0.233944419
103287.959288,0.112251703,0.0794772235,0.0480835926,0.0480835926,0.554288263,791,18.0383815,0.233982018
103287.969318,0.108124919,0.087060967,0.048088921,0.048088921,0.5556412,791,15.8942067,0.234187601
103287.979347,0.103397257,0.0678369214,0.0450636309,0.0450636309,0.556816065,791,17.8878532,0.234742422
103287.989376,0.0987426589,0.0689826507,0.0468883184,0.0468883184,0.55797351,791,16.6751393,0.234837644
103287.999406,0.0897091164,0.0664472447,0.043912879,0.043912879,0.55905724,791,17.5174812,0.234986215
103288.009435,0.0760143495,0.0726798243,0.046006272,0.046006272,0.560105397,791,13.6147671,0.234986215
103288.019465,0.061261772,0.0807945587,0.0468589435,0.0468589435,0.561125324,791,12.3383514,0.235153452
103288.029494,0.0540915655,0.0755106031,0.0434304277,0.0434304277,0.562059684,791,16.4099728,0.234808125
103288.039524,0.0580468259,0.0864295964,0.0449942313,0.0449942313,0.563103423,791,15.5581883,0.234808125
103288.049553,0.0619851227,0.0638338706,0.0425021521,0.0425021521,0.563995752,791,19.7056858,0.234808125
103288.059582,0.0548211069,0.0644348599,0.0448426396,0.0448426396,0.5648484,791,17.4743189,0.235368636
103288.069613,0.063272907,0.0599485885,0.0454497453,0.0454497453,0.565718736,791,17.3008564,0.235155374
103288.079642,0.0672778033,0.0581155572,0.0430966388,0.0430966388,0.566599758,791,17.4301269,0.235338831
103288.089672,0.0566210408,0.074231741,0.0441556614,0.0441556614,0.567539367,791,19.6531233,0.235338831
103288.099701,0.0516851871,0.0687049162,0.0425363122,0.0425363122,0.568405338,791,20.1317066,0.234974922
103288.109731,0.0562128047,0.077183466,0.0435848265,0.0435848265,0.569365143,791,21.9084597,0.234931085
103288.119760,0.0574322306,0.0539274618,0.0456553923,0.0456553923,0.570152313,791,15.6276721,0.235008759
103288.129789,0.0597581782,0.0497253031,0.0408253098,0.0408253098,0.570921639,791,19.9609004,0.235592813
103288.139819,0.0439013847,0.0309663249,0.0418131114,0.0418131114,0.571447412,791,16.8624588,0.235809482
103288.149848,0.0156913547,-0.0235948332,0.0379976797,0.0379976797,0.571376602,791,19.4167333,0.235545951
103288.159878,-0.00256790158,-0.0342474914,0.0400813431,0.0400813431,0.571109654,791,21.5968668,0.235685531
103288.169907,-0.00507604038,-0.0460396414,0.040197975,0.040197975,0.570737155,791,22.8623813,0.235480415
103288.179937,-0.0200433623,-0.054569145,0.0408713323,0.0408713323,0.570204982,791,16.70155,0.235882372
103288.189966,-0.0226399575,-0.0766387336,0.0442342576,0.0442342576,0.569489304,791,20.1617759,0.23571608
103288.199995,-0.0164194404,-0.0992276842,0.0437534227,0.0437534227,0.568645654,791,17.2695087,0.235255395
103288.210025,-0.0201145992,-0.10799848,0.046648797,0.046648797,0.567717222,791,18.7292927,0.235105129
103288.220054,-0.0214545203,-0.119850607,0.0486332534,0.0486332534,0.566698675,791,15.9887592,0.23471832
103288.230084,-0.0239428825,-0.132015792,0.0470857203,0.0470857203,0.565583112,787,19.3273076,0.234868518
103288.240113,-0.0416647197,-0.126400712,0.0490942576,0.0490942576,0.56439664,787,16.0618029,0.234794122
103288.250143,-0.0619221053,-0.110015043,0.0477058466,0.0477058466,0.563192419,787,17.8440988,0.234352272
103288.260172,-0.0736155523,-0.102202842,0.0500386315,0.0500386315,0.561964039,787,18.6080444,0.234352272
103288.270201,-0.0806194043,-0.0977428905,0.0548011421,0.0548011421,0.560718656,787,16.9240185,0.234690387
103288.280231,-0.0759024881,-0.0954161017,0.0633000508,0.0633000508,0.559522525,785,12.8917771,0.234690387
103288.290260,-0.0703328233,-0.0931056307,0.0707865576,0.0707865576,0.558382028,785,14.802775,0.234690387
103288.300290,-0.0663025676,-0.0908457177,0.0775556993,0.0775556993,0.557286112,785,11.1996543,0.234690387
103288.310319,-0.062253366,-0.0882317966,0.0837803407,0.0837803407,0.556237907,785,13.8577624,0.234690387
103288.320348,-0.0792040382,-0.0854375957,0.0710200709,0.0710200709,0.555088653,785,14.2165114,0.234068719
103288.330378,-0.0783502418,-0.0824477818,0.077768935,0.077768935,0.553965791,785,8.58737355,0.234068719
103288.340407,-0.101826608,-0.0934098535,0.0597786873,0.0597786873,0.55259939,787,15.0057072,0.234068719
103288.350437,-0.100773736,-0.101301104,0.0513627134,0.0513627134,0.550951671,787,13.3562849,0.234068719
103288.360466,-0.107686348,-0.10207011,0.0554104792,0.0554104792,0.54903441,787,15.9026203,0.234068719
103288.370496,-0.114275296,-0.103711081,0.0577231882,0.0577231882,0.547096914,787,17.3975046,0.234068719
103288.380525,-0.116739836,-0.0963059443,0.0658458963,0.0658458963,0.545231485,785,14.4712321,0.233808286
103288.390554,-0.117738512,-0.0884322588,0.0730727454,0.0730727454,0.54345163,785,10.8937126,0.233654437
103288.400584,-0.116854314,-0.0813476873,0.0796486354,0.0796486354,0.541765696,785,12.8453799,0.233654437
103288.410613,-0.114145809,-0.0752570515,0.0857223756,0.0857223756,0.540180779,785,12.7401532,0.233654437
103288.420643,-0.107089963,-0.0914022096,0.0617192494,0.0617192494,0.538561679,787,13.169869,0.233654437
103288.430672,-0.115380759,-0.0815697227,0.0550782855,0.0550782855,0.536999927,787,16.9871313,0.233654437
103288.440701,-0.107297944,-0.0643218896,0.0572841897,0.0572841897,0.535666959,785,10.9786315,0.233654437
103288.450731,-0.0988567782,-0.0497434484,0.0540028195,0.0540028195,0.534553927,787,15.8172754,0.233182514
103288.460760,-0.0925157552,-0.0506606966,0.0626096423,0.0626096423,0.533529602,785,14.9514693,0.233182514
103288.470790,-0.0868177568,-0.0525011265,0.0701708097,0.0701708097,0.532586559,785,17.1336345,0.232848029
103288.480819,-0.082342564,-0.0544146583,0.0769936694,0.0769936694,0.53172998,785,18.5896872,0.232848029
103288.490849,-0.0784500242,-0.056656608,0.0832611018,0.0832611018,0.530979404,785,14.9417323,0.234797187
103288.500878,-0.0760585345,-0.0586192874,0.0890892815,0.0890892815,0.530387644,785,16.6619392,0.236698164
103288.510907,-0.0749914121,-0.0595680062,0.0945599906,0.0945599906,0.53005788,785,18.5079296,0.236698164
103288.520937,-0.0742929751,-0.0598997813,0.0997325672,0.0997325672,0.53007943,785,18.2691718,0.239164693
103288.530966,-0.073283352,-0.0593996538,0.104650275,0.104650275,0.530421784,785,21.3365849,0.239164693
103288.540996,-0.0719280821,-0.057978522,0.109348425,0.109348425,0.530961835,785,18.639407,0.239164693
103288.551025,-0.0703479182,-0.0557324245,0.113853333,0.113853333,0.531592963,785,20.2539681,0.245214119
103288.561054,-0.0692604002,-0.0527655031,0.118187528,0.118187528,0.532258838,785,21.5599248,0.247988749
103288.571084,-0.0683892709,-0.0489453104,0.122369568,0.122369568,0.532927658,785,21.2761214,0.249491917
103288.581113,-0.0675311449,-0.0449782793,0.126413756,0.126413756,0.533581537,785,22.5272978,0.24927467
103288.591143,-0.0662571003,-0.0409704015,0.130333698,0.130333698,0.534207451,785,17.8897296,0.249239218
103288.601172,-0.0648551749,-0.0350645407,0.134139548,0.134139548,0.534793266,785,26.1786783,0.249246565
103288.611201,-0.0632316324,-0.0261444863,0.137841149,0.137841149,0.535324342,785,17.8979584,0.249524402
103288.621231,-0.0614266138,-0.0148632367,0.141447092,0.141447092,0.535791213,785,18.5829517,0.249524402
103288.631260,-0.059284751,-0.00226319076,0.144963915,0.144963915,0.536190068,785,22.9582685,0.249524402
103288.641290,-0.0559966763,0.0109733934,0.148398655,0.148398655,0.536515738,785,20.3767823,0.249524402
103288.651319,-0.0516830144,0.0241848929,0.151756306,0.151756306,0.536769235,785,21.9209379,0.249153896
103288.661349,-0.0465227976,0.0365653236,0.155042564,0.155042564,0.536957573,785,19.8662095,0.249153896
103288.671378,-0.0401074275,0.047727675,0.158261175,0.158261175,0.537085149,785,20.8756862,0.249542717
103288.681407,-0.0328886074,0.0576144535,0.161416462,0.161416462,0.53716052,785,20.0393714,0.249262123
103288.691437,-0.0249348078,0.0663971691,0.164512272,0.164512272,0.537192166,785,23.2494248,0.249262123
103288.701466,-0.0174309857,0.0739860059,0.16755121,0.16755121,0.537199725,785,20.9069971,0.249590407
103288.711496,-0.0115569653,0.0812301661,0.170537051,0.170537051,0.537214295,785,16.4882316,0.249590407
103288.721525,-0.00720507011,0.0894631102,0.173472184,0.173472184,0.537268803,785,13.2874418,0.249590407
103288.731554,-0.00388269859,0.0976165435,0.176359543,0.176359543,0.537390841,785,16.3836671,0.249590407
103288.741584,-0.000285388281,0.104238528,0.179201697,0.179201697,0.537587972,785,17.3897148,0.249590407
103288.751613,0.00477750765,0.108544184,0.182000012,0.182000012,0.537846909,785,17.9373414,0.249590407
103288.761643,0.0109020943,0.111122399,0.184756903,0.184756903,0.538154719,785,19.6596945,0.249590407
103288.771672,0.0171515406,0.113063217,0.187473658,0.187473658,0.538508845,785,16.9571577,0.249590407
103288.781701,0.0230543167,0.114921922,0.190152335,0.190152335,0.538912384,785,18.8607256,0.249590407
103288.791731,0.0287669591,0.115852405,0.192794649,0.192794649,0.539359801,785,17.4373991,0.249590407
103288.801760,0.0331372986,0.115185474,0.195401427,0.195401427,0.539844093,785,16.4485572,0.249590407
103288.811790,0.037424984,0.114121108,0.197974585,0.197974585,0.540356966,785,17.0436262,0.249590407
103288.821819,0.0414624468,0.112226406,0.200514884,0.200514884,0.540887217,785,14.6754148,0.249590407
103288.831848,0.045519402,0.10982292,0.203023825,0.203023825,0.541425445,785,14.8193482,0.249590407
103288.841878,0.0498498347,0.107706419,0.205502899,0.205502899,0.541969734,785,12.0760077,0.249590407
103288.851907,0.055623224,0.105126417,0.207952682,0.207952682,0.542509608,785,12.8734696,0.249590407
103288.861937,0.0613148197,0.0995369433,0.210374153,0.210374153,0.543017368,785,14.9289523,0.249590407
103288.871966,0.066369784,0.0927329049,0.212767915,0.212767915,0.543483147,785,13.7941504,0.249590407
103288.881996,0.0729749562,0.0870698261,0.215135526,0.215135526,0.543917306,785,10.9805277,0.249590407
103288.892025,-0.121331237,0.0319260762,0.0623022643,0.0623022643,0.544087377,787,15.2150117,0.249590407
103288.902054,-0.118880472,0.0405944458,0.0530434734,0.0530434734,0.544406792,787,16.6734532,0.249590407
103288.912084,-0.104095442,0.062472761,0.0508871435,0.0508871435,0.544945894,787,14.924003,0.249590407
103288.922113,-0.0964816001,0.0771575241,0.0481185993,0.0481185993,0.545622616,787,14.7505924,0.249590407
103288.932143,-0.0948038462,0.0689416571,0.0576107404,0.0576107404,0.546228215,785,15.3384857,0.249590407
103288.942172,-0.0947944815,0.060192982,0.065747285,0.065747285,0.546763804,785,11.7652303,0.249590407
103288.952201,-0.0958171868,0.05470776,0.0729837827,0.0729837827,0.547264778,785,16.474528,0.249590407
103288.962231,-0.0972902625,0.0513998376,0.0795668958,0.0795668958,0.547753576,785,13.5840536,0.249590407
103288.972260,-0.0986595094,0.0466104475,0.0856462448,0.0856462448,0.548217403,785,12.071475,0.24943405
103288.982290,-0.0426429051,0.101983897,0.0618254488,0.0618254488,0.548893535,787,13.6785469,0.24943405
103288.992319,0.00207729321,0.0630922931,0.044458035,0.044458035,0.549012938,787,15.5979348,0.248726758
103289.002348,0.005595037,0.0245152578,0.0421149647,0.0421149647,0.548780964,787,17.4255388,0.248726758
103289.012378,-0.000788877203,-0.0142283057,0.041370331,0.041370331,0.548244378,787,14.0149206,0.248726758
103289.022407,-0.0131538537,-0.0202883684,0.0418823928,0.0418823928,0.547722775,787,17.7583939,0.248726758
103289.032437,-0.0325064016,-0.0328139436,0.0419084224,0.0419084224,0.547198049,787,19.1145509,0.248616194
103289.042466,-0.0513094999,-0.0175670805,0.0420709897,0.0420709897,0.546916896,787,15.0235789,0.248616194
103289.052495,-0.0667362848,-0.0117903512,0.0447988709,0.0447988709,0.546785075,787,18.6097638,0.248616194
103289.062525,-0.0899989624,-0.0017443182,0.0445497524,0.0445497524,0.546887379,787,21.3720211,0.248700659
103289.072554,-0.109172006,0.00483125228,0.0467544832,0.0467544832,0.547181679,787,22.118815,0.248700659
103289.082584,-0.11447352,0.00845043649,0.0479851261,0.0479851261,0.547565941,787,19.8689545,0.248700659
103289.092613,-0.116204981,0.00662766543,0.045207024,0.045207024,0.547974042,787,21.3540014,0.248700659
103289.102642,-0.104818749,0.00108003753,0.0451488259,0.0451488259,0.548288747,787,23.8159803,0.248700659
103289.112672,-0.0946803541,-0.0208464492,0.0439219465,0.0439219465,0.548402551,787,14.1005434,0.248700659
103289.122701,-0.108057824,-0.0334642342,0.045420105,0.045420105,0.548562202,787,21.0774069,0.248700659
103289.132731,-0.116215793,-0.0487751177,0.0472682634,0.0472682634,0.548732222,787,16.4213887,0.248700659
103289.142760,-0.11079163,-0.0588496577,0.0452480114,0.0452480114,0.548854257,787,21.8916377,0.248342599
103289.152789,-0.117455086,-0.0613618939,0.0480533574,0.0480533574,0.549073784,787,18.2354063,0.248342599
103289.162819,-0.117893862,-0.067275126,0.0461277836,0.0461277836,0.549323968,787,23.0092294,0.248342599
103289.172848,-0.11119497,-0.0604271997,0.0470796848,0.0470796848,0.549598983,787,22.3211086,0.248839367
103289.182878,-0.10419514,-0.0574664502,0.0471771051,0.0471771051,0.549863874,787,23.1201819,0.248839367
103289.192907,-0.0983790646,-0.063213824,0.0443911966,0.0443911966,0.550088771,787,22.4674335,0.248839367
103289.202936,-0.0970988845,-0.0589127159,0.0459625209,0.0459625209,0.550349372,787,19.8215821,0.248839367
103289.212966,-0.0896094491,-0.0331899726,0.0426094147,0.0426094147,0.550640341,787,20.1835697,0.248839367
103289.222995,-0.082209521,-0.0108674197,0.0425506393,0.0425506393,0.550930867,787,22.3207113,0.248839367
103289.233025,-0.0590589426,0.00470124331,0.0410288448,0.0410288448,0.551043183,791,24.6569592,0.248839367
103289.243054,-0.0268898384,0.0313579225,0.0365011744,0.0365011744,0.550923339,791,26.2019248,0.248839367
103289.253083,-0.00567239314,0.020625823,0.0380388255,0.0380388255,0.550577519,791,24.6740645,0.248839367
103289.263113,0.0353300282,0.0203439399,0.0375690988,0.0375690988,0.549854881,791,30.2131617,0.248839367
103289.273142,0.0490436281,0.0218973356,0.0416891341,0.0416891341,0.549027711,791,21.4615893,0.248839367
103289.283172,0.0819286101,0.0238620294,0.042455646,0.042455646,0.547925473,791,21.3574044,0.248839367
103289.293201,0.0875123029,0.0258565835,0.0449442753,0.0449442753,0.546813586,791,24.7924443,0.248839367
103289.303230,0.0987113749,0.0267963349,0.0457537793,0.0457537793,0.545642572,791,20.336394,0.248839367
103289.313260,0.105916578,0.0119722975,0.0430630639,0.0430630639,0.544389924,791,21.997757,0.248839367
103289.323289,0.0960966126,0.00552972956,0.0459667244,0.0459667244,0.543237312,791,14.4327826,0.248367683
103289.333318,0.0946610787,0.0162947406,0.041438918,0.041438918,0.542186214,791,24.9882064,0.248367683
103289.343348,0.0661625797,0.0110953586,0.0425934695,0.0425934695,0.541392696,791,18.973365,0.248367683
103289.353377,0.0449399215,0.00625785251,0.0413808791,0.0413808791,0.540778467,791,21.6458846,0.248367683
103289.363407,0.0440418745,0.011460819,0.0375711185,0.0375711185,0.540218379,791,22.6967095,0.248981454
103289.373436,0.0199329464,0.0335126963,0.0399860785,0.0399860785,0.539997203,791,15.4133473,0.248981454
103289.383465,0.00129046792,0.0388705326,0.0380338272,0.0380338272,0.539970131,791,22.1075159,0.248981454
103289.393495,-0.0148538341,0.0483158879,0.039932546,0.039932546,0.540133669,791,24.8026379,0.248981454
103289.403524,-0.0175599999,0.0635483089,0.0422802525,0.0422802525,0.540416822,791,21.8134352,0.248981454
103289.413554,-0.0330172643,0.0841973881,0.0420825012,0.0420825012,0.540953714,791,18.738137,0.249283473
103289.423583,-0.0506455427,0.0789943223,0.04398619,0.04398619,0.541583298,791,26.8241962,0.249283473
103289.433612,-0.0638861017,0.0795539255,0.0426115259,0.0426115259,0.542302304,791,23.8371913,0.249283473
103289.443642,-0.0677321362,0.0822983105,0.0448449753,0.0448449753,0.543054452,791,19.7739133,0.249123419
103289.453671,-0.0616140321,0.0833887628,0.045387448,0.045387448,0.543757281,791,22.0471501,0.249123419
103289.463701,-0.0399532125,0.0788127159,0.043895132,0.043895132,0.544266186,791,19.6542243,0.249123419
103289.473730,-0.0295220456,0.0879641506,0.0455354827,0.0455354827,0.544764208,791,22.8946858,0.249123419
103289.483759,-0.0175049464,0.0954718469,0.0445077749,0.0445077749,0.545237495,791,16.6641675,0.249123419
103289.493789,-0.0102774445,0.104975481,0.0463732315,0.0463732315,0.54574192,791,19.0248198,0.249123419
103289.503818,0.00369820047,0.117632778,0.0467489688,0.0467489688,0.546270271,791,18.4363786,0.249123419
103289.513848,0.00172225044,0.0990774066,0.0438648425,0.0438648425,0.546679139,791,20.1313493,0.249123419
103289.523877,0.0104539161,0.0950832903,0.0446835793,0.0446835793,0.547017424,791,18.9018623,0.249123419
103289.533906,-0.00339706258,0.0840128114,0.0425231044,0.0425231044,0.547347905,791,20.9935807,0.249123419
103289.543936,0.00729249767,0.0905516012,0.0428097922,0.0428097922,0.547681795,791,22.8333823,0.249123419
103289.553965,0.0127405918,0.0951387249,0.0431808034,0.0431808034,0.548035784,791,17.548812,0.249123419
103289.563994,0.0100781466,0.0756211361,0.0410951364,0.0410951364,0.548240863,791,18.6078649,0.249123419
103289.574024,0.01504336,0.0487197167,0.0420140727,0.0420140727,0.548193048,791,22.429511,0.249123419
103289.584053,0.0185187805,0.05419636,0.0403300818,0.0403300818,0.548185726,791,20.1264436,0.249123419
103289.594083,0.0163470969,0.0537018254,0.0426237205,0.0426237205,0.548190729,791,17.2757746,0.248696354
103289.604112,0.0109241387,0.0670497207,0.0431892097,0.0431892097,0.548343836,791,17.8842053,0.248696354
103289.614141,0.012942373,0.0716280109,0.0410085787,0.0410085787,0.548534275,791,17.35568,0.248696354
103289.624171,0.00560988237,0.0637822117,0.0428733964,0.0428733964,0.548683162,791,17.4650461,0.248696354
103289.634200,0.00456523056,0.0617506074,0.0395569924,0.0395569924,0.548818019,791,23.0337362,0.248696354
103289.644230,0.019246604,0.058257662,0.0422050601,0.0422050601,0.548871392,791,17.9340226,0.248696354
103289.654259,0.010014598,0.0550418163,0.0402359782,0.0402359782,0.548930273,791,18.7362081,0.248696354
103289.664288,-0.00358674529,0.0592125931,0.0419858224,0.0419858224,0.549073221,791,17.4320498,0.248696354
103289.674318,-0.0119322771,0.0484231791,0.0416487694,0.0416487694,0.549140115,791,17.3355056,0.248696354
103289.684347,-0.0176956366,0.0472983404,0.0403971448,0.0403971448,0.549213469,791,16.0825903,0.248696354
103289.694376,-0.00761576384,0.0332203905,0.0416250929,0.0416250929,0.549122462,791,17.3729805,0.248696354
103289.704406,-0.0097774484,0.0241237527,0.0381434292,0.0381434292,0.548955354,791,17.9969217,0.249234164
103289.714435,0.00718295277,-0.0174850718,0.0383262958,0.0383262958,0.548350584,791,23.1325088,0.249225322
103289.724465,0.0184842783,-0.0280935349,0.040110051,0.040110051,0.547623396,791,22.3852121,0.249225322
103289.734494,0.0148546652,-0.050392229,0.0403690982,0.0403690982,0.546714109,791,19.5347765,0.24920338
103289.744523,0.0195416841,-0.0599689026,0.0424344121,0.0424344121,0.545718795,791,20.384946,0.24920338
103289.754553,0.0324298303,-0.0712679904,0.0422358276,0.0422358276,0.544597528,791,16.7415367,0.24920338
103289.764582,0.0595982826,-0.0647525415,0.0450865409,0.0450865409,0.543479758,791,17.0220116,0.24920338
103289.774612,0.0896710491,-0.0755022976,0.0462713408,0.0462713408,0.542214135,791,21.0200707,0.24979075
103289.784641,0.119107166,-0.0652907712,0.0467648534,0.0467648534,0.541047879,791,18.9695159,0.24979075
103289.794670,0.122205512,-0.067206901,0.0564837475,0.0564837475,0.539964106,789,15.4783304,0.24979075
103289.804700,0.124554189,-0.0697541044,0.0647625242,0.0647625242,0.538982293,789,16.0598278,0.24979075
103289.814729,0.126528687,-0.0734431101,0.0720975948,0.0720975948,0.538121157,789,16.0467252,0.24979075
103289.824758,0.128222754,-0.0776171583,0.0787537331,0.0787537331,0.53741082,789,15.4853789,0.24979075
103289.834788,0.129531855,-0.0817455922,0.0848913899,0.0848913899,0.536889291,789,20.4311948,0.24979075
103289.844817,0.146206339,-0.0726111283,0.0718148721,0.0718148721,0.536785312,791,19.4125081,0.24979075
103289.854847,0.149710554,-0.0535409409,0.0536227312,0.0536227312,0.537119629,791,14.4686013,0.249631168
103289.864876,0.154044418,-0.0462681643,0.0508645782,0.0508645782,0.537742628,791,18.6774334,0.249631168
103289.874905,0.135600041,-0.0455223903,0.0491002418,0.0491002418,0.538372524,791,16.4367971,0.249572952
103289.884935,0.126373964,-0.0377063114,0.0519173256,0.0519173256,0.53905629,791,13.5995997,0.249572952
103289.894964,0.0856759396,-0.0464878676,0.0462190878,0.0462190878,0.539396737,791,16.0647488,0.249572952
103289.904993,0.064754376,-0.0554584522,0.0406291021,0.0406291021,0.539555995,791,17.8310747,0.249572952
103289.915023,0.0360629547,-0.0371986671,0.0389931261,0.0389931261,0.539539886,791,21.4977802,0.249572952
103289.925052,0.0124479916,-0.0116523791,0.0371606097,0.0371606097,0.539388623,791,27.5737034,0.250270403
103289.935082,0.00247507001,0.00158718465,0.0363108231,0.0363108231,0.539185254,791,25.5609925,0.250270403
103289.945111,-0.01107177,0.00995297071,0.0397560382,0.0397560382,0.538883164,791,19.6085824,0.250270403
103289.955140,-0.0266411897,0.0149076805,0.0389869476,0.0389869476,0.538458717,791,22.2492525,0.250270403
103289.965170,-0.013269858,0.0185393866,0.0419425969,0.0419425969,0.538182991,791,20.1734711,0.250270403
103289.975199,-0.037835416,0.0252357269,0.0398555217,0.0398555217,0.537716652,791,26.7153922,0.250270403
103289.985228,-0.0499635733,0.0238777784,0.0424339563,0.0424339563,0.537158944,791,18.3850622,0.250270403
103289.995258,-0.0396462152,0.0116605774,0.0441413401,0.0441413401,0.536667677,791,14.9201066,0.250270403
103290.005287,-0.056177696,-0.00435691121,0.0399520069,0.0399520069,0.535977461,791,18.8862993,0.250270403
103290.015317,-0.0701115979,-0.00141444629,0.0423692237,0.0423692237,0.535201315,791,20.7315123,0.250270403
103290.025346,-0.0710406735,0.000357139985,0.0407971019,0.0407971019,0.534456853,791,19.1283597,0.250270403
103290.035375,-0.069313722,-0.00366636103,0.0425709579,0.0425709579,0.533739049,791,18.9802758,0.250270403
103290.045405,-0.0670589007,-0.000472574058,0.0429000467,0.0429000467,0.533095315,791,22.2817651,0.250270403
103290.055434,-0.0582584584,0.00322267794,0.0401047679,0.0401047679,0.532584198,791,20.4557742,0.250270403
103290.065463,-0.0313755002,-0.0128838253,0.0396502671,0.0396502671,0.532179573,791,20.7711903,0.250270403
103290.075493,-0.0114506933,-0.00223229776,0.0360860093,0.0360860093,0.531996642,791,25.7761575,0.250270403
103290.085522,0.00761303534,-0.000471962103,0.0369963692,0.0369963692,0.531958998,791,22.4032434,0.250270403
103290.095552,0.0275772607,0.0239334636,0.0391157225,0.0391157225,0.532231615,791,23.3182681,0.250270403
103290.105581,0.0468744932,0.0356149479,0.0394965353,0.0394965353,0.532714371,791,19.5888707,0.250270403
103290.115610,0.0481315533,0.0382666432,0.04184865,0.04184865,0.533215787,791,19.1797405,0.250270403
103290.125640,0.0543246165,0.036329859,0.0395183908,0.0395183908,0.53373933,791,18.4482006,0.250270403
103290.135669,0.058362039,0.0448712423,0.0412513843,0.0412513843,0.534340138,791,22.1462742,0.250270403
103290.145698,0.0510253928,0.0509601757,0.0408628945,0.0408628945,0.534916613,791,21.784175,0.250270403
103290.155728,0.0409311463,0.0458256264,0.0390998752,0.0390998752,0.535374884,791,22.6634183,0.250270403
103290.165757,0.0283945731,0.0418639581,0.0412456003,0.0412456003,0.535708425,791,20.336249,0.250270403
103290.175787,0.0182877502,0.0317925281,0.0377030404,0.0377030404,0.535896484,791,20.819843,0.250270403
103290.185816,0.0137049193,0.0238356906,0.0384207834,0.0384207834,0.535994734,791,20.6133966,0.250270403
103290.195845,0.00143780607,0.0200438362,0.0389503947,0.0389503947,0.535980772,791,22.1965759,0.250270403
103290.205875,-0.0213831963,0.0130967985,0.0370652773,0.0370652773,0.535766502,791,24.8621233,0.250270403
103290.215904,-0.0227187225,0.0205621002,0.0386617781,0.0386617781,0.535611127,791,20.0498294,0.249815419
103290.225933,-0.0275834307,-0.000222665538,0.0366292138,0.0366292138,0.5352803,791,25.4188501,0.249815419
103290.235963,-0.0201149244,-0.0172395789,0.0387789094,0.0387789094,0.534874142,791,23.8556501,0.249815419
103290.245992,-0.010352914,-0.00412404519,0.0383146177,0.0383146177,0.534637077,791,25.4683613,0.249815419
103290.256021,-0.0184910183,0.0038449783,0.0366840485,0.0366840485,0.534419766,791,22.4528207,0.249815419
103290.266051,-0.0169249053,0.00451895828,0.0386666081,0.0386666081,0.534225206,791,20.8533886,0.249953743
103290.276080,-0.0273741349,0.0128826267,0.0370956286,0.0370956286,0.534051537,791,16.8622986,0.249904556
103290.286110,-0.0106308161,0.0169549956,0.0389375438,0.0389375438,0.534012511,791,22.5209995,0.249904556
103290.296139,0.0095088987,0.0173126488,0.0373712281,0.0373712281,0.534081132,791,18.4105579,0.249904556
103290.306168,-0.00846855206,0.00681208046,0.0384709596,0.0384709596,0.5339702,791,25.101955,0.250266737
103290.316198,0.000299901433,0.0172347805,0.0384720734,0.0384720734,0.533994619,791,21.2533488,0.250266737
103290.326227,0.0115260152,-0.00603316065,0.0356737303,0.0356737303,0.533874005,791,25.5412738,0.250266737
103290.336256,0.0151448023,0.00312824734,0.0369653638,0.0369653638,0.533853838,791,23.2223122,0.250266737
103290.346286,0.00489632875,0.016908736,0.0360048141,0.0360048141,0.533898746,791,23.6640018,0.250266737
103290.356315,0.00200941676,0.0096370865,0.0372589723,0.0372589723,0.533867074,791,24.0852699,0.250266737
103290.366345,0.00298756533,0.0215657235,0.0379519323,0.0379519323,0.533942523,791,22.3525201,0.249649454
103290.376374,0.00193470361,0.0267039483,0.0371107246,0.0371107246,0.534056698,791,19.6348121,0.24857331
103290.386403,0.00364191821,0.0148745689,0.0384616582,0.0384616582,0.534075892,791,20.6293004,0.24857331
103290.396433,0.00368714649,-0.00293589223,0.036677523,0.036677523,0.533941232,791,22.9629131,0.24857331
103290.406462,-0.00409311564,-0.00772380513,0.0376507023,0.0376507023,0.533731243,791,20.8462513,0.248130357
103290.416491,-0.0114726589,-0.00835127102,0.0372629349,0.0372629349,0.533485237,791,24.7711292,0.248130357
103290.426521,-0.00302121772,-0.0126508368,0.0360361683,0.0360361683,0.533246624,791,25.3557408,0.248130357
103290.436550,-0.00871631025,-0.013867922,0.0373210743,0.0373210743,0.532975495,791,21.7732582,0.248239347
103290.446579,-0.0109143424,-0.0055523838,0.0381248049,0.0381248049,0.532771664,791,18.959422,0.248045682
103290.456609,-0.0183344335,-0.0317341271,0.0376549333,0.0376549333,0.532310524,791,25.6452413,0.248045682
103290.466638,-0.0105221598,-0.0259262782,0.0385169292,0.0385169292,0.531944788,791,22.3628775,0.248045682
103290.476667,-0.0152840774,-0.00875051229,0.0368023413,0.0368023413,0.531714605,791,22.0117359,0.246854882
103290.486697,-0.00209162459,-0.0020002177,0.037420322,0.037420322,0.531607531,791,25.3448091,0.24673448
103290.496726,-0.0167239118,-0.00240061549,0.0367975855,0.0367975855,0.53143729,791,25.4128546,0.24673448
103290.506756,-0.0237446542,-0.00171772771,0.0381880551,0.0381880551,0.531256257,791,21.1159801,0.246899649
103290.516785,-0.0188290273,0.0111667879,0.0393060969,0.0393060969,0.531226661,791,20.9117719,0.246899649
103290.526814,-0.00801565423,0.0225925899,0.0365420227,0.0365420227,0.531346087,791,26.613772,0.246899649
103290.536844,-0.0165593243,0.0187610876,0.0386471401,0.0386471401,0.531412537,791,20.6969528,0.246336959
103290.546873,-0.0202748602,0.00734438608,0.0369155035,0.0369155035,0.531371532,791,20.8249611,0.246336959
103290.556902,-0.00440235702,0.0168027193,0.0383000498,0.0383000498,0.531454716,791,25.7082429,0.246336959
103290.566932,-0.0281055519,0.0316155831,0.0384504003,0.0384504003,0.531660272,791,23.6628849,0.246336959
103290.576961,-0.0251389002,0.0341199222,0.0385562926,0.0385562926,0.531908331,791,19.816182,0.246336959
103290.586990,-0.0224851856,0.0406760198,0.0400574237,0.0400574237,0.532229144,791,21.4105899,0.246336959
103290.597020,-0.0268787863,0.0374226856,0.0392376399,0.0392376399,0.532524849,791,24.3201125,0.246336959
103290.607049,-0.0154594621,0.03418001,0.0407116652,0.0407116652,0.532779209,791,24.2308978,0.246336959
103290.617078,-0.0195768711,0.0344179959,0.0380279945,0.0380279945,0.533039114,791,24.6877007,0.246400744
103290.627108,-0.00878805405,0.0237883332,0.0389328847,0.0389328847,0.533177107,791,24.2706933,0.246400744
103290.637137,-0.00694340821,0.0251824112,0.038216336,0.038216336,0.533323369,791,24.4598703,0.2461866
103290.647166,-0.00474033508,0.00749912536,0.0377929949,0.0377929949,0.533291851,791,18.0968292,0.2461866
103290.657196,-0.00969083556,0.00501216616,0.0383376584,0.0383376584,0.533245748,791,20.5108033,0.245589349
103290.667225,-0.00864350324,-0.00762878725,0.0390237727,0.0390237727,0.533077994,791,14.2879827,0.245589349
103290.677255,-0.00525630556,-0.0122436284,0.0403997211,0.0403997211,0.532863813,791,18.6818988,0.245589349
103290.687284,0.00539759113,-0.0107371084,0.0384937366,0.0384937366,0.532646552,791,22.3984002,0.245589349
103290.697314,-0.00310806783,-0.00553362223,0.0364308047,0.0364308047,0.532501264,791,17.7693923,0.245589349
103290.707343,-0.00224429518,-0.00430892726,0.0392804233,0.0392804233,0.532369039,791,15.5814146,0.245589349
103290.717372,0.0028368448,-0.00849729378,0.036423001,0.036423001,0.532188246,791,24.3764005,0.246307458
103290.727402,0.00698890511,-0.00710131621,0.037826565,0.037826565,0.532015666,791,19.8011748,0.246307458
103290.737431,0.0273751998,-0.00438334662,0.0369692688,0.0369692688,0.531838623,791,24.4954429,0.246307458
103290.747460,0.0174930104,0.0135585606,0.0374859034,0.0374859034,0.531866163,791,19.5740306,0.246307458
103290.757489,0.00750857928,0.0339620503,0.0387633882,0.0387633882,0.53210848,791,25.1767758,0.246307458
103290.767519,0.00868957306,0.0389816692,0.0381987683,0.0381987683,0.532396946,791,19.796039,0.246307458
103290.777548,-0.00827242992,0.0410046577,0.0409416742,0.0409416742,0.532710719,791,16.3512224,0.246307458
103290.787577,-0.000156154635,0.0333155337,0.0418685677,0.0418685677,0.532937787,791,17.563468,0.246307458
103290.797607,-0.0184605826,0.0476095629,0.0409276901,0.0409276901,0.533314325,791,11.8639301,0.246307458
103290.807637,-0.0176146815,0.0367779098,0.0419262704,0.0419262704,0.533580111,791,21.4352778,0.246307458
103290.817666,-0.0353250832,0.0532446152,0.0397971384,0.0397971384,0.534029285,791,21.9925723,0.246307458
103290.827695,-0.0322587887,0.0504473877,0.0417391521,0.0417391521,0.534447526,791,18.3904591,0.246307458
103290.837725,-0.016077219,0.045312177,0.0454489308,0.0454489308,0.534781471,791,13.2810458,0.246307458
103290.847754,-0.00882768367,0.0362712677,0.0412275633,0.0412275633,0.535007694,791,15.3803993,0.246307458
103290.857783,-0.0253544743,0.0293613609,0.0410535688,0.0410535688,0.535198325,791,23.363153,0.246307458
103290.867813,-0.00974734076,0.0310459471,0.0387439503,0.0387439503,0.535368639,791,20.5354031,0.246307458
103290.877842,-0.0170704523,0.02000334,0.0401038507,0.0401038507,0.53544747,791,17.8637856,0.246307458
103290.887872,-0.0137671421,0.0231462468,0.0418562014,0.0418562014,0.535547976,791,15.6415746,0.246307458
103290.897901,-0.000209941232,0.0123028577,0.0398462413,0.0398462413,0.53550988,791,16.9486238,0.246307458
103290.907930,-0.00233212276,8.12562842e-05,0.0423273924,0.0423273924,0.535361535,791,14.8525373,0.246307458
103290.917960,0.00263199842,-0.014015313,0.0382131607,0.0382131607,0.535069674,791,17.8652449,0.246307458
103290.927988,0.0170710298,-0.0306265218,0.0399352048,0.0399352048,0.534590045,791,17.8173755,0.246307458
103290.938018,0.0298842192,-0.0325683149,0.0403462563,0.0403462563,0.534074495,791,18.6688712,0.246307458
103290.948048,0.0039460746,-0.0416375668,0.0390241663,0.0390241663,0.533539661,791,15.8950572,0.246307458
103290.958076,0.00275565627,-0.0419598152,0.0411150649,0.0411150649,0.533015527,791,14.9296526,0.246307458
103290.968106,0.00369629969,-0.0443350502,0.0390777626,0.0390777626,0.532477592,791,20.5846642,0.246307458
103290.978136,0.00462027267,-0.0506239128,0.0399109927,0.0399109927,0.531889246,791,23.6915892,0.246307458
103290.988165,0.0071508923,-0.0637036855,0.0387287888,0.0387287888,0.531184004,791,21.6829663,0.246307458
103290.998195,0.010794467,-0.0537092388,0.0411980952,0.0411980952,0.530578304,791,17.1710573,0.246307458
103291.008224,0.0233995091,-0.0538919118,0.0426300599,0.0426300599,0.529946335,791,16.220413,0.246307458
103291.018253,0.0189131889,-0.060444123,0.0415315846,0.0415315846,0.529278291,791,14.1920506,0.245368849
103291.028283,0.0150222209,-0.0597407242,0.0416643712,0.0416643712,0.528640694,791,18.8100318,0.245368849
103291.038312,0.0210473022,-0.0458684204,0.0399909084,0.0399909084,0.528133494,791,19.8585428,0.245368849
103291.048341,0.00236069325,-0.0310797076,0.0414492731,0.0414492731,0.527820339,791,19.7292485,0.245368849
103291.058371,0.013320221,-0.0356125849,0.0405290969,0.0405290969,0.527822121,791,20.6951718,0.245368849
103291.068399,0.0165656991,-0.0329998727,0.0388872505,0.0388872505,0.528181169,791,20.33054,0.245368849
103291.078428,0.00695720881,-0.0421417028,0.0412769012,0.0412769012,0.528580981,791,20.3411614,0.245368849
103291.088458,0.00789782207,-0.0447568048,0.0397265182,0.0397265182,0.529005937,791,18.4110303,0.245368849
103291.098487,0.0124639064,-0.0565666743,0.0405450166,0.0405450166,0.529547762,791,19.4572713,0.245368849
103291.108517,0.0141927199,-0.0570519949,0.0420258502,0.0420258502,0.530088128,791,15.8953495,0.245368849
103291.118546,0.00444517346,-0.0577206944,0.039890604,0.039890604,0.530601804,791,17.4430748,0.245368849
103291.128575,0.0120588915,-0.0440125983,0.0411071034,0.0411071034,0.530991649,791,17.5834118,0.245368849
103291.138605,-0.0059320605,-0.0227481273,0.0393126138,0.0393126138,0.531132086,791,16.251715,0.245368849
103291.148634,-0.00793608199,-0.034852322,0.0405949038,0.0405949038,0.531386917,791,19.0180025,0.245368849
103291.158663,-0.0373866383,-0.0350007348,0.040371971,0.040371971,0.531617073,791,18.6001103,0.245368849
103291.168693,-0.0144791584,-0.0129998471,0.0390344948,0.0390344948,0.53166158,791,17.7429062,0.245368849
103291.178722,-0.0120585767,-0.0190069041,0.0406682222,0.0406682222,0.531769093,791,14.6061265,0.245368849
103291.188752,-0.00897725692,-0.0153443818,0.0424952508,0.0424952508,0.531840675,791,10.6059615,0.245368849
103291.198781,-0.00753781241,-0.0188527657,0.0482275533,0.0482275533,0.531946219,791,11.5070928,0.245368849
103291.208810,-0.012819178,-0.0206658189,0.0470309904,0.0470309904,0.532072088,791,9.70788291,0.245307822
103291.218840,-0.00517761997,-0.0117893527,0.0441414418,0.0441414418,0.532104414,791,12.1350353,0.245307822
103291.228869,-0.000272241936,-0.00592333323,0.0461685744,0.0461685744,0.532074729,791,10.0468516,0.245307822
103291.238898,0.0102353283,0.00537044643,0.0421135308,0.0421135308,0.531927326,791,13.1562505,0.245307822
103291.248928,0.0122653698,0.00534086674,0.0462176458,0.0462176458,0.531784589,791,10.2641599,0.245307822
103291.258957,0.00952981726,0.00616301079,0.0454946173,0.0454946173,0.531640232,791,11.5703597,0.245471331
103291.268986,0.0149938212,0.0209855379,0.0444501348,0.0444501348,0.531356277,791,10.7129887,0.244337631
103291.279016,0.00668320051,0.0135627535,0.0462692623,0.0462692623,0.531152238,791,12.7402909,0.244337631
103291.289045,0.00234117242,0.0068076348,0.044139879,0.044139879,0.531017359,791,9.5650773,0.24394577
103291.299075,0.00557695581,0.0140705176,0.0457190304,0.0457190304,0.530816281,791,12.7568848,0.24394577
103291.309104,-0.0117731294,0.0015775978,0.0427185649,0.0427185649,0.530731667,791,13.8250639,0.24394577
103291.319133,-0.0134337852,0.00159859119,0.0444056582,0.0444056582,0.530652872,791,12.0184287,0.24394577
103291.329163,-0.00370639469,0.00353238316,0.0454073624,0.0454073624,0.530559172,791,8.97724129,0.24394577
103291.339192,-0.00550311904,0.00895269325,0.0445780418,0.0445780418,0.53041515,791,10.5274947,0.24394577
103291.349221,-0.000507657139,0.00311486015,0.0499500789,0.0499500789,0.530330023,791,10.3562037,0.24394577
103291.359251,0.00542233901,0.00284576668,0.0435564348,0.0435564348,0.530247375,791,12.681975,0.24394577
103291.369280,-0.00295028432,0.00172077567,0.0449150728,0.0449150728,0.530179801,791,11.4112857,0.24394577
103291.379310,-0.00154756403,0.0153653746,0.0459137968,0.0459137968,0.529979268,791,11.1572844,0.244224152
103291.389339,-0.00104248207,0.0130677734,0.0448873546,0.0448873546,0.529805213,791,11.7590963,0.244532103
103291.399368,-0.00177758028,0.0277821857,0.0470961412,0.0470961412,0.529490729,791,8.2869361,0.244864031
103291.409398,-0.0065223286,0.0192644374,0.0476222479,0.0476222479,0.529271023,791,9.56610382,0.245167505
103291.419427,0.00294824599,0.00991421271,0.0469407943,0.0469407943,0.529138829,791,13.709138,0.244239426
103291.429456,0.00626175888,0.0238891485,0.0456725507,0.0456725507,0.528870001,791,12.3835401,0.244110255
103291.439486,0.00286339984,0.0235499056,0.0432077152,0.0432077152,0.528612803,791,13.7130409,0.244110255
103291.449515,0.0097716149,0.0367227756,0.04427813,0.04427813,0.528232566,791,10.8436228,0.244335869
103291.459545,0.0106697163,0.0293693156,0.0426671948,0.0426671948,0.527964814,791,12.6644548,0.244335869
103291.469574,0.0110304127,0.0267860442,0.0431508015,0.0431508015,0.527886659,791,10.8030209,0.244335869
103291.479603,-0.00198694456,0.0295106462,0.0431017402,0.0431017402,0.527979494,791,14.87774,0.244335869
103291.489633,-0.00793407693,0.0223947396,0.0421543951,0.0421543951,0.528130771,791,12.1310389,0.244335869
103291.499662,-0.00878746802,0.0325982547,0.0453187867,0.0453187867,0.528422134,791,11.2480561,0.244335869
103291.509691,-0.0115814185,0.0234107892,0.0434127753,0.0434127753,0.528636492,791,14.0234794,0.244335869
103291.519721,-0.0173399287,0.011915737,0.0476752009,0.0476752009,0.528755581,789,7.30568964,0.244335869
103291.529750,-0.0218415358,0.0125697332,0.0484157899,0.0484157899,0.528911537,791,9.63105305,0.244335869
103291.539779,-0.0158145376,0.00767251294,0.0448188291,0.0448188291,0.529015735,791,10.5204727,0.244335869
103291.549809,-0.00968146009,0.00125999728,0.0471022755,0.0471022755,0.529042334,791,11.7133293,0.243790763
103291.559838,-0.022289552,0.00314798322,0.0423899213,0.0423899213,0.529156233,791,10.972478,0.243790763
103291.569868,-0.0188548826,0.00581291035,0.0454481891,0.0454481891,0.529283765,791,8.75849399,0.243790763
103291.579897,-0.0204696032,0.0077044447,0.0460463224,0.0460463224,0.529440348,791,12.3767907,0.243790763
103291.589926,-0.0142892311,-0.0036309598,0.0436555983,0.0436555983,0.529477997,791,13.5266618,0.243790763
103291.599956,-0.00674994358,-0.00820606199,0.0433032171,0.0433032171,0.529437406,791,14.8962692,0.243790763
103291.609985,-0.00624851429,0.0085906774,0.0438565155,0.0438565155,0.529503489,791,10.734949,0.24356655
103291.620014,0.00697072751,0.0020831488,0.0472735104,0.0472735104,0.529429318,789,6.45680201,0.24356655
103291.630044,0.00535579682,0.00640665643,0.0435218598,0.0435218598,0.529400081,791,11.6107927,0.244001997
103291.640073,-0.0081106162,0.0052568283,0.0452773315,0.0452773315,0.529458196,791,16.5563891,0.244001997
103291.650102,0.00130147175,0.00103112473,0.0443143039,0.0443143039,0.529420439,791,12.7911615,0.244001997
103291.660132,0.00810664875,-0.0105369309,0.0424610011,0.0424610011,0.529255624,791,14.2356458,0.244001997
103291.670161,-0.000640720748,-0.0186314796,0.0416114215,0.0416114215,0.529105266,791,15.5311516,0.243681139
103291.680191,0.00795078937,-0.0019028054,0.0403108945,0.0403108945,0.529004562,791,11.7309302,0.24333464
103291.690220,0.00900748759,-0.0102484282,0.0436108293,0.0436108293,0.528844758,791,13.131462,0.24333464
103291.700249,0.000799314094,-0.00150341832,0.0427569115,0.0427569115,0.52880539,791,14.0692307,0.24333464
103291.710279,0.00198969963,0.0137911851,0.0414750778,0.0414750778,0.528859808,791,14.3112294,0.24333464
103291.720308,-0.00890159489,0.0160009363,0.043893477,0.043893477,0.529009927,791,11.545705,0.24327929
103291.730337,-0.00106967206,0.0272123063,0.0408753768,0.0408753768,0.529196384,791,16.896574,0.24327929
103291.740367,-0.00260941909,0.0190739713,0.043056519,0.043056519,0.529334385,791,12.5942351,0.24327929
103291.750396,-0.00935881728,0.0170185513,0.0437955688,0.0437955688,0.529491355,791,12.9490234,0.24327929
103291.760425,0.000999326116,0.0212663523,0.0430676538,0.0430676538,0.52962895,791,10.5391008,0.24327929
103291.770455,0.00535822116,0.0230026241,0.0432928432,0.0432928432,0.529766896,791,16.926908,0.24327929
103291.780484,-0.00395941048,0.0285083592,0.0404120785,0.0404120785,0.529996744,791,14.1938211,0.24327929
103291.790514,-0.000140016014,0.0124459637,0.0416587661,0.0416587661,0.530063826,791,16.4853278,0.24327929
103291.800543,-0.00848369686,0.0205102006,0.0425529343,0.0425529343,0.530234226,791,16.8220953,0.24327929
103291.810572,-0.018169258,0.0262305404,0.0390096427,0.0390096427,0.530489937,791,18.3711408,0.24327929
103291.820602,-0.0231598408,0.0231458586,0.0406125052,0.0406125052,0.530735301,791,16.9436856,0.24327929
103291.830631,-0.0278174539,0.0390544014,0.0406837051,0.0406837051,0.531139647,791,12.8289173,0.24327929
103291.840660,-0.0373847395,0.027322331,0.042896432,0.042896432,0.531482079,791,14.3496749,0.24327929
103291.850690,-0.0309071449,0.0228817033,0.0428560152,0.0428560152,0.531755861,791,15.4672735,0.24327929
103291.860719,-0.0368899014,0.031015552,0.0400497336,0.0400497336,0.532128111,791,16.9803968,0.24327929
103291.870748,-0.035410166,0.0304601386,0.0428785656,0.0428785656,0.532484033,791,13.2298798,0.24327929
103291.880778,-0.0398322984,0.0394585595,0.0431414759,0.0431414759,0.532932547,791,12.5683086,0.24327929
103291.890807,-0.0372376995,0.0428136292,0.0472614061,0.0472614061,0.533384557,791,9.61404968,0.24327929
103291.900837,-0.0338121779,0.0386422573,0.0470481895,0.0470481895,0.53377498,791,11.3193258,0.24327929
103291.910866,-0.0284056431,0.0421867951,0.0456386491,0.0456386491,0.534153485,791,11.8212606,0.24327929
103291.920895,-0.0284321319,0.0352769282,0.0466486563,0.0466486563,0.534470482,791,12.0493172,0.24327929
103291.930925,-0.0258355934,0.0361477351,0.0447001248,0.0447001248,0.534772742,791,12.3009139,0.24327929
103291.940954,-0.0364671957,0.0240662586,0.0452551491,0.0452551491,0.535038422,791,14.7447332,0.24327929
103291.950983,-0.0251983789,0.0386458059,0.0436222207,0.0436222207,0.535344766,791,12.2844139,0.24327929
103291.961013,-0.0255982523,0.0338994667,0.0460894877,0.0460894877,0.535610744,791,12.932791,0.24327929
103291.971042,-0.0206693372,0.02757103,0.0464052412,0.0464052412,0.535792606,791,10.1382949,0.24327929
103291.981071,-0.0283987226,0.0265553517,0.0408527938,0.0408527938,0.536009714,791,16.3106302,0.24327929
103291.991101,-0.0223795336,0.0202914787,0.0440648988,0.0440648988,0.536137939,791,11.3318062,0.24327929
103292.001130,-0.0117946226,-0.00105032958,0.0442046595,0.0442046595,0.536035316,791,13.0454389,0.243209045
103292.011159,-0.0127693479,-0.0048343619,0.045158358,0.045158358,0.535913442,791,10.823002,0.243209045
103292.021189,-0.00932163792,-0.0182426319,0.0455265582,0.0455265582,0.535674303,791,14.1886368,0.243209045
103292.031218,-0.00117928143,-0.0250417175,0.0454978215,0.0454978215,0.535340888,789,7.72965849,0.243209045
103292.041248,-0.0133416248,-0.0273758659,0.047232589,0.047232589,0.535085245,791,11.2294039,0.243209045
103292.051277,0.00421244962,-0.0323125173,0.0437706096,0.0437706096,0.534686627,791,9.42012315,0.243209045
103292.061306,0.0142741432,-0.0457146529,0.0458655528,0.0458655528,0.534140088,791,11.8370976,0.243209045
103292.071336,0.0193926714,-0.035022956,0.0465292676,0.0465292676,0.533642179,791,12.0899519,0.243209045
103292.081365,0.0142580617,-0.0447529775,0.0473879158,0.0473879158,0.533137466,791,8.98754676,0.243209045
103292.091394,0.0108737932,-0.029111784,0.0461041551,0.0461041551,0.532771634,791,12.6230052,0.243209045
103292.101424,0.0227086181,-0.0358814534,0.0440016692,0.0440016692,0.532284877,791,10.6628135,0.243209045
103292.111453,0.0298116123,-0.0345014181,0.0472246281,0.0472246281,0.531761967,791,9.08114694,0.243209045
103292.121482,0.0430109345,-0.0332736944,0.0512860572,0.0512860572,0.531148605,789,7.29122432,0.243209045
103292.131512,0.0332405407,-0.03318059,0.0471114035,0.0471114035,0.530631602,791,8.81415978,0.243209045
103292.141541,0.0272505785,-0.0345912145,0.0489979326,0.0489979326,0.530176326,791,8.11607991,0.243209045
103292.151570,0.00810486362,-0.0290572788,0.0445186713,0.0445186713,0.52993958,791,12.5220614,0.243209045
103292.161600,0.00489901402,-0.0197010881,0.049474881,0.049474881,0.529787158,789,7.93600531,0.243209045
103292.171629,-0.0085824904,-0.00889414231,0.0469632003,0.0469632003,0.529803986,791,12.1573894,0.243209045
103292.181659,0.0094360488,-0.000358561586,0.0493529217,0.0493529217,0.529670289,791,12.5776925,0.243209045
103292.191688,-0.00598523122,-0.00333765345,0.0499035697,0.0499035697,0.529679952,791,9.31597124,0.243209045
103292.201717,-0.00954949019,-0.0187497037,0.0431670392,0.0431670392,0.529700713,791,13.3364947,0.243209045
103292.211747,-0.0227610803,-0.0202557886,0.0429882767,0.0429882767,0.529868974,791,12.6051457,0.243209045
103292.221776,-0.00781112378,-0.0132702611,0.0460527222,0.0460527222,0.52990267,787,11.9478146,0.243209045
103292.231805,-0.0116631789,-0.00554295035,0.0441366524,0.0441366524,0.529975106,787,11.3454304,0.243209045
103292.241835,0.00524794293,-0.000835293246,0.046867749,0.046867749,0.529878011,787,11.466993,0.243209045
103292.251864,-0.0027609614,-0.0094116886,0.0468694414,0.0468694414,0.529868526,785,7.6159926,0.243209045
103292.261893,-0.010476061,0.00515514907,0.0455830682,0.0455830682,0.529922626,787,11.539663,0.243209045
103292.271923,0.00172368102,-0.0029422615,0.0425408809,0.0425408809,0.529863086,787,15.9465567,0.243209045
103292.281952,0.00172111113,-0.0112137337,0.0485435402,0.0485435402,0.529815066,785,7.25113901,0.243209045
103292.291981,0.00406968348,-0.00592050264,0.0453637209,0.0453637209,0.529741629,787,13.5705138,0.243209045
103292.302011,0.0217965986,-0.0183443158,0.0417456418,0.0417456418,0.529531659,787,12.8427686,0.243209045
103292.312040,0.0173916393,-0.0334807598,0.0444881232,0.0444881232,0.52945884,787,14.2429393,0.243209045
103292.322069,0.0181814825,-0.0299373662,0.0437746675,0.0437746675,0.529434759,787,12.5402639,0.243209045
103292.332099,0.0180888857,-0.0340216865,0.0508795557,0.0508795557,0.529507169,787,8.47323922,0.243209045
103292.342128,0.0102245224,-0.0374269883,0.0486284738,0.0486284738,0.529712214,787,9.43514734,0.243209045
103292.352158,0.015311005,-0.0373976763,0.0486840432,0.0486840432,0.529930295,787,10.4872689,0.243209045
103292.362187,0.00405231096,-0.0389497673,0.0465871214,0.0465871214,0.530228206,787,11.2634275,0.243209045
103292.372216,0.020290437,-0.0275772182,0.0423258456,0.0423258456,0.530382336,787,11.9991621,0.243209045
103292.382246,0.0156933966,-0.0208500594,0.0439648469,0.0439648469,0.530499182,787,11.117988,0.243209045
103292.392275,0.0166060886,-0.00798606287,0.0455530757,0.0455530757,0.53049912,787,11.5698948,0.243209045
103292.402304,0.0174002693,-0.0305301044,0.0431148961,0.0431148961,0.530730443,787,11.4963836,0.243149605
103292.412334,0.00693640599,-0.0222895958,0.0477887918,0.0477887918,0.530886892,787,8.37127054,0.243149605
103292.422363,0.000217270119,-0.0100417134,0.0481299153,0.0481299153,0.530921585,787,9.5635408,0.243149605
103292.432392,-0.00105507554,-0.0161089279,0.0461437725,0.0461437725,0.531015413,787,12.744301,0.243149605
103292.442422,-0.00297843469,-0.0110290146,0.0489375347,0.0489375347,0.531057869,787,9.60179946,0.243149605
103292.452451,-0.00865091899,-0.0058960549,0.0494283203,0.0494283203,0.531051459,785,6.78937563,0.243149605
103292.462480,-0.013053014,-0.0119761728,0.0487242707,0.0487242707,0.531110115,787,10.8298431,0.243149605
103292.472510,0.000914817247,-0.00644683833,0.0462024716,0.0462024716,0.531104177,787,9.38905556,0.243149605
103292.482539,-0.00366393733,-0.00878799871,0.0465308372,0.0465308372,0.531124997,787,9.6202434,0.243149605
103292.492568,-0.00157558091,-0.0172674809,0.0471131003,0.0471131003,0.531226791,787,9.25054457,0.243149605
103292.502598,-0.00391671063,-0.0137231911,0.0441192323,0.0441192323,0.531293981,787,10.104866,0.243149605
103292.512627,-0.00325773776,-0.0165596466,0.0506969422,0.0506969422,0.531387123,787,8.92979585,0.243149605
103292.522656,0.0121513791,-0.00621606875,0.0470847726,0.0470847726,0.531364386,787,10.4690168,0.243149605
103292.532686,0.00641602584,-0.00531584441,0.0481693116,0.0481693116,0.531339612,787,10.3784773,0.243149605
103292.542715,-0.00912069443,-0.0132723674,0.0468929136,0.0468929136,0.531402245,787,10.2058719,0.243149605
103292.552744,-0.0174045667,-0.0149963413,0.0449793571,0.0449793571,0.531490456,787,9.61285133,0.243149605
103292.562774,-0.00521827919,-0.00101277547,0.0484150761,0.0484150761,0.531430507,787,8.90417129,0.243149605
103292.572803,-0.00365221628,0.00444482768,0.050739606,0.050739606,0.531317143,787,11.5955055,0.243149605
103292.582833,0.00186838441,0.00120081024,0.0481274571,0.0481274571,0.531230533,787,10.4282159,0.243149605
103292.592862,0.000881891258,-0.0103038104,0.0443939681,0.0443939681,0.531259148,787,14.9802543,0.243149605
103292.602891,0.00432300661,-0.0148718029,0.0442530703,0.0442530703,0.531328101,787,9.62150079,0.243149605
103292.612921,0.0170360177,-0.0134411225,0.0455122569,0.0455122569,0.531373018,787,9.93649765,0.243149605
103292.622950,-0.00672270834,0.00310888042,0.0439201895,0.0439201895,0.531273562,787,12.0847586,0.243149605
103292.632979,0.00310677984,-0.00115065411,0.046316116,0.046316116,0.531210968,787,12.5970459,0.243149605
103292.643009,0.00463195876,0.00429550405,0.0445767014,0.0445767014,0.531095527,787,11.125601,0.243149605
103292.653038,0.00609106786,-0.00951269517,0.0463652255,0.0463652255,0.531117942,787,10.9682287,0.243149605
103292.663067,0.0126709554,-0.00518422761,0.0490470146,0.0490470146,0.531097763,787,8.78732798,0.243149605
103292.673097,0.0231058619,-0.000149816798,0.0484490091,0.0484490091,0.531038067,787,10.1668305,0.243149605
103292.683126,0.0114117463,-0.000517155149,0.0483841013,0.0483841013,0.530985216,787,9.33626344,0.243149605
103292.693155,0.000147339263,0.00524928183,0.0464107101,0.0464107101,0.530868066,787,11.1264053,0.243149605
103292.703185,-0.000994359089,0.00657420799,0.0561916911,0.0561916911,0.53073914,785,6.84609109,0.243149605
103292.713214,-0.0108258468,0.0272344857,0.0566080173,0.0566080173,0.530402272,787,9.39643513,0.243149605
103292.723243,-0.0199173747,0.0111098773,0.0429248084,0.0429248084,0.530232012,787,12.7011048,0.243149605
103292.733273,-0.0121237035,0.00790619072,0.0457680107,0.0457680107,0.530106353,787,10.9218228,0.243149605
103292.743302,0.000833916589,0.00753963007,0.0444291648,0.0444291648,0.529983257,787,9.49094098,0.243149605
103292.753331,-0.00186524662,0.00438114091,0.0448694468,0.0448694468,0.529894997,787,13.721787,0.243149605
103292.763361,-0.00110192558,-0.00189628965,0.0505724336,0.0505724336,0.529869764,785,7.61707875,0.243149605
103292.773390,0.000554866321,-0.00660405102,0.0431491117,0.0431491117,0.529890248,787,11.3125504,0.243149605
103292.783419,0.00087897235,-0.000817201493,0.0424804162,0.0424804162,0.529853383,787,16.1402843,0.243149605
103292.793449,0.00226128358,-0.0122521876,0.04053131,0.04053131,0.529928974,787,15.6751618,0.243149605
103292.803478,-0.00512546402,-0.0196234228,0.0446088604,0.0446088604,0.530079044,787,10.2502968,0.243149605
103292.813507,-0.00605657869,-0.00787441158,0.0462630771,0.0462630771,0.530112333,787,11.35093,0.243149605
103292.823537,0.00508610347,-0.00974560553,0.0430895756,0.0430895756,0.530155677,787,12.5198802,0.243149605
103292.833566,0.00819690131,-0.0109514134,0.0464581572,0.0464581572,0.530210312,787,9.65260638,0.243149605
103292.843595,0.00699851902,-0.00499879863,0.0443654222,0.0443654222,0.530208006,787,13.7791687,0.243149605
103292.853625,0.001834375,-0.0143452146,0.0446808269,0.0446808269,0.53029851,787,13.5713762,0.243149605
103292.863654,-0.00760397926,-0.0154350152,0.0475159534,0.0475159534,0.530398191,787,9.07166904,0.243149605
103292.873683,-0.000643197159,0.00311359746,0.0469271125,0.0469271125,0.53031332,787,9.05189296,0.243149605
103292.883713,-0.0150738923,-0.00513520564,0.0466511713,0.0466511713,0.53031821,787,11.9502899,0.243149605
103292.893742,-0.0103825697,0.00315991647,0.0439687607,0.0439687607,0.530244215,787,9.60522942,0.243149605
103292.903771,-0.000426798358,0.000440380142,0.0330789836,0.0330789836,0.530189042,819,12.8526148,0.243149605
103292.913801,-0.000400613308,-0.00103796601,0.0330088482,0.0330088482,0.530149359,819,15.8588265,0.243149605
103292.923830,-0.00229046018,0.00118880265,0.0411460814,0.0411460814,0.530091035,819,11.0784285,0.243149605
103292.933859,0.000299311845,0.000731727069,0.0330971859,0.0330971859,0.530035175,819,8.78349453,0.243149605
103292.943889,-0.00792521665,-0.00187810453,0.0407100366,0.0407100366,0.530017311,819,11.9544676,0.243149605
103292.953918,-0.000427154106,-0.000910667789,0.0330978079,0.0330978079,0.529979919,817,6.77831178,0.243149605
103292.963947,-0.0159770217,0.00332246964,0.0411301653,0.0411301653,0.529932113,819,11.3533821,0.243149605
103292.973977,-0.0105460332,0.00475767019,0.0465971959,0.0465971959,0.529867728,819,9.69718413,0.243149605
103292.984006,-0.00142609115,-0.00162804432,0.033090789,0.033090789,0.529843043,819,13.7817206,0.243149605
103292.994035,0.00244141667,-0.00396565218,0.0404128729,0.0404128729,0.529830544,819,13.1475857,0.243149605
103293.004065,-0.000979743595,-0.00108280237,0.03308396,0.03308396,0.529800142,819,9.13391838,0.243149605
103293.014094,-0.0002795294,-0.000641742799,0.0330213071,0.0330213071,0.529764329,819,11.896947,0.243149605
103293.024123,-0.000176181195,-0.00101414006,0.0330217651,0.0330217651,0.529732474,819,11.9385564,0.243149605
103293.034153,-0.000143048714,-0.000660472907,0.0330357706,0.0330357706,0.529697805,819,10.9893538,0.243149605
103293.044182,0.000991856838,-0.00142453955,0.0330211037,0.0330211037,0.529668115,819,9.62910827,0.243149605
103293.054211,0.000687178921,-0.00081715532,0.0330320476,0.0330320476,0.529634088,819,13.5492652,0.243149605
103293.064241,4.32015497e-05,-0.000645508278,0.0330492625,0.0330492625,0.529600746,817,6.75316093,0.243149605
103293.074270,-0.000347065844,-0.000646860743,0.0330455747,0.0330455747,0.52956906,819,10.1113598,0.243681678
103293.084299,-0.000378574618,-0.000517252089,0.0330414737,0.0330414737,0.529536848,819,11.4099788,0.243681678
103293.094329,0.000776753445,0.00012065781,0.0330293241,0.0330293241,0.529496287,819,9.1609895,0.243681678
103293.104358,0.00155156613,-0.000450327788,0.0407341475,0.0407341475,0.529460098,819,15.6291487,0.243681678
103293.114387,0.000461320338,-0.00264813024,0.041953855,0.041953855,0.529448305,819,14.9942891,0.243681678
103293.124417,-0.0014712705,-0.00438087565,0.0462841984,0.0462841984,0.529457886,819,10.9951902,0.243681678
103293.134446,0.00170223924,-0.00694847041,0.0524067988,0.0524067988,0.529484497,817,7.71902437,0.243681678
103293.144475,0.00381960897,-0.0235926556,0.0448094529,0.0448094529,0.529667554,819,12.9068945,0.243681678
103293.154505,-0.00719054915,-0.0148460252,0.0449126015,0.0449126015,0.529784384,819,11.1416003,0.243681678
103293.164534,0.00883179769,-0.0198544115,0.0432758058,0.0432758058,0.52991909,819,10.6452172,0.243681678
103293.174563,0.00666698561,-0.0271345347,0.0458491567,0.0458491567,0.530130402,819,10.8254287,0.243681678
103293.184593,0.00112877407,-0.0371780284,0.0522053656,0.0522053656,0.530443999,785,6.01765784,0.243681678
103293.194622,0.0252750788,-0.0141668627,0.0471306539,0.0471306539,0.530517002,785,7.28412211,0.243681678
103293.204651,0.0119541887,-0.0159339916,0.0487970044,0.0487970044,0.530619349,787,8.55979631,0.243681678
103293.214681,-0.00928235184,-0.00922237994,0.0439308475,0.0439308475,0.530649037,787,9.25835399,0.243681678
103293.224710,0.0004032667,-0.00295155957,0.0435913883,0.0435913883,0.530618771,787,11.8908717,0.243681678
103293.234739,-0.00801363537,-0.0037044308,0.0482036358,0.0482036358,0.530596733,787,8.68954392,0.243681678
103293.244769,-0.0101552851,-0.00740110014,0.0430442334,0.0430442334,0.530614497,787,12.9654564,0.243681678
103293.254798,-0.008953804,-0.0191635426,0.0440044205,0.0440044205,0.530749404,787,10.3154474,0.243681678
103293.264827,-0.00983956104,-0.0137261586,0.0410433826,0.0410433826,0.530831096,787,14.068302,0.243681678
103293.274857,-0.0168461708,-0.0186597701,0.0439644651,0.0439644651,0.530970774,787,12.0026968,0.243681678
103293.284886,-0.0201242102,-0.0221161167,0.0420364335,0.0420364335,0.531152829,787,11.589194,0.243681678
103293.294915,-0.0196943049,-0.0322861717,0.0468668728,0.0468668728,0.531434403,785,7.81916227,0.243681678
103293.304945,-0.0267973725,-0.0383071411,0.048631503,0.048631503,0.531789404,787,13.873706,0.243681678
103293.314974,-0.0167423009,-0.0310721433,0.0451386053,0.0451386053,0.532046514,787,9.58081555,0.243491595
103293.325003,-0.010875881,-0.0284429698,0.0515626077,0.0515626077,0.532258216,787,8.64267339,0.243491595
103293.335033,0.00436766169,-0.0328102768,0.043601947,0.043601947,0.532465865,787,15.1549869,0.243491595
103293.345062,0.0107986518,-0.045129308,0.0494255899,0.0494255899,0.532776273,787,10.5493727,0.243491595
103293.355091,0.00352769296,-0.043042588,0.0475432699,0.0475432699,0.533081924,787,11.8323127,0.243491595
103293.365120,-0.00717853496,-0.0202574967,0.0443554313,0.0443554313,0.533183988,787,12.1779038,0.243491595
103293.375150,-0.0137020599,-0.0182889043,0.0443509406,0.0443509406,0.53327891,787,13.5252504,0.24359017
103293.385179,-0.00924896211,-0.0215869033,0.0424837183,0.0424837183,0.533394992,787,12.4360096,0.24359017
103293.395208,-0.00754048471,-0.0152963535,0.0448417586,0.0448417586,0.533445027,787,8.60567305,0.24359017
103293.405238,-0.00833895379,-0.019291948,0.0452863644,0.0452863644,0.533534352,787,8.99192223,0.24359017
103293.415267,-0.00983373768,-0.0247761061,0.0446402627,0.0446402627,0.533677991,787,10.5908151,0.24359017
103293.425296,-0.0056067723,-0.0302922765,0.0444416124,0.0444416124,0.533861428,787,11.0828568,0.24359017
103293.435326,-0.0123702468,-0.0386556353,0.0428366813,0.0428366813,0.534137167,787,13.6322115,0.24359017
103293.445355,-0.0107897346,-0.0182823607,0.0426569036,0.0426569036,0.534209744,787,13.1091595,0.24359017
103293.455384,-0.0101424284,-0.038776795,0.0445674883,0.0445674883,0.534474477,787,14.1902352,0.24359017
103293.465414,0.00190775343,-0.0459685871,0.042874104,0.042874104,0.534773689,787,12.7535791,0.24359017
103293.475443,0.00525986435,-0.0458900871,0.0442232706,0.0442232706,0.535061291,787,12.7941927,0.24359017
103293.485472,0.00855495749,-0.0515600449,0.0446686185,0.0446686185,0.535394633,787,10.2870692,0.24359017
103293.495502,0.0125384832,-0.0523333469,0.0477970779,0.0477970779,0.535726624,787,11.2713696,0.24359017
103293.505531,0.0195377103,-0.0520658444,0.0478889189,0.0478889189,0.536045414,787,12.7291176,0.24359017
103293.515560,0.0235067651,-0.0456746218,0.0468739669,0.0468739669,0.536299491,787,10.0930562,0.24359017
103293.525590,0.0271210553,-0.0615709899,0.0460575076,0.0460575076,0.536711017,787,15.9937607,0.24359017
103293.535619,0.0309361665,-0.0512528786,0.0445287054,0.0445287054,0.537022242,787,10.1741415,0.24359017
103293.545648,0.0263709293,-0.0579657037,0.0468987816,0.0468987816,0.537404085,787,10.4273728,0.24359017
103293.555678,0.0197801691,-0.0586415439,0.0495489773,0.0495489773,0.537790538,787,9.56117327,0.24359017
103293.565707,0.0375136734,-0.0515999721,0.0441139653,0.0441139653,0.538111499,787,11.7177425,0.24359017
103293.575736,0.0331889147,-0.0507972769,0.0472089195,0.0472089195,0.538425936,787,8.34121908,0.24359017
103293.585766,0.0341048763,-0.0437044293,0.0438319409,0.0438319409,0.538673437,787,12.4239391,0.24359017
103293.595795,0.0292317187,-0.0377850598,0.0459143472,0.0459143472,0.538859547,787,12.640178,0.24359017
103293.605824,0.0106695659,-0.0341416895,0.0469142319,0.0469142319,0.538985426,787,9.27774077,0.24359017
103293.615853,0.0102037032,-0.0323600581,0.0472791332,0.0472791332,0.539091146,787,9.99388176,0.24359017
103293.625883,0.00379703818,-0.0423022459,0.0472188488,0.0472188488,0.539282887,787,11.068726,0.24359017
103293.635912,0.00472023122,-0.0417626668,0.0478309067,0.0478309067,0.539466868,787,9.29765075,0.24359017
103293.645941,0.00924023508,-0.0449188763,0.0472200213,0.0472200213,0.53968413,787,12.1889076,0.24359017
103293.655971,0.0132728081,-0.0521619173,0.0459184282,0.0459184282,0.539973382,787,12.0813518,0.24359017
103293.666000,0.0292614336,-0.0599422194,0.0466085263,0.0466085263,0.540357055,787,13.611231,0.24359017
103293.676029,0.0242208875,-0.0398036186,0.046265385,0.046265385,0.540532437,787,14.2494412,0.24359017
103293.686059,0.030304146,-0.0445310678,0.045437387,0.045437387,0.540763456,787,10.379941,0.24359017
103293.696088,0.0268854839,-0.0416740267,0.0502570382,0.0502570382,0.540958928,785,7.23231903,0.24359017
103293.706117,0.0147904452,-0.0304375462,0.0461824913,0.0461824913,0.541019678,787,11.1378005,0.24359017
103293.716147,0.0180411239,0.00203326571,0.0448501389,0.0448501389,0.540775144,787,15.2706868,0.24359017
103293.726176,0.00805956344,0.00833895339,0.0444549567,0.0444549567,0.540454739,787,13.9694708,0.24359017
103293.736205,0.0032606118,0.0108720288,0.0451803251,0.0451803251,0.540106047,787,10.2948576,0.24359017
103293.746235,-0.0107220255,0.0185253611,0.0469324749,0.0469324749,0.539659132,787,10.6445531,0.24359017
103293.756264,-0.0264172529,0.023611723,0.0442876711,0.0442876711,0.539138914,787,11.6132329,0.24359017
103293.766293,-0.0230526907,0.0317516138,0.0480143249,0.0480143249,0.53856061,787,8.53504053,0.244624568
103293.776323,-0.0454771516,0.0268291124,0.0484658571,0.0484658571,0.538005688,787,11.0427591,0.244624568
103293.786352,-0.049652863,0.0382390582,0.0489003594,0.0489003594,0.537360926,787,9.3707283,0.244624568
103293.796381,-0.042460378,0.00799976453,0.0485197439,0.0485197439,0.537050688,787,9.69638931,0.244624568
103293.806411,-0.0285341751,-0.0319478087,0.0431103351,0.0431103351,0.537162242,787,13.1424107,0.244624568
103293.816440,-0.0257270477,-0.0330947349,0.0534966521,0.0534966521,0.537292451,785,5.59300153,0.244624568
103293.826469,-0.0206202941,-0.016536238,0.0490478632,0.0490478632,0.537263909,787,9.49602677,0.244624568
103293.836499,-0.0146903296,-0.0201940782,0.0434938368,0.0434938368,0.537274829,787,13.4506129,0.244624568
103293.846528,0.000929904928,-0.0229331778,0.0464543921,0.0464543921,0.53731048,787,8.53768117,0.244624568
103293.856557,0.0110379728,-0.0197561605,0.0449628799,0.0449628799,0.537313035,787,9.77028115,0.244492759
103293.866586,0.0148277905,-0.00185847869,0.0470940779,0.0470940779,0.53714108,787,11.5000101,0.244492759
103293.876616,0.0279681455,0.000479799683,0.0454900443,0.0454900443,0.536955782,787,13.1423927,0.244492759
103293.886645,0.0198965288,-0.0172999374,0.0432174515,0.0432174515,0.536951778,787,11.5173637,0.244492759
103293.896674,0.0279516855,-0.018055627,0.0451841377,0.0451841377,0.536965503,787,13.3655825,0.244492759
103293.906704,0.0196516867,-0.033226134,0.0424152307,0.0424152307,0.537125582,787,15.1884679,0.244492759
103293.916733,0.022248663,-0.0215508061,0.0437671126,0.0437671126,0.53717435,787,12.2928249,0.244492759
103293.926762,0.015585857,-0.014705066,0.0450836295,0.0450836295,0.537150142,787,10.6829085,0.244492759
103293.936792,0.0082294476,0.000361528246,0.0425293448,0.0425293448,0.53697097,787,14.562208,0.244492759
103293.946821,-0.00030235247,0.0020891871,0.0437576477,0.0437576477,0.536766582,787,14.7226244,0.244492759
103293.956850,0.000901010996,0.010733908,0.0422696403,0.0422696403,0.536483908,787,12.3557543,0.244492759
103293.966880,-0.00493331551,0.0238999599,0.0463506942,0.0463506942,0.536070233,787,9.09482383,0.244492759
103293.976909,-0.0223953703,0.0274149686,0.0410367602,0.0410367602,0.535607165,787,15.9835424,0.244492759
103293.986938,-0.0253566704,0.0397779152,0.0455898489,0.0455898489,0.535033669,787,9.44164746,0.244492759
103293.996968,-0.0174113419,0.0306529188,0.045955346,0.045955346,0.534572646,787,12.4802407,0.244492759
103294.006997,-0.0179153077,0.0211550556,0.0446878254,0.0446878254,0.534216841,787,8.897131,0.244492759
103294.017026,-0.0249807804,0.0399986384,0.0452131589,0.0452131589,0.533685356,787,12.8365832,0.244492759
103294.027055,-0.0181025309,0.0382065582,0.0446713804,0.0446713804,0.533190196,787,9.30587282,0.244492759
103294.037085,-0.0176330481,0.0315434005,0.0450157801,0.0450157801,0.532776054,787,11.0721437,0.244492759
103294.047114,-0.0133356709,0.0370443896,0.0445059606,0.0445059606,0.532319654,787,12.6303629,0.244492759
103294.057143,-0.0210098795,0.0355598111,0.0454715041,0.0454715041,0.531901644,787,9.79921234,0.244492759
103294.067173,-0.0279482633,0.0273524952,0.04753121,0.04753121,0.531599757,787,11.2133495,0.244492759
103294.077202,-0.02544675,0.0317289869,0.0441529893,0.0441529893,0.531282444,787,13.4745442,0.244492759
103294.087231,-0.0170312878,0.0256520926,0.0457527126,0.0457527126,0.53102646,787,13.2305001,0.244492759
103294.097261,-0.00303951139,0.0239477536,0.0470625122,0.0470625122,0.530752483,787,9.88040169,0.244492759
103294.107290,0.00947379993,0.0286231869,0.0473119823,0.0473119823,0.530395792,787,11.0934076,0.244492759
103294.117319,0.00439530465,0.0290877256,0.0455131368,0.0455131368,0.530063093,787,10.7385398,0.244492759
103294.127349,0.00678784515,0.00892297386,0.0456509816,0.0456509816,0.529907578,787,11.7577935,0.244492759
103294.137378,0.0108320926,0.0167921296,0.0506288298,0.0506288298,0.529668544,787,10.3372895,0.244492759
103294.147407,0.0150939012,0.0155836902,0.053666156,0.053666156,0.529429819,787,9.70374463,0.244492759
103294.157437,0.00804124916,0.0259224077,0.044389384,0.044389384,0.529128488,787,13.8623792,0.244492759
103294.167466,0.000821348694,0.0181126965,0.0501389771,0.0501389771,0.528932646,785,7.15232116,0.244492759
103294.177495,0.00459603888,0.0136040147,0.0450770678,0.0450770678,0.528766854,787,9.49278958,0.244492759
103294.187524,0.00452746619,0.0134851576,0.0550941757,0.0550941757,0.528605943,785,7.88254378,0.244492759
103294.197554,0.00281836207,0.0173352407,0.0481345353,0.0481345353,0.528423846,787,14.1539531,0.244492759
103294.207583,-0.000673494223,0.0111948898,0.0446198249,0.0446198249,0.528319624,785,7.59534574,0.244492759
103294.217612,-0.00269269271,0.0245953817,0.0471384696,0.0471384696,0.528151273,787,14.6615549,0.244492759
103294.227642,-0.017442683,-0.000693074069,0.0460343187,0.0460343187,0.528290686,791,11.0550386,0.244492759
103294.237671,-0.00759538988,0.00150055383,0.0463655522,0.0463655522,0.528338599,791,11.144041,0.244492759
103294.247700,-0.0108143832,0.00586490378,0.0481692718,0.0481692718,0.528404607,791,9.54121665,0.244492759
103294.257730,0.00136472918,0.00446932656,0.0438927341,0.0438927341,0.528364919,791,14.3324972,0.244492759
103294.267759,-0.00373345099,0.00555315174,0.0466378157,0.0466378157,0.528375777,791,11.2616678,0.244492759
103294.277788,-0.000358934709,0.00138477733,0.0330363429,0.0330363429,0.528362654,823,14.1660755,0.244492759
103294.287818,0.0019172752,0.00247794088,0.0330072956,0.0330072956,0.528326613,823,16.525473,0.244492759
103294.297847,0.00382797124,0.00110674442,0.0404041018,0.0404041018,0.528274417,823,10.6005553,0.244492759
103294.307876,0.013964792,0.00825198512,0.046317595,0.046317595,0.52812206,823,8.26483995,0.244492759
103294.317906,-0.000765065614,0.000877451275,0.0330981398,0.0330981398,0.528120383,823,15.2283873,0.244492759
103294.327935,-0.0085904447,-0.00137401396,0.0419182512,0.0419182512,0.52819459,821,6.06902665,0.244492759
103294.337964,-0.021941595,0.00476251193,0.0441555105,0.0441555105,0.528401531,823,11.5582778,0.244492759
103294.347994,-0.0152712214,0.00188534936,0.0439030466,0.0439030466,0.528537586,823,12.4482033,0.244492759
103294.358023,-0.00124932984,0.0013530975,0.0330898797,0.0330898797,0.528533263,823,11.7765679,0.244492759
103294.368052,0.00865617044,0.00833240462,0.0414099048,0.0414099048,0.528444132,823,14.7552934,0.244492759
103294.378081,0.00296060195,0.0192964612,0.0443015136,0.0443015136,0.528462056,823,12.000691,0.244492759
103294.388111,-0.00433574408,0.0142912743,0.0469079686,0.0469079686,0.528551133,823,10.0115335,0.244492759
103294.398140,-0.000522175073,0.00185143595,0.0331052978,0.0331052978,0.528547213,823,11.0656205,0.244492759
103294.408169,0.00462525461,-0.00243336143,0.0445748543,0.0445748543,0.528478072,821,7.57603792,0.244492759
103294.418199,0.00428780144,-0.00258371127,0.0486489239,0.0486489239,0.528412257,821,7.15692823,0.244492759
103294.428228,0.00219629543,0.00102039563,0.0330675887,0.0330675887,0.528384737,823,10.9419613,0.244492759
103294.438257,0.00527863847,-0.00106160972,0.0435068309,0.0435068309,0.5283218,823,8.35081271,0.244492759
103294.448287,0.0117073255,0.0114168901,0.0452553469,0.0452553469,0.528302554,823,8.31733099,0.244492759
103294.458316,0.000331824565,0.000732421456,0.0331189653,0.0331189653,0.5282929,821,6.40937477,0.244492759
103294.468345,-0.000685285604,0.00084395716,0.0330465935,0.0330465935,0.528290597,823,11.3990286,0.244492759
103294.478375,-0.00334897334,0.00370795421,0.042722172,0.042722172,0.528326705,821,7.88895534,0.244492759
103294.488404,-0.0012950232,0.000629307443,0.0330668119,0.0330668119,0.528325902,823,13.431354,0.244492759
103294.498433,-0.000731251344,0.000271140935,0.0330197003,0.0330197003,0.528318906,823,9.45389171,0.244492759
103294.508463,-0.00145778625,0.00653603033,0.0430658025,0.0430658025,0.528364538,823,9.04774617,0.244492759
103294.518492,0.00428543796,-0.0068601269,0.0462332159,0.0462332159,0.528271026,823,10.1336442,0.244492759
103294.528521,0.00211945272,-0.000891922172,0.046895195,0.046895195,0.528238787,823,10.9470816,0.244492759
103294.538550,0.000751570605,-0.000616605453,0.0331462603,0.0331462603,0.52821757,821,7.60267727,0.244492759
103294.548580,0.000851475925,-0.000138554899,0.0330445438,0.0330445438,0.528199968,823,10.1470354,0.244492759
103294.558609,0.000651899,-0.000624896978,0.0330242429,0.0330242429,0.528180059,823,11.8749478,0.244492759
103294.568638,-9.62697225e-05,6.29655721e-05,0.0330467005,0.0330467005,0.528170346,823,10.961336,0.244107631
103294.578668,-0.000115970088,-0.000423664812,0.0330398912,0.0330398912,0.528157088,823,9.58425095,0.244107631
103294.588697,-0.000127487545,0.000588510247,0.033043242,0.033043242,0.528152165,823,9.82539354,0.244107631
103294.598726,-0.00263340535,-8.39175539e-05,0.0330004725,0.0330004725,0.528157051,823,9.9600775,0.244107631
103294.608756,0.0065877776,0.00151529726,0.042394231,0.042394231,0.528121574,823,11.5169896,0.244107631
103294.618785,0.00340334158,-0.00693859521,0.0455982572,0.0455982572,0.528036385,823,10.9118102,0.244107631
103294.628814,0.000546653897,-0.000701390193,0.0331256798,0.0331256798,0.528019732,823,8.94459235,0.244107631
103294.638844,0.0116014557,0.00134817603,0.0419673144,0.0419673144,0.527977713,823,12.492459,0.244107631
103294.648873,0.00192827805,0.00158241169,0.0443375336,0.0443375336,0.527981697,823,10.2077209,0.244107631
103294.658902,0.000400585222,0.000582711778,0.0330839555,0.0330839555,0.527979691,823,10.371851,0.244107631
103294.668931,-0.00503215872,-0.00501191896,0.0406076657,0.0406076657,0.527939065,823,11.7111887,0.244107631
103294.678961,-0.0023984345,-0.00620780981,0.0455876455,0.0455876455,0.527888743,823,10.3443754,0.244107631
103294.688990,-0.000442853652,0.000586697184,0.033098157,0.033098157,0.527890893,823,8.75783669,0.244107631
103294.699019,0.000468329983,0.00202005056,0.0405879372,0.0405879372,0.52790069,823,12.5183902,0.244107631
103294.709049,-0.000282117566,-0.000105606591,0.0330831204,0.0330831204,0.527895841,823,14.8254861,0.244107631
103294.719078,0.000158738031,0.000465663492,0.0330274785,0.0330274785,0.527893918,823,8.96993063,0.244107631
103294.729107,-0.000378284409,0.000425218034,0.0330281907,0.0330281907,0.527894221,823,12.8616107,0.244107631
103294.739137,-0.00106165083,-0.000121681956,0.0330584043,0.0330584043,0.527893211,823,8.76800006,0.244107631
103294.749166,0.00462616862,0.00102218048,0.0402333332,0.0402333332,0.527877427,823,13.4346912,0.244107631
103294.759195,0.000522733173,-0.000368873746,0.033103726,0.033103726,0.527867439,823,9.95983809,0.244107631
103294.769225,-0.000213735958,-0.000242649673,0.0330681178,0.0330681178,0.527861286,823,9.88910214,0.244107631
103294.779254,-0.000883886419,6.30927597e-05,0.0330235341,0.0330235341,0.527860512,823,12.085743,0.244107631
103294.789283,0.000436834565,-0.00104020793,0.0330507019,0.0330507019,0.527844931,823,8.06164338,0.244107631
103294.799313,-0.00515937526,0.00416917402,0.0418702039,0.0418702039,0.527899742,823,10.5776349,0.244107631
103294.809342,0.00293345098,-0.00253897769,0.0446224986,0.0446224986,0.527859052,823,9.64317587,0.244107631
103294.819371,0.000700113594,-0.00014215658,0.0330429072,0.0330429072,0.527850423,823,12.5370078,0.244107631
103294.829400,-0.000770792134,-0.000237238571,0.0330526774,0.0330526774,0.527847254,823,10.0741421,0.244107631
103294.839430,0.00133477132,0.000526751491,0.0415299847,0.0415299847,0.527842328,823,13.5153879,0.244107631
103294.849459,0.000496068534,0.000267316943,0.0330655,0.0330655,0.527838837,823,10.610382,0.244107631
103294.859488,0.000433694048,-5.19912223e-05,0.0330396665,0.0330396665,0.52783281,823,10.1550436,0.244107631
103294.869518,3.29547722e-05,0.000592126948,0.0330141969,0.0330141969,0.527834246,823,11.0105934,0.244107631
103294.879547,0.000206588366,0.000383646765,0.0330390969,0.0330390969,0.527833193,823,10.1904581,0.244107631
103294.889576,0.000244748684,2.06376096e-05,0.0330299381,0.0330299381,0.527828693,823,10.4235541,0.244107631
103294.899606,-0.000823665225,0.00560141206,0.041691505,0.041691505,0.527879938,823,9.93007601,0.244107631
103294.909635,0.00643939528,0.00571826964,0.0471262845,0.0471262845,0.527922422,823,9.33468398,0.244107631
103294.919664,0.000553881718,0.000436448074,0.0330765419,0.0330765419,0.527921026,823,10.55293,0.244107631
103294.929694,-0.000383281045,0.000273612778,0.0330413195,0.0330413195,0.527918013,823,10.6613709,0.244107631
103294.939723,0.00504776399,0.00443773018,0.0400173109,0.0400173109,0.527959793,823,13.5823539,0.244107631
103294.949752,0.00369916226,0.00447660785,0.045289044,0.045289044,0.528003516,823,11.354,0.244107631
103294.959781,-0.000519534605,0.000623868834,0.0330859904,0.0330859904,0.528001073,823,11.9814292,0.244107631
103294.969811,0.000365854321,0.000737373003,0.0330333465,0.0330333465,0.528001673,821,7.84551919,0.244107631
103294.979840,0.000935143669,-0.000128399277,0.0330372833,0.0330372833,0.52799529,823,12.9244793,0.244107631
103294.989869,-0.00103400714,0.00921691175,0.0415216295,0.0415216295,0.528074761,823,8.99725989,0.244107631
103294.999899,-0.000868902728,-0.000736419082,0.0330695134,0.0330695134,0.52805752,823,11.6771669,0.244107631
103295.009928,-0.0108271684,0.00123433318,0.0411686194,0.0411686194,0.528058315,823,11.4366728,0.244107631
103295.019957,0.00827580049,-0.00208197131,0.0425633796,0.0425633796,0.528029503,823,15.1430818,0.244107631
103295.029987,0.00291125448,0.00350846694,0.0439234013,0.0439234013,0.528059647,823,12.7120421,0.244107631
103295.040016,-0.00063520072,0.00197267778,0.0330674123,0.0330674123,0.528069491,821,7.51581562,0.244107631
103295.050045,-0.00476761991,0.00413672812,0.0423350169,0.0423350169,0.528097597,823,11.4203373,0.244107631
103295.060075,-0.000500807568,-0.000508592532,0.0330680657,0.0330680657,0.528083339,823,15.2220677,0.244107631
103295.070104,-0.000650093703,0.000598299807,0.0330283513,0.0330283513,0.528080293,823,11.7672469,0.244107631
103295.080133,1.1800849e-05,-0.000164611971,0.0330722874,0.0330722874,0.528069864,821,6.59446527,0.244107631
103295.090162,-0.00430670148,0.00624849914,0.0410520411,0.0410520411,0.528124439,823,9.34676231,0.244107631
103295.100192,-0.00959569693,-0.00343722388,0.04534498,0.04534498,0.528099183,823,11.9123989,0.244107631
103295.110221,-0.000157453843,0.0173376496,0.0461899395,0.0461899395,0.528255467,823,11.3740745,0.244107631
103295.120250,-0.00534234618,0.00540811441,0.0448193167,0.0448193167,0.528307603,823,11.8148116,0.244107631
103295.130280,-8.32507677e-05,0.00051130239,0.0330599139,0.0330599139,0.528299382,823,14.2258354,0.244107631
103295.140309,-0.000184375064,0.0071227495,0.03908066,0.03908066,0.528354365,823,17.9718816,0.244107631
103295.150338,-0.000234929773,-0.000575421075,0.0330795107,0.0330795107,0.528335267,823,9.3615205,0.244107631
103295.160368,0.000257903172,-0.00652984016,0.0427888251,0.0427888251,0.528258837,823,9.62619678,0.244107631
103295.170397,-0.00199072372,-0.00447738046,0.0448691965,0.0448691965,0.528210384,823,10.2913498,0.244107631
103295.180426,-0.014562044,0.00279019539,0.0442800055,0.0442800055,0.528283934,823,13.3571823,0.244107631
103295.190456,-0.0137006602,-0.000227587406,0.0440859518,0.0440859518,0.528346651,823,9.05014786,0.244107631
103295.200485,-0.00112666191,0.00106014748,0.0330955626,0.0330955626,0.528347699,823,11.5980578,0.244107631
103295.210514,-0.000584067869,0.000959066198,0.0330483782,0.0330483782,0.528344552,823,9.45633864,0.244107631
103295.220543,0.0104582064,-0.00144154543,0.0410613204,0.0410613204,0.528257932,823,11.5082295,0.244107631
103295.230573,0.0157123461,0.00467889935,0.0444479855,0.0444479855,0.528220066,823,10.2193645,0.244107631
103295.240602,-0.00324219488,-0.0015268963,0.0418247448,0.0418247448,0.528205153,823,13.3754126,0.244107631
103295.250631,-0.000188700637,-0.000245065482,0.033080063,0.033080063,0.528192332,823,11.5967201,0.244107631
103295.260661,0.000745931023,0.000332663419,0.0329744324,0.0329744324,0.528181693,823,13.6839387,0.244107631
103295.270690,-0.0039261081,-0.00685122441,0.0421279243,0.0421279243,0.528125449,823,12.1165275,0.244107631
103295.280719,-0.00179251512,0.00846453066,0.0461091984,0.0461091984,0.528198014,823,10.2588496,0.244107631
103295.290749,-0.0015204459,0.0186760701,0.0442708838,0.0442708838,0.528361965,823,11.3836068,0.244107631
103295.300778,0.0108692161,0.000825050345,0.045417396,0.045417396,0.528325666,823,11.6932042,0.244107631
103295.310807,-0.00747301682,0.00806097658,0.0447397857,0.0447397857,0.528406688,823,12.8179761,0.244107631
103295.320836,5.42204441e-05,0.000578337961,0.0330915765,0.0330915765,0.528396782,823,9.66054827,0.244107631
103295.330866,0.0095576958,-0.004318689,0.0414274868,0.0414274868,0.528319809,823,12.0483495,0.244107631
103295.340895,0.00486027088,-0.00273715923,0.0424535411,0.0424535411,0.528273491,823,11.0285341,0.244107631
103295.350924,0.0157844976,-0.00585636431,0.0456496557,0.0456496557,0.528208563,823,12.5164345,0.244107631
103295.360954,0.0146825612,-0.00163606173,0.0459115365,0.0459115365,0.528223479,821,7.26906766,0.244107631
103295.370983,0.00069935531,0.000587266836,0.0331006017,0.0331006017,0.528219923,823,9.44671754,0.244107631
103295.381012,-4.76439631e-05,-0.000997613407,0.0330238777,0.0330238777,0.528199238,823,14.1148133,0.244107631
103295.391042,-0.000820158185,2.2357662e-06,0.0329937252,0.0329937252,0.528184807,823,16.956777,0.244107631
103295.401071,-0.000318100137,0.000402844723,0.0330009457,0.0330009457,0.528176323,823,15.6461301,0.244107631
103295.411100,-0.00117298303,-0.000597261005,0.0329924169,0.0329924169,0.528155734,823,14.1772644,0.244107631
103295.421130,-0.000701187429,0.000381931479,0.0330109938,0.0330109938,0.528146343,823,15.0703811,0.244107631
103295.431159,0.000166929528,0.000357885313,0.0330563921,0.0330563921,0.528140109,821,6.71551278,0.244107631
103295.441188,0.000296823449,-0.000171521167,0.0330370977,0.0330370977,0.528129637,823,9.9368139,0.244107631
103295.451217,0.000177470183,-0.000640588287,0.0330532736,0.0330532736,0.528114683,821,7.05198029,0.244107631
103295.461247,-0.000344939997,0.000163893435,0.033030659,0.033030659,0.528105407,823,9.79402366,0.244107631
103295.471276,-0.000476295658,0.00520067245,0.0426024805,0.0426024805,0.528142313,823,9.12342686,0.244107631
103295.481305,-0.000875161283,-0.000214106211,0.0330683276,0.0330683276,0.528127505,823,13.2063311,0.244107631
103295.491335,-0.00460231785,-0.00300476422,0.0405914251,0.0405914251,0.528076678,823,12.7764702,0.244107631
103295.501364,0.000281371243,0.000738862477,0.0330598575,0.0330598575,0.52807566,823,12.597615,0.244107631
103295.511393,0.000529197617,0.000848086751,0.0330140614,0.0330140614,0.528076313,823,12.3251816,0.244107631
103295.521423,-0.00378205101,0.00732567411,0.0404655704,0.0404655704,0.52813083,823,16.8860886,0.244107631
103295.531452,-0.00142893167,0.00120043294,0.0330683519,0.0330683519,0.528130894,823,12.2009609,0.244107631
103295.541481,0.000388629342,-0.00053022727,0.0330522701,0.0330522701,0.52811637,823,9.16777765,0.244107631
103295.551510,0.000334968552,-1.5995276e-05,0.0330598691,0.0330598691,0.528107113,823,8.16240745,0.244107631
103295.561540,-6.04768956e-05,-9.52951228e-05,0.0457852142,0.0457852142,0.528096768,821,7.77126926,0.244107631
103295.571569,-0.00281963876,-0.00794708449,0.0500695215,0.0500695215,0.528006962,823,10.9736111,0.244107631
103295.581598,-0.00125161552,0.000828895194,0.0331020846,0.0331020846,0.528006907,823,11.1428067,0.244107631
103295.591628,0.00390421734,0.00263485674,0.0417325036,0.0417325036,0.528029044,823,9.06009067,0.244107631
103295.601657,-0.000958950372,0.00336111866,0.0470089261,0.0470089261,0.528052842,823,8.98674518,0.244107631
103295.611686,0.0131505596,0.0120769453,0.0494768347,0.0494768347,0.528188854,821,7.08478178,0.244107631
103295.621716,0.00815458689,0.00425117289,0.0474219866,0.0474219866,0.52824597,823,10.8869256,0.244107631
103295.631745,0.000705829092,-0.000444930607,0.0331043904,0.0331043904,0.528232804,821,7.08699041,0.244107631
103295.641774,0.00039506617,-0.000890331799,0.033045975,0.033045975,0.528214738,821,6.47128662,0.244107631
103295.651803,0.000187710883,9.25451354e-05,0.0330447845,0.0330447845,0.528204904,823,12.0123798,0.244107631
103295.661833,-0.000120922987,-9.38931749e-05,0.033009395,0.033009395,0.528192294,823,10.7014909,0.244107631
103295.671862,-0.000167049314,-7.27631626e-05,0.0330451645,0.0330451645,0.528179926,823,10.6221568,0.244107631
103295.681891,0.00103231837,2.6681707e-05,0.0330242624,0.0330242624,0.528173849,823,9.51756554,0.244107631
103295.691921,0.00294512434,-0.000156709228,0.0430345434,0.0430345434,0.528175406,823,12.9729478,0.244107631
103295.701950,0.000565345835,0.000229612583,0.0330723174,0.0330723174,0.528169429,823,10.6753962,0.244107631
103295.711979,0.00144111529,0.000396904814,0.0330140704,0.0330140704,0.528169382,823,9.86617694,0.244107631
103295.722009,-0.0039638189,0.000764851034,0.0442458879,0.0442458879,0.52814665,823,9.13379643,0.244107631
103295.732038,0.00351075842,0.00246454329,0.0450421151,0.0450421151,0.528174052,823,8.91619382,0.244107631
103295.742067,0.00861667741,0.0052070902,0.0476985071,0.0476985071,0.528251056,823,9.19452953,0.244107631
103295.752096,0.00913045578,0.00581961439,0.0448995813,0.0448995813,0.528337403,823,12.8665584,0.244107631
103295.762126,0.000914520967,0.00073464721,0.0330561188,0.0330561188,0.528334718,823,9.32736958,0.244107631
103295.772155,-0.00121695724,0.00194448334,0.0330308211,0.0330308211,0.528329234,823,10.942997,0.244107631
103295.782184,0.00148926778,0.0197300717,0.0402758159,0.0402758159,0.528488015,823,11.5712151,0.244107631
103295.792214,-0.00728030139,0.00775303398,0.0444406739,0.0444406739,0.528509365,823,12.0475484,0.244107631
103295.802243,0.000154320561,-0.000277175889,0.0331015688,0.0331015688,0.52849017,823,10.0622279,0.244107631
103295.812272,-0.000663361894,0.000256230886,0.0397937271,0.0397937271,0.528473181,823,16.3577897,0.244107631
103295.822301,-0.000186302959,-0.00100153371,0.0330967522,0.0330967522,0.528446826,823,11.1543884,0.244107631
103295.832331,0.00112715819,6.4115864e-05,0.0330426735,0.0330426735,0.528435605,821,7.18854232,0.244107631
103295.842360,-0.00104144288,-0.00721759926,0.0443333755,0.0443333755,0.528350619,823,8.89257195,0.244107631
103295.852389,-0.00230248626,0.00919085042,0.044596283,0.044596283,0.528411823,823,14.5773238,0.244107631
103295.862419,-0.000626854717,0.000666044143,0.0330744408,0.0330744408,0.528400593,823,10.3162896,0.244107631
103295.872448,0.017737469,-0.000605103878,0.0420343948,0.0420343948,0.528454571,823,9.62709434,0.244107631
103295.882477,0.000524915157,-0.00116240882,0.0330748163,0.0330748163,0.528431327,823,9.79096783,0.244107631
103295.892507,0.000346405025,-0.000266585883,0.0330706379,0.0330706379,0.528415186,821,6.36917152,0.244107631
103295.902536,-0.00645685706,-0.00667857223,0.0421039377,0.0421039377,0.528310716,823,11.8579343,0.244107631
103295.912565,-0.0022144104,-0.012074574,0.0463491582,0.0463491582,0.528185543,823,8.86832294,0.244107631
103295.922595,-0.00390178867,0.00556804011,0.0469575069,0.0469575069,0.528201267,823,10.9797153,0.244107631
103295.932624,0.00270363803,0.0171291949,0.0452819121,0.0452819121,0.528353096,823,10.7443774,0.244107631
103295.942653,-0.000453028411,0.00279162011,0.0330957693,0.0330957693,0.528362371,823,10.8722809,0.244107631
103295.952682,-0.00458138081,-0.00885656614,0.0411371795,0.0411371795,0.528250352,823,10.6617815,0.244107631
103295.962712,-0.00035398934,-0.000589105806,0.0331032761,0.0331032761,0.528231523,821,7.42527924,0.244107631
103295.972741,0.000184321487,-2.23948256e-05,0.033071511,0.033071511,0.528220212,823,8.48825219,0.244107631
103295.982770,0.00132225078,0.00086927315,0.0330163121,0.0330163121,0.528221515,823,11.1150395,0.244107631
103295.992800,0.00395290378,-0.00253817416,0.0411563584,0.0411563584,0.528203868,823,13.7882855,0.244107631
103296.002829,0.00065420405,-0.000170819057,0.0330797907,0.0330797907,0.52819414,821,7.30575413,0.244107631
103296.012858,0.000663172218,0.00387773308,0.0424541519,0.0424541519,0.528219916,823,10.3632635,0.244107631
103296.022887,-0.00098183138,0.000674654611,0.033087836,0.033087836,0.528210019,821,7.63175882,0.244107631
103296.032917,-0.000233448035,0.00296891035,0.0330123126,0.0330123126,0.528224131,823,8.82141242,0.244107631
103296.042946,0.00568251422,0.00187393392,0.0421473044,0.0421473044,0.52825382,823,11.4098623,0.244107631
103296.052975,-0.0112270836,-0.0101870504,0.0430213126,0.0430213126,0.528103662,823,12.2072542,0.244107631
103296.063005,0.000231333478,-0.00059878643,0.0330967694,0.0330967694,0.528089827,823,8.14230866,0.244107631
103296.073034,-0.00648163209,-0.00257154534,0.0430367521,0.0430367521,0.528035764,823,13.0312339,0.244107631
103296.083063,-0.00209379132,0.00150104404,0.0330541509,0.0330541509,0.528037092,823,9.10375107,0.244107631
103296.093093,0.00487304951,0.00280706307,0.0423904185,0.0423904185,0.528068366,823,10.2352006,0.244107631
103296.103122,-0.00150334006,0.0145020039,0.0501644153,0.0501644153,0.528193936,823,8.18300003,0.244107631
103296.113151,-0.00165677226,0.0190836513,0.0490049763,0.0490049763,0.528365118,823,10.8112996,0.244107631
103296.123181,0.000788884597,0.00240927405,0.0475872713,0.0475872713,0.528375233,823,11.8002009,0.244107631
103296.133210,0.000809041831,0.000141569119,0.0330495914,0.0330495914,0.528363151,823,14.583361,0.244107631
103296.143239,-4.62313332e-05,0.00083350662,0.0330399422,0.0330399422,0.528356815,823,8.9113625,0.244107631
103296.153268,-0.00388221749,-0.00183449311,0.0412258238,0.0412258238,0.528319987,823,13.7022333,0.244107631
103296.163298,0.000616795159,-0.000860859071,0.0330776995,0.0330776995,0.528298661,823,11.7721723,0.244107631
103296.173327,-0.0047345876,0.00682212486,0.0419054285,0.0419054285,0.528349246,823,11.457073,0.244107631
103296.183356,-0.000309029627,0.000776176194,0.0330214855,0.0330214855,0.528342682,823,17.831241,0.244107631
103296.193386,-0.000871281445,0.000793733568,0.0330282242,0.0330282242,0.528336325,823,9.231169,0.244107631
103296.203415,0.000516672076,-0.00867429793,0.0411714715,0.0411714715,0.528237321,823,9.31436793,0.244107631
103296.213444,-0.00039664124,-0.00036834219,0.0331016712,0.0331016712,0.528221712,823,11.2684848,0.244107631
103296.223474,0.00426317855,0.00251692909,0.0444542674,0.0444542674,0.528237116,823,8.59330032,0.244107631
103296.233503,0.00689622873,-0.0102042957,0.0453723571,0.0453723571,0.528137088,823,9.48481911,0.244107631
103296.243532,0.007261569,-0.00676089106,0.0501240706,0.0501240706,0.528087626,821,7.33153392,0.244107631
103296.253561,-0.000469277094,-0.00047747321,0.0331042518,0.0331042518,0.52807249,823,10.8530025,0.244107631
103296.263591,-0.00046964429,0.000245011729,0.0330282494,0.0330282494,0.528064163,823,14.0998426,0.244107631
103296.273620,-0.00834308518,0.00709140165,0.0420938468,0.0420938468,0.528098319,821,7.43730094,0.244107631
103296.283649,-0.0136425681,0.00784102325,0.0433824535,0.0433824535,0.528160404,823,8.41321688,0.244107631
103296.293679,-0.011698182,0.000188819803,0.0480108199,0.0480108199,0.528174641,823,12.3293303,0.244107631
103296.303708,-0.000873345321,0.00143575472,0.0330970349,0.0330970349,0.52818003,821,7.5736473,0.244107631
103296.313737,-0.00813836219,0.00715124756,0.0440938433,0.0440938433,0.52826309,821,5.78971868,0.244107631
103296.323767,-0.00228490563,0.00449419325,0.0442275131,0.0442275131,0.528300138,823,12.6767149,0.244107631
103296.333796,-0.000380623008,-0.000518383553,0.0331003351,0.0331003351,0.528283811,823,10.8138433,0.244107631
103296.343825,0.000155935949,-0.0015717579,0.0417554278,0.0417554278,0.528256243,823,13.1362029,0.244107631
103296.353855,0.0032603424,-4.82156717e-05,0.0449150715,0.0449150715,0.52823118,823,9.26287999,0.244107631
103296.363884,0.00297762281,-0.000215041933,0.0549616775,0.0549616775,0.528207424,821,7.29656471,0.244107631
103296.373913,0.00622407614,0.0102182212,0.0491306668,0.0491306668,0.528278082,823,12.3631913,0.244107631
103296.383942,0.000123905615,-8.56248465e-05,0.0330976764,0.0330976764,0.528264331,823,9.79124872,0.244107631
103296.393972,-0.00548903082,-0.0039852628,0.0416648425,0.0416648425,0.528226282,823,8.47682358,0.244107631
103296.404001,-0.00045526719,-7.49240282e-05,0.0330804314,0.0330804314,0.52821517,823,12.3664382,0.244107631
103296.414030,0.000435803951,-0.000263696679,0.0330710047,0.0330710047,0.528199998,823,8.59284961,0.244107631
103296.424060,0.0117363412,-0.000601327925,0.040436991,0.040436991,0.528161848,823,10.9782281,0.244107631
103296.434089,0.00152893734,-0.00102439088,0.0330673367,0.0330673367,0.528140398,823,11.0199001,0.244107631
103296.444118,0.0107274419,-0.00356531949,0.0429170201,0.0429170201,0.528101513,821,7.62569918,0.244107631
103296.454148,0.00602906903,0.00167275509,0.0447759371,0.0447759371,0.528121738,823,8.15061897,0.244107631
103296.464177,0.00538516875,0.00239124031,0.0548480107,0.0548480107,0.528151431,821,6.17153024,0.244107631
103296.474206,0.00268973312,0.0098342905,0.0542617832,0.0542617832,0.528241018,821,5.45498741,0.244107631
103296.484236,3.39615514e-05,0.000683324958,0.0331325233,0.0331325233,0.52823547,823,8.92127518,0.244107631
103296.494265,0.00153600708,0.00320737332,0.0428401983,0.0428401983,0.528258416,823,10.2311445,0.244107631
103296.504294,-0.000243702947,0.000170334148,0.0330987469,0.0330987469,0.528246847,823,8.60397365,0.244107631
103296.514323,-0.00420181233,-9.12159675e-05,0.0440531501,0.0440531501,0.528220995,823,9.92506107,0.244107631
103296.524353,-0.000650270044,-0.000176733066,0.0331212222,0.0331212222,0.528205979,821,7.96608257,0.244107631
103296.534382,0.00021345843,-0.000509949618,0.0330642286,0.0330642286,0.528190452,821,7.67792093,0.244107631
103296.544411,0.000255566319,0.000519922543,0.0330433468,0.0330433468,0.528185085,823,9.42942189,0.244107631
103296.554441,-0.000544415962,0.000103266689,0.0330336298,0.0330336298,0.52817372,823,10.2896021,0.244107631
103296.564470,-0.00181189183,0.00282733233,0.0440358475,0.0440358475,0.528185586,823,9.86616203,0.244107631
103296.574499,-0.000202859788,0.000747142286,0.0330748827,0.0330748827,0.52818142,823,13.6132029,0.244107631
103296.584529,0.000784395598,-0.000834832934,0.0330345238,0.0330345238,0.528164391,823,11.4003266,0.244107631
103296.594558,-0.00140106985,0.00423810652,0.0428729073,0.0428729073,0.528191624,821,7.52065434,0.244107631
103296.604587,-0.00140696923,0.00360703625,0.0533054527,0.0533054527,0.52821304,821,7.87092182,0.244107631
103296.614617,0.0117498851,0.0117092664,0.0498409451,0.0498409451,0.528340379,823,14.3928073,0.244107631
103296.624646,-0.00273177584,-0.0032652483,0.0436529277,0.0436529277,0.528288088,823,9.17704348,0.244107631
103296.634675,-0.00078185488,0.00037007062,0.0331366502,0.0331366502,0.528276679,821,7.50565328,0.244107631
103296.644704,-0.00097263123,0.000522511003,0.0330226189,0.0330226189,0.528266603,823,12.9252411,0.244107631
103296.654734,-0.000781292415,0.000132633623,0.0330454583,0.0330454583,0.528253593,823,10.913247,0.244107631
103296.664763,0.00533573181,0.00348335697,0.0436629744,0.0436629744,0.528288134,821,6.01304355,0.244107631
103296.674792,-0.00416011545,0.00041872231,0.0422041107,0.0422041107,0.528268498,823,10.5943243,0.244107631
103296.684822,0.000159551693,-0.00228679392,0.0330859444,0.0330859444,0.528234509,823,9.02859011,0.244107631
103296.694851,0.000796708275,5.30826968e-05,0.0411537871,0.0411537871,0.528225114,823,8.06499813,0.244107631
103296.704880,0.000876047623,-0.00421763053,0.0486598968,0.0486598968,0.528175867,823,9.54872403,0.244107631
103296.714910,-0.00267751409,0.000646005036,0.0331384537,0.0331384537,0.528164377,821,6.64268384,0.244107631
103296.724939,-0.00261948943,0.00463506542,0.0427359193,0.0427359193,0.528193174,823,10.4144402,0.244107631
103296.734968,-0.000864954575,0.000851887822,0.0331335553,0.0331335553,0.52818898,821,6.45799071,0.244107631
103296.744997,-0.000675138072,3.84354495e-05,0.0330612403,0.0330612403,0.528177394,821,6.04918339,0.244107631
103296.755027,2.13257587e-05,-0.000397026231,0.0330273602,0.0330273602,0.528162842,823,13.3003497,0.244107631
103296.765056,-0.00110214344,-0.000412123478,0.0330444567,0.0330444567,0.528146898,823,10.6023219,0.244107631
103296.775085,-0.00123585444,-0.000355359514,0.0330020567,0.0330020567,0.528131886,823,12.682327,0.244107631
103296.785115,-0.00117134385,0.000290962384,0.0330544295,0.0330544295,0.528123832,823,8.36576222,0.244107631
103296.795144,-0.000809687236,-0.000443990781,0.0330462852,0.0330462852,0.528109225,823,10.7462215,0.244107631
103296.805173,0.00869403706,0.00414021598,0.0403278166,0.0403278166,0.528152683,823,13.7331918,0.244107631
103296.815203,-0.00336199612,-0.00295873636,0.0451676407,0.0451676407,0.528107405,823,10.9562106,0.244107631
103296.825232,0.00248447561,-0.0197042699,0.0436641797,0.0436641797,0.527917088,823,11.4697252,0.244107631
103296.835261,0.000767435842,-0.0137218079,0.0500679631,0.0500679631,0.52779836,821,6.88639889,0.244107631
103296.845291,0.00073898843,-0.000285410583,0.0331150609,0.0331150609,0.527797918,823,11.0530282,0.244107631
103296.855320,-0.00270989625,-0.00572300604,0.0423360828,0.0423360828,0.527737385,823,8.33323825,0.244107631
103296.865349,-0.000466846779,-0.00123161479,0.0330903943,0.0330903943,0.527724807,823,9.40199108,0.244107631
103296.875378,-0.00509663695,-0.0018748782,0.0419554244,0.0419554244,0.527671911,823,12.4110808,0.244107631
103296.885408,0.00033965923,-0.000557560376,0.0331116819,0.0331116819,0.52767001,821,6.82109669,0.244107631
103296.895437,0.00197728664,-0.000932482865,0.0411658893,0.0411658893,0.52768306,823,10.743592,0.244107631
103296.905466,-0.00218093035,-0.0147673846,0.0465456204,0.0465456204,0.527767404,823,8.63063937,0.244107631
103296.915496,0.00628706137,-0.0283979355,0.0524417114,0.0524417114,0.528050721,823,8.42740919,0.244107631
103296.925525,-0.00282273253,-0.00496972252,0.0483725723,0.0483725723,0.528085966,823,9.91019669,0.244107631
103296.935554,-0.000462319448,-0.000976938208,0.0330968489,0.0330968489,0.528086019,821,7.59459944,0.244107631
103296.945584,0.000816922292,-0.00048489109,0.0330151969,0.0330151969,0.528082827,823,8.23940264,0.244107631
103296.955613,-4.98406468e-05,-0.000800985789,0.0330444045,0.0330444045,0.528081709,823,10.5977424,0.244107631
103296.965642,0.00324160314,0.0046132277,0.0424732342,0.0424732342,0.528033774,823,14.5983536,0.244107631
103296.975671,-0.00108991582,0.000663360304,0.0331037882,0.0331037882,0.528017251,821,7.52190644,0.244107631
103296.985701,-0.00655241045,0.00130356005,0.0442305745,0.0442305745,0.527989501,821,6.87341417,0.244107631
103296.995730,-0.0074746289,-0.00235131878,0.0452662175,0.0452662175,0.528010751,823,11.9189308,0.244107631
103297.005759,-0.000678502001,0.000215399699,0.0331017728,0.0331017728,0.528002398,823,10.689564,0.244107631
103297.015789,9.63099039e-05,0.000424175766,0.0330692184,0.0330692184,0.527990845,821,7.19645192,0.244107631
103297.025818,0.00248789961,-9.84929152e-05,0.0443223928,0.0443223928,0.527981063,821,7.5563983,0.244107631
103297.035847,-0.000663035866,0.000384651942,0.0331156375,0.0331156375,0.527971276,823,10.4982113,0.244107631
103297.045877,0.00229427238,0.0022802334,0.041225465,0.041225465,0.527939924,823,8.64863869,0.244107631
103297.055906,-0.000140391271,0.00494764723,0.0469002036,0.0469002036,0.527885514,823,9.58077196,0.244107631
103297.065935,-0.000994515924,0.00109999405,0.0331054942,0.0331054942,0.527870925,823,9.01167155,0.244107631
103297.075965,0.00413390837,0.00251237475,0.0429440085,0.0429440085,0.527839439,823,9.66887204,0.244107631
103297.085995,-7.24116961e-05,2.13091519e-05,0.0444479352,0.0444479352,0.527835127,823,14.2999611,0.244107631
103297.096024,0.000255646279,-0.000349728452,0.0331126961,0.0331126961,0.527834679,821,6.04625952,0.244107631
103297.106053,0.000141418503,7.23785011e-05,0.0330349114,0.0330349114,0.52783006,823,9.67046985,0.244107631
103297.116083,0.00366721847,-0.00336627302,0.0411879612,0.0411879612,0.527863749,823,13.6935966,0.244107631
103297.126112,0.000685211162,0.000321391278,0.033088876,0.033088876,0.52785758,823,13.8056888,0.244107631
103297.136141,-0.011235879,-0.00734433841,0.0421450325,0.0421450325,0.527925232,823,10.0972895,0.244107631
103297.146171,-0.0186676192,-0.0089324025,0.0479866426,0.0479866426,0.528073291,823,8.22674831,0.244107631
103297.156200,-0.000912661788,-0.00975006673,0.0486160154,0.0486160154,0.528151718,823,9.96314295,0.244107631
103297.166229,0.00514865383,-0.0101922879,0.0475875746,0.0475875746,0.528213215,823,9.03453335,0.244107631
103297.176259,0.00558250519,-0.00226055829,0.0501388024,0.0501388024,0.528207883,823,11.8801659,0.244107631
103297.186288,-1.25028495e-05,-0.0002513258,0.0331541577,0.0331541577,0.528198997,821,7.76573589,0.244107631
103297.196317,0.000198710091,0.00345276413,0.0330109474,0.0330109474,0.528154384,823,12.1492477,0.244107631
103297.206346,0.00349416083,0.00197837497,0.0441725492,0.0441725492,0.528117886,823,9.37076401,0.244107631
103297.216376,0.00394231233,0.00634443681,0.044558337,0.044558337,0.528040863,823,10.9362149,0.244107631
103297.226405,0.000386352003,0.000490239221,0.0330818554,0.0330818554,0.528027614,819,12.2326874,0.244107631
103297.236434,-0.000192307311,0.000425817631,0.0330456735,0.0330456735,0.528015887,819,9.00422624,0.244107631
103297.246464,-0.00072547313,0.00125134853,0.0415597327,0.0415597327,0.527997025,819,12.7527297,0.244107631
103297.256493,0.000248829812,-5.83275927e-06,0.0330954954,0.0330954954,0.527989583,819,8.99351956,0.244107631
103297.266522,-0.009281798,0.00583871044,0.0417122378,0.0417122378,0.527952807,819,8.25344089,0.244107631
103297.276552,-0.0136547145,-0.000587682536,0.0458389058,0.0458389058,0.52802733,819,8.03926674,0.244107631
103297.286581,-0.000530802788,-0.00108831804,0.0330653437,0.0330653437,0.528030974,819,11.9727206,0.244107631
103297.296610,8.2087609e-05,-0.000846363389,0.0330545072,0.0330545072,0.528028796,819,9.52229943,0.244107631
103297.306639,-0.000120163803,-0.000643255427,0.0330699064,0.0330699064,0.528026538,817,7.88889415,0.244107631
103297.316669,-0.000786333294,-9.5069259e-05,0.0330421551,0.0330421551,0.528024588,817,7.73365587,0.244107631
103297.326698,-0.000725860047,-0.00132364961,0.033057675,0.033057675,0.528031352,819,11.9069718,0.244107631
103297.336727,-0.00821470532,-0.0123604338,0.0412671251,0.0412671251,0.52816849,819,12.8493517,0.244107631
103297.346757,-0.0139631418,-0.00803712358,0.0489548361,0.0489548361,0.52830827,819,9.1462625,0.244107631
103297.356786,0.00210883173,0.00843399903,0.0508814603,0.0508814603,0.528222418,817,7.13459408,0.244107631
103297.366815,-0.00766773929,0.0055407003,0.0487714051,0.0487714051,0.528237374,817,7.26516669,0.244107631
103297.376845,-0.00930130464,0.00227489581,0.0461706543,0.0461706543,0.528293253,819,12.4727271,0.244107631
103297.386874,0.00170506029,-0.00191554309,0.0331020436,0.0331020436,0.528274461,817,6.0887662,0.244107631
103297.396903,-0.00380921108,-0.000175656448,0.0443613665,0.0443613665,0.528295501,819,8.91603407,0.244107631
103297.406932,0.00992781344,0.00156136658,0.0437976946,0.0437976946,0.528190015,819,10.841686,0.244107631
103297.416962,0.0147590658,0.0155900137,0.0504128203,0.0504128203,0.527979821,817,6.737165,0.244107631
103297.426991,0.0144731334,0.0150844501,0.05953976,0.05953976,0.527806647,817,6.46131351,0.244107631
103297.437020,0.0161450197,-0.00251377999,0.047809044,0.047809044,0.527644584,819,12.9833519,0.244107631
103297.447050,0.000762767907,-0.000543732714,0.033116967,0.033116967,0.527643335,817,7.07014435,0.244107631
103297.457079,-0.000594828896,0.000545420681,0.033049241,0.033049241,0.527642707,817,7.83561722,0.244107631
103297.467108,0.0012141977,0.00113864993,0.0330429494,0.0330429494,0.527639164,819,10.6212185,0.244107631
103297.477138,0.000816635834,0.00106461535,0.0445404827,0.0445404827,0.52765211,819,8.15850875,0.244107631
103297.487167,-0.000334395582,0.000483979594,0.033097054,0.033097054,0.527654555,819,9.79615168,0.244107631
103297.497196,-0.000174067945,0.00148542642,0.0330545795,0.0330545795,0.527667921,819,9.19539865,0.244107631
103297.507226,0.0125008894,0.00496024199,0.042983743,0.042983743,0.527785245,819,9.22134817,0.244107631
103297.517255,0.00246093131,-0.00746395515,0.0466299422,0.0466299422,0.527782459,819,14.1567785,0.244107631
103297.527284,0.0207430934,0.000666747132,0.0451167592,0.0451167592,0.527983529,819,15.0328412,0.244107631
103297.537313,0.0137999181,0.00402655394,0.045418462,0.045418462,0.528115028,819,8.47975002,0.244107631
103297.547343,0.0132175657,0.00479892734,0.0553747967,0.0553747967,0.528240822,817,6.34290693,0.244107631
103297.557372,0.00402552251,-0.0106790582,0.049782646,0.049782646,0.528260338,819,11.1876461,0.244107631
103297.567401,-0.00113090259,0.00145091598,0.0331121316,0.0331121316,0.52823688,817,5.60529034,0.244107631
103297.577431,0.00754255641,0.00835038431,0.0414731405,0.0414731405,0.528305089,819,14.194788,0.244107631
103297.587460,0.000886113886,0.000442858685,0.0330963168,0.0330963168,0.52830108,819,9.11794397,0.244107631
103297.597489,-0.000687111804,-0.00113741623,0.0330318368,0.0330318368,0.528279776,817,7.02769854,0.244107631
103297.607519,0.000319620082,-0.000957439274,0.0330279255,0.0330279255,0.528269085,817,7.52283866,0.244107631
103297.617548,-0.00025623896,-0.000574261309,0.033048883,0.033048883,0.528253476,819,8.03644691,0.244107631
103297.627577,-0.000394358197,-0.000204369042,0.03304504,0.03304504,0.528237206,819,9.75617538,0.244107631
103297.637606,-0.000802491947,4.00051192e-06,0.03302836,0.03302836,0.52821746,819,9.92663809,0.244107631
103297.647636,-0.00549951649,0.00107259872,0.0437959761,0.0437959761,0.528153394,819,10.6460892,0.244107631
103297.657665,-0.00108732171,5.2664296e-05,0.0330867717,0.0330867717,0.528132612,819,11.2787063,0.244107631
103297.667694,-0.00122224263,0.000703301348,0.0420279478,0.0420279478,0.528111839,819,10.8642523,0.244107631
103297.677724,0.000102296907,-0.000809141747,0.0330574913,0.0330574913,0.52810229,819,16.1586295,0.244107631
103297.687753,0.00151739276,-0.000778445577,0.0330000547,0.0330000547,0.528106926,819,15.0284422,0.244107631
103297.697782,0.00139727404,0.00440727413,0.0442882298,0.0442882298,0.528117853,819,8.96589905,0.244107631
103297.707812,0.00353490163,0.00866244582,0.047199643,0.047199643,0.528164638,819,8.22382835,0.244107631
103297.717841,0.0005155037,0.000391846949,0.0330927139,0.0330927139,0.528160239,819,10.0519222,0.244107631
103297.727870,-0.00664022737,-0.0110805402,0.042027488,0.042027488,0.528059167,819,12.2855042,0.244107631
103297.737899,0.00258445107,-0.00839100477,0.0432518462,0.0432518462,0.528071437,819,11.3257848,0.244107631
103297.747929,-0.00103331301,0.00160399595,0.049663212,0.049663212,0.528052302,819,9.77744737,0.244107631
103297.757958,-0.00174585254,0.00935603112,0.044739634,0.044739634,0.528037166,817,4.95994607,0.244107631
103297.767987,0.0116100469,0.00466488904,0.0496445061,0.0496445061,0.528151076,817,6.82016287,0.244107631
103297.778017,0.0168830049,-0.00293902739,0.0527788271,0.0527788271,0.528297476,819,9.97892717,0.244107631
103297.788046,0.0230631954,-0.0213255585,0.0475938722,0.0475938722,0.528509973,819,10.3848263,0.244107631
103297.798075,0.0195536908,-0.0116394549,0.0481391062,0.0481391062,0.528701406,819,9.78052911,0.244107631
103297.808105,-0.000331370603,0.000526701711,0.033098341,0.033098341,0.528676132,819,11.332532,0.244107631
103297.818134,-0.000558346798,0.00110003344,0.0330276758,0.0330276758,0.528648085,819,11.8665385,0.244107631
103297.828163,-0.00638390438,-0.00318058353,0.0414630291,0.0414630291,0.528573543,819,11.2444035,0.244107631
103297.838192,0.000135654066,0.00122251727,0.0432848765,0.0432848765,0.52855355,819,9.95330775,0.244107631
103297.848222,-0.000553621715,-0.000617727101,0.0330741648,0.0330741648,0.528531523,819,9.40054466,0.244107631
103297.858251,-6.22010846e-05,0.0025357783,0.0400959037,0.0400959037,0.528507775,819,14.6859477,0.244107631
103297.868280,0.0025927269,-0.0035446504,0.046833696,0.046833696,0.528523145,819,11.8256719,0.244107631
103297.878310,0.00050405274,-0.000395825353,0.033108125,0.033108125,0.528511367,819,8.7367955,0.244107631
103297.888339,-0.000688122176,-0.000757222178,0.0330430136,0.0330430136,0.528489347,819,8.69358246,0.244107631
103297.898368,0.000274414436,-0.0010874477,0.0330191232,0.0330191232,0.528477837,819,12.2802524,0.244107631
103297.908398,-0.000235595742,-0.000810590477,0.0330221486,0.0330221486,0.528461096,819,8.23545952,0.244107631
103297.918427,-0.000482848098,-0.000530089354,0.0330850839,0.0330850839,0.528441665,817,7.08574059,0.244107631
103297.928456,-1.449662e-05,-0.000982361975,0.033035186,0.033035186,0.528428356,819,13.5645059,0.244107631
103297.938485,-0.000284002652,-0.000704064683,0.0330851756,0.0330851756,0.52841207,817,7.35011169,0.244107631
103297.948515,-4.71632631e-05,-0.000724770389,0.0330648224,0.0330648224,0.528398453,817,7.94312834,0.244107631
103297.958544,0.00110993758,-0.00327115314,0.0330197227,0.0330197227,0.52840414,819,9.93294371,0.244107631
103297.968573,0.00838362385,0.000914151757,0.0418162292,0.0418162292,0.52846419,819,12.8119671,0.244107631
103297.978603,0.00159552961,-0.00142539293,0.0330606446,0.0330606446,0.528467038,819,9.772664,0.244107631
103297.988632,0.00129196016,-0.00182428211,0.0330576006,0.0330576006,0.528468351,819,8.05482993,0.244107631
103297.998661,0.00532633046,-0.0106077632,0.0441416421,0.0441416421,0.528538935,817,6.23805342,0.244107631
103298.008691,0.0129542248,-0.0170491866,0.0436139157,0.0436139157,0.528710539,819,11.50114,0.244107631
103298.018720,0.00269586843,-0.00153081759,0.0330969227,0.0330969227,0.528719815,819,10.1347609,0.244107631
103298.028749,0.0149715378,-0.0103563233,0.0413341083,0.0413341083,0.528876778,819,9.112724,0.244107631
103298.038779,0.00167358837,-0.000920091635,0.0330842479,0.0330842479,0.528871076,819,8.43092243,0.244107631
103298.048808,0.00802042276,-0.0050056751,0.0434822072,0.0434822072,0.528939627,817,6.72199875,0.244107631
103298.058837,0.0253068792,-0.0293856515,0.0455242478,0.0455242478,0.529279199,819,9.37909817,0.244107631
103298.068866,0.0332661974,-0.0504232035,0.0486529302,0.0486529302,0.529809004,819,8.61635613,0.244107631
103298.078896,0.0404598766,-0.0562803123,0.0535688816,0.0535688816,0.530432784,817,5.72358964,0.244107631
103298.088925,0.0404797983,-0.0566165656,0.0622352453,0.0622352453,0.531052596,817,7.79472851,0.244107631
103298.098954,0.0418733114,-0.0616478534,0.0549920023,0.0549920023,0.531709101,819,9.6287181,0.244107631
103298.108984,0.0416881287,-0.0649174617,0.063465402,0.063465402,0.532378593,817,9.19261839,0.244107631
103298.119013,0.0640082367,-0.0858985964,0.0597494936,0.0597494936,0.533336302,819,14.0284256,0.244107631
103298.129042,0.0623544026,-0.0902714613,0.0676295518,0.0676295518,0.534298818,785,11.5771591,0.244107631
103298.139071,0.0605167033,-0.0949623903,0.0746841493,0.0746841493,0.535268485,785,7.41813661,0.244107631
103298.149101,0.0588407296,-0.0995829306,0.0811295276,0.0811295276,0.536246933,785,11.2265742,0.244107631
103298.159130,0.057270855,-0.104764879,0.0870998812,0.0870998812,0.537240026,785,13.7434595,0.244107631
103298.169159,0.0563412042,-0.110234166,0.0926876006,0.0926876006,0.53825474,785,9.90907893,0.244107631
103298.179189,0.0564896434,-0.11621072,0.0979587115,0.0979587115,0.539301814,785,7.41040167,0.244107631
103298.189218,0.0577621117,-0.122851124,0.102960894,0.102960894,0.540392522,785,8.49304822,0.244107631
103298.199247,0.0618806814,-0.130124203,0.10773212,0.10773212,0.541546615,785,13.7634286,0.244107631
103298.209277,0.0702039389,-0.138035262,0.112302408,0.112302408,0.542789526,785,10.7746154,0.244107631
103298.219306,0.0822943904,-0.146969152,0.116694734,0.116694734,0.54414601,785,9.50160495,0.244107631
103298.229335,0.0969706907,-0.156209219,0.120929174,0.120929174,0.545628953,789,7.37795551,0.244107631
103298.239364,0.111671108,-0.164607263,0.125021941,0.125021941,0.54722901,789,7.85205262,0.244107631
103298.249394,0.125118906,-0.171349587,0.128987031,0.128987031,0.548924614,789,8.72619824,0.244107631
103298.259423,0.137052522,-0.177173967,0.132835343,0.132835343,0.550699248,789,10.2022358,0.244107631
103298.269452,0.146379916,-0.182131234,0.136577207,0.136577207,0.552531642,789,10.1099713,0.244107631
103298.279482,0.154601824,-0.185668274,0.140221716,0.140221716,0.55467257,789,6.78839033,0.244107631
103298.289511,0.163126692,-0.188240736,0.14377586,0.14377586,0.557134595,789,8.11519188,0.244107631
103298.299540,0.172114789,-0.1894708,0.14724677,0.14724677,0.559660963,789,10.2370879,0.244107631
103298.309569,0.181955763,-0.189262871,0.150640374,0.150640374,0.562246403,789,7.36831535,0.244107631
103298.319599,0.190907868,-0.187904165,0.153962252,0.153962252,0.564878624,789,9.89883004,0.244107631
103298.329628,0.198057164,-0.185524954,0.157216203,0.157216203,0.567540065,789,10.434444,0.244107631
103298.339657,0.202834175,-0.182456411,0.160406373,0.160406373,0.570212609,789,7.88054851,0.244107631
103298.349687,0.204783838,-0.178242971,0.163536298,0.163536298,0.572871027,789,8.05978231,0.244107631
103298.359716,0.203203734,-0.171570932,0.166607699,0.166607699,0.575474072,789,10.0605352,0.244107631
103298.369745,0.197741345,-0.16362953,0.169623443,0.169623443,0.577987581,789,7.16786556,0.244107631
103298.379775,0.190013864,-0.154978177,0.172586363,0.172586363,0.580391245,789,10.7515725,0.244107631
103298.389804,0.182161243,-0.145582771,0.17549866,0.17549866,0.582677474,789,8.72931722,0.244107631
103298.399833,0.173359759,-0.136975733,0.178363266,0.178363266,0.584845623,789,7.40019439,0.244107631
103298.409862,0.16449236,-0.128398313,0.181182333,0.181182333,0.586894833,789,9.60280272,0.244107631
103298.419892,0.156106282,-0.119063914,0.183958234,0.183958234,0.588822462,789,7.61170876,0.244107631
103298.429921,0.148551157,-0.109159379,0.186692435,0.186692435,0.590629341,789,9.24483694,0.244107631
103298.439950,0.142021267,-0.0987052925,0.189387002,0.189387002,0.592318672,789,7.23072515,0.244107631
103298.449980,0.136258392,-0.0881362568,0.192044021,0.192044021,0.593895326,789,8.40854946,0.244107631
103298.460009,0.131546217,-0.0778547792,0.194664677,0.194664677,0.595368761,789,11.88221,0.244107631
103298.470038,0.127366777,-0.0679201029,0.197250726,0.197250726,0.596745945,789,13.0515268,0.244107631
103298.480067,0.123303444,-0.0583601894,0.199803491,0.199803491,0.598031064,789,7.69668637,0.244107631
103298.490097,0.119410086,-0.0483421459,0.20232435,0.20232435,0.599223042,789,11.0576386,0.244107631
103298.500126,0.115326671,-0.0381478834,0.20481379,0.20481379,0.60032005,789,11.4650885,0.244107631
103298.510155,0.111263663,-0.0280829981,0.20727305,0.20727305,0.601324323,789,7.12405081,0.244107631
103298.520185,0.107325755,-0.0185116574,0.209703433,0.209703433,0.602241366,789,9.55766907,0.244107631
103298.530214,0.103505413,-0.00999318099,0.212105536,0.212105536,0.60308006,789,10.5748403,0.244107631
103298.540243,0.0996114274,-0.00283532894,0.214480688,0.214480688,0.603849934,789,12.4702385,0.244107631
103298.550272,0.0954343877,0.00279481572,0.216829974,0.216829974,0.604559498,789,6.48833556,0.244107631
103298.560302,0.0907294417,0.00706589937,0.219154599,0.219154599,0.605213806,789,13.3109271,0.244107631
103298.570331,0.0857140324,0.00967196112,0.221455033,0.221455033,0.605820691,789,10.3676293,0.244107631
103298.580360,0.0807463348,0.0106918877,0.223732311,0.223732311,0.606389838,789,10.9678427,0.244107631
103298.590390,0.0764802448,0.0101769002,0.225987411,0.225987411,0.606935261,789,6.6420134,0.244107631
103298.600419,0.073070019,0.00859303879,0.228220479,0.228220479,0.607468979,789,9.46560589,0.244107631
103298.610448,0.0705542176,0.00613763246,0.230432262,0.230432262,0.608002266,789,10.4951811,0.244107631
103298.620478,0.0678995482,0.00289521406,0.232623488,0.232623488,0.608537643,789,10.4863058,0.244107631
103298.630507,0.0654739989,-0.00140384154,0.234794264,0.234794264,0.609081855,789,12.4444005,0.244107631
103298.640536,0.0643818537,-0.00711540316,0.236945367,0.236945367,0.609652725,789,8.63161821,0.244107631
103298.650565,0.064063306,-0.0144177646,0.239077385,0.239077385,0.610264567,789,10.0197053,0.244107631
103298.660595,0.064440426,-0.0232509992,0.241191057,0.241191057,0.61093083,789,8.39166798,0.244107631
103298.670624,0.0665472645,-0.0333429945,0.243286604,0.243286604,0.611671838,789,10.1894064,0.244107631
103298.680653,0.0717885474,-0.0447071477,0.24536476,0.24536476,0.612519984,789,13.9151733,0.244107631
103298.690683,0.0782256962,-0.0576400619,0.247426249,0.247426249,0.613493853,789,16.3515601,0.244107631
103298.700712,0.0864679991,-0.0713472865,0.249471117,0.249471117,0.614612508,789,16.2031293,0.244107631
103298.710741,0.0957783896,-0.0849320217,0.251499939,0.251499939,0.615884439,789,12.5500993,0.244107631
103298.720770,0.106405515,-0.0986930832,0.253513085,0.253513085,0.617321875,789,15.7551526,0.244107631
103298.730800,0.118242657,-0.112626954,0.255511087,0.255511087,0.618936351,789,12.9851971,0.244107631
103298.740829,0.131200098,-0.126585619,0.257493982,0.257493982,0.620737301,789,12.8495144,0.240320826
103298.750858,0.144711634,-0.140378797,0.259462205,0.259462205,0.622728871,789,8.45067113,0.239399728
103298.760888,0.158562328,-0.153673077,0.26141627,0.26141627,0.624911461,789,14.7513617,0.239399728
103298.770917,0.17192459,-0.166770047,0.263356095,0.263356095,0.627279863,789,29.5394197,0.239399728
103298.780946,0.184315529,-0.178874553,0.265281984,0.265281984,0.629820922,789,28.6956764,0.239129285
103298.790975,0.195973004,-0.189513671,0.267194147,0.267194147,0.632520196,789,35.1347346,0.239216769
103298.801005,0.206966849,-0.199348148,0.269093034,0.269093034,0.635367897,789,14.6725469,0.239216769
103298.811034,0.216973649,-0.20850457,0.27097861,0.27097861,0.638351569,789,13.3279041,0.239216769
103298.821063,0.226936021,-0.216820787,0.272851342,0.272851342,0.641465943,789,15.6234005,0.239252404
103298.831093,0.237400328,-0.224400432,0.274711787,0.274711787,0.644710546,789,14.2603028,0.239252404
103298.841122,0.248359247,-0.231255343,0.276559801,0.276559801,0.648083822,789,14.2418383,0.239252404
103298.851151,0.260631547,-0.236730208,0.278395835,0.278395835,0.651587309,789,16.7426064,0.239252404
103298.861180,0.273937635,-0.240978759,0.280220171,0.280220171,0.655220902,789,15.170425,0.239252404
103298.871210,0.0360865215,-0.165009718,0.0634499805,0.0634499805,0.656554719,791,16.0631528,0.239252404
103298.881239,0.00570891351,-0.159786955,0.0539804058,0.0539804058,0.657641407,791,15.8069325,0.239252404
103298.891268,-0.0203305694,-0.134800064,0.0504545122,0.0504545122,0.658389245,791,16.6687527,0.239252404
103298.901298,-0.0481713955,-0.12915768,0.0451917098,0.0451917098,0.658914873,791,20.2300626,0.239252404
103298.911327,-0.0460950786,-0.113373213,0.0462959211,0.0462959211,0.659369808,791,17.1689187,0.239252404
103298.921356,-0.0643368228,-0.111183223,0.0454617309,0.0454617309,0.659699896,791,19.4284022,0.239252404
103298.931385,-0.0957890186,-0.106794941,0.0554094255,0.0554094255,0.659804857,789,17.1745809,0.23966278
103298.941415,-0.129494187,-0.0955930274,0.0638274627,0.0638274627,0.659632636,789,19.5248662,0.240504282
103298.951444,-0.156834146,-0.0807012224,0.0712588364,0.0712588364,0.659210459,789,15.3422539,0.241283465
103298.961473,-0.177275407,-0.0692293856,0.077986773,0.077986773,0.658618287,789,21.5820483,0.241756279
103298.971503,-0.195996355,-0.0620484072,0.0841807252,0.0841807252,0.657910203,789,21.3784363,0.241756279
103298.981532,-0.181767883,-0.0769746108,0.0606233789,0.0606233789,0.657468027,791,26.9838119,0.241505136
103298.991561,-0.137450671,-0.0658620902,0.0462703205,0.0462703205,0.657242166,791,29.9316103,0.241505136
103299.001590,-0.124348796,-0.0126191475,0.0437132454,0.0437132454,0.656680511,791,21.092466,0.241505136
103299.011620,-0.0688921713,0.0510419385,0.0396127571,0.0396127571,0.655895829,791,27.8252455,0.241505136
103299.021649,-0.00251676241,0.0735743412,0.0384272853,0.0384272853,0.655276782,791,24.8559829,0.241746571
103299.031678,0.025899934,0.0512333902,0.0439110392,0.0439110392,0.655000523,791,15.8228024,0.242402118
103299.041707,0.0185238958,0.0615955469,0.0541442343,0.0541442343,0.654602764,789,19.6821677,0.242686724
103299.051737,0.0116036585,0.0724465089,0.0627322225,0.0627322225,0.65408211,789,17.2614588,0.243302094
103299.061766,0.00291831464,0.0848751621,0.0702793188,0.0702793188,0.653416153,789,10.2511494,0.243302094
103299.071795,-0.00832646399,0.0980664958,0.0770924965,0.0770924965,0.652584156,789,16.7015614,0.243302094
103299.081825,-0.0207538525,0.111288763,0.083352547,0.083352547,0.651578699,789,10.9201393,0.240134547
103299.091854,-0.0340860535,0.124988017,0.0891749752,0.0891749752,0.6503905,789,15.6096111,0.240134547
103299.101883,-0.0468082497,0.13844826,0.0946412354,0.0946412354,0.649024777,789,9.33384456,0.240134547
103299.111912,-0.0584035207,0.151095081,0.0998100222,0.0998100222,0.647494861,789,13.3640603,0.237583156
103299.121942,-0.0673372653,0.16201736,0.104725998,0.104725998,0.645831043,789,12.1635832,0.239420691
103299.131971,-0.0720013588,0.170328338,0.109422346,0.109422346,0.644082141,789,13.4186545,0.237527033
103299.142000,-0.0710580832,0.175219392,0.113926498,0.113926498,0.642313135,789,15.2645141,0.237527033
103299.152030,-0.0657538428,0.177777928,0.11826074,0.11826074,0.640575692,789,12.1895834,0.237527033
103299.162059,-0.0572390147,0.178848867,0.122442186,0.122442186,0.638681135,789,11.8675762,0.237346086
103299.172088,-0.0469521214,0.179749734,0.126486398,0.126486398,0.63667732,789,13.2836132,0.237612029
103299.182117,-0.0356420904,0.179647844,0.130406059,0.130406059,0.634848137,789,14.7700561,0.237956696
103299.192147,-0.0241261956,0.178067113,0.134212432,0.134212432,0.633226628,789,21.1247834,0.238881374
103299.202176,-0.0118659025,0.175505135,0.13791416,0.13791416,0.631851141,789,22.1878729,0.238952515
103299.212205,0.000290950262,0.172584262,0.141519841,0.141519841,0.630751442,789,22.5451079,0.238649782
103299.222234,0.013040784,0.168617723,0.145036601,0.145036601,0.629963966,789,26.0776787,0.237815522
103299.232264,0.0298107199,0.163230025,0.148470727,0.148470727,0.629547517,789,42.8192014,0.23800732
103299.242293,-0.237661779,0.0404196526,0.061571548,0.061571548,0.626906058,791,63.7539561,0.238615813
103299.252322,-0.229978515,0.0630745842,0.0549709824,0.0549709824,0.624344688,791,61.0115688,0.238615813
103299.262352,-0.235835545,0.0649558998,0.0487410633,0.0487410633,0.621776902,791,56.0659474,0.238615813
103299.272381,-0.196181004,0.069234223,0.0493103547,0.0493103547,0.619655081,791,53.6668258,0.238614923
103299.282410,-0.141577755,0.0654383561,0.0492550987,0.0492550987,0.618190065,791,45.2348631,0.238614923
103299.292439,-0.0367298815,0.0351205929,0.0458889493,0.0458889493,0.617858879,791,47.6036128,0.238614923
103299.302469,-0.0201551451,0.0504852255,0.0462208931,0.0462208931,0.617839218,791,49.2948442,0.238614923
103299.312498,0.028946678,0.0204790344,0.0422327097,0.0422327097,0.618144167,791,57.7721599,0.238731967
103299.322527,0.0420583055,0.0154872354,0.0418255249,0.0418255249,0.618528124,791,73.4252673,0.238656996
103299.332556,0.0457589127,0.0267324309,0.0399211582,0.0399211582,0.61899265,791,73.2431198,0.238634424
103299.342586,0.045229063,0.0242164634,0.0366868292,0.0366868292,0.6194312,791,79.2933168,0.237939443
103299.352615,0.0353564671,0.0256395525,0.0369433009,0.0369433009,0.619784173,791,71.2681842,0.238073341
103299.362644,0.0322884356,0.0229366482,0.0354870944,0.0354870944,0.620091074,791,68.3880377,0.237363886
103299.372674,0.0277656204,0.0140105624,0.0368552277,0.0368552277,0.620308871,791,67.840219,0.237363886
103299.382703,0.0409697057,0.0251222062,0.0368431815,0.0368431815,0.620689801,791,69.0637102,0.237363886
103299.392732,0.0308632259,0.021975129,0.0352943351,0.0352943351,0.620962115,791,68.1596896,0.236905997
103299.402761,0.0296269951,0.0174812476,0.0359016117,0.0359016117,0.621195943,791,67.6531408,0.236943983
103299.412791,0.0246268922,0.026490673,0.0346060308,0.0346060308,0.621429589,791,63.5730689,0.236674505
103299.422820,0.0163620915,0.0182188755,0.0360656948,0.0360656948,0.621547767,791,59.9920604,0.236931676
103299.432849,-0.00399028406,0.0197530276,0.0362491331,0.0362491331,0.621506582,791,65.1824788,0.237018648
103299.442878,-0.00476260011,0.0125954868,0.0350478483,0.0350478483,0.621424426,791,65.8977007,0.237018648
103299.452908,-0.00656842785,0.000386303856,0.0355793586,0.0355793586,0.621260904,791,69.1504567,0.237018648
103299.462937,-0.0069619079,-0.0252997626,0.0346361661,0.0346361661,0.62095104,791,64.145997,0.236882356
103299.472966,-0.00839081949,-0.0315539303,0.0369907136,0.0369907136,0.620607857,791,57.3701359,0.2358519
103299.482995,-0.0349622281,-0.0448311683,0.0389027781,0.0389027781,0.619989572,791,60.9490756,0.235057775
103299.493025,-0.042215581,-0.0508729989,0.039350079,0.039350079,0.619304137,791,62.8732545,0.235057775
103299.503054,-0.0623321938,-0.0758807626,0.0429813714,0.0429813714,0.618385681,791,67.5500229,0.235057775
103299.513083,-0.0932434947,-0.116021418,0.0432984187,0.0432984187,0.617329097,791,94.2258929,0.232747235
103299.523113,-0.109504233,-0.137640925,0.0469412439,0.0469412439,0.617425133,791,103.338677,0.232747235
103299.533142,-0.123469364,-0.156797719,0.0497846088,0.0497846088,0.618926661,791,120.034469,0.230923528
103299.543171,-0.139090408,-0.15293683,0.0590086804,0.0590086804,0.62072491,789,146.402788,0.225960507
103299.553200,-0.155670146,-0.148584501,0.0669757451,0.0669757451,0.622626967,789,170.372675,0.22265878
103299.563230,-0.169790336,-0.142856687,0.0740931058,0.0740931058,0.624576968,789,162.739669,0.217936723
103299.573259,-0.13567774,-0.143325032,0.0598098103,0.0598098103,0.626325374,791,181.171269,0.217308926
103299.583288,-0.109314638,-0.135768092,0.0544095093,0.0544095093,0.627828217,791,190.317667,0.217270992
103299.593317,-0.0762613625,-0.127663442,0.0481601768,0.0481601768,0.629043484,791,192.360251,0.217208691
103299.603347,-0.049574729,-0.116224577,0.0479175741,0.0479175741,0.629992595,791,218.872224,0.217121556
103299.613376,-0.00771510233,-0.118354731,0.0443486077,0.0443486077,0.630717894,791,207.232232,0.217244437
103299.623405,0.0323554678,-0.113525242,0.0455288083,0.0455288083,0.631211292,791,201.532864,0.217205193
103299.633434,0.0707515564,-0.114109692,0.0433738761,0.0433738761,0.631578831,791,198.364325,0.217685661
103299.643464,0.103645046,-0.109927162,0.0456675552,0.0456675552,0.631862749,791,175.153419,0.217700192
103299.653493,0.115663429,-0.108256587,0.0466062788,0.0466062788,0.632203898,791,174.148035,0.218483199
103299.663522,0.118489758,-0.115307192,0.0448769013,0.0448769013,0.63271753,791,177.053164,0.22031678
103299.673551,0.114037649,-0.103596854,0.0467357273,0.0467357273,0.633220512,791,183.716574,0.22031678
103299.683581,0.0938408026,-0.0981949277,0.0440477621,0.0440477621,0.633758022,791,183.692455,0.221830259
103299.693610,0.0783140667,-0.091384804,0.0445620049,0.0445620049,0.634272688,791,158.604996,0.222544321
103299.703639,0.0588022489,-0.0832148671,0.0431642485,0.0431642485,0.63472588,791,167.567215,0.22389998
103299.713669,0.0547832349,-0.0531246343,0.0392270078,0.0392270078,0.634889701,791,142.677215,0.22499504
103299.723698,0.060493519,-0.0274732769,0.0389428478,0.0389428478,0.634816782,791,171.759494,0.224868025
103299.733727,0.0352273667,-0.0199887779,0.0359861995,0.0359861995,0.634664838,791,220.056891,0.226616729
103299.743756,0.0201137169,-0.0251085325,0.035501019,0.035501019,0.634555909,791,274.67624,0.227687998
103299.753786,0.00509726145,-0.015264564,0.0336988434,0.0336988434,0.634338639,791,314.989469,0.227986788
103299.763815,-0.0030134435,-0.0142325221,0.0321232729,0.0321232729,0.634107406,791,304.265931,0.229509542
103299.773844,-0.0241447553,0.00993228561,0.0321329658,0.0321329658,0.633624829,791,289.939504,0.229980941
103299.783873,-0.0501722103,0.0284171237,0.0324781215,0.0324781215,0.632955786,791,272.375403,0.230032269
103299.793903,-0.0627365872,0.0288323682,0.034772603,0.034772603,0.632305302,791,295.692584,0.229986959
103299.803932,-0.0666045345,0.0269094343,0.0364858655,0.0364858655,0.631709617,791,249.653605,0.22959447
103299.813961,-0.0445307148,0.00175965139,0.0358119857,0.0358119857,0.631389106,791,281.629719,0.229586166
103299.823990,-0.0321329956,-0.0107817963,0.0368695158,0.0368695158,0.631202132,791,346.911665,0.229445951
103299.834020,-0.0226995814,-0.0363922008,0.0352849505,0.0352849505,0.631268733,791,346.103692,0.230035795
103299.844049,-0.0118585662,-0.0499178333,0.0364597275,0.0364597275,0.631460058,791,372.612244,0.230854925
103299.854078,-0.000557443041,-0.0413838287,0.0369779019,0.0369779019,0.631555288,791,251.461657,0.231188884
103299.864107,0.0528051679,0.0648826856,0.0356230274,0.0356230274,0.63057323,791,193.103573,0.232389325
103299.874137,0.0410008955,0.0749291398,0.0366890953,0.0366890953,0.629529733,791,48.9220671,0.233090321
103299.884166,0.00743142743,-0.014077364,0.0348126398,0.0348126398,0.629393961,791,174.07368,0.233520227
103299.894195,0.00963159795,-0.0453764469,0.0350673884,0.0350673884,0.629568798,791,263.077309,0.234704538
103299.904224,0.0328956478,-0.0370273213,0.0343380444,0.0343380444,0.629660457,791,293.458437,0.235745332
103299.914254,0.00369097327,-0.0467909782,0.0331697023,0.0331697023,0.629845636,791,256.210972,0.23586225
103299.924283,-0.0417318671,-0.0752260665,0.0367590349,0.0367590349,0.630305041,791,190.779508,0.236378817
103299.934312,-0.0861513184,-0.0651638848,0.0405980637,0.0405980637,0.630690759,791,303.803216,0.23564018
103299.944341,-0.111163685,-0.0496232204,0.0461036666,0.0461036666,0.630991908,791,293.259327,0.234866972
103299.954371,-0.139150157,-0.0208821338,0.0479194527,0.0479194527,0.631136706,791,275.315747,0.233779727
103299.964400,-0.135801982,-0.0313431049,0.0574444239,0.0574444239,0.631475319,789,235.826671,0.234446709
103299.974429,-0.131114364,-0.0383839802,0.0656028739,0.0656028739,0.63194457,789,233.004531,0.234408339
103299.984458,-0.0712646728,-0.0912333594,0.0517839109,0.0517839109,0.632716791,791,183.668828,0.234066101
103299.994488,-0.0540882019,-0.108548519,0.0501283508,0.0501283508,0.633570709,791,166.377293,0.234066101
103300.004517,-0.0667689801,-0.106175936,0.0467804627,0.0467804627,0.634435326,791,175.422807,0.234066101
103300.014546,-0.0929316382,-0.0953296084,0.0480056938,0.0480056938,0.635292807,791,192.562739,0.234066101
103300.024575,-0.113991351,-0.0798720061,0.0481381114,0.0481381114,0.636098242,791,229.110134,0.234066101
103300.034605,-0.124286856,-0.0667987206,0.0458843506,0.0458843506,0.636844223,791,259.266131,0.234066101
103300.044634,-0.127739537,-0.0615461362,0.0475197557,0.0475197557,0.637575784,791,271.728251,0.234066101
103300.054663,-0.123139527,-0.0339691693,0.0454153503,0.0454153503,0.638067986,791,265.693766,0.234445678
103300.064692,-0.124577742,-0.0158563783,0.0472304416,0.0472304416,0.638444514,791,229.530347,0.234124703
103300.074722,-0.118423937,0.00571077789,0.0479478811,0.0479478811,0.638645499,791,225.911929,0.234124703
103300.084750,-0.108574517,0.0367169406,0.0458011849,0.0458011849,0.638587428,791,207.242026,0.233860934
103300.094779,-0.106768962,0.0598712719,0.0474625626,0.0474625626,0.638400759,791,210.957227,0.233860934
103300.104808,-0.0858023417,0.074743697,0.0451326267,0.0451326267,0.638028084,791,187.872202,0.233310699
103300.114838,-0.0532930808,0.0607268722,0.0457959461,0.0457959461,0.637568974,791,138.250075,0.233695372
103300.124867,0.012174061,0.0340028642,0.0442548818,0.0442548818,0.636827244,791,198.051149,0.233403896
103300.134896,0.0510621731,0.0124140828,0.0401287662,0.0401287662,0.635953965,791,198.336809,0.233530138
103300.144925,0.0911555553,0.00852914143,0.0404831329,0.0404831329,0.634838469,791,108.483526,0.233530138
103300.154955,0.159050489,-0.0129986291,0.0381370553,0.0381370553,0.633451505,791,99.2587551,0.233530138
103300.164984,0.153945774,-0.0786905476,0.0406272322,0.0406272322,0.63271896,791,32.3735779,0.233749636
103300.175013,0.120597657,-0.0587597191,0.041927798,0.041927798,0.632174795,791,26.0243139,0.233749636
103300.185043,0.0773029827,-0.0785500908,0.0399774552,0.0399774552,0.632120894,791,28.3701288,0.233749636
103300.195072,0.0683532987,-0.085923975,0.0425260024,0.0425260024,0.632237733,791,29.5981586,0.233749636
103300.205101,0.056618443,-0.0828855037,0.0415682309,0.0415682309,0.632426458,791,28.0437774,0.234856775
103300.215130,0.0596157213,-0.0806437898,0.0449174546,0.0449174546,0.632622048,791,23.4564574,0.234957964
103300.225160,0.0513041885,-0.0963158021,0.0467175472,0.0467175472,0.633025329,787,19.1689724,0.23517563
103300.235189,0.0206056197,-0.0700492704,0.0452002231,0.0452002231,0.633285698,787,16.6789196,0.23485982
103300.245218,-0.00547813516,-0.0169042045,0.0468896633,0.0468896633,0.633113607,787,14.0483828,0.235549408
103300.255247,-0.0573033727,0.0275210324,0.047986516,0.047986516,0.6326767,787,16.0422742,0.235549408
103300.265276,-0.0760258557,0.0687271603,0.0575020754,0.0575020754,0.631957595,785,12.537971,0.235549408
103300.275306,-0.0973807576,0.103935656,0.0656587121,0.0656587121,0.631084801,785,16.6732189,0.238814312
103300.285335,-0.119781809,0.123917629,0.0729135083,0.0729135083,0.630289874,785,14.2913435,0.242569815
103300.295364,-0.135386485,0.131026736,0.0795141985,0.0795141985,0.629740392,785,15.5193825,0.251312705
103300.305394,-0.13862991,0.12821498,0.085611837,0.085611837,0.629487485,785,14.5338193,0.259225073
103300.315423,-0.131160136,0.114717357,0.0913047372,0.0913047372,0.629505143,785,14.0680144,0.2595
103300.325452,-0.113290473,0.0922456195,0.0966634488,0.0966634488,0.629679648,785,15.1224642,0.2595
103300.335481,-0.0887662815,0.0654489336,0.101740385,0.101740385,0.629874224,785,15.97106,0.2595
103300.345510,-0.0620121013,0.0385251521,0.106575817,0.106575817,0.629990426,785,12.3551816,0.259400675
103300.355540,-0.0351142204,0.0130299251,0.111201614,0.111201614,0.629976416,785,19.1728288,0.259400675
103300.365569,-0.00991850261,-0.0104247437,0.115642186,0.115642186,0.629824181,785,17.2755773,0.259400675
103300.375598,0.0119907952,-0.030699127,0.119918839,0.119918839,0.629556982,785,13.7923066,0.259197677
103300.385627,0.0291667733,-0.0478761154,0.124048569,0.124048569,0.62922434,785,16.2531048,0.259345826
103300.395657,0.0407176228,-0.0618993949,0.128046146,0.128046146,0.628888415,785,11.5429684,0.25943867
103300.405686,0.0474205315,-0.072190907,0.131923254,0.131923254,0.628599153,785,10.6202483,0.259061717
103300.415715,0.050278127,-0.0783447781,0.135691182,0.135691182,0.628385978,785,14.0759813,0.259345371
103300.425744,0.0498035203,-0.0800170151,0.139359363,0.139359363,0.628257313,785,19.9332072,0.259024075
103300.435774,0.0477670229,-0.0783653071,0.142936171,0.142936171,0.628200348,785,16.9158283,0.2595
103300.445803,0.0457111963,-0.074685137,0.146427837,0.146427837,0.628191627,785,22.8129006,0.2595
103300.455832,0.0447298638,-0.0691866707,0.149840561,0.149840561,0.628199653,785,25.3812021,0.2595
103300.465861,0.0447605139,-0.0630940743,0.153179587,0.153179587,0.628204045,785,28.2343743,0.2595
103300.475891,0.0460986989,-0.0567029505,0.156449886,0.156449886,0.628188133,785,24.8372368,0.2595
103300.485920,0.0491526898,-0.0498782913,0.159655054,0.159655054,0.628135719,785,20.6402066,0.2595
103300.495949,0.0526440465,-0.0426945151,0.162799243,0.162799243,0.628040544,785,21.3897942,0.2595
103300.505978,0.0571894964,-0.0349402794,0.165885878,0.165885878,0.627893839,785,14.6984627,0.2595
103300.516008,0.0623317058,-0.0264884014,0.168918352,0.168918352,0.627689946,785,13.0855962,0.2595
103300.526037,0.0668915678,-0.0179961894,0.171898628,0.171898628,0.627434749,785,11.6058352,0.2595
103300.536066,0.0709258454,-0.00953342657,0.174829661,0.174829661,0.627134849,785,12.0298975,0.2595
103300.546095,0.0747404235,-0.00122433221,0.177713624,0.177713624,0.62679813,785,11.0633957,0.2595
103300.556125,0.0785539832,0.00630524197,0.180552802,0.180552802,0.626439858,785,12.9445873,0.2595
103300.566154,0.0823633993,0.0131111903,0.183348356,0.183348356,0.62607711,785,14.1080985,0.2595
103300.576183,0.0860513594,0.0195408852,0.186102064,0.186102064,0.625725652,785,16.0959345,0.2595
103300.586212,0.0890031307,0.0256048253,0.188815548,0.188815548,0.62540203,785,14.601852,0.2595
103300.596242,0.0922378612,0.0307557651,0.19149035,0.19149035,0.625130135,785,16.4624266,0.2595
103300.606271,0.095874424,0.0353163275,0.19412741,0.19412741,0.624932971,785,12.5064805,0.2595
103300.616300,0.0995348469,0.0392520763,0.196728524,0.196728524,0.624832705,785,9.05609081,0.2595
103300.626329,0.10321119,0.0423524237,0.199295073,0.199295073,0.6248501,785,13.9439511,0.2595
103300.636359,0.107165852,0.043983545,0.201828659,0.201828659,0.625006055,785,14.2673,0.2595
103300.646388,0.112316498,0.0445967801,0.20432984,0.20432984,0.625315956,785,15.3993021,0.2595
103300.656417,0.116858508,0.0444457124,0.206800221,0.206800221,0.625772782,785,9.42510326,0.2595
103300.666446,0.119006432,0.0438850279,0.209241247,0.209241247,0.626343668,785,12.2639393,0.2595
103300.676476,0.119664527,0.0444030524,0.211654489,0.211654489,0.62699162,785,15.2092483,0.2595
103300.686505,0.118968123,0.0454022819,0.214040558,0.214040558,0.62768613,785,11.5783431,0.2595
103300.696534,0.117979078,0.0463622433,0.216400659,0.216400659,0.628411405,785,11.8786191,0.2595
103300.706563,0.117867045,0.0465687332,0.218735605,0.218735605,0.629166986,785,11.3964142,0.2595
103300.716593,0.119119749,0.0459568777,0.221046356,0.221046356,0.629958412,785,14.2802025,0.2595
103300.726622,0.121990369,0.0431585822,0.223332893,0.223332893,0.630795939,785,12.2458599,0.2595
103300.736651,0.126758815,0.0388319498,0.225595866,0.225595866,0.63169065,785,11.5108285,0.2595
103300.746680,0.132016118,0.0335480526,0.227835998,0.227835998,0.632639326,785,13.8422462,0.2595
103300.756710,0.135667493,0.0282660902,0.230054434,0.230054434,0.633618821,785,12.0412518,0.2595
103300.766739,0.1371324,0.023439143,0.232251554,0.232251554,0.634601956,785,12.9028636,0.2595
103300.776768,0.136514874,0.0192934264,0.234428487,0.234428487,0.635564917,785,14.6805256,0.2595
103300.786797,0.134312261,0.015194305,0.236585938,0.236585938,0.636490482,785,12.2058805,0.2595
103300.796827,0.131814612,0.0115159343,0.238724773,0.238724773,0.637375161,785,14.5126964,0.259121896
103300.806856,0.129787721,0.0082391233,0.240845262,0.240845262,0.638223365,785,16.5992174,0.259121896
103300.816885,0.128065831,0.00359263555,0.242947894,0.242947894,0.639038481,785,13.2796146,0.259121896
103300.826914,0.128163989,-0.00189645353,0.245032983,0.245032983,0.639838821,785,16.887347,0.259121896
103300.836943,0.129848953,-0.00772256774,0.247100954,0.247100954,0.64064038,785,12.0903351,0.259121896
103300.846973,0.131944903,-0.0136024542,0.249152483,0.249152483,0.641706413,785,14.4891012,0.259334221
103300.857002,0.133834252,-0.0190541858,0.251187693,0.251187693,0.643043368,785,12.7747716,0.259334221
103300.867031,0.137133662,-0.0242702209,0.25320711,0.25320711,0.644415588,785,11.5990255,0.259334221
103300.877060,0.142238573,-0.0306025815,0.255210751,0.255210751,0.645842365,785,11.4652006,0.259334221
103300.887090,0.150269464,-0.037864895,0.257198727,0.257198727,0.647354694,785,19.9659688,0.259334221
103300.897119,0.16125353,-0.0466679932,0.259170635,0.259170635,0.648984246,785,16.2020612,0.259334221
103300.907148,0.172512949,-0.0567118518,0.261126966,0.261126966,0.650737225,785,16.9975442,0.259334221
103300.917177,0.181801145,-0.0669785097,0.263068273,0.263068273,0.652597374,785,18.2245964,0.2595
103300.927207,0.188630816,-0.0767168498,0.264995323,0.264995323,0.654543315,785,14.3731457,0.2595
103300.937236,0.192149964,-0.0854426169,0.266908262,0.266908262,0.65654389,785,10.3817391,0.2595
103300.947265,0.19255844,-0.092881645,0.268807699,0.268807699,0.6585696,785,12.4008064,0.2595
103300.957294,0.191011707,-0.0995512415,0.270693929,0.270693929,0.660602249,785,11.8714218,0.2595
103300.967324,0.189102811,-0.105394932,0.272567403,0.272567403,0.662638958,785,6.90256486,0.2595
103300.977353,0.187681636,-0.110291998,0.274428028,0.274428028,0.664683737,785,9.25472865,0.2595
103300.987382,0.18605637,-0.114770636,0.276276357,0.276276357,0.6667349,785,6.51736324,0.2595
103300.997411,0.184439024,-0.118133573,0.278112764,0.278112764,0.668790754,785,13.2775993,0.2595
103301.007441,0.182063025,-0.120769774,0.279937734,0.279937734,0.67084269,785,10.5837939,0.2595
103301.017470,0.178894645,-0.122846957,0.281751238,0.281751238,0.672881314,785,9.9940407,0.2595
103301.027499,0.175314629,-0.124356764,0.283553695,0.283553695,0.674901313,785,7.81886695,0.2595
103301.037528,0.171653127,-0.125738325,0.285345177,0.285345177,0.676901402,785,9.2606359,0.2595
103301.047557,0.168271809,-0.126926018,0.287125826,0.287125826,0.678883541,785,9.00987187,0.2595
103301.057587,0.165340731,-0.127078229,0.288896028,0.288896028,0.68084872,785,8.65553528,0.2595
103301.067616,0.163175275,-0.125871246,0.290655763,0.290655763,0.682798694,785,9.00187116,0.2595
103301.077645,0.161193388,-0.123351573,0.292405573,0.292405573,0.684729867,785,12.7549261,0.2595
103301.087674,0.159775566,-0.119342726,0.294145915,0.294145915,0.686640922,785,9.00694116,0.2595
103301.097704,0.15724557,-0.114778194,0.295877435,0.295877435,0.688518149,785,9.18788232,0.2595
103301.107733,0.15249595,-0.110079583,0.297600129,0.297600129,0.69033883,785,11.5554529,0.2595
103301.117762,0.147263199,-0.105178897,0.299314461,0.299314461,0.692096933,785,8.88774384,0.2595
103301.127791,0.141520555,-0.0996188786,0.301020678,0.301020678,0.693784396,785,10.9379781,0.2595
103301.137821,0.135365499,-0.0928981304,0.302719143,0.302719143,0.695392289,785,10.0379273,0.2595
103301.147850,0.129294772,-0.0856187704,0.304409782,0.304409782,0.696918042,785,12.7499229,0.258648627
103301.157879,0.124563787,-0.0777706789,0.306092603,0.306092603,0.698371013,785,11.3033949,0.258648627
103301.167908,0.1216108,-0.0698888932,0.307767474,0.307767474,0.699766556,785,10.2731579,0.259317932
103301.177938,0.119949218,-0.0631931156,0.309434147,0.309434147,0.701120764,785,10.8377309,0.259317932
103301.187967,0.119743208,-0.0571409741,0.311092077,0.311092077,0.702448878,785,7.71363505,0.259317932
103301.197996,0.119273767,-0.051175236,0.312741706,0.312741706,0.703748864,785,12.9103414,0.2595
103301.208025,0.117080626,-0.0456541769,0.314383626,0.314383626,0.705006859,785,13.2256115,0.2595
103301.218054,0.114055904,-0.0400277138,0.316017997,0.316017997,0.706214985,785,13.1042228,0.2595
103301.228084,0.111288071,-0.0356706707,0.317644414,0.317644414,0.707380901,785,14.223837,0.2595
103301.238113,0.108939338,-0.0330149506,0.319262064,0.319262064,0.70851506,785,13.8120357,0.2595
103301.248142,0.106837351,-0.0307300641,0.320871229,0.320871229,0.709621367,785,12.7904741,0.2595
103301.258171,0.104974112,-0.0282006997,0.322472075,0.322472075,0.710701126,785,17.3431794,0.2595
103301.268201,0.103064796,-0.0253901724,0.324065197,0.324065197,0.711753038,785,19.2714026,0.2595
103301.278230,0.100767286,-0.0231786485,0.32565049,0.32565049,0.712775778,785,18.5598561,0.2595
103301.288259,0.0988780009,-0.0211457379,0.327228445,0.327228445,0.713773959,785,17.5936736,0.2595
103301.298288,0.0973985314,-0.0194037303,0.328799108,0.328799108,0.714752531,785,22.8066225,0.2595
103301.308318,0.0965604258,-0.0176263602,0.33036274,0.33036274,0.715717438,785,15.9264618,0.259226427
103301.318347,0.0963468385,-0.0162327373,0.33191919,0.33191919,0.716675779,785,22.1230585,0.259226427
103301.328376,0.0967279829,-0.0151495847,0.333468365,0.333468365,0.71763439,785,21.3904203,0.259226427
103301.338405,0.0985754785,-0.0138965523,0.335010311,0.335010311,0.718606307,785,26.0625714,0.257053969
103301.348434,0.102274873,-0.0134356754,0.336544665,0.336544665,0.719611722,785,31.1801816,0.257053969
103301.358464,0.108358214,-0.0137112281,0.338071473,0.338071473,0.720675668,785,28.4795437,0.257053969
103301.368493,0.116870579,-0.0145502521,0.339590386,0.339590386,0.72182271,785,25.5742922,0.257053969
103301.378522,0.127098925,-0.0156893311,0.341101644,0.341101644,0.723070258,785,29.9976283,0.255057141
103301.388551,0.138216277,-0.017200246,0.342605457,0.342605457,0.724428215,785,24.5800255,0.255057141
103301.398581,0.149207674,-0.019233513,0.344102246,0.344102246,0.725897637,785,37.0362993,0.254352411
103301.408610,0.159668701,-0.0223302071,0.345591727,0.345591727,0.727476999,785,31.7465035,0.254655137
103301.418639,0.169999173,-0.0265828963,0.347073971,0.347073971,0.729168983,785,31.1259723,0.253632437
103301.428668,0.179474863,-0.0323649091,0.348548982,0.348548982,0.730970262,785,32.6796625,0.254351659
103301.438698,0.18796562,-0.0387579986,0.350017157,0.350017157,0.732873277,785,41.9727691,0.253215273
103301.448727,-0.0545009893,-0.00707351992,0.0740748804,0.0740748804,0.732394826,787,40.166377,0.25247563
103301.458756,-0.0582280352,-0.0252387771,0.0563448182,0.0563448182,0.731941371,787,44.0484862,0.252976711
103301.468785,-0.0580673208,-0.0517092355,0.0468656976,0.0468656976,0.731581647,787,46.963421,0.252538119
103301.478814,-0.0532009164,-0.0555399717,0.0467054129,0.0467054129,0.731288832,787,47.6166558,0.252055107
103301.488844,-0.0437516921,-0.0580226578,0.0439255848,0.0439255848,0.731101437,787,53.0172654,0.251219587
103301.498873,-0.0382370738,-0.0541750615,0.0454957923,0.0454957923,0.730959426,787,47.324817,0.250267822
103301.508902,-0.0431615066,-0.0629999557,0.0459514079,0.0459514079,0.730814608,787,47.1917691,0.250076625
103301.518931,-0.0399625015,-0.057584425,0.0440566491,0.0440566491,0.730688046,787,48.8495235,0.249743376
103301.528961,-0.0467145767,-0.051496508,0.0462038273,0.0462038273,0.730484792,787,46.9518011,0.249644899
103301.538990,-0.0444292303,-0.0434524557,0.0448861813,0.0448861813,0.730276757,787,44.6721864,0.249384838
103301.549019,-0.0421508216,-0.0400346852,0.0468477199,0.0468477199,0.730081212,787,54.4771465,0.249037416
103301.559048,-0.0355337167,-0.0415193065,0.0473745097,0.0473745097,0.72995731,787,45.1961393,0.249037416
103301.569078,-0.0413114752,-0.038795,0.0446062609,0.0446062609,0.729776161,787,51.3124392,0.248811737
103301.579107,-0.0252092817,-0.0393643647,0.0457441938,0.0457441938,0.729745124,787,50.2421157,0.248215274
103301.589136,-0.0304519858,-0.0365317742,0.043463373,0.043463373,0.729659865,787,48.3600911,0.247615727
103301.599165,-0.019622207,-0.0410228696,0.045696393,0.045696393,0.72969528,787,50.5568004,0.247399819
103301.609194,-0.0120020556,-0.0449573516,0.0455291767,0.0455291767,0.729820675,787,39.3782706,0.248180039
103301.619224,0.00641476235,-0.0587936926,0.0492541307,0.0492541307,0.730178419,787,39.5245503,0.248553033
103301.629253,0.0105438693,-0.0749923473,0.0585620684,0.0585620684,0.730660637,785,34.1081613,0.250415252
103301.639282,0.0158421359,-0.0947452844,0.0665828627,0.0665828627,0.731301274,785,32.7270575,0.253766138
103301.649311,0.0220257616,-0.117216318,0.0737376626,0.0737376626,0.732129949,785,25.9828288,0.253725774
103301.659341,0.0278639561,-0.141336421,0.0802589754,0.0802589754,0.733162752,785,28.3612646,0.2595
103301.669370,0.0318029372,-0.166534462,0.0862893834,0.0862893834,0.734402,785,29.2573526,0.2595
103301.679399,0.0334203827,-0.190977889,0.0919261148,0.0919261148,0.735838352,785,29.1898859,0.2595
103301.689428,0.0332472085,-0.213921536,0.0972376773,0.0972376773,0.737462605,785,33.3931315,0.2595
103301.699457,0.0319278958,-0.23560933,0.102274756,0.102274756,0.739271445,785,36.1120791,0.25906173
103301.709487,0.030523376,-0.255887557,0.107076581,0.107076581,0.741267005,785,33.3238187,0.259166305
103301.719516,-0.0129139008,-0.0455054872,0.0622928453,0.0622928453,0.741507837,787,42.1944118,0.259338232
103301.729545,-0.0121549954,-0.000179885247,0.0501027135,0.0501027135,0.741433348,787,40.4986242,0.259338232
103301.739574,-0.00233672801,0.015455474,0.0425135048,0.0425135048,0.74131526,787,42.0480642,0.259338232
103301.749604,0.0129927622,0.00515289187,0.0430527168,0.0430527168,0.741376799,787,44.5515299,0.259125735
103301.759633,0.0239092543,0.0111797597,0.0418268051,0.0418268051,0.741472298,787,36.4101073,0.259091733
103301.769662,0.0374180997,0.0203376877,0.0454551344,0.0454551344,0.741600508,787,32.6791428,0.259091733
103301.779691,0.0255466674,-0.0340388674,0.0494277009,0.0494277009,0.742026115,787,30.3189797,0.259091733
103301.789721,0.0298784525,-0.0351337855,0.0587086694,0.0587086694,0.742489991,785,24.8147539,0.254502729
103301.799750,0.0330963431,-0.035759103,0.0667115121,0.0667115121,0.742980847,785,24.0145881,0.249890436
103301.809779,0.033459392,-0.0365094765,0.073853582,0.073853582,0.743479473,785,23.8783543,0.249554187
103301.819808,0.0306340236,-0.0372795533,0.0803646967,0.0803646967,0.743963584,785,20.267697,0.248779185
103301.829837,0.0259490848,-0.0376870265,0.0863876416,0.0863876416,0.744417675,785,16.8802999,0.248779185
103301.839867,0.0195501241,-0.039196217,0.0920188718,0.0920188718,0.744837805,785,23.1874078,0.248779185
103301.849896,0.0126893121,-0.0411572255,0.0973253749,0.0973253749,0.745224495,785,26.3019785,0.248779185
103301.859925,0.00583415072,-0.0428528374,0.102358158,0.102358158,0.745576932,785,46.5524713,0.248779185
103301.869954,-0.000642028318,-0.0448854965,0.107155798,0.107155798,0.745901408,785,51.2262146,0.248779185
103301.879984,-0.00535644095,-0.0463607188,0.111749033,0.111749033,0.746207396,785,42.2734476,0.248771001
103301.890013,-0.00746284843,-0.0465624652,0.116161248,0.116161248,0.746504231,785,43.0750014,0.248771001
103301.900042,-0.00727761177,-0.0446904508,0.120412751,0.120412751,0.74679223,785,18.7753273,0.248997069
103301.910071,-0.00577254692,-0.0404297986,0.124520012,0.124520012,0.747061738,785,9.03457357,0.248997069
103301.920100,-0.00410447883,-0.0353743325,0.128496889,0.128496889,0.747306751,785,11.2755622,0.248997069
103301.930130,-0.00212806582,-0.0303667885,0.132355532,0.132355532,0.747528565,785,11.2727387,0.248997069
103301.940159,0.000294729208,-0.0261222775,0.136105258,0.136105258,0.747734872,785,13.330743,0.248997069
103301.950188,0.00287854955,-0.0236010734,0.139755177,0.139755177,0.747939156,785,13.9267436,0.248997069
103301.960217,0.00525283796,-0.0225374193,0.143312912,0.143312912,0.748150794,785,12.8894315,0.248997069
103301.970247,0.00952474424,-0.0224941558,0.146785494,0.146785494,0.748389385,785,11.4732209,0.248997069
103301.980276,0.0169991268,-0.0228823113,0.150178148,0.150178148,0.748678211,785,11.1972563,0.248997069
103301.990305,0.0276904463,-0.0228430895,0.15349652,0.15349652,0.749034347,785,11.3660558,0.248997069
103302.000334,0.0397177078,-0.0218184613,0.156745397,0.156745397,0.749459366,785,16.8592691,0.248997069
103302.010363,0.0515060482,-0.0195936326,0.159929162,0.159929162,0.749944243,785,12.6143334,0.248997069
103302.020393,0.0629178919,-0.0160143454,0.163052208,0.163052208,0.750479112,785,13.3413728,0.248997069
103302.030422,0.0731681329,-0.0112697716,0.166117781,0.166117781,0.751051397,785,12.7115384,0.248997069
103302.040451,0.0835790682,-0.00691208643,0.169129537,0.169129537,0.751669795,785,14.0416688,0.248997069
103302.050480,0.0980604367,-0.00467143795,0.17208991,0.17208991,0.752383099,785,10.9623128,0.248997069
103302.060510,0.118367335,-0.0047109617,0.175001053,0.175001053,0.753255894,785,16.5382275,0.248997069
103302.070539,0.144929267,-0.00724924323,0.177864173,0.177864173,0.754360382,785,10.6601997,0.248997069
103302.080568,0.176592879,-0.0103225126,0.180681691,0.180681691,0.755750933,785,11.3091868,0.248997069
103302.090597,0.213734874,-0.0137757302,0.18345551,0.18345551,0.757487491,785,13.1023442,0.248997069
103302.100627,0.256868623,-0.0185797461,0.186188109,0.186188109,0.759643396,785,12.9202378,0.248997069
103302.110656,0.302754011,-0.0244132045,0.188881502,0.188881502,0.76226396,785,11.3103539,0.248997069
103302.120685,0.348383481,-0.0302218755,0.191538575,0.191538575,0.765361118,785,6.19890047,0.248997069
103302.130714,0.392652956,-0.0349976518,0.194161584,0.194161584,0.768927341,785,10.8947765,0.248997069
103302.140743,0.43423549,-0.037225277,0.19675196,0.19675196,0.772932836,785,9.59471144,0.248997069
103302.150773,0.471367423,-0.0367226664,0.199310822,0.199310822,0.777329904,785,12.8989993,0.248997069
103302.160802,0.504308823,-0.036932357,0.201839242,0.201839242,0.782083584,785,10.1881652,0.248997069
103302.170831,0.536712673,-0.0390519917,0.204339633,0.204339633,0.787194297,785,9.95955363,0.248997069
103302.180860,0.570022818,-0.0409111441,0.206813805,0.206813805,0.792665995,785,8.44723971,0.248997069
103302.190890,0.603990249,-0.0412040234,0.209263973,0.209263973,0.798497564,785,8.26237753,0.248997069
103302.200919,0.640097528,-0.0411553258,0.211692617,0.211692617,0.804705363,785,9.12745408,0.248997069
103302.210948,0.676510069,-0.0413111462,0.214102512,0.214102512,0.811292105,785,12.5526059,0.248997069
103302.220977,0.711882001,-0.037651011,0.216492646,0.216492646,0.818236988,785,8.05730262,0.248997069
103302.231006,0.743857021,-0.0278622135,0.218860136,0.218860136,0.825493548,785,10.4503322,0.248997069
103302.241036,0.77243951,-0.0150997378,0.221203906,0.221203906,0.833026065,785,11.6765794,0.248997069
103302.251065,0.79184042,-0.000509432991,0.223520327,0.223520327,0.840743535,785,7.24684653,0.248997069
103302.261094,0.806960252,0.0159048767,0.22580891,0.22580891,0.848604757,785,10.9696001,0.248997069
103302.271123,0.821029515,0.0321063277,0.228070589,0.228070589,0.856603237,785,8.21780493,0.248997069
103302.281153,0.831001566,0.0425409205,0.230308392,0.230308392,0.864711173,785,9.00361815,0.248997069
103302.291182,0.841248392,0.0457349719,0.232525494,0.232525494,0.87293959,785,9.77974618,0.248997069
103302.301211,0.852446633,0.0420209825,0.234724366,0.234724366,0.881304673,785,12.9876847,0.248997069
103302.311240,0.86422368,0.0357535162,0.236905946,0.236905946,0.889810812,785,12.9137748,0.248997069
103302.321269,0.878034769,0.0278707922,0.239071306,0.239071306,0.898475705,785,13.0848854,0.248997069
103302.331299,0.891608496,0.0189124025,0.241220153,0.241220153,0.90729533,785,17.0983857,0.248997069
103302.341328,0.902445516,0.0131011512,0.243349217,0.243349217,0.916235026,785,20.4332077,0.248997069
103302.351357,0.911095624,0.0109327283,0.245458815,0.245458815,0.925269058,785,19.428165,0.248997069
103302.361386,0.915833838,0.00703287938,0.24754921,0.24754921,0.934358989,785,23.0796355,0.248997069
103302.371416,0.91547494,0.00421021561,0.249620401,0.249620401,0.94345329,785,27.7792939,0.248997069
103302.381445,0.906903761,0.00562588609,0.251671808,0.251671808,0.952464985,785,29.9960118,0.248997069
103302.391474,0.89278649,0.00845717814,0.253705355,0.253705355,0.961338751,785,22.6245358,0.248997069
103302.401503,0.867978401,0.013101529,0.255721894,0.255721894,0.969967325,785,22.2129973,0.248748198
103302.411532,0.835674548,0.0230507757,0.257720795,0.257720795,0.978273275,785,18.2811973,0.248748198
103302.421562,0.797050623,0.0377287533,0.259702562,0.259702562,0.986192701,785,21.9937406,0.249091826
103302.431591,0.752602047,0.0580138484,0.261667125,0.261667125,0.993664655,785,24.2473884,0.249509813
103302.441620,0.705833345,0.0859603097,0.263614124,0.263614124,1.0006657,785,25.6100106,0.249509813
103302.451649,0.657520272,0.120786417,0.265543283,0.265543283,1.0071819,785,20.3611562,0.249509813
103302.461679,0.610773951,0.159411741,0.267455636,0.267455636,1.01323459,785,23.7804042,0.249942418
103302.471708,0.566772043,0.196518353,0.269352156,0.269352156,1.01885858,785,28.5538759,0.249942418
103302.481737,0.525389673,0.230303473,0.271234188,0.271234188,1.0240902,785,28.6255968,0.250483841
103302.491766,0.485078414,0.262764598,0.27310278,0.27310278,1.02894975,785,34.9243777,0.250483841
103302.501796,0.444976912,0.294045241,0.274959493,0.274959493,1.03345002,785,27.8701711,0.250483841
103302.511825,0.405215583,0.322415675,0.276805159,0.276805159,1.0376037,785,31.9649265,0.251390736
103302.521854,0.36924975,0.346576431,0.278640366,0.278640366,1.04145793,785,30.9753163,0.251390736
103302.531883,0.335958274,0.364811309,0.280465046,0.280465046,1.04504543,785,27.6436392,0.251390736
103302.541912,0.30524858,0.377928798,0.282278807,0.282278807,1.04839554,785,26.6853227,0.251390736
103302.551942,0.276823634,0.388969637,0.284081851,0.284081851,1.05153513,785,21.5925531,0.251390736
103302.561971,0.250159475,0.400551191,0.28587416,0.28587416,1.05448705,785,20.3832171,0.251390736
103302.572000,0.225057473,0.413903592,0.287656301,0.287656301,1.05727565,785,21.0225881,0.251390736
103302.582029,0.202707983,0.429262808,0.289428628,0.289428628,1.05993873,785,16.678806,0.251390736
103302.592059,0.18203834,0.446027437,0.29119169,0.29119169,1.06250469,785,16.4495218,0.251390736
103302.602088,0.163719411,0.463755686,0.292945624,0.292945624,1.0650084,785,11.0974293,0.251699418
103302.612117,0.148124424,0.482967403,0.294691262,0.294691262,1.06749137,785,15.5935949,0.251699418
103302.622146,0.134587613,0.502342139,0.29642911,0.29642911,1.06998673,785,10.1345866,0.251699418
103302.632175,0.123000659,0.522164795,0.298159618,0.298159618,1.07252765,785,11.0055125,0.251699418
103302.642205,0.111949721,0.541602188,0.299882905,0.299882905,1.0751322,785,9.69266174,0.251699418
103302.652234,0.102036633,0.559253874,0.301597744,0.301597744,1.07781885,785,10.9084469,0.251699418
103302.662263,0.0929853904,0.575131853,0.303303248,0.303303248,1.08060247,785,12.6524532,0.252331286
103302.672292,0.0836144349,0.590824297,0.304998679,0.304998679,1.08349057,785,15.7985807,0.252331286
103302.682322,0.0729074053,0.607780556,0.306683995,0.306683995,1.08648727,785,14.3818073,0.252488875
103302.692351,0.0608225402,0.625167188,0.308358885,0.308358885,1.08959384,785,16.9389864,0.252385887
103302.702380,0.0473656089,0.643118198,0.310023525,0.310023525,1.0928142,785,16.1902407,0.252385887
103302.712409,0.0329937097,0.660532451,0.311678402,0.311678402,1.09615215,785,15.794875,0.251693885
103302.722438,0.0157234889,0.678983065,0.313324463,0.313324463,1.09960216,785,17.1165167,0.251702532
103302.732468,-0.00458655337,0.700592517,0.314963203,0.314963203,1.10317189,785,16.3658655,0.251702532
103302.742497,-0.0265936595,0.724911069,0.316595591,0.316595591,1.10688216,785,17.0703156,0.250549985
103302.752526,-0.170912551,0.171753353,0.100477411,0.100477411,1.10646877,787,23.6600678,0.251729295
103302.762555,-0.15529214,0.135101364,0.0606863189,0.0606863189,1.10600267,787,21.9588435,0.252356543
103302.772585,-0.118886967,0.130143251,0.0473038526,0.0473038526,1.10582279,787,23.2919393,0.253439751
103302.782614,-0.0928966536,0.129283379,0.0465252077,0.0465252077,1.10586276,787,24.844726,0.254020789
103302.792643,-0.0635016539,0.13067971,0.0464585313,0.0464585313,1.10615908,787,25.1293182,0.254445447
103302.802672,-0.0304771447,0.146306238,0.0451393718,0.0451393718,1.1068219,787,23.7096848,0.255298547
103302.812701,-0.0151134028,0.154807136,0.0481961479,0.0481961479,1.10766747,787,21.7435405,0.255674839
103302.822731,0.00425307686,0.168229364,0.0478270249,0.0478270249,1.10875681,787,24.6293163,0.255372949
103302.832760,0.00579463249,0.169361056,0.0505051623,0.0505051623,1.10987495,787,19.6064048,0.25530559
103302.842789,0.00646478429,0.169673497,0.0596190051,0.0596190051,1.11101014,785,21.2840363,0.254919721
103302.852818,0.00900992136,0.167843497,0.0675150529,0.0675150529,1.11216322,785,22.5213279,0.255900313
103302.862848,0.014427021,0.163302038,0.0745816608,0.0745816608,1.11333825,785,18.620961,0.25548773
103302.872877,0.0209235693,0.157281669,0.0810348359,0.0810348359,1.1145321,785,18.5626421,0.255250342
103302.882906,0.0305171023,0.150758325,0.0870117643,0.0870117643,1.11576316,785,19.7027433,0.255613672
103302.892935,0.0643923564,0.159326525,0.062073432,0.062073432,1.11730969,787,24.8879481,0.256420006
103302.902964,0.0892987216,0.136596927,0.0517845145,0.0517845145,1.11889784,787,18.5079751,0.256207777
103302.912994,0.117754307,0.118879949,0.0520358654,0.0520358654,1.12058407,787,18.7023681,0.256428908
103302.923023,0.129240116,0.11281865,0.060920402,0.060920402,1.12231629,785,15.6731964,0.257490526
103302.933052,0.142867331,0.106082581,0.0686663783,0.0686663783,1.1241063,785,13.8167237,0.257208026
103302.943081,0.157455522,0.0975002139,0.075624552,0.075624552,1.12594973,785,15.6244529,0.258051555
103302.953111,0.173085143,0.0890786752,0.0819964469,0.0819964469,1.12785662,785,12.4473195,0.257113405
103302.963140,0.1916855,0.0808161469,0.0879085779,0.0879085779,1.12985165,785,17.7885993,0.257096984
103302.973169,0.208276807,0.0723193431,0.0934488774,0.0934488774,1.13192066,785,13.4946715,0.258077861
103302.983198,0.225549501,0.0646926574,0.0986799812,0.0986799812,1.1340772,785,13.3169171,0.258001994
103302.993227,0.240913581,0.0574098298,0.103648652,0.103648652,1.13631205,785,14.5725106,0.257782965
103303.003257,0.160040828,0.0802676354,0.0651412229,0.0651412229,1.13807448,787,14.6052185,0.257233618
103303.013286,0.13951665,0.0843141057,0.0554947192,0.0554947192,1.13970464,787,12.8038689,0.257165502
103303.023315,0.123379374,0.0810046557,0.0513039504,0.0513039504,1.14118974,787,14.3924288,0.256878348
103303.033344,0.109313046,0.072925242,0.0489674124,0.0489674124,1.14251568,787,14.8202205,0.256878348
103303.043373,0.088438182,0.0723618155,0.0444737365,0.0444737365,1.14367672,787,15.8669705,0.256878348
103303.053403,0.0725230067,0.0527989564,0.0451636209,0.0451636209,1.14459251,787,14.3956494,0.256768506
103303.063432,0.0597745467,0.0582595048,0.0460428857,0.0460428857,1.14544354,787,14.3546091,0.256742661
103303.073461,0.0281304449,0.0534255845,0.0412063271,0.0412063271,1.14602,787,18.5642925,0.25665117
103303.083490,0.00097817254,0.0338273824,0.0421443815,0.0421443815,1.14626455,787,15.534836,0.256668073
103303.093520,-0.0184746422,0.0249014865,0.0405204283,0.0405204283,1.14630359,787,12.7020391,0.256322464
103303.103549,-0.0418230289,0.0285078402,0.0406558054,0.0406558054,1.14618691,787,18.1984929,0.256322464
103303.113578,-0.0719925163,0.0282625402,0.0429789812,0.0429789812,1.14584014,787,18.2350008,0.256518446
103303.123607,-0.090249826,0.0129610728,0.0433936883,0.0433936883,1.14526019,787,16.6834659,0.256269647
103303.133636,-0.104613197,0.0120405912,0.0467216165,0.0467216165,1.14456946,787,12.513381,0.256269647
103303.143666,-0.111035665,0.0218250098,0.046176377,0.046176377,1.14389916,787,10.5007139,0.256144515
103303.153695,-0.119144901,0.0202808023,0.0475885372,0.0475885372,1.14316526,787,16.578406,0.255637726
103303.163724,-0.111497239,0.0209519022,0.0469300931,0.0469300931,1.14249995,787,20.2768693,0.255431269
103303.173753,-0.103355224,0.00431131185,0.0441025705,0.0441025705,1.14178978,787,16.0425093,0.255431269
103303.183783,-0.0999872819,-0.0103355759,0.0466429776,0.0466429776,1.14100978,787,12.7838904,0.254938132
103303.193812,-0.0789130138,-0.0116490286,0.042204583,0.042204583,1.14037675,787,15.5591448,0.2545157
103303.203841,-0.064632899,-0.0121607244,0.0426165831,0.0426165831,1.13984498,787,16.6025206,0.254473009
103303.213870,-0.0402775521,-0.0239683711,0.0449228105,0.0449228105,1.13940889,787,13.6711365,0.254494528
103303.223899,-0.0222996513,-0.0311287788,0.039877191,0.039877191,1.13905329,787,17.1532363,0.254325657
103303.233929,-0.00720989357,-0.030814822,0.0422777957,0.0422777957,1.13880854,791,14.8836292,0.25440414
103303.243958,0.00960455072,-0.0189193404,0.0417797524,0.0417797524,1.13876641,791,12.8905943,0.254104612
103303.253987,0.0291079954,-0.0162700855,0.0451178683,0.0451178683,1.13888416,791,12.1462489,0.253271753
103303.264016,0.0539312048,-0.0105547157,0.0422608808,0.0422608808,1.13922263,791,16.4019054,0.253041556
103303.274046,0.0829979777,-0.0113499457,0.0447617062,0.0447617062,1.13977185,791,14.5268369,0.253041556
103303.284075,0.107337771,-0.01366852,0.0481932946,0.0481932946,1.14049134,791,11.9745342,0.253041556
103303.294104,0.130555932,-0.0229968087,0.0502498929,0.0502498929,1.14133268,789,6.7476677,0.252851772
103303.304133,0.144449228,-0.0247077375,0.0594018418,0.0594018418,1.14228193,789,11.7112961,0.252730948
103303.314162,0.159902149,-0.0279568348,0.06732245,0.06732245,1.14334565,789,13.9741957,0.252869077
103303.324192,0.176463842,-0.0329571855,0.0744067232,0.0744067232,1.14452734,789,12.2952097,0.253477228
103303.334221,0.193304033,-0.0388297263,0.0808736319,0.0808736319,1.14583061,789,13.4228026,0.253477228
103303.344250,0.210730599,-0.0443590904,0.0868618748,0.0868618748,1.14726997,789,13.0690644,0.253477228
103303.354279,0.228043224,-0.0490252262,0.092464568,0.092464568,1.14885735,789,13.8839942,0.253477228
103303.364308,0.245382869,-0.052385316,0.0977480369,0.0977480369,1.15060764,789,20.341256,0.253477228
103303.374338,0.262342896,-0.0552137632,0.102761976,0.102761976,1.15252725,789,17.2742678,0.253477228
103303.384367,0.277731071,-0.0586754016,0.107543074,0.107543074,1.15460501,789,19.1264869,0.253477228
103303.394396,0.29190889,-0.0632582023,0.11212154,0.11212154,1.15683043,789,17.5476825,0.253308149
103303.404425,0.305050767,-0.0694316112,0.116521246,0.116521246,1.15919216,789,21.1724536,0.252943979
103303.414455,0.187902546,0.0482122357,0.0597214696,0.0597214696,1.16108608,791,21.0469567,0.253379937
103303.424484,0.179190715,0.0537020355,0.0545372306,0.0545372306,1.16292952,791,26.7762851,0.253379937
103303.434513,0.175008107,0.047755419,0.0528770806,0.0528770806,1.16471078,791,19.7706309,0.253379937
103303.444542,0.177231538,0.0309758874,0.0488981014,0.0488981014,1.16643965,791,25.5270928,0.253532369
103303.454571,0.175729045,0.0226306596,0.0496768923,0.0496768923,1.16812215,791,27.3855218,0.253529082
103303.464601,0.16966186,0.0141630081,0.0462092043,0.0462092043,1.16971821,791,26.8845941,0.253529082
103303.474630,0.168114339,0.000334938231,0.0466031423,0.0466031423,1.17124674,791,32.7809823,0.253857314
103303.484659,0.167614461,-0.0117905468,0.0458869425,0.0458869425,1.1727272,791,37.8846902,0.253534275
103303.494688,0.155550244,-0.0289366764,0.0429069189,0.0429069189,1.17403735,791,29.6843818,0.253498471
103303.504718,0.152866776,-0.0408207364,0.0443514196,0.0443514196,1.17528673,791,34.6844061,0.25375547
103303.514747,0.158369622,-0.0585438148,0.0430666225,0.0430666225,1.17653178,791,35.1885123,0.253831146
103303.524776,0.167753423,-0.0737717188,0.0459455267,0.0459455267,1.17782501,791,26.8590672,0.253929759
103303.534805,0.186606669,-0.0853222752,0.0482522397,0.0482522397,1.17927531,791,31.2372441,0.25413445
103303.544834,0.192136326,-0.0925953536,0.0482817706,0.0482817706,1.1807801,791,28.9022082,0.253262704
103303.554864,0.209235242,-0.106671932,0.0577490212,0.0577490212,1.18243208,789,29.4438507,0.252458338
103303.564893,0.223555941,-0.116571287,0.0658706666,0.0658706666,1.18422663,789,32.7321472,0.252591606
103303.574922,0.236653312,-0.122989034,0.0730970126,0.0730970126,1.18616852,789,32.3700324,0.252703902
103303.584951,0.248831789,-0.126778577,0.0796718026,0.0796718026,1.18825962,789,31.7256161,0.252769109
103303.594980,0.259420614,-0.12845876,0.0857449053,0.0857449053,1.19049126,789,25.8052523,0.252189872
103303.605010,0.267135511,-0.130533628,0.0914169476,0.0914169476,1.19283507,789,25.6878309,0.252275322
103303.615039,0.272010832,-0.133816328,0.09675754,0.09675754,1.19526042,789,23.6866712,0.252282558
103303.625068,0.274476994,-0.138472322,0.101819492,0.101819492,1.19774181,789,20.9952697,0.252282558
103303.635097,0.274712181,-0.144130606,0.106642634,0.106642634,1.20025648,789,24.6648853,0.25210711
103303.645127,0.273646408,-0.148375362,0.111258498,0.111258498,1.20279425,789,21.6206632,0.25210711
103303.655156,0.271116029,-0.149598564,0.115690995,0.115690995,1.20534272,789,25.3293562,0.252532476
103303.665185,0.267378282,-0.14684537,0.119960791,0.119960791,1.20789097,789,26.5128754,0.252822227
103303.675214,0.261660282,-0.140380373,0.124084522,0.124084522,1.21041725,789,28.9660868,0.252822227
103303.685243,0.253933279,-0.131330939,0.128076352,0.128076352,1.21289702,789,31.9393892,0.253861621
103303.695273,0.245384005,-0.124223312,0.131949208,0.131949208,1.2153159,789,37.0172914,0.253563644
103303.705302,0.230631852,-0.119039126,0.135712575,0.135712575,1.21760722,789,37.2597662,0.253468266
103303.715331,0.130686242,-0.0533985357,0.055369347,0.055369347,1.21892045,791,44.9470587,0.253545721
103303.725360,0.104878293,-0.0370322513,0.0477145176,0.0477145176,1.21997981,791,50.1609425,0.253921887
103303.735389,0.0688945199,-0.0139621855,0.040265853,0.040265853,1.22068178,791,45.7279802,0.253731375
103303.745419,0.0365017966,-0.00419089384,0.0383751788,0.0383751788,1.22106154,791,42.1037991,0.252920214
103303.755448,0.0122885649,0.0097035052,0.0358478783,0.0358478783,1.22119987,791,35.9477882,0.252853064
103303.765477,-0.0123405051,0.0119416252,0.0348883353,0.0348883353,1.22109337,791,32.0965319,0.252015383
103303.775506,-0.0520103874,0.0356520604,0.0389944682,0.0389944682,1.22059276,791,29.2073751,0.251908126
103303.785536,-0.0973057416,0.0627597399,0.0413788187,0.0413788187,1.21964553,791,27.2416543,0.251673099
103303.795565,-0.132313274,0.0896461278,0.0463064115,0.0463064115,1.21836078,791,26.2451894,0.251290436
103303.805594,-0.168175696,0.1210466,0.0491351382,0.0491351382,1.21674234,791,24.2166377,0.251385122
103303.815623,-0.167497556,0.120015503,0.0466026357,0.0466026357,1.21515195,791,29.9922651,0.251041181
103303.825652,-0.144017733,0.108408514,0.0448965928,0.0448965928,1.21380899,791,32.4639189,0.250932985
103303.835682,-0.093274126,0.0664393758,0.0378755159,0.0378755159,1.21295136,791,41.3945389,0.250737076
103303.845711,-0.0572799714,0.0298618659,0.035815465,0.035815465,1.21242351,791,47.7443303,0.250737076
103303.855740,-0.0302868861,0.011224426,0.0340295308,0.0340295308,1.21214648,791,47.4948523,0.250737076
103303.865769,-0.00842049061,0.00341425845,0.0329667845,0.0329667845,1.21207826,791,52.7461531,0.250531601
103303.875798,0.00852956403,0.0172908946,0.034420522,0.034420522,1.21219059,791,50.9667931,0.250344929
103303.885828,0.0368942654,0.0236750023,0.0353148926,0.0353148926,1.21258982,791,49.0278584,0.250543059
103303.895857,0.0531786188,0.0250037396,0.0390206978,0.0390206978,1.21315174,791,43.5360094,0.250450929
103303.905886,0.0767704255,0.0242437634,0.0416207657,0.0416207657,1.21394633,791,37.5354753,0.250450929
103303.915915,0.0870211005,0.0292401848,0.0418038654,0.0418038654,1.21484792,791,29.4130419,0.249932005
103303.925944,0.0944173554,0.0289806069,0.0447043856,0.0447043856,1.21582282,791,29.2350721,0.250081626
103303.935974,0.108381114,0.0330264194,0.0435692761,0.0435692761,1.21694079,791,31.4627686,0.249965707
103303.946003,0.109714364,0.0321516199,0.0452445837,0.0452445837,1.21807146,791,37.5823908,0.250091816
103303.956032,0.0987580972,0.032025681,0.0425620037,0.0425620037,1.21909463,791,37.7508155,0.250403613
103303.966061,0.0868260006,0.0412773793,0.0431060322,0.0431060322,1.22001272,791,39.2083998,0.250428652
103303.976091,0.0578841274,0.053529545,0.0431301105,0.0431301105,1.22066417,791,39.1650152,0.250334584
103303.986120,0.0356216834,0.068240997,0.0419912452,0.0419912452,1.22112185,791,30.2278415,0.250114571
103303.996149,0.0134443875,0.0737112887,0.0452874452,0.0452874452,1.22137776,791,26.0314464,0.250114571
103304.006178,-0.00861935984,0.0791462532,0.0445567743,0.0445567743,1.22143641,791,31.7706495,0.249954133
103304.016207,-0.0314428767,0.088583616,0.04833735,0.04833735,1.22130225,791,19.2458779,0.250084209
103304.026237,-0.040911617,0.0930653331,0.057793746,0.057793746,1.22110197,789,26.7135629,0.250132025
103304.036266,-0.0526990183,0.0999277653,0.0659077667,0.0659077667,1.22082301,789,19.9782289,0.249995818
103304.046295,-0.0885892032,0.102758472,0.0557628632,0.0557628632,1.22023074,791,28.8132595,0.249262166
103304.056324,-0.0766602949,0.0862357063,0.0450692945,0.0450692945,1.21973678,791,32.1369757,0.248501591
103304.066353,-0.0555229171,0.0418822068,0.0400911163,0.0400911163,1.21933594,791,35.9338946,0.248293105
103304.076383,-0.0224453881,0.00825714504,0.0360199075,0.0360199075,1.21915557,791,40.2476821,0.248328844
103304.086412,-0.00236038493,-0.0136637053,0.0353349407,0.0353349407,1.21910201,791,38.7085831,0.248328844
103304.096441,0.0123438182,-0.0466695708,0.0380548183,0.0380548183,1.21909535,791,40.3928218,0.248289399
103304.106470,0.025109099,-0.050952361,0.0376294407,0.0376294407,1.2192047,791,31.9336895,0.248389808
103304.116500,0.0308781912,-0.0418251449,0.0389565063,0.0389565063,1.21939995,791,33.4668565,0.248389808
103304.126529,0.0320706936,-0.0451198596,0.0376361016,0.0376361016,1.21960426,791,35.7317238,0.248310935
103304.136558,0.0242536827,-0.0315608225,0.0342883373,0.0342883373,1.21977093,791,42.8535125,0.248461976
103304.146587,0.00388579082,-0.0203992441,0.0342286274,0.0342286274,1.21976912,791,42.678549,0.248461976
103304.156616,-0.016368149,-0.00934247536,0.0338945024,0.0338945024,1.21959722,791,47.077434,0.248354458
103304.166646,-0.0217605759,-0.00339403734,0.0366541011,0.0366541011,1.21938652,791,40.2271924,0.248788178
103304.176675,-0.0317862102,-0.00642311653,0.0383561342,0.0383561342,1.21907185,791,34.5407286,0.248784408
103304.186704,-0.0329758413,-0.00816042929,0.0379281803,0.0379281803,1.21874153,791,30.5524604,0.248843946
103304.196733,-0.0320890308,-0.00543752968,0.0392641812,0.0392641812,1.21842578,791,33.6946429,0.249119291
103304.206762,-0.0346627416,-0.00564480259,0.0372936037,0.0372936037,1.2180845,791,33.2783527,0.249786221
103304.216792,-0.0358448286,0.00448161564,0.0380156223,0.0380156223,1.21775498,791,35.5019771,0.249786221
103304.226821,-0.0370487726,0.00462689858,0.0381362272,0.0381362272,1.21741454,791,30.8071916,0.249920478
103304.236850,-0.0374260038,-0.00243273888,0.0361315466,0.0361315466,1.21705393,791,34.2793706,0.249690924
103304.246879,-0.0334313758,-0.0040631726,0.0376664421,0.0376664421,1.21672783,791,31.8751929,0.249690924
103304.256908,-0.0270617484,-0.0145832975,0.035933642,0.035933642,1.21643781,791,34.1341178,0.24972574
103304.266938,-0.030640024,-0.0153905037,0.0370191564,0.0370191564,1.21611138,791,37.5222325,0.249669298
103304.276967,-0.0335289337,-0.0195260908,0.0355433474,0.0355433474,1.21574755,791,38.2585721,0.249498611
103304.286996,-0.0148729867,-0.0240484762,0.0372270128,0.0372270128,1.2155543,791,31.4737851,0.249740727
103304.297025,-0.0110175971,-0.0292916324,0.0368553594,0.0368553594,1.21514144,791,37.0842682,0.249436446
103304.307054,-0.000300347671,-0.0277814252,0.035400373,0.035400373,1.21459674,791,40.3772118,0.249868609
103304.317084,-0.00728199173,-0.0300803575,0.0369102516,0.0369102516,1.21399396,791,36.6210779,0.24973537
103304.327113,-0.00857522115,-0.0267769188,0.0359884019,0.0359884019,1.21339976,791,32.1400246,0.24973537
103304.337142,-0.019925412,-0.0349457978,0.0382812462,0.0382812462,1.21269624,791,31.8258582,0.249970936
103304.347171,-0.0187124649,-0.0362371562,0.0395857197,0.0395857197,1.21202062,791,29.9160919,0.249970936
103304.357201,-0.0197193898,-0.0593527498,0.0380948289,0.0380948289,1.21132304,791,29.5830576,0.250232865
103304.367230,-0.00817990185,-0.0524664967,0.0395848086,0.0395848086,1.21077389,791,30.2491979,0.25016239
103304.377259,-0.0141641267,-0.0464030563,0.0382758336,0.0382758336,1.21019432,791,29.5953946,0.250297714
103304.387288,-0.0112905831,-0.052730871,0.0406854565,0.0406854565,1.20966093,791,23.2876796,0.250568762
103304.397317,-0.00630753029,-0.0607399356,0.0420429058,0.0420429058,1.20919881,791,26.146225,0.250631177
103304.407347,0.00161978262,-0.0704912519,0.0414150495,0.0414150495,1.20884399,791,29.2781282,0.251202282
103304.417376,0.00479728371,-0.0801645452,0.0439801855,0.0439801855,1.20855907,791,27.2426265,0.251202282
103304.427405,0.0162014833,-0.082747792,0.0426598798,0.0426598798,1.20842824,791,26.1279417,0.251202282
103304.437434,0.0174814996,-0.0864172344,0.043593439,0.043593439,1.20835315,791,35.8420023,0.251202282
103304.447463,0.0137051219,-0.0893134815,0.0425546165,0.0425546165,1.20828618,791,35.046819,0.251160604
103304.457493,0.00225831778,-0.0768685964,0.039439376,0.039439376,1.2081215,791,32.5752234,0.251460763
103304.467522,-0.00979011604,-0.0733093401,0.0410595578,0.0410595578,1.207867,791,32.6770473,0.251656028
103304.477551,-0.0314546432,-0.0775576565,0.0394256653,0.0394256653,1.20745912,791,35.7001548,0.251264923
103304.487580,-0.042555498,-0.0730265724,0.0412340562,0.0412340562,1.20698155,791,36.9111175,0.251689187
103304.497609,-0.0477456059,-0.05964342,0.0413504779,0.0413504779,1.20645384,791,36.6889983,0.251804214
103304.507639,-0.0494718067,-0.0543400558,0.0392936813,0.0392936813,1.20593123,791,28.3146011,0.251804214
103304.517668,-0.0492483322,-0.0425356133,0.0405793805,0.0405793805,1.20539583,791,30.1325001,0.251704247
103304.527697,-0.0531988383,-0.0382732001,0.0386617199,0.0386617199,1.20484044,791,35.9058234,0.252282657
103304.537726,-0.0508377213,-0.0329818187,0.0402318897,0.0402318897,1.20431118,791,31.8161186,0.252689383
103304.547755,-0.0486498395,-0.0363874571,0.0400912013,0.0400912013,1.20385128,791,34.5756914,0.252460441
103304.557785,-0.0383072757,-0.0456649449,0.0383813843,0.0383813843,1.20356141,791,31.569594,0.252053267
103304.567814,-0.0292355517,-0.0544064977,0.04001711,0.04001711,1.20342751,791,35.6518915,0.25171552
103304.577843,-0.0163392158,-0.060929714,0.038447649,0.038447649,1.20345946,791,32.6603087,0.251904227
103304.587872,-0.0172537633,-0.0514411259,0.038899466,0.038899466,1.20344049,791,34.6736451,0.252297919
103304.597902,-0.00858952473,-0.0420767303,0.0366650574,0.0366650574,1.20342869,791,37.2015379,0.252297919
103304.607931,-0.00889849587,-0.0291826457,0.0370263463,0.0370263463,1.20332896,791,40.0862179,0.252134555
103304.617960,-0.00360144418,-0.0255051406,0.0367285283,0.0367285283,1.20324258,791,39.2419669,0.251791026
103304.627989,-0.00120487796,-0.0269222768,0.0362151503,0.0362151503,1.20318654,791,36.1317164,0.251857574
103304.638018,-0.000977757186,-0.0261932934,0.0382001006,0.0382001006,1.20312997,791,39.3144795,0.251857574
103304.648048,0.00224566086,-0.0361856088,0.0370614692,0.0370614692,1.20317366,791,35.8269218,0.252385336
103304.658077,5.97917265e-05,-0.0410693022,0.0386247721,0.0386247721,1.20324512,791,37.3310224,0.252935334
103304.668106,0.00418820332,-0.0541432145,0.0388916906,0.0388916906,1.20344785,791,37.6131793,0.253124878
103304.678135,0.00821289532,-0.0483188348,0.0370986071,0.0370986071,1.2036279,791,40.1691141,0.253598356
103304.688164,0.014035082,-0.0448344814,0.0381192029,0.0381192029,1.20381124,791,36.8318852,0.254054615
103304.698194,0.0117658575,-0.0345915427,0.0363690243,0.0363690243,1.20389613,791,36.9045182,0.25427266
103304.708223,0.0176714287,-0.0375262157,0.0379562313,0.0379562313,1.20403606,791,40.146124,0.254238479
103304.718252,0.0281877866,-0.0390454856,0.0393813416,0.0393813416,1.20424287,791,36.1240539,0.254297767
103304.728281,0.0360417695,-0.0319240391,0.0374251977,0.0374251977,1.20443051,791,38.2025053,0.254797459
103304.738310,0.0406492452,-0.0223552242,0.0373823087,0.0373823087,1.20456395,791,43.1468805,0.25469385
103304.748340,0.0290614276,-0.0150291882,0.0343298418,0.0343298418,1.20457279,791,45.2285818,0.254875125
103304.758369,0.0288668454,-0.00642312311,0.0340410484,0.0340410484,1.2045136,791,52.5775856,0.254875125
103304.768398,0.00909057931,-0.000847788324,0.0336199167,0.0336199167,1.20429774,791,50.7605051,0.255530535
103304.778427,0.00923096824,-0.00487144545,0.0329096198,0.0329096198,1.20411895,791,52.8039719,0.25505567
103304.788457,0.0075128019,0.00480700975,0.0331444112,0.0331444112,1.20385768,791,59.4320615,0.254744964
103304.798486,0.00193318952,-0.00156093381,0.0327900599,0.0327900599,1.20361863,791,58.9024988,0.25502922
103304.808515,-0.00346563723,0.00729797085,0.0337947153,0.0337947153,1.20328281,791,59.1361195,0.254827017
103304.818544,-0.0107269987,0.00807565183,0.0350772751,0.0350772751,1.20290436,791,50.1366455,0.255101388
103304.828573,-0.0184381916,0.0115127002,0.0353587765,0.0353587765,1.20246098,791,42.9277733,0.255093285
103304.838603,-0.0245307815,0.00864613128,0.0381264239,0.0381264239,1.20201417,791,36.5645659,0.254672038
103304.848632,-0.0341906201,0.0091780349,0.0379557483,0.0379557483,1.20151919,791,36.3747707,0.255678044
103304.858661,-0.0410347675,0.0113380099,0.0402924965,0.0402924965,1.20098368,791,35.4759078,0.255617068
103304.868690,-0.0535160098,0.00857980554,0.0411366951,0.0411366951,1.20042503,791,36.1080631,0.255602355
103304.878719,-0.0613805308,0.013124958,0.0393219658,0.0393219658,1.19981803,791,42.6545029,0.255507161
103304.888749,-0.0572666209,0.00228071193,0.0406862057,0.0406862057,1.19936054,791,37.8048816,0.255580046
103304.898778,-0.0501755746,0.00209034362,0.0381802709,0.0381802709,1.19896849,791,39.3983149,0.255353752
103304.908807,-0.0325554052,-0.00777753462,0.0383585291,0.0383585291,1.19875762,791,41.6474318,0.255349748
103304.918836,-0.0340955999,-0.016054795,0.036925847,0.036925847,1.19863695,791,44.2671143,0.255349748
103304.928865,-0.0273110331,-0.0132801774,0.0345589224,0.0345589224,1.19852638,791,48.1546472,0.255206339
103304.938895,-0.0159816917,-0.0131024563,0.0349489769,0.0349489769,1.1984533,791,43.9778468,0.25535836
103304.948924,-0.00335927116,-0.00125434564,0.0333233054,0.0333233054,1.19830087,791,50.0128899,0.255491312
103304.958953,-0.00432178503,-0.00711743274,0.0334677777,0.0334677777,1.19820547,791,58.203512,0.255402842
103304.968982,-0.00152078165,-0.00636791657,0.033256184,0.033256184,1.19811139,791,44.2857757,0.255386469
103304.979011,-0.00517335964,0.0069107653,0.0345667414,0.0345667414,1.197884,791,45.0762829,0.255386469
103304.989041,-0.017455624,0.00593311105,0.0355009348,0.0355009348,1.19764537,791,40.2705486,0.254990497
103304.999070,-0.0223856637,0.0133291803,0.0352605712,0.0352605712,1.1973348,791,40.5548655,0.254469962
103305.009099,-0.0155128841,0.0171700272,0.037632078,0.037632078,1.19700868,791,35.1027136,0.254165658
103305.019128,-0.0229306057,0.0272784988,0.0372327507,0.0372327507,1.19658332,791,43.5480445,0.253508611
103305.029157,-0.0255193956,0.0348294322,0.0398555747,0.0398555747,1.19609608,791,34.3079533,0.253548403
103305.039187,-0.029958795,0.0389175882,0.0413936176,0.0413936176,1.19558506,791,30.4406493,0.253092045
103305.049216,-0.0326938996,0.0385299432,0.040056535,0.040056535,1.19510424,791,31.3145299,0.252681078
103305.059245,-0.0217946384,0.0410781759,0.0412452334,0.0412452334,1.19462205,791,31.399183,0.25216726
103305.069274,-0.009756026,0.0416921327,0.0398202053,0.0398202053,1.1941426,791,26.1295854,0.252679073
103305.079303,-0.00328460038,0.0371492164,0.0422755113,0.0422755113,1.19371286,791,30.0211694,0.252757705
103305.089333,-0.0099101917,0.0482423037,0.0437217582,0.0437217582,1.19319864,791,27.0126923,0.252757705
103305.099362,-0.0181325796,0.0671065388,0.0420591239,0.0420591239,1.19255783,791,32.1384666,0.252757705
103305.109391,-0.0267974721,0.0694424659,0.0438687616,0.0438687616,1.19204387,791,24.0466829,0.252978792
103305.119420,-0.0710986182,0.0499864345,0.0423274837,0.0423274837,1.19227785,791,32.3749768,0.253280504
103305.129450,-0.146964266,0.0505648817,0.0449050708,0.0449050708,1.19355303,791,29.4299542,0.253370186
103305.139479,-0.147541651,0.0488980769,0.0467754256,0.0467754256,1.19494745,791,26.3961877,0.2534982
103305.149508,-0.178343094,0.0293369837,0.0527935162,0.0527935162,1.19663097,791,27.8204684,0.253238808
103305.159537,-0.163260015,-0.0259341904,0.0498577428,0.0498577428,1.19809513,791,27.1113364,0.253791355
103305.169566,-0.0968626723,-0.0796537314,0.044317926,0.044317926,1.1989054,791,22.0972172,0.253727709
103305.179596,-0.187990586,-0.0958152165,0.0483088645,0.0483088645,1.20067341,791,20.7010507,0.253727709
103305.189625,-0.315103212,-0.0369091561,0.0577689948,0.0577689948,1.20359186,789,14.8092997,0.253727709
103305.199654,-0.428419108,0.00934550041,0.065887017,0.065887017,1.20750912,789,14.7782902,0.253727709
103305.209683,-0.528397636,0.0553290705,0.0731120603,0.0731120603,1.21231886,789,15.6503434,0.255361376
103305.219712,-0.608231267,0.0967069285,0.0796886885,0.0796886885,1.21811962,789,10.0131156,0.255361376
103305.229742,-0.668592497,0.135064194,0.0857679752,0.0857679752,1.22478884,789,14.0786617,0.255546624
103305.239771,-0.712358802,0.167380939,0.0914489821,0.0914489821,1.23195113,789,12.169928,0.255324593
103305.249800,-0.738324216,0.193264623,0.0968027583,0.0968027583,1.23943074,789,14.2006157,0.257732311
103305.259829,-0.747279251,0.214900966,0.101881332,0.101881332,1.24705663,789,13.3963809,0.257732311
103305.269858,-0.741839213,0.230066148,0.106723638,0.106723638,1.25467906,789,10.7785729,0.257268732
103305.279888,-0.721819812,0.237617399,0.111359032,0.111359032,1.26214302,789,11.4935329,0.254977633
103305.289917,-0.689204363,0.237701205,0.115809153,0.115809153,1.26930863,853,13.3864776,0.250986971
103305.299946,-0.645911246,0.233147967,0.120093103,0.120093103,1.2760609,853,16.7476904,0.249105406
103305.309975,-0.594707899,0.22562619,0.124226863,0.124226863,1.28231452,789,14.354303,0.245451454
103305.320004,-0.538184167,0.215739976,0.128224359,0.128224359,1.28801108,789,14.9963668,0.24546905
103305.330034,-0.478733746,0.204152396,0.132098528,0.132098528,1.29311764,789,15.2422321,0.24546905
103305.340063,-0.418114451,0.192122167,0.135859852,0.135859852,1.29761994,789,18.5200633,0.245641247
103305.350092,-0.357430088,0.180030318,0.139518617,0.139518617,1.30151721,789,18.1686765,0.245641247
103305.360121,-0.297516533,0.168006188,0.143083319,0.143083319,1.30481691,789,23.4619311,0.245641247
103305.370150,-0.239057739,0.156327247,0.146561325,0.146561325,1.30753406,789,20.324049,0.245641247
103305.380180,0.112942052,0.0692728201,0.069151653,0.069151653,1.30666076,791,22.2174553,0.24517281
103305.390209,0.173401347,0.043998485,0.0514669034,0.0514669034,1.30514999,791,24.9071324,0.245710899
103305.400238,0.193078719,0.0258389944,0.0490513034,0.0490513034,1.30340784,791,26.8693977,0.24672104
103305.410267,0.197170526,0.0114595912,0.0467767965,0.0467767965,1.30159054,791,34.2972046,0.246631001
103305.420296,0.170955022,-0.0101423941,0.042319001,0.042319001,1.2999596,791,38.0456357,0.247294384
103305.430326,0.165935719,-0.0212826471,0.0429669574,0.0429669574,1.29834293,791,35.3975497,0.246920211
103305.440355,0.143495705,-0.0235378779,0.0400419968,0.0400419968,1.2969315,791,38.7430085,0.246180693
103305.450384,0.135272699,-0.0236178511,0.0410999873,0.0410999873,1.29559737,791,44.6288855,0.246706184
103305.460413,0.125569215,-0.020780424,0.0412626133,0.0412626133,1.29436359,791,47.4617149,0.246706184
103305.470442,0.118336582,-0.00634175698,0.03958291,0.03958291,1.29324428,791,43.0979818,0.246835862
103305.480472,0.121109396,-0.00678945272,0.041550913,0.041550913,1.2920985,791,46.5653675,0.246835862
103305.490501,0.109983402,-0.0036181461,0.0398108119,0.0398108119,1.29106876,791,49.3330317,0.247555985
103305.500530,0.112407079,-0.00212046971,0.0409086932,0.0409086932,1.29002281,791,49.6321704,0.247510756
103305.510559,0.0954395394,-0.00508887427,0.0399047612,0.0399047612,1.28912657,791,46.596284,0.247510756
103305.520589,0.0762551113,-0.0139056323,0.0364634769,0.0364634769,1.28837935,791,61.308968,0.246551401
103305.530618,0.0666946036,-0.0235193084,0.0367351812,0.0367351812,1.28768792,791,61.7559259,0.246227142
103305.540647,0.0566218616,-0.0383060742,0.0354879089,0.0354879089,1.28703926,791,62.0017533,0.245426388
103305.550676,0.0516950027,-0.0457411596,0.0375085794,0.0375085794,1.28641166,791,55.813704,0.245426388
103305.560705,0.043796143,-0.0508045313,0.0380602166,0.0380602166,1.2858422,791,57.6987503,0.24569666
103305.570734,0.0373394346,-0.0590724438,0.0366094401,0.0366094401,1.28530862,791,58.801147,0.245984815
103305.580764,0.0271907786,-0.0584149908,0.0380495572,0.0380495572,1.28487647,791,52.0834804,0.245876391
103305.590793,0.0307631429,-0.0620849906,0.0366613617,0.0366613617,1.28440402,791,48.2272304,0.245472888
103305.600822,0.027353913,-0.0569559303,0.0380533445,0.0380533445,1.28398419,791,49.6075764,0.246072492
103305.610851,0.0197586155,-0.064410334,0.0370197649,0.0370197649,1.28362055,791,45.5603701,0.24658618
103305.620880,0.015946944,-0.0624381182,0.0392991934,0.0392991934,1.28330594,791,42.4144459,0.24658618
103305.630910,0.0180949916,-0.0702392624,0.0401402546,0.0401402546,1.28295844,791,42.0914636,0.247089373
103305.640939,0.00386160692,-0.0716774357,0.0389753364,0.0389753364,1.28275484,791,39.641206,0.247537226
103305.650968,-0.00688823438,-0.0770929178,0.0415715162,0.0415715162,1.28265581,791,37.7117345,0.247537226
103305.660997,-0.023896762,-0.0783270552,0.0406512744,0.0406512744,1.28273549,791,43.7047692,0.247537226
103305.671026,-0.027869356,-0.0736693608,0.0429196682,0.0429196682,1.28287983,791,35.5054259,0.247537226
103305.681056,-0.0282960446,-0.0702558094,0.0428493541,0.0428493541,1.28304987,791,37.5878533,0.247128807
103305.691085,-0.0277194171,-0.065000017,0.0393047446,0.0393047446,1.28323626,791,38.949766,0.247401504
103305.701114,-0.0230231114,-0.0604749605,0.0391778479,0.0391778479,1.28339455,791,42.9850213,0.247401504
103305.711143,-0.0105279601,-0.0488557643,0.0360284028,0.0360284028,1.28345216,791,51.4477779,0.247401504
103305.721172,-0.00116211195,-0.0380845586,0.0370121555,0.0370121555,1.28343378,791,50.3524732,0.247401504
103305.731202,0.00651385168,-0.0323318096,0.0374948728,0.0374948728,1.28334818,791,58.2217939,0.247416045
103305.741231,0.0157568796,-0.0312011819,0.0367908386,0.0367908386,1.28317476,791,56.0159485,0.247139112
103305.751260,0.0194561252,-0.0306421893,0.0393003931,0.0393003931,1.28296769,791,51.4729131,0.247139112
103305.761289,0.024258182,-0.0380046737,0.0385585959,0.0385585959,1.28271181,791,52.810566,0.246509683
103305.771318,0.0206930359,-0.0336828346,0.0405861922,0.0405861922,1.28249728,791,46.2620307,0.246271984
103305.781348,0.0243381049,-0.0388566884,0.0406194894,0.0406194894,1.28224864,791,50.5324641,0.246271984
103305.791377,0.0293877907,-0.0368730315,0.0380642706,0.0380642706,1.28195509,791,44.6407052,0.246245606
103305.801406,0.0298572831,-0.0356287933,0.0389455544,0.0389455544,1.28166152,791,46.4702895,0.246245606
103305.811435,0.0315578788,-0.0276915605,0.0368811785,0.0368811785,1.2813547,791,47.4698828,0.246245606
103305.821464,0.0265536996,-0.0249610117,0.03811315,0.03811315,1.28085025,791,50.587065,0.246389947
103305.831494,0.0202362145,-0.0230132087,0.0381019109,0.0381019109,1.28016751,791,50.3226532,0.246389947
103305.841523,0.0243769298,-0.0220117787,0.0367559745,0.0367559745,1.27945945,791,44.8466639,0.246388601
103305.851552,0.0189450773,-0.01763609,0.0380458497,0.0380458497,1.27881877,791,45.8847808,0.246162621
103305.861581,0.0133183109,-0.0262763125,0.0363897854,0.0363897854,1.27825224,791,48.1367318,0.246162621
103305.871610,-0.00109266941,-0.0281659337,0.0377626967,0.0377626967,1.27784269,791,50.4865441,0.246162621
103305.881640,-0.00527995854,-0.0373415353,0.0380875827,0.0380875827,1.27749346,791,54.8204898,0.246162621
103305.891669,-0.0183587113,-0.047266877,0.036814208,0.036814208,1.27729555,791,51.6752114,0.245628577
103305.901698,-0.0293913868,-0.053770471,0.0383069644,0.0383069644,1.27722671,791,51.1537667,0.245628577
103305.911727,-0.0330565558,-0.0500736755,0.0368254722,0.0368254722,1.27720044,791,43.4775379,0.245481275
103305.921756,-0.0335107656,-0.047375135,0.0376964269,0.0376964269,1.27718358,791,48.5621576,0.245337205
103305.931786,-0.0272403925,-0.038337528,0.0371294053,0.0371294053,1.27709742,791,54.3962685,0.245802836
103305.941815,-0.0180712649,-0.0316208063,0.0353902763,0.0353902763,1.27691628,791,48.2610196,0.245802836
103305.951844,-0.013691083,-0.0239671332,0.0356531031,0.0356531031,1.27668422,791,52.988757,0.245802836
103305.961873,-0.00117265765,-0.0181685933,0.0341504108,0.0341504108,1.27632615,791,59.1867255,0.246593548
103305.971902,0.00923735417,-0.0105256202,0.0357144,0.0357144,1.27585997,791,44.6071383,0.246632568
103305.981932,0.0171919039,-0.00199681421,0.0361760817,0.0361760817,1.27530836,791,38.0718142,0.247144424
103305.991961,0.0285570639,-0.00254845736,0.0384513438,0.0384513438,1.27466035,791,44.0116411,0.24715548
103306.001990,0.0407710164,0.0030424124,0.0397393564,0.0397393564,1.27389586,791,40.9095704,0.247090825
103306.012019,0.0459280056,0.00155943344,0.0388036992,0.0388036992,1.27310089,791,41.4574358,0.24798716
103306.022048,0.0526428518,-0.00522985297,0.040917647,0.040917647,1.27227463,791,38.3329501,0.24801748
103306.032078,0.0589636175,-0.0166833388,0.0395247958,0.0395247958,1.27143647,791,38.0045314,0.247875026
103306.042107,0.0566170268,-0.02167884,0.041026602,0.041026602,1.27065768,791,41.3814427,0.247875026
103306.052136,0.052559758,-0.0308743137,0.0407802643,0.0407802643,1.26997015,791,46.0567318,0.247904719
103306.062165,0.0456987925,-0.0353016473,0.0381530665,0.0381530665,1.26938951,791,43.4643452,0.247944623
103306.072194,0.0362346112,-0.0323036961,0.0384530077,0.0384530077,1.26891226,791,44.6697267,0.247944623
103306.082224,0.0212173589,-0.0253894067,0.0351580569,0.0351580569,1.26856522,791,54.3942255,0.247944623
103306.092254,0.00850963842,-0.0204284767,0.034244394,0.034244394,1.26832492,791,64.7430959,0.247944623
103306.102283,-0.00822086643,-0.0120836154,0.0337084719,0.0337084719,1.26820563,791,66.3505618,0.248303327
103306.112312,-0.0225525379,-0.0020323599,0.034016915,0.034016915,1.26817391,791,69.5744383,0.248267392
103306.122341,-0.0379003757,0.00841451988,0.0364622704,0.0364622704,1.26823836,791,64.2739732,0.248387793
103306.132370,-0.0330911982,0.0166736929,0.0359013028,0.0359013028,1.26823072,791,56.1732862,0.248670663
103306.142400,-0.0253327418,0.021965833,0.0366703249,0.0366703249,1.26813953,791,52.1775654,0.248474848
103306.152429,-0.009402203,0.0190245417,0.0350105879,0.0350105879,1.26792006,791,56.5107057,0.248286536
103306.162458,0.00618013744,0.014155538,0.0331565609,0.0331565609,1.26758015,791,64.6997107,0.248231647
103306.172487,0.0255102703,0.00377815457,0.0351394209,0.0351394209,1.2671032,791,59.7205471,0.248427893
103306.182516,0.0400335433,-0.00932955146,0.0364566483,0.0364566483,1.26654799,791,51.6259555,0.249147372
103306.192546,0.0574251173,-0.0183023218,0.0399747123,0.0399747123,1.2658855,791,40.5178701,0.249183905
103306.202575,0.0591297525,-0.0203822753,0.0416314922,0.0416314922,1.26524539,791,34.2387971,0.249426004
103306.212604,0.0657830101,-0.0252683739,0.0391135277,0.0391135277,1.26460456,791,47.4523872,0.249699972
103306.222633,0.0584507764,-0.0277062358,0.0393303987,0.0393303987,1.26408313,791,44.5222273,0.249699972
103306.232662,0.0464812292,-0.0188260868,0.035840135,0.035840135,1.26365115,791,55.9128302,0.249585235
103306.242692,0.0393513715,-0.0105071095,0.035266836,0.035266836,1.26325397,791,60.25669,0.249585235
103306.252721,0.0367421616,0.0012134793,0.0347103042,0.0347103042,1.26282339,791,62.4030246,0.249646618
103306.262750,0.0216886715,0.0110514387,0.0342772969,0.0342772969,1.26245567,791,56.9377576,0.249646618
103306.272779,0.0213261677,0.0156757583,0.0359707265,0.0359707265,1.26206853,791,54.3484317,0.249908922
103306.282808,0.0172756215,0.0176587579,0.0351711183,0.0351711183,1.26170644,791,43.8396784,0.249855672
103306.292838,0.0212874707,0.0136861324,0.0360157723,0.0360157723,1.26134709,791,48.3648885,0.249723167
103306.302867,0.0244079588,0.00573717964,0.0341996256,0.0341996256,1.26102441,791,51.2530166,0.249750823
103306.312896,0.0165303656,-0.00488465346,0.0340995945,0.0340995945,1.26083917,791,55.8669699,0.249963661
103306.322925,0.0220214382,-0.0034500419,0.0335287973,0.0335287973,1.26061442,791,60.4423,0.249963661
103306.332954,0.0192867566,-0.0154259731,0.0326159949,0.0326159949,1.26050747,791,66.6960218,0.250200846
103306.342983,0.0137788417,-0.0151612069,0.0329008556,0.0329008556,1.26044693,791,60.6931881,0.250200846
103306.353013,0.0148140753,-0.0239457292,0.0326132449,0.0326132449,1.2604611,791,60.5269841,0.249942085
103306.363042,0.011708481,-0.0191443319,0.0329241104,0.0329241104,1.26046563,791,60.659976,0.249629924
103306.373071,0.0132287678,-0.026982693,0.0329018715,0.0329018715,1.26053857,791,67.9240505,0.249252754
103306.383100,0.0128220586,-0.0254825841,0.0325807559,0.0325807559,1.26061164,791,62.0256818,0.249252754
103306.393129,0.0157681077,-0.0296044605,0.0331126373,0.0331126373,1.2607199,791,62.464217,0.249252754
103306.403159,0.019147891,-0.0284946277,0.0327208053,0.0327208053,1.26081847,791,70.8799906,0.249296924
103306.413188,0.0209861551,-0.0216544894,0.0332653167,0.0332653167,1.26086085,791,70.0654981,0.248692321
103306.423217,0.0177170577,-0.0213217881,0.0335403192,0.0335403192,1.26092068,791,68.1392673,0.248354661
103306.433246,0.0172297796,-0.0195643533,0.0328493994,0.0328493994,1.26097321,791,74.905367,0.24871425
103306.443275,0.0101861359,-0.0140065822,0.0329428567,0.0329428567,1.26099099,791,72.8666726,0.249127035
103306.453305,0.00535539889,-0.0132516435,0.0324541325,0.0324541325,1.26101159,791,63.8918076,0.249163781
103306.463334,-0.00443559108,-0.0114741161,0.0332759909,0.0332759909,1.26103073,791,59.2910824,0.248606816
103306.473363,-0.00479887332,-0.00945848909,0.03455118,0.03455118,1.2610307,791,51.1918223,0.248606816
103306.483392,-0.00797506019,0.00873796837,0.0345049114,0.0345049114,1.26086081,791,47.2231262,0.248606816
103306.493421,-0.0155595739,0.0125178219,0.0359544084,0.0359544084,1.26067613,791,49.046274,0.248779275
103306.503450,-0.0147544872,0.0192587151,0.0349353633,0.0349353633,1.2604358,791,48.1223011,0.248565886
103306.513480,-0.0156594994,0.0290847446,0.0358045446,0.0358045446,1.26011945,791,52.0093065,0.248125839
103306.523509,0.00403683542,0.0203239838,0.0353569153,0.0353569153,1.25983574,791,49.9200576,0.247956421
103306.533538,0.00128209156,0.0182097075,0.0335260674,0.0335260674,1.25958645,791,53.1799656,0.24785555
103306.543567,0.00107088763,0.0161937226,0.0335073021,0.0335073021,1.25936202,791,58.4697807,0.248013939
103306.553596,0.00330265338,0.00539626699,0.0326523764,0.0326523764,1.25923411,791,66.6668174,0.248509469
103306.563626,-0.00108675049,-0.00621337407,0.0331141216,0.0331141216,1.25923079,791,67.3695531,0.248509469
103306.573655,-0.00188946947,-0.00798485821,0.0337005186,0.0337005186,1.25924663,791,66.2301602,0.248509469
103306.583684,0.00252926813,-0.00830310972,0.0335385597,0.0335385597,1.25925073,791,66.6676937,0.248583223
103306.593713,-0.00236768328,-0.0177589882,0.0345431536,0.0345431536,1.2593589,791,72.0676327,0.248583223
103306.603742,0.00696854526,-0.0163848787,0.0337109361,0.0337109361,1.25942525,791,62.9600869,0.248545334
103306.613772,0.00564989298,-0.00735459079,0.0345015175,0.0345015175,1.25941149,791,57.8561718,0.248728186
103306.623801,0.00998586141,-0.00209144008,0.0336209385,0.0336209385,1.25933912,791,52.0696501,0.248694965
103306.633830,0.0115441229,0.000807493061,0.0345681537,0.0345681537,1.25924015,791,51.1386029,0.248694965
103306.643859,0.0123546413,0.00199770465,0.0345864247,0.0345864247,1.25913396,791,47.9327853,0.248694965
103306.653888,0.00508186895,0.00335096118,0.0339204582,0.0339204582,1.25903107,791,46.2896844,0.248694965
103306.663917,0.0118425814,0.00232040483,0.034449921,0.034449921,1.25893249,791,53.6739839,0.248711151
103306.673947,0.00683222898,-0.00799993977,0.0335156542,0.0335156542,1.25894541,791,55.1979799,0.248905161
103306.683976,0.00633344333,-0.0068695899,0.0341121751,0.0341121751,1.25894917,791,51.6202509,0.248761522
103306.694005,0.00557879848,-0.00303860935,0.03365493,0.03365493,1.25891707,791,61.0365195,0.249146133
103306.704034,0.000642887663,-0.00725455379,0.0327275374,0.0327275374,1.2589299,791,65.1117946,0.249146133
103306.714063,-0.000691244269,-0.0031965755,0.0328107568,0.0328107568,1.25890324,791,72.7421243,0.249146133
103306.724093,-0.00461489738,-0.0092867495,0.0324449362,0.0324449362,1.258939,791,68.547206,0.249656558
103306.734122,-0.00792894004,-0.00252440028,0.0330067038,0.0330067038,1.25891093,791,65.9704977,0.249695109
103306.744151,-0.0118727825,-0.00595792721,0.0334151642,0.0334151642,1.25892346,791,70.1495956,0.249669922
103306.754180,-0.016209959,-0.00625379042,0.0333783024,0.0333783024,1.25894973,791,68.0274636,0.249591122
103306.764209,-0.019146236,-0.00753098262,0.0347676635,0.0347676635,1.25900145,791,59.6863383,0.250166792
103306.774239,-0.0231135371,-0.00795803072,0.0340717962,0.0340717962,1.25907654,791,64.8894051,0.250501703
103306.784268,-0.0250940879,-0.0110219435,0.0351502823,0.0351502823,1.25919746,791,56.2472919,0.251019523
103306.794297,-0.0158252373,-0.00841231107,0.0347756942,0.0347756942,1.25926806,791,60.9170276,0.251019523
103306.804326,-0.0087353178,-0.00894608846,0.0333941979,0.0333941979,1.25931757,791,57.5359213,0.251242779
103306.814355,-0.00919689465,0.000515664214,0.033640223,0.033640223,1.25928392,791,54.5437286,0.251224047
103306.824385,-0.00307510976,-0.00381745526,0.0326753466,0.0326753466,1.25926537,791,65.3943707,0.251527312
103306.834414,-0.00468103041,-0.00224472915,0.0329309572,0.0329309572,1.25924006,791,71.6617415,0.251551429
103306.844443,0.00664117804,-0.0107134286,0.0333341953,0.0333341953,1.25924396,791,65.5471548,0.251269831
103306.854472,0.00531607301,-0.015714006,0.0330646434,0.0330646434,1.25930148,791,61.965524,0.251269831
103306.864501,0.00807481792,-0.0130797157,0.033845253,0.033845253,1.25932766,791,58.8096508,0.251269831
103306.874530,0.00278384736,-0.0108818318,0.0329763578,0.0329763578,1.25935337,791,56.4356789,0.251023739
103306.884560,0.0010928955,-0.00333479506,0.0331058725,0.0331058725,1.2593143,791,65.3612884,0.251023739
103306.894589,-0.000730181776,0.000536235214,0.0328406235,0.0328406235,1.25924566,791,65.9486637,0.2519092
103306.904618,-0.00240421467,0.00026929823,0.032386026,0.032386026,1.25918619,791,70.3046088,0.251779011
103306.914647,-0.00580137519,-0.00129140175,0.0327131898,0.0327131898,1.25915374,791,70.084472,0.251779011
103306.924676,0.00356461581,0.000702011041,0.0323000694,0.0323000694,1.2590727,791,71.6197089,0.251510313
103306.934706,0.000849520734,-0.00765086393,0.0327167402,0.0327167402,1.2590799,791,72.2609473,0.25150998
103306.944735,0.00620710824,-0.00905959672,0.032644816,0.032644816,1.25908453,791,64.5665655,0.252083368
103306.954764,0.00675385725,-0.0118259237,0.0336427646,0.0336427646,1.25911615,791,57.711145,0.251895095
103306.964793,0.0125140109,-0.00768316287,0.0338722666,0.0338722666,1.2590974,791,59.7301336,0.252124423
103306.974822,0.0073804206,-0.00716857004,0.032916225,0.032916225,1.25908951,791,66.3247314,0.252169073
103306.984852,0.00341837437,-0.00716059441,0.0330607841,0.0330607841,1.25909084,791,68.4120161,0.252169073
103306.994881,0.00702664275,-0.00179243457,0.0324284687,0.0324284687,1.25903498,791,72.4750584,0.252206809
103307.004910,0.00254768419,-0.00567557303,0.0325604236,0.0325604236,1.25902588,791,76.8986654,0.252391849
103307.014939,0.000842158613,-0.00421138771,0.0325143052,0.0325143052,1.25900539,791,75.8623634,0.251997867
103307.024968,0.00181502575,-0.00569724221,0.0323715271,0.0323715271,1.25899855,791,68.3673437,0.252249584
103307.034998,0.00762845848,0.000275623277,0.0328991729,0.0328991729,1.25892701,791,65.6909649,0.252117741
103307.045027,0.0102480628,-0.00452960136,0.0327288217,0.0327288217,1.25890384,791,72.0434167,0.252209667
103307.055056,0.0117604937,-0.0088182277,0.0337607356,0.0337607356,1.25892642,791,66.9526731,0.252251726
103307.065085,0.0104774014,-0.00257602503,0.0343425722,0.0343425722,1.25889191,791,57.5214993,0.252067857
103307.075114,0.0143211497,-0.00817920156,0.0337747127,0.0337747127,1.25891843,791,58.6217894,0.252510171
103307.085143,0.0156032752,-0.00719470431,0.0343988823,0.0343988823,1.25894241,791,52.4100064,0.252740615
103307.095172,0.0098790674,-0.00598938188,0.0333346301,0.0333346301,1.25895351,791,57.613027,0.252985565
103307.105201,0.0016993944,-0.00993140953,0.0331414049,0.0331414049,1.25899366,791,66.6344777,0.252985565
103307.115230,0.00524197257,0.00396852548,0.0328688514,0.0328688514,1.25890269,791,64.8415813,0.253320539
103307.125259,-0.00408786566,0.00934033908,0.0324984529,0.0324984529,1.25874813,791,66.7703287,0.25272229
103307.135288,-0.00348729014,0.00950513986,0.0329308934,0.0329308934,1.25859605,791,66.5204341,0.252502541
103307.145318,-0.0128324303,0.00260936013,0.0325518012,0.0325518012,1.25850485,791,69.0665262,0.252613571
103307.155347,-0.0113743072,-0.00338643119,0.0332680061,0.0332680061,1.25848096,791,69.3262141,0.252152406
103307.165376,-0.0188672423,-0.00379087706,0.0338017858,0.0338017858,1.25846805,791,67.2223976,0.252213536
103307.175405,-0.0221097283,-0.00131347231,0.0334408097,0.0334408097,1.25844846,791,67.5934337,0.25259691
103307.185434,-0.0234804836,-0.00194998018,0.0342241543,0.0342241543,1.25845678,791,67.6800569,0.252381162
103307.195464,-0.0259020695,0.00379277066,0.03340143,0.03340143,1.2584382,791,66.3708534,0.2528345
103307.205493,-0.022924323,0.0133067808,0.0339145223,0.0339145223,1.25834881,791,64.5940666,0.252760952
103307.215522,-0.0278571243,0.0105096141,0.033900988,0.033900988,1.25833807,791,64.8909285,0.252594101
103307.225551,-0.0310933551,0.0125046846,0.0334606031,0.0334606031,1.25836711,791,60.4577421,0.253643695
103307.235580,-0.0286331023,0.0106633479,0.034419851,0.034419851,1.25843222,787,61.1320899,0.253483255
103307.245610,-0.0283158932,0.00450438178,0.0340872791,0.0340872791,1.25856171,787,56.3709609,0.253783181
103307.255639,-0.0344694819,0.00457155961,0.0353252196,0.0353252196,1.25875537,787,55.0879514,0.254090285
103307.265668,-0.0389427113,0.00877075048,0.0355507372,0.0355507372,1.2589822,787,51.7544707,0.254090285
103307.275697,-0.0383264415,0.00159438355,0.0341823195,0.0341823195,1.25925135,787,61.3149017,0.254090285
103307.285726,-0.0327249836,0.0129102003,0.0346737857,0.0346737857,1.25943219,787,64.1480902,0.253975065
103307.295756,-0.0356216142,0.0103453919,0.0335356124,0.0335356124,1.25966035,787,58.2633108,0.253482637
103307.305785,-0.0252290404,0.0138623147,0.0333694491,0.0333694491,1.25978778,787,67.3993334,0.253364505
103307.315814,-0.0237875023,0.0129008074,0.03255684,0.03255684,1.25991081,787,66.9893982,0.253704458
103307.325843,-0.0171231036,0.0217075959,0.0331508851,0.0331508851,1.2599607,787,56.4409708,0.254044388
103307.335872,-0.012587806,0.0120603314,0.0337454681,0.0337454681,1.2599891,787,45.3100034,0.254493695
103307.345902,-0.0127569266,0.0158723896,0.033366437,0.033366437,1.26002005,787,49.1421857,0.254612382
103307.355931,-0.011892767,0.0176032424,0.0341290102,0.0341290102,1.26004812,787,49.7454628,0.254163066
103307.365960,-0.00521890108,0.0108181236,0.0333631451,0.0333631451,1.26001735,787,52.1059014,0.253781586
103307.375989,-0.0145123459,0.0135489046,0.0341471596,0.0341471596,1.26008207,787,53.2662984,0.253931171
103307.386018,-0.00690830166,0.0137189643,0.0340813987,0.0340813987,1.26007507,787,54.9319922,0.254012574
103307.396048,-0.00424555902,0.0103881251,0.033296096,0.033296096,1.26004337,787,50.675681,0.254427857
103307.406077,-0.00675969425,0.0128625315,0.0338308164,0.0338308164,1.26004199,787,54.2721549,0.254427857
103307.416106,-0.00510424357,0.0177716511,0.0329903869,0.0329903869,1.26003523,787,54.8084373,0.254284775
103307.426135,7.39105537e-05,0.0112138492,0.0334430915,0.0334430915,1.25997311,787,53.693631,0.254284775
103307.436164,-0.0107910412,0.0121108841,0.0335447458,0.0335447458,1.2600215,787,50.4179197,0.254451936
103307.446193,-0.00545612408,0.00784013518,0.0327242591,0.0327242591,1.26001059,787,55.6776707,0.254451936
103307.456223,-0.00326862248,0.00122005436,0.0332144798,0.0332144798,1.25996497,787,53.570533,0.254451936
103307.466252,-0.0075147073,0.00644227108,0.0328376388,0.0328376388,1.25997266,787,51.9716608,0.254306015
103307.476281,-0.00393829549,0.0141118646,0.0333871147,0.0333871147,1.2599659,787,55.7557734,0.254306015
103307.486310,-0.00063271619,0.0185891191,0.0339493992,0.0339493992,1.25994536,787,54.6232695,0.254306015
103307.496339,0.00696696474,0.0315467924,0.0341484796,0.0341484796,1.25990963,787,53.4328199,0.253484083
103307.506369,0.0168083295,0.0353653223,0.0363512193,0.0363512193,1.25983121,787,50.5816736,0.253824732
103307.516398,0.0261139316,0.0396402552,0.0362640117,0.0362640117,1.25974134,787,49.159279,0.253824732
103307.526427,0.0314616637,0.0441847426,0.0387710266,0.0387710266,1.25970304,787,42.9945187,0.25386216
103307.536456,0.0341436364,0.0482833303,0.0397572217,0.0397572217,1.25975576,787,47.7186792,0.254448839
103307.546485,0.043292612,0.0525729386,0.0389484153,0.0389484153,1.25988277,787,50.0700116,0.254435138
103307.556515,0.0473956258,0.05839788,0.0417102567,0.0417102567,1.26014663,787,40.7230419,0.254694287
103307.566544,0.0507210896,0.0660117759,0.0414273236,0.0414273236,1.26056772,787,38.8518985,0.254694287
103307.576573,0.0567444072,0.0757186116,0.0444665181,0.0444665181,1.26115404,787,41.6656618,0.254425031
103307.586602,0.0618306841,0.088815966,0.0464522958,0.0464522958,1.26192971,787,39.5779835,0.254762942
103307.596631,0.0711246413,0.105322734,0.0458794148,0.0458794148,1.26291703,787,34.1608933,0.254669823
103307.606661,0.0718646095,0.113363869,0.048639475,0.048639475,1.2640063,787,32.4187255,0.254479691
103307.616690,0.0749831325,0.123454394,0.0476969612,0.0476969612,1.26520372,787,35.110662,0.254743076
103307.626719,0.0777290492,0.131360816,0.0499844273,0.0499844273,1.26647685,787,33.6819465,0.254109134
103307.636748,0.078863015,0.13739771,0.0487461222,0.0487461222,1.26779607,787,34.2790011,0.253688684
103307.646777,0.0801354872,0.14791642,0.0507608293,0.0507608293,1.26919802,787,28.2877849,0.253531483
103307.656807,0.0739343754,0.151053191,0.0510254189,0.0510254189,1.27058376,787,32.6045321,0.253206065
103307.666836,0.0637002262,0.147065476,0.0477201035,0.0477201035,1.27187058,787,30.9586048,0.253501791
103307.676865,0.0600726106,0.139417742,0.0482923989,0.0482923989,1.27304934,787,32.8272252,0.253076075
103307.686894,0.0541890306,0.121315929,0.0445020181,0.0445020181,1.27401829,787,38.8452786,0.253085463
103307.696923,0.0566539013,0.105916134,0.0447672894,0.0447672894,1.27483684,787,41.1334854,0.252807983
103307.706952,0.0549328078,0.0933813289,0.0443344085,0.0443344085,1.27551975,787,35.026593,0.252700349
103307.716982,0.0635895438,0.0776503311,0.0419306327,0.0419306327,1.27608141,787,37.7349307,0.253321438
103307.727011,0.0725726514,0.0666267298,0.0442201848,0.0442201848,1.27657299,787,32.6547584,0.253268474
103307.737040,0.100542854,0.0506646118,0.043650895,0.043650895,1.27704036,787,31.3908915,0.253463796
103307.747069,0.113679683,0.0463353809,0.0466617063,0.0466617063,1.27754331,787,27.4296491,0.253213151
103307.757098,0.131151825,0.0366775515,0.0487150003,0.0487150003,1.27806965,787,23.75472,0.25443191
103307.767128,0.146468662,0.018297141,0.0475152682,0.0475152682,1.27855685,787,28.7255361,0.25395629
103307.777157,0.152600799,0.0118171047,0.0498702545,0.0498702545,1.27907304,787,28.8534129,0.253738644
103307.787186,0.159110094,0.00427397814,0.0486826599,0.0486826599,1.27961884,787,27.2135216,0.253460647
103307.797215,0.164528482,0.00124423379,0.0506427206,0.0506427206,1.28022716,787,24.0546736,0.254038704
103307.807244,0.163635751,-0.00292337837,0.051283295,0.051283295,1.28084673,787,26.3312882,0.254273711
103307.817274,0.15528064,-0.00705292939,0.0488646945,0.0488646945,1.28167514,787,26.9218832,0.254485229
103307.827303,0.147777564,-0.00308620795,0.0501769636,0.0501769636,1.28276752,787,30.4483934,0.254485229
103307.837332,0.142111256,-0.00937970521,0.0474313869,0.0474313869,1.28381304,787,31.7359017,0.255577391
103307.847361,0.130349741,-0.00799909125,0.0483455622,0.0483455622,1.28480539,787,34.4195473,0.255581209
103307.857390,0.124620528,-0.0135685165,0.0481143593,0.0481143593,1.28574491,787,30.9107784,0.255789307
103307.867419,0.111612016,-0.0207497815,0.0454347776,0.0454347776,1.28656114,787,29.4953618,0.255972332
103307.877449,0.109516018,-0.0227456636,0.047279836,0.047279836,1.28737097,787,30.6567585,0.256792636
103307.887478,0.115068812,-0.0231987882,0.0464978338,0.0464978338,1.28824695,787,24.8224026,0.257180847
103307.897507,0.119879638,-0.0256092242,0.0493076139,0.0493076139,1.28917462,787,29.0693039,0.257291721
103307.907536,0.122462535,-0.0199639718,0.0586069672,0.0586069672,1.29017165,785,24.0750557,0.256803167
103307.917565,0.125169454,-0.0145263425,0.0666223674,0.0666223674,1.29123384,785,22.6132295,0.255631458
103307.927595,0.12835136,-0.00868928209,0.0737742294,0.0737742294,1.29236335,785,22.9879833,0.255737175
103307.937624,0.132058403,-0.00244976767,0.0802924239,0.0802924239,1.29356273,785,22.8531128,0.254276371
103307.947653,0.136612454,0.0039872503,0.0863212359,0.0863212359,1.29483741,785,18.0934185,0.251081534
103307.957682,0.142547497,0.0110660511,0.0919570053,0.0919570053,1.29619976,785,19.3836026,0.244958488
103307.967711,0.150755753,0.0191684127,0.0972681072,0.0972681072,1.29767216,785,21.1912145,0.241177537
103307.977740,0.162250529,0.0291416092,0.102305162,0.102305162,1.29928969,785,19.8809565,0.23688132
103307.987770,0.176229693,0.0395198231,0.107107288,0.107107288,1.30107542,785,18.7763543,0.232828317
103307.997799,0.190720638,0.0483858823,0.111703833,0.111703833,1.30302762,785,12.2398117,0.230525488
103308.007828,0.203553589,0.0544616453,0.116119534,0.116119534,1.30512113,785,19.4425544,0.228667916
103308.017857,0.215230791,0.0598828002,0.120374291,0.120374291,1.30734273,785,14.6824723,0.228826901
103308.027886,0.224560702,0.065306227,0.124484713,0.124484713,1.30967015,785,15.3653984,0.228826901
103308.037916,0.229548215,0.0688023433,0.128465066,0.128465066,1.31205645,785,22.4782487,0.228325162
103308.047945,0.229604108,0.0695243402,0.132326266,0.132326266,1.3144458,785,22.6330885,0.228000633
103308.057974,0.152183161,-0.0189215188,0.0527046557,0.0527046557,1.3158313,787,26.4558118,0.227835515
103308.068003,0.101818042,-0.0291572129,0.0432906843,0.0432906843,1.3167182,787,25.7446751,0.227835515
103308.078032,0.0329963968,-0.00159047325,0.0378899679,0.0378899679,1.31703571,787,27.4557575,0.227658719
103308.088062,-0.0195013686,-0.0199204448,0.0380367332,0.0380367332,1.31680171,787,21.8883051,0.226762458
103308.098091,-0.0515273911,-0.0200054782,0.0422717451,0.0422717451,1.31626289,787,25.1551961,0.227427264
103308.108120,-0.0750064277,-0.0190846644,0.04266891,0.04266891,1.31550307,787,29.6659911,0.226851733
103308.118149,-0.0843568159,-0.0163001945,0.0454657917,0.0454657917,1.31466206,787,24.9282739,0.227542692
103308.128178,-0.0896982489,-0.0146829966,0.0456883558,0.0456883558,1.31377488,787,30.3775721,0.227973328
103308.138207,-0.0844729235,0.00684081165,0.0413697101,0.0413697101,1.31300108,787,30.6666058,0.228455412
103308.148237,-0.0607172978,0.0183429337,0.0400137375,0.0400137375,1.31248955,787,34.4623051,0.228611355
103308.158266,-0.0261614492,0.0130616668,0.0353020998,0.0353020998,1.31229019,787,32.8280111,0.228975164
103308.168295,-0.0100961064,-0.00379081979,0.0378118434,0.0378118434,1.31218961,787,28.0021838,0.228422496
103308.178324,0.0108365626,-0.0156452322,0.0413305267,0.0413305267,1.31224931,787,31.6464171,0.228731545
103308.188353,0.0227247171,-0.0292934748,0.0435593199,0.0435593199,1.31238135,787,29.6355263,0.229053071
103308.198383,0.0334208897,-0.04518293,0.0480269943,0.0480269943,1.31257364,787,36.3644361,0.229200086
103308.208412,0.0363486395,-0.055100388,0.0507819667,0.0507819667,1.31277671,787,29.177602,0.228279619
103308.218441,0.044160478,-0.0649464555,0.0516235754,0.0516235754,1.3130442,787,34.8466483,0.228184041
103308.228470,0.0533102658,-0.0634303232,0.0501540856,0.0501540856,1.31342162,787,48.9925048,0.228184041
103308.238499,0.0558701888,-0.0619242359,0.0434691226,0.0434691226,1.31384486,787,50.5914787,0.228103818
103308.248528,0.0534522381,-0.0456433101,0.0401822621,0.0401822621,1.31428936,787,56.9233309,0.228019538
103308.258558,0.0295012693,-0.0117257269,0.034716935,0.034716935,1.3145638,787,59.7270142,0.226942692
103308.268587,0.0186504581,0.0110409019,0.0351811745,0.0351811745,1.31477063,787,62.2197451,0.226007407
103308.278616,0.00642401079,0.0250242329,0.0352074307,0.0352074307,1.31488263,787,64.4327234,0.225737227
103308.288645,0.00316273269,0.023549505,0.037731193,0.037731193,1.31496191,787,54.3504036,0.22581974
103308.298674,-0.00747234748,0.0129361518,0.0383814949,0.0383814949,1.31491887,787,61.9734251,0.226050774
103308.308704,-0.00263511968,0.0154242005,0.0364223937,0.0364223937,1.31492843,787,61.9620753,0.225868105
103308.318733,0.00700978858,0.01105846,0.0368918506,0.0368918506,1.31502379,787,63.0286733,0.226086215
103308.328762,0.0127449813,0.0061344589,0.0350389395,0.0350389395,1.31516519,787,63.926105,0.226033568
103308.338791,0.0129211065,-0.00589857364,0.0360919493,0.0360919493,1.31528414,787,59.5894363,0.226124878
103308.348820,0.0191100521,-0.0201509734,0.0361646327,0.0361646327,1.31518659,787,58.685582,0.226060614
103308.358849,0.0246250127,-0.0215471774,0.0350861233,0.0350861233,1.3148958,787,58.574924,0.225752497
103308.368879,0.0232449609,-0.024533017,0.0359982613,0.0359982613,1.31459496,787,60.5026359,0.225414817
103308.378908,0.0207071576,-0.0144132902,0.0343380949,0.0343380949,1.31429451,787,62.2065453,0.225323513
103308.388937,0.0230553454,-0.0259616406,0.0344507107,0.0344507107,1.31400675,787,65.2033943,0.225325267
103308.398966,0.0187138648,-0.0311305425,0.0334147927,0.0334147927,1.3136789,787,69.458204,0.224696215
103308.408995,0.00511604111,-0.0230267759,0.0323047379,0.0323047379,1.31323936,787,73.4369562,0.224725098
103308.419025,0.00111714534,-0.0245255866,0.0328419406,0.0328419406,1.31277001,787,78.513986,0.224503155
103308.429054,0.00749121971,-0.0336637701,0.0332542866,0.0332542866,1.31236569,787,77.3353892,0.223939205
103308.439083,0.0164976453,-0.0299078676,0.0348952933,0.0348952933,1.31206589,787,68.4288048,0.224505091
103308.449112,0.0126805196,-0.030452584,0.0349353062,0.0349353062,1.31173853,787,66.270364,0.224756287
103308.459141,0.00304583098,-0.0395765652,0.0331920744,0.0331920744,1.31132254,787,67.9833338,0.224540645
103308.469170,0.00611391126,-0.0293557554,0.0328348422,0.0328348422,1.31095587,787,63.4090721,0.224607242
103308.479200,0.00946879948,-0.0284975017,0.0335597688,0.0335597688,1.31063369,787,57.1002387,0.223785921
103308.489229,0.00852757016,-0.0488972374,0.0369914186,0.0369914186,1.31031139,787,49.9923502,0.224390731
103308.499258,0.00313558995,-0.0416342675,0.0399323108,0.0399323108,1.30995255,787,44.1005816,0.224269915
103308.509287,0.020185177,-0.026325695,0.0403221751,0.0403221751,1.30977129,787,49.5904876,0.224866149
103308.519316,0.0177118359,-0.0260862343,0.043607112,0.043607112,1.30957249,787,48.2843454,0.224860978
103308.529345,0.0164945807,-0.024382865,0.0432242729,0.0432242729,1.3093679,787,43.5654728,0.22538175
103308.539375,0.0324312735,-0.019072818,0.0456608152,0.0456608152,1.30932286,787,47.8259538,0.224898652
103308.549404,0.0219562857,-0.0508037115,0.0465475564,0.0465475564,1.30920377,787,50.5537832,0.225018448
103308.559433,0.0307041306,-0.0479313928,0.0442471343,0.0442471343,1.30918132,787,51.6063854,0.223725761
103308.569462,0.0355408325,-0.0469595859,0.0455033309,0.0455033309,1.30921512,787,55.2182425,0.221896253
103308.579491,0.0498929833,-0.0493736937,0.0432004576,0.0432004576,1.30940029,787,53.1132643,0.220497631
103308.589521,0.0508535993,-0.0467048677,0.0444115193,0.0444115193,1.30959494,787,53.3757463,0.219875657
103308.599550,0.047120979,-0.0499791927,0.0438810213,0.0438810213,1.30976302,787,49.5963201,0.218202208
103308.609579,0.0420968112,-0.0527662744,0.0401470852,0.0401470852,1.30989347,787,60.5165202,0.217055941
103308.619608,0.0504439914,-0.0458751628,0.0401152005,0.0401152005,1.31009382,787,53.949669,0.216360104
103308.629637,0.0453979251,-0.0367318896,0.0364781923,0.0364781923,1.31022502,787,50.5704318,0.215488519
103308.639666,0.0238798633,-0.029615759,0.0357534727,0.0357534727,1.31013407,787,57.0014457,0.215994711
103308.649696,0.0240640734,-0.0284457405,0.0334522136,0.0334522136,1.31004602,787,56.2829621,0.216006262
103308.659725,0.0048100945,-0.0262212115,0.0335963709,0.0335963709,1.30977402,787,60.056412,0.216274619
103308.669754,0.00145023088,-0.0264440477,0.0341326636,0.0341326636,1.30947926,787,61.5554067,0.216650889
103308.679783,0.000553027575,-0.0207413528,0.0343249284,0.0343249284,1.309168,787,50.3981399,0.217033511
103308.689812,-0.00954503213,-0.0223492188,0.0364280349,0.0364280349,1.30877554,787,46.822025,0.21721394
103308.699842,-0.0144294096,-0.0221195788,0.0357997463,0.0357997463,1.30834774,787,47.196535,0.217447774
103308.709871,-0.0198487431,-0.0149368913,0.0372375414,0.0372375414,1.30785782,787,50.5652551,0.217284537
103308.719900,-0.012294438,-0.0172872878,0.0370987143,0.0370987143,1.30745759,787,46.3646178,0.217386391
103308.729929,-0.00815288558,-0.0145204892,0.035341464,0.035341464,1.30709582,787,45.7706755,0.217059735
103308.739958,-0.00190565207,-0.0130023717,0.0358965883,0.0358965883,1.30679439,787,46.2596716,0.217141861
103308.749987,-0.00249031843,-0.0225290732,0.0344828694,0.0344828694,1.30652973,787,45.8268158,0.217212561
103308.760017,0.000539993928,-0.00469919256,0.0352732469,0.0352732469,1.30623297,787,52.9309335,0.217129469
103308.770046,0.00947414962,-0.00582921876,0.0356000086,0.0356000086,1.30602758,787,55.8414953,0.216553275
103308.780075,0.0226491777,-0.00865975423,0.0352738808,0.0352738808,1.3059566,787,47.0505233,0.216205537
103308.790104,0.0300782402,0.000277747938,0.0379828558,0.0379828558,1.30592143,787,39.8122645,0.216620283
103308.800133,0.0299547011,0.000631764771,0.0372388904,0.0372388904,1.30588538,787,41.5390837,0.216544272
103308.810162,0.0353425629,-0.00195216021,0.0388985028,0.0388985028,1.30590945,787,49.526115,0.216279119
103308.820192,0.0341942781,0.000318842123,0.0392275628,0.0392275628,1.30591533,787,46.0126313,0.215912184
103308.830221,0.0321631905,0.0001391422,0.0375765056,0.0375765056,1.30590394,787,46.6675719,0.215980905
103308.840250,0.033036378,0.00921290289,0.0386584301,0.0386584301,1.30587153,787,44.3533391,0.215755709
103308.850279,0.0244708783,0.0269049769,0.036334734,0.036334734,1.30570691,787,51.9568733,0.215399858
103308.860308,0.0155443404,0.015758562,0.0363691466,0.0363691466,1.30550146,787,50.3690091,0.215956714
103308.870337,0.00770583422,0.00511658565,0.0349694689,0.0349694689,1.30525966,787,58.0458658,0.215815745
103308.880367,-0.00777902121,0.00838355399,0.0335211391,0.0335211391,1.30486795,787,56.2260847,0.216928534
103308.890396,-0.00930860963,0.00771711923,0.0348006088,0.0348006088,1.30447172,787,54.6166591,0.217654065
103308.900425,-0.0105336242,-0.00160167541,0.0353181931,0.0353181931,1.30409859,787,47.8648808,0.217567219
103308.910454,-0.00886077871,0.00582712467,0.0385544801,0.0385544801,1.30372712,787,42.7434076,0.217634617
103308.920483,-0.0107372781,0.00112212599,0.0406725096,0.0406725096,1.30335888,787,43.5432795,0.217784574
103308.930513,-0.0240585997,-0.00468352607,0.0403102218,0.0403102218,1.30288994,787,30.9924323,0.218558412
103308.940542,-0.0282711881,-0.0101934249,0.0429738527,0.0429738527,1.30240903,787,51.7557249,0.217829574
103308.950571,-0.0124006032,-0.00128531809,0.0421745357,0.0421745357,1.30205933,787,47.7440249,0.21781208
103308.960600,-0.012449441,-0.000780000999,0.0443866602,0.0443866602,1.30171466,787,42.3914842,0.218387169
103308.970629,-0.0167380983,-0.0151188285,0.0425600143,0.0425600143,1.30138442,787,39.1958394,0.219319346
103308.980658,-0.00765446245,-0.0337022089,0.0436794831,0.0436794831,1.30121384,787,39.3932799,0.220805534
103308.990688,-0.00582958318,-0.0300866747,0.0430104141,0.0430104141,1.30105939,787,45.9390095,0.220977328
103309.000717,0.000791296576,-0.0151243431,0.0398967114,0.0398967114,1.30091453,787,46.0595521,0.2217031
103309.010746,0.00738517407,-0.00960303554,0.040439994,0.040439994,1.30081065,787,48.0662707,0.220991834
103309.020775,0.0022766392,-0.0122568184,0.038115717,0.038115717,1.30067442,787,43.214383,0.221090552
103309.030804,-0.00205271163,-0.0108777899,0.0393723176,0.0393723176,1.30049758,787,38.9424138,0.222223374
103309.040833,-0.0144981929,-0.0108361749,0.0393222662,0.0393222662,1.30021535,787,37.9997885,0.222964798
103309.050863,-0.0135736126,-0.00737816826,0.0374924843,0.0374924843,1.29993376,787,45.4144156,0.224659332
103309.060892,-0.00509248596,-0.00539126342,0.0388084188,0.0388084188,1.29972412,787,45.9947297,0.224498861
103309.070921,-0.00492665285,-0.00973328235,0.0371251638,0.0371251638,1.29954066,787,49.4374766,0.224206784
103309.080950,-0.00885827263,0.00261200873,0.0386482128,0.0386482128,1.29927004,787,44.8739021,0.224783122
103309.090979,-0.00466814224,-0.0167573422,0.0386445319,0.0386445319,1.29913292,787,44.9192191,0.225689494
103309.101009,-0.00892782136,-0.0111357995,0.036948958,0.036948958,1.29893755,787,45.4912804,0.226189531
103309.111038,-0.00821708226,0.000769423457,0.0389310703,0.0389310703,1.29869416,787,39.6394576,0.22630896
103309.121067,-0.0177728239,-0.00122017577,0.0374575055,0.0374575055,1.29838528,787,48.9075532,0.227207833
103309.131096,-0.0193282415,4.12014041e-05,0.0393717053,0.0393717053,1.2980642,787,40.2714576,0.227348619
103309.141125,-0.0330556774,-0.00596183906,0.0395580795,0.0395580795,1.29767018,787,44.3517472,0.228112739
103309.151154,-0.0342193039,-0.0155959637,0.0377108347,0.0377108347,1.2973374,787,44.2157442,0.228759436
103309.161184,-0.0271729596,-0.0131903782,0.03913539,0.03913539,1.29706532,787,39.2960853,0.228928238
103309.171213,-0.0215927627,-0.0204433141,0.0375131511,0.0375131511,1.29689748,787,37.1367358,0.229778541
103309.181242,-0.0168429791,-0.0254670545,0.0385422607,0.0385422607,1.29681378,787,36.7141254,0.229794405
103309.191271,-0.0131341714,-0.033975885,0.0378689298,0.0378689298,1.29683097,787,42.7901422,0.230194535
103309.201300,-0.0157407984,-0.0245731361,0.0355972004,0.0355972004,1.29677729,787,40.8235924,0.230487305
103309.211329,-0.0187662132,-0.0176529238,0.0358371232,0.0358371232,1.29666477,787,40.5412152,0.230101047
103309.221359,-0.00793383784,-0.0135958912,0.0340122942,0.0340122942,1.29659666,787,37.1276001,0.229625429
103309.231388,-0.0138961976,0.00323549914,0.0343866281,0.0343866281,1.29636516,787,44.2662654,0.230102113
103309.241417,-0.00800915225,0.0145139424,0.0343879477,0.0343879477,1.29608438,787,45.3837851,0.229744147
103309.251446,-0.00860265636,0.0259535078,0.0340025469,0.0340025469,1.29571627,787,42.3736649,0.229890352
103309.261475,0.00393050804,0.0132990672,0.0350455058,0.0350455058,1.29553106,787,44.7898882,0.22989655
103309.271504,-0.00575810796,0.0175949707,0.0344256146,0.0344256146,1.2952584,787,39.6770268,0.229505282
103309.281534,0.00235636525,0.00657083848,0.036041443,0.036041443,1.29512625,787,35.8040941,0.229216297
103309.291563,0.00212092346,0.0121129475,0.0343468994,0.0343468994,1.29495498,787,42.9437623,0.229192308
103309.301592,0.0116779665,0.00472889528,0.0353972167,0.0353972167,1.29490614,787,41.81516,0.229067961
103309.311621,0.021290129,-0.0144441768,0.0354183644,0.0354183644,1.29506242,787,41.2857424,0.228639008
103309.321650,0.0161297932,-0.00605597402,0.0344235125,0.0344235125,1.29512181,787,38.1423337,0.22841371
103309.331680,0.0186465067,0.000889560483,0.0353338086,0.0353338086,1.29515116,787,45.8958506,0.228253214
103309.341709,0.0196628603,-0.018013909,0.0346089792,0.0346089792,1.29531783,787,38.227097,0.22890666
103309.351738,0.0236305706,-0.0170659881,0.0356513684,0.0356513684,1.29550308,787,43.0168519,0.229091866
103309.361767,0.0250845089,-0.00708573921,0.035724485,0.035724485,1.29562917,787,40.8269367,0.228869494
103309.371796,0.018828501,-0.00198349136,0.0346395973,0.0346395973,1.2956759,787,42.6152143,0.22916162
103309.381825,0.0173922335,0.00294761807,0.0355720704,0.0355720704,1.29568202,787,43.1382222,0.229128202
103309.391855,0.00595567624,0.0078916723,0.0348420591,0.0348420591,1.29557286,787,39.3127314,0.22963051
103309.401884,0.0107711152,0.0156848309,0.035596446,0.035596446,1.29545957,787,43.2344871,0.229682091
103309.411913,0.00770650326,0.00814172795,0.0364147658,0.0364147658,1.29537278,787,29.8704629,0.228894674
103309.421942,0.0132807262,0.0117233665,0.0355837006,0.0355837006,1.29531629,787,48.2264346,0.229421452
103309.431971,0.00823764906,0.0159709505,0.0357885687,0.0357885687,1.29520253,787,42.0448869,0.23000558
103309.442000,0.0136955153,0.00324476331,0.0345648398,0.0345648398,1.29520578,787,44.4218777,0.230422558
103309.452030,0.0122171041,0.0165586244,0.0353962818,0.0353962818,1.295136,787,46.6564708,0.230247281
103309.462059,0.000437034303,0.0181749591,0.0354763724,0.0354763724,1.29496453,787,52.4973772,0.230196412
103309.472088,-0.00227840086,0.0196367837,0.0343465332,0.0343465332,1.29477197,787,50.1559432,0.229656054
103309.482117,0.00449373255,0.0148499568,0.035469428,0.035469428,1.29466874,787,48.8094335,0.229698156
103309.492146,-0.00389239632,0.025932607,0.0341217492,0.0341217492,1.29445942,787,51.7754541,0.22940921
103309.502175,-0.00157058197,0.0206407638,0.0347142426,0.0347142426,1.29430292,787,56.9917045,0.22942135
103309.512205,-0.00699381231,0.0166723532,0.0344094004,0.0344094004,1.29411583,787,58.741919,0.229354329
103309.522234,0.00174375203,0.0103510416,0.0334879178,0.0334879178,1.29403465,787,59.7387802,0.228771258
103309.532263,0.00947408342,0.00523649358,0.0337327649,0.0337327649,1.29404204,787,59.7032364,0.228727389
103309.542292,0.00282202112,0.0125863,0.0328267073,0.0328267073,1.29397403,787,61.2472441,0.228489948
103309.552321,0.00231279004,-0.00749111971,0.0332334607,0.0332334607,1.29393651,787,59.351694,0.227881297
103309.562350,0.00727269619,-0.0105710347,0.0331141089,0.0331141089,1.29395482,787,57.6534856,0.227763555
103309.572380,0.0022733593,0.000513622023,0.0326592884,0.0326592884,1.2939038,787,58.4009314,0.227421872
103309.582409,0.00785281549,-0.0103931049,0.0330119483,0.0330119483,1.29392983,787,61.5117144,0.227442027
103309.592438,0.00995513672,-0.0015770439,0.032653858,0.032653858,1.2939573,787,56.6079336,0.227196254
103309.602467,0.00609235484,-0.0119819362,0.0330810015,0.0330810015,1.29397105,787,61.178867,0.227117627
103309.612496,0.00672744567,-0.00281167475,0.0327126039,0.0327126039,1.29396975,787,55.6908044,0.226720961
103309.622525,-0.000701697541,-0.00272698216,0.0334220544,0.0334220544,1.29389765,787,55.0547228,0.227299226
103309.632555,0.00153466839,-2.22584239e-05,0.0334262303,0.0334262303,1.2938415,787,59.3105934,0.227226636
103309.642584,0.00254406076,0.000323493433,0.0330127139,0.0330127139,1.29379519,787,56.4127162,0.227474427
103309.652613,-0.0121930379,-0.00170725416,0.0338360225,0.0338360225,1.29361502,787,55.8784465,0.227643023
103309.662642,-0.00102648947,-0.00507017433,0.0330807332,0.0330807332,1.29355375,787,55.8002093,0.227592917
103309.672671,-0.0040295622,-0.000944408271,0.033417302,0.033417302,1.29345438,787,58.1802485,0.227339878
103309.682700,-0.00125927602,-0.00460691144,0.0332815513,0.0332815513,1.29339384,787,57.6797178,0.227680128
103309.692730,0.000838002908,-0.0018352076,0.0326409164,0.0326409164,1.2933463,787,56.7834359,0.227480904
103309.702759,0.00731625959,-0.00322419214,0.0329880263,0.0329880263,1.29336455,787,58.951574,0.227563329
103309.712788,0.00647254382,-0.0121530966,0.0325975112,0.0325975112,1.29340315,787,70.5993402,0.227051738
103309.722817,0.0137104011,-0.00824253572,0.033288874,0.033288874,1.29349648,787,68.3459175,0.22701755
103309.732846,0.0116160601,-0.0196291041,0.0335690951,0.0335690951,1.29361068,787,67.3334954,0.227079264
103309.742875,0.012973739,-0.0235823322,0.0330307197,0.0330307197,1.29375675,787,67.834712,0.226981066
103309.752905,0.0103815755,-0.016998129,0.0334648633,0.0334648633,1.29385438,787,64.2310123,0.226651048
103309.762934,0.0102277317,-0.0189066277,0.0328071599,0.0328071599,1.29396079,787,65.2818905,0.226838679
103309.772963,0.00726079713,-0.0194053436,0.0334156589,0.0334156589,1.29404617,787,55.7143047,0.226876946
103309.782992,0.0123524015,-0.00858801481,0.0332959169,0.0332959169,1.29412007,787,65.3769529,0.226478908
103309.793021,0.00388212448,-0.0120505499,0.0329386161,0.0329386161,1.29413984,787,60.8995808,0.226099405
103309.803050,0.00162616089,-0.0164266256,0.0337682029,0.0337682029,1.29416654,787,60.5643498,0.225829984
103309.813080,0.0101958732,-0.0171783636,0.0332532069,0.0332532069,1.29426938,787,57.176491,0.225754672
103309.823109,0.00630613731,-0.0203135173,0.0337393888,0.0337393888,1.29435978,787,60.7842193,0.225883988
103309.833138,-0.00437078445,-0.0237166092,0.033872667,0.033872667,1.29439255,787,53.6973989,0.225728087
103309.843167,0.00237137717,-0.0203822535,0.0332487687,0.0332487687,1.29446166,787,57.8796597,0.225937144
103309.853196,-0.000170299732,-0.0242546969,0.0338965911,0.0338965911,1.29454237,787,62.4083379,0.225917088
103309.863225,-0.00282799728,-0.0203779064,0.0333164782,0.0333164782,1.29458279,787,62.4572814,0.226006535
103309.873255,-0.00681447471,-0.0265043103,0.0337719192,0.0337719192,1.29464836,787,61.1925459,0.225706773
103309.883284,-0.0040164336,-0.0192181531,0.0336715855,0.0336715855,1.29468413,787,62.7670742,0.225711411
103309.893313,0.00136344247,-0.0172559479,0.0330342501,0.0330342501,1.29474038,787,57.2151385,0.22610307
103309.903342,-0.00392808026,-0.0160009293,0.0335993056,0.0335993056,1.29475708,787,59.8729213,0.226538445
103309.913371,-0.00635660168,-0.023781549,0.0329146803,0.0329146803,1.2948275,787,62.4239862,0.226247638
103309.923400,0.00579855755,-0.0233976104,0.0335906799,0.0335906799,1.29496295,787,59.6149353,0.226339015
103309.933430,-0.000996166928,-0.0243032369,0.0340968511,0.0340968511,1.2950703,787,59.5157432,0.226706179
103309.943459,-0.00403912366,-0.0266486536,0.033525937,0.033525937,1.29518492,787,63.1782032,0.227286544
103309.953488,0.00633418578,-0.0354255467,0.0346011133,0.0346011133,1.29542577,787,57.4389349,0.227430013
103309.963517,0.0126769091,-0.0381154265,0.0339043284,0.0339043284,1.29571545,787,54.741106,0.227915571
103309.973546,0.00685827665,-0.0222846177,0.0343947227,0.0343947227,1.29583512,787,55.0120499,0.227944822
103309.983575,0.00319110422,-0.028849589,0.0335695652,0.0335695652,1.29599533,787,47.9831778,0.227776047
103309.993605,0.0087253752,-0.0247108175,0.0345554726,0.0345554726,1.29613969,787,45.7763111,0.228378641
103310.003634,0.00562796949,-0.0211535196,0.0349955171,0.0349955171,1.2962368,787,45.1633311,0.227356197
103310.013663,-0.000148612119,-0.0264290818,0.0347830006,0.0347830006,1.29635656,787,45.7837596,0.22734188
103310.023692,0.0126271858,-0.0189377054,0.0364508871,0.0364508871,1.29645787,787,44.1303555,0.226783854
103310.033721,0.0106910492,-0.00941097857,0.0356544898,0.0356544898,1.29646427,787,38.7644949,0.22738509
103310.043750,0.0218256853,-0.0154708213,0.0363384903,0.0363384903,1.29657185,787,42.7027875,0.227306176
103310.053780,0.0178101419,-0.024303559,0.0357276196,0.0357276196,1.29673998,787,45.7011847,0.227770993
103310.063809,0.0224562071,-0.015345731,0.0344988662,0.0344988662,1.29684749,787,39.5272545,0.227690297
103310.073838,0.00538419353,-0.0251281983,0.0354105106,0.0354105106,1.29696278,787,44.3480311,0.227828818
103310.083867,0.0197740121,-0.0314599916,0.0350861112,0.0350861112,1.29719553,787,33.0470019,0.227610021
103310.093897,0.027308343,-0.0190886242,0.0366416704,0.0366416704,1.29735088,787,30.7606015,0.227526328
103310.103926,0.0190344669,-0.0279868168,0.0365437946,0.0365437946,1.29754327,787,35.2198914,0.227904368
103310.113956,0.03073914,-0.0284909908,0.0357695731,0.0357695731,1.29779255,787,30.5424803,0.227803149
103310.123985,0.0415576648,-0.017508191,0.0368690721,0.0368690721,1.29800136,787,31.3289072,0.227880566
103310.134014,0.0363655847,-0.000850068018,0.0358047988,0.0358047988,1.29805017,787,30.5084667,0.227659879
103310.144043,0.0264456984,-0.00232395566,0.037346755,0.037346755,1.29806409,787,29.8243118,0.227514916
103310.154072,0.0314476392,-0.0077837071,0.0375788617,0.0375788617,1.29815532,787,28.4064891,0.226879396
103310.164101,0.0376596935,-0.0090517965,0.03622108,0.03622108,1.29829772,787,30.7918218,0.226550948
103310.174130,0.0234573894,-0.00532240217,0.0367108656,0.0367108656,1.29832649,787,36.8229842,0.226947626
103310.184160,0.0164530654,0.00337565377,0.0359954597,0.0359954597,1.29824756,787,27.6229151,0.226578675
103310.194189,0.0230116164,0.00965081839,0.0372925134,0.0372925134,1.29817023,787,34.3541874,0.225689172
103310.204218,0.0182701669,0.01555409,0.0377826938,0.0377826938,1.29802714,787,30.5524246,0.22549017
103310.214247,0.00717503681,0.0162791944,0.0366261938,0.0366261938,1.29781114,787,29.3319556,0.225239282
103310.224276,0.00845252407,0.0262304201,0.0381985105,0.0381985105,1.29754538,787,30.7678668,0.225084622
103310.234305,0.00453066858,0.0327738381,0.0365960987,0.0365960987,1.29722212,787,30.4499697,0.225133228
103310.244335,-0.00633803541,0.0439282631,0.037813864,0.037813864,1.29676439,787,34.1281774,0.225204847
103310.254364,-0.00958534576,0.0273811454,0.037940946,0.037940946,1.29639928,787,29.6491316,0.224943824
103310.264393,-0.0325524038,0.0277509223,0.0370940673,0.0370940673,1.29585981,787,31.5007701,0.22472844
103310.274422,-0.0244863224,0.0216537605,0.0391592028,0.0391592028,1.2954305,787,26.1066012,0.224323724
103310.284451,-0.034976512,0.0308346371,0.0386708939,0.0386708939,1.29487347,787,27.1988449,0.22474831
103310.294480,-0.0402885905,0.0245975223,0.0406184114,0.0406184114,1.29432061,787,26.502271,0.224698945
103310.304510,-0.040935535,0.0502544411,0.0393479108,0.0393479108,1.29363013,787,23.730662,0.224507099
103310.314539,-0.0487420943,0.054613541,0.0418598659,0.0418598659,1.29287746,787,17.3367095,0.224035942
103310.324568,-0.043236599,0.0488365984,0.0411048156,0.0411048156,1.2922354,787,26.5425494,0.224362334
103310.334597,-0.0301274582,0.0500012558,0.0383013208,0.0383013208,1.29177696,787,27.9750798,0.224373976
103310.344626,-0.0380011661,0.0513624359,0.0387157061,0.0387157061,1.2913933,787,22.9980926,0.224157268
103310.354655,-0.0298868985,0.0431576172,0.037317384,0.037317384,1.29131904,787,21.4570141,0.224248935
103310.364684,-0.0244855465,0.0311552532,0.0380391999,0.0380391999,1.29140351,787,23.1242555,0.224314332
103310.374714,-0.00908831021,0.0325651132,0.0382546099,0.0382546099,1.29164775,787,21.645695,0.224291648
103310.384743,-0.00371147417,0.0290460637,0.0362090983,0.0362090983,1.29188838,787,27.1198646,0.223953444
103310.394772,0.00587718332,0.0331952237,0.0380277076,0.0380277076,1.29218828,787,22.2111727,0.22377275
103310.404801,0.000713273114,0.0191071882,0.0372160432,0.0372160432,1.2923365,787,22.2097322,0.224080585
103310.414830,-0.00176669537,0.0326679785,0.0392881082,0.0392881082,1.29260946,787,22.210058,0.22413073
103310.424859,-0.00601046882,0.0481643382,0.0378549573,0.0378549573,1.29302523,787,30.3598399,0.224494898
103310.434889,0.000249104521,0.0479160641,0.0368934236,0.0368934236,1.29344046,787,26.9927683,0.224517168
103310.444918,-0.00293275554,0.0447030355,0.038336671,0.038336671,1.2938141,787,26.0510897,0.224850281
103310.454947,-0.011364934,0.0571087566,0.0378688267,0.0378688267,1.29429932,787,22.6269265,0.224938151
103310.464976,-0.0227614574,0.0593245947,0.0397770118,0.0397770118,1.29480182,787,23.2373757,0.224761715
103310.475005,-0.0234810427,0.0473745745,0.0401642902,0.0401642902,1.295188,787,22.2731922,0.224453799
103310.485034,-0.0118692184,0.0445982196,0.0384801948,0.0384801948,1.29553753,787,19.3910531,0.225037838
103310.495064,-0.0270206019,0.0523924386,0.0406023352,0.0406023352,1.29597358,787,22.0511357,0.225156823
103310.505093,-0.0182955101,0.0393030564,0.0379217129,0.0379217129,1.29626851,787,23.4141815,0.224606128
103310.515122,-0.0231097627,0.0431564696,0.0393602011,0.0393602011,1.29660535,787,23.2295262,0.224826062
103310.525151,-0.0259603534,0.0477026593,0.0404779169,0.0404779169,1.29698856,787,18.8831941,0.22508182
103310.535180,-0.0245130421,0.0407064191,0.0374573234,0.0374573234,1.2972979,787,24.0952337,0.224754193
103310.545209,-0.01525702,0.0362900121,0.0388019021,0.0388019021,1.29754126,787,25.0477666,0.224971598
103310.555239,-0.0124902026,0.0398502648,0.038732013,0.038732013,1.29780827,787,17.763699,0.225680464
103310.565268,-0.0227651403,0.0414958188,0.0398082506,0.0398082506,1.29810987,787,20.3091062,0.225583974
103310.575297,-0.00750922449,0.0422072577,0.040191312,0.040191312,1.29837676,787,22.7119904,0.224731536
103310.585326,0.00305630882,0.0390495971,0.038218289,0.038218289,1.29858425,787,20.9020728,0.224563706
103310.595355,0.0105085753,0.0287926135,0.0393680993,0.0393680993,1.29867535,787,23.2960434,0.22442445
103310.605384,0.0170499798,0.017621685,0.0381102713,0.0381102713,1.29864786,787,20.2553916,0.223586909
103310.615413,0.0189908925,0.0179064577,0.0393760288,0.0393760288,1.29862532,787,21.917727,0.223576035
103310.625443,0.0396804932,-0.00126533563,0.0386255711,0.0386255711,1.2983968,787,17.0026469,0.223569631
103310.635472,0.0355221956,-0.000569680668,0.041265932,0.041265932,1.29820088,787,18.55515,0.223820662
103310.645501,0.0436202992,-0.0255660315,0.040730639,0.040730639,1.29777719,787,21.7841794,0.223657228
103310.655530,0.0528439336,-0.033598645,0.0383082862,0.0383082862,1.29731243,787,18.5974382,0.223486881
103310.665559,0.0439999232,-0.0428373395,0.0412291175,0.0412291175,1.29679678,787,16.1745945,0.223143095
103310.675588,0.0397675702,-0.0268576966,0.0379787724,0.0379787724,1.29647306,787,21.9265752,0.223038866
103310.685618,0.0317852941,-0.023363901,0.0396086121,0.0396086121,1.29619915,787,18.863389,0.222636141
103310.695647,0.0390693363,-0.00599168159,0.0394022379,0.0394022379,1.29613769,787,19.6571245,0.222943219
103310.705676,0.0223039362,-0.0191270494,0.0367399847,0.0367399847,1.29592136,787,21.9470544,0.222657302
103310.715705,0.0107866911,-0.0206695295,0.038749397,0.038749397,1.29566311,787,20.3688369,0.222657302
103310.725734,0.0192048064,-0.00611592591,0.0360727643,0.0360727643,1.29558062,787,22.5919226,0.223382594
103310.735763,0.0152657291,-0.0170501206,0.0375524397,0.0375524397,1.29539393,787,24.1956066,0.222988411
103310.745792,0.0248704298,-0.0197027484,0.0380413704,0.0380413704,1.29524557,787,23.8119682,0.223187444
103310.755822,0.0134772491,-0.0290957846,0.0368847028,0.0368847028,1.29497994,787,21.4855253,0.222751347
103310.765851,0.0101438027,-0.0499436297,0.0383539787,0.0383539787,1.29455492,787,21.5394978,0.223034149
103310.775880,-0.002283342,-0.0439451171,0.0374703958,0.0374703958,1.29413146,787,22.4072035,0.223940043
103310.785909,-0.0160785354,-0.0443281901,0.0384744643,0.0384744643,1.29363514,787,22.1648127,0.223940043
103310.795938,-0.0158105401,-0.0528601248,0.0390544325,0.0390544325,1.29311106,787,22.6627952,0.223940043
103310.805967,-0.0118000831,-0.039934324,0.0378653081,0.0378653081,1.29273334,787,23.2750029,0.223859349
103310.815997,-0.0231986676,-0.0488734612,0.0391660705,0.0391660705,1.29225471,787,24.4570954,0.223902663
103310.826026,-0.0178668569,-0.0607380167,0.0381267389,0.0381267389,1.29188198,787,23.0655646,0.223257989
103310.836055,-0.0160591309,-0.0441698541,0.0399464558,0.0399464558,1.2917028,787,21.6649971,0.223257989
103310.846084,-0.0220209892,-0.0389914543,0.0403650624,0.0403650624,1.29159686,787,18.1155159,0.223270376
103310.856113,-0.0231594264,-0.0421336938,0.0373763004,0.0373763004,1.29165517,787,23.0747582,0.222886787
103310.866142,0.000310739231,-0.0277110905,0.0383448799,0.0383448799,1.29184629,787,24.8939543,0.223411984
103310.876172,0.0140217595,-0.0414744798,0.0363174329,0.0363174329,1.2922337,787,23.8251082,0.223460465
103310.886201,0.0195009499,-0.0377533221,0.0376499658,0.0376499658,1.29261271,787,25.8712675,0.22354175
103310.896230,0.0217507304,-0.0541103165,0.0396834622,0.0396834622,1.29313563,787,19.514336,0.22371734
103310.906259,0.018221865,-0.0349538014,0.0374299137,0.0374299137,1.29346732,787,21.8161108,0.223908254
103310.916288,0.00794728752,-0.043723769,0.0393862151,0.0393862151,1.29382274,787,22.730097,0.223929504
103310.926317,0.00781330156,-0.0470901524,0.0366640335,0.0366640335,1.29420496,787,24.4012242,0.223695676
103310.936346,-0.0099142806,-0.0274202916,0.0372811964,0.0372811964,1.29433876,787,27.020955,0.223354101
103310.946376,-0.000819452134,-0.0182089351,0.0380936535,0.0380936535,1.29442364,787,22.9482305,0.223577725
103310.956405,-0.0075614004,-0.00593502125,0.0371133344,0.0371133344,1.29437224,787,18.0219387,0.223860603
103310.966434,-0.0267628589,-0.00413608396,0.0392807559,0.0392807559,1.29425285,787,21.0791642,0.223117429
103310.976463,-0.0165074254,-0.0093468141,0.0377179854,0.0377179854,1.29422485,787,20.8050425,0.22414804
103310.986492,-0.0263696513,0.00346525506,0.0389652715,0.0389652715,1.29406529,787,21.7759505,0.2239265
103310.996521,-0.0164481747,0.00213999037,0.0372947338,0.0372947338,1.2939485,787,18.6513834,0.224150285
103311.006551,-0.012312436,0.000199646708,0.0384906509,0.0384906509,1.293863,787,19.152792,0.223920648
103311.016580,0.00266634259,-0.000496415857,0.0377458828,0.0377458828,1.29379995,787,24.6015627,0.223942818
103311.026609,-0.00346900056,-0.0174860366,0.0377149147,0.0377149147,1.29389968,787,22.7250576,0.22371217
103311.036638,-0.00808181869,-0.0140416107,0.0396288531,0.0396288531,1.29396174,787,18.5453591,0.223555998
103311.046667,-0.00178242314,-0.0045842671,0.0396172838,0.0396172838,1.29393389,787,15.5760999,0.223555852
103311.056696,-0.0147398542,0.000235977526,0.0388802005,0.0388802005,1.29385659,787,22.2983972,0.223230735
103311.066725,-0.00169643158,-0.00656469934,0.0407791617,0.0407791617,1.29385113,787,17.873446,0.22329854
103311.076755,-0.00149080495,0.00270797166,0.0385323743,0.0385323743,1.29375467,787,16.5718087,0.222714095
103311.086784,-0.00303556553,0.0139067986,0.0413677265,0.0413677265,1.29355027,787,15.976186,0.221996632
103311.096813,-0.0146203582,0.0114082593,0.0380882528,0.0380882528,1.29337972,787,20.526908,0.221352187
103311.106842,-0.00710715058,0.00500450035,0.0398616488,0.0398616488,1.29327522,787,18.3631556,0.221389063
103311.116871,0.00234503832,0.0127523559,0.0413850024,0.0413850024,1.2930898,787,16.6316434,0.221179658
103311.126900,-0.00291742727,0.00615910271,0.0381153436,0.0381153436,1.2929771,787,22.7520198,0.221075795
103311.136930,-0.0136688324,0.000919176039,0.0389665602,0.0389665602,1.29293155,787,20.0173088,0.220966762
103311.146959,-0.000221954034,0.0123792145,0.0374390689,0.0374390689,1.29275974,787,19.9791242,0.221514932
103311.156988,0.00653463002,0.0201947896,0.0394086736,0.0394086736,1.29250552,787,20.6041507,0.220665708
103311.167017,0.0235982548,0.0196490442,0.0402066357,0.0402066357,1.29224925,787,19.7217533,0.220653194
103311.177046,0.0214224383,0.0281029541,0.039024367,0.039024367,1.29193978,787,17.8387131,0.219080403
103311.187075,0.0193031879,0.0471653772,0.0422071634,0.0422071634,1.29148471,787,15.0959398,0.218568433
103311.197104,0.0263474611,0.0463902029,0.0410699606,0.0410699606,1.29117983,787,18.5490383,0.218005847
103311.207134,0.0337557995,0.063485993,0.0423338081,0.0423338081,1.29120213,787,16.1554535,0.217448043
103311.217163,0.033397664,0.0572184826,0.043328642,0.043328642,1.2916265,787,17.7115984,0.217638393
103311.227192,0.0393348093,0.0598283796,0.0417415435,0.0417415435,1.29223028,787,14.8394498,0.217686768
103311.237221,0.0253593364,0.0646084709,0.0428748084,0.0428748084,1.29279101,787,15.8326504,0.217954003
103311.247250,0.0256909467,0.0521190203,0.0415085445,0.0415085445,1.29328567,787,13.0885607,0.217763794
103311.257279,0.0166856603,0.0611542493,0.0418582425,0.0418582425,1.29379328,787,18.8469487,0.217396362
103311.267308,0.0105833738,0.0516549669,0.0412636632,0.0412636632,1.29419669,787,20.1142687,0.217374517
103311.277338,0.00815970738,0.0538877356,0.0399322547,0.0399322547,1.29460905,787,16.2383466,0.217376661
103311.287367,0.0334533859,0.0584768999,0.0432791263,0.0432791263,1.29518645,787,13.8012611,0.216961125
103311.297396,0.0416528105,0.0559846851,0.0413465544,0.0413465544,1.29577351,787,11.1302029,0.216860183
103311.307425,0.0401394476,0.0589418824,0.0436978532,0.0436978532,1.29636636,787,16.1380598,0.216705787
103311.317454,0.0424702997,0.0423493602,0.043070116,0.043070116,1.29682285,787,14.1370508,0.216652633
103311.327483,0.0593640576,0.0531262207,0.044048351,0.044048351,1.29745408,787,19.0052831,0.216169571
103311.337513,0.0689971819,0.0441375749,0.0457554042,0.0457554042,1.29806321,787,16.8301927,0.216244582
103311.347542,0.0798926779,0.0395366695,0.0450580938,0.0450580938,1.29870355,787,11.7144325,0.216294384
103311.357571,0.0885484422,0.0355761457,0.047244966,0.047244966,1.29937504,787,13.2717088,0.21532244
103311.367600,0.0963656668,0.0218402609,0.0457574829,0.0457574829,1.30001154,787,12.4473829,0.215846787
103311.377629,0.098483666,0.00973532888,0.0473753144,0.0473753144,1.30059978,787,16.0178576,0.21533184
103311.387658,0.0904170209,0.00352702795,0.0470151958,0.0470151958,1.30110724,787,14.8170639,0.214995326
103311.397687,0.0740332709,0.0173612717,0.0444697948,0.0444697948,1.30157853,787,13.1633257,0.215238155
103311.407717,0.0727990802,0.0244875754,0.0452022236,0.0452022236,1.30207853,787,15.0736278,0.215238155
103311.417746,0.0505629934,0.0331086219,0.0422699879,0.0422699879,1.30244078,787,16.2107174,0.215118442
103311.427775,0.0378958679,0.024053359,0.0420421859,0.0420421859,1.30264284,787,19.0239691,0.215118442
103311.437804,0.0401580894,0.0344906051,0.0416842431,0.0416842431,1.30291808,787,21.1328801,0.215118442
103311.447833,0.0191675747,0.0337804002,0.0393190247,0.0393190247,1.30301636,787,17.6441042,0.214830309
103311.457862,0.00390039116,0.0370520912,0.0405768936,0.0405768936,1.30301395,787,18.2607894,0.214859824
103311.467891,-0.00155111666,0.0330461088,0.0395873897,0.0395873897,1.30295079,787,17.2673284,0.214794239
103311.477921,-0.0138020186,0.0289785339,0.0414067107,0.0414067107,1.30277619,787,17.9907845,0.214796416
103311.487950,-0.010395688,0.0265782831,0.0408294138,0.0408294138,1.30262232,787,20.8393836,0.214721497
103311.497979,-0.0167646203,0.0148768301,0.0393551331,0.0393551331,1.30235356,787,17.0778372,0.21521974
103311.508008,-0.0125103744,0.0216613003,0.0414087705,0.0414087705,1.30217025,787,18.4915548,0.215032048
103311.518037,-0.0215714198,0.00863091538,0.0403390923,0.0403390923,1.30184218,787,15.5489745,0.214506075
103311.528066,-0.0370698906,-0.00957215067,0.0410530266,0.0410530266,1.30128999,787,17.5445284,0.214191623
103311.538095,-0.0394259124,-0.0113141833,0.042232698,0.042232698,1.30072368,787,16.5008392,0.214878868
103311.548125,-0.0468825056,-0.00848470061,0.0403653245,0.0403653245,1.30014368,787,19.5112067,0.215025875
103311.558154,-0.0443393282,-0.00283705172,0.042038717,0.042038717,1.29964209,787,16.1165638,0.215345424
103311.568183,-0.0597375897,-0.0017461732,0.0415904608,0.0415904608,1.29907679,787,13.8660129,0.215652319
103311.578212,-0.0576818309,-0.000496210249,0.0424271775,0.0424271775,1.29856815,787,18.4216528,0.215127638
103311.588241,-0.0456166964,-0.00252798114,0.0428919391,0.0428919391,1.29814053,787,18.045403,0.215106001
103311.598270,-0.0656499296,-0.00475139146,0.0428530874,0.0428530874,1.29762651,787,12.7662576,0.214868896
103311.608300,-0.066018598,-5.52157153e-05,0.0449368492,0.0449368492,1.29720555,787,13.1642351,0.215691083
103311.618329,-0.0733580123,0.00120961018,0.0421051212,0.0421051212,1.29683575,787,19.0655416,0.215518853
103311.628358,-0.0830000064,0.00291439105,0.0444654985,0.0444654985,1.29654731,787,16.6115128,0.216226876
103311.638387,-0.086711119,0.00779994423,0.0436059895,0.0436059895,1.29641687,787,14.5770543,0.216999665
103311.648416,-0.0876903382,0.00312458763,0.0462119589,0.0462119589,1.29636428,787,15.4329302,0.217152654
103311.658445,-0.0965209128,0.0121563356,0.0465112447,0.0465112447,1.29654132,787,15.7145711,0.217546033
103311.668474,-0.0866107766,0.00404454062,0.043148744,0.043148744,1.29673015,787,17.3470788,0.216958982
103311.678504,-0.0848247975,0.00478814245,0.0441302157,0.0441302157,1.29700677,787,15.6645984,0.217082184
103311.688533,-0.0643569691,0.00400039192,0.0410964372,0.0410964372,1.2972348,787,14.8325866,0.217774049
103311.698562,-0.0705352615,0.0188364325,0.0518873498,0.0518873498,1.29764888,785,6.84176873,0.217774049
103311.708591,-0.0162459885,0.0421038953,0.041459527,0.041459527,1.2979321,787,16.2687994,0.217851063
103311.718620,0.0116348096,0.0440683602,0.0390641834,0.0390641834,1.29807275,787,15.9344899,0.218216352
103311.728649,0.0233377625,0.0352812358,0.0410275397,0.0410275397,1.29809197,787,16.6455033,0.218535935
103311.738678,0.0468119196,0.0192903428,0.0397691866,0.0397691866,1.29788307,787,18.1509235,0.21844888
103311.748708,0.0475084407,0.00711640854,0.0416987939,0.0416987939,1.29759835,787,16.6167854,0.21880599
103311.758737,0.0434977215,0.00209413149,0.0430936435,0.0430936435,1.29731508,787,15.4620598,0.218293312
103311.768766,0.0494435691,-0.00868023233,0.0409998189,0.0409998189,1.2969432,787,13.9672295,0.217671527
103311.778795,0.0454632882,-0.0133682914,0.0428311837,0.0428311837,1.29657196,787,14.3783875,0.217621125
103311.788824,0.0226067062,-0.00819569356,0.0430684437,0.0430684437,1.2963237,787,13.0843531,0.217621125
103311.798853,0.0407447354,-0.00288943287,0.0431637787,0.0431637787,1.29611378,787,13.9427251,0.217448012
103311.808882,0.0336406505,-0.0102062831,0.0424709028,0.0424709028,1.29586744,787,16.764278,0.217641686
103311.818912,0.0420571097,-0.00861940908,0.0396449108,0.0396449108,1.29566041,787,16.6115252,0.217557079
103311.828941,0.0270233966,-0.00137721189,0.0432782519,0.0432782519,1.29555007,787,10.9294986,0.217557079
103311.838970,0.0345296411,-0.00110322697,0.0396449594,0.0396449594,1.29546675,787,14.2547967,0.217242101
103311.848999,0.0376061176,-0.015984551,0.0411700399,0.0411700399,1.29526975,787,16.6343003,0.21671651
103311.859028,0.0125052989,-0.0123032939,0.040775053,0.040775053,1.29508023,787,18.4660932,0.216601009
103311.869057,0.00895529106,-0.0144809656,0.0392056193,0.0392056193,1.29486936,787,13.2705687,0.216682952
103311.879087,0.00372354953,-0.0158171532,0.0408727285,0.0408727285,1.29463902,787,16.1590008,0.21658314
103311.889116,-0.00748607564,-0.00881406349,0.0393590801,0.0393590801,1.29445055,787,18.6791686,0.216576057
103311.899145,-0.016842651,-0.00627390078,0.0387353269,0.0387353269,1.29426882,787,22.6636124,0.216607034
103311.909174,-0.0197142694,-0.0193457666,0.0399218758,0.0399218758,1.29396467,787,18.4766949,0.216911062
103311.919203,-0.0280146269,-0.0114860784,0.0394170602,0.0394170602,1.29373937,787,17.0013906,0.216911062
103311.929232,-0.0348505216,0.00603697533,0.0412232771,0.0412232771,1.29370914,787,16.5178735,0.216911062
103311.939261,-0.0312657329,0.00831346372,0.0405820426,0.0405820426,1.29373372,787,16.6842052,0.216822454
103311.949291,-0.0372793592,0.0147067732,0.0419090293,0.0419090293,1.29385623,787,16.6842904,0.217016226
103311.959320,-0.0189981652,0.0275104893,0.0386838732,0.0386838732,1.29408782,787,17.8909912,0.217028516
103311.969349,-0.00888161201,0.0334422005,0.0409570039,0.0409570039,1.29435314,787,17.1189117,0.215947888
103311.979378,0.00709965619,0.0409627709,0.0415766922,0.0415766922,1.29465445,787,15.5845864,0.216140392
103311.989407,0.0142888343,0.0338372501,0.0384710588,0.0384710588,1.29487499,787,21.2334294,0.216313944
103311.999436,0.0223435283,0.030525443,0.038806138,0.038806138,1.2950591,787,20.774782,0.216241818
103312.009465,0.0313590204,-0.00477190594,0.0371539923,0.0371539923,1.29490301,787,23.6371531,0.216089369
103312.019495,0.0433062264,-0.00904915005,0.0402749141,0.0402749141,1.29473631,787,16.3011883,0.216548642
103312.029524,0.0572855386,-0.0334651446,0.0404783176,0.0404783176,1.29440713,787,21.0024028,0.216831603
103312.039553,0.0568900184,-0.0464164158,0.0391346885,0.0391346885,1.29405986,787,22.3438423,0.216115438
103312.049582,0.0490529513,-0.0592453861,0.0408436729,0.0408436729,1.29369961,787,20.7063715,0.216121133
103312.059611,0.0622350157,-0.0386539969,0.0379506453,0.0379506453,1.29373497,787,24.4840677,0.215985675
103312.069640,0.0505055533,-0.0302315888,0.0383553957,0.0383553957,1.29386221,787,25.9022185,0.216342452
103312.079669,0.0407414611,-0.0309528381,0.0366852136,0.0366852136,1.29397718,787,28.8459757,0.216819865
103312.089698,0.0178293177,-0.00966491266,0.0352963998,0.0352963998,1.29402011,787,30.5021919,0.21726355
103312.099727,0.00240452994,-0.00550702887,0.0364495532,0.0364495532,1.29394598,787,32.8085422,0.217062269
103312.109756,-0.000229510905,0.0177142754,0.0352209341,0.0352209341,1.29394659,787,36.0822451,0.216385822
103312.119785,-0.00928389322,0.0095457549,0.0369270441,0.0369270441,1.29383732,787,32.9861903,0.21664084
103312.129814,-0.0215091871,0.0125326711,0.0374711334,0.0374711334,1.29364742,787,31.6959503,0.21664084
103312.139843,-0.0140977165,-0.00791633469,0.0351956716,0.0351956716,1.29342279,787,31.8951973,0.216890918
103312.149873,-0.00539966694,-0.00105664599,0.0361213136,0.0361213136,1.29331096,787,29.5871508,0.216890918
103312.159902,0.0105092747,-0.0175500356,0.0354168446,0.0354168446,1.29325243,787,27.7945832,0.216589498
103312.169931,0.0120653083,-0.0286982813,0.036588353,0.036588353,1.2931787,787,30.245485,0.216589498
103312.179960,-0.00315270085,-0.0182525278,0.0361699368,0.0361699368,1.29302855,787,31.8538268,0.216808517
103312.189989,-0.00933725828,-0.0289361919,0.034845571,0.034845571,1.29280477,787,36.937853,0.217625485
103312.200018,-0.0137342775,-0.0247394898,0.0373694748,0.0373694748,1.29257459,787,28.2411039,0.217622066
103312.210047,-0.0322101354,-0.0192271462,0.037067221,0.037067221,1.29219269,787,25.5965026,0.217537182
103312.220077,-0.0405409183,-0.0291071377,0.0399187574,0.0399187574,1.29175648,787,24.8118481,0.217777987
103312.230106,-0.0476302473,-0.0200052509,0.0412867807,0.0412867807,1.29130787,787,25.9573332,0.217913263
103312.240135,-0.0531320681,-0.0351292266,0.0412351773,0.0412351773,1.29108192,787,24.1128416,0.218289023
103312.250164,-0.0698235741,-0.0477691026,0.0444059882,0.0444059882,1.29145415,787,24.9854133,0.218404362
103312.260193,-0.0815304164,-0.0587525434,0.0450620148,0.0450620148,1.29229068,787,24.3950037,0.218707514
103312.270222,-0.0875828131,-0.0669119461,0.0486668574,0.0486668574,1.293293,787,20.3790054,0.218403876
103312.280251,-0.0873490567,-0.0577596277,0.0580685258,0.0580685258,1.29423114,785,16.4799103,0.218169536
103312.290281,-0.0874250348,-0.0466195268,0.0661494583,0.0661494583,1.29509044,785,17.6114331,0.217854112
103312.300310,-0.0930880259,-0.0721569981,0.056956443,0.056956443,1.29615124,787,19.8295622,0.219098254
103312.310339,-0.0789658289,-0.0840669653,0.0490306464,0.0490306464,1.29716598,787,21.8798034,0.219224864
103312.320368,-0.0772167925,-0.0828137478,0.0483872719,0.0483872719,1.29814097,787,21.5020732,0.218288219
103312.330397,-0.0520138975,-0.0807949507,0.0444235414,0.0444235414,1.29890558,787,20.2436697,0.218347883
103312.340426,-0.054805758,-0.0680223308,0.0451286003,0.0451286003,1.29958998,787,21.7567056,0.218492773
103312.350455,-0.0675482918,-0.0699266568,0.0451060879,0.0451060879,1.30036305,787,24.7645394,0.217847548
103312.360485,-0.0620484065,-0.0693803454,0.0434504897,0.0434504897,1.3010792,787,22.7245889,0.21839979
103312.370514,-0.0602074912,-0.0715211514,0.0464574001,0.0464574001,1.30178382,787,20.2153157,0.21805292
103312.380543,-0.0682873571,-0.077184096,0.0463107261,0.0463107261,1.30257018,787,15.7350715,0.218224674
103312.390572,-0.0734687052,-0.0780687566,0.048382423,0.048382423,1.30338278,787,22.0189218,0.218224674
103312.400601,-0.0719696801,-0.0898382659,0.0501062018,0.0501062018,1.30425295,787,14.8630704,0.219245453
103312.410630,-0.0560784775,-0.100116449,0.0471772981,0.0471772981,1.30507479,787,22.9107933,0.219721411
103312.420659,-0.0520691632,-0.109190082,0.0490521566,0.0490521566,1.305926,787,20.9604814,0.219784675
103312.430689,-0.0397602832,-0.105571739,0.0466991761,0.0466991761,1.3066623,787,17.4523268,0.219598596
103312.440718,-0.0325386775,-0.118822917,0.0483463481,0.0483463481,1.30745041,787,21.3118201,0.219973998
103312.450747,-0.0256176214,-0.11540991,0.0491387661,0.0491387661,1.30816854,787,17.8460272,0.219481864
103312.460776,-0.0347216735,-0.114918239,0.0470156812,0.0470156812,1.30893276,787,19.8061459,0.21879662
103312.470805,-0.0361128305,-0.111645691,0.049120277,0.049120277,1.30967061,787,19.6932536,0.217230423
103312.480834,-0.0433471745,-0.118312428,0.0477114582,0.0477114582,1.3104933,787,16.450493,0.21656608
103312.490863,-0.0556544201,-0.109417388,0.0499556941,0.0499556941,1.31129595,787,18.2418136,0.216193226
103312.500893,-0.0624821618,-0.0988246267,0.0514704559,0.0514704559,1.31203257,787,16.1769062,0.215394974
103312.510922,-0.0811171392,-0.0921487116,0.0520854835,0.0520854835,1.31280001,787,22.1951755,0.215549849
103312.520951,-0.0814441708,-0.0823750906,0.0609628276,0.0609628276,1.31347565,785,18.6759292,0.215317221
103312.530980,-0.0830078395,-0.0727254357,0.0687040956,0.0687040956,1.31407055,785,25.096769,0.210893056
103312.541009,-0.0853806538,-0.0633366468,0.0756588839,0.0756588839,1.31459495,785,15.5083079,0.210893056
103312.551038,-0.0876958687,-0.0548295408,0.082027555,0.082027555,1.3150594,785,20.5233789,0.209606589
103312.561067,-0.0891347808,-0.0481223031,0.0879375993,0.0879375993,1.31572905,785,21.508795,0.208602269
103312.571097,-0.0894497708,-0.043240461,0.0934766151,0.0934766151,1.31661791,785,22.6680954,0.208083552
103312.581126,-0.0878345557,-0.0400724114,0.0987060552,0.0987060552,1.31747951,785,26.3430398,0.207676257
103312.591155,-0.0843023209,-0.0384923033,0.103673197,0.103673197,1.3183135,785,21.6209693,0.207610755
103312.601184,-0.0793347707,-0.0390426875,0.10841399,0.10841399,1.31912526,785,27.3682914,0.207846071
103312.611213,-0.0735721103,-0.0411089909,0.112956862,0.112956862,1.31991888,785,23.6931307,0.207482234
103312.621242,-0.0674003153,-0.043498659,0.117324767,0.117324767,1.32069202,785,18.2366682,0.207482234
103312.631271,-0.0613510715,-0.0457455181,0.12153657,0.12153657,1.32144287,785,26.5522332,0.20707166
103312.641301,-0.0555716065,-0.0476628198,0.125608359,0.125608359,1.32216987,785,25.2842209,0.20707166
103312.651330,-0.0501325724,-0.0487446081,0.129552596,0.129552596,1.32286848,785,27.1182579,0.207238114
103312.661359,-0.0453601766,-0.0486072452,0.133381069,0.133381069,1.3235341,785,24.6550861,0.206714878
103312.671388,-0.0410925617,-0.0474154577,0.137103529,0.137103529,1.32416238,785,22.8790202,0.206714878
103312.681417,-0.0375927192,-0.0464467831,0.140728391,0.140728391,1.32476013,785,24.0710959,0.206714878
103312.691446,-0.0345297962,-0.0460963601,0.144262981,0.144262981,1.32533487,785,25.8712508,0.206714878
103312.701475,-0.0528435011,-0.120943554,0.0879917632,0.0879917632,1.32658476,785,23.9984164,0.206714878
103312.711505,-0.0724177038,-0.145154086,0.0633546561,0.0633546561,1.32814966,787,23.363499,0.206714878
103312.721534,-0.0764736482,-0.148676947,0.0560218628,0.0560218628,1.32977257,787,24.1271166,0.206538169
103312.731563,-0.0904479773,-0.139617318,0.0499623667,0.0499623667,1.33141878,787,26.4763508,0.206206955
103312.741592,-0.0961700781,-0.133914164,0.050626198,0.050626198,1.33305858,787,24.7920634,0.205951439
103312.751621,-0.114256231,-0.115396299,0.0485419963,0.0485419963,1.33467099,787,24.2442406,0.206107562
103312.761650,-0.129520292,-0.100266835,0.0505437047,0.0505437047,1.33626678,787,23.5502535,0.205776136
103312.771679,-0.134880748,-0.0853714653,0.0514654002,0.0514654002,1.33778912,787,24.4040661,0.204983567
103312.781709,-0.133787618,-0.0792260152,0.0492834796,0.0492834796,1.3392649,787,29.5004519,0.204430362
103312.791738,-0.129585676,-0.0819149037,0.0508353227,0.0508353227,1.34073827,787,27.3079725,0.204130516
103312.801767,-0.119223583,-0.08471952,0.0482136159,0.0482136159,1.34216645,787,29.2309778,0.204323815
103312.811796,-0.104087216,-0.0851122779,0.0491230344,0.0491230344,1.34349696,787,33.7984969,0.203862935
103312.821825,-0.0967619516,-0.0789744879,0.0491469349,0.0491469349,1.34473414,787,28.2784881,0.203862935
103312.831854,-0.0928123007,-0.0774740608,0.0461462153,0.0461462153,1.34593422,787,35.7773926,0.203595338
103312.841883,-0.0887423831,-0.0768581607,0.047254129,0.047254129,1.34710249,787,33.4547917,0.203167178
103312.851913,-0.0883655466,-0.0742456333,0.0439150964,0.0439150964,1.34824996,787,37.5015828,0.203191726
103312.861942,-0.0831227602,-0.0754073741,0.0448323781,0.0448323781,1.34936983,787,37.3405806,0.202800082
103312.871971,-0.0782968294,-0.0896950551,0.0455722857,0.0455722857,1.35055852,787,33.8547575,0.202848697
103312.882000,-0.0635589374,-0.106176326,0.0443793986,0.0443793986,1.35176447,787,31.5300454,0.202963948
103312.892029,-0.0618411265,-0.112969437,0.0472729866,0.0472729866,1.35300981,787,28.4760142,0.202818789
103312.902058,-0.0550293852,-0.129570215,0.0465935008,0.0465935008,1.35433333,787,27.9424641,0.203078862
103312.912087,-0.062406144,-0.138365124,0.0490531963,0.0490531963,1.35577608,787,25.8806073,0.203215129
103312.922116,-0.0645782694,-0.130318824,0.0497563126,0.0497563126,1.35717805,787,32.2191772,0.202663808
103312.932146,-0.0665531838,-0.12018901,0.0466540062,0.0466540062,1.3585203,787,37.5917446,0.203004752
103312.942175,-0.0725721794,-0.107268691,0.0471721455,0.0471721455,1.35980598,787,35.7788929,0.203311268
103312.952204,-0.0701222475,-0.0861733857,0.0434666382,0.0434666382,1.36091742,787,39.7101738,0.203368827
103312.962233,-0.0646401286,-0.069197297,0.043497147,0.043497147,1.36186564,787,36.6938931,0.203334891
103312.972262,-0.0486528101,-0.0634588495,0.0399701489,0.0399701489,1.3626671,787,44.247991,0.203398983
103312.982291,-0.0412818003,-0.0559808101,0.0401938984,0.0401938984,1.36336457,787,44.4448064,0.203174623
103312.992321,-0.036722961,-0.0437959326,0.0393321983,0.0393321983,1.36394077,787,43.825815,0.202968832
103313.002350,-0.0216864389,-0.048801194,0.0372510511,0.0372510511,1.36445765,787,49.4211565,0.203593477
103313.012379,-0.0215849643,-0.047392114,0.0386040387,0.0386040387,1.36496364,787,43.6843326,0.203914971
103313.022408,-0.0173330421,-0.0503731938,0.0370165949,0.0370165949,1.36546556,787,37.9652028,0.203901114
103313.032437,-0.0124067118,-0.0603835723,0.0388026517,0.0388026517,1.36601358,787,35.8954023,0.204236808
103313.042466,0.010371572,-0.0534053044,0.0395799024,0.0395799024,1.36636706,787,34.8845792,0.204224787
103313.052495,0.0221723327,-0.0579925139,0.0386679463,0.0386679463,1.36668757,787,36.456299,0.204268582
103313.062524,0.0379728784,-0.0658137603,0.0412692343,0.0412692343,1.36698117,787,32.1742176,0.204384621
103313.072554,0.0516254706,-0.0758407897,0.0407816783,0.0407816783,1.36728697,787,30.2158313,0.203713616
103313.082583,0.0582609061,-0.0817435492,0.0440182447,0.0440182447,1.36762158,787,26.6452828,0.203947021
103313.092613,0.0766273424,-0.0803314863,0.0460769597,0.0460769597,1.36786664,787,28.8929384,0.203541661
103313.102642,0.103946301,-0.0700727997,0.0457628656,0.0457628656,1.3679127,787,26.9332033,0.203335716
103313.112671,0.118696502,-0.0713039883,0.0487877379,0.0487877379,1.36793791,787,24.0498697,0.20337747
103313.122700,0.132891823,-0.0720887681,0.0481954023,0.0481954023,1.36795621,787,25.5724153,0.203469992
103313.132729,0.142799528,-0.0794116769,0.0507178538,0.0507178538,1.36806095,787,21.6533094,0.203726626
103313.142759,0.161736665,-0.0850465215,0.0552009182,0.0552009182,1.36822048,787,24.2339012,0.203688798
103313.152788,0.17802766,-0.0999438446,0.0636476439,0.0636476439,1.3685604,785,25.7213199,0.20377275
103313.162817,0.195137781,-0.113516939,0.0711003009,0.0711003009,1.36909912,785,28.8573251,0.203973519
103313.172846,0.21212168,-0.126094706,0.077845147,0.077845147,1.36986093,785,21.0272674,0.204010328
103313.182875,0.228137212,-0.138858782,0.0840529013,0.0840529013,1.37088001,785,21.8732412,0.20395705
103313.192904,0.242654082,-0.151210765,0.0898349881,0.0898349881,1.37217846,785,23.6593336,0.20395705
103313.202933,0.255441049,-0.163552296,0.0952689102,0.0952689102,1.37377269,785,23.84754,0.203873788
103313.212963,0.266848369,-0.177387658,0.100411662,0.100411662,1.37568378,785,21.3805165,0.203889321
103313.222992,0.277494893,-0.192708852,0.105305147,0.105305147,1.37792353,785,23.7557052,0.203889321
103313.233021,0.288562344,-0.209351945,0.10998333,0.10998333,1.38049814,785,20.771831,0.204043348
103313.243050,0.300074182,-0.227116369,0.114473057,0.114473057,1.38340873,785,29.2771667,0.204043348
103313.253079,0.312598529,-0.245312023,0.118796226,0.118796226,1.38664988,785,23.8650937,0.203740511
103313.263108,0.206164492,-0.0340806409,0.0682385997,0.0682385997,1.38765999,787,34.9595933,0.203740511
103313.273137,0.173761989,0.0139535394,0.053024025,0.053024025,1.38817634,787,32.352026,0.203740511
103313.283167,0.165909309,0.030542541,0.0523112628,0.0523112628,1.38857003,787,26.5648544,0.203740511
103313.293196,0.168683542,0.0409334323,0.0560386827,0.0560386827,1.38894266,787,34.6053398,0.203740511
103313.303225,0.182821431,0.0367680744,0.0643805618,0.0643805618,1.38948309,785,28.4406618,0.203740511
103313.313254,0.195421393,0.0328025967,0.0717625057,0.0717625057,1.39019304,785,30.9535176,0.203740511
103313.323283,0.205276762,0.0284412264,0.078455893,0.078455893,1.39106939,785,37.195931,0.203760143
103313.333312,0.213934304,0.0246752888,0.084624108,0.084624108,1.39210471,785,46.0393855,0.203760143
103313.343341,0.220486132,0.0202057217,0.0903748001,0.0903748001,1.39329352,785,65.6660494,0.203760143
103313.353370,0.0650325597,-0.163065461,0.062016812,0.062016812,1.39497096,787,68.9765926,0.203760143
103313.363400,0.0211531647,-0.205890883,0.0538909319,0.0538909319,1.39672883,787,66.4614054,0.203760143
103313.373429,0.00147991607,-0.216348394,0.0469800803,0.0469800803,1.39848235,787,66.5232218,0.203995459
103313.383458,-0.013392251,-0.232721615,0.0465579486,0.0465579486,1.4003216,787,67.9990111,0.20272687
103313.393487,-0.0293981675,-0.208933926,0.0430468611,0.0430468611,1.40191706,787,75.7477736,0.20228751
103313.403516,-0.0386423177,-0.184235328,0.043906828,0.043906828,1.40329225,787,72.6195363,0.201714066
103313.413544,-0.0512193272,-0.166920832,0.0435121528,0.0435121528,1.40448901,787,74.2306485,0.201714066
103313.423574,-0.0583752536,-0.144891284,0.0412405058,0.0412405058,1.40549107,787,80.2863871,0.201714066
103313.433604,-0.065499671,-0.134319591,0.043361775,0.043361775,1.40639617,787,75.0488959,0.202996803
103313.443633,-0.054296547,-0.123558003,0.0415531502,0.0415531502,1.40727928,787,62.8310781,0.202603947
103313.453662,-0.0361585487,-0.113452688,0.0424449782,0.0424449782,1.40816461,787,59.7036939,0.202504357
103313.463691,-0.015934403,-0.094656267,0.0412510346,0.0412510346,1.4089707,787,53.5463009,0.202756485
103313.473720,-0.0113615738,-0.0702401207,0.0380807894,0.0380807894,1.40957671,787,41.4863246,0.202089538
103313.483749,0.0111181571,-0.0279405732,0.0395135891,0.0395135891,1.40988475,787,35.1497131,0.201764471
103313.493777,0.0190869408,-0.00728747444,0.0380415318,0.0380415318,1.410035,787,40.5451959,0.201764471
103313.503808,0.0324406745,0.0187896003,0.0402287213,0.0402287213,1.41000094,787,33.6271435,0.202141632
103313.513837,0.0235374217,0.0353511349,0.0406689197,0.0406689197,1.40978347,787,39.461501,0.202257225
103313.523865,0.0309795495,0.0302045863,0.038527368,0.038527368,1.40964586,787,34.849121,0.202257225
103313.533895,0.0295447209,0.0404798759,0.040420584,0.040420584,1.40941337,787,31.7332835,0.202843399
103313.543924,0.028875423,0.0538712688,0.0396488745,0.0396488745,1.40906257,787,32.2105796,0.203909331
103313.553953,0.0201818305,0.0541558286,0.0422777358,0.0422777358,1.40867634,787,31.2378056,0.203909331
103313.563982,0.0109224151,0.0573486271,0.0442111535,0.0442111535,1.40822424,787,27.2066733,0.204335568
103313.574011,0.00616644801,0.0361953062,0.0436579792,0.0436579792,1.40793991,787,25.4084832,0.205126459
103313.584041,0.00923836905,0.0316251075,0.0466036953,0.0466036953,1.40771099,787,33.0869695,0.205126459
103313.594070,0.0172671957,0.0129716688,0.0461611177,0.0461611177,1.40768428,787,29.9765982,0.205951129
103313.604098,0.0117731781,0.0264628044,0.0489044334,0.0489044334,1.40751487,787,25.1896575,0.205951129
103313.614128,0.018413844,-0.00599215672,0.0499266214,0.0499266214,1.40766123,787,33.4314243,0.207499314
103313.624157,0.0266018319,-0.0105753739,0.0474746049,0.0474746049,1.40788705,787,36.91887,0.208726125
103313.634186,0.0308430766,-0.00669712396,0.048576103,0.048576103,1.40810065,787,39.1107776,0.20941359
103313.644215,0.026709716,-0.00241065031,0.045266525,0.045266525,1.40825851,787,43.2614505,0.210666112
103313.654245,0.0188453732,0.00515154465,0.0455553633,0.0455553633,1.40831364,787,46.7080229,0.210666112
103313.664274,0.0296841346,0.0109665608,0.0424311591,0.0424311591,1.40837438,787,38.2223757,0.210666112
103313.674303,0.0415412254,0.00213028267,0.0438173181,0.0438173181,1.40857396,787,42.7405536,0.210735831
103313.684332,0.0555310847,-0.00522311148,0.0445546907,0.0445546907,1.40891306,787,39.9696504,0.210908607
103313.694361,0.0273454122,0.0180678968,0.0426937608,0.0426937608,1.4089125,787,47.0710107,0.210987953
103313.704390,0.0262698805,0.0257544741,0.0445106229,0.0445106229,1.40884558,787,45.7424643,0.211184706
103313.714419,0.0173785361,0.039942297,0.0426337917,0.0426337917,1.40861662,787,50.8586611,0.211184706
103313.724449,0.0131486445,0.0528953357,0.0440707954,0.0440707954,1.40826239,787,55.9006094,0.211273252
103313.734478,0.0224323771,0.0550503665,0.0436765303,0.0436765303,1.40795029,787,58.9432822,0.211030485
103313.744507,0.033000775,0.0564069164,0.0404784914,0.0404784914,1.40769952,787,65.6449022,0.211030485
103313.754536,0.0401355864,0.0466535986,0.0405647852,0.0405647852,1.40758203,787,67.4493021,0.210822061
103313.764565,0.0464711806,0.0319623177,0.037175826,0.037175826,1.40763077,787,65.2441823,0.210822061
103313.774594,0.0423523526,0.0168889748,0.0381314528,0.0381314528,1.40777839,787,54.0143379,0.210822061
103313.784623,0.0411255116,0.019343851,0.0392860468,0.0392860468,1.40765915,787,50.1749819,0.210556758
103313.794652,0.0281772782,0.0225093694,0.038932899,0.038932899,1.40719423,787,52.0627112,0.210108843
103313.804682,0.0139020654,0.0314679401,0.0409419109,0.0409419109,1.40658331,787,54.0487485,0.2094826
103313.814711,0.0127733299,0.0326521236,0.038528331,0.038528331,1.40597252,787,69.0992095,0.209007046
103313.824740,0.00535246351,0.0327846226,0.0381673305,0.0381673305,1.40532581,787,70.7056795,0.209038403
103313.834769,0.00830646869,0.0273746427,0.0358792308,0.0358792308,1.40475302,787,86.8299573,0.209038403
103313.844798,0.0129138981,0.0236900691,0.0335512839,0.0335512839,1.40425211,787,90.6333607,0.209146674
103313.854826,0.0190297808,0.0224277743,0.0336876118,0.0336876118,1.40381646,787,96.43283,0.209146674
103313.864856,0.031874427,0.0200418545,0.0331973499,0.0331973499,1.40350248,787,84.4516332,0.209066798
103313.874886,0.0358148287,0.0175095701,0.0342991517,0.0342991517,1.40324646,787,79.5674232,0.208905332
103313.884915,0.0404646014,0.0134165713,0.0348829677,0.0348829677,1.40306291,787,71.3280562,0.208817835
103313.894944,0.0287115494,0.0189953387,0.0339109822,0.0339109822,1.40276517,787,85.4447143,0.208304799
103313.904973,0.0243737436,0.018543618,0.0345535211,0.0345535211,1.40244793,787,78.0993996,0.207856618
103313.915002,0.0334222429,0.0162881266,0.0334429083,0.0334429083,1.40222542,787,84.5279349,0.207856618
103313.925031,0.0314864934,0.016533428,0.0338511463,0.0338511463,1.40199615,787,81.62074,0.207856618
103313.935059,0.0405440359,-0.00112443072,0.0339979078,0.0339979078,1.40195018,787,74.9344522,0.207856618
103313.945089,0.0377572358,0.00348625588,0.0335772787,0.0335772787,1.4018593,787,78.2998208,0.207518108
103313.955119,0.0283142623,0.00549888276,0.0346113023,0.0346113023,1.40168549,787,80.0876034,0.207274339
103313.965147,0.0350909018,0.00532201087,0.0337713613,0.0337713613,1.4015737,787,72.8267357,0.207274339
103313.975177,0.0308755224,0.00188633972,0.0343505416,0.0343505416,1.40145075,787,73.770718,0.207274339
103313.985206,0.0283801115,0.00123515286,0.0333105454,0.0333105454,1.40131478,787,76.3935632,0.207274339
103313.995235,0.0248046894,-0.00391367222,0.0338606268,0.0338606268,1.40118014,787,82.073654,0.207274339
103314.005264,0.0246525537,-0.00570393518,0.0337759379,0.0337759379,1.40105673,787,77.8921386,0.207125305
103314.015293,0.0218010771,-0.0102338313,0.0330778863,0.0330778863,1.40093581,787,82.3964772,0.206223615
103314.025323,0.0209377585,-0.00921981671,0.0335366984,0.0335366984,1.40080482,787,85.5529186,0.205893079
103314.035352,0.0219867945,-0.00539399907,0.0328060852,0.0328060852,1.40066551,787,91.573783,0.205893079
103314.045380,0.012860894,-0.00451364101,0.0332061872,0.0332061872,1.40044817,787,86.2302066,0.205358506
103314.055410,0.0121363165,-0.00953989379,0.0338326167,0.0338326167,1.40025485,787,74.7992503,0.205358506
103314.065439,0.00622164767,-0.0177655903,0.0346446148,0.0346446148,1.40005858,787,75.6331163,0.204691542
103314.075468,0.0119420112,-0.0036570249,0.0382239803,0.0382239803,1.39984085,787,57.7484007,0.204691542
103314.085497,-0.0106440278,-0.0156693883,0.0388957163,0.0388957163,1.39950223,787,61.4871786,0.204691542
103314.095525,-0.0143399831,-0.0179668263,0.0420278209,0.0420278209,1.3991544,787,50.4992474,0.204691542
103314.105555,-0.0222525891,-0.0150139511,0.043523875,0.043523875,1.39873582,787,64.1313006,0.204958084
103314.115584,-0.0139034975,-0.00312938859,0.0419793951,0.0419793951,1.39832998,787,63.893792,0.20607164
103314.125613,-0.0127258326,-0.0050741196,0.0436175798,0.0436175798,1.39795327,787,62.4622562,0.20607164
103314.135642,-0.00780694994,-0.00735366201,0.0412920181,0.0412920181,1.39763722,787,73.3213139,0.206611247
103314.145671,-0.00598455448,-0.0119763369,0.0421849873,0.0421849873,1.39736927,787,70.7161181,0.206658838
103314.155700,-0.0134750084,-0.020145878,0.0415564835,0.0415564835,1.39709665,787,67.9422113,0.206798515
103314.165729,-0.0158943005,-0.0204200915,0.03885766,0.03885766,1.39681631,787,71.5983261,0.206757527
103314.175759,-0.0218955114,-0.0143084925,0.0403685966,0.0403685966,1.39646251,787,63.9344735,0.206757527
103314.185788,-0.0283550139,-0.00712333636,0.0395629723,0.0395629723,1.39602611,787,62.1821216,0.207691538
103314.195817,-0.0344381053,-0.0106619895,0.0425364289,0.0425364289,1.39558037,787,54.3408451,0.207691538
103314.205846,-0.0376577723,-0.0183842289,0.0439043088,0.0439043088,1.39517923,787,53.3778819,0.208203735
103314.215875,-0.0385476238,-0.0329402541,0.0418863776,0.0418863776,1.39489364,787,60.083726,0.208794735
103314.225904,-0.0348415807,-0.0411403987,0.0425574806,0.0425574806,1.39471886,787,61.8801583,0.20918669
103314.235933,-0.0283889244,-0.0409934242,0.038593589,0.038593589,1.3946104,787,67.9194812,0.209450772
103314.245962,-0.0253876194,-0.0314480554,0.0383077951,0.0383077951,1.39446682,787,61.0716667,0.209645711
103314.255992,-0.0206234878,-0.026742006,0.037788208,0.037788208,1.39432912,787,66.3264182,0.209645711
103314.266021,-0.0153803986,-0.0219915487,0.0367287153,0.0367287153,1.39419398,787,57.548155,0.209645711
103314.276050,-0.0112845906,-0.0258738132,0.0385360192,0.0385360192,1.39412107,787,61.6943976,0.209645711
103314.286079,-0.0107075009,-0.0300217741,0.0372213471,0.0372213471,1.394092,787,59.2528056,0.210254573
103314.296108,-0.0112425089,-0.0279388559,0.0384939725,0.0384939725,1.39404875,787,58.7450656,0.210254573
103314.306137,-0.0161518802,-0.0254915164,0.0368911194,0.0368911194,1.3939666,787,55.7621172,0.210498012
103314.316166,-0.0149354889,-0.0251823439,0.0385601765,0.0385601765,1.39389536,787,61.7839966,0.210751843
103314.326195,-0.0164203061,-0.0329544798,0.0395837473,0.0395837473,1.39389266,787,52.1651342,0.210751843
103314.336225,-0.00919478198,-0.0389673185,0.0385046222,0.0385046222,1.39398165,787,54.5847544,0.211018368
103314.346254,3.24958993e-05,-0.0423704809,0.0402985672,0.0402985672,1.39414238,787,56.7377365,0.211396644
103314.356283,0.00605817282,-0.0486803057,0.0383028603,0.0383028603,1.3943833,787,56.4747898,0.211396644
103314.366312,0.0172459511,-0.0363729732,0.0394008716,0.0394008716,1.39455414,787,56.3844959,0.211396644
103314.376341,0.0177248581,-0.0260114906,0.039435699,0.039435699,1.39463052,787,57.7427757,0.211396644
103314.386370,0.0253805078,-0.0113744167,0.0378027023,0.0378027023,1.39460645,787,57.6578377,0.211095055
103314.396399,0.0283064744,-0.0102830649,0.0398833607,0.0398833607,1.3945886,787,58.298489,0.211339676
103314.406429,0.00530108621,-0.0397501969,0.0385993143,0.0385993143,1.39473437,787,54.7094422,0.21036994
103314.416458,0.0251490211,-0.0256869766,0.0396249168,0.0396249168,1.39483757,787,60.7728258,0.21036994
103314.426487,0.0292518771,-0.0282868991,0.0381219445,0.0381219445,1.39498073,787,56.7496285,0.209452452
103314.436516,0.0263029226,-0.0217278986,0.034916883,0.034916883,1.39505194,787,76.7011842,0.209361873
103314.446545,0.0163418018,-0.0234857591,0.0343765681,0.0343765681,1.39509294,787,79.372083,0.209361873
103314.456574,0.00532581212,-0.0214833705,0.0325369233,0.0325369233,1.39506583,787,86.7262547,0.20933319
103314.466603,-0.00343338935,-0.0269584659,0.0326117156,0.0326117156,1.39504873,787,101.666488,0.20933319
103314.476632,-0.00372229929,-0.0324533002,0.0334030172,0.0334030172,1.39508122,787,111.058132,0.209202426
103314.486662,-0.00500032926,-0.0355848609,0.0334614778,0.0334614778,1.39513818,787,112.349693,0.209012471
103314.496691,-0.001697137,-0.0330750376,0.0343460604,0.0343460604,1.39518771,787,114.849299,0.209259081
103314.506720,-0.000496853367,-0.0266865623,0.033032512,0.033032512,1.39518516,787,124.762957,0.209118374
103314.516749,0.00387463685,-0.0187655643,0.0324750384,0.0324750384,1.39512901,787,109.971111,0.209118374
103314.526778,0.00684143277,-0.017757945,0.032158916,0.032158916,1.3950765,787,101.564628,0.209118374
103314.536807,0.00916841342,-0.00505290207,0.0325772829,0.0325772829,1.39491956,787,84.0191244,0.208848851
103314.546836,0.0154681061,-0.00242312813,0.0338789252,0.0338789252,1.39476773,787,81.850657,0.208725242
103314.556865,0.0122642553,-0.00589122229,0.0336035178,0.0336035178,1.39463805,787,85.0531866,0.208590205
103314.566895,0.0256544396,0.00525535828,0.0346929707,0.0346929707,1.39446937,787,92.0556509,0.208432028
103314.576924,0.0241991256,0.00664030894,0.0355381703,0.0355381703,1.39429083,787,75.3354452,0.208432028
103314.586953,0.0184635752,-0.00173474606,0.0357219868,0.0357219868,1.39416695,787,56.909911,0.208010457
103314.596982,0.024125301,0.000835976356,0.0384739733,0.0384739733,1.39405237,787,66.8556944,0.207495235
103314.607011,0.0303586598,0.0111414277,0.0380345179,0.0380345179,1.39388776,787,71.0215274,0.207495235
103314.617040,0.030290487,0.0141525023,0.0400879734,0.0400879734,1.39371006,787,68.093216,0.207495235
103314.627069,0.0316742503,0.0148816437,0.0401101261,0.0401101261,1.39354756,787,74.2968198,0.207921881
103314.637098,0.0328582858,0.0117829569,0.0374299501,0.0374299501,1.39343071,787,76.7507466,0.207921881
103314.647128,0.0310851217,0.00450400865,0.0373749052,0.0373749052,1.39337251,787,81.6618206,0.20810295
103314.657157,0.0218890209,-0.00566896683,0.0343366422,0.0343366422,1.39334396,787,97.4681002,0.208295667
103314.667186,0.0118573845,-0.0148987639,0.03376222,0.03376222,1.39332681,787,98.9719304,0.208295667
103314.677215,0.0113152324,-0.0180853571,0.0326331339,0.0326331339,1.39333128,787,110.772907,0.208295667
103314.687244,0.00719649241,-0.0180527738,0.0329677587,0.0329677587,1.39331052,787,106.689109,0.208212713
103314.697273,0.00641288809,-0.0178065516,0.0331095719,0.0331095719,1.39328382,787,101.986975,0.208212713
103314.707302,-0.000601670971,-0.0208283081,0.032797099,0.032797099,1.39324007,787,94.8169449,0.20820965
103314.717331,-0.00391371695,-0.0245025352,0.0331958508,0.0331958508,1.39320884,787,89.9923987,0.208256244
103314.727361,-0.000404771323,-0.0199172642,0.0323523188,0.0323523188,1.39316409,787,104.419689,0.208256244
103314.737390,-0.00335182943,-0.0226834353,0.0322978934,0.0322978934,1.39312758,787,102.248854,0.20830058
103314.747419,-0.00618394246,-0.0260302353,0.0321576055,0.0321576055,1.39310626,787,102.300264,0.20823592
103314.757448,-0.00395068097,-0.0159636551,0.0320503108,0.0320503108,1.39301719,787,99.5415564,0.20823592
103314.767477,-0.00962967325,-0.0185226361,0.0324166541,0.0324166541,1.39292326,787,95.5432068,0.207708926
103314.777506,-0.00431882652,-0.0116245227,0.0324103599,0.0324103599,1.39280278,787,88.8152387,0.206982401
103314.787535,-0.00345874632,-0.00850134577,0.0335255134,0.0335255134,1.39266344,787,75.8675862,0.206982401
103314.797564,0.00618855288,-0.00378960658,0.0348279177,0.0348279177,1.39253556,787,65.7630236,0.207074805
103314.807594,0.00822639421,-0.000512308435,0.0353087473,0.0353087473,1.39239304,787,68.7590586,0.206390994
103314.817623,0.015039853,0.00354127379,0.0382231867,0.0382231867,1.39225531,787,60.9950526,0.205890002
103314.827652,0.00935525325,0.0017726334,0.0382693743,0.0382693743,1.39210686,787,60.5732432,0.205890002
103314.837681,0.00306674188,0.00691911353,0.0406065137,0.0406065137,1.391886,787,66.1617533,0.205297152
103314.847710,0.00429577863,0.0128687298,0.0409813739,0.0409813739,1.39162788,787,59.3118826,0.205297152
103314.857739,0.00725318863,0.00910005547,0.0383075494,0.0383075494,1.39142313,787,73.7071994,0.204958984
103314.867768,0.0187062656,0.0100111505,0.0386062741,0.0386062741,1.39128201,787,74.6125041,0.204958984
103314.877797,0.0254983267,0.0093060132,0.0362116627,0.0362116627,1.39119499,787,70.0969804,0.204958984
103314.887827,0.0290001948,0.00743153674,0.0370524553,0.0370524553,1.39115373,787,72.9517112,0.204958984
103314.897856,0.033698718,0.00222776696,0.0371692478,0.0371692478,1.39119094,787,73.64294,0.204958984
103314.907885,0.0441921394,0.000278069546,0.0360097979,0.0360097979,1.39132077,787,70.7447053,0.204929651
103314.917914,0.0457289273,-0.00474581798,0.0374898091,0.0374898091,1.39150541,787,72.6224642,0.204554626
103314.927943,0.0517271169,-0.0125040785,0.0361242519,0.0361242519,1.39179079,787,70.4859529,0.204554626
103314.937972,0.0560262155,-0.00997515188,0.0370921624,0.0370921624,1.39209361,787,77.8195965,0.204233011
103314.948001,0.0535654579,-0.0153362468,0.036448586,0.036448586,1.39241404,787,68.7585493,0.203955322
103314.958030,0.0502305041,-0.017426569,0.0343367274,0.0343367274,1.39272014,787,78.2174179,0.203309343
103314.968060,0.0434529393,-0.0114785244,0.0342339034,0.0342339034,1.39293486,787,84.0364752,0.203309343
103314.978089,0.0481087999,-0.0187735756,0.0328644583,0.0328644583,1.39322764,787,79.1374611,0.203309343
103314.988118,0.0423443462,-0.0179663333,0.0327360385,0.0327360385,1.39346582,787,81.3251642,0.203309343
103314.998147,0.0546932494,-0.0255229461,0.0323321284,0.0323321284,1.39384231,787,77.5972191,0.203309343
103315.008176,0.0594843195,-0.028026037,0.0326904866,0.0326904866,1.39426518,787,73.0768555,0.203309343
103315.018205,0.0703683306,-0.0266506545,0.0329120556,0.0329120556,1.39476183,787,67.2456215,0.203309343
103315.028234,0.0629045018,-0.0242686535,0.0327677489,0.0327677489,1.39517689,787,66.2501273,0.203309343
103315.038263,0.08326475,-0.0256363551,0.0341771683,0.0341771683,1.39576169,787,59.0719502,0.202613398
103315.048293,0.0967292763,-0.0309776649,0.0346982814,0.0346982814,1.39647942,787,54.745859,0.202613398
103315.058322,0.107143455,-0.0287497704,0.0378643237,0.0378643237,1.39726464,787,50.674314,0.202613398
103315.068351,0.12290539,-0.026220105,0.0401009164,0.0401009164,1.39816404,787,52.738572,0.202613398
103315.078380,0.12772117,-0.0315507451,0.0403640376,0.0403640376,1.39911999,787,45.4331864,0.202613398
103315.088409,0.132644446,-0.0294543419,0.0436116032,0.0436116032,1.40009711,787,48.8491625,0.202613398
103315.098439,0.121280283,-0.026132728,0.0431273018,0.0431273018,1.40094597,787,45.408306,0.200734117
103315.108468,0.117990873,-0.024145873,0.0452771108,0.0452771108,1.40174482,787,49.9886106,0.198747063
103315.118497,0.116846606,-0.0155108387,0.0455516013,0.0455516013,1.40248751,787,52.5271022,0.198747063
103315.128527,0.103260838,-0.0116881676,0.0424375083,0.0424375083,1.40308304,787,59.0381294,0.194873915
103315.138556,0.101410484,-0.00723472603,0.0432995842,0.0432995842,1.40363774,787,61.1221711,0.192604605
103315.148585,0.100234048,-0.00846498115,0.0410801385,0.0410801385,1.40417948,787,58.0688409,0.18877002
103315.158614,0.104726659,-0.00749608904,0.0429000256,0.0429000256,1.40475233,787,51.4945127,0.186699458
103315.168643,0.103215248,-0.00940386763,0.0434527122,0.0434527122,1.4053099,787,63.278274,0.184526987
103315.178672,0.0971999044,-0.00854684075,0.0413984544,0.0413984544,1.40580064,787,55.0329943,0.18091731
103315.188701,0.0908797527,-0.00548584342,0.0426121761,0.0426121761,1.40621561,787,57.1807551,0.179062992
103315.198730,0.0810350163,-0.0104196307,0.0399574579,0.0399574579,1.40654736,787,55.6564192,0.176761276
103315.208759,0.0694255337,-0.0114399894,0.0405472088,0.0405472088,1.40676773,787,64.8502114,0.175094075
103315.218789,0.0701751266,-0.0109022074,0.0399419788,0.0399419788,1.40698966,787,58.8041868,0.173516594
103315.228818,0.0674731411,-0.00870666452,0.0377734132,0.0377734132,1.40717591,787,60.140791,0.171662339
103315.238847,0.0611554278,-0.00124043011,0.0393972279,0.0393972279,1.40727838,787,65.4129302,0.170350341
103315.248876,0.0601832478,-0.00247301324,0.0380956106,0.0380956106,1.40737416,787,62.8855864,0.16813748
103315.258905,0.0606368241,0.00867762871,0.0399975965,0.0399975965,1.40744313,787,63.1761883,0.16681208
103315.268934,0.0658337632,0.0115297634,0.040720218,0.040720218,1.40755518,787,60.4260682,0.16557214
103315.278963,0.0780294619,0.0289838042,0.0395305621,0.0395305621,1.40774218,787,59.6189079,0.162669463
103315.288992,0.0795574773,0.0354124067,0.0420149761,0.0420149761,1.40793476,787,69.9941295,0.161290301
103315.299022,0.083821255,0.0363579736,0.0414219493,0.0414219493,1.40842638,787,74.3777458,0.158589263
103315.309051,0.0785059163,0.0373184981,0.0442514488,0.0442514488,1.4091257,787,67.4535579,0.156742067
103315.319080,0.0811766966,0.0314120117,0.0440275778,0.0440275778,1.40987085,787,71.2071225,0.155160906
103315.329109,0.0841743777,0.0291966236,0.0473475717,0.0473475717,1.4106563,787,69.3659929,0.153818439
103315.339138,0.0875032188,0.0291445551,0.0499673666,0.0499673666,1.41148114,787,62.518567,0.152395513
103315.349167,0.086328291,0.0393894863,0.0591641288,0.0591641288,1.41228882,785,63.7181404,0.15100531
103315.359196,0.0827522525,0.0463778754,0.0671142873,0.0671142873,1.41306355,785,67.2857095,0.149872645
103315.369225,0.0772601607,0.049913007,0.0742195278,0.0742195278,1.41379209,785,64.709795,0.148253693
103315.379255,0.0706994857,0.0502907869,0.0807038579,0.0807038579,1.41446672,785,67.7854331,0.147086479
103315.389284,0.0636422532,0.0480091324,0.0867054593,0.0867054593,1.41508265,785,72.7727728,0.146460731
103315.399313,0.0506621271,0.0539683267,0.056498934,0.056498934,1.41557796,787,68.9843695,0.145121005
103315.409342,0.0457740002,0.0509509195,0.0524786786,0.0524786786,1.41603545,787,70.2278867,0.144479839
103315.419371,0.0414568219,0.0461442609,0.0472541173,0.0472541173,1.4164584,787,80.8006071,0.14271935
103315.429400,0.0365875387,0.0379973368,0.0477229322,0.0477229322,1.41683755,787,74.491885,0.140677567
103315.439429,0.0307512421,0.0305641543,0.047358709,0.047358709,1.41716026,787,84.241222,0.139292992
103315.449458,0.0248692551,0.023120999,0.0443473903,0.0443473903,1.41742365,787,80.0375714,0.137421621
103315.459487,0.018787445,0.018018405,0.0455291124,0.0455291124,1.41762536,787,80.040766,0.136355328
103315.469517,0.0130389019,0.0138291757,0.0431669715,0.0431669715,1.41776839,787,73.9662245,0.135103896
103315.479546,0.00797657259,0.00834474394,0.0446721183,0.0446721183,1.41785802,787,70.6861773,0.134499228
103315.489575,0.00234232324,0.000573489887,0.0449918145,0.0449918145,1.41763924,787,78.4470528,0.133865082
103315.499604,-3.77854865e-05,-0.0075800937,0.0428138936,0.0428138936,1.4171489,787,80.4717055,0.133087532
103315.509633,0.000128134585,-0.0142872885,0.0446156365,0.0446156365,1.41666602,787,81.7961085,0.132695455
103315.519662,0.000868642383,-0.0153519486,0.0429001576,0.0429001576,1.41620018,787,78.6050757,0.131887153
103315.529691,-0.000268886185,-0.0213190111,0.0447998379,0.0447998379,1.41573065,787,80.6134624,0.131485893
103315.539720,-0.00173177753,-0.0242943467,0.0453372692,0.0453372692,1.41525693,787,86.019925,0.131281034
103315.549750,-0.00479062836,-0.0235936749,0.0430144647,0.0430144647,1.41476514,787,84.6340216,0.130483528
103315.559779,-0.00923534894,-0.0271515497,0.0444901134,0.0444901134,1.41424144,787,86.6247509,0.130027175
103315.569808,-0.00832595792,-0.0251951692,0.0423450288,0.0423450288,1.41374031,787,76.1910379,0.12893056
103315.579837,-0.00594328282,-0.0250388864,0.044013825,0.044013825,1.41327542,787,83.4783298,0.128346677
103315.589866,-0.00321945371,-0.0293231699,0.0447856386,0.0447856386,1.41285062,787,88.8764694,0.127757877
103315.599895,0.00669646703,-0.0339131811,0.0433165416,0.0433165416,1.41253779,787,95.8604735,0.126807613
103315.609924,0.0118942965,-0.0412909424,0.0459245502,0.0459245502,1.41229237,787,82.6732215,0.126289175
103315.619953,0.0146473981,-0.0473417872,0.0452417133,0.0452417133,1.41209223,787,92.801176,0.125610648
103315.629982,0.0163709417,-0.0551277839,0.0477560267,0.0477560267,1.4119324,787,87.0964094,0.125156311
103315.640012,0.0181996046,-0.0597237824,0.0489255743,0.0489255743,1.41181442,787,93.9645613,0.12490409
103315.650041,0.0190594187,-0.0618748668,0.0469246064,0.0469246064,1.41172732,787,92.5409814,0.12452258
103315.660070,0.0229048963,-0.0661224627,0.0485536836,0.0485536836,1.41170481,787,102.583136,0.124394005
103315.670099,0.0242829068,-0.0657034857,0.0464060677,0.0464060677,1.41171361,787,96.8416226,0.12408049
103315.680128,0.0291167657,-0.0678495511,0.0479421702,0.0479421702,1.41179122,787,97.3248605,0.1241185
103315.690157,0.02967402,-0.0733689874,0.0458303331,0.0458303331,1.41190591,787,95.1334025,0.12364051
103315.700186,0.0312624091,-0.0798422431,0.0473848103,0.0473848103,1.41207339,787,101.394549,0.123465275
103315.710215,0.0307880865,-0.082762031,0.0478277946,0.0478277946,1.41226523,787,100.099763,0.123510109
103315.720245,0.0249855803,-0.0844299736,0.0454549849,0.0454549849,1.41242938,787,101.609727,0.123370429
103315.730274,0.0192519069,-0.081744274,0.046777769,0.046777769,1.41255094,787,97.7275595,0.123869888
103315.740303,0.00713814333,-0.0723919085,0.0439431876,0.0439431876,1.41254366,787,99.2947172,0.124581577
103315.750332,-0.0027404566,-0.0641381644,0.0442467943,0.0442467943,1.41243096,787,87.0558638,0.125058551
103315.760361,-0.00964511933,-0.0557183449,0.0420036597,0.0420036597,1.41223661,787,101.479584,0.125556738
103315.770390,-0.0149103634,-0.0466559792,0.0369722313,0.0369722313,1.41196927,787,93.641386,0.125894955
103315.780419,-0.0161868516,-0.0450047538,0.0354407397,0.0354407397,1.41169939,787,104.017218,0.126071862
103315.790448,-0.0124021448,-0.0421137436,0.0327359427,0.0327359427,1.41146062,787,116.944927,0.126149922
103315.800477,-0.00856204101,-0.0379051544,0.0322672325,0.0322672325,1.41124227,787,117.552506,0.126307868
103315.810507,-0.00389423249,-0.0400047981,0.0320728721,0.0320728721,1.41108418,787,118.956947,0.12644525
103315.820536,-0.000655252447,-0.0430493276,0.0319824911,0.0319824911,1.4109791,787,122.401052,0.126901903
103315.830565,4.97698497e-05,-0.0439900828,0.0324451313,0.0324451313,1.41089371,787,112.476751,0.127135698
103315.840594,0.00165568945,-0.0442760096,0.0326528431,0.0326528431,1.4108303,787,111.308277,0.127529554
103315.850623,-0.00169756954,-0.0412188811,0.0340353431,0.0340353431,1.41072944,787,104.333064,0.127732792
103315.860652,-0.00249425469,-0.0370115914,0.0349920094,0.0349920094,1.41060281,787,113.934983,0.128240835
103315.870681,-0.00479696951,-0.0342957528,0.0347995172,0.0347995172,1.41044863,787,96.253145,0.128835215
103315.880710,-0.00586876576,-0.0291599935,0.0365300923,0.0365300923,1.41025949,787,97.3836556,0.129306742
103315.890740,-0.00470059951,-0.0254210052,0.0355537401,0.0355537401,1.41006008,787,101.077553,0.129858203
103315.900769,-0.00503041284,-0.0225395375,0.0368190084,0.0368190084,1.4098449,787,99.5883073,0.130420571
103315.910798,-0.000790949855,-0.0175262863,0.0367489792,0.0367489792,1.40963012,787,94.7022987,0.130977463
103315.920827,-0.00189221293,-0.017651542,0.035074822,0.035074822,1.40941388,787,99.1903173,0.132256634
103315.930856,-0.00108043327,-0.0241794672,0.0358021596,0.0358021596,1.40925504,787,100.171426,0.133084292
103315.940885,-0.00349827277,-0.0191242391,0.0348827259,0.0348827259,1.40904853,787,88.7656517,0.134386385
103315.950914,0.0103900433,-0.0163088727,0.0363936852,0.0363936852,1.40891954,787,96.2522725,0.13548365
103315.960943,0.0130433447,-0.0191463341,0.0369461117,0.0369461117,1.40883135,787,102.527898,0.136845163
103315.970972,0.0153164602,-0.0177304807,0.0360845455,0.0360845455,1.40874983,787,105.01542,0.138812282
103315.981002,0.0137361045,-0.0171239625,0.0378496369,0.0378496369,1.40865501,787,106.942833,0.140164449
103315.991031,0.0146151537,-0.0139519547,0.03680331,0.03680331,1.40854496,787,103.294841,0.142164307
103316.001060,0.0162898713,-0.0100008378,0.0387023084,0.0387023084,1.40841972,787,101.529436,0.143201585
103316.011089,0.0170120977,-0.00724472093,0.0377260479,0.0377260479,1.40828216,787,95.3145335,0.144651039
103316.021118,0.0205018234,-0.00302023172,0.0397494988,0.0397494988,1.40814112,787,89.1596816,0.145497872
103316.031147,0.0248030537,-0.00489584033,0.0404009248,0.0404009248,1.40804657,787,82.2158669,0.146135781
103316.041176,0.0248143003,-0.00663066694,0.0385329778,0.0385329778,1.40796744,787,90.1297172,0.146996667
103316.051205,0.0317193741,-0.0046734465,0.039699597,0.039699597,1.40792561,787,94.5683553,0.147281449
103316.061234,0.0329942347,-0.00639059561,0.037433791,0.037433791,1.40790768,787,108.80895,0.147957033
103316.071264,0.0352173529,-0.00540977642,0.0377130999,0.0377130999,1.40790163,787,120.769777,0.14821799
103316.081293,0.033126686,-0.00367234688,0.0365605865,0.0365605865,1.40787165,787,137.026796,0.148423445
103316.091322,0.0312532727,-0.000347043658,0.0346245923,0.0346245923,1.4078093,787,126.389027,0.148318461
103316.101350,0.0316766993,0.0049899464,0.0356482678,0.0356482678,1.40771983,787,114.022606,0.148284963
103316.111379,0.0350539802,0.00891481537,0.0350741378,0.0350741378,1.40763702,787,107.472182,0.1479504
103316.121408,0.0360938588,0.00533245378,0.0369330703,0.0369330703,1.40759142,787,103.145861,0.147917564
103316.131437,0.0346481209,0.00298168653,0.0373873195,0.0373873195,1.40755426,787,107.272563,0.148003522
103316.141466,0.0353491931,0.000276890223,0.0359241249,0.0359241249,1.40754296,787,101.636001,0.147882783
103316.151495,0.0348017342,0.000312703436,0.0367987154,0.0367987154,1.40753037,787,122.522879,0.147875985
103316.161525,0.0328695376,0.000320767717,0.0350690858,0.0350690858,1.40750531,787,122.469972,0.14796102
103316.171554,0.0315764496,0.000439857623,0.0355304998,0.0355304998,1.40747207,787,131.050081,0.147886746
103316.181583,0.0285713842,0.000875062072,0.0348261369,0.0348261369,1.40741479,787,119.088167,0.148049628
103316.191612,0.026163051,-0.00309975786,0.0335488872,0.0335488872,1.4073621,787,109.44248,0.148211861
103316.201641,0.026180963,0.000813209965,0.0340229202,0.0340229202,1.40729071,787,106.220161,0.148583403
103316.211670,0.0210695868,-0.00161486913,0.0331502582,0.0331502582,1.40719244,787,119.446821,0.148895395
103316.221699,0.0177648778,-0.00104483563,0.0338028894,0.0338028894,1.40706625,787,119.423821,0.148884869
103316.231728,0.0179638814,-0.0031671837,0.0339784515,0.0339784515,1.40695566,787,127.61082,0.148865405
103316.241757,0.0185224662,0.000686892818,0.0336475302,0.0336475302,1.40683254,787,118.671857,0.148973772
103316.251787,0.0165766103,-0.000194391183,0.0347332474,0.0347332474,1.40670059,787,125.196039,0.148884521
103316.261816,0.0181050869,-0.00474400663,0.0339248964,0.0339248964,1.40660749,787,135.740833,0.148809109
103316.271845,0.0187667538,-0.00947856344,0.0344712059,0.0344712059,1.40654569,787,136.940816,0.148790561
103316.281874,0.0169521279,-0.0135542722,0.0338505615,0.0338505615,1.40649024,787,131.739342,0.148771332
103316.291903,0.0153234719,-0.0170869875,0.0326995762,0.0326995762,1.4064401,787,139.718453,0.148405393
103316.301932,0.0191999695,-0.0178938529,0.0327170734,0.0327170734,1.40642796,787,117.089022,0.148137345
103316.311961,0.0176491923,-0.0211060589,0.0324457638,0.0324457638,1.40641982,787,103.200693,0.147425232
103316.321990,0.021220701,-0.0170182883,0.0332452506,0.0332452506,1.40642094,787,109.304763,0.146385811
103316.332020,0.0251619861,-0.0258965306,0.0335824593,0.0335824593,1.40650131,787,84.1332042,0.145119814
103316.342049,0.0262889451,-0.0363960419,0.0360171863,0.0360171863,1.4066457,787,80.2304187,0.144456497
103316.352078,0.0258671478,-0.0427284067,0.0381359559,0.0381359559,1.4068202,787,77.8773465,0.143668349
103316.362107,0.0262518414,-0.0422613876,0.0386823832,0.0386823832,1.40699493,787,73.9323863,0.142343
103316.372136,0.0223216113,-0.0499802747,0.0421557157,0.0421557157,1.40718165,787,80.7225575,0.141454651
103316.382165,0.0167524392,-0.0574926263,0.0421347776,0.0421347776,1.40737061,787,86.4707221,0.139919108
103316.392194,0.0126064288,-0.0634289141,0.0447042963,0.0447042963,1.40756915,787,84.5127103,0.13906454
103316.402223,0.0101587745,-0.0648362706,0.0457057087,0.0457057087,1.40776599,787,74.5012932,0.137978092
103316.412252,0.00742285845,-0.0596454633,0.0435079043,0.0435079043,1.40791684,787,83.2591714,0.13625728
103316.422281,0.0084843079,-0.0586042534,0.044626269,0.044626269,1.40807537,787,83.1877113,0.134713071
103316.432311,0.0121614941,-0.049245231,0.0421560002,0.0421560002,1.4082006,787,88.7539525,0.132195629
103316.442340,0.0169889357,-0.0491608385,0.0440222098,0.0440222098,1.40836067,787,94.0464414,0.130581156
103316.452369,0.022109875,-0.0509839715,0.0452708536,0.0452708536,1.40856864,787,93.8404371,0.129152432
103316.462398,0.0251769594,-0.0497712514,0.0441987757,0.0441987757,1.40878691,787,99.4627366,0.126987678
103316.472427,0.0282450426,-0.0496475506,0.0469280777,0.0469280777,1.40902209,787,94.5038221,0.125538068
103316.482456,0.0264912951,-0.0524465983,0.0460222396,0.0460222396,1.40926238,787,98.7146373,0.123257744
103316.492485,0.0260711655,-0.0511864963,0.0480152258,0.0480152258,1.40948745,787,99.7616495,0.121626583
103316.502514,0.025586475,-0.0450143946,0.0485111311,0.0485111311,1.40966069,787,97.6554279,0.120495129
103316.512543,0.0162792149,-0.0384770731,0.0457172586,0.0457172586,1.40972262,787,105.159697,0.118644064
103316.522573,0.011886343,-0.0283770259,0.0467155716,0.0467155716,1.40968082,787,107.482528,0.117366385
103316.532602,0.00859292948,-0.0225501567,0.043840108,0.043840108,1.40957576,787,108.478961,0.115463306
103316.542631,0.00883110672,-0.0145193244,0.0447478803,0.0447478803,1.40941437,787,108.129582,0.115333333
103316.552660,0.00661806269,-0.00888565928,0.0444587937,0.0444587937,1.40919986,787,86.5179563,0.115333333
103316.562689,0.00319935917,-0.00508376095,0.0414043142,0.0414043142,1.40893932,787,95.9336132,0.115333333
103316.572718,-0.00157018612,0.00173696369,0.0421117989,0.0421117989,1.40860243,787,92.3833394,0.115333333
103316.582747,-0.0122805452,0.00277521285,0.0395334631,0.0395334631,1.40819651,787,95.2677443,0.115333333
103316.592776,-0.0143985548,0.00969728465,0.0410880223,0.0410880223,1.4077333,787,95.6049762,0.115333333
103316.602805,-0.0118709582,0.019811416,0.0416523287,0.0416523287,1.40721882,787,95.2153167,0.115333333
103316.612835,-0.0109695761,0.0310572637,0.039861583,0.039861583,1.40663581,787,104.115549,0.115333333
103316.622864,-0.00783360933,0.0444845432,0.0414060689,0.0414060689,1.40598622,787,102.613078,0.115333333
103316.632893,0.00685810891,0.0571235072,0.0389066731,0.0389066731,1.40536089,787,104.104492,0.115333333
103316.642922,0.0260032898,0.061723369,0.0392685449,0.0392685449,1.40486686,787,125.311095,0.115333333
103316.652951,0.0420462447,0.0534552105,0.0367689365,0.0367689365,1.4045874,787,128.933649,0.115333333
103316.662980,0.0529811543,0.0403149291,0.0385011886,0.0385011886,1.40451596,787,102.526664,0.115333333
103316.673009,0.0646953078,0.0403191032,0.0403221988,0.0403221988,1.40457623,787,90.9345191,0.115333333
103316.683038,0.0721670231,0.0438157301,0.0404630655,0.0404630655,1.40472202,787,85.2651052,0.115333333
103316.693067,0.082087109,0.0463412125,0.0437964238,0.0437964238,1.40498682,787,88.4789164,0.115333333
103316.703097,0.0852922777,0.0521154967,0.0434819038,0.0434819038,1.4053031,787,79.2886935,0.115333333
103316.713126,0.0938595585,0.0571304727,0.0459032672,0.0459032672,1.40572875,787,82.2503865,0.115333333
103316.723155,0.10023013,0.0594380749,0.0467996149,0.0467996149,1.40625483,787,78.7128078,0.115333333
103316.733184,0.102318191,0.058993428,0.0447861202,0.0447861202,1.40684236,787,74.870335,0.115333333
103316.743213,0.10864923,0.0581710043,0.0466248196,0.0466248196,1.40752411,787,63.9374616,0.115333333
103316.753242,0.116418412,0.0539743766,0.0448768709,0.0448768709,1.4083088,787,62.6765385,0.115333333
103316.763271,0.126791486,0.0435979017,0.0469729374,0.0469729374,1.40921372,787,58.1950479,0.115333333
103316.773300,0.136925681,0.0317429733,0.0482599911,0.0482599911,1.41022143,787,58.8679665,0.115333333
103316.783329,0.148835987,0.0233444588,0.0468074309,0.0468074309,1.41133658,787,60.5048099,0.115333333
103316.793359,0.160773041,0.0148169947,0.0484428217,0.0484428217,1.41255264,787,54.712062,0.115333333
103316.803388,0.164568082,0.0107720274,0.0454905002,0.0454905002,1.41378397,787,56.2131591,0.115333333
103316.813417,0.173403119,0.00287421599,0.0455467491,0.0455467491,1.4150793,787,59.5189008,0.115333333
103316.823446,0.175770189,-0.00956361256,0.0439439029,0.0439439029,1.41637376,787,52.5678534,0.115333333
103316.833475,0.181045589,-0.0246413218,0.0401747717,0.0401747717,1.4176976,787,52.0521867,0.115333333
103316.843504,0.182524622,-0.0511107873,0.0410531172,0.0410531172,1.4192818,787,54.1381685,0.115333333
103316.853533,0.176226553,-0.0734118523,0.0393274785,0.0393274785,1.42107219,787,50.6368969,0.115333333
103316.863562,0.177925552,-0.0883278257,0.0411754911,0.0411754911,1.42290651,787,45.477336,0.115333333
103316.873591,0.164516619,-0.105624808,0.0416069826,0.0416069826,1.42464677,787,40.5454523,0.115333333
103316.883621,0.154818165,-0.112881645,0.0393158361,0.0393158361,1.42632695,787,42.0591969,0.115333333
103316.893650,0.141503068,-0.131045862,0.0406899591,0.0406899591,1.42793453,787,43.2348352,0.115333333
103316.903679,0.125097644,-0.147255964,0.0392069984,0.0392069984,1.42945088,787,46.9917342,0.115333333
103316.913708,0.109551958,-0.16535749,0.0409903528,0.0409903528,1.4309048,787,45.1448575,0.115365392
103316.923737,0.0938119186,-0.170604367,0.0410186458,0.0410186458,1.43227599,787,44.3999638,0.115333333
103316.933766,0.0783031063,-0.175400414,0.0382501086,0.0382501086,1.43357083,787,41.2368941,0.115432816
103316.943795,0.0587442717,-0.18077516,0.038646202,0.038646202,1.43476033,787,39.3962752,0.115367065
103316.953824,0.0482196462,-0.177773272,0.0359370863,0.0359370863,1.43590179,787,38.1841361,0.115333333
103316.963853,0.0288108792,-0.17430225,0.0358659824,0.0358659824,1.43691141,787,42.7596273,0.115333333
103316.973883,0.0254799263,-0.151399082,0.0357256865,0.0357256865,1.43783903,787,40.8701974,0.115617016
103316.983912,0.014003219,-0.145930914,0.0350475964,0.0350475964,1.43868063,787,39.9089993,0.115780174
103316.993941,0.00184731538,-0.144759329,0.0367688859,0.0367688859,1.43945234,787,39.7895927,0.116492039
103317.003970,-0.0124432508,-0.133712062,0.0355371529,0.0355371529,1.44008497,787,38.6452249,0.116588035
103317.013999,-0.0251477213,-0.127631721,0.0371252257,0.0371252257,1.44061767,787,34.5453959,0.117251588
103317.024028,-0.0364831561,-0.0976410098,0.0362646958,0.0362646958,1.44091691,787,41.1291695,0.117130244
103317.034057,-0.0445977454,-0.0619743129,0.0351628788,0.0351628788,1.44095767,787,43.6248057,0.117303875
103317.044086,-0.0436454591,-0.0298292537,0.0345648039,0.0345648039,1.44081697,787,46.156769,0.117124334
103317.054115,-0.0413918731,-0.0218295721,0.0332731298,0.0332731298,1.44064897,787,45.4321806,0.117018557
103317.064145,-0.0412214388,-0.017253633,0.0335813082,0.0335813082,1.44045772,787,53.3959586,0.11693118
103317.074174,-0.0534293169,-0.0268691324,0.0325318731,0.0325318731,1.44024508,787,82.6414094,0.11698748
103317.084203,-0.0483989427,-0.00889507007,0.0326433843,0.0326433843,1.43995672,787,91.3864147,0.117171334
103317.094233,-0.0707016187,-0.0177001194,0.032672374,0.032672374,1.43957391,787,77.6070564,0.117393871
103317.104262,-0.0440747693,0.0022516949,0.0327243038,0.0327243038,1.43925099,787,46.421204,0.117726281
103317.114291,-0.0390893817,0.00830817111,0.0336990683,0.0336990683,1.43892316,787,49.1688235,0.11766673
103317.124320,-0.0479348835,0.0092539161,0.0333907382,0.0333907382,1.43852862,787,46.3779461,0.118131075
103317.134349,-0.0393879381,0.0123371885,0.0348872369,0.0348872369,1.43817348,787,43.5373397,0.118545772
103317.144378,-0.0455000325,0.00824655101,0.0357490622,0.0357490622,1.4378074,787,42.3530154,0.119028921
103317.154408,-0.0495929412,0.0193056908,0.0353007868,0.0353007868,1.43709332,787,41.7729377,0.118674278
103317.164437,-0.0724440922,0.0189622608,0.0369606844,0.0369606844,1.4360003,787,45.9065863,0.119467854
103317.174466,-0.0639156451,0.0169774387,0.0359892487,0.0359892487,1.43500561,787,44.4961205,0.118414315
103317.184495,-0.0774027738,0.0126802187,0.0374817582,0.0374817582,1.43398427,787,42.7321872,0.117611996
103317.194524,-0.0616914635,0.012198338,0.0377912117,0.0377912117,1.43309482,787,42.7864035,0.117995703
103317.204552,-0.0645840601,0.00787780023,0.0360976323,0.0360976323,1.43224759,787,47.1071079,0.117472686
103317.214582,-0.0584109317,0.00316986665,0.037122392,0.037122392,1.43150093,787,42.4594811,0.117270098
103317.224611,-0.0413719741,0.000634808989,0.0354264,0.0354264,1.43089545,787,46.6433651,0.11815312
103317.234640,-0.0215815256,-0.00352223142,0.0361993945,0.0361993945,1.43045044,787,46.5548405,0.118631324
103317.244670,-0.0361389423,-0.0230350247,0.0364100379,0.0364100379,1.43009895,787,44.0990619,0.11907185
103317.254699,-0.0553018319,-0.0307729669,0.0352860454,0.0352860454,1.42973325,787,43.3051279,0.119586168
103317.264728,-0.0516405319,-0.0483558043,0.0369861758,0.0369861758,1.42956719,787,46.0381173,0.119857249
103317.274757,-0.0514484789,-0.0730887574,0.0362871717,0.0362871717,1.42965165,787,46.331815,0.120838828
103317.284785,-0.0501293831,-0.080739545,0.038117823,0.038117823,1.42984418,787,44.2020496,0.121262667
103317.294815,-0.0412693354,-0.0846517474,0.0385668734,0.0385668734,1.43013419,787,46.5962974,0.121971248
103317.304844,-0.048658219,-0.111264493,0.0370327648,0.0370327648,1.43067104,787,48.6415975,0.123219062
103317.314873,-0.0427610456,-0.128834005,0.0386771991,0.0386771991,1.43141492,787,52.6877899,0.124095136
103317.324902,-0.0377654089,-0.144099305,0.0373862869,0.0373862869,1.4323317,787,59.2712072,0.125982233
103317.334932,-0.0349714951,-0.15654373,0.0392050931,0.0392050931,1.43338052,787,57.6370703,0.127557332
103317.344961,-0.0297350325,-0.168690423,0.0383626691,0.0383626691,1.43455528,787,50.9956285,0.130095022
103317.354990,-0.026446956,-0.178527142,0.0406888987,0.0406888987,1.43582246,787,60.4868334,0.131743467
103317.365019,-0.0248400531,-0.178492522,0.0416473555,0.0416473555,1.43707795,787,56.7901363,0.132990906
103317.375048,-0.0190002251,-0.17305946,0.0400450781,0.0400450781,1.43852508,787,57.1741756,0.135056886
103317.385077,-0.0176998137,-0.174214198,0.0416753523,0.0416753523,1.44023302,787,61.0488359,0.136523509
103317.395106,-0.0148172166,-0.167681081,0.0391917815,0.0391917815,1.44188334,787,56.866451,0.138181801
103317.405135,-0.015246218,-0.169847404,0.0394295549,0.0394295549,1.44355802,787,55.341666,0.139346452
103317.415164,-0.00752092441,-0.175951794,0.0375558404,0.0375558404,1.44530119,787,63.6334521,0.14077183
103317.425194,-0.00534599477,-0.186243539,0.0345233667,0.0345233667,1.44714937,787,62.5196861,0.143209742
103317.435223,-0.000929753847,-0.179354832,0.0338491318,0.0338491318,1.44893276,787,73.9623511,0.144340536
103317.445252,-0.0022107914,-0.185124847,0.0325970295,0.0325970295,1.4507733,787,78.4359844,0.146770712
103317.455281,0.00122466702,-0.18659806,0.0328024431,0.0328024431,1.45263089,787,81.6777825,0.148246282
103317.465310,-0.00179604125,-0.183001533,0.0327707602,0.0327707602,1.45445176,787,91.7584642,0.149848123
103317.475339,-0.00487603372,-0.182023296,0.0326279167,0.0326279167,1.45626207,787,88.3333505,0.152365276
103317.485368,-0.00847006208,-0.181666218,0.0341221953,0.0341221953,1.45806803,787,85.4520317,0.154354409
103317.495397,-0.0104921814,-0.177514101,0.0349894283,0.0349894283,1.45983292,787,86.9681882,0.156168758
103317.505425,-0.0109989883,-0.167460911,0.0384126369,0.0384126369,1.46149862,787,92.1216601,0.157194415
103317.515456,-0.0136352649,-0.157914874,0.0407566108,0.0407566108,1.46307015,787,85.5102472,0.158230451
103317.525485,-0.021650269,-0.148698477,0.0407405115,0.0407405115,1.46454901,787,86.6734568,0.160040854
103317.535513,-0.0278093794,-0.141351479,0.0437803884,0.0437803884,1.46595546,787,84.093503,0.161703989
103317.545543,-0.0356699621,-0.13246865,0.043352511,0.043352511,1.46727568,787,92.201193,0.163922811
103317.555572,-0.0415616401,-0.120690321,0.0461547094,0.0461547094,1.4684822,787,96.2821115,0.165506864
103317.565601,-0.0438739084,-0.114946789,0.0475668746,0.0475668746,1.46963597,787,83.5777633,0.166700889
103317.575630,-0.0449230026,-0.106401268,0.0459844152,0.0459844152,1.47070932,787,82.2355906,0.168493755
103317.585659,-0.0409369256,-0.0892281,0.0479776735,0.0479776735,1.47161506,787,78.5826521,0.169731523
103317.595688,-0.0311124874,-0.0723736299,0.046454478,0.046454478,1.47235294,787,90.8442894,0.171440795
103317.605718,-0.0222637998,-0.0599516836,0.0485616962,0.0485616962,1.47296551,787,93.789733,0.172354665
103317.615746,-0.0148814,-0.0535875164,0.0492892284,0.0492892284,1.47351219,787,83.9555963,0.173720402
103317.625776,-0.00879930311,-0.0528926031,0.0465120223,0.0465120223,1.47404942,787,84.8917037,0.175238909
103317.635805,-0.00413387848,-0.0527324289,0.0472830761,0.0472830761,1.47458276,787,83.8348884,0.175523892
103317.645834,0.000560058003,-0.0516163052,0.0436125433,0.0436125433,1.47510272,787,93.446634,0.176101661
103317.655863,0.00721448066,-0.0458238206,0.0434520172,0.0434520172,1.47556211,787,100.698168,0.176429536
103317.665892,0.00811769667,-0.0407589353,0.0393793046,0.0393793046,1.475971,787,102.962616,0.176416667
103317.675921,0.00905188059,-0.0320457557,0.0391987578,0.0391987578,1.47629321,787,101.731543,0.176624878
103317.685950,0.01994645,-0.0119694664,0.0374971227,0.0374971227,1.47641237,787,116.124987,0.17672553
103317.695979,0.0206803666,-0.00705950787,0.0345449592,0.0345449592,1.47648347,787,171.039288,0.177535491
103317.706009,0.0167110467,-0.0101130997,0.0342411447,0.0342411447,1.47658686,787,204.707118,0.177741609
103317.716038,0.00966853815,-0.0140688869,0.0336317843,0.0336317843,1.4767317,787,172.810633,0.177655083
103317.726067,0.0143731916,0.0030750552,0.0365074033,0.0365074033,1.47670552,787,96.4649059,0.177890208
103317.736096,0.0206012875,0.00932342141,0.0392134981,0.0392134981,1.47661678,787,104.416791,0.177783641
103317.746125,0.0197834728,0.00680411261,0.0396653364,0.0396653364,1.47655412,787,110.096804,0.17773647
103317.756154,0.0193323439,0.00704933689,0.042911859,0.042911859,1.47648997,787,106.609502,0.177801963
103317.766183,0.0113626817,0.00497821691,0.0423255925,0.0423255925,1.47644718,787,103.767243,0.177698698
103317.776212,0.0056210898,0.00729101168,0.0440636186,0.0440636186,1.47638149,787,100.219132,0.177877182
103317.786241,0.000337018388,-0.00108863256,0.0440261678,0.0440261678,1.47639882,787,100.393244,0.178196592
103317.796271,-0.00413967768,-0.00531619574,0.0409920935,0.0409920935,1.47645793,787,103.45022,0.178433671
103317.806300,-0.00586206651,-0.00202212181,0.0417357146,0.0417357146,1.47648428,787,113.978222,0.17858206
103317.816329,-0.00368143205,-3.19016996e-05,0.0391410488,0.0391410488,1.4764908,787,119.647442,0.178763473
103317.826358,-0.00335080583,0.00310712714,0.0400839568,0.0400839568,1.47646606,787,116.181056,0.179034447
103317.836386,-0.00234427902,0.00890392493,0.0397052606,0.0397052606,1.47638364,787,116.315498,0.179241396
103317.846416,-0.00488367978,0.0103083417,0.0375111995,0.0375111995,1.47628727,787,109.555696,0.179797471
103317.856445,-0.00952451165,0.0153707987,0.0388142669,0.0388142669,1.47614098,787,98.146686,0.18015155
103317.866474,-0.0107443459,0.0189040908,0.0373244392,0.0373244392,1.47595995,787,111.957015,0.181039629
103317.876503,-0.0147617275,0.0185788092,0.0388328649,0.0388328649,1.47578316,787,107.251395,0.181612617
103317.886533,-0.015849379,0.0192886895,0.0387264085,0.0387264085,1.47560028,787,111.005464,0.18207706
103317.896562,-0.0148626815,0.0131535869,0.0364917865,0.0364917865,1.47547889,787,107.805904,0.182687924
103317.906591,-0.0160671635,0.00993453935,0.0369706351,0.0369706351,1.4751451,787,96.1138693,0.183322023
103317.916619,-0.0190252693,0.0105276846,0.0350926002,0.0350926002,1.47456797,787,102.641696,0.184603837
103317.926649,-0.0257950226,0.00907295311,0.0363071608,0.0363071608,1.47402157,787,103.955784,0.185762255
103317.936678,-0.0297646665,0.00928279271,0.037173373,0.037173373,1.47348947,787,98.2990237,0.186980448
103317.946707,-0.0307513792,0.00823025634,0.0368642292,0.0368642292,1.47298288,787,98.0955196,0.188793148
103317.956736,-0.0266180012,0.0106141156,0.0396466078,0.0396466078,1.4724633,787,95.5928801,0.190187317
103317.966765,-0.0341298285,0.00701955106,0.0394107427,0.0394107427,1.47200056,787,88.5602193,0.192178439
103317.976794,-0.0358683852,0.00584885932,0.0420244449,0.0420244449,1.47156603,787,91.2772639,0.19352055
103317.986824,-0.0379183854,0.0031738346,0.0429226286,0.0429226286,1.47117512,787,88.3797043,0.195022314
103317.996853,-0.0379169472,0.00199605191,0.0409879933,0.0409879933,1.47081022,787,92.4012324,0.197364403
103318.006882,-0.040249965,0.00230745462,0.0427313547,0.0427313547,1.47046058,787,88.5689598,0.198680428
103318.016911,-0.034523342,0.00711177411,0.041411861,0.041411861,1.47006804,787,82.190316,0.200650769
103318.026940,-0.0326263954,0.0053083288,0.044065168,0.044065168,1.46970268,787,80.1430384,0.201814069
103318.036969,-0.0280803104,0.00481286281,0.0436131814,0.0436131814,1.46934437,787,76.9053859,0.203600026
103318.046998,-0.0237938906,0.00338655822,0.0464254044,0.0464254044,1.46900052,787,78.539951,0.204808588
103318.057027,-0.0236879442,0.000702868738,0.0480673424,0.0480673424,1.4686917,787,80.3540601,0.205928701
103318.067056,-0.0228783676,-0.000521642427,0.0468062544,0.0468062544,1.46840128,787,75.6807746,0.208121152
103318.077086,-0.0226775503,-0.00300713766,0.0490038312,0.0490038312,1.46814208,787,72.0927327,0.209657969
103318.087115,-0.0241632101,-0.00556598272,0.0474129816,0.0474129816,1.46791878,787,72.5701205,0.211401725
103318.097143,-0.0269643414,-0.00774738226,0.0491359806,0.0491359806,1.46773132,787,70.5908694,0.212493604
103318.107172,-0.0262320105,-0.00898261609,0.0495935351,0.0495935351,1.46755985,787,72.8647974,0.213539274
103318.117201,-0.0279527121,-0.0116472845,0.0470705124,0.0470705124,1.46742487,787,79.1502497,0.215551649
103318.127230,-0.0281015284,-0.0159200876,0.0484957031,0.0484957031,1.46733548,787,73.3800429,0.215864728
103318.137259,-0.0322919699,-0.0161350101,0.0465444881,0.0465444881,1.467267,787,75.9084869,0.217271735
103318.147288,-0.0321782445,-0.017303771,0.0485031064,0.0485031064,1.46721365,787,73.3754545,0.218205583
103318.157317,-0.0332247915,-0.0202232139,0.049584265,0.049584265,1.46719507,787,77.3888046,0.218608583
103318.167346,-0.0358728498,-0.0228600198,0.0478266703,0.0478266703,1.46721407,787,72.4572765,0.218974607
103318.177376,-0.034221413,-0.0291594448,0.0495417417,0.0495417417,1.46728602,787,77.7780599,0.219110933
103318.187405,-0.0305170306,-0.0356854026,0.0470560054,0.0470560054,1.46740203,787,70.9597426,0.218744278
103318.197434,-0.0247571808,-0.0447239853,0.0478300318,0.0478300318,1.46757383,787,71.5502527,0.218715227
103318.207463,-0.022749334,-0.0489196406,0.0467926612,0.0467926612,1.46777161,787,77.7238934,0.218538228
103318.217492,-0.0142682885,-0.0515864757,0.042659763,0.042659763,1.46795489,787,71.550427,0.21816049
103318.227521,-0.00862891326,-0.051190673,0.043168608,0.043168608,1.46810888,787,79.6480506,0.217863847
103318.237550,-0.00815954926,-0.0563676625,0.0405905453,0.0405905453,1.46830565,787,77.9515404,0.217545896
103318.247579,-0.00688228265,-0.0634666631,0.041992663,0.041992663,1.46855921,787,79.6023552,0.217698216
103318.257608,-0.00830311062,-0.0694106608,0.0419970354,0.0419970354,1.46886899,787,91.968536,0.217835653
103318.267637,-0.0106244907,-0.0734799372,0.0397272618,0.0397272618,1.46922013,787,99.4841995,0.217569216
103318.277667,-0.009526281,-0.0760570882,0.0413060647,0.0413060647,1.4695857,787,94.0176735,0.217499015
103318.287696,-0.00937041613,-0.0775434495,0.0397461602,0.0397461602,1.46995896,787,96.3819707,0.217833789
103318.297725,-0.00657149307,-0.0813561642,0.0414202589,0.0414202589,1.47035246,787,92.2105577,0.217597692
103318.307754,-0.00362204413,-0.0818776234,0.0417286086,0.0417286086,1.4707358,787,103.740493,0.21769191
103318.317783,-0.00426837799,-0.0831881776,0.039789735,0.039789735,1.47112852,787,99.3836655,0.21755476
103318.327812,0.000816130797,-0.0872205975,0.0412649987,0.0412649987,1.47153832,787,114.91641,0.217746028
103318.337841,-0.00144566635,-0.0848605134,0.0392609537,0.0392609537,1.47192793,787,99.1703834,0.218378629
103318.347870,0.00324477974,-0.0878929875,0.040288875,0.040288875,1.47232798,787,122.095372,0.218982303
103318.357899,0.00458961405,-0.0853743467,0.0378553945,0.0378553945,1.47269627,787,111.317852,0.220458289
103318.367928,0.00683496702,-0.0854863582,0.0389221984,0.0389221984,1.47305602,787,109.84179,0.2221405
103318.377958,0.0112163442,-0.0824061346,0.038941927,0.038941927,1.4733724,787,98.6900007,0.223429782
103318.387987,0.0134303719,-0.0792652879,0.0375680064,0.0375680064,1.47365159,787,90.729594,0.225673925
103318.398016,0.017833815,-0.0799340722,0.0399381044,0.0399381044,1.4739265,787,87.582551,0.226711215
103318.408045,0.0202942553,-0.0837029353,0.039393372,0.039393372,1.47423248,787,80.3304074,0.228966606
103318.418074,0.0207179983,-0.086677108,0.0418169648,0.0418169648,1.47456598,787,75.1752608,0.230622904
103318.428103,0.0286895194,-0.0882052847,0.0425207267,0.0425207267,1.4748999,787,79.3792531,0.232043977
103318.438132,0.0270908977,-0.0869597456,0.0408465081,0.0408465081,1.47522498,787,80.276304,0.233756299
103318.448161,0.0299532586,-0.0865722532,0.0432772916,0.0432772916,1.47554244,787,81.2496363,0.234534536
103318.458190,0.0285496118,-0.0847756511,0.04313508,0.04313508,1.47609703,787,60.4246971,0.23528516
103318.468219,0.0308128636,-0.081783376,0.0466834061,0.0466834061,1.47687516,787,64.9477504,0.235467943
103318.478249,0.0344816698,-0.0827907074,0.0493837661,0.0493837661,1.47766611,787,58.8410054,0.234767218
103318.488278,0.0413910559,-0.0807021005,0.0586722022,0.0586722022,1.47843816,785,56.5561304,0.234342844
103318.498307,0.0483425613,-0.0767828437,0.0666810987,0.0666810987,1.47917626,785,57.6092273,0.234521898
103318.508336,0.0554178986,-0.0714146839,0.0738279749,0.0738279749,1.47986932,785,58.4101217,0.235133127
103318.518365,0.0630320893,-0.0646809162,0.0803431058,0.0803431058,1.48050752,785,53.3258025,0.235431168
103318.528394,0.0440945099,-0.0536687552,0.0617304607,0.0617304607,1.48104807,787,53.934619,0.235220528
103318.538423,0.0493974926,-0.0591162117,0.0525224495,0.0525224495,1.48165131,787,55.1470924,0.235535874
103318.548452,0.0442247757,-0.0487053274,0.0525439834,0.0525439834,1.4821572,787,54.5918534,0.236052977
103318.558481,0.0508141263,-0.0466068811,0.0496449915,0.0496449915,1.48265299,787,56.2697411,0.236652625
103318.568510,0.0623774775,-0.0462407923,0.0505587941,0.0505587941,1.48316339,787,58.5684708,0.237237454
103318.578539,0.0668121389,-0.0467286126,0.0499720469,0.0499720469,1.48369601,787,60.6042971,0.23755462
103318.588569,0.0659517496,-0.0450875054,0.0458671218,0.0458671218,1.48422535,787,73.4883969,0.237826868
103318.598598,0.0614709534,-0.0417259491,0.0458448896,0.0458448896,1.48472795,787,71.6546186,0.238114433
103318.608627,0.0559473481,-0.0343903497,0.041615794,0.041615794,1.48516035,787,84.3258637,0.238260192
103318.618656,0.0515230159,-0.023035362,0.0407882375,0.0407882375,1.48548277,787,94.1915045,0.238258487
103318.628685,0.0419492622,-0.0171049616,0.0380313136,0.0380313136,1.48573611,787,94.0988691,0.238359842
103318.638714,0.0333620811,-0.0118090195,0.0345045233,0.0345045233,1.48592505,787,105.123924,0.238680133
103318.648743,0.0338826025,0.000947662331,0.0343543014,0.0343543014,1.48599518,787,99.9865601,0.239038438
103318.658772,0.0356406459,0.00551127334,0.0333407496,0.0333407496,1.48578259,787,93.0583774,0.239487501
103318.668801,0.0340379156,0.00779299233,0.0341745118,0.0341745118,1.48530669,787,86.8515578,0.239404476
103318.678830,0.0387895882,0.00176486822,0.0336484944,0.0336484944,1.48491472,787,90.1867562,0.239750058
103318.688860,0.0391388062,0.00631383972,0.0344226547,0.0344226547,1.48449441,787,87.1961485,0.239764756
103318.698889,0.0386657089,0.00243669371,0.0340634792,0.0340634792,1.48412381,787,91.9414343,0.239899408
103318.708918,0.0377311906,0.00758950325,0.0332436973,0.0332436973,1.48371554,787,86.5427219,0.239878725
103318.718947,0.036867714,0.00427109729,0.0340452861,0.0340452861,1.48334954,787,91.3540514,0.240182892
103318.728976,0.0420276481,0.00746977252,0.0339836224,0.0339836224,1.48298472,787,84.4681565,0.240407888
103318.739005,0.0480363836,0.0131870762,0.0360665526,0.0360665526,1.48260457,787,83.6527159,0.240636445
103318.749034,0.0527795602,0.00893799397,0.0374006631,0.0374006631,1.48229978,787,83.1122044,0.241160171
103318.759063,0.05502869,0.00767091484,0.0367483341,0.0367483341,1.48203401,787,80.1542554,0.241156544
103318.769092,0.0599588231,0.0075791962,0.03818064,0.03818064,1.48180887,787,78.3210013,0.241214702
103318.779121,0.0493446199,0.00700461383,0.0358615698,0.0358615698,1.48156014,787,78.2832661,0.241271448
103318.789150,0.0440777715,0.00426221021,0.035503067,0.035503067,1.4813256,787,91.6576387,0.241225963
103318.799180,0.0310954148,0.000579770934,0.034181526,0.034181526,1.48107205,787,89.9243828,0.241428092
103318.809209,0.0267926395,0.0109172942,0.0331356858,0.0331356858,1.48071805,787,76.5983101,0.241681063
103318.819238,0.0220830084,0.00122648662,0.0340251145,0.0340251145,1.48043298,787,75.7534933,0.24200271
103318.829267,0.0245038573,0.000509577336,0.0337573887,0.0337573887,1.48017387,787,72.0036609,0.242690287
103318.839296,0.024102829,-0.00603559084,0.0348134788,0.0348134788,1.47997462,787,80.5965223,0.242837583
103318.849325,0.0241852658,0.000771268328,0.0351952493,0.0351952493,1.47972486,787,73.3266335,0.243000897
103318.859354,0.0192243766,-0.00887928254,0.0345529458,0.0345529458,1.47953509,787,72.3528512,0.242928441
103318.869383,0.0165676401,-0.0113065376,0.0357370166,0.0357370166,1.47935536,787,74.9281862,0.243069365
103318.879412,0.0194797646,-0.0138943469,0.0346628258,0.0346628258,1.47921649,787,75.5984389,0.243083425
103318.889441,0.018773793,-0.00880211752,0.0358977014,0.0358977014,1.47903528,787,74.8857081,0.243155769
103318.899470,0.0232396951,-0.010078047,0.0363240793,0.0363240793,1.47889332,787,78.0409183,0.243555626
103318.909500,0.0288887466,-0.00552744857,0.0357366362,0.0357366362,1.47875011,787,75.3295509,0.243816037
103318.919529,0.0307834088,-0.0113338211,0.0378357771,0.0378357771,1.47866935,787,70.7703656,0.243491325
103318.929558,0.0406315269,-0.00592360166,0.0374265722,0.0374265722,1.47860652,787,61.0922836,0.243585712
103318.939587,0.0410852351,-0.00246630204,0.0398688329,0.0398688329,1.47852541,787,57.7805177,0.243474992
103318.949616,0.0446567907,-0.0039571328,0.0411220813,0.0411220813,1.47848467,787,57.9898658,0.243743364
103318.959645,0.0443074772,-0.0134883859,0.039884393,0.039884393,1.47852074,787,58.9129903,0.243971027
103318.969674,0.048278858,-0.0139832369,0.0419607034,0.0419607034,1.47858877,787,55.1092838,0.243741135
103318.979703,0.0466734957,-0.0151724758,0.0405163383,0.0405163383,1.47865816,787,45.5717502,0.24415565
103318.989732,0.0486031873,-0.0242429308,0.0424581176,0.0424581176,1.47880876,787,48.6508457,0.24450241
103318.999761,0.0483622383,-0.0295731559,0.0409265919,0.0409265919,1.47899572,787,45.8712045,0.244858641
103319.009790,0.0449725194,-0.0233037208,0.0431090741,0.0431090741,1.47911252,787,46.2590288,0.245093486
103319.019820,0.0503190914,-0.0187822366,0.044231646,0.044231646,1.4792326,787,40.5850984,0.245093486
103319.029849,0.0550836094,-0.0219196257,0.0431221317,0.0431221317,1.47940809,787,39.9811561,0.244993186
103319.039878,0.064185151,-0.0210969953,0.0457259954,0.0457259954,1.47964106,787,45.2719555,0.244993186
103319.049907,0.0738066925,-0.0186243015,0.0450533856,0.0450533856,1.47992594,787,33.746623,0.244993186
103319.059936,0.0836904528,-0.0133032187,0.0475648937,0.0475648937,1.48024923,787,39.5081457,0.245401537
103319.069965,0.0865151083,-0.00594342936,0.0491895164,0.0491895164,1.48055104,787,33.1542204,0.245401537
103319.079994,0.0944762948,0.00511304767,0.0479233857,0.0479233857,1.48085311,787,34.0231928,0.246632701
103319.090023,0.100190225,0.00922769906,0.0500744051,0.0500744051,1.48118968,787,38.8403595,0.247435157
103319.100053,0.10947819,0.0152188743,0.0484803158,0.0484803158,1.48158324,787,40.3297807,0.248322784
103319.110082,0.119951607,0.018109453,0.0501038883,0.0501038883,1.48206731,787,38.2735954,0.248322784
103319.120111,0.120173369,0.0259216836,0.0503294444,0.0503294444,1.48253463,787,36.3212675,0.248322784
103319.130141,0.121213367,0.035092137,0.0471399387,0.0471399387,1.48299094,787,47.077314,0.248322784
103319.140170,0.119786021,0.0397254193,0.0481307357,0.0481307357,1.48344015,787,42.0961557,0.247625953
103319.150199,0.116673327,0.0418635006,0.0453350146,0.0453350146,1.48387747,787,41.090106,0.247803115
103319.160228,0.118638591,0.0432244196,0.0465364146,0.0465364146,1.48435005,787,42.1588536,0.247317564
103319.170257,0.113459618,0.049897832,0.0466421024,0.0466421024,1.4847728,787,45.1900104,0.247317564
103319.180286,0.104235478,0.0510517584,0.0438993649,0.0438993649,1.48512651,787,54.8757379,0.247317564
103319.190315,0.0990919403,0.0542985643,0.0453946332,0.0453946332,1.48544179,787,51.4726339,0.247317564
103319.200344,0.0901601469,0.0456762465,0.0430385604,0.0430385604,1.4857101,787,47.724427,0.247271732
103319.210373,0.0857942212,0.0413327022,0.043605003,0.043605003,1.48595741,787,50.700251,0.247020148
103319.220402,0.0651472096,0.0320746296,0.0416454466,0.0416454466,1.48603182,787,53.367806,0.247020148
103319.230431,0.0427610537,0.0200202611,0.0364291441,0.0364291441,1.48591755,787,61.4091547,0.247020148
103319.240460,0.0253466806,0.0035995161,0.0346104077,0.0346104077,1.48566874,787,68.8507149,0.247020148
103319.250490,0.00768865634,-0.00961638468,0.0323871189,0.0323871189,1.48527793,787,78.3347178,0.247025524
103319.260519,-0.000252492911,-0.0256064939,0.0331452107,0.0331452107,1.4848486,787,78.9462206,0.247025524
103319.270548,-0.00968292006,-0.0423875574,0.0346773869,0.0346773869,1.48437418,787,71.2746481,0.247025524
103319.280577,-0.0204171547,-0.0502215345,0.0352016872,0.0352016872,1.48383241,787,58.6375751,0.246908698
103319.290606,-0.0209874245,-0.0548138716,0.0378380382,0.0378380382,1.48331996,787,51.6128879,0.246959685
103319.300635,-0.0241026498,-0.0629932575,0.0373286955,0.0373286955,1.48282643,787,54.1327382,0.247391399
103319.310664,-0.0323263233,-0.0715135469,0.0395568484,0.0395568484,1.48231338,787,48.3282548,0.247488126
103319.320693,-0.0305072985,-0.0771126686,0.0401971444,0.0401971444,1.48187508,787,53.230171,0.247488126
103319.330722,-0.0275963684,-0.076361008,0.0385044659,0.0385044659,1.48150106,787,47.4551207,0.247766424
103319.340751,-0.0354231151,-0.0770482997,0.0396284645,0.0396284645,1.48109951,787,59.7717959,0.248271262
103319.350780,-0.0404290698,-0.0720430788,0.0376534893,0.0376534893,1.48067435,787,66.9810297,0.248517839
103319.360809,-0.0470791174,-0.0713359794,0.0391162264,0.0391162264,1.48023184,787,70.5022075,0.248622271
103319.370839,-0.0490434583,-0.0561138193,0.0375491679,0.0375491679,1.47973732,787,65.6193114,0.248341921
103319.380868,-0.0502394326,-0.0569334377,0.0389296916,0.0389296916,1.47927617,787,64.8487983,0.248480075
103319.390897,-0.0513993835,-0.05223311,0.0389258053,0.0389258053,1.47881752,787,68.8856683,0.248480075
103319.400926,-0.0389928801,-0.0480506737,0.0367059532,0.0367059532,1.47846457,787,59.0142963,0.248325922
103319.410955,-0.0276306438,-0.0407911948,0.0372088048,0.0372088048,1.47817672,787,60.0563256,0.248207099
103319.420984,-0.0218963492,-0.037846421,0.0350625104,0.0350625104,1.47792998,787,59.5894705,0.248612048
103319.431013,-0.0202872381,-0.0331731994,0.0347467766,0.0347467766,1.47767813,787,64.4767015,0.248716064
103319.441042,-0.0101810892,-0.017363125,0.0337199655,0.0337199655,1.47740033,787,62.5636315,0.248648045
103319.451071,-6.84531953e-05,-0.00322549779,0.0336866515,0.0336866515,1.47710231,787,49.2614468,0.248862671
103319.461100,0.0151594233,0.00836290223,0.0362047128,0.0362047128,1.47683732,787,45.3063588,0.24859728
103319.471129,0.0184160552,0.0176178388,0.0365094819,0.0365094819,1.47654011,787,43.7573464,0.24859728
103319.481158,0.0336003028,0.0280411971,0.0389114913,0.0389114913,1.47629558,787,42.2677957,0.248418956
103319.491188,0.0378059828,0.0365548692,0.0396721331,0.0396721331,1.47604617,787,45.0748615,0.248270858
103319.501217,0.0428692435,0.0308861991,0.0383146036,0.0383146036,1.47589301,787,40.2320596,0.247907716
103319.511246,0.043249264,0.0304785635,0.0393893709,0.0393893709,1.47576519,787,47.2185596,0.248019714
103319.521275,0.0491856746,0.0325202617,0.0369962401,0.0369962401,1.47569402,787,49.1734539,0.248019714
103319.531304,0.0424929233,0.0214130493,0.0377099242,0.0377099242,1.47564536,787,52.6904095,0.247850916
103319.541333,0.0372430258,0.0209732117,0.0369286045,0.0369286045,1.47556645,787,54.9438206,0.247574109
103319.551362,0.036315374,0.0231740948,0.0351825735,0.0351825735,1.47547986,787,53.5795704,0.247609087
103319.561391,0.0348819503,0.0253674623,0.0360307001,0.0360307001,1.47538228,787,54.3288147,0.247392342
103319.571420,0.0306423296,0.0164095257,0.0348145303,0.0348145303,1.47529809,787,53.5955736,0.247072453
103319.581449,0.0257341448,0.0250828206,0.0356301364,0.0356301364,1.47514127,787,54.7085784,0.247072453
103319.591478,0.0239206068,0.0193235796,0.0359129369,0.0359129369,1.4750018,787,50.1820555,0.247160509
103319.601507,0.0168942801,0.0313391919,0.0348679788,0.0348679788,1.4747613,787,58.0351371,0.247189915
103319.611536,0.00856865996,0.0302318284,0.0358655956,0.0358655956,1.47446194,787,57.4908913,0.24692306
103319.621566,0.0084867415,0.0271641775,0.0342839883,0.0342839883,1.47418503,787,60.6019067,0.247019569
103319.631595,0.00069444342,0.020859749,0.0340798025,0.0340798025,1.47386696,787,56.7835731,0.247019569
103319.641624,-0.00339586286,0.00568214396,0.0331309867,0.0331309867,1.473567,787,59.3468146,0.247019569
103319.651653,0.00119621584,-0.000773514351,0.0327381446,0.0327381446,1.47333613,787,71.7106297,0.247019569
103319.661682,-0.00124233658,-0.0160326338,0.0344241256,0.0344241256,1.47313622,787,78.0900206,0.247019569
103319.671711,0.00283413722,-0.0239157473,0.0348955156,0.0348955156,1.47300672,787,62.6950939,0.2470166
103319.681740,0.00655222217,-0.0263578364,0.037559007,0.037559007,1.47292635,787,49.5818333,0.2470166
103319.691769,0.01002782,-0.0224410711,0.0371494575,0.0371494575,1.47286845,787,47.5182618,0.2470166
103319.701798,0.0122275067,-0.017519989,0.0387502671,0.0387502671,1.47281503,787,48.3513493,0.2470166
103319.711827,0.0135231403,-0.0211325507,0.0381285581,0.0381285581,1.4727896,787,46.5984681,0.2470166
103319.721856,0.0137089418,-0.00832088335,0.0351668982,0.0351668982,1.47271672,787,63.2892769,0.2470166
103319.731885,0.0164475783,-0.00251394756,0.034787237,0.034787237,1.47264706,787,69.3840173,0.2470166
103319.741914,0.0220372152,0.0102988464,0.0340000904,0.0340000904,1.4725804,787,63.7018851,0.246444902
103319.751944,0.0147548456,0.0211951999,0.0356919562,0.0356919562,1.47241187,787,63.1986588,0.246444902
103319.761973,0.011539417,0.0320070218,0.0365170085,0.0365170085,1.4721863,787,53.6117299,0.246444902
103319.772002,0.019631485,0.0304254405,0.0354405515,0.0354405515,1.47205589,787,65.1621258,0.246444902
103319.782031,0.0150657498,0.0333342391,0.0368381714,0.0368381714,1.47188796,787,72.7011666,0.246444902
103319.792060,0.0131802201,0.042184419,0.0356198491,0.0356198491,1.47169652,787,69.8730423,0.246444902
103319.802089,0.00401523931,0.0391281661,0.0362941111,0.0362941111,1.47144433,787,71.2335292,0.246444902
103319.812118,-6.41542313e-05,0.0264063759,0.0350801319,0.0350801319,1.47119288,787,68.3443014,0.246444902
103319.822147,0.00247540861,0.0179202963,0.0330937928,0.0330937928,1.47099023,787,74.1892521,0.246494879
103319.832176,0.00671721442,0.0087916986,0.0333617681,0.0333617681,1.47084876,787,74.2408996,0.24651326
103319.842205,0.019389926,0.00942482115,0.0332219526,0.0332219526,1.47083364,787,75.3858656,0.246478187
103319.852234,0.0214420053,0.00295163659,0.0345724289,0.0345724289,1.47084818,787,66.2641736,0.246478187
103319.862263,0.015675481,0.00891223185,0.0351728001,0.0351728001,1.47079948,787,60.3403111,0.246478187
103319.872292,0.0165960883,0.00463540048,0.0341438788,0.0341438788,1.47076642,787,63.4027555,0.246478187
103319.882321,0.0188383064,0.00604361967,0.0346399754,0.0346399754,1.47075494,787,63.9995568,0.246583776
103319.892351,0.0202085312,0.0061754399,0.0336337138,0.0336337138,1.47075761,787,62.1108546,0.246284606
103319.902380,0.0141660647,0.00302765523,0.0346670253,0.0346670253,1.4707044,787,56.9140381,0.246284606
103319.912409,0.0242265403,-0.00565740459,0.0357144799,0.0357144799,1.47075849,787,50.9201057,0.246284606
103319.922438,0.0253278349,-0.0113484221,0.0358092855,0.0358092855,1.47082792,787,42.5484888,0.246200933
103319.932467,0.0326156802,-0.0140409543,0.0384846382,0.0384846382,1.47097091,787,41.5457365,0.246200933
103319.942496,0.0301176632,-0.0214128716,0.0374054556,0.0374054556,1.47109689,787,43.9646414,0.246200933
103319.952525,0.0288370183,-0.0230245872,0.0380789839,0.0380789839,1.47121322,787,51.4074682,0.246200933
103319.962554,0.0263610926,-0.0201511862,0.0372591296,0.0372591296,1.47130192,787,53.9512304,0.246200933
103319.972583,0.0245799586,-0.0171822709,0.035415637,0.035415637,1.47136881,787,56.4708632,0.246209207
103319.982612,0.0231627443,-0.0181462649,0.0368776822,0.0368776822,1.47142399,787,47.0495275,0.246377606
103319.992641,0.0132890656,-0.0194841191,0.0357742732,0.0357742732,1.47138741,787,51.7288135,0.246377606
103320.002670,0.0215871458,-0.0140569304,0.0366951433,0.0366951433,1.47142222,787,55.4541499,0.246150318
103320.012699,0.0241989082,-0.00766841257,0.0353464913,0.0353464913,1.47146849,787,50.1138282,0.245844439
103320.022728,0.0200990101,-0.0149273584,0.0362962354,0.0362962354,1.47149034,787,54.409145,0.246069136
103320.032758,0.0129841987,-0.0090270421,0.0362314842,0.0362314842,1.47143121,787,47.7985861,0.246056909
103320.042787,0.0201915521,-0.00951276788,0.0347574447,0.0347574447,1.47144357,787,57.1811394,0.246182408
103320.052816,0.0124743455,-0.00675701705,0.0350892709,0.0350892709,1.47137574,787,59.26911,0.246101458
103320.062845,0.0116629001,-0.00529189201,0.0335499699,0.0335499699,1.47129815,787,64.6230055,0.246529871
103320.072874,0.00952235504,-0.00711474223,0.0336297832,0.0336297832,1.47120609,787,65.6629527,0.246529871
103320.082903,0.00549170535,-0.00287595899,0.0332354506,0.0332354506,1.47106734,787,64.7827418,0.246616551
103320.092932,0.00417289187,0.000628382178,0.0324575486,0.0324575486,1.47091031,787,69.3696352,0.246349207
103320.102960,-0.00833813356,0.00511624603,0.0325381256,0.0325381256,1.47062639,787,76.0705677,0.246349207
103320.112989,0.00207641337,0.00490063875,0.0321552614,0.0321552614,1.4704481,787,83.5277355,0.246349207
103320.123018,-0.00042184924,0.00632884739,0.0325085822,0.0325085822,1.47024647,787,88.9592842,0.246349207
103320.133047,0.00813274828,0.00276699665,0.0328712084,0.0328712084,1.47013902,787,92.2694697,0.246349207
103320.143076,0.00302300712,0.0110413905,0.032693583,0.032693583,1.46996727,787,87.0573715,0.246349207
103320.153105,0.00347393568,0.00871087719,0.0330802873,0.0330802873,1.46980929,787,90.5137852,0.246349207
103320.163134,-0.00797284056,0.00430098347,0.0327873274,0.0327873274,1.46955346,787,86.936034,0.246545871
103320.173163,-0.0114267632,0.00864391741,0.0340019965,0.0340019965,1.46926115,787,78.3712739,0.246545871
103320.183193,-0.0176914918,-0.000285323769,0.0347514745,0.0347514745,1.46893124,787,70.178966,0.246545871
103320.193222,-0.0211355921,-0.00349389117,0.0346295152,0.0346295152,1.46858129,787,57.7927943,0.246826176
103320.203251,-0.0243988867,-0.0025663695,0.0363300445,0.0363300445,1.46820572,787,57.5620763,0.246886377
103320.213280,-0.0237166462,-0.0108609859,0.0351881931,0.0351881931,1.46786389,787,57.9944422,0.246886377
103320.223309,-0.0253052568,-0.0127073911,0.0358248506,0.0358248506,1.46752233,787,58.261407,0.246886377
103320.233338,-0.0141793721,-0.0163960467,0.0344504201,0.0344504201,1.46730822,787,59.9821301,0.24653852
103320.243367,-0.00417993853,-0.0158098159,0.0327872206,0.0327872206,1.4671957,787,67.8616769,0.24653852
103320.253396,0.00874769919,-0.0116994058,0.0327289017,0.0327289017,1.46719546,787,70.9417464,0.246292835
103320.263425,0.0110955918,-0.0117948926,0.0324408525,0.0324408525,1.46721827,787,75.4624619,0.245999125
103320.273454,0.0182273267,-0.01342642,0.0327885273,0.0327885273,1.46731272,787,81.2123667,0.24598717
103320.283483,0.0129830522,-0.0157385951,0.0328304322,0.0328304322,1.46736625,787,73.1482206,0.245744031
103320.293512,0.00572613464,-0.0218146054,0.0324039901,0.0324039901,1.46737781,787,79.5422639,0.245744031
103320.303541,0.00114711326,-0.0245319441,0.0330490716,0.0330490716,1.46736465,787,75.9275957,0.245744031
103320.313570,0.00366840654,-0.023466415,0.0330971262,0.0330971262,1.46737639,787,77.9636787,0.245513654
103320.323600,0.000501882379,-0.0247524693,0.0348525546,0.0348525546,1.46737255,787,81.0993819,0.245513654
103320.333629,0.0038408936,-0.0277800546,0.0359690159,0.0359690159,1.46741941,787,76.1996221,0.245513654
103320.343658,0.00663976183,-0.0368606719,0.0353865402,0.0353865402,1.46754474,787,72.8180392,0.245517735
103320.353687,0.0139027354,-0.0310112901,0.0366166798,0.0366166798,1.46770352,787,65.3700815,0.245541304
103320.363716,0.0021985935,-0.0235135127,0.0352148275,0.0352148275,1.46772734,787,54.0759925,0.245397781
103320.373745,0.00912942624,-0.0108713365,0.0360197228,0.0360197228,1.46773361,787,60.9567706,0.245397781
103320.383774,0.0107134202,-0.0164821199,0.0346453588,0.0346453588,1.46778574,787,60.5361113,0.245327131
103320.393803,0.00372163074,-0.0194717454,0.0349859295,0.0349859295,1.46780176,787,63.7580355,0.245327131
103320.403832,0.00555447616,-0.00810868877,0.0338795585,0.0338795585,1.46776316,787,65.3444984,0.245327131
103320.413861,-0.000910237048,-0.00311108882,0.0326547805,0.0326547805,1.46764511,787,64.413102,0.245327131
103320.423890,-0.0117693886,0.00384752682,0.033097556,0.033097556,1.4674036,787,69.1361586,0.24536552
103320.433919,-0.0080205781,0.00410299927,0.0332417018,0.0332417018,1.46719387,787,73.6896053,0.24536552
103320.443948,-0.0219516044,0.0105701096,0.0346455267,0.0346455267,1.46684258,787,73.0371631,0.245273894
103320.453977,-0.0192197983,0.0131982989,0.0354755381,0.0354755381,1.46650234,787,62.8545803,0.24540123
103320.464006,-0.0244173597,0.00938754281,0.0351027531,0.0351027531,1.46615506,787,55.5206471,0.245460502
103320.474035,-0.0334980016,0.0153517835,0.0370480503,0.0370480503,1.46571086,787,48.1102442,0.245856865
103320.484065,-0.0302672481,0.00489657293,0.0366164739,0.0366164739,1.4653731,787,43.9266235,0.245856865
103320.494094,-0.0289617048,0.00481999254,0.0386273011,0.0386273011,1.46505869,787,51.152024,0.245856865
103320.504123,-0.0431640989,0.00486892771,0.0392427551,0.0392427551,1.46467077,787,49.0325717,0.245556587
103320.514152,-0.0300430538,0.00693408685,0.037366332,0.037366332,1.46437154,787,53.0355723,0.245556587
103320.524181,-0.0339512329,0.00387269973,0.0381583418,0.0381583418,1.4640981,787,55.7334779,0.245556587
103320.534210,-0.0307159634,0.00559381408,0.0357275315,0.0357275315,1.46385289,787,60.6866387,0.245556587
103320.544239,-0.0272602077,-0.00318484899,0.0361465122,0.0361465122,1.46372874,787,59.076601,0.245556587
103320.554268,-0.021746343,-0.000148555649,0.0355835102,0.0355835102,1.46361781,787,60.5171168,0.245556587
103320.564297,-0.0135531117,-0.00872705921,0.0343795183,0.0343795183,1.46362374,787,56.624064,0.245556587
103320.574326,-0.0133521738,-0.0106055674,0.0351494413,0.0351494413,1.46365689,787,56.2105998,0.245556587
103320.584355,-0.00648361215,-0.00883488098,0.0339215914,0.0339215914,1.46368623,787,61.2116308,0.245646258
103320.594384,-0.00672776421,-0.00912139612,0.0350290725,0.0350290725,1.46371969,787,52.4888842,0.245462119
103320.604413,-0.00155405445,-0.0015385026,0.0358827657,0.0358827657,1.46368291,787,42.9937894,0.245462119
103320.614442,-0.000139634207,-0.0133628454,0.0351113202,0.0351113202,1.46376384,787,50.3239653,0.245462119
103320.624471,0.000480255509,-0.0129789473,0.0363311273,0.0363311273,1.46383982,787,59.4831396,0.245308218
103320.634500,-0.00134298362,-0.0150855773,0.0349923613,0.0349923613,1.46393397,787,56.8234533,0.245308218
103320.644530,-0.00361370862,-0.0117211311,0.0359227259,0.0359227259,1.46399245,787,55.6513343,0.245308218
103320.654559,-0.00472825764,-0.0212835316,0.0362219289,0.0362219289,1.46414408,787,49.5272907,0.244684333
103320.664588,-0.00290207523,-0.0199256349,0.0353485224,0.0353485224,1.46428037,787,44.3439044,0.244684333
103320.674617,-0.0107373801,-0.0128328362,0.0367860276,0.0367860276,1.46434543,787,44.5231621,0.244684333
103320.684646,-0.00706212566,-0.0202098958,0.0353269272,0.0353269272,1.4644832,787,47.6784121,0.244684333
103320.694675,-0.001815857,-0.0106349113,0.0357224827,0.0357224827,1.46452263,787,51.4797613,0.244684333
103320.704704,-0.000588223048,-0.00912627181,0.0340071237,0.0340071237,1.46454592,787,51.391709,0.244732332
103320.714733,-0.00399098491,-0.0097898377,0.0344121386,0.0344121386,1.46457703,787,52.2513082,0.244732332
103320.724762,-0.00744156068,-0.000139866106,0.03413193,0.03413193,1.4645157,787,49.4917163,0.244732332
103320.734791,-0.00303445954,-0.0015899269,0.0328775021,0.0328775021,1.46446728,787,64.1069221,0.244732332
103320.744820,0.00157347334,0.00462317252,0.0332130114,0.0332130114,1.46435516,787,61.9073347,0.244732332
103320.754849,0.00272237218,0.000987546781,0.0326581079,0.0326581079,1.46428004,787,58.3164467,0.244533908
103320.764878,0.00923962577,0.00517897823,0.0330218556,0.0330218556,1.46416182,787,66.5671562,0.244476158
103320.774907,0.00612504979,0.0051776385,0.033004672,0.033004672,1.46404921,787,64.1502527,0.244476158
103320.784936,-0.0011809538,0.00334047534,0.0325848446,0.0325848446,1.46395942,787,58.964033,0.244476158
103320.794966,-0.00192694733,-0.00250867656,0.033019509,0.033019509,1.4639292,787,63.8299888,0.244476158
103320.804995,-0.00397016207,0.00174424993,0.0327823608,0.0327823608,1.4638589,787,68.004674,0.244476158
103320.815024,-0.0134693173,-0.00478112662,0.0337120877,0.0337120877,1.46386234,787,62.7828112,0.244476158
103320.825053,-0.0160746632,0.00179623859,0.0342551821,0.0342551821,1.46381168,787,57.476937,0.244630685
103320.835082,-0.0146371393,-0.00106597497,0.0339110178,0.0339110178,1.46379598,787,51.5015087,0.244630685
103320.845111,-0.0153937051,-0.00974474688,0.0354104158,0.0354104158,1.46387221,787,53.0017425,0.244630685
103320.855140,-0.020527132,-0.0098673726,0.0349795386,0.0349795386,1.463969,787,49.0937439,0.244630685
103320.865169,-0.0178901451,-0.0125220765,0.0369967661,0.0369967661,1.46408817,787,48.2249084,0.244630685
103320.875198,-0.0308195356,-0.0103977825,0.0376631562,0.0376631562,1.46424304,787,41.2963545,0.244630685
103320.885227,-0.0302305171,-0.0171696122,0.0365525025,0.0365525025,1.4644675,787,43.379471,0.244630685
103320.895256,-0.024624614,-0.0258858719,0.0378890998,0.0378890998,1.46474264,787,45.6371904,0.244630685
103320.905285,-0.0213746165,-0.0220059408,0.0362493354,0.0362493354,1.46496504,787,47.630416,0.244110528
103320.915314,-0.0209483563,-0.0283210199,0.0371113019,0.0371113019,1.46523475,787,45.885224,0.244110528
103320.925343,-0.0153898305,-0.0296156887,0.0362313088,0.0362313088,1.46548146,787,53.6255892,0.243989048
103320.935372,-0.0143408173,-0.0226849128,0.0347652621,0.0347652621,1.46565983,787,49.9451228,0.243989048
103320.945401,-0.0154579403,-0.0228220695,0.0357711353,0.0357711353,1.4658416,787,47.022027,0.243989048
103320.955430,-0.0116241359,-0.0253322646,0.0342226807,0.0342226807,1.4660212,787,51.5952326,0.243989048
103320.965460,-0.0161862304,-0.0323367681,0.0348605419,0.0348605419,1.46627962,787,52.581842,0.243989048
103320.975489,-0.00283874431,-0.0342913965,0.0345420323,0.0345420323,1.46648425,787,54.3315365,0.243989048
103320.985518,0.0067156788,-0.0308524673,0.033569715,0.033569715,1.46661525,787,59.0913157,0.243989048
103320.995547,-0.000642676196,-0.0341961777,0.0342633411,0.0342633411,1.46681154,787,68.3006158,0.244117165
103321.005576,0.000668656907,-0.034211662,0.0335087699,0.0335087699,1.4670023,787,75.157325,0.244421267
103321.015605,0.00197898638,-0.0296478317,0.0343432346,0.0343432346,1.46714652,787,74.2541466,0.244411528
103321.025634,0.00157285502,-0.0328470798,0.0336480505,0.0336480505,1.46732151,787,73.2251921,0.244411528
103321.035663,0.00304405564,-0.0275361772,0.0342412208,0.0342412208,1.46744196,787,79.7714405,0.244533939
103321.045692,-0.00489892838,-0.0213078852,0.0339420671,0.0339420671,1.46753116,787,83.6335093,0.244533939
103321.055721,-0.00488947205,-0.0210093093,0.0331123788,0.0331123788,1.46761593,787,90.6241618,0.244533939
103321.065750,-0.0101783471,-0.021052447,0.0337135618,0.0337135618,1.46771723,787,81.3538717,0.244533939
103321.075779,-0.00766023111,-0.0157660471,0.0329310028,0.0329310028,1.46775929,787,91.0948026,0.24441219
103321.085808,-0.0107334266,-0.0166946223,0.0333747367,0.0333747367,1.46781971,787,87.8396444,0.244909116
103321.095837,-0.00851598262,-0.0142921159,0.0334024164,0.0334024164,1.46784934,787,84.2445291,0.244725104
103321.105866,-0.0118547149,-0.0161307872,0.0330001344,0.0330001344,1.46790724,787,70.5418731,0.244961787
103321.115895,-0.0126804885,-0.0161117271,0.033847861,0.033847861,1.46796723,787,67.5585566,0.244961787
103321.125924,-0.0142587363,-0.0149181801,0.0333916772,0.0333916772,1.46802157,787,79.8429529,0.2451681
103321.135953,-0.0174742548,-0.0106264382,0.0341552441,0.0341552441,1.46804934,787,80.9057088,0.24546118
103321.145983,-0.0211921924,-0.0107662574,0.0342263772,0.0342263772,1.46809496,787,77.9974993,0.245503889
103321.156012,-0.0121163553,-0.0104746504,0.0336346154,0.0336346154,1.46810171,787,64.6350675,0.245728844
103321.166041,-0.0176191817,-0.0181739002,0.0343364277,0.0343364277,1.46820061,787,71.3741076,0.245719052
103321.176070,-0.015616124,-0.0137903639,0.0332105581,0.0332105581,1.46825108,787,83.3615777,0.245858851
103321.186099,-0.0114573694,-0.015191649,0.0333070697,0.0333070697,1.46829516,787,78.8950475,0.245754091
103321.196128,-0.00867263727,-0.0111398128,0.0331116607,0.0331116607,1.46829061,787,89.9448601,0.246162571
103321.206157,0.00664601068,-0.0153713456,0.0329906512,0.0329906512,1.4682561,787,87.3233153,0.245866314
103321.216186,0.0114142665,-0.0162023547,0.0364278451,0.0364278451,1.46821226,787,73.9671833,0.245866314
103321.226215,0.0243050954,-0.0200966387,0.0343733785,0.0343733785,1.46815982,787,67.1281327,0.245589988
103321.236244,0.0210539724,-0.0192208565,0.0360815477,0.0360815477,1.46812374,787,57.4906405,0.245538492
103321.246273,0.0257646587,-0.00532227974,0.0369207137,0.0369207137,1.46795379,787,55.4107372,0.245315942
103321.256302,0.0336459083,-0.00398132742,0.0364185344,0.0364185344,1.46776382,787,45.5242673,0.245315942
103321.266331,0.0284693065,0.00659231159,0.0388759894,0.0388759894,1.46750352,787,50.5249958,0.245185125
103321.276360,0.0363954946,0.0030525778,0.0386352593,0.0386352593,1.46727985,787,41.3331183,0.245041164
103321.286389,0.0452101879,-0.00121867483,0.0413003712,0.0413003712,1.4671136,787,43.9672958,0.245334291
103321.296418,0.0517296978,-0.00771381493,0.042465932,0.042465932,1.46704701,787,45.8237655,0.245375101
103321.306447,0.0468839586,-0.0168303734,0.0407263136,0.0407263136,1.46711163,787,42.9889973,0.245492165
103321.316477,0.0467225006,-0.0189004324,0.04156739,0.04156739,1.46722877,787,50.3804282,0.245559524
103321.326506,0.0330771328,-0.0202235886,0.0377708786,0.0377708786,1.46735961,787,51.2601971,0.245559524
103321.336535,0.0167135831,-0.0120258242,0.0364204149,0.0364204149,1.4673862,787,56.7896173,0.245559524
103321.346564,0.000764502302,-0.0088619053,0.0345017747,0.0345017747,1.46735003,787,58.1655916,0.245559524
103321.356593,-0.00873206175,-0.00336652267,0.0329184255,0.0329184255,1.46724275,787,66.5129428,0.245518522
103321.366622,-0.00458120631,0.0151951739,0.0328108914,0.0328108914,1.46696735,787,69.4685097,0.245525255
103321.376651,0.00316006906,0.01693377,0.0323225815,0.0323225815,1.46669572,787,74.95004,0.245355657
103321.386680,0.00843704742,0.0219608389,0.0335738882,0.0335738882,1.46639355,787,74.6451576,0.245355657
103321.396709,0.0194256021,0.0237653844,0.0345051294,0.0345051294,1.46611201,787,69.2127379,0.245355657
103321.406738,0.0368673741,0.0333945749,0.0374974064,0.0374974064,1.46581866,787,60.2122878,0.245252187
103321.416767,0.0457658453,0.0399970628,0.0393470616,0.0393470616,1.46555974,787,47.8564973,0.24501935
103321.426796,0.0434015884,0.0417064255,0.0387826974,0.0387826974,1.46535604,787,42.6709566,0.245002561
103321.436825,0.0449961137,0.0476720812,0.0409827344,0.0409827344,1.46520801,787,43.5248827,0.24475423
103321.446854,0.0419527582,0.0407013583,0.03877678,0.03877678,1.46518123,787,49.3964313,0.244527656
103321.456883,0.0370804714,0.0409145772,0.0387543342,0.0387543342,1.46519181,787,59.0033564,0.244527656
103321.466912,0.03448721,0.033181891,0.0367122125,0.0367122125,1.46527627,787,61.4969959,0.244467511
103321.476941,0.0309227838,0.0143530486,0.0338224635,0.0338224635,1.46542844,787,68.4632014,0.2445912
103321.486970,0.0258033563,0.00676871989,0.0330776443,0.0330776443,1.46556391,787,75.8627308,0.24464727
103321.496999,0.0113266539,-0.00509792978,0.0328183604,0.0328183604,1.4655981,787,69.3420313,0.244096919
103321.507029,0.0114404502,-0.0206738783,0.0353350324,0.0353350324,1.4656818,787,56.5483233,0.243943925
103321.517058,0.0101421745,-0.02086641,0.0364436638,0.0364436638,1.46575792,787,48.4566246,0.243943925
103321.527087,0.0154326881,-0.0244378974,0.0354636586,0.0354636586,1.46589944,787,46.9008042,0.243780306
103321.537116,0.0105956425,-0.0207797177,0.0355747386,0.0355747386,1.46598519,787,58.8418361,0.244314284
103321.547145,0.00520149375,-0.0106947474,0.0335838686,0.0335838686,1.46598157,787,65.9691945,0.244314284
103321.557174,-0.0173865909,-0.00904288638,0.0348260202,0.0348260202,1.4657747,787,60.6150123,0.244314284
103321.567203,-0.0232570869,-0.00211662547,0.0367164935,0.0367164935,1.46549339,787,51.7378123,0.244295929
103321.577232,-0.0299746571,-0.00367444336,0.0367609471,0.0367609471,1.46517369,787,44.9201077,0.243661671
103321.587261,-0.0415902152,-0.00862191114,0.0387075332,0.0387075332,1.4648053,787,46.4145636,0.243661671
103321.597290,-0.0307773823,-0.00830594751,0.0365910876,0.0365910876,1.46454873,787,49.8411784,0.243525595
103321.607319,-0.0276265605,-0.00820122123,0.0366831886,0.0366831886,1.46433825,787,52.6926604,0.243525595
103321.617348,-0.0146075601,-0.0114406552,0.0353018157,0.0353018157,1.46425925,787,59.0009394,0.243921612
103321.627377,-0.00917306295,-0.00960047375,0.0337255173,0.0337255173,1.46421164,787,60.7413184,0.243921612
103321.637406,-0.0106325446,-0.0109845765,0.0347721526,0.0347721526,1.46417291,787,54.1035397,0.243921612
103321.647435,-0.013531148,-0.000384010962,0.0343858974,0.0343858974,1.46403972,787,59.0314555,0.243788279
103321.657464,-0.0259422957,-0.0069599105,0.0366039621,0.0366039621,1.4639078,787,58.0283861,0.243788279
103321.667493,-0.0328380591,-0.00612681511,0.0381007554,0.0381007554,1.46376865,787,53.7446328,0.243788279
103321.677522,-0.0450875019,-0.00413755587,0.0373522173,0.0373522173,1.46362472,787,47.0744904,0.244327181
103321.687551,-0.0514092235,-0.00913743696,0.0388582925,0.0388582925,1.46361036,787,46.4298296,0.244117254
103321.697580,-0.0359599108,-0.0119913078,0.0365648253,0.0365648253,1.46370255,787,51.446245,0.244117254
103321.707610,-0.0269426098,-0.0116436684,0.0368691861,0.0368691861,1.46381235,787,55.3176416,0.243715487
103321.717639,-0.0156325778,-0.0197554355,0.0346578021,0.0346578021,1.46398546,787,57.3840647,0.243715487
103321.727668,-0.0156599654,-0.0244266655,0.0342980653,0.0342980653,1.46420262,787,68.9810277,0.243975491
103321.737697,-0.00802572793,-0.0198613867,0.0335066411,0.0335066411,1.46435208,787,68.490989,0.243975491
103321.747726,-0.00206165112,-0.015674387,0.0328963622,0.0328963622,1.4644422,787,69.532408,0.243975491
103321.757755,0.00291981521,-0.0232143243,0.0338756336,0.0338756336,1.46458893,787,67.2694291,0.243975491
103321.767784,0.00216790782,-0.0272185765,0.0339098401,0.0339098401,1.464775,787,63.3813494,0.243623542
103321.777813,0.00603172813,-0.0242807488,0.0354550465,0.0354550465,1.46492312,787,61.4334207,0.243623542
103321.787842,0.00448186759,-0.0245164505,0.0360633416,0.0360633416,1.46507646,787,57.9029519,0.243623542
103321.797871,0.00617317771,-0.0330487761,0.03504478,0.03504478,1.46530894,787,65.7657651,0.243561955
103321.807900,0.000416837374,-0.032219612,0.0365100591,0.0365100591,1.46553949,787,53.5288116,0.243402969
103321.817929,0.0029432092,-0.0328452524,0.0353508847,0.0353508847,1.46576893,787,61.6253916,0.243270308
103321.827958,0.00284294971,-0.0346696394,0.0363777643,0.0363777643,1.46601286,787,62.8257944,0.243270308
103321.837987,-0.000494608821,-0.0366148077,0.0364518699,0.0364518699,1.46627532,787,65.4554618,0.243301256
103321.848016,-0.00768704782,-0.0285860541,0.0353300931,0.0353300931,1.46646192,787,54.613409,0.242836431
103321.858045,-0.00307014083,-0.0297137333,0.0367280864,0.0367280864,1.46665086,787,52.1330879,0.242704934
103321.868074,-0.0024519322,-0.0269522838,0.0355024117,0.0355024117,1.46680842,787,60.2138196,0.242704934
103321.878103,0.00865852039,-0.0300497866,0.0368965732,0.0368965732,1.46698202,787,56.3367272,0.242217251
103321.888132,0.0134634583,-0.0233245513,0.037045972,0.037045972,1.46708509,787,57.4983697,0.242427017
103321.898161,0.019815854,-0.015971205,0.036113747,0.036113747,1.46711522,787,47.9955726,0.242687894
103321.908190,0.0166690717,-0.0169509932,0.0380215532,0.0380215532,1.4671612,787,43.1909509,0.242484187
103321.918219,0.0247712344,-0.0141336243,0.037352899,0.037352899,1.46718545,787,37.8437562,0.242484187
103321.928249,0.0312291623,-0.00338180385,0.0393561016,0.0393561016,1.46711846,787,45.7492944,0.242817548
103321.938278,0.0348881806,-0.0032496248,0.040518237,0.040518237,1.46707205,787,39.7213568,0.242817548
103321.948307,0.041614927,-0.00271800393,0.0393923292,0.0393923292,1.46705403,787,40.311116,0.242817548
103321.958336,0.05070626,-0.00184721791,0.0416962694,0.0416962694,1.46707987,787,39.3319263,0.242817548
103321.968365,0.0520102306,-0.00653875205,0.0406648762,0.0406648762,1.46719063,787,37.7806428,0.24293781
103321.978394,0.0567179342,-0.00750138655,0.0428918617,0.0428918617,1.46736201,787,37.0245161,0.24293781
103321.988423,0.0603785971,-0.0119463806,0.0435906223,0.0435906223,1.46762171,787,37.1420376,0.242815906
103321.998452,0.0730493573,-0.00672711934,0.0415201187,0.0415201187,1.46793678,787,31.4334865,0.242815906
103322.008481,0.0587296537,-0.00284401863,0.0427588118,0.0427588118,1.46817225,787,34.5397854,0.243185416
103322.018510,0.0639939827,0.00188258892,0.0398318136,0.0398318136,1.46843062,787,43.2864775,0.243185416
103322.028539,0.0598328757,0.00630647225,0.0411313002,0.0411313002,1.46865555,787,37.3982474,0.243185416
103322.038568,0.0556959324,0.00363012326,0.0394610372,0.0394610372,1.46888958,787,37.6457781,0.243185416
103322.048597,0.0561711335,0.00984713538,0.0415218206,0.0415218206,1.46910451,787,35.2820153,0.243185416
103322.058626,0.0648810553,0.0108485141,0.0421128654,0.0421128654,1.46940191,787,37.4073348,0.243185416
103322.068655,0.0763245667,0.0101237164,0.0401496114,0.0401496114,1.46981796,787,40.55615,0.243185416
103322.078684,0.0782389908,0.00827134886,0.041348094,0.041348094,1.47027691,787,38.4374951,0.243185416
103322.088713,0.0753811046,0.0087001438,0.0387694185,0.0387694185,1.47072047,787,39.651198,0.243185416
103322.098742,0.0439751771,0.00213717653,0.0392624521,0.0392624521,1.47091532,787,38.1507825,0.243037296
103322.108771,0.0394822298,-0.00982519934,0.0381318818,0.0381318818,1.47111681,787,46.5299798,0.243037296
103322.118800,0.0342995377,-0.001764391,0.03577699,0.03577699,1.47123662,787,43.1220645,0.243157272
103322.128829,0.0352004616,-0.00681037957,0.0370348497,0.0370348497,1.47138274,787,41.1222865,0.243157272
103322.138859,0.0346187667,-0.00211056913,0.0358965147,0.0358965147,1.4715037,787,44.984962,0.243157272
103322.148888,0.0347972524,0.000604225543,0.0375052647,0.0375052647,1.47161528,787,39.0495418,0.243157272
103322.158917,0.0421229432,0.00235236233,0.0379734023,0.0379734023,1.47178768,787,41.978671,0.243397662
103322.168946,0.0389538136,0.00224261258,0.0366349574,0.0366349574,1.47193034,787,46.3682309,0.243191035
103322.178975,0.0307330913,0.00330137299,0.0380833044,0.0380833044,1.47199247,787,50.4040683,0.243191035
103322.189004,0.0378109606,-0.00405578125,0.03664981,0.03664981,1.4721438,787,51.5621708,0.243174898
103322.199033,0.0424382514,-0.00649532405,0.0376282608,0.0376282608,1.47234346,787,53.0015213,0.243174898
103322.209062,0.038412897,0.000317051831,0.0370411788,0.0370411788,1.47248156,787,55.7932246,0.243174898
103322.219091,0.0294815588,0.00420447082,0.0353803968,0.0353803968,1.47252303,787,50.305073,0.243174898
103322.229120,0.0289602307,0.00733649704,0.0364861387,0.0364861387,1.47255151,787,49.9368847,0.243174898
103322.239149,0.0215847528,0.00589992527,0.0354248251,0.0354248251,1.47251528,787,51.2604747,0.242918205
103322.249178,0.0249109972,0.00587755905,0.0368051309,0.0368051309,1.47251254,787,51.9507159,0.242918205
103322.259207,0.031085905,0.00601095882,0.0369477816,0.0369477816,1.47256961,787,53.5741499,0.242498944
103322.269236,0.0273534869,0.00466930337,0.0357879539,0.0357879539,1.47259458,787,49.0142149,0.242498944
103322.279265,0.0247083736,0.00446993444,0.0372178889,0.0372178889,1.47259523,787,50.9786765,0.242498944
103322.289294,0.0260276821,-0.000851088423,0.0361087559,0.0361087559,1.47262102,787,46.3119859,0.242498944
103322.299323,0.0364589434,-0.00189122176,0.0380791532,0.0380791532,1.47274881,787,49.2108116,0.242498944
103322.309352,0.0464936867,-0.00125198972,0.038917968,0.038917968,1.47296945,787,52.0009894,0.242335927
103322.319381,0.0444432634,-1.64019284e-05,0.0379470121,0.0379470121,1.47316415,787,48.7123979,0.242335927
103322.329410,0.0453157105,-0.00204869555,0.0397948507,0.0397948507,1.47336805,787,46.49441,0.242909607
103322.339439,0.0410194979,-0.000440296847,0.0379784079,0.0379784079,1.47352384,787,51.3971582,0.242909607
103322.349468,0.0402750512,0.0145627907,0.0391079812,0.0391079812,1.47364304,787,44.786157,0.243492017
103322.359497,0.0312217997,0.0144448022,0.037054364,0.037054364,1.47367579,787,47.4776163,0.243492017
103322.369527,0.0205064174,0.0154617939,0.0374675346,0.0374675346,1.47360511,787,55.8692487,0.243492017
103322.379556,0.0200165117,0.00814320236,0.036287516,0.036287516,1.47354336,787,62.1770908,0.243492017
103322.389585,0.0253976224,-0.00115838016,0.0347925176,0.0347925176,1.47354829,787,57.6617156,0.243260112
103322.399614,0.0348841322,-0.00552313909,0.036134708,0.036134708,1.47365138,787,61.0747081,0.242961257
103322.409643,0.0352554246,-0.0111160377,0.0355848145,0.0355848145,1.47376371,787,57.5760535,0.243118281
103322.419672,0.0324403705,-0.00531921153,0.0377539795,0.0377539795,1.47383853,787,52.9502045,0.242766573
103322.429701,0.0398211972,0.00132414847,0.0390805951,0.0390805951,1.47397465,787,47.2363028,0.242766573
103322.439730,0.0518102532,0.0169190156,0.0383590711,0.0383590711,1.47420623,787,49.0049962,0.243178715
103322.449759,0.0527742352,0.0182251327,0.040691074,0.040691074,1.47444532,787,42.6620426,0.243178715
103322.459788,0.045048405,0.0113556599,0.0389972258,0.0389972258,1.47461391,787,48.589088,0.242001995
103322.469817,0.0419458377,0.011092035,0.0401344707,0.0401344707,1.47475069,787,54.4800495,0.242001995
103322.479846,0.0509021025,0.000716417517,0.0397681852,0.0397681852,1.4749814,787,53.2238389,0.241527755
103322.489875,0.045567374,0.00688513857,0.0372186678,0.0372186678,1.47515115,787,56.1365347,0.241527755
103322.499904,0.0403765618,0.0102305361,0.03796684,0.03796684,1.47526534,787,54.26471,0.240836415
103322.509933,0.0316685325,0.00307711287,0.035986241,0.035986241,1.47529661,787,52.6800223,0.240736266
103322.519962,0.0325995584,0.00237427137,0.0371009068,0.0371009068,1.47533693,787,52.5663015,0.240109022
103322.529991,0.0342245737,0.0070426193,0.0378221935,0.0378221935,1.47539031,787,47.6387833,0.240109022
103322.540020,0.0350123131,0.0115434325,0.0365122474,0.0365122474,1.47544917,787,48.1194556,0.240109022
103322.550049,0.0372118321,0.0152483711,0.037920557,0.037920557,1.4755286,787,44.8064556,0.240109022
103322.560078,0.0380141271,0.0120225777,0.0362528318,0.0362528318,1.47561666,787,50.3050038,0.240109022
103322.570107,0.0314079843,0.0106172273,0.0368622737,0.0368622737,1.47563926,787,51.8825103,0.239727995
103322.580136,0.0243516966,0.00470742573,0.036054293,0.036054293,1.4755931,787,44.0747901,0.239727995
103322.590165,0.0212265989,0.00126933513,0.0341231037,0.0341231037,1.47551743,787,50.4324687,0.239727995
103322.600194,0.0112211294,-0.000145546197,0.0341629107,0.0341629107,1.47534496,787,46.1813423,0.239727995
103322.610224,0.00178794587,0.00355871804,0.0330012623,0.0330012623,1.47508295,787,54.9060178,0.239519195
103322.620253,0.00903252796,-0.00564336368,0.0332111988,0.0332111988,1.47489778,787,59.0951902,0.239831797
103322.630282,0.0125128835,-0.0155259792,0.0335083321,0.0335083321,1.47475211,787,56.5393211,0.239831797
103322.640311,0.0138707508,-0.0112707003,0.0332709048,0.0332709048,1.47462316,787,53.7191839,0.239831797
103322.650340,0.0237940804,-0.0121549376,0.0346635489,0.0346635489,1.47459541,787,58.0804723,0.239691253
103322.660369,0.0191079545,-0.00884514975,0.0342082772,0.0342082772,1.47452175,787,52.1503506,0.23925542
103322.670398,0.0180095066,-0.0135144195,0.0355178874,0.0355178874,1.47444144,787,46.0701792,0.23925542
103322.680427,0.0100754735,-0.00895328633,0.0351698112,0.0351698112,1.4742834,787,50.4059623,0.23925542
103322.690456,0.0158157,-0.00648495789,0.0337575962,0.0337575962,1.47418382,787,59.8076474,0.238980466
103322.700485,0.0158979427,-0.00913440024,0.0341594998,0.0341594998,1.47408895,787,57.8100023,0.238980466
103322.710514,0.00848177074,-0.0107129175,0.0333691915,0.0333691915,1.47392486,787,60.0241851,0.238980466
103322.720543,0.0138515539,-0.00853354847,0.0340545126,0.0340545126,1.47381565,787,59.2582377,0.238980466
103322.730572,0.00180734138,-0.0155275902,0.033553201,0.033553201,1.47359719,787,60.4181634,0.238980466
103322.740601,-0.00334289714,-0.0162326489,0.0343277329,0.0343277329,1.47333524,787,59.334858,0.238980466
103322.750630,0.00738396864,-0.0167959909,0.0341113689,0.0341113689,1.47318599,787,57.8206074,0.238980466
103322.760659,-0.000203761824,-0.0115385045,0.0332265727,0.0332265727,1.47296102,787,56.0667752,0.239300139
103322.770688,0.0160103315,-0.00591937808,0.0340928107,0.0340928107,1.47289211,787,55.8265402,0.239300139
103322.780717,0.0109144958,0.00104173872,0.0338195595,0.0338195595,1.472766,787,52.1771892,0.239300139
103322.790746,0.00659714651,0.00212903464,0.0350488207,0.0350488207,1.47259895,787,50.0800045,0.239300139
103322.800775,0.0127557261,-0.0028968634,0.0348449763,0.0348449763,1.47250155,787,51.7439061,0.23953713
103322.810804,0.00733248317,0.00406158462,0.0335914172,0.0335914172,1.47234457,787,49.3097234,0.239742202
103322.820833,0.0116561132,-0.00559652754,0.0341412615,0.0341412615,1.47224474,787,52.0743543,0.239770853
103322.830862,0.0102349681,-0.013002647,0.0335664001,0.0335664001,1.47214292,787,51.6929499,0.23964819
103322.840892,0.00869207899,-0.00591511907,0.0349501804,0.0349501804,1.47201919,787,50.3301954,0.239812792
103322.850921,0.0132393972,-0.00777140665,0.0354793771,0.0354793771,1.47194498,787,51.6358085,0.239812792
103322.860950,0.0169954049,-0.0099090248,0.0349840444,0.0349840444,1.47191224,787,43.5335277,0.239812792
103322.870979,0.0206598989,-0.00921754943,0.0364153701,0.0364153701,1.4719151,787,41.2983535,0.239511902
103322.881008,0.0212793965,-0.012606239,0.0348325979,0.0348325979,1.47192972,787,47.2494392,0.238905293
103322.891037,0.0137019805,-0.00930265364,0.0354947537,0.0354947537,1.47186575,787,48.2927827,0.238664552
103322.901066,0.0184010049,-0.00322911388,0.0352826427,0.0352826427,1.47183844,787,43.008682,0.238664552
103322.911095,0.0126014202,-0.000852103453,0.0338264049,0.0338264049,1.47175146,787,49.1576528,0.238193078
103322.921124,0.00857634187,-0.00568027178,0.034212414,0.034212414,1.47163545,787,49.1997349,0.237902494
103322.931153,0.000959424085,-0.0115022154,0.0333805632,0.0333805632,1.4714587,787,49.110234,0.237770179
103322.941182,0.00304415742,-0.00898002294,0.0340344486,0.0340344486,1.47130185,787,50.4376249,0.237648479
103322.951211,0.00758227211,-0.00456532618,0.0341702282,0.0341702282,1.47118382,787,45.8470597,0.237485896
103322.961240,0.0158823246,0.00484976379,0.0331945678,0.0331945678,1.47113026,787,48.4547295,0.237337738
103322.971269,0.0130232973,0.00825325978,0.0335937285,0.0335937285,1.47104466,787,53.4124896,0.237337738
103322.981298,0.0104583945,-0.00302244295,0.0332314254,0.0332314254,1.4709563,787,51.1354847,0.237337738
103322.991327,0.0209273261,0.00681939947,0.0349215163,0.0349215163,1.47095407,787,48.217435,0.237337738
103323.001356,0.0370466185,-0.000146169855,0.0366123415,0.0366123415,1.47112039,787,40.1074295,0.237509653
103323.011385,0.0486529061,-0.0120115677,0.0361302392,0.0361302392,1.47141534,787,43.4510542,0.237489738
103323.021414,0.0551101626,-0.00413918749,0.0375763822,0.0375763822,1.47175433,787,45.2264475,0.236998969
103323.031443,0.0473729563,-0.0113191881,0.0362761117,0.0362761117,1.47202323,787,36.5298317,0.236998969
103323.041472,0.0481037624,-0.0106618314,0.0378374461,0.0378374461,1.47229294,787,35.8695346,0.237350862
103323.051501,0.0377448912,-0.000103096659,0.036275797,0.036275797,1.47243972,787,38.2797522,0.237350862
103323.061530,0.0361143175,-0.00700740448,0.0373248973,0.0373248973,1.47257898,787,39.2544947,0.236963876
103323.071560,0.0410556022,-0.0162339469,0.0372895291,0.0372895291,1.47277865,787,39.1893303,0.236895213
103323.081589,0.0225436017,-0.00990968088,0.0354342401,0.0354342401,1.47278489,787,35.27184,0.23631871
103323.091618,0.016566525,-0.00666286158,0.0351828964,0.0351828964,1.47272774,787,41.782496,0.23631871
103323.101647,0.0131721086,0.00250502731,0.0337469218,0.0337469218,1.4726229,787,41.8684963,0.23631871
103323.111676,0.0146075418,-0.0025046572,0.0340257109,0.0340257109,1.47254273,787,48.3287519,0.23631871
103323.121705,0.00465681339,0.0111260698,0.0340540104,0.0340540104,1.47234496,787,46.7463266,0.23631871
103323.131734,-0.00479178463,0.000360343526,0.0331072163,0.0331072163,1.47207749,787,44.1656606,0.236291305
103323.141763,-0.00403764235,-0.0076603224,0.034169824,0.034169824,1.47183592,787,41.1036478,0.236444883
103323.151792,-0.00491619645,-0.00387539337,0.0336885431,0.0336885431,1.47158458,787,40.3508006,0.236444883
103323.161821,-0.00149986254,-0.00281204773,0.0352745861,0.0352745861,1.47136953,787,41.8339917,0.236444883
103323.171850,-0.00642050352,0.0086148072,0.0355335379,0.0355335379,1.47109123,787,45.6666903,0.236699243
103323.181879,-0.0198570595,0.00945677795,0.0342211537,0.0342211537,1.47068728,787,47.6408095,0.236699243
103323.191908,0.00333288205,-0.00387129096,0.0344450231,0.0344450231,1.47053817,787,42.5482446,0.236714525
103323.201937,0.00835999139,-0.0206607982,0.0334691664,0.0334691664,1.47047068,787,43.4992652,0.237461658
103323.211966,0.0173775973,-0.0209066469,0.0352827471,0.0352827471,1.47049539,787,42.3895295,0.23761464
103323.221995,0.0167937572,-0.0371807699,0.0359722109,0.0359722109,1.47055424,787,44.7272862,0.23773088
103323.232024,0.0148057509,-0.0187348183,0.0349202147,0.0349202147,1.47055578,791,36.5558792,0.236628867
103323.242053,0.0140564908,-0.0148285969,0.0347644816,0.0347644816,1.47054202,791,40.3629093,0.236259582
103323.252082,-0.00630762671,0.00425167916,0.0333398478,0.0333398478,1.47028617,791,40.6827257,0.236643663
103323.262111,-0.00969239769,0.0106835029,0.0342227067,0.0342227067,1.46998692,791,44.2787364,0.236832318
103323.272140,-0.0145312031,0.00907998719,0.0353576268,0.0353576268,1.46965207,791,38.2017646,0.237102759
103323.282169,-0.014018042,0.0132258642,0.0337149114,0.0337149114,1.46931915,791,48.6090557,0.237584603
103323.292198,-0.00182312939,0.0167475551,0.0344483715,0.0344483715,1.46910296,791,47.7911771,0.238016729
103323.302227,0.0131216762,0.023750435,0.0347259671,0.0347259671,1.46902488,791,44.8537854,0.238116777
103323.312257,0.0286282703,0.021660564,0.0369355057,0.0369355057,1.46911036,791,39.5928023,0.237901173
103323.322286,0.0298221238,0.0341074293,0.0384761559,0.0384761559,1.46919966,791,35.5768783,0.238516851
103323.332315,0.0331371614,0.0363659041,0.0386368001,0.0386368001,1.46933505,791,23.4364886,0.238538585
103323.342344,0.0153056136,0.049150739,0.0401127466,0.0401127466,1.46930878,791,34.9974132,0.238538585
103323.352373,0.00376062448,0.0379870272,0.0369013513,0.0369013513,1.46919296,791,32.3885068,0.23881671
103323.362402,0.0012346483,0.0331585004,0.0358620893,0.0358620893,1.46906778,791,41.4373894,0.23881671
103323.372431,-0.0150616601,-0.00296787503,0.0340832879,0.0340832879,1.46876179,791,41.6936629,0.23881671
103323.382460,-0.0129527482,-0.0174807862,0.0361153058,0.0361153058,1.46847239,791,43.7348092,0.23881671
103323.392489,-0.0137786059,-0.0236585903,0.0365571648,0.0365571648,1.4681822,791,43.4702358,0.23881671
103323.402518,-0.00660955923,-0.0357617421,0.0354786078,0.0354786078,1.46797723,791,39.5307943,0.238581374
103323.412547,-0.0107526112,-0.0345446464,0.0363268356,0.0363268356,1.46775315,791,43.7462593,0.238581374
103323.422576,0.00346253367,-0.0343899574,0.0353143371,0.0353143371,1.46769026,791,41.5041081,0.238417982
103323.432605,-0.00227389048,-0.0285036465,0.0375899283,0.0375899283,1.46758006,791,33.4072572,0.238417982
103323.442634,-0.00912186054,-0.0293590566,0.0388845488,0.0388845488,1.46742029,791,27.7022187,0.237755934
103323.452663,0.0055605212,-0.0355604152,0.0370324058,0.0370324058,1.46743355,791,32.2882211,0.237755934
103323.462692,-0.00348760705,-0.022216795,0.0373608948,0.0373608948,1.46733837,791,33.8710681,0.237755934
103323.472721,-6.38683743e-05,-0.0189313592,0.03457571,0.03457571,1.46727399,791,41.1014186,0.237049584
103323.482750,-0.0123007236,-0.00543698474,0.0341515218,0.0341515218,1.46705709,791,47.2453463,0.237049584
103323.492779,-0.0173341334,0.00153758173,0.0346747381,0.0346747381,1.46677544,791,45.6460942,0.236902884
103323.502808,-0.0342189677,-0.00548372926,0.0346324918,0.0346324918,1.46637056,791,41.5760287,0.236871475
103323.512837,-0.0228661442,-0.0115073461,0.0359509765,0.0359509765,1.46610582,791,41.6679987,0.237074846
103323.522866,-0.0154194102,-0.0180324087,0.0346486402,0.0346486402,1.46594841,791,43.2462292,0.237092751
103323.532895,-0.0046806139,-0.00898687602,0.0350912758,0.0350912758,1.46585402,791,41.3676147,0.237277167
103323.542924,0.000836922756,-0.0195038283,0.0344481547,0.0344481547,1.46586216,791,45.0471105,0.237277167
103323.552953,0.00263786082,-0.0160480045,0.0335714426,0.0335714426,1.46587273,791,43.9599582,0.237277167
103323.562983,0.00394516042,-0.0119485735,0.0345728117,0.0345728117,1.46587505,791,46.1353073,0.237277167
103323.573012,0.0266563347,-0.0150190541,0.0343674361,0.0343674361,1.46608219,791,43.5707826,0.237277167
103323.583041,0.0174862505,-0.0176678623,0.0362455238,0.0362455238,1.46622355,791,37.5887754,0.236635097
103323.593070,0.0099609244,-0.00951896161,0.0367871057,0.0367871057,1.46625672,791,37.1771591,0.23636384
103323.603099,0.0268221569,-0.011585771,0.0354356975,0.0354356975,1.46643912,791,36.34792,0.236109641
103323.613128,0.0159582065,-0.0110849758,0.0360672395,0.0360672395,1.46652576,791,39.4978326,0.236109641
103323.623157,0.0117387468,-0.0259881954,0.034589739,0.034589739,1.46665761,791,37.9756428,0.235860987
103323.633186,0.021189885,-0.0070191613,0.0350393838,0.0350393838,1.46676014,791,41.8658484,0.235860987
103323.643215,0.00214967743,-0.0208787083,0.0348352506,0.0348352506,1.46678374,791,40.2886827,0.235860987
103323.653244,0.01387633,-0.0145523594,0.0340562442,0.0340562442,1.46686694,791,39.3012796,0.23534593
103323.663273,0.0108639236,-0.0101828414,0.0346395094,0.0346395094,1.46689948,791,44.0041354,0.23534593
103323.673302,0.00414898368,-0.0100834358,0.0336349187,0.0336349187,1.46687773,791,40.5695819,0.23534593
103323.683331,0.00620609554,-0.00761348096,0.0342309548,0.0342309548,1.46685848,791,41.9739056,0.23534593
103323.693360,-0.000600385154,0.00264448214,0.0342684536,0.0342684536,1.46672566,791,39.3307769,0.235530055
103323.703389,0.000668454143,0.00119073924,0.0332275446,0.0332275446,1.46661403,791,45.3320655,0.235530055
103323.713418,0.0117769715,0.0127343011,0.0344311657,0.0344311657,1.4665275,791,45.3792103,0.235530055
103323.723447,0.0239435983,0.0103866277,0.0346178619,0.0346178619,1.46656117,791,43.2822163,0.235266059
103323.733476,0.0166193392,0.00930038073,0.0355939525,0.0355939525,1.4665459,791,39.4062254,0.234928669
103323.743505,0.0186493505,-0.00858154213,0.0344940789,0.0344940789,1.46664029,791,35.5190548,0.234895881
103323.753534,0.0121984821,-0.00133034322,0.0350570612,0.0350570612,1.46664228,791,39.6895878,0.234895881
103323.763563,0.00730421014,-0.00357651605,0.0343614232,0.0343614232,1.46661378,791,42.5110226,0.234895881
103323.773592,0.013950585,-0.00423336566,0.0337949097,0.0337949097,1.46664581,791,37.4511951,0.234947129
103323.783621,0.016729739,0.00426117008,0.0347266332,0.0347266332,1.46666113,791,37.8574559,0.234947129
103323.793650,0.00718191575,0.00947101906,0.0343482237,0.0343482237,1.46657167,791,33.3401447,0.235186746
103323.803679,0.0282696603,-0.00850417137,0.0355806976,0.0355806976,1.46675052,791,30.7629282,0.234984187
103323.813708,0.0216548403,0.00198681953,0.0349880039,0.0349880039,1.46682289,791,38.2896343,0.234984187
103323.823737,0.0187235538,-0.00375677748,0.0339961493,0.0339961493,1.46689333,791,39.5546832,0.235559669
103323.833767,0.0175219717,0.00934422829,0.0357557029,0.0357557029,1.46689956,791,34.5338464,0.235559669
103323.843796,0.0179699216,0.00958261889,0.0353273465,0.0353273465,1.46691296,791,31.1986568,0.235565353
103323.853825,0.0242568086,0.000336994987,0.0363833104,0.0363833104,1.46702014,791,37.3724606,0.235397641
103323.863854,0.0114318627,0.0164429518,0.0357205322,0.0357205322,1.4669546,791,36.4740925,0.235399464
103323.873883,0.0177767453,0.00938369474,0.0340056075,0.0340056075,1.46697692,791,37.8476164,0.235416381
103323.883912,0.013220479,0.019779461,0.0349417388,0.0349417388,1.46693116,791,34.0132168,0.235416381
103323.893941,-0.000209780592,0.0152162956,0.0338488486,0.0338488486,1.46677714,791,39.7044199,0.235652289
103323.903970,-0.00344486803,0.0035563826,0.0345749328,0.0345749328,1.46662494,791,39.0399105,0.23548191
103323.913999,-0.00856834443,0.0136158068,0.0344525973,0.0344525973,1.46640452,791,40.6661528,0.23548191
103323.924028,-0.00417113269,0.00637261013,0.0338507969,0.0338507969,1.46624754,791,36.5986426,0.235415311
103323.934057,-0.00606470401,0.0160694177,0.0354439138,0.0354439138,1.466058,791,35.8136697,0.235415311
103323.944086,-0.0154650416,0.00944748196,0.0347788956,0.0347788956,1.46579544,791,40.0626365,0.236107937
103323.954115,-0.0340305068,0.00380595594,0.0368542712,0.0368542712,1.46536769,791,36.54652,0.236107937
103323.964144,-0.0273651197,-0.000682276894,0.0379361565,0.0379361565,1.4650208,791,31.5233175,0.236107937
103323.974173,-0.0120332638,-0.000122703891,0.0367883303,0.0367883303,1.46482838,791,27.9268294,0.236282472
103323.984202,-0.0240545955,-0.00643308672,0.0380249614,0.0380249614,1.46453714,791,28.7410675,0.235813209
103323.994231,-0.0236558647,-0.00464470895,0.0357955059,0.0357955059,1.46425484,791,33.2917872,0.235601339
103324.004260,-0.0120463614,-0.0104412876,0.0359550492,0.0359550492,1.4641072,791,39.3995744,0.235280764
103324.014289,-0.0246581209,-0.0114501151,0.0357807385,0.0357807385,1.46385546,791,37.5301928,0.23522301
103324.024318,-0.0130129112,-0.016748194,0.0349366496,0.0349366496,1.46374806,791,35.2800597,0.23522301
103324.034347,-0.00716111968,-0.0180705686,0.0366391091,0.0366391091,1.46371523,791,35.2685217,0.23522301
103324.044376,-0.0138961964,-0.020679404,0.0356556443,0.0356556443,1.46365671,791,39.7530918,0.23522301
103324.054405,-0.0296098839,-0.0142693103,0.0370852945,0.0370852945,1.4634655,791,37.039381,0.235188811
103324.064434,-0.0317871516,-0.0219772118,0.0357796367,0.0357796367,1.46336156,791,37.0577493,0.235015778
103324.074463,-0.0205358662,-0.0272332806,0.0372117063,0.0372117063,1.46342397,791,32.7401743,0.2352827
103324.084492,-0.0187808562,-0.0178543977,0.03714848,0.03714848,1.46344989,791,36.7257015,0.2352827
103324.094521,-0.0136343885,-0.021308683,0.0345536733,0.0345536733,1.46354906,791,43.5268779,0.234887618
103324.104551,-0.011879113,-0.0182300556,0.0344119378,0.0344119378,1.46363769,791,47.2753488,0.234887618
103324.114580,-0.010426781,-0.0179996443,0.0335612354,0.0335612354,1.46373576,791,49.0359948,0.234340794
103324.124610,-0.00886460841,-0.0253757418,0.035793578,0.035793578,1.46391335,791,43.8007996,0.234340794
103324.134639,-0.0184580923,-0.0371011168,0.0376406481,0.0376406481,1.4641982,791,35.7047727,0.234539351
103324.144668,-0.0173594332,-0.039464418,0.0367427154,0.0367427154,1.46451594,791,34.6824291,0.234539351
103324.154697,-0.0233132009,-0.0373100711,0.0363211725,0.0363211725,1.46481792,791,40.7329586,0.234374117
103324.164726,-0.00442379563,-0.0140977424,0.0334410824,0.0334410824,1.46488589,791,45.016211,0.234660732
103324.174755,-0.00393664079,-0.00657004751,0.0339619584,0.0339619584,1.46487872,791,45.0953787,0.235283093
103324.184784,-0.0016523004,0.00913079628,0.033891498,0.033891498,1.46471651,791,51.5811277,0.23554546
103324.194813,-0.00495478757,0.00630820153,0.0330549943,0.0330549943,1.46458774,791,47.5997672,0.23554546
103324.204842,-0.0061402277,-0.0049241277,0.0333863866,0.0333863866,1.46457338,791,53.1392525,0.235322901
103324.214871,0.00268195364,-0.0151005379,0.0332799058,0.0332799058,1.46465126,791,48.6994083,0.235155291
103324.224900,0.0209578044,-0.0127304697,0.0346376284,0.0346376284,1.46469601,791,46.762854,0.235108674
103324.234929,0.0326848893,-0.0168279374,0.0359058357,0.0359058357,1.46479821,791,41.4531695,0.234990448
103324.244958,0.0285766167,-0.0174264874,0.0358679528,0.0358679528,1.46492501,791,30.4882318,0.234809095
103324.254987,0.0295902722,-0.00562867117,0.0367087654,0.0367087654,1.46495515,791,35.9462076,0.234493439
103324.265016,0.0259713503,-0.0181492877,0.0349997155,0.0349997155,1.46511342,791,37.5398547,0.234834647
103324.275045,0.0241868744,-0.0153369498,0.0357356677,0.0357356677,1.46524708,791,41.5292225,0.234616752
103324.285074,0.0215567455,-0.0187936268,0.0360821025,0.0360821025,1.46540926,791,39.4497885,0.234616752
103324.295103,0.0236720987,-0.0151874023,0.0350577676,0.0350577676,1.46554746,791,39.7364223,0.234687141
103324.305132,0.0276432848,-0.0116481131,0.0365787199,0.0365787199,1.4656731,791,36.7623893,0.235441174
103324.315161,0.0260952286,-0.0144790379,0.034869273,0.034869273,1.46582313,791,42.55563,0.235386743
103324.325190,0.0237941755,-0.0078312921,0.0357422417,0.0357422417,1.46590792,791,35.5968938,0.235958019
103324.335219,0.0112556835,-0.00568914561,0.0360488954,0.0360488954,1.46591686,791,33.3508811,0.235958019
103324.345248,0.0276055,-0.00711823956,0.0344566653,0.0344566653,1.46602188,791,38.5497405,0.235958019
103324.355277,0.0300787874,-0.00791740584,0.0367097644,0.0367097644,1.46615275,791,29.4494387,0.235958019
103324.365306,0.0371976599,-0.00697573047,0.0364356987,0.0364356987,1.46632377,791,28.1190343,0.235958019
103324.375335,0.0309665863,0.00133800766,0.0379646431,0.0379646431,1.46640156,791,32.7758898,0.235958019
103324.385364,0.0431575209,0.0050703029,0.0364983273,0.0364983273,1.46654427,791,31.3065336,0.236070339
103324.395393,0.0417465433,-0.0002303421,0.0371235615,0.0371235615,1.46673125,791,31.9227404,0.236070339
103324.405422,0.0146833644,-0.000337146949,0.0358611537,0.0358611537,1.46672954,791,32.7910666,0.236070339
103324.415451,0.00620390763,-0.00182394041,0.0347197613,0.0347197613,1.46667683,791,32.1991477,0.236070339
103324.425480,0.01020509,-0.0232541771,0.0355593594,0.0355593594,1.46679624,791,31.285301,0.236070339
103324.435510,0.0031666229,-0.00238066995,0.034222726,0.034222726,1.46672365,791,36.6517019,0.236070339
103324.445539,-0.00252128903,-0.000410376764,0.0349315984,0.0349315984,1.46659841,791,37.6433031,0.236070339
103324.455568,-0.00753108343,-0.00137195439,0.03463993,0.03463993,1.46644653,791,36.735483,0.236070339
103324.465597,0.0079009828,-0.00846115406,0.0336941697,0.0336941697,1.46645574,791,42.6223199,0.236070339
103324.475626,0.0187323146,-0.00829801496,0.0355362914,0.0355362914,1.46654088,791,32.89573,0.236070339
103324.485655,0.0326235103,-0.00586005574,0.0349754311,0.0349754311,1.46671087,791,33.4414078,0.236158615
103324.495684,0.0279924489,-0.00729580046,0.0362824432,0.0362824432,1.46685674,791,33.8592436,0.236158615
103324.505713,0.0235364805,-0.0025457937,0.0363023941,0.0363023941,1.46693897,791,32.8423191,0.236158615
103324.515742,0.0243700982,-0.00225375147,0.0350129301,0.0350129301,1.46702707,791,30.9978245,0.236158615
103324.525771,0.0244586114,0.00936372603,0.0364317233,0.0364317233,1.46705017,791,31.251085,0.236158615
103324.535800,0.0215347636,0.00138877943,0.0345620458,0.0345620458,1.46710018,791,30.9411197,0.236158615
103324.545829,0.0206240962,0.0073564512,0.0350281085,0.0350281085,1.46711291,791,35.7016919,0.236158615
103324.555858,-0.0072433036,0.0174908715,0.0353081471,0.0353081471,1.46684412,791,33.3553396,0.236158615
103324.565887,-0.00851781415,0.014062999,0.0342258444,0.0342258444,1.46658897,791,32.1818174,0.236158615
103324.575916,-0.0138430759,0.00420584908,0.0356417881,0.0356417881,1.46634361,791,34.7862143,0.236350652
103324.585945,-0.0153928294,0.0126208914,0.035117967,0.035117967,1.4660477,791,29.8023704,0.236350652
103324.595974,-0.012877603,0.0224181748,0.0373322794,0.0373322794,1.46573171,791,28.9770729,0.236178393
103324.606003,-0.0244176214,0.0206249605,0.0384554101,0.0384554101,1.4653335,791,30.1661339,0.236327834
103324.616032,-0.0250549885,0.0123467841,0.0379455573,0.0379455573,1.4649765,791,26.1073566,0.236327834
103324.626061,-0.0230736632,0.0197841611,0.0394415617,0.0394415617,1.46460958,791,30.7491611,0.236327834
103324.636090,-0.0288906475,0.0207279734,0.0384006741,0.0384006741,1.46419585,791,27.8854645,0.236202508
103324.646119,-0.0352815948,0.0239855501,0.0397847538,0.0397847538,1.46372086,791,29.3701295,0.236202508
103324.656148,-0.037732269,0.0192177831,0.0397541514,0.0397541514,1.46325399,791,32.3794796,0.236202508
103324.666177,-0.023161206,0.0241430132,0.0371011866,0.0371011866,1.46291051,791,36.7872383,0.235924798
103324.676206,-0.0141522837,0.0131289806,0.0381834419,0.0381834419,1.46270141,791,32.4600266,0.235924798
103324.686235,-0.0156988729,0.0187599746,0.0358945668,0.0358945668,1.46247264,791,35.5708269,0.235924798
103324.696264,-0.0156661726,0.0124631708,0.0364614585,0.0364614585,1.46227246,791,39.9125712,0.235924798
103324.706293,-0.0123788465,0.00798462766,0.0357578798,0.0357578798,1.46212015,791,41.5536736,0.235924798
103324.716322,-0.00364889347,0.00997653529,0.0344493406,0.0344493406,1.46206163,791,40.0251585,0.235924798
103324.726351,-0.0066483363,-0.00111298579,0.0350385369,0.0350385369,1.46197792,791,41.0621264,0.235924798
103324.736381,0.000549990413,-0.00806356766,0.0338798732,0.0338798732,1.46197002,791,41.9350425,0.236330039
103324.746410,-0.00208187673,-0.00309997991,0.033986587,0.033986587,1.46193657,791,46.5870332,0.236469419
103324.756439,0.00513547295,-0.00448308783,0.0337225275,0.0337225275,1.46197737,791,39.261289,0.23635271
103324.766468,0.00432300769,-0.00717429422,0.0340135673,0.0340135673,1.46201702,791,45.0187166,0.23635271
103324.776497,0.0127209152,-0.00577282957,0.0341067517,0.0341067517,1.46213506,791,45.1105989,0.23665927
103324.786526,0.00279733457,-0.00223678507,0.0332986805,0.0332986805,1.46214786,791,48.8175397,0.236363699
103324.796555,0.00277287682,-0.0125357828,0.0342694029,0.0342694029,1.46219427,791,43.5782193,0.236363699
103324.806584,-0.0127955652,-0.0146464962,0.033741749,0.033741749,1.46212793,791,46.6268421,0.236363699
103324.816613,-0.0142083718,-0.0146612224,0.0349563694,0.0349563694,1.46208917,791,44.7850873,0.236363699
103324.826642,-0.0135261571,-0.0136199636,0.0349878814,0.0349878814,1.46208856,791,43.041871,0.23619369
103324.836671,-0.0190531878,-0.00286666193,0.0341722713,0.0341722713,1.46200543,791,39.7576896,0.235748161
103324.846700,-0.0142676956,-0.00671793861,0.0346518586,0.0346518586,1.46200908,791,42.8515814,0.235748161
103324.856729,-0.0043602429,0.00246259872,0.0337925134,0.0337925134,1.46195983,791,40.7167041,0.235545137
103324.866758,-0.00269831301,-0.00153923833,0.0347227778,0.0347227778,1.46195447,791,38.7594855,0.235545137
103324.876787,-0.00360505324,-0.000712037794,0.0346799022,0.0346799022,1.46194125,791,38.1224537,0.235545137
103324.886816,-0.00828230752,-0.00464600679,0.0338308264,0.0338308264,1.46196772,791,36.6553498,0.235469917
103324.896845,-0.00716250796,-0.00818990469,0.0347679321,0.0347679321,1.46203526,791,39.6127436,0.235469917
103324.906874,-0.00378291638,-0.0066913609,0.0334588183,0.0334588183,1.46208686,791,39.6472026,0.235469917
103324.916903,0.0132392977,-0.00219528299,0.0342580822,0.0342580822,1.46208319,791,38.0942751,0.235469917
103324.926932,0.0078045129,0.00431895251,0.0348242301,0.0348242301,1.46202696,791,42.2127647,0.235404576
103324.936961,0.0152984651,-0.00100950163,0.0347579934,0.0347579934,1.46204744,791,42.1676738,0.235404576
103324.946990,0.0171275452,-0.00544091185,0.0360421875,0.0360421875,1.46213698,791,41.6776264,0.235243739
103324.957019,0.0203427902,0.0104123355,0.0345814625,0.0345814625,1.46213061,791,41.0879247,0.235008327
103324.967048,0.0106099484,0.00730064759,0.0352976175,0.0352976175,1.46212461,791,36.3976305,0.235008327
103324.977078,0.00788977319,0.00598163048,0.0351257679,0.0351257679,1.46212206,791,35.4905064,0.235008327
103324.987107,0.00147957211,0.00573107545,0.0338047992,0.0338047992,1.46207901,791,38.874877,0.235280408
103324.997136,0.00229455641,0.0204436675,0.0346782821,0.0346782821,1.46197626,791,36.2196036,0.235280408
103325.007165,-0.0122405724,0.00986170982,0.033775722,0.033775722,1.46181079,791,38.8681799,0.235023828
103325.017194,0.00273804459,0.0128782425,0.0346764528,0.0346764528,1.46178828,791,39.1827603,0.235454404
103325.027223,-0.0182160566,0.0212965391,0.0344120315,0.0344120315,1.46159535,791,43.3975233,0.235454404
103325.037252,-0.0299947916,0.0103735508,0.0340850178,0.0340850178,1.46137826,791,47.0163622,0.235710252
103325.047281,-0.0470440654,0.00864794636,0.0369219993,0.0369219993,1.46155641,791,47.3910234,0.235710252
103325.057310,-0.0471403608,0.00624735065,0.0371652216,0.0371652216,1.46197911,791,37.5802621,0.235428405
103325.067339,-0.0422178501,0.00776838816,0.0389700928,0.0389700928,1.46237775,791,32.7001575,0.235396488
103325.077368,-0.0238108196,0.0117788551,0.0358602891,0.0358602891,1.46261266,791,40.5576182,0.235729705
103325.087397,-0.0166708309,0.00443219818,0.034891762,0.034891762,1.46275257,791,39.5140071,0.235729705
103325.097426,0.00476677266,0.0104321928,0.0355426812,0.0355426812,1.46271501,791,45.1149707,0.235729705
103325.107454,0.0346697521,0.0140243323,0.0370178363,0.0370178363,1.46245366,791,37.4377299,0.235729705
103325.117483,0.0470689037,0.00851824302,0.0398769222,0.0398769222,1.46215444,791,35.654283,0.235729705
103325.127512,0.0480952614,0.0121864633,0.0386891282,0.0386891282,1.46207366,791,29.2008237,0.235729705
103325.137541,0.0292279178,0.0137872411,0.0390183164,0.0390183164,1.46219998,791,30.8150446,0.235729705
103325.147570,0.0176964801,0.0155288693,0.0374065192,0.0374065192,1.46236765,791,31.6002658,0.235729705
103325.157599,-0.00610638368,0.0172183862,0.0346042426,0.0346042426,1.46249272,791,39.4989948,0.235729705
103325.167628,-0.0220633247,0.00894628354,0.0357562332,0.0357562332,1.46252588,791,43.9366215,0.235729705
103325.177658,-0.0377993929,0.0202034416,0.035361375,0.035361375,1.46272661,791,44.2904373,0.235729705
103325.187687,-0.0474579213,0.0178259919,0.0376175505,0.0376175505,1.46300698,791,38.7237814,0.236339998
103325.197716,-0.0460052058,0.0137972056,0.038724269,0.038724269,1.46330965,791,34.1661326,0.236339998
103325.207745,-0.0383177881,0.0264450283,0.0377286039,0.0377286039,1.46369802,791,35.6210297,0.236849993
103325.217774,-0.0312157093,0.0234614806,0.039503469,0.039503469,1.46401939,791,33.0550185,0.237708634
103325.227803,-0.0253659143,0.0217348971,0.0374523788,0.0374523788,1.4642868,791,36.2970459,0.237639991
103325.237832,-0.0260209721,0.0199620475,0.0386300043,0.0386300043,1.464541,791,35.9129261,0.237300457
103325.247861,-0.0178193471,0.0211550029,0.0386051912,0.0386051912,1.46474588,791,33.9522442,0.237255527
103325.257890,-0.0275748543,-0.00120684279,0.0362170309,0.0362170309,1.46485201,791,39.6129029,0.237255527
103325.267919,-0.0252156495,0.00575461113,0.0360555319,0.0360555319,1.46499629,791,44.5890505,0.237255527
103325.277948,-0.0188723621,0.00205631706,0.0337286243,0.0337286243,1.46507121,791,50.0025122,0.237255527
103325.287977,-0.0258188937,-0.0155379318,0.0338335111,0.0338335111,1.46509284,791,47.1816686,0.237255527
103325.298006,-0.028060506,-0.0237789865,0.033521683,0.033521683,1.46510793,791,53.6117295,0.237262431
103325.308035,-0.0259620686,-0.0232446102,0.033386136,0.033386136,1.46513707,791,57.3221381,0.23706733
103325.318064,-0.0454606944,-0.039112755,0.0353200491,0.0353200491,1.46531264,791,52.4424157,0.23706733
103325.328093,-0.0413981276,-0.0392008672,0.0347916003,0.0347916003,1.46550966,791,62.8668183,0.236949253
103325.338122,-0.0358221503,-0.0386397919,0.0360510107,0.0360510107,1.46570017,791,55.9707394,0.236949253
103325.348151,-0.0297086762,-0.0448321021,0.0359415232,0.0359415232,1.46586419,791,56.2210313,0.236949253
103325.358180,-0.0100087183,-0.0455820926,0.0349951103,0.0349951103,1.46587546,791,50.8838401,0.236949253
103325.368210,-0.00758824608,-0.0496765574,0.0366594169,0.0366594169,1.46591073,791,49.2714577,0.236949253
103325.378239,0.00292513043,-0.04169717,0.0366846901,0.0366846901,1.46587221,791,32.3029831,0.236949253
103325.388268,0.0130591292,-0.0415680279,0.0396402381,0.0396402381,1.46577481,791,33.1820149,0.236949253
103325.398297,0.0302949926,-0.0426477919,0.0390547851,0.0390547851,1.4655706,791,33.804188,0.236949253
103325.408326,0.0396003525,-0.0454962093,0.0414996868,0.0414996868,1.46536765,791,38.394368,0.236908519
103325.418355,0.0427692253,-0.0462895516,0.0426742187,0.0426742187,1.46523302,791,36.9683683,0.236908519
103325.428384,0.0425499659,-0.0376580067,0.0408554878,0.0408554878,1.46513084,791,35.522954,0.236908519
103325.438413,0.0363842572,-0.0210359235,0.0423251561,0.0423251561,1.46500422,791,32.3836833,0.236908519
103325.448442,0.0169245341,-0.0161481391,0.0397431377,0.0397431377,1.46497467,791,34.5629851,0.236908519
103325.458471,0.0254532935,-0.0229952171,0.0398936382,0.0398936382,1.46498231,791,36.7968278,0.236908519
103325.468500,0.0141378045,-0.00943093495,0.0389009323,0.0389009323,1.46493447,791,34.7013353,0.236908519
103325.478529,-0.000980126954,-0.00739136706,0.0363647096,0.0363647096,1.46493052,791,32.1007784,0.236927439
103325.488558,-0.00661153798,0.00627175015,0.0363707427,0.0363707427,1.46482488,791,34.6858482,0.236927439
103325.498587,-0.00689091266,0.0045064952,0.0343899794,0.0343899794,1.46474015,791,34.8807493,0.237209751
103325.508616,0.000564562184,0.00784358334,0.035309088,0.035309088,1.46459722,791,32.57166,0.237209751
103325.518645,-0.0112861206,0.0181990747,0.0351454051,0.0351454051,1.46442058,791,37.6123409,0.237209751
103325.528675,-0.00255254627,0.0187612132,0.0342390792,0.0342390792,1.46420824,791,33.3582425,0.23707298
103325.538704,0.0102935246,0.0110321333,0.0357921849,0.0357921849,1.46400302,791,34.6179724,0.23707298
103325.548733,0.0128734653,0.0104128058,0.0348501904,0.0348501904,1.46379516,791,32.0115297,0.237006916
103325.558762,0.0138061473,0.0193527367,0.0357725488,0.0357725488,1.46351084,791,32.8428453,0.236926043
103325.568791,0.0178058656,-0.0015569448,0.0359555616,0.0359555616,1.46340051,791,32.1320614,0.235724591
103325.578820,0.00807856217,-0.00321370835,0.0346363831,0.0346363831,1.46335393,791,30.7423612,0.235112692
103325.588849,-0.00505837273,0.00513055302,0.0351941721,0.0351941721,1.46328311,791,33.9382264,0.235112692
103325.598878,-0.0119346184,-0.00214841592,0.0338299623,0.0338299623,1.46330962,791,36.0507954,0.235515651
103325.608907,-0.00230791452,0.000655200993,0.0344617668,0.0344617668,1.46327127,791,40.8169941,0.235515651
103325.618936,-0.00930264084,-0.0064456646,0.0342227787,0.0342227787,1.46332783,791,41.781794,0.235515651
103325.628965,-0.0183386181,-0.00387083919,0.0332818977,0.0332818977,1.46340808,791,48.8028054,0.235515651
103325.638994,-0.0190161178,-0.0112566226,0.0341970383,0.0341970383,1.46355815,791,43.2115003,0.235074293
103325.649023,-0.0388290378,-0.0103492449,0.0337874244,0.0337874244,1.46382183,791,42.4079108,0.2348413
103325.659052,-0.0402181393,-0.0201358587,0.0347340343,0.0347340343,1.46417924,791,43.2846991,0.235049276
103325.669081,-0.0388430348,-0.0270475045,0.0345085439,0.0345085439,1.46457585,791,52.6236754,0.235049276
103325.679110,-0.0368400916,-0.0256441909,0.0337854386,0.0337854386,1.46494304,791,53.863375,0.235049276
103325.689139,-0.0474827702,-0.0199969934,0.034680036,0.034680036,1.46534429,791,52.8893804,0.234814653
103325.699168,-0.0384041652,-0.0233005225,0.0335821494,0.0335821494,1.46569669,791,56.7833323,0.234814653
103325.709198,-0.0375739229,-0.0258070728,0.0341836551,0.0341836551,1.46605289,791,54.052133,0.234856429
103325.719227,-0.0424478969,-0.023820598,0.0340650233,0.0340650233,1.46642713,791,50.8263219,0.234856429
103325.729256,-0.0385653674,-0.0109727384,0.0335265777,0.0335265777,1.46668762,791,43.0492526,0.234856429
103325.739285,-0.0330398429,-0.0236786724,0.0344691103,0.0344691103,1.4669779,791,39.2016406,0.234870771
103325.749314,-0.0394065181,-0.0198054743,0.0332274698,0.0332274698,1.46728968,791,48.2713398,0.234609597
103325.759343,-0.027980693,-0.0080328725,0.0337902413,0.0337902413,1.46743742,791,46.1049671,0.234435315
103325.769372,-0.0246109127,-0.00934520628,0.0332116309,0.0332116309,1.46756398,791,44.1671303,0.234734546
103325.779401,-0.0167308167,-0.00864612422,0.034121069,0.034121069,1.46762109,791,42.1242579,0.234734546
103325.789430,-0.0360941054,-0.0102254194,0.0354420789,0.0354420789,1.46784328,791,34.3589866,0.234788141
103325.799459,-0.021892648,-0.00632599028,0.0337948752,0.0337948752,1.46792514,791,42.3689279,0.235087091
103325.809488,-0.0134509484,0.000514820622,0.0349995612,0.0349995612,1.46789987,791,36.4438546,0.234860376
103325.819517,-0.00901242666,-0.00420550624,0.0347279116,0.0347279116,1.46786379,791,31.4898494,0.2342497
103325.829546,0.00279836748,0.00193686646,0.0362030842,0.0362030842,1.46769805,791,30.6390273,0.234204995
103325.839575,-0.0010912736,1.28419338e-05,0.0368661798,0.0368661798,1.46757799,791,29.9510828,0.234064413
103325.849604,0.0122601327,0.00828597637,0.0350469162,0.0350469162,1.46730588,791,38.0500226,0.234376054
103325.859634,-0.00865239659,0.0131101802,0.0362975892,0.0362975892,1.46718926,791,33.4613404,0.234277473
103325.869663,-0.00967910949,0.00921697985,0.0354758644,0.0354758644,1.4671066,791,30.0305011,0.234276856
103325.879692,-0.0125343635,0.0185604831,0.0367582263,0.0367582263,1.46700983,791,29.6009347,0.233963653
103325.889721,-0.0128483271,0.0156091558,0.0370276071,0.0370276071,1.46693849,791,30.6833183,0.233963653
103325.899750,-0.0352692467,0.00738230266,0.0353840709,0.0353840709,1.4671094,791,31.6616524,0.233963653
103325.909779,-0.0281365512,0.0200852424,0.036425388,0.036425388,1.46717345,791,34.937921,0.234090324
103325.919808,-0.0240209112,0.00493771472,0.0348778022,0.0348778022,1.46725957,791,35.929476,0.233956317
103325.929837,-0.0103894399,0.0106811511,0.0359206198,0.0359206198,1.46720158,791,34.0399574,0.233956317
103325.939866,-0.00983278522,0.00915526013,0.0363159546,0.0363159546,1.46714683,791,34.3468356,0.234416544
103325.949895,-0.0170245314,0.00597131046,0.0347809722,0.0347809722,1.46717199,791,36.1547403,0.234246127
103325.959924,-0.0120230351,0.000869225121,0.0361623243,0.0361623243,1.46716453,791,31.0611888,0.234434841
103325.969953,-0.00127194815,0.00399394728,0.0347495426,0.0347495426,1.46704742,791,31.9148044,0.234154701
103325.979982,-0.00903056039,0.00106451347,0.0356435154,0.0356435154,1.46701405,791,32.4210156,0.234154701
103325.990011,0.000381993321,-0.019799124,0.036697476,0.036697476,1.4669487,791,28.1296645,0.233809718
103326.000040,0.0106929623,-0.0114002999,0.0351869848,0.0351869848,1.46676829,791,27.2779138,0.233809718
103326.010069,0.0237781918,0.0127829709,0.0366517292,0.0366517292,1.46639623,791,32.1744121,0.233809718
103326.020098,0.0221733962,0.00137091003,0.0361834165,0.0361834165,1.46608148,791,27.3814615,0.233309634
103326.030127,0.0136369806,0.00538219737,0.0378794458,0.0378794458,1.46584029,791,29.3532874,0.233309634
103326.040157,0.00659591078,0.00538435422,0.0376884545,0.0376884545,1.4656696,791,28.8741433,0.233309634
103326.050186,0.00662689768,-0.00101706949,0.0357549051,0.0357549051,1.46552169,791,28.880422,0.232863505
103326.060215,0.0195853268,-0.0107187648,0.0369026328,0.0369026328,1.46528924,791,30.4008941,0.232863505
103326.070244,0.0260320469,7.06691013e-05,0.035367489,0.035367489,1.46496889,791,26.7302132,0.232548316
103326.080273,0.0067580445,0.00732339338,0.0368327187,0.0368327187,1.46480516,791,26.6896461,0.232534134
103326.090302,-0.00179888378,0.00626453513,0.0354009241,0.0354009241,1.46472762,791,27.7281303,0.232324278
103326.100331,0.00050789134,-0.00134596519,0.0359091881,0.0359091881,1.46465693,791,30.9205151,0.232324278
103326.110361,-0.00131373752,0.00395939437,0.0362659143,0.0362659143,1.46458634,791,31.9016837,0.232288842
103326.120390,0.00304839651,-0.000874619947,0.0346717056,0.0346717056,1.46449327,791,30.841225,0.232288842
103326.130419,-0.00304575365,0.00977832571,0.0362889622,0.0362889622,1.4644237,791,29.922808,0.232288842
103326.140448,0.0033562177,0.00714791177,0.0353658823,0.0353658823,1.46430601,791,29.2207242,0.232175651
103326.150477,0.0141646458,0.0108317586,0.0356672066,0.0356672066,1.46407951,791,34.6185745,0.232053101
103326.160506,0.0084640905,0.0022451272,0.0370073735,0.0370073735,1.46393555,791,26.7128293,0.232053101
103326.170535,0.0153941422,0.00312465913,0.0355617641,0.0355617641,1.46372663,791,30.1891366,0.231995071
103326.180564,0.0275217796,0.00403541657,0.0377172286,0.0377172286,1.46340537,791,22.8677138,0.231995071
103326.190593,0.0366183356,-0.00470604042,0.0369873751,0.0369873751,1.46303765,791,23.6405751,0.23188674
103326.200622,0.0309248091,-0.0173765454,0.0383665632,0.0383665632,1.46280571,791,25.719714,0.231850236
103326.210652,0.0352831691,-0.0115373085,0.039576352,0.039576352,1.4625642,791,27.2019821,0.231752213
103326.220681,0.0417849411,-0.00952850277,0.0384401187,0.0384401187,1.46234949,791,20.525447,0.231752213
103326.230710,0.0403962049,-0.0018793708,0.0408352573,0.0408352573,1.46219966,791,20.9171244,0.231752213
103326.240739,0.0386896389,-0.0120126965,0.0387759833,0.0387759833,1.46229063,791,23.3354009,0.231752213
103326.250768,0.0459430897,-0.0132209719,0.0406283992,0.0406283992,1.4625324,791,22.5204633,0.231509309
103326.260797,0.0550716875,-0.0263889794,0.0415314588,0.0415314588,1.46301576,791,21.9319674,0.231509309
103326.270826,0.0331638197,-0.0251894141,0.0396404426,0.0396404426,1.46337696,791,21.9899435,0.231509309
103326.280855,0.054560692,-0.0126059149,0.041526947,0.041526947,1.46379612,791,20.2010429,0.231509309
103326.290884,0.0648336518,-0.0123439908,0.0408911832,0.0408911832,1.46431478,791,21.3889149,0.231110926
103326.300913,0.057368809,-0.0176662042,0.043369477,0.043369477,1.46481499,791,20.3914911,0.231110926
103326.310942,0.0678266374,0.00127635805,0.0453911678,0.0453911678,1.46531061,791,15.6380037,0.231110926
103326.320971,0.0683627452,0.00223649322,0.0432317249,0.0432317249,1.46582335,791,23.2690389,0.230854633
103326.331000,0.0741394184,0.00948340554,0.0454334185,0.0454334185,1.46637338,791,17.9441638,0.230854633
103326.341029,0.0821905644,0.0145288972,0.0435739029,0.0435739029,1.46699667,791,17.2619511,0.230854633
103326.351058,0.0743837158,0.0174762537,0.0448308043,0.0448308043,1.46754877,791,15.7124767,0.230854633
103326.361087,0.0545633784,0.0241701778,0.0449419913,0.0449419913,1.46790376,791,14.7436225,0.231588783
103326.371116,0.0446953628,0.0130723468,0.0385512272,0.0385512272,1.46818542,791,24.4375643,0.231588783
103326.381146,0.0274666471,0.0109552708,0.0388648945,0.0388648945,1.4683008,791,20.5324602,0.231827184
103326.391175,0.00554045929,0.00544056424,0.0383953526,0.0383953526,1.4682079,791,15.6560615,0.231827184
103326.401204,-0.00243986178,0.0108827648,0.0411260823,0.0411260823,1.46803399,791,13.3174889,0.231844904
103326.411233,-0.00718534812,-0.00980750335,0.0384356244,0.0384356244,1.46783798,791,16.7937293,0.231844904
103326.421262,-0.00837937132,-0.0128978221,0.0397695191,0.0397695191,1.4676397,791,16.0194345,0.231844904
103326.431291,0.0019167589,-0.00742472427,0.0405925634,0.0405925634,1.46754043,791,17.3026343,0.231844904
103326.441320,0.0117486986,0.00193026906,0.0376135766,0.0376135766,1.46752624,791,19.7219778,0.231844904
103326.451349,0.0183155099,0.00489959645,0.0397637356,0.0397637356,1.4675728,791,18.2738129,0.231402568
103326.461378,0.0251195725,0.0178371571,0.0384543471,0.0384543471,1.46767249,791,18.1477102,0.231177332
103326.471407,0.0281130508,0.0178968968,0.0393959534,0.0393959534,1.46780561,791,22.5186799,0.230604933
103326.481436,0.0312197705,0.0189951471,0.0400303643,0.0400303643,1.46797192,791,18.616135,0.230948288
103326.491465,0.0342020698,0.00151137201,0.0378261071,0.0378261071,1.46817311,791,17.8243066,0.23132357
103326.501494,0.0341760545,-0.0262589085,0.0392332423,0.0392332423,1.46838262,791,19.6576402,0.23132357
103326.511523,0.0362485647,-0.0241618205,0.0373616641,0.0373616641,1.46861411,791,16.1781175,0.231519275
103326.521552,0.0476380509,-0.0123070001,0.0385666306,0.0385666306,1.46894502,791,20.0976534,0.231606126
103326.531581,0.0604621213,-0.0159980727,0.0412812118,0.0412812118,1.46939947,791,16.4283583,0.231606126
103326.541610,0.0805135573,-0.0118652244,0.0432484971,0.0432484971,1.47003674,791,11.2089757,0.231606126
103326.551639,0.0906306477,-0.0108256049,0.0471717148,0.0471717148,1.4707591,791,12.8175058,0.231606126
103326.561668,0.109993282,-0.023742131,0.0466523689,0.0466523689,1.47167172,791,14.3000142,0.231610601
103326.571698,0.109076813,-0.0411092063,0.0496503427,0.0496503427,1.47258278,791,12.9729685,0.232393982
103326.581727,0.108696606,-0.038703582,0.0505676604,0.0505676604,1.47347324,791,11.7807325,0.232393982
103326.591756,0.102375216,-0.0536247266,0.0478628331,0.0478628331,1.47431585,791,13.7565409,0.232393982
103326.601785,0.0922209796,-0.0429490618,0.0520655632,0.0520655632,1.47503,789,9.10193716,0.232703291
103326.611814,0.0858313,-0.023398512,0.0450878058,0.0450878058,1.47563025,791,15.404759,0.232897696
103326.621843,0.0727266841,0.00597353673,0.0450083671,0.0450083671,1.47603271,791,12.2601213,0.232920552
103326.631872,0.0619599443,0.00674848787,0.0454397743,0.0454397743,1.47632458,791,12.8835412,0.233181235
103326.641901,0.0117022197,-0.00190981139,0.0412690148,0.0412690148,1.47614244,791,15.1662121,0.233152693
103326.651930,-0.00382892255,0.0136696602,0.0434633365,0.0434633365,1.47578571,791,14.4548788,0.233152693
103326.661959,-0.0267839193,0.0299632541,0.0402651889,0.0402651889,1.4751879,791,19.7122799,0.233832684
103326.671988,-0.0443630938,0.0270969641,0.0426584239,0.0426584239,1.47443939,791,15.6508036,0.233832684
103326.682017,-0.0468575724,0.0225613979,0.0442489,0.0442489,1.47369028,791,15.2315115,0.234327964
103326.692046,-0.0517859181,0.0357924931,0.0435445819,0.0435445819,1.47289449,791,14.0433271,0.234411541
103326.702075,-0.0633160261,0.0463154857,0.046527515,0.046527515,1.47200031,791,14.1779692,0.23458541
103326.712104,-0.0665376477,0.0431074525,0.0452998394,0.0452998394,1.47110865,791,16.7071962,0.234090243
103326.722133,-0.0738044066,0.0431954658,0.0476143055,0.0476143055,1.47017917,791,15.9041657,0.234090243
103326.732162,-0.0834101529,0.0437844688,0.0455425528,0.0455425528,1.46919456,791,14.8118417,0.234131335
103326.742191,-0.0710039877,0.0396305476,0.0463259183,0.0463259183,1.46837431,791,12.4536824,0.234131335
103326.752220,-0.052315791,0.0402980423,0.0454148655,0.0454148655,1.46778282,791,13.166777,0.234131335
103326.762249,-0.0423959331,0.00738575485,0.0398838656,0.0398838656,1.46725757,791,19.0238857,0.234131335
103326.772278,-0.0363571958,-0.0105041263,0.0422663883,0.0422663883,1.46676613,791,15.6109515,0.234131335
103326.782308,-0.0131495814,-0.0104256966,0.0381689322,0.0381689322,1.46650848,791,21.8660697,0.234131335
103326.792337,-0.0111904462,-0.0185986064,0.0384460847,0.0384460847,1.46626258,791,23.7152738,0.234131335
103326.802366,-0.0190204354,-0.0326326381,0.0394740319,0.0394740319,1.46593465,791,21.1519972,0.234131335
103326.812395,-0.0343574694,-0.0328655643,0.0380144485,0.0380144485,1.46548143,791,16.4574032,0.234374903
103326.822424,-0.0207552323,-0.0360930311,0.038708874,0.038708874,1.46519497,791,25.93463,0.234509241
103326.832453,0.00196941174,-0.0459557377,0.0390582241,0.0390582241,1.46518307,791,23.4741827,0.234956804
103326.842482,0.0210002408,-0.0537335008,0.0418109638,0.0418109638,1.465421,791,18.5866086,0.235168932
103326.852511,0.0329860929,-0.0602650847,0.0445307496,0.0445307496,1.46583562,791,14.7430428,0.235168932
103326.862540,0.0592196687,-0.0747234745,0.0439630115,0.0439630115,1.46657642,791,15.4337748,0.235168932
103326.872569,0.082092955,-0.0650913082,0.0470879453,0.0470879453,1.46748145,791,16.764815,0.235148937
103326.882598,0.0876838153,-0.053595376,0.0459770781,0.0459770781,1.46836596,791,13.0631185,0.235148937
103326.892627,0.088480916,-0.0462490526,0.0477496118,0.0477496118,1.46920513,791,15.9275571,0.235718883
103326.902656,0.0841863736,-0.054262334,0.0464934088,0.0464934088,1.47002906,791,13.5697654,0.235603603
103326.912685,0.0557300096,-0.0277885625,0.0403099552,0.0403099552,1.47046579,791,17.5652428,0.234783829
103326.922714,0.0375882115,-0.0113349434,0.0428367131,0.0428367131,1.47065983,791,16.3687412,0.234783829
103326.932743,-0.00819766471,0.00651101632,0.0393058586,0.0393058586,1.47037116,791,17.9293493,0.235099407
103326.942772,-0.000667856508,-0.000351378559,0.0408384913,0.0408384913,1.47018543,791,16.8886144,0.235321281
103326.952801,-0.000253812461,0.0239335695,0.0418822396,0.0418822396,1.46989539,791,15.8087139,0.235412624
103326.962830,0.0155482816,0.0407745314,0.0410989092,0.0410989092,1.46968679,791,14.7805999,0.235098643
103326.972859,0.00369296982,0.0349370324,0.0423608565,0.0423608565,1.46941686,791,13.9230809,0.235098643
103326.982888,0.0221985873,0.0328690398,0.0400337848,0.0400337848,1.46934397,791,19.0329555,0.235433385
103326.992917,0.0172508712,0.0366114855,0.0408572082,0.0408572082,1.46923286,791,17.5720368,0.235433385
103327.002947,0.0245401554,0.0378029858,0.0411185513,0.0411185513,1.46921011,791,18.5155871,0.235403959
103327.012976,0.0205976923,0.00852426313,0.0386764222,0.0386764222,1.4692296,791,18.9854808,0.235403959
103327.023005,0.0344211444,0.0147738916,0.0404054736,0.0404054736,1.46937171,791,14.9855585,0.235206445
103327.033034,0.0232576385,-0.00883241803,0.0375906043,0.0375906043,1.46945099,791,21.9080004,0.234902948
103327.043063,0.0249736944,0.00406623665,0.0400197697,0.0400197697,1.4695207,791,20.9523004,0.234902948
103327.053092,0.0403974209,-0.0188488489,0.0393284329,0.0393284329,1.46978139,791,18.1863855,0.234902948
103327.063121,0.0260539137,-0.0214850508,0.0379417804,0.0379417804,1.46990597,791,20.7781529,0.235009979
103327.073150,0.0156693202,-0.0214646475,0.0386523051,0.0386523051,1.46993143,791,19.8899213,0.235009979
103327.083179,0.00702456672,-0.0134330581,0.0391049191,0.0391049191,1.46985752,791,15.7548374,0.235009979
103327.093208,0.00403611063,-0.0203661399,0.0415961472,0.0415961472,1.46977623,791,17.6579398,0.235221407
103327.103236,0.00575259042,-0.0176891978,0.0394568274,0.0394568274,1.469709,791,15.7980932,0.235224543
103327.113265,0.00354397988,-0.0226609749,0.0405945497,0.0405945497,1.46964006,791,16.0808293,0.235070284
103327.123294,0.00169990753,-0.0159071329,0.0413067877,0.0413067877,1.46953832,791,14.9856318,0.235070284
103327.133323,0.00976955548,-0.00648291202,0.0385408754,0.0385408754,1.46948471,791,18.0312463,0.234912383
103327.143352,-0.000803758914,-0.0173224766,0.0402940587,0.0402940587,1.46937069,791,16.9753778,0.234931575
103327.153381,0.00424879586,-0.021025306,0.03813721,0.03813721,1.46932172,791,17.2222879,0.234795216
103327.163410,0.00762136904,-0.00342488128,0.0407876819,0.0407876819,1.46924281,791,16.8906947,0.234826533
103327.173439,0.00553719497,0.0106017503,0.0412186124,0.0412186124,1.46909647,791,16.8300577,0.234826533
103327.183468,0.00827249324,0.0146449252,0.0392838483,0.0392838483,1.46896661,791,17.5010645,0.235178993
103327.193497,0.00131187483,0.0068652044,0.0401847917,0.0401847917,1.46880246,791,16.0888061,0.235178993
103327.203526,0.00441045712,0.0208844107,0.038766629,0.038766629,1.4686285,791,17.4543108,0.235162298
103327.213555,-0.00357662611,0.021463019,0.0405892455,0.0405892455,1.46838675,791,18.0225102,0.235151424
103327.223584,-0.0012042499,0.0190223885,0.0424471726,0.0424471726,1.46818354,791,14.3369727,0.235259609
103327.233613,-0.00352441385,0.0186298346,0.0402037111,0.0402037111,1.46796752,791,12.9106552,0.234889318
103327.243642,-0.000186234477,0.0342654118,0.0394647061,0.0394647061,1.46776303,791,19.4984118,0.234889318
103327.253671,0.015565864,0.0259776504,0.0382688455,0.0382688455,1.46774357,791,21.2535962,0.234781133
103327.263701,0.0159163873,0.00275308164,0.0404321894,0.0404321894,1.46776511,791,16.9648337,0.234667656
103327.273730,0.0310145487,-0.019657278,0.0399842164,0.0399842164,1.46796386,791,20.9965241,0.234625765
103327.283759,0.0385060448,-0.0235533633,0.0389624232,0.0389624232,1.468241,791,16.4514301,0.234452448
103327.293788,0.0445255428,-0.0128708086,0.0408925923,0.0408925923,1.46855462,791,17.7008292,0.234452448
103327.303817,0.0431207133,-0.0429693871,0.0422009546,0.0422009546,1.46890981,791,11.3623439,0.234296682
103327.313846,0.0565714067,-0.0583284825,0.0441681583,0.0441681583,1.46943904,791,13.4860215,0.234296682
103327.323875,0.0650631557,-0.0698770741,0.0452440419,0.0452440419,1.47009289,791,12.3611349,0.234166319
103327.333904,0.0701679574,-0.078263918,0.0456731481,0.0456731481,1.47083317,791,8.95333879,0.234166319
103327.343933,0.0664315108,-0.0959265945,0.0479463623,0.0479463623,1.47162065,791,13.3489485,0.234166319
103327.353962,0.0675015708,-0.0941864284,0.0458337517,0.0458337517,1.47242535,791,13.1971307,0.234133865
103327.363991,0.0666911367,-0.0988754381,0.0467717251,0.0467717251,1.47325357,791,16.5800791,0.234133865
103327.374020,0.0399273082,-0.0907120291,0.048092177,0.048092177,1.47382221,791,11.3329183,0.234628708
103327.384049,0.0303040966,-0.0998491967,0.0467972716,0.0467972716,1.47437814,791,9.62533841,0.234926554
103327.394078,0.00748682383,-0.103106419,0.0478323806,0.0478323806,1.47479832,791,16.8421947,0.235343759
103327.404107,0.00346478784,-0.0994063386,0.0453028002,0.0453028002,1.47519654,791,13.6387783,0.234622881
103327.414136,-0.0104011212,-0.0988255631,0.0470235052,0.0470235052,1.47552219,791,11.7953065,0.234432504
103327.424165,-0.00360149757,-0.0762061397,0.0456930155,0.0456930155,1.4757602,791,13.696255,0.23422308
103327.434194,-0.00284221687,-0.0687932116,0.0467907764,0.0467907764,1.47596218,791,13.7940213,0.23441191
103327.444223,-0.0108218956,-0.0675968017,0.0470139255,0.0470139255,1.47611649,791,11.5261362,0.23442333
103327.454252,-0.00713175285,-0.0489746851,0.0433765258,0.0433765258,1.47615959,791,13.303414,0.234226511
103327.464281,-0.0313670569,-0.0430075026,0.0444358193,0.0444358193,1.47602386,791,14.769277,0.234208647
103327.474310,-0.0377238132,-0.0251450029,0.040715203,0.040715203,1.47572638,791,14.4081213,0.234208647
103327.484339,-0.0520463682,-0.00143132784,0.0426700205,0.0426700205,1.47517613,791,14.6702352,0.234724071
103327.494368,-0.0433642357,0.00389724921,0.0421154503,0.0421154503,1.4746481,791,15.303302,0.235193736
103327.504397,-0.0355872539,0.0123419512,0.0396419537,0.0396419537,1.47410381,791,18.0336813,0.23560978
103327.514426,-0.0234729677,0.0156833473,0.0420252491,0.0420252491,1.47360243,791,16.8814021,0.23560978
103327.524455,-0.0387946774,0.026771565,0.041414604,0.041414604,1.47294568,791,15.35361,0.234637016
103327.534484,-0.0365780212,0.0327451292,0.0427042584,0.0427042584,1.47226305,791,17.89538,0.234637016
103327.544514,-0.0313298248,0.0375640691,0.0437142884,0.0437142884,1.4715765,791,15.3791782,0.234637016
103327.554543,-0.011223238,0.0517121887,0.0426329649,0.0426329649,1.47086675,791,15.9769123,0.235077547
103327.564572,-0.00544888555,0.059107371,0.0444722974,0.0444722974,1.47013499,791,16.5928629,0.234947813
103327.574601,0.0155383174,0.0664873707,0.0426874973,0.0426874973,1.46946545,791,16.7535939,0.234947813
103327.584630,0.0314903167,0.0484714463,0.0464215508,0.0464215508,1.46907082,791,14.0257656,0.235217689
103327.594659,0.0378762802,0.0503717793,0.0462751378,0.0462751378,1.46874433,791,14.0576289,0.235217689
103327.604688,0.03877668,0.0462761379,0.0442557868,0.0442557868,1.46850745,791,12.387482,0.235312551
103327.614717,0.0324392006,0.0486886298,0.0459675844,0.0459675844,1.46826051,791,11.3360819,0.234394316
103327.624746,0.0240763076,0.0511486474,0.0429640103,0.0429640103,1.46798416,791,14.0305569,0.23421317
103327.634775,0.0191665097,0.0571450289,0.0430366775,0.0430366775,1.46768449,791,16.98797,0.23382195
103327.644804,0.0118831497,0.0285355696,0.0430836089,0.0430836089,1.46751194,791,16.1564152,0.234002782
103327.654833,0.0156796354,0.0122977219,0.0408757522,0.0408757522,1.46746366,791,13.4618082,0.233881989
103327.664862,0.00651452549,0.0077091779,0.0425430802,0.0425430802,1.46736112,791,16.1308814,0.233450767
103327.674891,0.00960336345,0.0150322694,0.0394948603,0.0394948603,1.4672582,791,15.8787182,0.233428641
103327.684920,0.0134208066,0.0226463766,0.0417811992,0.0417811992,1.46716713,791,13.4748346,0.233155723
103327.694949,0.017263916,0.0195975354,0.0411602757,0.0411602757,1.46713475,791,17.8995262,0.233121431
103327.704978,0.0146716432,0.00138675203,0.0394187426,0.0394187426,1.46714735,791,15.5130312,0.233121431
103327.715007,0.0133853269,6.42064382e-06,0.0424500986,0.0424500986,1.46715295,791,13.8209555,0.233041932
103327.725036,0.0191719946,0.0118376469,0.0406814337,0.0406814337,1.46717574,791,18.2569669,0.233288455
103327.735065,0.00603192467,-0.00791991715,0.0431558851,0.0431558851,1.46713762,791,14.8922774,0.233473788
103327.745094,0.0153027717,-0.015009689,0.0402548542,0.0402548542,1.46720973,791,16.7422101,0.233735309
103327.755123,0.0303312953,0.00545464937,0.0420298653,0.0420298653,1.46735573,791,14.2436731,0.233610193
103327.765152,0.0442701984,0.0196725567,0.0442948634,0.0442948634,1.4675957,791,11.9312233,0.233176919
103327.775181,0.0501346148,0.00573074443,0.0411483953,0.0411483953,1.46793226,791,16.5184116,0.233162407
103327.785210,0.049830756,0.000570309657,0.0409152027,0.0409152027,1.46827453,791,18.8003579,0.233227518
103327.795239,0.0564787423,0.00997333772,0.041138438,0.041138438,1.46865773,791,13.6210389,0.233150885
103327.805268,0.0577926099,0.0161533137,0.0437411481,0.0437411481,1.46904184,791,15.7114135,0.233168402
103327.815297,0.0705344106,0.00673704954,0.0453613451,0.0453613451,1.4695626,791,12.0154243,0.233168402
103327.825326,0.0800216982,0.0204358134,0.0440962894,0.0440962894,1.47015397,791,12.4431392,0.233731825
103327.835355,0.0870694678,0.0174424598,0.0461016492,0.0461016492,1.4708139,791,14.7620793,0.233731825
103327.845384,0.0786226589,0.0251035416,0.0433250075,0.0433250075,1.47138001,791,13.8707155,0.23430431
103327.855413,0.0815312369,0.0335282207,0.0465260251,0.0465260251,1.4719701,791,11.8555897,0.234836182
103327.865442,0.0938537562,0.027288356,0.0479323747,0.0479323747,1.47267967,791,10.6332501,0.234586219
103327.875471,0.085237261,0.0262668762,0.0424322415,0.0424322415,1.47329613,791,15.1726321,0.234390175
103327.885500,0.0826809691,0.0181235226,0.0440258938,0.0440258938,1.47387608,791,16.5036533,0.234563872
103327.895530,0.0497404634,0.0198696871,0.0419173057,0.0419173057,1.47412387,791,13.1043322,0.234563872
103327.905558,0.0527435636,0.00467713685,0.0446651279,0.0446651279,1.4743888,791,11.272877,0.234415593
103327.915588,0.0545700926,0.014650419,0.0424539878,0.0424539878,1.4746727,791,18.5795917,0.234409731
103327.925617,0.0476334981,0.0144087871,0.0405707386,0.0405707386,1.47488367,791,14.9107128,0.234897281
103327.935646,0.0407217764,0.0217896808,0.043398722,0.043398722,1.47502979,791,14.671042,0.23531409
103327.945675,0.0441401374,0.048892191,0.041724659,0.041724659,1.47523799,791,14.7006721,0.236359018
103327.955704,0.0444891847,0.053291638,0.0447089637,0.0447089637,1.47546495,791,12.126054,0.236302117
103327.965733,0.0456066896,0.0574879625,0.0454237102,0.0454237102,1.47572019,791,14.959506,0.236302117
103327.975762,0.0470717883,0.0394383357,0.0444763197,0.0444763197,1.47596274,791,12.2848801,0.237035707
103327.985791,0.0480922114,0.0555041929,0.0447144073,0.0447144073,1.47625176,791,13.4621259,0.236665718
103327.995820,0.0395020157,0.0347398839,0.0417434124,0.0417434124,1.47641353,791,13.0587515,0.237142343
103328.005849,0.0311408001,0.0308912634,0.0426505615,0.0426505615,1.47648652,791,15.3227796,0.237142343
103328.015878,0.0325635927,0.0200782662,0.0447409176,0.0447409176,1.47654567,791,12.7112043,0.236925725
103328.025907,0.024746,0.00396811344,0.0419497,0.0419497,1.47648752,791,14.7580291,0.237094145
103328.035936,0.0152755951,-0.00340663896,0.0429078127,0.0429078127,1.47632165,791,15.627751,0.23672621
103328.045965,0.0134633713,-0.0129058503,0.0426278293,0.0426278293,1.47611839,791,13.2523728,0.236821604
103328.055994,0.0192602706,-0.0248216523,0.044650054,0.044650054,1.47594834,791,12.3126349,0.236895066
103328.066023,0.00646946508,-0.0306626836,0.0441431359,0.0441431359,1.47565193,791,15.265461,0.236774706
103328.076052,0.00722728957,-0.0234483099,0.0417828887,0.0417828887,1.47538898,791,16.5294762,0.236819268
103328.086081,0.012349958,-0.0228119443,0.0427518787,0.0427518787,1.47518595,791,14.8274462,0.237284147
103328.096110,-0.000599919252,-0.0138220087,0.0417069097,0.0417069097,1.4748802,791,13.9553048,0.237191738
103328.106139,0.0155097663,-0.0205893159,0.0442004054,0.0442004054,1.47472781,791,14.2776968,0.237191738
103328.116168,0.0186469569,-0.0158788907,0.0420011975,0.0420011975,1.47461906,791,12.194142,0.237034485
103328.126197,0.0286816937,-0.00948261759,0.0441050266,0.0441050266,1.47462078,791,14.5838211,0.236903146
103328.136226,0.0222247854,-0.0147004926,0.0441834429,0.0441834429,1.47455459,791,15.2951604,0.236903146
103328.146255,0.0442138332,-0.0151294089,0.0419108501,0.0419108501,1.47470644,791,12.4370831,0.236573653
103328.156284,0.0229185279,-0.00670823564,0.0426463699,0.0426463699,1.47465724,791,14.8067547,0.236506342
103328.166313,0.0271345077,-0.00224546224,0.0423770545,0.0423770545,1.47465486,791,12.5711385,0.236475479
103328.176342,0.0200202414,0.0209452611,0.0432957744,0.0432957744,1.47460538,791,12.9310732,0.236382817
103328.186371,0.0224852018,0.0169461765,0.043472765,0.043472765,1.47457882,791,11.5214847,0.236382817
103328.196400,0.0214431152,0.0243985636,0.0429405125,0.0429405125,1.4745536,791,12.1962227,0.236326497
103328.206429,0.0417971877,0.0252824163,0.0441238073,0.0441238073,1.47473141,791,10.7028975,0.236397324
103328.216458,0.0424564276,0.0254965236,0.0397569903,0.0397569903,1.47491501,791,16.9355699,0.236318254
103328.226487,0.0479373021,0.0276318752,0.0426064044,0.0426064044,1.47515411,791,13.2465449,0.236109073
103328.236516,0.0367309331,0.0266646997,0.041634195,0.041634195,1.47528097,791,18.7756371,0.236221672
103328.246545,0.0314934868,0.0334172284,0.0406530215,0.0406530215,1.47537096,791,13.2153115,0.236324411
103328.256574,0.0251958737,0.043228888,0.0415731196,0.0415731196,1.47542547,791,16.1932038,0.236044435
103328.266603,0.0101077246,0.0337958617,0.0402876788,0.0402876788,1.47532093,791,16.1904807,0.236165915
103328.276632,0.00308593071,0.0246998747,0.0405694793,0.0405694793,1.47513416,791,16.882697,0.236165915
103328.286661,0.00159867818,0.0254657758,0.0419428981,0.0419428981,1.47494284,791,16.1547254,0.236232736
103328.296690,-0.00940331037,0.0310141758,0.0402112345,0.0402112345,1.47467277,791,12.9503345,0.236232736
103328.306719,-0.0156293135,0.0193806635,0.0431545737,0.0431545737,1.4743205,791,15.0888041,0.236347582
103328.316748,-0.0154232308,0.0248943369,0.0413867638,0.0413867638,1.47399958,791,14.7722052,0.236347582
103328.326777,-0.0118817244,0.0088054711,0.0431030849,0.0431030849,1.47366713,791,14.4714359,0.235920532
103328.336806,-0.0152696252,0.0137584516,0.040851828,0.040851828,1.47332909,791,20.533487,0.235546815
103328.346835,-0.0154524307,0.0110642775,0.039345518,0.039345518,1.47298871,791,15.6375462,0.236156557
103328.356864,-0.00463369103,0.00521521188,0.0427928806,0.0427928806,1.472733,791,13.1075879,0.235885502
103328.366893,-0.00837519684,0.00611535328,0.0397163016,0.0397163016,1.47245224,791,18.6323108,0.236023758
103328.376922,0.00588218096,-0.010469925,0.0422266545,0.0422266545,1.47224344,791,15.3580044,0.236023758
103328.386951,-0.00233440169,-0.00659181227,0.0425624945,0.0425624945,1.47197926,791,14.0304802,0.236009745
103328.396980,-0.00670687519,-0.0137924904,0.0417981223,0.0417981223,1.47165443,791,11.4194205,0.235601944
103328.407009,-0.00525287876,-0.0103281855,0.04344109,0.04344109,1.47136256,791,15.4746753,0.235601944
103328.417038,-0.00662837725,-0.0185369789,0.0414470527,0.0414470527,1.47103611,791,16.6020636,0.235398746
103328.427068,-0.0126565093,-0.0282637154,0.0436885362,0.0436885362,1.47063092,791,15.0335405,0.235398746
103328.437097,-0.0221568717,-0.0275050386,0.0408669218,0.0408669218,1.47015225,791,15.6280173,0.235503484
103328.447126,-0.0320788177,-0.0251763747,0.0418972161,0.0418972161,1.4696002,791,17.3843087,0.235498425
103328.457155,-0.0260109635,-0.0324768504,0.0427857781,0.0427857781,1.4690999,791,15.8746942,0.235498425
103328.467184,-0.0107756968,-0.0344635548,0.0425935058,0.0425935058,1.46875829,791,11.7571392,0.235753197
103328.477213,-0.0207750882,-0.0267978045,0.0445144336,0.0445144336,1.46835353,791,13.4097907,0.235753197
103328.487242,-0.0124491026,-0.0214476452,0.04052688,0.04052688,1.46805288,791,16.5259306,0.235753197
103328.497271,-0.0269918409,-0.0233632364,0.0434000321,0.0434000321,1.46761906,791,11.4850694,0.235753197
103328.507300,-0.0342194668,-0.0217445118,0.0420918041,0.0420918041,1.46713057,791,18.6923834,0.235753197
103328.517329,-0.0375165364,-0.0213462233,0.0411865963,0.0411865963,1.46662483,791,14.4408649,0.235815468
103328.527358,-0.0437630454,-0.00723247647,0.0452619496,0.0452619496,1.4660823,791,10.5731105,0.235374115
103328.537387,-0.0472646291,0.0142450376,0.0442183443,0.0442183443,1.46553595,791,11.0322502,0.234983622
103328.547416,-0.0383492258,0.0157440848,0.043386493,0.043386493,1.46509791,791,17.7566239,0.234983622
103328.557445,-0.0459203469,0.00783045768,0.0439506953,0.0439506953,1.46459082,791,14.4412361,0.234927474
103328.567474,-0.0394584165,0.00856025475,0.0424442896,0.0424442896,1.46416545,791,15.4521878,0.234042716
103328.577503,-0.048982819,0.0154388544,0.0437927993,0.0437927993,1.46369515,791,13.4278335,0.23377242
103328.587532,-0.0503321768,0.020369221,0.0424890955,0.0424890955,1.46328749,791,10.2382561,0.234334359
103328.597561,-0.0736173575,0.00221766304,0.0440074853,0.0440074853,1.46268654,791,14.2214966,0.234393477
103328.607590,-0.0631738432,0.0107674352,0.0443205377,0.0443205377,1.46240802,791,12.7086579,0.234393477
103328.617619,-0.0694225366,0.00846476712,0.0417313022,0.0417313022,1.46241337,791,14.6006279,0.234572952
103328.627648,-0.0789773612,0.0152643207,0.0444074702,0.0444074702,1.46285123,791,20.5200284,0.234572952
103328.637677,-0.0956365623,-0.00207880174,0.0432413298,0.0432413298,1.46348947,791,19.106103,0.23490178
103328.647706,-0.104470188,-0.000403275949,0.0456406678,0.0456406678,1.46434173,791,19.1185673,0.235085865
103328.657735,-0.110700014,0.00414229418,0.0463016284,0.0463016284,1.46530959,791,17.8976886,0.234586358
103328.667764,-0.114109042,-0.00831664022,0.0438696329,0.0438696329,1.4662845,791,18.7830099,0.23440522
103328.677793,-0.099862792,0.00191959817,0.0445951793,0.0445951793,1.46714583,791,19.1325031,0.23440522
103328.687822,-0.095855671,0.00270432118,0.0411977029,0.0411977029,1.46795825,791,20.6991347,0.234313555
103328.697851,-0.0913961825,0.00974874798,0.0414006254,0.0414006254,1.46872574,791,20.8823404,0.234793347
103328.707880,-0.0499809121,-0.00784368869,0.0404024267,0.0404024267,1.46904947,791,21.6322135,0.234793347
103328.717909,-0.031926425,-0.00128592106,0.0375771713,0.0375771713,1.46920259,791,23.7354512,0.234807007
103328.727938,0.00112922023,0.00204543785,0.0395520101,0.0395520101,1.46903585,791,19.1405099,0.23473609
103328.737967,0.008647881,-0.00252275342,0.0372402036,0.0372402036,1.4687928,791,19.6143497,0.234320831
103328.747996,0.00858578516,-5.56668655e-05,0.0388225866,0.0388225866,1.4685586,791,20.384699,0.23443354
103328.758025,0.0063819686,-0.00669263336,0.037553751,0.037553751,1.46834129,791,22.1956025,0.234261855
103328.768054,0.00154406938,0.0103182053,0.0401291702,0.0401291702,1.46819913,791,17.9873713,0.234024572
103328.778083,0.0205971625,0.00780715805,0.0400796063,0.0400796063,1.46787245,791,17.3682497,0.233713463
103328.788112,0.0161458424,-0.013322302,0.0384252329,0.0384252329,1.46756248,791,18.8180686,0.233862935
103328.798141,0.0189347006,-0.00868440421,0.0404869379,0.0404869379,1.46723947,791,17.043041,0.233862935
103328.808170,0.0204089271,-0.0135469466,0.0384085683,0.0384085683,1.4669029,791,16.4098741,0.233726162
103328.818199,-0.00187288304,-0.0255472137,0.0395663679,0.0395663679,1.46678234,791,20.3327299,0.234248813
103328.828228,-0.0384358418,-0.0370406321,0.040950286,0.040950286,1.46703225,791,20.1123659,0.234248813
103328.838257,-0.0454241776,-0.0305701647,0.0417385089,0.0417385089,1.46736659,791,15.4924515,0.234295617
103328.848286,-0.0507477584,-0.0388508001,0.0451418627,0.0451418627,1.46776659,791,14.950575,0.234215975
103328.858315,-0.0726036954,-0.0446079357,0.0455713442,0.0455713442,1.46839658,791,16.1014437,0.234215975
103328.868344,-0.0902857746,-0.0653463737,0.0487633326,0.0487633326,1.4692398,791,18.6570704,0.234215975
103328.878373,-0.0978940291,-0.068840313,0.0539429771,0.0539429771,1.47017281,791,16.9053337,0.23437736
103328.888402,-0.0891068505,-0.074122902,0.0625575533,0.0625575533,1.47103944,789,15.5853244,0.23437736
103328.898431,-0.0790453149,-0.0797556249,0.0701231291,0.0701231291,1.47183422,789,12.4674944,0.234578503
103328.908460,-0.0685076182,-0.0860861752,0.076949733,0.076949733,1.4725627,789,15.1705476,0.234578503
103328.918489,-0.0575705654,-0.0928474143,0.0832194285,0.0832194285,1.47323242,789,16.5801676,0.234578503
103328.928518,-0.0466378598,-0.099760902,0.089049943,0.089049943,1.47385501,789,16.2762555,0.234578503
103328.938547,-0.035973482,-0.106726968,0.0945226038,0.0945226038,1.47444487,789,16.7628325,0.234578503
103328.948576,-0.0259448766,-0.113706017,0.0996963811,0.0996963811,1.47501957,789,17.6898232,0.234578503
103328.958605,-0.0166725397,-0.121253246,0.104615662,0.104615662,1.47560064,789,14.5858036,0.235083351
103328.968634,-0.00819722341,-0.129498976,0.109314877,0.109314877,1.47621075,789,18.2862163,0.235450991
103328.978663,-0.000976699254,-0.13787651,0.113821384,0.113821384,1.47687109,789,19.5809954,0.235623733
103328.988692,0.00484049906,-0.145786476,0.118157328,0.118157328,1.47759638,789,16.8975958,0.236023945
103328.998721,0.00866886635,-0.152515788,0.122340933,0.122340933,1.47839453,789,19.6474258,0.236023945
103329.008750,0.0108479529,-0.157865263,0.126387386,0.126387386,1.47926359,789,21.5631854,0.234911675
103329.018779,0.0116531233,-0.162003865,0.130309583,0.130309583,1.48019656,789,20.9443207,0.234343379
103329.028808,0.0117948916,-0.164966769,0.134118489,0.134118489,1.4811802,789,23.4773283,0.234790713
103329.038837,0.0120614911,-0.166000452,0.137823568,0.137823568,1.48219013,789,22.3247562,0.234322769
103329.048866,0.0116470376,-0.164862893,0.141432822,0.141432822,1.48320328,789,25.3717929,0.234143947
103329.058895,0.0108849584,-0.161119938,0.144953182,0.144953182,1.48419097,789,27.4173774,0.234176661
103329.068924,0.00982978123,-0.154685973,0.148390657,0.148390657,1.48512399,789,27.9036258,0.233980498
103329.078953,0.0085774864,-0.14603863,0.151750581,0.151750581,1.48597802,789,25.2991964,0.234912268
103329.088982,0.00695063662,-0.136008895,0.155037758,0.155037758,1.48699491,789,28.5519736,0.235682083
103329.099011,-0.115668419,-0.0408054802,0.0715393184,0.0715393184,1.4877532,791,26.5387357,0.235682083
103329.109040,-0.132504967,-0.0150341372,0.0545268217,0.0545268217,1.48837195,791,29.1775936,0.236214513
103329.119069,-0.134259455,-0.00559584928,0.0630618671,0.0630618671,1.48896494,789,28.9532044,0.236214513
103329.129098,-0.135065136,0.00168949905,0.0705735004,0.0705735004,1.48955147,789,31.4842079,0.235892379
103329.139127,-0.133914216,0.00704127946,0.0773604399,0.0773604399,1.4901411,789,25.9093976,0.235180667
103329.149156,-0.132033242,0.00956770169,0.0835994228,0.0835994228,1.49075303,789,28.9360686,0.235180667
103329.159185,-0.128781363,0.00981522129,0.0894052838,0.0894052838,1.4913949,789,29.0633415,0.2349134
103329.169214,-0.123698329,0.00809452223,0.0948576308,0.0948576308,1.49206539,789,26.3057876,0.2349134
103329.179243,-0.117380464,0.00330932595,0.100014307,0.100014307,1.49277191,789,21.8524277,0.2349134
103329.189272,-0.108689296,-0.00342880943,0.104918903,0.104918903,1.49350325,789,26.6356661,0.2349134
103329.199301,-0.0987618282,-0.0108875048,0.109605294,0.109605294,1.49424511,789,30.8626313,0.234673749
103329.209330,-0.0876243816,-0.018858411,0.114100387,0.114100387,1.49498285,789,29.0776075,0.234372001
103329.219359,-0.0753556002,-0.0272917404,0.118426024,0.118426024,1.49570376,789,28.2452898,0.234031318
103329.229388,-0.0624658032,-0.037071893,0.12260014,0.12260014,1.4964071,789,35.9768319,0.234031318
103329.239417,-0.0484984202,-0.0475894288,0.126637749,0.126637749,1.49708724,789,31.037125,0.233324715
103329.249446,-0.0335768808,-0.0581067964,0.130551561,0.130551561,1.49773736,789,36.6080408,0.232777855
103329.259475,-0.0183176622,-0.0682457035,0.13435252,0.13435252,1.49835562,789,32.01307,0.232777855
103329.269504,-0.00297115228,-0.0778567281,0.138050023,0.138050023,1.49894398,789,33.313752,0.232777855
103329.279533,0.0127646077,-0.0876420597,0.141652211,0.141652211,1.49951043,789,32.178018,0.231668349
103329.289562,0.0291451811,-0.0979607092,0.145166119,0.145166119,1.50006748,789,30.3751029,0.23204418
103329.299591,0.0458278709,-0.108973524,0.148597857,0.148597857,1.50063517,789,33.8600339,0.23039307
103329.309620,0.0628087562,-0.120950116,0.151952872,0.151952872,1.50123996,789,28.7798256,0.231561372
103329.319649,0.0800104253,-0.133724197,0.155235982,0.155235982,1.50191191,789,27.5932837,0.231487054
103329.329678,0.0961028227,-0.146550471,0.158451676,0.158451676,1.50268492,789,31.3810426,0.231898711
103329.339707,0.110220195,-0.159020609,0.161603951,0.161603951,1.50359248,789,33.7760626,0.231207254
103329.349736,0.122264634,-0.171308335,0.16469641,0.16469641,1.50466538,789,34.6824877,0.229909525
103329.359765,0.132395261,-0.182778545,0.167732349,0.167732349,1.50592128,789,41.796417,0.227560733
103329.369794,0.140365384,-0.193367396,0.170714813,0.170714813,1.5073699,789,43.8141682,0.226609794
103329.379823,0.146285202,-0.203294777,0.173646576,0.173646576,1.50901418,789,45.5204016,0.224583666
103329.389852,0.150287799,-0.212655022,0.176530167,0.176530167,1.5108501,789,44.8827943,0.222906796
103329.399881,0.152663666,-0.221954567,0.179367852,0.179367852,1.51287233,789,50.650059,0.221726312
103329.409910,0.154429779,-0.229897859,0.182161766,0.182161766,1.51505827,789,48.5188689,0.220085238
103329.419939,0.154720922,-0.236491353,0.184913992,0.184913992,1.51738428,789,54.2137642,0.219275798
103329.429968,0.152576675,-0.243204304,0.187626379,0.187626379,1.5198394,789,52.9240567,0.218491809
103329.439997,0.149351546,-0.249205334,0.190300691,0.190300691,1.52240346,789,51.1673709,0.217825703
103329.450026,0.145249603,-0.255285244,0.192938436,0.192938436,1.52506499,789,56.6790987,0.217994437
103329.460055,0.141002649,-0.261349229,0.195541064,0.195541064,1.52781359,789,51.1573455,0.217102425
103329.470084,0.137080126,-0.26659101,0.198109949,0.198109949,1.53063333,789,60.0079735,0.21712206
103329.480113,0.133428662,-0.271674656,0.200646352,0.200646352,1.53351664,789,62.5071505,0.216018389
103329.490142,0.0239111216,-0.0302228167,0.0690881402,0.0690881402,1.53386225,791,66.1565869,0.215077774
103329.500171,0.00752302174,-0.0117153569,0.0505538689,0.0505538689,1.53399912,791,69.7460816,0.213214415
103329.510200,0.00153581065,-0.00981255798,0.0484900621,0.0484900621,1.53410696,791,69.8457085,0.212163098
103329.520229,-0.00145257704,-0.00867865324,0.0466332874,0.0466332874,1.53419843,791,75.5918163,0.211236587
103329.530258,-0.00439936708,-0.00707126418,0.0424001218,0.0424001218,1.53426902,791,73.0086779,0.21022201
103329.540287,-0.00336441878,-0.0100274667,0.0428636931,0.0428636931,1.5343702,791,71.7966994,0.209392242
103329.550316,-0.00629742595,-0.00893204025,0.0400156524,0.0400156524,1.53445564,791,76.0981448,0.208270472
103329.560345,-0.00580235071,-0.0100968824,0.0410623294,0.0410623294,1.53455329,791,74.88033,0.207944216
103329.570374,-0.00487412909,-0.00999937527,0.0407257318,0.0407257318,1.53465149,791,77.840286,0.207199994
103329.580403,-0.00676926849,-0.00417734734,0.0384422302,0.0384422302,1.53468953,791,82.5934441,0.206362601
103329.590432,-0.0092231134,-0.00186156839,0.0394074803,0.0394074803,1.53470092,791,79.4984792,0.206153872
103329.600461,-0.0107996606,0.00367383859,0.0368680183,0.0368680183,1.53465562,791,99.9592835,0.204733365
103329.610490,-0.00947622213,0.00340839644,0.037248299,0.037248299,1.53461507,791,106.748888,0.203992394
103329.620519,-0.0118248086,0.00382137611,0.036421935,0.036421935,1.53456693,791,115.914634,0.20297345
103329.630548,-0.00640241435,0.000787118354,0.0349281839,0.0349281839,1.53455687,791,114.991076,0.201130241
103329.640577,-0.00687807283,0.00229880051,0.0362188941,0.0362188941,1.53453121,791,114.457325,0.199969296
103329.650606,-0.00709896587,0.00412202238,0.0354930191,0.0354930191,1.53448729,791,109.158072,0.197749391
103329.660635,-0.00987220306,0.00604354957,0.037381362,0.037381362,1.53442044,791,110.487583,0.196687036
103329.670664,-0.00648343062,0.00718660801,0.038091483,0.038091483,1.53434727,791,103.517955,0.194813237
103329.680693,-0.00982556128,0.00545231923,0.0372609963,0.0372609963,1.53428637,791,103.584822,0.192435866
103329.690722,-0.0100523526,0.00579210862,0.0392535018,0.0392535018,1.53422191,791,99.5231766,0.191256658
103329.700751,-0.010304695,0.00255895967,0.037839453,0.037839453,1.53418904,791,111.649896,0.189112935
103329.710780,-0.0102020597,0.0014443346,0.0394129994,0.0394129994,1.53416746,791,105.409809,0.187671736
103329.720809,-0.0090463632,0.00126492811,0.0394777236,0.0394777236,1.53414931,791,102.575749,0.186427787
103329.730838,-0.00618480489,0.0015452452,0.0374353032,0.0374353032,1.53413214,791,106.358924,0.184644733
103329.740867,-0.00369862216,0.00167517849,0.0385281745,0.0385281745,1.53411679,791,109.555656,0.183350269
103329.750896,-0.00138349895,0.00301894981,0.0367610011,0.0367610011,1.53409102,791,105.989214,0.181648489
103329.760925,-0.00374087402,0.00354294416,0.0377840277,0.0377840277,1.53405704,791,106.590669,0.180641471
103329.770954,-0.00209106605,0.00401828089,0.0359751178,0.0359751178,1.53402032,791,111.638587,0.179059989
103329.780983,-0.00130561129,-0.00159672694,0.0366289051,0.0366289051,1.5340398,791,112.644246,0.178190983
103329.791012,0.00188091791,-0.00235394866,0.0360090609,0.0360090609,1.53407056,791,122.198373,0.177373075
103329.801041,0.00509566659,-0.00232213104,0.0344400247,0.0344400247,1.53410492,791,126.339908,0.175969218
103329.811070,0.00791420416,0.000916393473,0.0350766714,0.0350766714,1.53411098,791,126.189812,0.175239182
103329.821099,0.00570695391,0.0026365347,0.0338454012,0.0338454012,1.53385061,791,133.256677,0.174077925
103329.831128,0.00998205433,0.00170103859,0.0342002629,0.0342002629,1.53336335,791,128.075033,0.17329501
103329.841157,0.00941116771,0.00380368077,0.0337540878,0.0337540878,1.53286482,791,133.200491,0.172644437
103329.851186,0.0120930404,0.00348084114,0.0329060938,0.0329060938,1.53238346,791,134.717591,0.171735829
103329.861215,0.0150900509,0.00271331081,0.0332151768,0.0332151768,1.53192412,791,130.516134,0.171149683
103329.871244,0.0147508056,0.00559552534,0.0325520074,0.0325520074,1.53144631,791,150.098456,0.170042525
103329.881273,0.0148819075,0.00633509198,0.032618374,0.032618374,1.53097199,791,150.173332,0.169621831
103329.891302,0.0129013175,0.0038476174,0.0323246582,0.0323246582,1.53052886,791,160.266099,0.16903213
103329.901331,0.0178488188,0.00566727299,0.0320578816,0.0320578816,1.53008635,791,148.161837,0.168399021
103329.911360,0.0205853756,0.00371800099,0.0323269166,0.0323269166,1.52967808,791,140.544085,0.167838519
103329.921389,0.0247123415,0.00231819444,0.0323998771,0.0323998771,1.52930156,791,115.743499,0.167279483
103329.931418,0.0267931861,-0.000140785682,0.0335753195,0.0335753195,1.5289634,791,105.23394,0.166737884
103329.941447,0.0212701959,0.00441093531,0.034443622,0.034443622,1.52857939,791,116.302892,0.166159577
103329.951476,0.0200080605,0.00350802377,0.0341700578,0.0341700578,1.52821101,791,99.5043245,0.165527963
103329.961505,0.0212903302,0.00499162192,0.0352999314,0.0352999314,1.52784096,791,103.396587,0.165281257
103329.971534,0.0156236469,0.00799216672,0.0341895536,0.0341895536,1.52743787,791,110.000955,0.164621754
103329.981563,0.0171324958,0.00912805191,0.0347056074,0.0347056074,1.52703746,791,106.711162,0.164369437
103329.991592,0.016351398,0.0101129244,0.0340579286,0.0340579286,1.52663545,791,122.874844,0.16406393
103330.001621,0.0174326146,0.00784123767,0.0329916627,0.0329916627,1.52626772,791,115.41657,0.163701464
103330.011650,0.0171863623,0.00981015143,0.0336800733,0.0336800733,1.52589008,791,127.34647,0.163399849
103330.021679,0.0193176384,0.00898645441,0.033502955,0.033502955,1.52553623,791,110.287613,0.16303332
103330.031708,0.0169927636,0.0129022241,0.0350154956,0.0350154956,1.52514821,791,111.225522,0.16289012
103330.041737,0.0185493819,0.0183135376,0.0358321664,0.0358321664,1.52472532,791,111.843502,0.162749675
103330.051766,0.0159693332,0.0271873967,0.0348810018,0.0348810018,1.52422365,791,136.104393,0.162577174
103330.061795,0.0149026895,0.0326468989,0.0355764525,0.0355764525,1.52368196,791,137.581776,0.162568658
103330.071824,0.0144904813,0.0337108026,0.0342166288,0.0342166288,1.52314423,791,156.546634,0.162476938
103330.081853,0.0157708882,0.0343843222,0.0350946609,0.0350946609,1.52262092,791,153.906999,0.162548705
103330.091882,0.0145759314,0.0324737297,0.0353960193,0.0353960193,1.52212583,791,142.739732,0.162572027
103330.101911,0.0140647534,0.0368620487,0.0348067675,0.0348067675,1.521605,791,150.488023,0.16246037
103330.111940,0.0110325934,0.0406314863,0.0363138348,0.0363138348,1.52105437,791,158.362336,0.162355234
103330.121969,0.0122186293,0.0430980593,0.035301255,0.035301255,1.52050573,791,154.308119,0.162490214
103330.131998,0.0135843201,0.0448408091,0.0364557897,0.0364557897,1.51996867,791,172.053805,0.162388996
103330.142027,0.0128029573,0.0446120335,0.0350537854,0.0350537854,1.51945085,791,183.852803,0.162222426
103330.152056,0.010201831,0.0441981774,0.0358804898,0.0358804898,1.51894366,791,180.039743,0.161976558
103330.162085,0.0097042691,0.0436312872,0.0354804477,0.0354804477,1.5184593,791,169.412921,0.161626723
103330.172114,0.0045084223,0.0457562568,0.0338865973,0.0338865973,1.51794836,791,121.00387,0.161370265
103330.182143,0.00532005011,0.0482261321,0.0339895354,0.0339895354,1.51744583,791,113.44429,0.161078813
103330.192172,0.0108997942,0.0453395757,0.0329460343,0.0329460343,1.51702666,791,116.946847,0.160858636
103330.202201,0.0163760055,0.038553089,0.03314702,0.03314702,1.51671998,791,110.370994,0.160758597
103330.212230,0.0165134567,0.0342693384,0.032861154,0.032861154,1.51646784,791,110.411144,0.160818529
103330.222259,0.0119941765,0.0291780506,0.0324164303,0.0324164303,1.51623468,791,113.301706,0.160574807
103330.232288,0.00910455769,0.0333328328,0.0330027491,0.0330027491,1.51597207,791,103.26474,0.160465315
103330.242317,0.00796076629,0.0319566653,0.0331915813,0.0331915813,1.51572776,791,96.4558878,0.160205823
103330.252346,0.0104600964,0.0288315739,0.0349072471,0.0349072471,1.51553957,791,93.3783464,0.159926591
103330.262375,0.0133493865,0.0307115643,0.0356453672,0.0356453672,1.51538595,791,98.5275756,0.159866676
103330.272404,0.0131626451,0.0304391424,0.0348368147,0.0348368147,1.51525253,791,95.6962201,0.159614566
103330.282433,0.015453434,0.0305744093,0.0360197964,0.0360197964,1.51516016,791,101.133874,0.159451536
103330.292462,0.0153862879,0.0226833058,0.0348358901,0.0348358901,1.51511194,791,108.132972,0.159295481
103330.302491,0.0157101061,0.0170445097,0.0356034608,0.0356034608,1.51509453,791,105.383531,0.159123801
103330.312519,0.0169124959,0.0102328442,0.0347278061,0.0347278061,1.51511287,791,112.90871,0.159279922
103330.322548,0.0135601881,0.00233856229,0.0330629033,0.0330629033,1.51512079,791,124.265339,0.159235571
103330.332577,0.0117043098,-0.0010375717,0.0327937528,0.0327937528,1.51511935,791,117.410393,0.159021345
103330.342606,0.016455977,-0.000275802219,0.0324376937,0.0324376937,1.51516157,791,113.204619,0.158504181
103330.352635,0.0211548884,-0.00207084915,0.0335208189,0.0335208189,1.51525221,791,104.95153,0.158027435
103330.362664,0.0237515375,-0.00425539036,0.0346653955,0.0346653955,1.51537098,791,97.2310006,0.157466848
103330.372693,0.0208810202,-0.011400445,0.0347540002,0.0347540002,1.51547645,791,99.0729224,0.156517865
103330.382722,0.0185776704,-0.0180699882,0.036652313,0.036652313,1.5155752,791,101.379342,0.155956226
103330.392751,0.0154566194,-0.0201036812,0.0358292142,0.0358292142,1.51565062,791,91.3128836,0.15536736
103330.402780,0.0103219858,-0.0242010006,0.0371461373,0.0371461373,1.51569233,791,92.7244933,0.154853215
103330.412809,0.0074114104,-0.0264755856,0.0370102889,0.0370102889,1.51571991,791,95.12843,0.154341466
103330.422838,0.00399591619,-0.0320815265,0.0353584866,0.0353584866,1.51574438,791,92.3073899,0.153615781
103330.432867,0.00343747927,-0.0346572798,0.0360164794,0.0360164794,1.51578601,791,94.4060253,0.153224384
103330.442896,-0.0020095653,-0.0384743225,0.0344872991,0.0344872991,1.51581058,791,98.2145192,0.152591749
103330.452925,-0.00208235584,-0.0380076485,0.0347790143,0.0347790143,1.51584968,791,101.070008,0.152254895
103330.462954,-0.00225153956,-0.0379399712,0.0334195988,0.0334195988,1.5159029,791,115.586268,0.152024386
103330.472983,-0.00404027773,-0.0404587954,0.0336640724,0.0336640724,1.51597158,791,127.814019,0.151725992
103330.483012,-0.0019678358,-0.0436768568,0.033378771,0.033378771,1.51609234,791,135.546464,0.151566634
103330.493041,-0.000107763665,-0.0456928222,0.0327588546,0.0327588546,1.51625476,791,138.093696,0.151355424
103330.503070,-0.000240181269,-0.0468659975,0.0332212134,0.0332212134,1.51643699,791,144.419392,0.151194073
103330.513099,-0.000424022812,-0.0482863112,0.0326406836,0.0326406836,1.51663959,791,143.338978,0.15106727
103330.523128,-0.000855263605,-0.0485527413,0.0328623808,0.0328623808,1.5168515,791,142.618634,0.151010565
103330.533157,-0.00329264611,-0.0476406742,0.0326668567,0.0326668567,1.51705035,791,133.094199,0.150849784
103330.543186,-0.00479672679,-0.0475875728,0.0322020237,0.0322020237,1.51724868,791,128.545485,0.150653226
103330.553215,-0.0112220671,-0.048716617,0.0322234273,0.0322234273,1.51743045,791,122.518729,0.1505644
103330.563244,-0.0101157966,-0.041930075,0.0319496284,0.0319496284,1.5175712,791,116.880021,0.150315963
103330.573273,-0.0162861258,-0.0425941443,0.0321627487,0.0321627487,1.51769697,791,101.249395,0.150063538
103330.583302,-0.0171214058,-0.0380642897,0.0321143578,0.0321143578,1.51779006,791,112.435848,0.149946739
103330.593331,-0.0211769648,-0.037314508,0.0320343853,0.0320343853,1.51787035,791,110.041371,0.149653353
103330.603360,-0.022420958,-0.0310170073,0.032247589,0.032247589,1.5179001,791,126.98217,0.149483698
103330.613389,-0.024396059,-0.0273800479,0.0320691686,0.0320691686,1.51790075,791,140.875776,0.14935618
103330.623418,-0.0271476554,-0.0297667044,0.0322959797,0.0322959797,1.51792756,791,149.933484,0.149093066
103330.633447,-0.0260236498,-0.0291334145,0.0322884968,0.0322884968,1.517964,791,155.591824,0.148781371
103330.643476,-0.0302876804,-0.0316954535,0.0321105032,0.0321105032,1.51802725,791,139.972902,0.148276629
103330.653505,-0.0311927382,-0.027669357,0.0322295531,0.0322295531,1.51806336,791,144.663786,0.147918249
103330.663534,-0.0327517613,-0.0286627722,0.0320177126,0.0320177126,1.51812035,791,121.598293,0.147178746
103330.673563,-0.0339655376,-0.0281617669,0.0321062991,0.0321062991,1.51818465,791,124.374136,0.146868419
103330.683592,-0.0352934515,-0.0306315572,0.0320959805,0.0320959805,1.51828573,791,122.763034,0.146348602
103330.693621,-0.0352719207,-0.0261980768,0.032029255,0.032029255,1.51835579,791,106.933577,0.145771777
103330.703650,-0.0387296589,-0.0284821139,0.0325167458,0.0325167458,1.51846149,791,98.3960137,0.145695779
103330.713679,-0.045858795,-0.0241393795,0.0325523615,0.0325523615,1.51854303,791,90.5221308,0.145163496
103330.723708,-0.0443491975,-0.0264825142,0.0333145572,0.0333145572,1.51866407,791,88.1391485,0.144876955
103330.733737,-0.0459196643,-0.0219305626,0.0335569097,0.0335569097,1.51875836,791,95.9936738,0.144492976
103330.743766,-0.0439458906,-0.0248787556,0.0330737318,0.0330737318,1.51889283,791,104.751454,0.144115031
103330.753795,-0.0418853319,-0.0235402235,0.0338433255,0.0338433255,1.51902144,791,92.8560078,0.144018084
103330.763824,-0.0431893091,-0.0263227924,0.0333790793,0.0333790793,1.51918954,791,107.054715,0.143736266
103330.773853,-0.0419065423,-0.0260707085,0.0344572312,0.0344572312,1.51935958,791,91.1042966,0.14358963
103330.783882,-0.0424603413,-0.0228362779,0.033894209,0.033894209,1.51950799,791,101.686947,0.143372383
103330.793911,-0.0421706755,-0.0190238103,0.034813138,0.034813138,1.51962745,791,88.4917528,0.14315683
103330.803940,-0.0457540565,-0.0205793696,0.0347076913,0.0347076913,1.51978235,791,93.2077557,0.142879085
103330.813969,-0.0400065495,-0.0156724138,0.0336410735,0.0336410735,1.51987713,791,90.580028,0.142371872
103330.823998,-0.032701405,-0.0147146964,0.0343802731,0.0343802731,1.5199377,791,94.0289795,0.142256476
103330.834027,-0.0290204108,-0.0131529326,0.0336244572,0.0336244572,1.51997154,791,99.2954558,0.142170754
103330.844056,-0.0277032258,-0.0107105207,0.0343200335,0.0343200335,1.51998099,791,106.117848,0.141871152
103330.854085,-0.0275070211,-0.0131230281,0.0343586076,0.0343586076,1.52001337,791,103.16798,0.141677318
103330.864114,-0.0242269814,-0.0116695727,0.0334086039,0.0334086039,1.52001935,791,120.051231,0.141506662
103330.874143,-0.0220600758,-0.0117624019,0.0338466637,0.0338466637,1.52001713,791,119.984752,0.141399557
103330.884172,-0.0154325087,-0.0139049405,0.0330069526,0.0330069526,1.52000063,791,116.909743,0.141061262
103330.894201,-0.0162248749,-0.0168213331,0.033259081,0.033259081,1.52001331,791,122.03075,0.140929822
103330.904230,-0.012908824,-0.0156952577,0.0330878693,0.0330878693,1.51999947,791,110.602853,0.140900213
103330.914259,-0.0125048065,-0.014178428,0.0327502916,0.0327502916,1.51997119,791,100.016108,0.140655842
103330.924288,-0.00936711913,-0.00593555616,0.0333289719,0.0333289719,1.51985846,791,113.3924,0.14024227
103330.934317,-0.00856241897,-0.00462773976,0.0329348706,0.0329348706,1.51973306,791,112.900631,0.139791901
103330.944345,-0.00785014387,-0.0059289413,0.0334997449,0.0334997449,1.5196174,791,113.29076,0.139808734
103330.954374,-0.00798943139,-0.00547419513,0.0335510436,0.0335510436,1.51950108,791,119.18752,0.139753617
103330.964403,-0.0130477718,-0.00611186756,0.0331235323,0.0331235323,1.51941948,791,127.971101,0.139743399
103330.974432,-0.0149523368,-0.00507176409,0.0339126302,0.0339126302,1.51934187,791,124.569026,0.139705034
103330.984461,-0.0147732021,-0.00283732613,0.0332546374,0.0332546374,1.51924752,791,137.943054,0.13958898
103330.994490,-0.0155320491,-0.00376939499,0.0337992745,0.0337992745,1.51916791,791,131.709445,0.139549195
103331.004519,-0.0151787739,-0.00418967836,0.0335212506,0.0335212506,1.51909233,791,133.641193,0.139468333
103331.014548,-0.0120831632,-0.00858669613,0.0329007174,0.0329007174,1.51903646,791,122.848139,0.139249463
103331.024577,-0.0143814618,-0.00985316049,0.0336200464,0.0336200464,1.51900527,791,129.194584,0.13915344
103331.034606,-0.0190206085,-0.0108158843,0.033242383,0.033242383,1.51900975,791,121.866828,0.138993091
103331.044635,-0.0175403789,-0.00779531275,0.0339694648,0.0339694648,1.51898244,791,130.302041,0.138894638
103331.054664,-0.0113139185,-0.00781626318,0.033643367,0.033643367,1.51891947,791,125.819946,0.138805117
103331.064693,-0.010642644,-0.00699477819,0.0327453029,0.0327453029,1.51884748,791,126.28263,0.138537489
103331.074722,-0.00616436179,-0.0100722839,0.0329790482,0.0329790482,1.51877414,791,121.786053,0.138301969
103331.084751,-0.00187385678,-0.0116438773,0.0324503958,0.0324503958,1.51868899,791,137.426069,0.138003055
103331.094780,0.000168716466,-0.0145442049,0.0327272983,0.0327272983,1.51861667,791,134.160475,0.137804378
103331.104809,0.00229632207,-0.0123680182,0.0326416754,0.0326416754,1.51851697,791,141.793083,0.137577675
103331.114839,0.00318661621,-0.015017387,0.0322170144,0.0322170144,1.51843625,791,144.123491,0.137204601
103331.124868,0.00768307011,-0.016683166,0.032414263,0.032414263,1.51834692,791,144.996431,0.136920115
103331.134897,0.013657179,-0.0209576031,0.0322131964,0.0322131964,1.51826504,791,131.533036,0.136512972
103331.144926,0.0184791649,-0.0211327299,0.0325408843,0.0325408843,1.51816722,791,138.443008,0.136262915
103331.154955,0.0237357282,-0.0208677731,0.0323031863,0.0323031863,1.51805153,791,134.757502,0.135939181
103331.164984,0.0287661872,-0.0218569358,0.0326770075,0.0326770075,1.51793484,791,127.190406,0.135678962
103331.175013,0.0332021409,-0.0187647853,0.0326916934,0.0326916934,1.51778888,791,132.230312,0.135321052
103331.185042,0.0428739809,-0.019038547,0.0323740271,0.0323740271,1.51762984,791,120.075021,0.134899647
103331.195071,0.0508703054,-0.0196881619,0.0327798118,0.0327798118,1.51748153,791,101.423427,0.134700656
103331.205100,0.0582538251,-0.0222222038,0.0325802866,0.0325802866,1.51737854,791,97.4597245,0.134353473
103331.215129,0.0688350775,-0.0250666261,0.0333960664,0.0333960664,1.51733559,791,96.2512904,0.134294327
103331.225158,0.0723056125,-0.0250248205,0.033922463,0.033922463,1.51735319,791,104.125389,0.133952229
103331.235187,0.0789933447,-0.0168099005,0.0338097992,0.0338097992,1.5173574,791,96.399873,0.133815936
103331.245216,0.0850379662,-0.0170486182,0.0354225092,0.0354225092,1.51744568,791,92.0054449,0.13359414
103331.255245,0.0919300759,-0.012615976,0.0350747589,0.0350747589,1.51758577,791,88.9424419,0.133210751
103331.265274,0.0994673234,-0.010182257,0.0367275724,0.0367275724,1.51781266,791,93.7568431,0.13303956
103331.275303,0.103531821,-0.0113440499,0.0371169476,0.0371169476,1.51815429,791,91.3765446,0.132692734
103331.285332,0.10568354,-0.00644330294,0.03557641,0.03557641,1.5185436,791,97.0057936,0.132575994
103331.295361,0.107988391,-0.00317342023,0.0364266088,0.0364266088,1.51899127,791,90.7077432,0.132320847
103331.305390,0.108789514,0.000153624706,0.0347038022,0.0347038022,1.5194819,791,85.5355357,0.132130369
103331.315419,0.103386891,0.00641343043,0.0349924024,0.0349924024,1.51994447,791,86.3804739,0.131966538
103331.325448,0.105636689,0.0073020344,0.0341413443,0.0341413443,1.52046219,791,86.9092172,0.131955193
103331.335477,0.112361961,0.0105127952,0.0327991912,0.0327991912,1.52105126,791,78.3983617,0.131832497
103331.345506,0.111782383,0.0157076002,0.0327631575,0.0327631575,1.52164247,791,77.5679115,0.13175313
103331.355535,0.113968931,0.0205110759,0.0323796828,0.0323796828,1.52226009,791,72.6797191,0.131245306
103331.365564,0.112065388,0.0221077783,0.0331463592,0.0331463592,1.5228821,791,75.5410518,0.131227663
103331.375593,0.110097804,0.0282372273,0.0336133488,0.0336133488,1.52348449,791,74.6063234,0.131182971
103331.385622,0.109813176,0.0299604859,0.0332333922,0.0332333922,1.52409926,791,77.4485303,0.131035883
103331.395651,0.11044744,0.0371048206,0.0341198017,0.0341198017,1.52471533,791,77.6592075,0.131249361
103331.405680,0.114982587,0.0391224673,0.0335731584,0.0335731584,1.52538711,791,86.5843691,0.131204098
103331.415709,0.116615647,0.0431052934,0.034538131,0.034538131,1.52608054,791,85.208807,0.131128017
103331.425738,0.116647978,0.0472453636,0.0347304457,0.0347304457,1.52677992,791,88.7896656,0.131147443
103331.435767,0.117000911,0.0492991233,0.0338642368,0.0338642368,1.52749155,791,89.691715,0.13114779
103331.445796,0.116051752,0.054946335,0.0345005644,0.0345005644,1.52819697,791,95.8546661,0.131085635
103331.455825,0.115706383,0.0547164048,0.0334214019,0.0334214019,1.52890853,791,96.368441,0.130806594
103331.465854,0.114566752,0.0603000022,0.0337654776,0.0337654776,1.52961242,791,91.8772445,0.130592984
103331.475883,0.116198169,0.0598209177,0.0333309685,0.0333309685,1.53033881,791,89.893714,0.1303588
103331.485912,0.119120027,0.0632523779,0.0330130735,0.0330130735,1.53109753,791,91.5788131,0.130462303
103331.495941,0.119620583,0.0633050296,0.0327295514,0.0327295514,1.53186298,791,91.6339249,0.130260841
103331.505970,0.120768667,0.0677647213,0.0322250933,0.0322250933,1.5326422,791,100.88104,0.130024117
103331.515999,0.120447542,0.0693812066,0.0322947193,0.0322947193,1.53341903,791,99.7284438,0.129956331
103331.526028,0.118678617,0.0684007816,0.0320436315,0.0320436315,1.5341756,791,93.6523224,0.130303632
103331.536057,0.122377344,0.0720082576,0.0322578357,0.0322578357,1.53522762,791,90.448601,0.130400088
103331.546086,0.123350901,0.0736866211,0.0323371417,0.0323371417,1.53655332,791,94.4074672,0.130673924
103331.556115,0.122925467,0.0737873678,0.032187663,0.032187663,1.53788567,791,91.2734412,0.130796408
103331.566144,0.129757696,0.078551627,0.032563632,0.032563632,1.53930328,791,91.4023661,0.131101445
103331.576173,0.127538667,0.0761293797,0.0323596296,0.0323596296,1.54070365,791,93.4075537,0.131473372
103331.586202,0.127161258,0.0746228515,0.0328048532,0.0328048532,1.54210468,791,90.6152045,0.131616041
103331.596231,0.127244787,0.0735498928,0.0327928772,0.0327928772,1.54351041,791,91.0079268,0.131722672
103331.606260,0.12871308,0.072972176,0.0323329922,0.0323329922,1.54493426,791,94.2123145,0.131975564
103331.616289,0.130977074,0.0710491639,0.0325289587,0.0325289587,1.54637943,791,96.0661334,0.132299106
103331.626318,0.135240535,0.0721422528,0.0322199014,0.0322199014,1.54787198,791,93.7750468,0.132607503
103331.636347,0.137151952,0.0752994478,0.0324385176,0.0324385176,1.5493949,791,97.7716164,0.132820526
103331.646376,0.137894939,0.0791609905,0.0324625274,0.0324625274,1.55093951,791,94.6227873,0.133095027
103331.656405,0.140954537,0.0742827688,0.03219869,0.03219869,1.55250215,791,100.529056,0.133482837
103331.666434,0.145441411,0.0755881261,0.0324087473,0.0324087473,1.55411357,791,98.2711425,0.133674793
103331.676462,0.146680814,0.0738489891,0.0321441216,0.0321441216,1.55573322,791,96.4915988,0.133835665
103331.686491,0.149280924,0.0764346201,0.0323684152,0.0323684152,1.5573874,791,96.2294129,0.133924439
103331.696520,0.149021039,0.076935166,0.0324775872,0.0324775872,1.5590425,791,90.1553223,0.134097757
103331.706549,0.149822424,0.0798407988,0.0322118681,0.0322118681,1.56071632,791,98.1360179,0.134327224
103331.716578,0.152957081,0.0818190487,0.0325102447,0.0325102447,1.56242785,791,92.65294,0.134528321
103331.726607,0.154704581,0.0815165409,0.0322073441,0.0322073441,1.56415633,791,93.466873,0.134785948
103331.736636,0.154865424,0.0823034022,0.0325322211,0.0325322211,1.56589049,791,87.0246722,0.13488239
103331.746665,0.153922354,0.080802845,0.0325525279,0.0325525279,1.56761201,791,93.8935635,0.135101001
103331.756694,0.158113263,0.0808507411,0.0323240686,0.0323240686,1.56937373,791,94.0606891,0.13549304
103331.766723,0.159783465,0.0811219889,0.0325971668,0.0325971668,1.57115285,791,95.3856535,0.135607447
103331.776752,0.163832628,0.078462033,0.0322073109,0.0322073109,1.57296062,791,90.8612219,0.13583805
103331.786781,0.164684304,0.078080112,0.0324082361,0.0324082361,1.57477542,791,84.3073538,0.135807427
103331.796810,0.167637724,0.0787528967,0.0321382712,0.0321382712,1.57662043,791,90.9687737,0.135688084
103331.806839,0.169853621,0.0797623626,0.0323510387,0.0323510387,1.57849002,791,90.3805715,0.136018645
103331.816868,0.169302342,0.0815900765,0.0323712227,0.0323712227,1.58036174,791,90.5899923,0.135969365
103331.826897,0.171862592,0.0800214766,0.0321982064,0.0321982064,1.58225164,791,83.1155436,0.135762022
103331.836926,0.172213197,0.0775042615,0.0325172313,0.0325172313,1.5841357,791,89.7104905,0.136295939
103331.846955,0.175949363,0.0751356723,0.0324387056,0.0324387056,1.58604548,791,82.1840199,0.136814146
103331.856984,0.173667954,0.0749555011,0.0332002598,0.0332002598,1.5879338,791,83.5821717,0.137008025
103331.867013,0.174498337,0.076521638,0.033486359,0.033486359,1.58983583,791,89.9250686,0.137328759
103331.877042,0.177101762,0.0770549714,0.033660508,0.033660508,1.59176399,791,86.1189808,0.137473139
103331.887071,0.176968721,0.0806711502,0.0336444147,0.0336444147,1.5937048,791,84.9097797,0.137279327
103331.897100,0.178129345,0.0788967045,0.0328509655,0.0328509655,1.59564978,791,88.2429083,0.136757036
103331.907129,0.183948034,0.0770280509,0.0331513223,0.0331513223,1.59764127,791,88.0022381,0.136523029
103331.917158,0.181259059,0.0776345739,0.0328990839,0.0328990839,1.59961056,791,86.3436178,0.136496331
103331.927187,0.182017957,0.075213624,0.0324881555,0.0324881555,1.60157778,791,91.9845879,0.136520803
103331.937216,0.18400996,0.0734274136,0.0329642127,0.0329642127,1.60355667,791,84.8474289,0.136427571
103331.947245,0.18569069,0.0727058741,0.0328103811,0.0328103811,1.60554841,791,80.1311919,0.136199697
103331.957274,0.1860318,0.0726207218,0.033823179,0.033823179,1.60754315,791,75.9711235,0.136198546
103331.967303,0.191395139,0.0720997981,0.0346136212,0.0346136212,1.60958535,791,76.341362,0.136292449
103331.977332,0.193570607,0.0682850462,0.034676836,0.034676836,1.61163343,791,74.5086089,0.135921395
103331.987361,0.193980806,0.0644255401,0.037253582,0.037253582,1.61367115,791,76.0865753,0.13550468
103331.997390,0.202824543,0.060478162,0.0376655797,0.0376655797,1.61577609,791,79.1449582,0.13484077
103332.007419,0.215562175,0.0535777523,0.0406425298,0.0406425298,1.61797395,791,81.5658766,0.134603434
103332.017448,0.231576289,0.0459344481,0.0423345718,0.0423345718,1.62029379,791,81.3845685,0.134101133
103332.027477,0.244217445,0.0436621123,0.0415031797,0.0415031797,1.62272555,791,79.906301,0.13327993
103332.037506,0.253835894,0.0367382911,0.043405404,0.043405404,1.62522608,791,81.8410985,0.132985783
103332.047535,0.257765661,0.0325145645,0.0414670518,0.0414670518,1.62775341,791,84.6175396,0.132306863
103332.057564,0.263268003,0.028272709,0.0428729996,0.0428729996,1.63032309,791,77.4607682,0.131579728
103332.067593,0.264270345,0.0259932572,0.0425332528,0.0425332528,1.63290024,791,79.9309681,0.131087903
103332.077622,0.263482748,0.0281400888,0.0392363399,0.0392363399,1.6354821,791,80.3713733,0.130397043
103332.087651,0.268420165,0.0247491046,0.0393580652,0.0393580652,1.63810474,791,78.4274516,0.129992425
103332.097680,0.275807825,0.0206806095,0.0360935937,0.0360935937,1.64079005,791,78.5541169,0.129135344
103332.107708,0.279365605,0.0161602477,0.0357988746,0.0357988746,1.64350119,791,87.4460644,0.128495144
103332.117737,0.2830733,0.0133877524,0.0347555933,0.0347555933,1.64624596,791,89.9862789,0.127949045
103332.127766,0.282198908,0.00850465265,0.0335712244,0.0335712244,1.64897503,791,82.6221251,0.126966978
103332.137795,0.284362722,0.00759027282,0.0342941032,0.0342941032,1.65172867,791,78.5444379,0.126395693
103332.147824,0.285945339,0.00443113319,0.0336777567,0.0336777567,1.6544954,791,65.99481,0.125340729
103332.157853,0.284686104,0.00312790107,0.0345822638,0.0345822638,1.65725291,791,61.952654,0.124512969
103332.167882,0.284903494,0.00790891522,0.0337158956,0.0337158956,1.6600299,791,69.4332576,0.123385796
103332.177911,0.281867523,0.0106070897,0.0347334051,0.0347334051,1.66278866,791,64.7922346,0.122651342
103332.187940,0.281659682,0.0138943259,0.0350945803,0.0350945803,1.6655569,791,68.3530508,0.121922914
103332.197969,0.277349328,0.0168932022,0.0345473762,0.0345473762,1.66829344,791,64.8637307,0.121217118
103332.207998,0.270489064,0.0206364695,0.0360331104,0.0360331104,1.67097438,791,75.6343074,0.120700897
103332.218027,0.267775714,0.0276499349,0.0353099289,0.0353099289,1.67364615,791,66.2397315,0.119898329
103332.228056,0.259121507,0.0339969443,0.0367850358,0.0367850358,1.67624881,791,71.0960048,0.119208479
103332.238085,0.258887369,0.0414877183,0.0372268738,0.0372268738,1.6788658,791,74.1797313,0.118713693
103332.248114,0.255434792,0.0453276338,0.0359390609,0.0359390609,1.68145779,791,79.0219981,0.117425643
103332.258143,0.249784763,0.0519017394,0.0372013335,0.0372013335,1.68400906,791,79.1600145,0.116629805
103332.268172,0.241143396,0.0580881369,0.0355653732,0.0355653732,1.6864897,791,80.6144491,0.115472327
103332.278201,0.233782207,0.0626971483,0.0362341931,0.0362341931,1.68890887,791,77.8216218,0.115333333
103332.288230,0.232662467,0.07118996,0.0356582967,0.0356582967,1.69133563,791,71.2544872,0.115333333
103332.298259,0.230190638,0.0750634177,0.0340838608,0.0340838608,1.69374734,791,72.9146133,0.115333333
103332.308288,0.229064835,0.0803830602,0.0344724185,0.0344724185,1.69616049,791,71.4082907,0.115333333
103332.318317,0.231634188,0.0894084286,0.0334152738,0.0334152738,1.69861954,791,66.5541898,0.115333333
103332.328346,0.225723416,0.0989560646,0.0340651575,0.0340651575,1.70104457,791,70.9411666,0.115333333
103332.338375,0.231549313,0.100303542,0.0340804233,0.0340804233,1.70353112,791,67.2096454,0.115333333
103332.348404,0.23123234,0.108381801,0.0334116848,0.0334116848,1.70603581,791,63.1286085,0.115333333
103332.358433,0.235310645,0.114549486,0.0343782179,0.0343782179,1.70859738,791,58.9551195,0.115333333
103332.368462,0.238074618,0.114792839,0.0338323642,0.0338323642,1.71118916,791,49.5719694,0.115333333
103332.378491,0.239586145,0.120089396,0.0351490789,0.0351490789,1.71381169,791,46.9785378,0.115333333
103332.388520,0.241009757,0.127037663,0.0351846349,0.0351846349,1.716469,791,47.6299179,0.115333333
103332.398549,0.247191935,0.12804366,0.0342567645,0.0342567645,1.71919182,791,48.1387343,0.115333333
103332.408578,0.250759389,0.127611674,0.0350344105,0.0350344105,1.72195096,791,44.0704378,0.115333333
103332.418607,0.252428842,0.130830136,0.0342192633,0.0342192633,1.72473796,791,48.5756495,0.115333333
103332.428636,0.248342118,0.131413845,0.0352398574,0.0352398574,1.72749084,791,49.0937209,0.115333333
103332.438665,0.248018812,0.132850729,0.0354795201,0.0354795201,1.73024789,791,52.5762144,0.115333333
103332.448694,0.251269425,0.130446816,0.0347046485,0.0347046485,1.73303195,791,50.6278206,0.115333333
103332.458723,0.241349855,0.129901629,0.0360015474,0.0360015474,1.73572299,791,54.8321553,0.115333333
103332.468752,0.248243205,0.127242009,0.0349782451,0.0349782451,1.73847402,791,53.7333552,0.115333333
103332.478781,0.242632139,0.13314283,0.0360730804,0.0360730804,1.74119209,791,56.0500023,0.115333333
103332.488810,0.245079504,0.132875421,0.034688375,0.034688375,1.74393512,791,54.9179799,0.115333333
103332.498839,0.25215025,0.140384653,0.0357597614,0.0357597614,1.74677077,791,48.1141198,0.115333333
103332.508868,0.258351498,0.138465136,0.0358093282,0.0358093282,1.74966143,791,48.1052107,0.115333333
103332.518897,0.255520127,0.144376797,0.034870179,0.034870179,1.75254685,791,45.7370347,0.115333333
103332.528926,0.258246123,0.144847145,0.0364099053,0.0364099053,1.75546213,791,43.2861332,0.115333333
103332.538955,0.261512321,0.142189901,0.0356460311,0.0356460311,1.75840174,791,41.5792329,0.115333333
103332.548984,0.273781938,0.149124654,0.0371792707,0.0371792707,1.76148141,791,43.8981773,0.115333333
103332.559013,0.284554581,0.147164557,0.0373262496,0.0373262496,1.76465721,791,41.3759948,0.115333333
103332.569042,0.280421022,0.146241601,0.0357281293,0.0357281293,1.76779301,791,40.102595,0.115333333
103332.579071,0.284592999,0.146729692,0.0366377904,0.0366377904,1.77097096,791,43.9542005,0.115333333
103332.589100,0.29106662,0.150713759,0.0349684236,0.0349684236,1.77422447,791,41.3522428,0.115333333
103332.599129,0.295575406,0.150644829,0.035716831,0.035716831,1.77752112,791,42.9503691,0.115333333
103332.609158,0.290696063,0.147314703,0.0353041393,0.0353041393,1.78076202,791,41.0387634,0.115333333
103332.619187,0.290911743,0.157729603,0.0343421035,0.0343421035,1.78404329,791,41.1953473,0.115333333
103332.629216,0.288788824,0.163031809,0.0352603876,0.0352603876,1.78732576,791,39.3746373,0.115507179
103332.639245,0.296297746,0.169873893,0.0342633109,0.0342633109,1.79070456,791,37.7647941,0.115333333
103332.649274,0.300803328,0.164965603,0.034686966,0.034686966,1.794109,791,42.1944162,0.115333333
103332.659302,0.298958394,0.16716271,0.0346926891,0.0346926891,1.79750589,791,42.7633613,0.115333333
103332.669332,0.303543323,0.168972186,0.0339733171,0.0339733171,1.80095412,791,44.3075673,0.115333333
103332.679360,0.30965004,0.167247793,0.0351994267,0.0351994267,1.80445284,791,41.6237226,0.115333333
103332.689389,0.303506097,0.167342581,0.0344022636,0.0344022636,1.8078972,791,41.0552073,0.115333333
103332.699418,0.309166132,0.163825954,0.0357597329,0.0357597329,1.8113813,791,39.419947,0.115333333
103332.709447,0.305844168,0.1538582,0.0353420479,0.0353420479,1.81479762,791,45.2941094,0.115333333
103332.719476,0.310353936,0.159768342,0.0343933518,0.0343933518,1.81827864,791,36.1057156,0.115333333
103332.729505,0.317640774,0.156856132,0.03515459,0.03515459,1.82181568,791,39.0511272,0.115333333
103332.739534,0.319919262,0.161130768,0.0345004971,0.0345004971,1.8253907,791,33.7353964,0.115333333
103332.749563,0.322674993,0.153163136,0.0359745661,0.0359745661,1.82896032,791,35.8739611,0.115333333
103332.759592,0.34095121,0.157753186,0.0362493358,0.0362493358,1.83271503,791,32.7197227,0.115333333
103332.769621,0.328186844,0.139727511,0.035166759,0.035166759,1.83628297,791,34.0377442,0.115333333
103332.779650,0.332429359,0.146542911,0.0363445081,0.0363445081,1.83991649,791,33.1566844,0.115333333
103332.789679,0.3447728,0.151960371,0.0347953958,0.0347953958,1.84368407,791,32.9037699,0.115333333
103332.799708,0.374115665,0.143060299,0.0359245113,0.0359245113,1.84768484,791,33.5772304,0.115333333
103332.809737,0.369778845,0.137964916,0.0347050489,0.0347050489,1.85162657,791,34.4044501,0.115333333
103332.819766,0.369386462,0.126144687,0.0357611838,0.0357611838,1.85551934,791,33.4555681,0.115333333
103332.829795,0.375580145,0.124570093,0.0361481851,0.0361481851,1.8594635,791,32.4226087,0.115333333
103332.839824,0.361179128,0.128957247,0.0351231859,0.0351231859,1.86329352,791,31.8033213,0.115333333
103332.849853,0.367617036,0.125645001,0.0355529703,0.0355529703,1.86717038,791,33.9415215,0.115333333
103332.859882,0.381896367,0.131820984,0.0353326447,0.0353326447,1.87120238,791,30.4455377,0.115333333
103332.869911,0.38007194,0.12729356,0.0377193416,0.0377193416,1.87520112,791,22.8088433,0.115333333
103332.879940,0.383449958,0.132298813,0.0387120845,0.0387120845,1.87925054,791,25.4470557,0.115333333
103332.889969,0.387155978,0.128184529,0.0375816399,0.0375816399,1.88331915,791,25.0501586,0.115333333
103332.899998,0.400264111,0.130822164,0.0398701801,0.0398701801,1.88751896,791,24.5520266,0.115446416
103332.910027,0.400594897,0.126757083,0.0384211976,0.0384211976,1.89170753,791,30.4255559,0.115333333
103332.920056,0.416993756,0.114179411,0.0399765526,0.0399765526,1.89600174,791,30.9749337,0.115333333
103332.930085,0.4255011,0.110679557,0.040719544,0.040719544,1.90036354,791,27.7758322,0.115333333
103332.940114,0.43062912,0.113928269,0.0389941847,0.0389941847,1.90478667,791,26.7051785,0.115333333
103332.950143,0.42492963,0.106434751,0.0407860918,0.0407860918,1.90913208,791,24.8136467,0.115333333
103332.960172,0.417805688,0.0866734821,0.0399004708,0.0399004708,1.91334336,791,20.2071614,0.115514836
103332.970201,0.416080551,0.0903070988,0.0413644407,0.0413644407,1.91755457,791,20.6024927,0.115333333
103332.980230,0.431764225,0.0839118249,0.0423770555,0.0423770555,1.92189221,791,20.4604642,0.115577154
103332.990259,0.437418351,0.0852860907,0.0410116022,0.0410116022,1.92629076,791,16.7480417,0.115333333
103333.000288,0.421113248,0.104985692,0.0434755115,0.0434755115,1.93060735,791,16.4167163,0.115333333
103333.010317,0.403332221,0.0912707109,0.0405294997,0.0405294997,1.93471312,791,19.8699138,0.115369029
103333.020346,0.39802362,0.0990060575,0.0418321068,0.0418321068,1.93879689,791,17.3150466,0.115333333
103333.030375,0.383318363,0.109069851,0.0409510259,0.0409510259,1.94277773,791,23.2869265,0.115333333
103333.040404,0.401546977,0.116922985,0.0391151398,0.0391151398,1.94695579,791,22.2545672,0.115333333
103333.050433,0.389208787,0.126867164,0.0414440646,0.0414440646,1.95105174,791,20.555062,0.115333333
103333.060462,0.394196338,0.149127274,0.0400379463,0.0400379463,1.95526829,791,22.698637,0.115333333
103333.070491,0.381021416,0.156829258,0.0418135154,0.0418135154,1.95938739,791,20.2610394,0.115333333
103333.080520,0.371531005,0.159830078,0.0426788232,0.0426788232,1.96342816,791,21.8444571,0.115333333
103333.090549,0.360682377,0.173416034,0.0390462372,0.0390462372,1.96741374,791,25.0055267,0.115490971
103333.100578,0.369137671,0.203037859,0.0414983044,0.0414983044,1.97157988,791,22.2804455,0.116388878
103333.110607,0.372187775,0.191789569,0.0389929593,0.0389929593,1.97573843,791,24.12092,0.117436599
103333.120636,0.366786125,0.194072031,0.0396501755,0.0396501755,1.97985631,791,24.4883561,0.117078383
103333.130665,0.362213671,0.197990579,0.0401393447,0.0401393447,1.9839472,791,24.2032893,0.117149665
103333.140694,0.344178358,0.168030529,0.0399543896,0.0399543896,1.98776733,791,20.4921965,0.116490019
103333.150723,0.352718463,0.202016055,0.0442007011,0.0442007011,1.99178775,791,19.730886,0.118377707
103333.160752,0.374396235,0.230240673,0.0386643098,0.0386643098,1.99611248,791,21.4284774,0.118189169
103333.170781,0.347745942,0.248569753,0.0381815462,0.0381815462,2.00026143,791,25.6789457,0.118012463
103333.180810,0.300566713,0.244332469,0.03915233,0.03915233,2.00396626,791,23.5278555,0.115333333
103333.190839,0.27478618,0.255130959,0.0420683411,0.0420683411,2.00748252,791,24.4759714,0.116279315
103333.200868,0.275707412,0.267060256,0.0413669028,0.0413669028,2.01106302,791,26.9224398,0.115580085
103333.210897,0.272944915,0.272685315,0.0388180107,0.0388180107,2.01465148,791,21.617764,0.115333333
103333.220926,0.274166365,0.281338778,0.039990506,0.039990506,2.0182973,791,24.4275455,0.115333333
103333.230955,0.283859611,0.288240462,0.0392635431,0.0392635431,2.02207138,791,25.0247984,0.115333333
103333.240984,0.293399782,0.290785156,0.042101656,0.042101656,2.02595429,791,22.5853542,0.115581465
103333.251013,0.292905285,0.289649935,0.0434165583,0.0434165583,2.02983938,791,23.7577979,0.115333333
103333.261042,0.299111744,0.297858033,0.04094563,0.04094563,2.03382608,791,29.6550297,0.115333333
103333.271071,0.296576921,0.299092067,0.0423781248,0.0423781248,2.03780659,791,27.4757397,0.115824512
103333.281100,0.296880201,0.295974002,0.040448515,0.040448515,2.04178679,791,30.9941181,0.115333333
103333.291129,0.310752723,0.304424586,0.0411437075,0.0411437075,2.04593774,791,28.9152993,0.116179782
103333.301158,0.294293257,0.303454082,0.0392821337,0.0392821337,2.04994877,791,27.4953672,0.116359634
103333.311187,0.285508558,0.307446582,0.0360168686,0.0360168686,2.0539113,791,29.4601924,0.117280853
103333.321216,0.298365616,0.308822878,0.0369766715,0.0369766715,2.05800349,791,33.1470705,0.118509817
103333.331245,0.311445828,0.312451728,0.0354959858,0.0354959858,2.06223652,791,36.4165995,0.119109669
103333.341274,0.301519309,0.30819943,0.0383826337,0.0383826337,2.06637161,791,30.2342043,0.11943268
103333.351303,0.306358713,0.297103014,0.0391274659,0.0391274659,2.07050282,791,29.5402973,0.119948015
103333.361332,0.312635214,0.292335977,0.03750991,0.03750991,2.07467121,791,31.9952682,0.119435358
103333.371361,0.302933433,0.288040475,0.039505998,0.039505998,2.0787403,791,29.645142,0.119602052
103333.381390,0.325631526,0.282499654,0.0380558937,0.0380558937,2.08298146,791,27.1414231,0.119509002
103333.391419,0.339912572,0.270790917,0.0404257352,0.0404257352,2.0872893,791,31.4241954,0.119437053
103333.401448,0.329257168,0.256651723,0.0398573254,0.0398573254,2.09143665,791,30.0138722,0.119750078
103333.411477,0.325296376,0.261372207,0.0368525081,0.0368525081,2.09557586,791,30.0655942,0.120216162
103333.421506,0.333360337,0.261187443,0.0387129251,0.0387129251,2.09978464,791,32.7024711,0.120444007
103333.431535,0.335688712,0.254857875,0.0381346303,0.0381346303,2.10398226,791,32.0812686,0.120144392
103333.441564,0.33869996,0.251501889,0.0402131163,0.0402131163,2.10818929,791,33.0121944,0.120172216
103333.451593,0.358887828,0.246573922,0.0408822803,0.0408822803,2.11254294,791,31.8828007,0.120571466
103333.461622,0.359011546,0.231550032,0.038403226,0.038403226,2.11682034,791,35.9336666,0.120555034
103333.471651,0.359558657,0.219392468,0.039229665,0.039229665,2.12103966,791,37.8941355,0.121042403
103333.481680,0.373586697,0.178828581,0.0363831344,0.0363831344,2.12516871,791,38.5848876,0.121916444
103333.491709,0.37613686,0.226766732,0.0346204449,0.0346204449,2.12956692,791,36.9208171,0.121797401
103333.501738,0.375469602,0.216352768,0.0364786864,0.0364786864,2.13390597,791,30.8434581,0.12219247
103333.511767,0.391764228,0.190870981,0.037791943,0.037791943,2.13825279,791,32.0270999,0.123600063
103333.521796,0.408329077,0.197275364,0.0377003743,0.0377003743,2.14277429,791,32.4576575,0.124241616
103333.531825,0.406106414,0.215768155,0.0363187673,0.0363187673,2.14737212,791,29.9735605,0.124973122
103333.541854,0.385222429,0.22438898,0.0366068934,0.0366068934,2.15183628,791,39.6347821,0.124531766
103333.551883,0.394508658,0.226259879,0.0350102847,0.0350102847,2.15638928,791,35.7934243,0.124910271
103333.561912,0.386956156,0.213739675,0.0357180288,0.0357180288,2.16081433,791,43.5606655,0.124926513
103333.571941,0.390879767,0.218813656,0.0359134702,0.0359134702,2.16529887,791,38.6929115,0.12523104
103333.581970,0.412185336,0.232824885,0.0352937535,0.0352937535,2.17003657,791,34.3972279,0.124803035
103333.591999,0.412573165,0.22702873,0.0372034303,0.0372034303,2.17474842,791,41.9386195,0.12526639
103333.602028,0.410555185,0.206657749,0.0371915592,0.0371915592,2.17934023,791,37.6693054,0.125489912
103333.612057,0.418166256,0.187893644,0.039577519,0.039577519,2.18390323,791,38.1736788,0.125223301
103333.622086,0.417365918,0.181569465,0.0392717454,0.0392717454,2.18842907,791,39.6554049,0.12508502
103333.632115,0.432932158,0.1742504,0.0366048863,0.0366048863,2.1930537,791,42.5394641,0.12544288
103333.642144,0.433780808,0.176570427,0.0365768493,0.0365768493,2.19769947,791,44.4870114,0.125156252
103333.652173,0.436342487,0.171395136,0.0349920134,0.0349920134,2.20234398,791,46.9536255,0.125127509
103333.662202,0.437350404,0.169753617,0.0364932468,0.0364932468,2.20699157,791,41.895175,0.124899557
103333.672231,0.443241223,0.180304075,0.0376011647,0.0376011647,2.21174393,791,38.8152767,0.124919435
103333.682260,0.44995452,0.178799359,0.0370440283,0.0370440283,2.21654914,791,39.2194974,0.125035182
103333.692289,0.444472551,0.178618213,0.0391799479,0.0391799479,2.221308,791,35.0556328,0.124607976
103333.702318,0.438271544,0.186174949,0.0377865478,0.0377865478,2.22605101,791,36.1367066,0.125032419
103333.712347,0.42615616,0.183545119,0.0397168154,0.0397168154,2.23067726,791,35.8654097,0.124886383
103333.722376,0.445172492,0.167272709,0.0400193122,0.0400193122,2.23539307,791,38.8315969,0.124917947
103333.732405,0.462077031,0.149480229,0.0375061486,0.0375061486,2.24017499,791,40.1916302,0.124271542
103333.742434,0.473624627,0.134063611,0.0374553511,0.0374553511,2.24499,791,37.0463998,0.124127211
103333.752463,0.477353862,0.126107725,0.0347482661,0.0347482661,2.24980643,791,42.7867427,0.12353639
103333.762492,0.460325453,0.12717186,0.0353382044,0.0353382044,2.2544836,791,42.1112457,0.123155707
103333.772521,0.480601192,0.133688445,0.0358830176,0.0358830176,2.25937429,791,40.6994237,0.122712081
103333.782550,0.482365489,0.132011463,0.0363633386,0.0363633386,2.26427804,791,30.215096,0.120973006
103333.792579,0.487127324,0.131805616,0.0391355571,0.0391355571,2.26922809,791,35.549535,0.12077628
103333.802608,0.494474507,0.116570379,0.0385431463,0.0385431463,2.27418145,791,33.2234837,0.120527464
103333.812637,0.497336859,0.0964415617,0.0387606608,0.0387606608,2.27907927,791,36.9110309,0.120189994
103333.822666,0.502812065,0.0917260878,0.0356704546,0.0356704546,2.28401412,791,33.8862746,0.119380522
103333.832695,0.502050607,0.0939221908,0.0363419107,0.0363419107,2.28895998,791,32.8854645,0.118553415
103333.842724,0.50215771,0.0882917473,0.0370727585,0.0370727585,2.29389121,791,32.4599926,0.117061577
103333.852753,0.493834227,0.0700300609,0.0367556775,0.0367556775,2.29868021,791,32.2459057,0.116254857
103333.862782,0.492918148,0.059242239,0.0371764439,0.0371764439,2.30342652,791,33.2041757,0.115818425
103333.872811,0.508889008,0.0628489011,0.0351098505,0.0351098505,2.30834257,791,31.5387835,0.115333333
103333.882840,0.527271262,0.0571568522,0.0362717192,0.0362717192,2.31341408,791,30.2483956,0.115333333
103333.892869,0.506214481,0.0519486455,0.0361665763,0.0361665763,2.31828412,791,30.4686644,0.115333333
103333.902898,0.521914471,0.005655061,0.0357472185,0.0357472185,2.32313348,791,34.6656723,0.115711402
103333.912927,0.501503047,0.0575537087,0.0431526769,0.0431526769,2.32800412,791,28.0280953,0.115333333
103333.922956,0.542823036,0.0506238395,0.0360954164,0.0360954164,2.33323934,791,26.4639318,0.115399142
103333.932985,0.540518376,0.0315963741,0.0359181381,0.0359181381,2.33839581,791,31.3009772,0.115333333
103333.943014,0.537904956,0.0336796851,0.0366219801,0.0366219801,2.34354786,791,33.0738072,0.115333333
103333.953043,0.54607102,0.0430422283,0.0355912793,0.0355912793,2.34881977,791,30.2002586,0.115333333
103333.963072,0.541591508,0.0448614626,0.0368649713,0.0368649713,2.35406621,791,31.7323439,0.115333333
103333.973101,0.532867235,0.0503618782,0.0357499856,0.0357499856,2.3592586,791,29.6638482,0.115333333
103333.983130,0.526771784,0.0579203281,0.0366041762,0.0366041762,2.36442647,791,30.8259431,0.115403393
103333.993159,0.536425661,0.0577279397,0.036649602,0.036649602,2.36969086,791,32.4811192,0.115943661
103334.003188,0.546099568,0.0649533478,0.0366233202,0.0366233202,2.37507576,791,26.6584008,0.11614605
103334.013217,0.532527625,0.076818813,0.0384530654,0.0384530654,2.38037586,791,24.239002,0.115706061
103334.023246,0.539245664,0.0726664765,0.0378657491,0.0378657491,2.38573064,791,27.0127023,0.115333333
103334.033275,0.546947493,0.0813618986,0.0410524314,0.0410524314,2.39118927,791,27.9621146,0.115658673
103334.043304,0.567063799,0.104676037,0.0419605215,0.0419605215,2.39691251,791,25.1462376,0.116178186
103334.053333,0.554555528,0.113196359,0.0374317078,0.0374317078,2.40254549,791,25.3762622,0.116071882
103334.063362,0.541295698,0.125382153,0.0379647018,0.0379647018,2.40809097,791,25.6273526,0.115871226
103334.073391,0.546066966,0.129974952,0.0359830595,0.0359830595,2.41369629,791,23.8517701,0.115473984
103334.083420,0.527345001,0.129520782,0.0372833444,0.0372833444,2.41912363,791,24.0096715,0.116200675
103334.093449,0.514599492,0.141462979,0.0370450834,0.0370450834,2.4244659,791,28.90694,0.115823419
103334.103478,0.512464068,0.149899569,0.0356631938,0.0356631938,2.42981302,791,26.7235052,0.115333333
103334.113508,0.502900552,0.154517032,0.03766766,0.03766766,2.43508371,791,26.6913807,0.116016592
103334.123537,0.498415932,0.147060672,0.0378743964,0.0378743964,2.44028953,791,26.6181129,0.115919799
103334.133566,0.499064229,0.153813357,0.0412907689,0.0412907689,2.44552148,791,27.9246375,0.116600711
103334.143595,0.505347177,0.156721094,0.0413746023,0.0413746023,2.45082167,791,33.2378301,0.117489629
103334.153624,0.510382677,0.164233388,0.0446644787,0.0446644787,2.45619185,791,35.1346696,0.118731055
103334.163653,0.513884263,0.177980043,0.0461228009,0.0461228009,2.4616359,791,38.3542636,0.118948866
103334.173682,0.52476262,0.193204612,0.044566591,0.044566591,2.46722838,791,33.9114662,0.119566529
103334.183711,0.527410222,0.20714242,0.0466644897,0.0466644897,2.4728879,791,31.0037393,0.120256415
103334.193740,0.530922444,0.21174359,0.0444680629,0.0444680629,2.47859527,791,36.2709391,0.121325103
103334.203769,0.53904483,0.223402045,0.0456309703,0.0456309703,2.48441552,791,30.6736843,0.121840851
103334.213798,0.525285308,0.223331125,0.0450025541,0.0450025541,2.49010665,791,36.4241166,0.123051403
103334.223827,0.527729907,0.222989316,0.0415440725,0.0415440725,2.49582113,791,38.1564733,0.123700905
103334.233856,0.526636761,0.223390403,0.0425199742,0.0425199742,2.50152771,791,38.4088883,0.124742008
103334.243885,0.537303108,0.229394984,0.0398730207,0.0398730207,2.50735468,791,37.4499796,0.12676159
103334.253914,0.548236515,0.231806204,0.0412961768,0.0412961768,2.51329348,791,33.3499155,0.127899414
103334.263943,0.54746719,0.214896405,0.0410996846,0.0410996846,2.51917331,791,36.9108104,0.128599842
103334.273972,0.556941318,0.219976666,0.0385567572,0.0385567572,2.52515893,791,33.4981263,0.129146178
103334.284001,0.556866991,0.22151545,0.0388983748,0.0388983748,2.53114934,791,35.5113051,0.129676053
103334.294030,0.568785151,0.204479152,0.0361349607,0.0361349607,2.5371988,791,31.139198,0.130162098
103334.304059,0.575235796,0.184419234,0.036350007,0.036350007,2.54324597,791,35.3504489,0.131017186
103334.314088,0.56622952,0.167002571,0.0354982008,0.0354982008,2.54915376,791,35.1594515,0.130874963
103334.324117,0.584084007,0.16458574,0.0347481558,0.0347481558,2.55522255,791,32.8544562,0.130928009
103334.334146,0.582024355,0.143619741,0.0360760429,0.0360760429,2.56120704,791,38.3541192,0.131027827
103334.344175,0.591958829,0.141192117,0.0354133306,0.0354133306,2.56727876,791,41.063519,0.131138734
103334.354204,0.60367028,0.138061297,0.0374420751,0.0374420751,2.57345261,791,45.1816831,0.131882085
103334.364233,0.609174567,0.124630518,0.0383696348,0.0383696348,2.57963888,791,45.8978667,0.132649381
103334.374262,0.612627498,0.120838947,0.0375291231,0.0375291231,2.58584837,791,40.4260982,0.132795334
103334.384291,0.620593271,0.117061404,0.0396930378,0.0396930378,2.59212413,791,34.723289,0.132713074
103334.394320,0.620412448,0.115491972,0.0385155804,0.0385155804,2.59839592,791,35.9540072,0.132692923
103334.404349,0.620028439,0.111249479,0.0406722596,0.0406722596,2.60465397,791,35.7554857,0.132711344
103334.414378,0.621603439,0.114626632,0.0418321276,0.0418321276,2.61093929,791,31.373551,0.132862786
103334.424407,0.618053647,0.106037197,0.0402911572,0.0402911572,2.6171683,791,33.0691775,0.132388509
103334.434436,0.615962312,0.108030566,0.0419024964,0.0419024964,2.62338561,791,43.4393139,0.132252977
103334.444465,0.626108303,0.104552655,0.0404808511,0.0404808511,2.62969188,791,42.0329012,0.132559041
103334.454494,0.628163219,0.0947672541,0.0423564128,0.0423564128,2.63599282,791,39.1975187,0.132645317
103334.464523,0.632799544,0.0953044896,0.042397151,0.042397151,2.64234242,791,33.1600552,0.13278513
103334.474552,0.643572313,0.0923826944,0.0393239142,0.0393239142,2.64878972,791,38.2683605,0.131928515
103334.484581,0.636240401,0.0815009937,0.0394183968,0.0394183968,2.65514067,791,40.8635987,0.131514414
103334.494610,0.638691693,0.0823728039,0.0368087473,0.0368087473,2.66152088,791,35.2601085,0.131128252
103334.504639,0.649949692,0.0796028088,0.0379663979,0.0379663979,2.6680049,791,29.255925,0.130725888
103334.514668,0.637166354,0.0810893656,0.0353455078,0.0353455078,2.67437384,791,33.8585277,0.130164811
103334.524697,0.63587158,0.0790326336,0.0356316534,0.0356316534,2.68072812,791,37.1760682,0.129861676
103334.534726,0.629073787,0.0958886805,0.035426734,0.035426734,2.68706305,791,33.6306174,0.129559196
103334.544755,0.634246014,0.104687501,0.0344496233,0.0344496233,2.69347175,791,32.810947,0.128367652
103334.554784,0.626134336,0.0991488337,0.035818692,0.035818692,2.69979011,791,31.1634585,0.128174747
103334.564813,0.636041992,0.109424865,0.034800144,0.034800144,2.7062308,791,32.3819122,0.127072484
103334.574842,0.654108918,0.109198236,0.0362910832,0.0362910832,2.71284592,791,32.8607544,0.126862646
103334.584871,0.656370405,0.113607345,0.0369562894,0.0369562894,2.71949495,791,30.1031065,0.126746441
103334.594900,0.645578745,0.122945625,0.0365601167,0.0365601167,2.72606395,791,29.7555085,0.12675632
103334.604929,0.640718069,0.140084385,0.039293298,0.039293298,2.73262843,791,26.0774057,0.125830217
103334.614958,0.639624581,0.128209495,0.037809719,0.037809719,2.739154,791,28.1282777,0.124738296
103334.624987,0.63817258,0.132467934,0.0402490779,0.0402490779,2.74567636,791,26.4139666,0.124253899
103334.635016,0.62978834,0.128627922,0.0407809606,0.0407809606,2.75210912,791,36.3630962,0.123897572
103334.645045,0.628985221,0.127146035,0.0390888692,0.0390888692,2.75853102,791,29.4748425,0.123812692
103334.655074,0.627562538,0.127271234,0.0408586496,0.0408586496,2.76493992,791,31.0079104,0.123279845
103334.665103,0.62808938,0.127938129,0.0393578624,0.0393578624,2.77135588,791,25.2009192,0.122980347
103334.675132,0.632036921,0.128160372,0.0408703481,0.0408703481,2.7778108,791,26.9442835,0.123076252
103334.685161,0.635854788,0.1229105,0.0412744774,0.0412744774,2.78429059,791,22.6615601,0.122431206
103334.695190,0.626527121,0.131249853,0.0380562509,0.0380562509,2.79070039,791,29.4383529,0.121607949
103334.705219,0.611420577,0.140011568,0.0385853565,0.0385853565,2.79698516,791,30.7243301,0.12196923
103334.715248,0.621002831,0.143714411,0.0367458023,0.0367458023,2.8033712,791,27.3972065,0.121443175
103334.725277,0.614687772,0.151437702,0.0378891696,0.0378891696,2.80971449,791,29.9426004,0.121204648
103334.735306,0.612198025,0.154648081,0.0378719588,0.0378719588,2.81604138,791,29.6873506,0.120905323
103334.745335,0.62219586,0.152457399,0.0364031112,0.0364031112,2.82245974,791,27.7094599,0.121419304
103334.755364,0.635699676,0.153036184,0.0381049908,0.0381049908,2.82900989,791,25.5207638,0.121903525
103334.765393,0.620900721,0.168016291,0.0366958449,0.0366958449,2.83545251,791,28.2392605,0.122891087
103334.775422,0.604914243,0.170930204,0.0385992102,0.0385992102,2.84174797,791,27.9538185,0.122580026
103334.785451,0.590609497,0.168435914,0.0396662236,0.0396662236,2.84789982,791,26.7697059,0.123527078
103334.795480,0.601408836,0.171985202,0.0394412493,0.0394412493,2.85416448,791,28.2258211,0.123607645
103334.805509,0.601544654,0.176593692,0.0418449293,0.0418449293,2.86044167,791,27.667681,0.123068206
103334.815538,0.609221429,0.171220395,0.0397288783,0.0397288783,2.86678036,791,33.6663039,0.123595143
103334.825567,0.604992687,0.171692367,0.0409313122,0.0409313122,2.87307966,791,27.6813464,0.124270608
103334.835596,0.602098598,0.164317585,0.0388399082,0.0388399082,2.87933361,791,29.9828181,0.12397243
103334.845625,0.610425429,0.168984103,0.0394506874,0.0394506874,2.88567914,791,31.8915578,0.125087746
103334.855654,0.602212002,0.166378276,0.0387688779,0.0387688779,2.89193944,791,34.4568594,0.125453152
103334.865683,0.596711905,0.166950534,0.037082943,0.037082943,2.8981483,791,35.7272745,0.126552718
103334.875712,0.602583223,0.157732019,0.0385546239,0.0385546239,2.90439158,791,41.8671493,0.127239329
103334.885741,0.598232498,0.158894377,0.037237018,0.037237018,2.91059584,791,40.7665701,0.127990198
103334.895770,0.6059653,0.161129276,0.039325964,0.039325964,2.91688006,791,36.7310237,0.128490373
103334.905799,0.606941538,0.156821255,0.0401897483,0.0401897483,2.92316335,791,33.2705826,0.129376602
103334.915828,0.59542298,0.154155021,0.0384409415,0.0384409415,2.92932932,791,36.9429316,0.13048425
103334.925857,0.597197568,0.153668833,0.0398929473,0.0398929473,2.93551125,791,38.0807354,0.131492218
103334.935886,0.59743347,0.153866978,0.0383158642,0.0383158642,2.94169598,791,35.8099051,0.133145115
103334.945915,0.5982414,0.160997392,0.0405323726,0.0405323726,2.94790586,791,29.3801242,0.134791321
103334.955944,0.59807231,0.164129412,0.0412960422,0.0412960422,2.9541218,791,30.7557104,0.135687115
103334.965973,0.594579902,0.171631339,0.0403223028,0.0403223028,2.96032253,791,31.5211321,0.13781916
103334.976002,0.588024409,0.181293008,0.0428713744,0.0428713744,2.966484,791,38.0994558,0.139342303
103334.986031,0.57930326,0.18495778,0.0425315872,0.0425315872,2.97257094,791,40.1659373,0.140545953
103334.996060,0.574777709,0.192174792,0.0454384398,0.0454384398,2.97863264,791,46.0945798,0.142302733
103335.006089,0.572544417,0.194505567,0.0470304581,0.0470304581,2.98467931,791,51.809472,0.143177706
103335.016118,0.561764016,0.20024619,0.0459951336,0.0459951336,2.99063744,791,43.7575815,0.145914652
103335.026147,0.553318312,0.207503773,0.0491908112,0.0491908112,2.99653366,791,42.2603129,0.147895088
103335.036176,0.544794749,0.213071583,0.0585086385,0.0585086385,3.00236343,789,38.5294196,0.151332377
103335.046205,0.534704525,0.216198907,0.0665358433,0.0665358433,3.00810586,789,39.2670951,0.154100681
103335.056234,0.522170102,0.217781812,0.0736955273,0.0736955273,3.01373385,789,42.514406,0.156894587
103335.066263,0.506367301,0.21676668,0.080220545,0.080220545,3.01920954,789,43.7973776,0.161647017
103335.076292,0.489981366,0.21317171,0.0862554915,0.0862554915,3.02452069,789,45.0742655,0.165531115
103335.086321,0.475498879,0.20665431,0.0918977144,0.0918977144,3.02967768,789,53.2407684,0.171592682
103335.096349,0.460476836,0.19676869,0.0972157903,0.0972157903,3.03466554,789,55.4183172,0.175655038
103335.106379,0.447334491,0.189087193,0.102261978,0.102261978,3.03950926,789,53.5032594,0.180269478
103335.116406,0.43571683,0.182507345,0.107072307,0.107072307,3.04422368,789,46.6828295,0.188088019
103335.126435,0.427944752,0.181178884,0.11167883,0.11167883,3.04886205,789,47.8398856,0.193663767
103335.136464,0.42449207,0.185500358,0.116104242,0.116104242,3.05348024,789,51.1893366,0.201634719
103335.146493,0.422995576,0.193442539,0.120367937,0.120367937,3.05810727,789,48.8847746,0.207014455
103335.156522,0.425602668,0.205402279,0.124486332,0.124486332,3.06279402,789,44.3767374,0.216819494
103335.166551,0.431325472,0.220612595,0.12847304,0.12847304,3.06758019,789,37.67007,0.222625135
103335.176580,0.439266216,0.23978998,0.132339531,0.132339531,3.07249938,789,42.8967979,0.228586955
103335.186609,0.444618309,0.261175546,0.136095112,0.136095112,3.07753509,789,48.07701,0.234695613
103335.196638,0.447747065,0.281240648,0.139748775,0.139748775,3.08266454,789,40.2004221,0.238346324
103335.206667,0.450612142,0.301336408,0.143308547,0.143308547,3.08788773,789,35.3222451,0.238346324
103335.216696,0.455039192,0.322447045,0.146781758,0.146781758,3.09322515,789,20.2023677,0.238346324
103335.226725,0.4630101,0.344597,0.150174721,0.150174721,3.09871641,789,22.2462782,0.238346324
103335.236754,0.471665718,0.370079995,0.153492874,0.153492874,3.10438171,789,11.3292717,0.238346324
103335.246783,0.479000916,0.40350884,0.156741288,0.156741288,3.11023859,789,16.7544382,0.238346324
103335.256812,0.48743233,0.447239157,0.159924917,0.159924917,3.11633796,789,9.11899412,0.238346324
103335.266841,0.502947327,0.49871585,0.163048297,0.163048297,3.12278189,789,13.2555329,0.238346324
103335.276870,0.519580972,0.554019076,0.166116106,0.166116106,3.12960623,789,5.35014995,0.238346324
103335.286899,0.529274776,0.614140274,0.169134107,0.169134107,3.13677869,789,13.7523606,0.238346324
103335.296928,0.53279766,0.676422972,0.172108123,0.172108123,3.14426878,789,9.39635151,0.238346324
103335.306957,0.532317581,0.733702748,0.17504204,0.17504204,3.15204133,789,47.5959164,0.238346324
103335.316986,0.528087793,0.782279188,0.177938876,0.177938876,3.16004742,789,18.5637436,0.238346324
103335.327015,0.519961768,0.82030177,0.180799544,0.180799544,3.1682252,789,5.64588371,0.238346324
103335.337044,0.510033506,0.845191934,0.183624242,0.183624242,3.17651463,789,8.87127656,0.238346324
103335.347073,0.501862529,0.857298405,0.186411621,0.186411621,3.18488072,789,16.518825,0.238346324
103335.357102,0.496456937,0.856387125,0.189160137,0.189160137,3.19328754,789,12.1579854,0.238346324
103335.367131,0.496107942,0.845602511,0.191867715,0.191867715,3.20172582,789,17.5666049,0.238346324
103335.377160,0.50405857,0.827379265,0.194533296,0.194533296,3.21021979,789,16.2635476,0.238346324
103335.387189,0.519741326,0.802450098,0.197156446,0.197156446,3.21878746,789,13.5543935,0.237667653
103335.397218,0.541125199,0.773475565,0.199738132,0.199738132,3.22744015,789,10.487189,0.23639048
103335.407247,0.566762501,0.739657721,0.202278839,0.202278839,3.23617202,789,12.9766084,0.23639048
103335.417276,0.594920148,0.7024407,0.204781047,0.204781047,3.24497064,789,15.0704643,0.23639048
103335.427305,0.620775747,0.668341229,0.207248884,0.207248884,3.2538206,789,14.4806256,0.236635094
103335.437334,0.643209728,0.634196495,0.209683808,0.209683808,3.26268358,789,13.565816,0.236635094
103335.447363,0.663325627,0.59905562,0.21208833,0.21208833,3.27152774,789,14.1674644,0.237550856
103335.457392,0.679170029,0.566215488,0.214464411,0.214464411,3.28032549,789,16.3492272,0.237550856
103335.467421,0.690822179,0.54000442,0.216814337,0.216814337,3.28907604,789,15.6364085,0.237550856
103335.477450,0.697539378,0.518070587,0.219139149,0.219139149,3.29776101,789,17.1091738,0.237550856
103335.487479,0.704681705,0.498385184,0.221439705,0.221439705,3.30639564,789,14.8952572,0.237400869
103335.497508,0.71174477,0.48423146,0.223717249,0.223717249,3.31500979,789,13.5768684,0.237400869
103335.507537,0.71619827,0.472290262,0.225972466,0.225972466,3.32359434,789,16.4555793,0.237400869
103335.517566,0.723166505,0.459801841,0.22820555,0.22820555,3.33216701,789,16.5409776,0.237480185
103335.527595,0.733442548,0.445683357,0.230416869,0.230416869,3.34074625,789,14.2831949,0.237480185
103335.537624,0.10292422,-0.0826822965,0.0871503762,0.0871503762,3.34120299,791,17.1428785,0.237480185
103335.547653,0.0541371416,-0.104664714,0.0549242239,0.0549242239,3.34113887,791,14.811593,0.237480185
103335.557682,0.0103583107,-0.0887927178,0.0423171302,0.0423171302,3.34080172,791,15.4235718,0.237480185
103335.567711,-0.0134627736,-0.0797287208,0.0428154481,0.0428154481,3.34031709,791,19.6324088,0.237480185
103335.577740,-0.0124597571,-0.0833128784,0.0406304145,0.0406304145,3.33982103,791,16.6104613,0.237394687
103335.587769,-0.00632510759,-0.109217684,0.0437580242,0.0437580242,3.33923537,791,17.7278021,0.238267225
103335.597798,0.00572827731,-0.116735626,0.0463327539,0.0463327539,3.33871086,791,17.2216811,0.238267225
103335.607827,0.00910144642,-0.144873164,0.0493236403,0.0493236403,3.33806583,789,10.3430703,0.238267225
103335.617856,0.016395701,-0.167703502,0.0508745326,0.0508745326,3.33736484,791,18.4126095,0.237741436
103335.627885,0.0269915897,-0.180756066,0.0488555189,0.0488555189,3.336691,791,14.1951804,0.238042358
103335.637914,0.0228852741,-0.143925731,0.0474517825,0.0474517825,3.33618348,791,17.6109391,0.238042358
103335.647943,0.0145428235,-0.0694659251,0.0416431315,0.0416431315,3.33599729,791,20.5776445,0.237770787
103335.657972,-0.0078367085,0.00849177946,0.0393396635,0.0393396635,3.33602704,791,15.5407636,0.237770787
103335.668000,-0.0242345646,0.0351992708,0.0416630882,0.0416630882,3.33605646,791,17.061084,0.237018611
103335.678029,-0.0356144899,0.0465767368,0.0410992766,0.0410992766,3.33604914,791,16.7179041,0.237018611
103335.688058,-0.0505690987,0.0460883103,0.043998481,0.043998481,3.33591366,791,16.0663212,0.236654445
103335.698087,-0.0721565257,0.0368252229,0.0460142915,0.0460142915,3.3355485,791,15.3087751,0.235946062
103335.708116,-0.108558685,0.01879997,0.0441425388,0.0441425388,3.33478315,791,18.2942123,0.235810963
103335.718145,-0.111149758,0.00901788075,0.0461636838,0.0461636838,3.33394515,791,18.1639517,0.234364084
103335.728174,-0.100268315,0.0227719601,0.0446161831,0.0446161831,3.33327274,791,15.0471114,0.234040877
103335.738203,-0.103330212,0.0250717856,0.047730377,0.047730377,3.33258858,791,16.8517589,0.233390373
103335.748232,-0.102564103,0.0525643216,0.0501044265,0.0501044265,3.33206169,791,15.3389142,0.232640979
103335.758261,-0.102466545,0.0534916195,0.0592787343,0.0592787343,3.33154442,789,12.9460022,0.231985173
103335.768290,-0.104168442,0.0519617644,0.0672137426,0.0672137426,3.33100859,789,14.4360899,0.23173895
103335.778319,-0.107189034,0.050878898,0.0743075414,0.0743075414,3.33044596,789,17.5611138,0.230967736
103335.788348,-0.110391472,0.0477557726,0.0807820455,0.0807820455,3.32984388,789,20.0212399,0.231089202
103335.798377,-0.11229128,0.0427176788,0.0867759817,0.0867759817,3.32920226,789,19.6150631,0.231235953
103335.808406,-0.112130288,0.0373248266,0.0923829435,0.0923829435,3.32853556,789,19.3516168,0.231236565
103335.818435,-0.115500743,0.0435355634,0.0592763861,0.0592763861,3.32788099,791,26.9740566,0.231447508
103335.828464,-0.0915255028,0.04742675,0.0470552927,0.0470552927,3.32744754,791,26.0263679,0.23067429
103335.838493,-0.0761327534,0.0581188736,0.0468486041,0.0468486041,3.32720411,791,23.7340034,0.230442958
103335.848522,-0.0624187217,0.0795166629,0.0447635841,0.0447635841,3.32720001,791,25.7090024,0.230394621
103335.858551,-0.0564845556,0.0953908218,0.0472493994,0.0472493994,3.32734233,791,20.7910094,0.230166254
103335.868580,-0.0538349046,0.112521845,0.0496299175,0.0496299175,3.32761446,791,21.0072378,0.229779625
103335.878609,-0.0587710666,0.114682164,0.0588781293,0.0588781293,3.32786915,789,24.7074217,0.229807384
103335.888638,-0.0648186728,0.118152342,0.0668606224,0.0668606224,3.32810691,789,21.651284,0.229417695
103335.898667,-0.0709006802,0.12139443,0.0739882351,0.0739882351,3.32832787,789,18.4041038,0.229458775
103335.908696,-0.0752547124,0.120923557,0.0804884087,0.0804884087,3.32852411,789,24.6814199,0.229458775
103335.918725,-0.0763356825,0.115379964,0.086502677,0.086502677,3.3286896,789,22.1154355,0.228980479
103335.928754,-0.0754480348,0.105341939,0.0921262179,0.0921262179,3.32880992,789,21.708601,0.228895191
103335.938783,-0.0708664982,0.0941985527,0.0974267522,0.0974267522,3.32890393,789,20.7564747,0.228853737
103335.948812,-0.0587603176,0.0877784987,0.102454468,0.102454468,3.32905624,789,19.9356815,0.229007626
103335.958841,-0.0484414217,0.0742778796,0.107247962,0.107247962,3.32920456,789,19.2429816,0.229225654
103335.968870,-0.0344896942,0.0614075979,0.111837564,0.111837564,3.32937697,789,18.880705,0.22883247
103335.978899,-0.0199719412,0.0501800146,0.116247612,0.116247612,3.32958577,789,14.617703,0.228986551
103335.988928,-0.00951035141,0.0439334959,0.120497262,0.120497262,3.32983195,789,12.9227436,0.228606286
103335.998957,-0.00667232889,0.0472222165,0.124602402,0.124602402,3.33012163,789,16.5566474,0.228957459
103336.008986,-0.073610617,0.0912676,0.0639897533,0.0639897533,3.33021584,791,16.971094,0.229443722
103336.019015,-0.0580876245,0.0699838293,0.052696001,0.052696001,3.33028883,791,13.7471722,0.229571426
103336.029044,-0.0536249919,0.0731104994,0.0482320076,0.0482320076,3.33042151,791,13.281297,0.229763489
103336.039073,-0.0514385736,0.069358118,0.0577047045,0.0577047045,3.33055025,789,20.0595209,0.229592471
103336.049102,-0.0485282349,0.0699056996,0.0658297509,0.0658297509,3.33070918,789,17.1282307,0.229592471
103336.059131,-0.0438090746,0.0709420887,0.0730581962,0.0730581962,3.33091428,789,13.9762181,0.22342798
103336.069160,-0.0353729532,0.0707269262,0.0796346356,0.0796346356,3.3311824,789,13.9714995,0.216748577
103336.079189,-0.0264934062,0.0712356871,0.0857091695,0.0857091695,3.33152065,789,13.8271361,0.21107039
103336.089218,-0.0242662174,0.0743091509,0.0913817256,0.0913817256,3.33190009,789,15.3689865,0.205619586
103336.099247,-0.0249023118,0.0765088521,0.0967230775,0.0967230775,3.3322949,789,16.8799883,0.199869006
103336.109276,-0.0249533787,0.0738479953,0.101785546,0.101785546,3.33267455,789,15.9391128,0.197680642
103336.119305,-0.0735727313,0.0678396119,0.060795397,0.060795397,3.33268502,791,14.6892974,0.195921466
103336.129333,-0.0699806822,0.0334526061,0.0448278782,0.0448278782,3.33247708,791,15.9638163,0.194534751
103336.139362,-0.0687553857,0.00205993449,0.044579341,0.044579341,3.33205136,791,15.0532259,0.194291482
103336.149391,-0.0312154738,-0.025331729,0.0399214849,0.0399214849,3.33167601,791,17.5515642,0.192092987
103336.159420,-0.017545091,-0.00954428247,0.0415114663,0.0415114663,3.33150757,791,15.9891816,0.189902745
103336.169449,0.00834009569,0.00249052711,0.0401504684,0.0401504684,3.33159995,791,14.5133705,0.185737591
103336.179478,0.0116574027,0.0353854089,0.0437376028,0.0437376028,3.33195616,791,15.7595348,0.184139323
103336.189507,-0.000356246464,0.068013915,0.0470068472,0.0470068472,3.33247362,791,18.0642599,0.18246124
103336.199536,-0.0124469611,0.0968355699,0.0500709873,0.0500709873,3.33312817,791,15.049752,0.180327555
103336.209565,0.0442715309,0.0406514063,0.0546645259,0.0546645259,3.33373901,791,19.4993727,0.178685129
103336.219594,0.120065176,-0.127808252,0.0484942841,0.0484942841,3.33361027,791,50.7776889,0.175179258
103336.229623,0.122055684,-0.189450325,0.0475072316,0.0475072316,3.33308938,791,74.4284642,0.171847677
103336.239652,0.110676611,-0.23522825,0.0460920748,0.0460920748,3.3322271,791,80.705981,0.171972643
103336.249681,0.115620564,-0.268940363,0.0430863226,0.0430863226,3.33124942,791,100.60831,0.171972643
103336.259710,0.122052807,-0.276589832,0.0452234366,0.0452234366,3.33036856,791,125.419621,0.172178755
103336.269739,0.128612985,-0.289111502,0.0444305049,0.0444305049,3.32957303,791,134.540893,0.170785985
103336.279768,0.125061017,-0.295739293,0.047185606,0.047185606,3.32883808,791,142.931064,0.170785985
103336.289797,0.126247261,-0.287867126,0.0490668905,0.0490668905,3.32829212,791,173.768849,0.170785985
103336.299826,0.124733407,-0.263145938,0.0471088735,0.0471088735,3.3279946,791,179.117134,0.170199867
103336.309855,0.115213524,-0.22995293,0.0472488989,0.0472488989,3.32789158,791,190.639539,0.168389075
103336.319884,0.0975639414,-0.170247631,0.0419119453,0.0419119453,3.32799139,791,172.311619,0.167310515
103336.329913,0.0769982404,-0.118406102,0.0394876163,0.0394876163,3.32818125,791,168.183672,0.166787602
103336.339942,0.0615445657,-0.0767603849,0.034908652,0.034908652,3.32843008,791,150.250903,0.166280094
103336.349971,0.0740012631,-0.0502567054,0.0320564667,0.0320564667,3.32891148,791,136.672972,0.166281718
103336.360000,0.0557719597,-0.0502372768,0.0321414485,0.0321414485,3.32923525,791,155.461484,0.166281718
103336.370029,0.0485403475,-0.0422259332,0.0321537853,0.0321537853,3.32953022,791,150.132188,0.166281718
103336.380058,0.034305449,-0.0473152064,0.0323336729,0.0323336729,3.32968047,791,171.169295,0.166540384
103336.390087,0.0509592063,-0.0482697384,0.0323830079,0.0323830079,3.32998657,791,150.617548,0.166821663
103336.400116,0.0513698704,-0.0602624851,0.0321661434,0.0321661434,3.33026134,791,141.412031,0.166543488
103336.410145,0.0367206291,-0.0850853187,0.0328718536,0.0328718536,3.33032559,791,139.294131,0.166994731
103336.420174,0.0472920389,-0.0952222319,0.0337545323,0.0337545323,3.33047218,791,141.729215,0.16591969
103336.430203,0.0594440665,-0.0934535602,0.0365709107,0.0365709107,3.3307589,791,132.600027,0.164987841
103336.440232,0.0737036738,-0.0814154442,0.0382435172,0.0382435172,3.33123573,791,128.059954,0.163724083
103336.450261,0.0933408734,-0.0922439919,0.0384137331,0.0384137331,3.33189045,791,114.528749,0.162289857
103336.460290,0.107149652,-0.106146279,0.0422276757,0.0422276757,3.33266918,791,101.455852,0.161952882
103336.470319,0.122898822,-0.134410103,0.0435385025,0.0435385025,3.33357236,791,80.6030584,0.162054038
103336.480348,0.132606307,-0.135298021,0.0480748219,0.0480748219,3.33461493,791,59.5773637,0.162151008
103336.490377,0.127106895,-0.128858727,0.0575737849,0.0575737849,3.33565917,789,47.6774813,0.162151008
103336.500405,0.122002092,-0.121808063,0.0657150044,0.0657150044,3.336702,789,43.6373356,0.162892056
103336.510434,0.117284872,-0.114094183,0.0729559285,0.0729559285,3.33774079,789,48.4670481,0.162892056
103336.520463,0.113703152,-0.10566039,0.0795421375,0.0795421375,3.33878025,789,72.6014673,0.164999609
103336.530492,0.111313112,-0.0970941672,0.0856248013,0.0856248013,3.33982562,789,80.6649866,0.169239026
103336.540521,0.10920694,-0.0848505888,0.0913047617,0.0913047617,3.34087535,789,107.304424,0.174251274
103336.550550,0.102901621,-0.0698175658,0.0966532832,0.0966532832,3.3418817,789,96.2450972,0.174251274
103336.560579,0.0960896337,-0.0526389988,0.101723122,0.101723122,3.34283332,789,111.445556,0.174251274
103336.570608,0.0877977276,-0.033247671,0.106554533,0.106554533,3.34371022,789,113.995227,0.174251274
103336.580637,0.0790611926,-0.0151843587,0.111178853,0.111178853,3.34450394,789,100.513723,0.17147415
103336.590666,0.0712452878,0.00247847129,0.115621418,0.115621418,3.34522189,789,77.0436766,0.17147415
103336.600695,0.0652980213,0.0217306089,0.119903071,0.119903071,3.34588302,789,50.6957032,0.17147415
103336.610724,0.0647257111,0.0379086202,0.12404001,0.12404001,3.34654235,789,32.3332397,0.17147415
103336.620753,0.068635787,0.0516040804,0.128045604,0.128045604,3.34724699,789,35.2316357,0.17147415
103336.630782,0.074498601,0.0638721082,0.13193175,0.13193175,3.34801956,789,29.7724493,0.17147415
103336.640811,0.0804607869,0.0740008799,0.135708336,0.135708336,3.34886398,789,29.4115006,0.17147415
103336.650840,0.087887444,0.0820355058,0.139384104,0.139384104,3.34979702,789,37.8365731,0.17147415
103336.660869,0.0934683115,0.08737804,0.142966566,0.142966566,3.35080107,789,34.3303943,0.17147415
103336.670898,0.0973952625,0.0888513716,0.146462205,0.146462205,3.35185765,789,34.8100026,0.17147415
103336.680927,0.0993308093,0.0901659041,0.149877376,0.149877376,3.35294693,789,39.1369713,0.17147415
103336.690956,0.0991560379,0.0915068561,0.153217554,0.153217554,3.35404815,789,40.0741858,0.17147415
103336.700985,0.0976843313,0.0903985251,0.156487005,0.156487005,3.35514504,789,46.3728337,0.17147415
103336.711014,0.0979436903,0.0878740618,0.159689776,0.159689776,3.35625137,789,46.1938595,0.17147415
103336.721043,0.101735557,0.0847379579,0.16282956,0.16282956,3.35739911,789,53.2507855,0.17147415
103336.731072,0.114022918,0.0795990629,0.165908334,0.165908334,3.35866558,789,50.0061022,0.17147415
103336.741101,0.133890404,0.0704293529,0.16892865,0.16892865,3.36011404,789,50.9138734,0.17147415
103336.751130,0.153741932,0.0598812971,0.171894103,0.171894103,3.36173817,789,60.77796,0.17147415
103336.761159,0.170429019,0.0492991827,0.174808493,0.174808493,3.36350473,789,67.1364448,0.17147415
103336.771188,0.181995212,0.0396764781,0.17767489,0.17767489,3.36536475,789,72.0207494,0.165295037
103336.781217,0.299531572,0.384355346,0.0632321372,0.0632321372,3.36914873,791,69.6501802,0.160406153
103336.791246,0.320929592,0.390276779,0.0431094738,0.0431094738,3.37330641,791,59.9898923,0.156787556
