t,vx_cam,vy_cam,quality,h
94190.561460,-0.0149700354,-0.00349535944,353.789497,0.252
94190.565629,-0.0179439271,-0.00661351148,343.778083,0.252
94190.569797,-0.0202056858,-0.00212357293,199.860464,0.252
94190.573966,-0.0211782185,-0.00185214131,200.51971,0.252
94190.578134,-0.0220557108,0.000948125535,168.422882,0.252
94190.582302,-0.0234549586,0.00244788577,166.226653,0.252
94190.586471,-0.0269278255,0.00362717139,164.949683,0.252
94190.590639,-0.0276601521,0.0029951941,148.808209,0.252
94190.594808,-0.0276809521,0.00171243279,148.038136,0.252
94190.598976,-0.0319343691,0.00057092157,145.950846,0.252
94190.603144,-0.0344832845,-4.9467385e-05,145.843803,0.252
94190.607313,-0.0341966802,-0.00325876919,146.098588,0.252
94190.611481,-0.0384041384,-0.00266261818,169.741588,0.252
94190.615650,-0.0404740934,-0.00310175145,168.730107,0.252
94190.619818,-0.0443080877,0.00061650473,200.477248,0.252
94190.623986,-0.0452882043,0.0014809278,198.759751,0.252
94190.628155,-0.0505516768,0.00103838564,222.111178,0.252
94190.632323,-0.0515835808,0.003465634,232.912435,0.252
94190.636492,-0.0566347119,0.0034135098,231.194672,0.252
94190.640660,-0.0596792259,0.00307828191,232.554457,0.252
94190.644829,-0.0640104681,0.00147988787,216.113747,0.252
94190.648997,-0.0600550196,0.00394583548,216.005563,0.252
94190.653165,-0.0889908698,0.00869250882,218.512426,0.252
94190.657334,-0.0383662369,-0.00219372595,229.746795,0.252
94190.661502,-0.119537205,-0.00944760454,200.873328,0.252
94190.665671,-0.0492517524,0.0165778451,192.913656,0.252
94190.669839,-0.106607515,-0.0124014092,178.953679,0.252
94190.674007,-0.0796880134,0.00761990747,174.633295,0.252
94190.678176,-0.0940148485,0.0035045462,173.695027,0.252
94190.682344,-0.103463288,-0.00108887284,175.096404,0.252
94190.686513,-0.0969639728,0.00923822052,174.307643,0.252
94190.690681,-0.111194208,0.000331565452,153.24994,0.252
94190.694849,-0.111037145,0.00753243693,154.718613,0.252
94190.699018,-0.118106121,0.00239552488,140.945059,0.252
94190.703186,-0.123337387,0.00348843413,141.500041,0.252
94190.707355,-0.128192175,0.00456551632,143.906101,0.252
94190.711523,-0.136579232,0.00280153379,138.082979,0.252
94190.715692,-0.140223867,0.00428193496,136.73084,0.252
94190.719860,-0.145493215,0.00289636436,123.05156,0.252
94190.724028,-0.151566431,0.00401194052,122.238441,0.252
94190.728197,-0.157047498,0.00309523537,126.640709,0.252
94190.732365,-0.16328393,0.00581631134,125.476032,0.252
94190.736534,-0.168219906,0.00531161841,124.410355,0.252
94190.740702,-0.174445923,0.006679032,126.08876,0.252
94190.744870,-0.179004371,0.0105109092,126.670367,0.252
94190.749039,-0.187888937,0.00979469324,142.892503,0.252
94190.753207,-0.192297505,0.00846676826,140.624202,0.252
94190.757376,-0.197722448,0.00922054014,137.993874,0.252
94190.761544,-0.205078404,0.00641033467,151.703023,0.252
94190.765712,-0.208988539,0.00633466963,153.712339,0.252
94190.769881,-0.215958212,0.00548529308,173.45819,0.252
94190.774049,-0.220745746,0.00647573469,173.113977,0.252
94190.778218,-0.22839285,0.00652479982,193.170166,0.252
94190.782386,-0.232580739,0.00912759862,187.633785,0.252
94190.786555,-0.236665752,0.00929036635,187.585847,0.252
94190.790723,-0.240041476,0.00781044772,248.244325,0.252
94190.794891,-0.247106314,0.00443609495,244.940057,0.252
94190.799060,-0.253534902,0.000923035942,284.170303,0.252
94190.803228,-0.259174171,-0.0013522562,281.684867,0.252
94190.807397,-0.260530578,-0.00133040646,277.163131,0.252
94190.811565,-0.271463112,0.00218077293,233.680382,0.252
94190.815733,-0.273580901,0.00398369724,228.206765,0.252
94190.819902,-0.282137338,0.00173185364,193.808442,0.252
94190.824070,-0.289559498,0.00826093066,190.292008,0.252
94190.828239,-0.290679858,0.00314259177,146.594641,0.252
94190.832407,-0.30244854,0.00585224551,142.895643,0.252
94190.836575,-0.305398322,0.00423957207,142.270318,0.252
94190.840744,-0.310175214,0.00592075658,157.75943,0.252
94190.844912,-0.31366285,0.00036279483,158.354361,0.252
94190.849081,-0.318083543,0.00582626244,274.480525,0.252
94190.853249,-0.325430978,0.00151346119,277.715973,0.252
94190.857417,-0.331344552,-0.00101944376,271.665101,0.252
94190.861586,-0.335163132,0.00873672222,182.150034,0.252
94190.865754,-0.337686833,0.0112058041,178.872143,0.252
94190.869923,-0.340924265,0.00921359725,145.519912,0.252
94190.874091,-0.345265854,0.0131706044,149.394592,0.252
94190.878259,-0.350305903,0.0137456426,148.517879,0.252
94190.882428,-0.352827871,0.0151085287,168.305335,0.252
94190.886596,-0.359968843,0.0184697507,168.155737,0.252
94190.890765,-0.360725429,0.0131927081,235.886112,0.252
94190.897017,-0.367515595,0.0162266277,190.139101,0.252
94190.903270,-0.376883659,0.0141432853,143.960008,0.252
94190.907438,-0.382483056,0.0100789509,147.153162,0.252
94190.911607,-0.384176475,0.00122494464,105.737723,0.252
94190.915775,-0.387904365,-0.000153933326,105.294135,0.252
94190.919944,-0.388488277,7.97933065e-05,166.781859,0.252
94190.924112,-0.391878754,-0.0029098414,165.538348,0.252
94190.928280,-0.391281095,-0.0066968158,166.912479,0.252
94190.932449,-0.397213406,-0.00787926915,207.531291,0.252
94190.936617,-0.401576576,-0.0159596278,212.080752,0.252
94190.940786,-0.41147374,-0.00685297079,107.959596,0.252
94190.944954,-0.413944628,-0.00541933134,107.617923,0.252
94190.949122,-0.403467697,0.000981919084,120.923059,0.252
94190.953291,-0.417634053,0.00537225555,120.140481,0.252
94190.957459,-0.412080152,0.0151734338,118.479193,0.252
94190.961628,-0.4349825,0.00724693367,180.898496,0.252
94190.965796,-0.436396679,0.013151102,172.205613,0.252
94190.969965,-0.42996632,0.00258333937,97.1209778,0.252
94190.974133,-0.437047541,-0.00184642231,96.7675456,0.252
94190.978301,-0.438642774,-0.0207579199,97.5266105,0.252
94190.982470,-0.433745476,-0.0234062609,148.888542,0.252
94190.986638,-0.432964827,-0.0279564212,145.802884,0.252
94190.990807,-0.444371432,-0.00493142027,130.127029,0.252
94190.994975,-0.449053289,0.00782349211,128.85818,0.252
94190.999143,-0.448177326,-0.00123954022,223.691855,0.252
94191.003312,-0.459406379,-0.00655612404,228.167068,0.252
94191.007480,-0.464535274,-0.00559177269,211.581417,0.252
94191.011649,-0.459845131,-0.0145466592,196.191709,0.252
94191.015817,-0.46048642,-0.00997756235,202.845148,0.252
94191.019985,-0.456141336,-0.00376417671,195.258904,0.252
94191.024154,-0.4645895,-0.00406846843,195.554466,0.252
94191.028322,-0.464143601,-0.00568014353,189.097836,0.252
94191.032491,-0.472695249,-0.0090686238,144.748145,0.252
94191.036659,-0.472697813,-0.00544024495,147.277867,0.252
94191.040827,-0.46735886,-0.0110318632,134.36525,0.252
94191.044996,-0.469885964,0.00354081837,138.664769,0.252
94191.049164,-0.482684405,-0.00689402007,104.014653,0.252
94191.053333,-0.48660239,-0.00962158045,102.488233,0.252
94191.057501,-0.484504539,-0.0186644421,101.702756,0.252
94191.061670,-0.493940063,-0.0205483629,154.468927,0.252
94191.065838,-0.485866737,-0.0277446849,154.110169,0.252
94191.070006,-0.492324496,-0.00333530547,87.3976656,0.252
94191.074175,-0.494454574,0.0143160125,87.7569361,0.252
94191.078343,-0.4951093,0.0291953216,88.6326129,0.252
94191.082512,-0.500937773,0.020125805,158.268562,0.252
94191.086680,-0.502951214,0.0119592622,159.253081,0.252
94191.090848,-0.49625335,1.85828698e-05,131.102802,0.252
94191.095017,-0.504217318,-0.00433862149,130.499928,0.252
94191.099185,-0.514804014,-0.0026266114,194.735863,0.252
94191.103354,-0.510893041,-0.00836366873,186.256712,0.252
94191.107522,-0.513124323,-0.00844501735,195.066813,0.252
94191.111690,-0.502514176,0.00905336492,211.122181,0.252
94191.115859,-0.520003397,0.0200509469,219.895251,0.252
94191.120027,-0.524403322,0.0288994624,143.051249,0.252
94191.124196,-0.540768714,0.0383722953,140.234084,0.252
94191.128364,-0.51884841,0.0371517028,141.117129,0.252
94191.132533,-0.498053695,0.0112593228,61.4466576,0.252
94191.136701,-0.523844995,-0.00962184584,61.8075313,0.252
94191.140869,-0.542954433,-0.0033224943,168.322296,0.252
94191.145038,-0.542664289,0.000499580192,165.140062,0.252
94191.149206,-0.517982976,0.00760247394,112.843012,0.252
94191.153375,-0.51678258,0.0211788646,112.275128,0.252
94191.157543,-0.543430189,0.0212072556,112.731725,0.252
94191.161711,-0.543305926,0.0423612297,102.872959,0.252
94191.165880,-0.537000533,0.0537438035,102.512324,0.252
94191.170048,-0.524373871,0.022413913,138.165506,0.252
94191.174217,-0.521578108,0.0238214886,138.792538,0.252
94191.178385,-0.53898692,0.00582867293,139.204042,0.252
94191.182553,-0.54788908,0.00528777681,204.734047,0.252
94191.186722,-0.542616902,0.0216910812,198.94882,0.252
94191.190890,-0.536163586,0.0200402359,193.011944,0.252
94191.195059,-0.544239914,0.0356120258,195.085205,0.252
94191.199227,-0.541552566,0.0345612495,228.546358,0.252
94191.203395,-0.553618628,0.0237016095,265.79367,0.252
94191.207564,-0.546437855,0.0228334164,272.252247,0.252
94191.211732,-0.539690557,0.0167519258,143.815867,0.252
94191.215901,-0.534928978,0.0150831921,143.138062,0.252
94191.220069,-0.534770782,0.0328090613,148.758355,0.252
94191.224238,-0.550879038,0.0172486088,152.62605,0.252
94191.228406,-0.546372011,0.0236610627,151.000538,0.252
94191.232574,-0.563825539,0.0272054314,97.0107813,0.252
94191.236743,-0.549651432,0.0359993692,97.7398334,0.252
94191.240911,-0.549807515,0.0398975675,226.400753,0.252
94191.245080,-0.556619235,0.0344259426,244.411357,0.252
94191.249248,-0.552722564,0.0362096024,225.078766,0.252
94191.253416,-0.555276757,0.0124145263,107.367951,0.252
94191.257585,-0.557109968,-0.00444546694,107.721326,0.252
94191.261753,-0.557224092,-0.00649344343,156.097748,0.252
94191.265922,-0.575390198,-0.00886198134,155.975064,0.252
94191.270090,-0.55244703,0.020275325,82.6998993,0.252
94191.274258,-0.567982884,0.0328636534,82.0501566,0.252
94191.278427,-0.557762572,0.0672803273,81.4988119,0.252
94191.282595,-0.550365636,0.0309139309,87.6049495,0.252
94191.286764,-0.562523315,0.0138619539,87.9406092,0.252
94191.290932,-0.557660528,0.00855196558,76.0684922,0.252
94191.295101,-0.549888158,-0.00944839584,75.948469,0.252
94191.299269,-0.555532535,-0.00747049518,76.5396422,0.252
94191.303437,-0.561908631,-0.000857993108,152.940225,0.252
94191.307606,-0.563065507,-0.0128369588,150.856773,0.252
94191.311774,-0.583933193,0.00475705835,112.454662,0.252
94191.315943,-0.564868261,0.00277302221,113.991263,0.252
94191.320111,-0.563350923,0.00961529358,148.931112,0.252
94191.324279,-0.564769348,0.0232603972,149.012118,0.252
94191.328448,-0.568458672,0.0365739487,146.368196,0.252
94191.332616,-0.576752702,0.0211952357,105.003639,0.252
94191.336785,-0.572212443,0.0221395067,107.412648,0.252
94191.340953,-0.577555155,0.00311091437,130.553032,0.252
94191.345121,-0.56978739,-0.00687534115,134.852817,0.252
94191.349290,-0.578099897,3.40063222e-05,134.107702,0.252
94191.353458,-0.569606888,-0.00274608037,128.571493,0.252
94191.357627,-0.571226187,0.0115730589,129.732219,0.252
94191.361795,-0.596836552,0.0216621357,112.566533,0.252
94191.365963,-0.570902076,0.0167017229,114.659712,0.252
94191.370132,-0.573916451,0.0222166483,156.171481,0.252
94191.374300,-0.590651938,0.00960611805,156.383357,0.252
94191.378469,-0.610057448,0.0212521696,147.390867,0.252
94191.382637,-0.619277659,0.0336533973,173.331639,0.252
94191.386805,-0.59476957,0.0467475178,174.529052,0.252
94191.390974,-0.571090185,0.0251685393,44.1282933,0.252
94191.395142,-0.581080251,0.0216997516,43.9919054,0.252
94191.399311,-0.58908656,0.01124381,44.1278927,0.252
94191.403479,-0.580222262,-0.0136046797,77.7609426,0.252
94191.407648,-0.608349173,-0.0387981455,76.2116182,0.252
94191.411816,-0.618754417,-0.0166268299,39.4500775,0.252
94191.415984,-0.639459078,-0.0341707536,39.1423212,0.252
94191.420153,-0.653794514,0.00777392958,24.2615109,0.252
94191.424321,-0.613964021,0.0566774856,24.2968429,0.252
94191.428490,-0.624359801,0.115100596,24.2794111,0.252
94191.432658,-0.639641559,0.0695836716,66.1414501,0.252
94191.436826,-0.623459961,0.0854547373,65.4812382,0.252
94191.440995,-0.638677395,0.0251435507,23.7039496,0.252
94191.445163,-0.633802375,-0.00616977167,23.7018466,0.252
94191.449332,-0.623949964,-0.0477500324,23.7313345,0.252
94191.453500,-0.648731316,-0.0586995137,47.4959052,0.252
94191.457668,-0.625574749,-0.0959040856,47.0055448,0.252
94191.461837,-0.64733316,-0.0126696726,40.5786873,0.252
94191.466005,-0.650243952,-0.00155680304,40.6836676,0.252
94191.470174,-0.648543073,0.015767662,50.7429552,0.252
94191.474342,-0.678728922,0.0464255879,50.8892726,0.252
94191.478510,-0.640039147,0.0724040874,50.4557336,0.252
94191.482679,-0.6340649,0.0373610111,83.2568532,0.252
94191.486847,-0.638738918,0.0175715312,84.6805058,0.252
94191.491016,-0.641865359,-0.0186758757,49.1654437,0.252
94191.495184,-0.674260941,-0.0365586018,49.1143292,0.252
94191.499352,-0.654466101,-0.0661907536,48.9651867,0.252
94191.503521,-0.696387983,0.00709788522,44.708797,0.252
94191.507689,-0.672821737,0.0404331695,44.5322003,0.252
94191.511858,-0.683654502,0.0276216212,212.777238,0.252
94191.516026,-0.662422682,0.0332276151,205.495617,0.252
94191.520195,-0.702169334,0.00258725567,92.8895714,0.252
94191.524363,-0.713091711,-0.00876464744,92.7855309,0.252
94191.528531,-0.685850261,0.00155095413,93.3712565,0.252
94191.532700,-0.686466204,0.0104279979,84.6212841,0.252
94191.536868,-0.713519262,0.0214206776,84.0402346,0.252
94191.541037,-0.723099011,0.0370516886,146.161287,0.252
94191.545205,-0.738947048,0.0425249616,140.205361,0.252
94191.549373,-0.719110106,0.0603820439,147.749293,0.252
94191.553542,-0.68748336,0.0231436322,57.1943905,0.252
94191.557710,-0.711352638,0.0217689459,56.990729,0.252
94191.561879,-0.730539328,0.0133701503,135.347349,0.252
94191.566047,-0.72584556,-0.00754221076,138.526957,0.252
94191.570215,-0.72076717,-0.00619894439,139.747798,0.252
94191.574384,-0.696443822,0.0259135746,50.2939917,0.252
94191.578552,-0.732557155,0.00480338013,50.0049471,0.252
94191.582721,-0.757364292,0.0245190343,50.343212,0.252
94191.586889,-0.74532504,0.0602403057,50.3443608,0.252
94191.591058,-0.72196957,0.0342405503,199.706702,0.252
94191.595226,-0.74534767,0.039300793,195.702971,0.252
94191.599394,-0.764565604,0.0199285834,184.66184,0.252
94191.603563,-0.772531181,0.00395419723,112.070172,0.252
94191.607731,-0.776712107,0.00526645102,114.840741,0.252
94191.611900,-0.734418845,0.0135930425,89.4028997,0.252
94191.616068,-0.734930533,0.0255720462,89.6698919,0.252
94191.620236,-0.741533981,0.0430671818,87.0877161,0.252
94191.624405,-0.754097301,0.0187728124,87.4135737,0.252
94191.628573,-0.738147897,-0.00692131523,92.0281389,0.252
94191.632742,-0.780097204,-0.0371906866,58.941695,0.252
94191.636910,-0.796666248,-0.0619566892,58.6794498,0.252
94191.641078,-0.753624498,-0.00992862214,32.2212206,0.252
94191.645247,-0.788150325,0.00359620816,32.1916447,0.252
94191.649415,-0.77529864,0.0240438524,32.2076328,0.252
94191.653584,-0.78990614,0.0497958717,59.4245157,0.252
94191.657752,-0.787059319,0.0883244191,58.5029103,0.252
94191.661920,-0.774307867,0.0281857001,35.7290076,0.252
94191.666089,-0.755256856,0.0273349003,35.6817127,0.252
94191.670257,-0.757869692,0.00174356797,35.8583063,0.252
94191.674426,-0.782013686,-0.0477957654,30.6920339,0.252
94191.678594,-0.769521152,-0.089122073,30.6031545,0.252
94191.682763,-0.809463795,-0.0163748625,41.3552177,0.252
94191.686931,-0.75888614,0.000605389043,41.5565133,0.252
94191.691099,-0.793565124,0.00579968736,48.4878104,0.252
94191.695268,-0.795030033,-0.00433656905,48.5177187,0.252
94191.699436,-0.819479099,0.0403904086,48.7804506,0.252
94191.703605,-0.830491184,0.0334184882,79.4570986,0.252
94191.707773,-0.785535394,0.0591878821,78.81167,0.252
94191.711941,-0.742065254,0.0321706444,39.3440439,0.252
94191.716110,-0.762573163,-0.00801178013,39.6887428,0.252
94191.720278,-0.770246492,-0.0197724916,39.7479562,0.252
94191.724447,-0.781524738,0.00277668295,68.2588707,0.252
94191.728615,-0.799025823,-0.0109662091,68.9126566,0.252
94191.732783,-0.764082479,-0.00441796252,81.1308253,0.252
94191.736952,-0.782334331,-0.0320802957,79.8171797,0.252
94191.741120,-0.823401979,-0.0154624091,37.9329764,0.252
94191.745289,-0.810771649,-0.0143332409,38.0130697,0.252
94191.749457,-0.82815966,0.0175019977,38.1127356,0.252
94191.753625,-0.795595226,0.0459722483,55.0905363,0.252
94191.757794,-0.800201099,0.0914622079,54.7588457,0.252
94191.761962,-0.801822192,0.0352109223,37.1656902,0.252
94191.766131,-0.783929793,0.0352649793,37.138321,0.252
94191.770299,-0.763593681,0.0451298031,37.1267341,0.252
94191.774468,-0.776849013,-0.0111232787,26.5331639,0.252
94191.778636,-0.786250251,-0.0615233136,26.5733124,0.252
94191.782804,-0.821958618,-0.0299236513,66.0747702,0.252
94191.786973,-0.80568624,-0.0481282206,64.9916802,0.252
94191.791141,-0.801396932,0.0106802983,30.0263774,0.252
94191.795310,-0.794357524,0.000297671659,30.030644,0.252
94191.799478,-0.791309122,0.0343135918,30.0843883,0.252
94191.803646,-0.824332316,0.0566856724,33.0561118,0.252
94191.807815,-0.788079829,0.0835761404,32.9381791,0.252
94191.811983,-0.78907737,0.0444929109,78.371379,0.252
94191.816152,-0.793289015,0.0348962935,78.5373343,0.252
94191.820320,-0.776680049,0.0508325939,77.3212603,0.252
94191.824488,-0.808713676,0.00643527741,59.9081301,0.252
94191.828657,-0.817677701,-0.029478892,60.8121883,0.252
94191.832825,-0.792093778,-0.00270330867,96.3496637,0.252
94191.836994,-0.836910025,-0.0229516928,94.71729,0.252
94191.841162,-0.813754624,0.0043595385,71.3419879,0.252
94191.845331,-0.810022547,0.0314378341,71.5840225,0.252
94191.849499,-0.797139763,0.0532933986,71.1971172,0.252
94191.853667,-0.785886706,0.0110193118,71.327119,0.252
94191.857836,-0.781980498,0.0189782985,70.8014751,0.252
94191.862004,-0.820272199,0.00664792346,143.485119,0.252
94191.866173,-0.800799661,-0.00773307168,140.924785,0.252
94191.870341,-0.837999733,-0.0089990284,145.414311,0.252
94191.874509,-0.789200988,-0.00143767121,145.267407,0.252
94191.878678,-0.807240195,-0.0293471442,142.478978,0.252
94191.882846,-0.803823197,-0.00218465571,140.984989,0.252
94191.887015,-0.785124217,-0.00697629762,135.04849,0.252
94191.891183,-0.865031259,-0.00677285007,56.5518723,0.252
94191.895351,-0.844410147,0.0322711874,56.5966665,0.252
94191.899520,-0.849185627,0.0377645512,56.4640976,0.252
94191.903688,-0.773257583,0.0374684796,43.3954176,0.252
94191.907857,-0.777989152,0.0211067859,43.3682838,0.252
94191.912025,-0.829579734,-0.0170169495,32.3308824,0.252
94191.916194,-0.808047138,-0.016652519,32.3256424,0.252
94191.920362,-0.791567006,-0.0665798493,32.3915661,0.252
94191.924530,-0.833477136,-0.0371408558,90.7436857,0.252
94191.928699,-0.794506586,-0.0391802053,89.2352586,0.252
94191.932867,-0.816995103,-0.0214763515,46.3556007,0.252
94191.937036,-0.792116392,0.00334441807,46.5502487,0.252
94191.941204,-0.792028245,0.0392081436,46.5418945,0.252
94191.945372,-0.804696853,0.0774294508,45.4471847,0.252
94191.949541,-0.832537809,0.0927498584,45.2060912,0.252
94191.953709,-0.836838893,-0.000492910655,47.3038081,0.252
94191.957878,-0.809342298,-0.0175267759,47.4717568,0.252
94191.962046,-0.791359679,-0.0179310383,115.560148,0.252
94191.966214,-0.812463518,-0.0564689952,107.988028,0.252
94191.970383,-0.789279401,-0.0514990402,111.3441,0.252
94191.974551,-0.817994013,0.00409700259,39.1746022,0.252
94191.978720,-0.815663656,0.0184987794,39.1314407,0.252
94191.982888,-0.795543136,0.0461403498,81.4358211,0.252
94191.987056,-0.808132796,0.0755658752,80.0247074,0.252
94191.991225,-0.815085046,0.0658299763,80.9149568,0.252
94191.995393,-0.831565388,0.0212781467,45.4226024,0.252
94191.999562,-0.811158934,-0.00231149072,45.3371681,0.252
94192.003730,-0.79469338,-0.0231164058,44.1260389,0.252
94192.007899,-0.807252856,-0.073625417,43.9718238,0.252
94192.012067,-0.818206494,-0.0247849401,77.76615,0.252
94192.016235,-0.824336244,-0.0131855626,78.3194739,0.252
94192.020404,-0.808833727,-0.00196100831,79.4671717,0.252
94192.024572,-0.806731355,0.0386863862,59.4793221,0.252
94192.028741,-0.811457059,0.0695438879,58.7113683,0.252
94192.032909,-0.790336749,0.0169415206,73.8051941,0.252
94192.037077,-0.819521658,-0.000258558244,74.2694051,0.252
94192.041246,-0.795113802,-0.0432224847,74.0472625,0.252
94192.045414,-0.836995196,-0.0530968631,102.296513,0.252
94192.049583,-0.836541137,-0.0537581454,100.030826,0.252
94192.053751,-0.807739268,0.00962774931,39.7977225,0.252
94192.057919,-0.824818845,0.0365000728,39.7125972,0.252
94192.062088,-0.838998918,0.040700587,98.135073,0.252
94192.066256,-0.805469706,0.0640605927,95.7119776,0.252
94192.070425,-0.791840783,0.0573842055,97.5622517,0.252
94192.074593,-0.758356117,0.00702176765,31.4773962,0.252
94192.078762,-0.784573681,-0.0382026728,31.6212568,0.252
94192.082930,-0.822493501,-0.0279590203,64.7718508,0.252
94192.087098,-0.852148232,-0.0868107945,63.8362358,0.252
94192.091267,-0.794654015,-0.0696844866,63.5564518,0.252
94192.095435,-0.770517861,0.0229235954,31.2069144,0.252
94192.099604,-0.795513412,0.0241861723,31.2210323,0.252
94192.103772,-0.798692394,0.0365408573,55.0602707,0.252
94192.107940,-0.77479455,0.0364991291,54.6940299,0.252
94192.112109,-0.742064393,0.0205885371,76.2258219,0.252
94192.116277,-0.748063913,0.0308579054,76.1042671,0.252
94192.120446,-0.749284695,0.0172170108,76.4274581,0.252
94192.124614,-0.796092172,0.012516799,29.0843251,0.252
94192.128782,-0.804292229,-0.0041493561,29.1336202,0.252
94192.132951,-0.731679925,-0.0018579448,41.8446956,0.252
94192.137119,-0.746220095,0.000605378569,41.8435265,0.252
94192.141288,-0.791478403,-0.0376534712,41.5597672,0.252
94192.145456,-0.748073491,-0.00311680799,61.6003239,0.252
94192.149625,-0.747459806,0.00586880176,61.7297181,0.252
94192.153793,-0.711399029,0.0173716536,69.5290047,0.252
94192.157961,-0.719858849,0.0372504592,69.1267021,0.252
94192.162130,-0.734891823,-0.000454806428,70.6328404,0.252
94192.166298,-0.705728984,-0.0179547817,70.9851932,0.252
94192.170467,-0.69647309,-0.0211741444,70.6747579,0.252
94192.174635,-0.693387505,0.0131557674,52.0467213,0.252
94192.178803,-0.6819179,0.034319655,52.1244075,0.252
94192.182972,-0.68106651,0.0214759576,55.3278022,0.252
94192.187140,-0.669349088,0.0147211986,55.463152,0.252
94192.191309,-0.656220342,0.0129361103,55.0917802,0.252
94192.195477,-0.642130101,-0.00772171899,43.6536754,0.252
94192.199645,-0.623558574,-0.0132989501,43.8424783,0.252
94192.203814,-0.618989822,-0.00136536773,32.8321658,0.252
94192.207982,-0.608237543,-0.00636806314,32.8266365,0.252
94192.212151,-0.653190061,-0.017400513,23.3831989,0.252
94192.216319,-0.645335896,-0.0245432632,23.3993488,0.252
94192.220487,-0.643680751,0.0133201132,23.3907782,0.252
94192.224656,-0.606776453,0.0420871757,59.6769198,0.252
94192.228824,-0.59541352,0.0673812425,59.6044292,0.252
94192.232993,-0.597912252,-0.000651557989,29.8353041,0.252
94192.237161,-0.575567804,-0.0270726948,29.8524445,0.252
94192.241330,-0.568320503,-0.0391159512,29.8665512,0.252
94192.245498,-0.54014488,-0.056332983,60.6838074,0.252
94192.249666,-0.534251983,-0.084747908,60.0939443,0.252
94192.253835,-0.535296763,-0.0153862514,35.0408331,0.252
94192.258003,-0.529493719,-0.0106520411,34.9951711,0.252
94192.262172,-0.525536918,0.00687670822,44.0834226,0.252
94192.266340,-0.525524124,0.0242335886,44.1248063,0.252
94192.270508,-0.514034806,0.0340820275,44.0767268,0.252
94192.274677,-0.518945899,0.00649319831,62.494282,0.252
94192.278845,-0.509452423,0.00906552904,62.4501451,0.252
94192.283014,-0.476299525,-0.0029639729,88.5052026,0.252
94192.287182,-0.493444143,-0.0164649393,88.6251772,0.252
94192.291350,-0.484310948,-0.0317776426,88.6297489,0.252
94192.295519,-0.49085941,-0.0201188858,156.197807,0.252
94192.299687,-0.480414187,-0.0182215088,148.848074,0.252
94192.303856,-0.449451071,6.6835145e-05,94.6314594,0.252
94192.308024,-0.438675418,0.000978903183,95.5526437,0.252
94192.312193,-0.436936326,-0.0111624816,95.4751422,0.252
94192.316361,-0.418798049,-0.00480475426,93.7611998,0.252
94192.320529,-0.426101416,-0.0128465169,92.8915353,0.252
94192.324698,-0.454073901,-0.0077155283,154.278998,0.252
94192.328866,-0.445726901,-0.00391606919,152.33999,0.252
94192.333035,-0.431076302,-0.00617262938,89.7686262,0.252
94192.337203,-0.418974353,-0.0058442558,90.8569653,0.252
94192.341371,-0.408989941,0.00120102802,91.0099245,0.252
94192.345540,-0.408606592,0.00311010623,48.1054332,0.252
94192.349708,-0.396415835,0.00321848459,48.0672487,0.252
94192.353877,-0.400385119,-0.0101852792,50.1190673,0.252
94192.358045,-0.398913066,-0.00449906063,50.0458101,0.252
94192.362213,-0.390876606,-0.00409086881,49.9323397,0.252
94192.366382,-0.392277054,-0.00790716003,50.0802002,0.252
94192.370550,-0.381448979,-0.021299892,50.0534976,0.252
94192.374719,-0.378010725,-0.0236408239,52.9980951,0.252
94192.378887,-0.376729737,-0.0310960409,53.0846498,0.252
94192.383056,-0.378222677,-0.0148367285,51.6752036,0.252
94192.387224,-0.38285259,-0.0127866967,51.6794349,0.252
94192.391392,-0.375337324,-0.00669103288,51.7065833,0.252
94192.395561,-0.368337088,-0.00344509387,49.7622843,0.252
94192.399729,-0.36709618,-0.00243721951,49.7233835,0.252
94192.403898,-0.370493384,-0.00612119917,56.7680234,0.252
94192.408066,-0.367344047,-0.00443748702,56.5536056,0.252
94192.412234,-0.366638791,-0.00655681199,56.7066346,0.252
94192.416403,-0.357009051,-0.0192488634,53.1846405,0.252
94192.420571,-0.353512168,-0.0344254899,53.3675987,0.252
94192.424740,-0.357274955,-0.0278661716,60.2910807,0.252
94192.428908,-0.35571902,-0.0355078091,60.2902262,0.252
94192.433076,-0.363816285,-0.0308863512,88.0502428,0.252
94192.437245,-0.357787819,-0.0241735623,87.7151927,0.252
94192.441413,-0.355592502,-0.0222316307,87.6843665,0.252
94192.445582,-0.356190757,-0.0324618635,84.8961307,0.252
94192.449750,-0.356347199,-0.0244163184,84.9388044,0.252
94192.453918,-0.362770788,-0.0320913363,108.717507,0.252
94192.458087,-0.367161777,-0.0219722636,108.18907,0.252
94192.462255,-0.350472082,-0.0117810655,108.644045,0.252
94192.466424,-0.363821694,-0.0339376638,77.1472031,0.252
94192.470592,-0.342240539,-0.0172945738,76.8405657,0.252
94192.474761,-0.378493565,-0.0276755534,88.8307026,0.252
94192.478929,-0.347865849,-0.0405793398,88.2500875,0.252
94192.483097,-0.361542153,-0.0166735598,138.084099,0.252
94192.487266,-0.361161582,-0.0368938658,132.55488,0.252
94192.491434,-0.336217928,-0.0323641435,130.545694,0.252
94192.495603,-0.364657165,-0.0209729268,152.450585,0.252
94192.499771,-0.333159224,-0.0335006427,147.953456,0.252
94192.503939,-0.363950029,-0.015781925,145.010205,0.252
94192.508108,-0.356050545,-0.0151673277,144.51131,0.252
94192.512276,-0.356060871,-0.00636092746,146.884264,0.252
94192.516445,-0.357819875,-0.00299555237,176.140241,0.252
94192.520613,-0.355834778,0.00334274037,177.023448,0.252
94192.524781,-0.35802228,-0.0177447138,100.847629,0.252
94192.528950,-0.353612717,-0.0206932921,100.043905,0.252
94192.533118,-0.359053625,-0.0205035399,171.143067,0.252
94192.537287,-0.354157669,-0.0231060887,169.206938,0.252
94192.541455,-0.357040289,-0.0221494141,175.666494,0.252
94192.545624,-0.361897915,-0.0113089748,193.122561,0.252
94192.549792,-0.354417863,-0.00472332599,184.084201,0.252
94192.553960,-0.358036972,0.0022929832,249.667944,0.252
94192.558129,-0.352494042,-0.00154606895,238.350335,0.252
94192.562297,-0.353635873,-0.00249908766,239.749716,0.252
94192.566466,-0.357267266,-0.00628528347,233.116753,0.252
94192.570634,-0.345762261,-0.00633740004,220.888717,0.252
94192.574802,-0.343651892,-0.000150380428,181.766268,0.252
94192.578971,-0.338327157,-0.000728724978,188.536822,0.252
94192.583139,-0.341662845,-0.00253107667,138.217974,0.252
94192.587308,-0.341548381,-0.00390406562,138.724776,0.252
94192.591476,-0.329639674,-0.000588172121,138.4416,0.252
94192.595644,-0.330749087,-0.00249954188,116.928256,0.252
94192.599813,-0.32472843,-0.00493557355,117.673913,0.252
94192.603981,-0.32678731,-0.00184240158,104.596184,0.252
94192.608150,-0.321886418,0.000660071447,103.851996,0.252
94192.612318,-0.316402898,0.000713608547,104.198811,0.252
94192.616487,-0.311534315,-0.000966001586,88.5758303,0.252
94192.620655,-0.307577033,-0.0063361621,88.3648019,0.252
94192.624823,-0.302478364,-0.0123155249,86.8345967,0.252
94192.628992,-0.29617113,-0.0177813807,86.7647348,0.252
94192.633160,-0.29593013,-0.0125925139,79.3251093,0.252
94192.637329,-0.288925638,-0.00956942683,79.027383,0.252
94192.641497,-0.285383881,-0.00585142421,79.0234608,0.252
94192.645665,-0.283573537,-0.00802744671,76.3986668,0.252
94192.649834,-0.276118394,-0.00670209905,76.3742176,0.252
94192.654002,-0.272276273,-0.0123888235,84.1379613,0.252
94192.658171,-0.264122508,-0.0157222488,84.1754413,0.252
94192.662339,-0.260294011,-0.0155349475,84.2861131,0.252
94192.666507,-0.250778621,-0.00763815761,97.0014017,0.252
94192.670676,-0.242216875,-0.00445400762,96.8055692,0.252
94192.674844,-0.245269384,-0.0049805143,83.793926,0.252
94192.679013,-0.237197847,-0.000232674492,83.3638496,0.252
94192.683181,-0.231661392,0.0020192547,83.489734,0.252
94192.687350,-0.226344578,-0.00490059147,74.5357238,0.252
94192.691518,-0.222903922,-0.0101776995,74.5068413,0.252
94192.695686,-0.214480044,-0.0119940999,98.3953754,0.252
94192.699855,-0.209171402,-0.016514877,98.4393477,0.252
94192.704023,-0.206138152,-0.0129271881,108.277492,0.252
94192.708192,-0.200464145,-0.0142761522,107.811897,0.252
94192.712360,-0.199146972,-0.0165900595,108.685524,0.252
94192.716528,-0.187127759,-0.00562013925,128.263451,0.252
94192.720697,-0.183119367,-0.00538141952,128.772468,0.252
94192.724865,-0.181082544,-0.00450857692,193.824091,0.252
94192.729034,-0.17577306,0.00242885632,197.154936,0.252
94192.733202,-0.173530867,0.00579600003,193.537508,0.252
94192.737370,-0.166530034,-0.00393469843,168.602763,0.252
94192.741539,-0.168105076,-0.00798866923,170.825055,0.252
94192.745707,-0.158042374,-0.0155495202,137.851521,0.252
94192.749876,-0.155871198,-0.0199317609,137.491692,0.252
94192.754044,-0.147356546,-0.0170397206,161.907253,0.252
94192.758213,-0.146004411,-0.0177853924,160.165679,0.252
94192.762381,-0.143733809,-0.0154272773,160.333616,0.252
94192.766549,-0.139004509,-0.000441592466,113.137608,0.252
94192.770718,-0.134502371,0.00159385263,113.051488,0.252
94192.774886,-0.134511146,0.00419304402,107.255932,0.252
94192.779055,-0.128596648,-0.00701248715,106.757453,0.252
94192.783223,-0.132190941,-0.00341552435,107.008115,0.252
94192.787391,-0.125405202,-0.0164922762,90.690783,0.252
94192.791560,-0.126829096,-0.0114248963,90.6082041,0.252
94192.795728,-0.123769938,-0.0110648131,80.0151048,0.252
94192.799897,-0.118926187,0.000445987084,80.1086902,0.252
94192.804065,-0.115278816,-0.00932137249,69.717543,0.252
94192.808233,-0.112178034,0.00480507628,69.6093635,0.252
94192.812402,-0.109789367,-0.0102447762,69.6455318,0.252
94192.816570,-0.109400617,0.00470020468,72.757103,0.252
94192.820739,-0.103733801,-0.00779879017,72.9195602,0.252
94192.824907,-0.107923679,0.00911676515,83.3779851,0.252
94192.829075,-0.098628133,-0.00564422229,83.3880927,0.252
94192.833244,-0.105053343,0.0126164841,83.3597578,0.252
94192.837412,-0.0951576984,-0.010521589,96.3841284,0.252
94192.841581,-0.10403882,0.00119571593,96.3934988,0.252
94192.845749,-0.0965338571,-0.00653463347,105.911693,0.252
94192.849918,-0.106252719,0.00347981861,106.233329,0.252
94192.854086,-0.0967097226,-0.00164868353,101.544703,0.252
94192.858254,-0.109060673,0.00270357745,101.107669,0.252
94192.862423,-0.09789497,0.00434363795,100.76352,0.252
94192.866591,-0.108622826,-0.00717953409,91.2969189,0.252
94192.870760,-0.103615714,0.00358274501,91.0471059,0.252
94192.874928,-0.10595094,-0.011048276,82.0683534,0.252
94192.879096,-0.107417991,0.000837986521,82.2244428,0.252
94192.883265,-0.107767626,-0.0142704093,82.3490452,0.252
94192.887433,-0.113698216,0.00280592788,74.9493653,0.252
94192.891602,-0.107405378,-0.00477133198,75.0280493,0.252
94192.895770,-0.120783478,0.00275384491,76.4772121,0.252
94192.899939,-0.108679572,-0.000623288372,76.6377856,0.252
94192.904107,-0.123882672,-0.00382283923,79.7919867,0.252
94192.908275,-0.115137117,-0.0039914151,79.6665692,0.252
94192.912444,-0.125405155,-0.0084522633,79.5579033,0.252
94192.916612,-0.119831163,-0.000632590637,85.0734062,0.252
94192.920781,-0.127833793,-0.00869438578,84.8789253,0.252
94192.924949,-0.130021621,-0.000393168864,92.009888,0.252
94192.929117,-0.13035464,-0.0107658621,91.8799585,0.252
94192.933286,-0.135280014,0.000714626289,91.7325151,0.252
94192.937454,-0.137270526,-0.0112429961,100.047729,0.252
94192.941623,-0.143168849,-0.00790617682,99.594368,0.252
94192.945791,-0.147359132,-0.0142854616,119.560323,0.252
94192.949959,-0.1496078,-0.00890805867,119.55829,0.252
94192.954128,-0.155029768,-0.0119539357,124.174779,0.252
94192.958296,-0.159637401,-0.00584169921,122.267747,0.252
94192.964549,-0.164849796,-0.00613133395,111.907218,0.252
94192.970801,-0.168233383,-0.00659894258,115.369382,0.252
94192.974970,-0.179280598,-0.00396877756,115.118306,0.252
94192.979138,-0.177160985,-0.0080139803,111.990395,0.252
94192.983307,-0.186418356,-0.0073692153,112.24302,0.252
94192.987475,-0.18625136,-0.00774118496,110.847477,0.252
94192.991644,-0.194383333,-0.00730393733,109.868796,0.252
94192.995812,-0.197962205,-0.00187746995,117.378334,0.252
94192.999980,-0.203984566,-0.00316428832,117.380574,0.252
94193.004149,-0.207352388,-0.00266859005,125.720126,0.252
94193.008317,-0.213418802,-0.00790506407,126.509877,0.252
94193.012486,-0.218259916,0.000444081525,125.003935,0.252
94193.016654,-0.222897496,-0.00966768205,127.641629,0.252
94193.020822,-0.228194694,-0.00454827696,126.651265,0.252
94193.024991,-0.231452304,-0.00680196565,134.617025,0.252
94193.029159,-0.23734945,-0.00486277831,133.283894,0.252
94193.033328,-0.241564039,-0.00402090786,135.479243,0.252
94193.037496,-0.247516496,-0.00307803716,148.040565,0.252
94193.041665,-0.252594806,-0.00834128271,150.336549,0.252
94193.045833,-0.255377334,-0.00335798692,171.804154,0.252
94193.050001,-0.260662704,-0.00457584827,171.716277,0.252
94193.054170,-0.268788113,-0.0177620767,167.851496,0.252
94193.058338,-0.269370666,-0.0021421861,207.306055,0.252
94193.062507,-0.27732585,-0.00812103587,208.560954,0.252
94193.066675,-0.278839849,-0.00153707733,172.065344,0.252
94193.070843,-0.27867112,0.00466828437,172.892839,0.252
94193.075012,-0.289366436,0.000535503708,220.399019,0.252
94193.079180,-0.289226599,0.00238161189,219.360426,0.252
94193.083349,-0.29124142,0.0047311687,208.31769,0.252
94193.087517,-0.299785075,-0.00497741267,199.767695,0.252
94193.091685,-0.303169069,-0.00600283965,206.041218,0.252
94193.095854,-0.30632668,-0.00641031875,163.545598,0.252
94193.100022,-0.312480982,-0.00588610784,163.714836,0.252
94193.104191,-0.31085257,-0.00402318439,166.319634,0.252
94193.108359,-0.316671621,0.00111052797,154.746327,0.252
94193.112528,-0.322493244,0.00338330006,153.548329,0.252
94193.116696,-0.324791385,-0.00806789905,127.012607,0.252
94193.120864,-0.331906121,-0.0121230912,129.698918,0.252
94193.125033,-0.33096801,-0.0167478241,179.517057,0.252
94193.129201,-0.339540056,-0.0201867081,176.115867,0.252
94193.133370,-0.344761367,-0.0206416788,176.662257,0.252
94193.137538,-0.348705091,-0.0035971995,143.724213,0.252
94193.141706,-0.348570039,0.00679227435,144.291175,0.252
94193.145875,-0.346322619,0.00760217696,187.966197,0.252
94193.150043,-0.35412223,0.0101656173,181.094542,0.252
94193.154212,-0.358434928,0.00644796676,191.456833,0.252
94193.158380,-0.362088928,-0.0155895417,105.770812,0.252
94193.162548,-0.364560437,-0.0283143868,105.676757,0.252
94193.166717,-0.363342917,-0.0120354641,181.184342,0.252
94193.170885,-0.366807716,-0.0198442759,182.931085,0.252
94193.175054,-0.375915175,-0.00784593006,108.415279,0.252
94193.179222,-0.376897276,-0.00242162376,108.989222,0.252
94193.183391,-0.380593144,-0.00209228642,109.888129,0.252
94193.187559,-0.386686989,0.00211749893,130.907078,0.252
94193.191727,-0.390289501,0.00116971213,132.11738,0.252
94193.195896,-0.398555186,-0.00850009617,247.202514,0.252
94193.200064,-0.394692318,0.00360520321,223.823185,0.252
94193.204233,-0.397583123,0.00465702851,244.44111,0.252
94193.208401,-0.400263262,2.9047561e-05,224.286283,0.252
94193.212569,-0.405457963,-0.0032748783,219.522229,0.252
94193.216738,-0.410056395,-0.0139628544,184.506295,0.252
94193.220906,-0.409052935,-0.0233520575,184.739263,0.252
94193.225075,-0.414181033,-0.00909809582,152.103735,0.252
94193.229243,-0.418977874,-0.00790234024,154.236638,0.252
94193.233411,-0.429906427,-0.000953529322,155.688674,0.252
94193.237580,-0.427245674,0.00795255069,183.026268,0.252
94193.241748,-0.438667736,0.00133605361,180.524258,0.252
94193.245917,-0.438845591,-0.00692639293,190.917111,0.252
94193.250085,-0.443820815,-0.0186941901,190.428928,0.252
94193.254253,-0.454513058,-0.0250942559,182.530101,0.252
94193.258422,-0.445433785,-0.0130081354,179.243286,0.252
94193.262590,-0.443855333,-0.0146605158,179.649026,0.252
94193.266759,-0.445918067,-0.0154517826,111.46283,0.252
94193.270927,-0.453364109,-0.020037879,110.346479,0.252
94193.275096,-0.464634985,-0.016494768,155.570918,0.252
94193.279264,-0.472539844,-0.01056899,154.04598,0.252
94193.283432,-0.468024627,0.00116255377,159.211661,0.252
94193.287601,-0.469518432,-0.00307941784,212.961221,0.252
94193.291769,-0.476088305,-0.00133416685,213.438627,0.252
94193.295938,-0.47666956,-0.0172349489,95.9668333,0.252
94193.300106,-0.48585226,-0.0312407213,96.1571095,0.252
94193.304274,-0.477998825,-0.0399167226,95.577583,0.252
94193.308443,-0.484924352,-0.0254987387,186.959831,0.252
94193.312611,-0.48730034,-0.0253242848,184.299528,0.252
94193.316780,-0.496347761,-0.00684537908,197.51836,0.252
94193.320948,-0.497955269,-0.00364118948,188.713809,0.252
94193.325116,-0.495790826,-0.0131540324,179.482681,0.252
94193.329285,-0.511087761,-0.0109765656,190.552207,0.252
94193.333453,-0.505616912,0.0023468127,189.385728,0.252
94193.337622,-0.524583865,-0.00119505404,144.26002,0.252
94193.341790,-0.536523584,-0.00642793987,145.932661,0.252
94193.345959,-0.524559435,-0.0133685345,178.909578,0.252
94193.350127,-0.531614252,-0.0182927823,172.59211,0.252
94193.354295,-0.528487552,-0.0166412961,174.169064,0.252
94193.358464,-0.542112373,0.00326989393,60.0611468,0.252
94193.362632,-0.537774113,0.0217884489,60.2425635,0.252
94193.366801,-0.548642171,0.0153233545,169.12625,0.252
94193.370969,-0.555171491,0.0138897566,164.803385,0.252
94193.375137,-0.548246313,0.000750936087,114.723065,0.252
94193.379306,-0.553381823,-0.00950440845,115.285073,0.252
94193.383474,-0.564028544,-0.0187004587,117.223591,0.252
94193.387643,-0.567494567,-0.0191427868,135.732496,0.252
94193.391811,-0.57573675,-0.00119523208,137.900561,0.252
94193.395979,-0.581523022,0.00577097351,88.7779167,0.252
94193.400148,-0.594229084,0.0195567322,88.1726226,0.252
94193.404316,-0.614607571,0.0370854317,85.8854753,0.252
94193.408485,-0.62710735,0.0157160213,130.697427,0.252
94193.412653,-0.624495498,0.0181621987,129.340544,0.252
94193.416822,-0.611906271,0.00221092664,47.5117705,0.252
94193.420990,-0.629356168,-0.0319919811,47.5243279,0.252
94193.425158,-0.633083952,-0.0363408944,47.7139095,0.252
94193.429327,-0.643527459,-0.0036258258,68.7794558,0.252
94193.433495,-0.644057945,-0.0167553174,68.9639741,0.252
94193.437664,-0.641934535,-0.00663474653,55.5579071,0.252
94193.441832,-0.649068755,-0.0015085954,55.6286954,0.252
94193.446000,-0.676861705,-0.0149612213,74.8905665,0.252
94193.450169,-0.66860455,-0.00156855837,74.5090677,0.252
94193.454337,-0.678428576,-0.00484214858,74.5395371,0.252
94193.458506,-0.68210032,-0.00417645584,81.2002648,0.252
94193.462674,-0.691462883,0.015975791,80.4314058,0.252
94193.466842,-0.710980058,-0.00794710612,132.352287,0.252
94193.471011,-0.711607738,-0.0109177743,131.673489,0.252
94193.475179,-0.72430308,-0.0254703682,132.090225,0.252
94193.479348,-0.735379118,-0.0454711757,131.048947,0.252
94193.483516,-0.745707308,-0.0254649939,126.650387,0.252
94193.487685,-0.752848508,-0.0209323666,119.569084,0.252
94193.491853,-0.765965273,-0.0302392587,121.697862,0.252
94193.496021,-0.760464448,-0.0127690116,94.3222576,0.252
94193.500190,-0.76559061,-0.0202392989,93.8654426,0.252
94193.504358,-0.75800017,-0.0289792977,92.4933261,0.252
94193.508527,-0.81378068,-0.0293975185,195.836565,0.252
94193.512695,-0.807281675,-0.0676832697,167.831968,0.252
94193.516863,-0.827057385,-0.0398025442,65.6293787,0.252
94193.521032,-0.824194549,-0.0151239974,66.3216081,0.252
94193.525200,-0.832035382,-0.00704384367,66.4101642,0.252
94193.529369,-0.838016505,-0.00467657869,78.3935183,0.252
94193.533537,-0.841320137,0.017750132,78.1758835,0.252
94193.537705,-0.857218783,0.000242594218,49.1799101,0.252
94193.541874,-0.854393436,-0.00649918299,49.2496164,0.252
94193.546042,-0.881460943,-0.0625908109,36.7193831,0.252
94193.550211,-0.868068856,-0.0927844943,36.7103878,0.252
94193.554379,-0.876329949,-0.102474224,36.5835647,0.252
94193.558548,-0.899451087,-0.00408542604,50.3905443,0.252
94193.562716,-0.898612893,0.0345038962,50.6362958,0.252
94193.566884,-0.874765855,0.0165071041,65.3777758,0.252
94193.571053,-0.900477873,0.00483728669,65.5465247,0.252
94193.575221,-0.901788438,-0.0453239701,65.7912724,0.252
94193.579390,-0.924369078,-0.0758374178,55.8651287,0.252
94193.583558,-0.911338403,-0.0850550827,55.6655715,0.252
94193.587726,-0.930499101,-0.0323028074,41.4389728,0.252
94193.591895,-0.925084073,0.00552462121,41.6014108,0.252
94193.598147,-0.963062066,0.0139854266,50.2598322,0.252
94193.604400,-0.941581375,0.0757692281,52.6156977,0.252
94193.608568,-0.943668872,-0.00445990576,38.566874,0.252
94193.612737,-0.998809616,-0.0740293668,38.5007705,0.252
94193.616905,-0.99524413,-0.0533258237,58.1693984,0.252
94193.621074,-0.951915334,-0.0233381567,59.099528,0.252
94193.625242,-0.978677445,-0.0163782668,59.6711613,0.252
94193.629411,-0.959533586,-0.0136256734,165.006683,0.252
94193.633579,-0.968849336,-0.0314165559,153.95001,0.252
94193.637747,-1.02127127,-0.0246600595,44.8739903,0.252
94193.641916,-1.02153476,-0.0317978058,45.0774978,0.252
94193.646084,-0.94881652,-0.001976318,97.6286277,0.252
94193.650253,-0.984884356,0.00189653985,98.1508837,0.252
94193.654421,-1.01135629,-0.00777965649,95.9883823,0.252
94193.658589,-1.02528464,-0.00512934463,85.4335586,0.252
94193.662758,-1.01949612,0.00229195298,85.7572038,0.252
94193.666926,-0.970257656,-0.00374963404,77.0051327,0.252
94193.671095,-1.02603805,0.0100455412,75.3619621,0.252
94193.675263,-1.04474,-0.0327744625,74.1907778,0.252
94193.679431,-1.07801757,-0.0677652845,43.1569808,0.252
94193.683600,-1.05908598,-0.0495117145,43.2369149,0.252
94193.687768,-0.990966098,0.0247896857,28.3098312,0.252
94193.691937,-1.03178747,0.000701908843,28.3997648,0.252
94193.696105,-1.04617841,-0.000639645585,73.655706,0.252
94193.700274,-1.06682105,-0.00610367073,72.4905323,0.252
94193.704442,-1.04850811,-0.0200146447,73.9478284,0.252
94193.708610,-1.08523031,-0.00622203203,125.279646,0.252
94193.712779,-1.04073808,0.0305268102,120.741283,0.252
94193.716947,-1.03789371,-0.0068360998,61.2501455,0.252
94193.721116,-1.06462032,-0.00357173294,61.2229793,0.252
94193.725284,-1.04097981,0.00266864501,61.038689,0.252
94193.729452,-1.0940609,-0.0881536032,116.501961,0.252
94193.733621,-1.06578741,-0.103848632,115.754371,0.252
94193.737789,-1.07605526,0.00480153864,32.3873914,0.252
94193.741958,-1.09552086,0.0349595169,32.4382803,0.252
94193.746126,-1.08773086,0.106096208,32.2286383,0.252
94193.750294,-1.11443072,0.104171834,115.225054,0.252
94193.754463,-1.08805334,0.0583974552,106.292079,0.252
94193.758631,-1.1115013,-0.0516122055,21.8561771,0.252
94193.762800,-1.10849573,-0.0953978771,21.8480715,0.252
94193.766968,-1.09149791,-0.0105873211,67.2142914,0.252
94193.771137,-1.09932334,-0.037355242,66.4627852,0.252
94193.775305,-1.10884878,-0.0274164817,67.2692335,0.252
94193.779473,-1.1265204,0.0167379884,53.8282442,0.252
94193.783642,-1.13206929,0.00119089367,53.6943921,0.252
94193.787810,-1.13323677,0.0732262159,53.6099405,0.252
94193.791979,-1.13291971,0.0168702161,53.9480879,0.252
94193.796147,-1.18036025,0.0163262601,53.1597256,0.252
94193.800315,-1.15922818,0.0431226285,81.5075147,0.252
94193.804484,-1.18080864,0.0395661567,80.4995271,0.252
94193.808652,-1.13061568,0.0282968036,49.9019452,0.252
94193.812821,-1.16013844,-0.0366834221,50.4424545,0.252
94193.816989,-1.16023672,-0.000538694928,126.089556,0.252
94193.821157,-1.15448824,-0.0178180675,127.191037,0.252
94193.825326,-1.17233248,-0.00866522506,126.733686,0.252
94193.829494,-1.15374038,0.0732571408,79.1008714,0.252
94193.833663,-1.17046223,0.0259161533,80.5620016,0.252
94193.837831,-1.21311536,-0.00728695447,64.851316,0.252
94193.841999,-1.19895191,-0.0106340806,63.2658165,0.252
94193.846168,-1.19484854,-0.0381211133,63.228313,0.252
94193.850336,-1.20076561,-0.033644212,70.8133055,0.252
94193.854505,-1.18374343,-0.0367313026,71.2780766,0.252
94193.858673,-1.21700316,0.0669706003,30.9952846,0.252
94193.862842,-1.21382411,0.0658517891,30.9633257,0.252
94193.867010,-1.22747401,-0.0203699324,39.8714598,0.252
94193.871178,-1.21959476,0.0313001188,39.4971189,0.252
94193.875347,-1.18472597,0.0118163783,39.551981,0.252
94193.879515,-1.22772223,0.026397742,37.7623328,0.252
94193.883684,-1.20995477,0.000143846582,37.9517577,0.252
94193.887852,-1.21876423,-0.00752133637,45.6736568,0.252
94193.892020,-1.2294584,-0.0498911096,45.8062049,0.252
94193.896189,-1.26201332,-0.117570798,45.6297931,0.252
94193.900357,-1.2638194,-0.0774204416,39.3258334,0.252
94193.904526,-1.24163022,-0.0729534042,39.3910907,0.252
94193.908694,-1.24172764,0.0565581393,17.082702,0.252
94193.912863,-1.21807692,0.097463813,17.0771457,0.252
94193.917031,-1.31817272,0.0247588014,55.0035919,0.252
94193.921199,-1.30983619,0.0528291944,54.5303779,0.252
94193.925368,-1.26095555,0.0480560423,57.3162831,0.252
94193.929536,-1.22992087,0.0408345411,22.7987053,0.252
94193.933705,-1.28015155,0.00164830967,22.6103249,0.252
94193.937873,-1.25985001,-0.0439428093,21.6663092,0.252
94193.942041,-1.29147894,-0.0705043314,21.6476699,0.252
94193.946210,-1.26347043,-0.151390929,21.5916615,0.252
94193.950378,-1.26215361,-0.0817268933,80.9177832,0.252
94193.954547,-1.35179772,-0.121856246,79.9651768,0.252
94193.958715,-1.29557775,0.0346838532,17.1322822,0.252
94193.962883,-1.34774839,0.09053951,17.1948595,0.252
94193.967052,-1.31782533,-0.00315504135,56.8568939,0.252
94193.971220,-1.26041875,0.00660607821,57.2591331,0.252
94193.975389,-1.28028154,0.0530002442,54.6418355,0.252
94193.979557,-1.25468458,0.0739570893,72.0379491,0.252
94193.983725,-1.32387629,-0.00638594834,71.2867106,0.252
94193.987894,-1.41109455,-0.0264900232,33.8774949,0.252
94193.992062,-1.33553425,-0.0422158732,33.5705811,0.252
94193.996231,-1.35461596,0.00251633573,33.6075397,0.252
94194.000399,-1.32325907,-0.00210995773,64.1478037,0.252
94194.004568,-1.29242549,-0.028728587,62.8516804,0.252
94194.008736,-1.3690336,-0.0210738187,91.571286,0.252
94194.012904,-1.30926351,-0.0298324981,88.0701929,0.252
94194.017073,-1.32215587,0.0128161195,60.395544,0.252
94194.021241,-1.31783784,0.0475769145,59.7687627,0.252
94194.025410,-1.29955316,-0.0295433018,58.6179107,0.252
94194.029578,-1.3315717,-0.043655874,51.5368993,0.252
94194.033746,-1.38225926,0.0125656916,53.4226236,0.252
94194.037915,-1.36790959,0.0589975514,26.8928047,0.252
94194.042083,-1.43938847,0.125188456,26.8641805,0.252
94194.046252,-1.32771148,0.151288205,26.8179894,0.252
94194.050420,-1.33281777,-0.0705922285,21.60256,0.252
94194.054588,-1.34482317,-0.108632124,21.5509769,0.252
94194.058757,-1.32832959,0.0211243706,44.8970777,0.252
94194.062925,-1.35356347,0.0781517347,44.9963814,0.252
94194.067094,-1.37462641,0.021511512,97.0976521,0.252
94194.071262,-1.38522569,0.0883522323,99.112349,0.252
94194.075431,-1.37048447,0.108916789,99.8824484,0.252
94194.079599,-1.33071712,-0.0590898465,26.6437326,0.252
94194.083767,-1.30726368,-0.0358969163,26.5818143,0.252
94194.087936,-1.33649684,-0.0146659303,32.2040753,0.252
94194.092104,-1.31287024,0.0220313901,32.5933664,0.252
94194.096273,-1.34018056,0.0703694756,32.5159162,0.252
94194.100441,-1.38361871,-0.0194509694,28.1335212,0.252
94194.104609,-1.36539178,0.00459844644,28.1481248,0.252
94194.108778,-1.36151292,0.0324392427,30.3005864,0.252
94194.112946,-1.38188521,0.0872640912,30.2688246,0.252
94194.117115,-1.37222016,0.129561031,30.1934582,0.252
94194.121283,-1.3427789,0.084676201,72.6187143,0.252
94194.125451,-1.32410298,0.112026039,74.5621282,0.252
94194.129620,-1.33430647,0.00520074503,18.3137426,0.252
94194.133788,-1.32560556,-0.0238197386,18.2756324,0.252
94194.137957,-1.34516105,0.0168975369,44.587385,0.252
94194.142125,-1.33747997,-0.0198123426,44.6767151,0.252
94194.146294,-1.34339394,-0.0373551664,44.566954,0.252
94194.150462,-1.35171211,0.0195370322,56.3195267,0.252
94194.154630,-1.31560721,0.03925835,56.0331423,0.252
94194.158799,-1.35705793,0.0192793027,65.5558454,0.252
94194.162967,-1.28914718,0.0671734589,64.4912846,0.252
94194.167136,-1.25103686,0.0749872305,64.7749381,0.252
94194.171304,-1.34558604,-0.0321668023,41.9421826,0.252
94194.175472,-1.37562932,-0.0280862342,42.4190901,0.252
94194.179641,-1.34172106,0.0728329729,17.6588995,0.252
94194.183809,-1.43472169,0.0644815902,17.666846,0.252
94194.187978,-1.25930471,0.0780739964,36.3076039,0.252
94194.192146,-1.35127933,0.0836648337,36.1314785,0.252
94194.196314,-1.29673815,0.123027954,36.4511173,0.252
94194.200483,-1.3184945,0.0426795039,33.1260984,0.252
94194.204651,-1.33499056,0.0200151831,33.2407255,0.252
94194.208820,-1.28713343,0.0203830326,32.6376635,0.252
94194.212988,-1.30094309,-0.0120518465,32.8737037,0.252
94194.217157,-1.2855196,-0.0396206589,33.0880039,0.252
94194.221325,-1.28805324,0.0104401932,122.589716,0.252
94194.225493,-1.27765481,0.01950176,119.856805,0.252
94194.229662,-1.28710871,0.0377992459,54.2297183,0.252
94194.233830,-1.25527608,0.0655495808,53.9686345,0.252
94194.237999,-1.3217605,-0.0241973048,44.8853798,0.252
94194.242167,-1.31779178,-0.0749729114,44.6505965,0.252
94194.246335,-1.28946424,-0.0460052911,44.7432975,0.252
94194.250504,-1.2824638,0.0820672561,24.4022278,0.252
94194.254672,-1.27682391,0.134920885,24.2559889,0.252
94194.258841,-1.31385537,0.0733779648,43.6098613,0.252
94194.263009,-1.28514032,0.105305034,44.4011483,0.252
94194.267177,-1.24621082,0.0366760268,44.2038284,0.252
94194.271346,-1.23412493,-0.096040203,21.2105758,0.252
94194.275514,-1.24254991,-0.131950272,21.190683,0.252
94194.279683,-1.27225486,0.0281142284,24.4509971,0.252
94194.283851,-1.32470937,-0.000444485816,24.3018249,0.252
94194.288019,-1.2726036,0.0577024311,47.978931,0.252
94194.292188,-1.30647715,0.0473683515,47.2371133,0.252
94194.296356,-1.25291059,0.0346793278,48.2030583,0.252
94194.300525,-1.25602064,0.0554843827,48.3348963,0.252
94194.304693,-1.22456487,-0.0133664643,49.9085721,0.252
94194.308862,-1.24022262,0.0324532513,63.3110802,0.252
94194.313030,-1.2423559,0.066481172,60.7503312,0.252
94194.317198,-1.23400245,0.00365660505,62.9360953,0.252
94194.321367,-1.21469905,-0.00275957133,36.034468,0.252
94194.325535,-1.23222988,-0.0643003364,36.2171906,0.252
94194.329704,-1.20922645,0.0109519998,84.0116451,0.252
94194.333872,-1.23119371,0.0189801069,83.6396862,0.252
94194.338040,-1.24879443,0.0552425783,75.8988304,0.252
94194.342209,-1.16184486,0.0316945922,76.0147099,0.252
94194.346377,-1.25742342,-0.0367560751,73.5229196,0.252
94194.350546,-1.19508668,0.0173284574,74.2217828,0.252
94194.354714,-1.21321257,0.015246943,74.6566464,0.252
94194.358882,-1.21435351,0.00810070125,92.6619679,0.252
94194.363051,-1.19108105,0.0404652388,91.1128893,0.252
94194.367219,-1.19596641,0.0431604597,91.8754143,0.252
94194.371388,-1.18029111,0.0289867462,115.331589,0.252
94194.375556,-1.2125359,0.0279126089,116.399145,0.252
94194.379725,-1.17515994,0.0527028729,68.4958105,0.252
94194.383893,-1.19157368,0.0411654545,69.6821826,0.252
94194.388061,-1.15739111,0.0158770093,53.1828621,0.252
94194.392230,-1.19133481,-0.0511124595,53.4272804,0.252
94194.396398,-1.1732256,-0.0660949826,53.3420903,0.252
94194.400567,-1.158938,-0.013390892,37.3251251,0.252
94194.404735,-1.19227182,0.0326610776,37.949657,0.252
94194.408903,-1.17611242,0.0451345094,59.6817097,0.252
94194.413072,-1.15587149,0.0452331165,60.3504651,0.252
94194.417240,-1.13840181,0.0493493641,61.1303425,0.252
94194.421409,-1.11359313,0.0398319983,125.8144,0.252
94194.425577,-1.10935979,0.0175315824,123.074562,0.252
94194.429745,-1.14966914,0.0356911093,71.6970734,0.252
94194.433914,-1.14187954,0.00434431272,74.315726,0.252
94194.438082,-1.12596128,-0.0441420203,93.6573386,0.252
94194.442251,-1.10010286,-0.0380110175,96.1723331,0.252
94194.446419,-1.09279077,-0.0519565295,97.9503194,0.252
94194.450587,-1.09237851,0.0294689781,31.8143946,0.252
94194.454756,-1.1409491,0.0538732293,31.6971174,0.252
94194.458924,-1.12899855,0.00591584187,65.641061,0.252
94194.463093,-1.09227364,0.00744785694,65.1959081,0.252
94194.467261,-1.10632774,0.0545566486,64.078821,0.252
94194.471430,-1.04410904,-0.0245627225,49.4212707,0.252
94194.475598,-1.00224432,-0.0433459015,48.918453,0.252
94194.479766,-1.0931353,-0.00610772636,42.0662061,0.252
94194.483935,-1.12405863,-0.0815380915,41.612161,0.252
94194.488103,-1.04954781,-0.0797019398,42.0130526,0.252
94194.492272,-1.11663408,0.0240111168,31.3045069,0.252
94194.496440,-1.09390878,-0.00288804877,31.1666705,0.252
94194.500608,-1.00745315,0.0836213176,90.8672054,0.252
94194.504777,-1.05423189,0.112094334,95.9420303,0.252
94194.508945,-1.02631171,-0.097038397,22.9629921,0.252
94194.513114,-1.03473808,-0.0685822826,22.9441045,0.252
94194.517282,-1.02301155,-0.0877194699,22.9864029,0.252
94194.521450,-0.995739812,-0.0308375957,139.401969,0.252
94194.525619,-0.991750155,-0.0311073119,148.695888,0.252
94194.529787,-0.980194083,-0.0437761515,57.3582033,0.252
94194.533956,-0.953787688,-0.0368340339,56.8179201,0.252
94194.538124,-0.95911841,-0.0498349929,56.6790021,0.252
94194.542293,-0.977534313,-0.0386362054,27.7913456,0.252
94194.546461,-0.983638138,-0.0237107203,27.8209838,0.252
94194.550629,-0.97087492,-0.00974691086,36.9354701,0.252
94194.554798,-0.956492562,0.0122520242,36.8734191,0.252
94194.558966,-0.945068502,-0.0201127915,38.2922382,0.252
94194.563135,-0.944498802,-0.0223669088,38.2277376,0.252
94194.567303,-0.935569418,-0.0345229554,38.1569792,0.252
94194.571471,-0.912819222,-0.048648446,40.2353238,0.252
94194.575640,-0.897179424,-0.0736140571,40.3904017,0.252
94194.579808,-0.902959939,-0.0724546342,57.9837713,0.252
94194.583977,-0.906080733,-0.0728703811,56.8548058,0.252
94194.588145,-0.896618916,-0.082171262,57.4049397,0.252
94194.592313,-0.871968978,-0.0395334791,60.8514552,0.252
94194.596482,-0.866206023,-0.038236407,61.5224794,0.252
94194.600650,-0.885855085,-0.0520895227,55.6226857,0.252
94194.604819,-0.870827302,-0.0300316176,55.9089978,0.252
94194.608987,-0.828298864,-0.0238117928,188.365869,0.252
94194.613156,-0.819408908,-0.0237346884,193.915822,0.252
94194.617324,-0.8075386,-0.0373808822,186.033447,0.252
94194.621492,-0.828970764,-0.0458318345,52.8087314,0.252
94194.625661,-0.819700464,-0.04739504,52.7897012,0.252
94194.629829,-0.799487839,-0.0510399489,57.4410329,0.252
94194.633998,-0.795496135,-0.0658111327,57.2592835,0.252
94194.638166,-0.820447084,-0.0642329158,57.6328204,0.252
94194.642334,-0.802649625,-0.0386596157,142.052492,0.252
94194.646503,-0.784201348,0.00777916751,153.441403,0.252
94194.650671,-0.767616935,-0.0233127641,59.6771765,0.252
94194.654840,-0.754395726,-0.00941631819,59.1960521,0.252
94194.659008,-0.747190619,-0.0362242533,44.1135093,0.252
94194.663176,-0.735691289,-0.0656673357,44.1667864,0.252
94194.667345,-0.720857389,-0.0760806922,44.2605634,0.252
94194.671513,-0.719844315,-0.0351331527,127.325386,0.252
94194.675682,-0.738045365,-0.0638420465,117.710309,0.252
94194.679850,-0.749391758,-0.0462706807,52.2141751,0.252
94194.684019,-0.729108544,-0.0137468185,53.1787567,0.252
94194.688187,-0.742247299,-0.00239535184,53.1844191,0.252
94194.692355,-0.693397261,0.0124037986,49.9111087,0.252
94194.696524,-0.697507575,0.0648030472,49.6837598,0.252
94194.700692,-0.685798513,-0.000282091072,34.1472976,0.252
94194.704861,-0.673676106,-0.0108528906,34.2142046,0.252
94194.709029,-0.677821807,-0.0185305201,36.5161419,0.252
94194.713197,-0.671686834,-0.0856862046,36.4684439,0.252
94194.717366,-0.672272766,-0.0931416705,36.3566237,0.252
94194.721534,-0.661607249,-0.04755231,39.1545995,0.252
94194.725703,-0.672588509,-0.0570712663,39.1022006,0.252
94194.729871,-0.63906085,-0.00468438492,27.8433344,0.252
94194.734039,-0.644393845,0.00567946881,27.8687487,0.252
94194.738208,-0.63075855,0.0230820413,27.8905523,0.252
94194.742376,-0.660437237,0.0252425629,62.0060103,0.252
94194.746545,-0.705782989,0.0103129498,61.6703986,0.252
94194.750713,-0.694590114,-0.00151854044,58.7455571,0.252
94194.754882,-0.655402528,0.0114144442,58.6446827,0.252
94194.759050,-0.618032138,-0.016227697,18.0494753,0.252
94194.763218,-0.626595721,-0.0181528738,18.0551662,0.252
94194.767387,-0.593194608,-0.0148555916,18.0515035,0.252
94194.771555,-0.642192692,-0.0134821499,29.5991115,0.252
94194.775724,-0.614085085,-0.0462284663,29.5907548,0.252
94194.779892,-0.631864879,-0.0308850227,51.2027519,0.252
94194.784060,-0.620443993,-0.0334695348,51.2516412,0.252
94194.788229,-0.607037159,-0.0577238372,50.8575274,0.252
94194.792397,-0.601296954,-0.0255930688,35.9757631,0.252
94194.796566,-0.592676296,-0.0110350098,36.0504017,0.252
94194.800734,-0.630800896,0.00299733368,39.0094695,0.252
94194.804902,-0.641187155,0.04316441,39.085556,0.252
94194.809071,-0.618167181,0.0269368878,62.0986811,0.252
94194.813239,-0.616135002,0.0371308922,61.7336206,0.252
94194.817408,-0.585169186,0.0592104319,61.5128497,0.252
94194.821576,-0.58846331,0.0142027123,29.4453458,0.252
94194.825745,-0.584084325,-0.00693069713,29.5749146,0.252
94194.829913,-0.598821015,0.00210166557,74.8591707,0.252
94194.834081,-0.610754538,-0.0565189153,74.2853587,0.252
94194.838250,-0.601219323,-0.0870349955,73.7854937,0.252
94194.842418,-0.611695515,-0.0221691064,37.9463278,0.252
94194.846587,-0.601537722,-0.00197861129,38.0826593,0.252
94194.850755,-0.58854398,0.0449060858,27.775927,0.252
94194.854923,-0.608951942,0.0697868415,27.7536463,0.252
94194.859092,-0.577888153,0.0994084545,27.7566994,0.252
94194.863260,-0.567193253,0.0598973339,93.5981205,0.252
94194.867429,-0.564790023,0.0539493257,94.6364677,0.252
94194.871597,-0.576897026,0.00572331373,45.3689847,0.252
94194.875765,-0.57121812,-0.0162882295,45.5245659,0.252
94194.879934,-0.578685974,-0.0051350777,117.435909,0.252
94194.884102,-0.551243851,-0.0201378293,117.429102,0.252
94194.888271,-0.565603679,-0.0242597609,118.132327,0.252
94194.892439,-0.567868652,0.0304119762,69.7240297,0.252
94194.896607,-0.564672154,0.0252434534,69.2984679,0.252
94194.900776,-0.594117285,0.0170187606,66.7081001,0.252
94194.904944,-0.559207936,0.0321329646,66.6143488,0.252
94194.909113,-0.589995202,0.0316938174,66.3597864,0.252
94194.913281,-0.565289952,0.0284839395,180.429307,0.252
94194.917450,-0.556490406,0.0332947248,181.254148,0.252
94194.921618,-0.548593647,0.033264115,83.3878099,0.252
94194.925786,-0.540896451,0.0126432434,84.6690075,0.252
94194.929955,-0.55176834,0.00798407916,175.367808,0.252
94194.934123,-0.539832787,-0.00300877586,171.890996,0.252
94194.938292,-0.550540156,-0.0143317009,167.174916,0.252
94194.942460,-0.556655658,0.0304838245,43.6532238,0.252
94194.946628,-0.541169179,0.038538426,43.7082287,0.252
94194.950797,-0.540861547,0.0454720001,66.1570336,0.252
94194.954965,-0.54178598,0.0489757196,65.9207551,0.252
94194.959134,-0.562331691,0.0574181582,65.5942746,0.252
94194.963302,-0.558145679,0.0566233161,141.486249,0.252
94194.967470,-0.558965973,0.0308072542,148.279241,0.252
94194.971639,-0.530980428,0.0460874566,83.7912603,0.252
94194.975807,-0.538786453,0.0447412772,83.9599588,0.252
94194.979976,-0.523211763,0.027020105,58.3201812,0.252
94194.984144,-0.521434719,0.0521801684,58.005263,0.252
94194.988313,-0.5151791,0.0233304698,58.4359914,0.252
94194.992481,-0.525447519,0.0241024443,83.8771284,0.252
94194.996649,-0.51657516,0.010423802,83.5494448,0.252
94195.000818,-0.529816334,0.0150846342,115.201006,0.252
94195.004986,-0.521981072,0.00953608951,114.723074,0.252
94195.009155,-0.528119355,0.00772895965,115.562945,0.252
94195.013323,-0.515131273,0.0404657673,37.2937064,0.252
94195.017491,-0.532159791,0.0557709708,37.2634464,0.252
94195.021660,-0.525034613,0.0516806943,55.6836448,0.252
94195.025828,-0.513744135,0.0852429508,55.6958499,0.252
94195.029997,-0.514942269,0.0579333476,94.3091587,0.252
94195.034165,-0.508181453,0.0647880962,94.5141002,0.252
94195.038334,-0.501681596,0.0658298098,94.5982144,0.252
94195.042502,-0.499105701,0.0486525223,60.2748094,0.252
94195.046670,-0.486737889,0.0385660416,60.0161175,0.252
94195.050839,-0.505318927,0.0215305567,80.1623517,0.252
94195.055007,-0.491430524,-0.0135122691,80.9697971,0.252
94195.059175,-0.502026674,-0.0293253751,80.1240731,0.252
94195.063344,-0.497134258,0.0215330058,39.9989407,0.252
94195.067512,-0.507266144,0.0210411134,39.8705636,0.252
94195.071681,-0.494941407,0.0556270636,36.5713869,0.252
94195.075849,-0.488348587,0.071994353,36.4358988,0.252
94195.080018,-0.493647104,0.0537913742,149.199348,0.252
94195.084186,-0.478788079,0.0669765889,143.846732,0.252
94195.088354,-0.485943474,0.0574455555,150.207508,0.252
94195.092523,-0.494038873,0.027695009,72.0263519,0.252
94195.096691,-0.492577119,0.0231377173,72.1398052,0.252
94195.100860,-0.476728101,0.0225653014,72.3949285,0.252
94195.105028,-0.476792638,0.0234945709,72.5404077,0.252
94195.109196,-0.476924715,0.0157571325,72.7154101,0.252
94195.113365,-0.479255983,0.0069649043,104.613374,0.252
94195.117533,-0.486441485,-0.00682241378,106.708828,0.252
94195.121702,-0.494206912,0.0146490464,109.011321,0.252
94195.125870,-0.480172572,0.0170968812,106.930874,0.252
94195.130039,-0.48473308,0.0240042468,67.9619013,0.252
94195.134207,-0.483037801,0.0410652755,67.5339664,0.252
94195.138375,-0.484487131,0.0655157776,66.9759619,0.252
94195.142544,-0.497263946,0.0497468916,144.792242,0.252
94195.146712,-0.496357286,0.0558403583,148.854306,0.252
94195.150881,-0.482669388,0.0381076419,52.9282734,0.252
94195.155049,-0.495648187,0.0192020354,53.160981,0.252
94195.159217,-0.483659081,0.0133902423,53.0445118,0.252
94195.163386,-0.49110257,0.00415718882,80.3164009,0.252
94195.167554,-0.488412559,-0.00772153673,80.5432258,0.252
94195.171723,-0.502379995,0.022713503,59.1832499,0.252
94195.175891,-0.500987444,0.0246665945,59.0985039,0.252
94195.180059,-0.508714771,0.0419965481,59.3134941,0.252
94195.184228,-0.508474438,0.0477092753,58.6242735,0.252
94195.188396,-0.513208097,0.062914728,58.6043461,0.252
94195.192565,-0.510378094,0.0490131033,80.729235,0.252
94195.196733,-0.514734916,0.0440523568,81.4957593,0.252
94195.200902,-0.512839325,0.0386573322,59.250003,0.252
94195.205070,-0.518032776,0.0315540751,59.3184505,0.252
94195.209238,-0.521525173,0.0238749979,59.2919746,0.252
94195.213407,-0.519404608,0.0244252716,70.5263179,0.252
94195.217575,-0.528121366,0.0127166724,70.5005685,0.252
94195.221744,-0.534381334,0.0351250328,99.9686819,0.252
94195.225912,-0.532418415,0.0344772683,99.0561045,0.252
94195.230080,-0.543362534,0.023880282,100.085274,0.252
94195.234249,-0.529657604,0.0183008097,88.3448333,0.252
94195.238417,-0.540461163,0.034873944,88.0040531,0.252
94195.242586,-0.552466627,0.0393742088,87.0935977,0.252
94195.246754,-0.55393503,0.0422472896,87.1835385,0.252
94195.250922,-0.548024404,0.0384671555,155.337198,0.252
94195.255091,-0.553277004,0.0429847279,153.633214,0.252
94195.259259,-0.558682493,0.048282914,152.01463,0.252
94195.263428,-0.553154831,0.0297728438,122.551301,0.252
94195.267596,-0.560117933,0.0315741833,120.572037,0.252
94195.271765,-0.567630646,0.0191938997,147.547497,0.252
94195.275933,-0.561229333,0.026175475,146.450239,0.252
94195.280101,-0.561557442,0.0307415397,144.857578,0.252
94195.284270,-0.577820886,0.0194245551,172.744677,0.252
94195.288438,-0.568437875,0.00908443777,173.200605,0.252
94195.292607,-0.600588498,0.0285300977,118.803506,0.252
94195.296775,-0.582183825,0.0313333105,122.498501,0.252
94195.300943,-0.601915923,0.0382568661,166.555403,0.252
94195.305112,-0.589896813,0.0492488445,166.357907,0.252
94195.309280,-0.587581388,0.0502138578,177.215256,0.252
94195.313449,-0.589801756,0.0356646917,89.061579,0.252
94195.317617,-0.585609176,0.02995458,89.0462499,0.252
94195.321785,-0.614731199,0.024440268,180.795401,0.252
94195.325954,-0.613009021,0.00593507009,185.361152,0.252
94195.330122,-0.626853615,0.00855515352,181.656513,0.252
94195.334291,-0.610730438,0.0348932398,87.7450948,0.252
94195.338459,-0.6046633,0.0468941142,88.218669,0.252
94195.342627,-0.623285604,0.0545541532,108.601252,0.252
94195.346796,-0.62433112,0.0636468651,105.990615,0.252
94195.350964,-0.624415975,0.0492979882,80.1110312,0.252
94195.355133,-0.634378181,0.0598891519,80.9229958,0.252
94195.359301,-0.621104186,0.0389503491,80.9173472,0.252
94195.363470,-0.624015912,0.0240124962,62.4022838,0.252
94195.367638,-0.621171283,-0.000531993393,62.3082497,0.252
94195.371806,-0.636507553,0.00125709189,85.5792458,0.252
94195.375975,-0.656638833,-0.00226124415,86.093657,0.252
94195.380143,-0.651754541,-0.00774444766,85.5871415,0.252
94195.384312,-0.679282818,0.0708740441,30.5305149,0.252
94195.388480,-0.690977427,0.0910241356,30.489489,0.252
94195.392648,-0.648005864,0.0505108626,63.0797624,0.252
94195.396817,-0.647445939,0.0866427899,63.193889,0.252
94195.400985,-0.664752291,0.0499038463,35.5827421,0.252
94195.405154,-0.653991327,0.0450460118,35.5637832,0.252
94195.409322,-0.666793877,0.0396364072,35.5920786,0.252
94195.413490,-0.670949765,0.00545433524,39.550391,0.252
94195.417659,-0.657346888,-0.0343252901,39.6608554,0.252
94195.421827,-0.665773788,0.00100132223,65.8044521,0.252
94195.425996,-0.67500819,-0.0190061737,65.4884425,0.252
94195.430164,-0.686439854,-0.0113731316,65.98281,0.252
94195.434333,-0.692462634,0.0668944425,25.1873229,0.252
94195.438501,-0.716057112,0.092198163,25.1620704,0.252
94195.442669,-0.689654319,0.0686712775,154.122813,0.252
94195.446838,-0.684781808,0.0754460174,156.206828,0.252
94195.451006,-0.678595899,0.0422608154,85.2493664,0.252
94195.455175,-0.670685053,0.0385273074,84.6971627,0.252
94195.459343,-0.684970591,0.0253047486,85.6472182,0.252
94195.463511,-0.704755662,0.0351650159,105.152797,0.252
94195.467680,-0.710732464,0.0316953885,105.116763,0.252
94195.471848,-0.719082508,0.0337512731,98.9348645,0.252
94195.476017,-0.718998047,0.029135915,97.7637254,0.252
94195.480185,-0.718586695,0.027018771,99.0749642,0.252
94195.484353,-0.727360056,0.033176833,172.420269,0.252
94195.488522,-0.711754323,0.0162113554,181.793531,0.252
94195.492690,-0.709866232,0.0364289168,66.5101493,0.252
94195.496859,-0.706050132,0.0402991106,66.5790226,0.252
94195.501027,-0.697912244,0.0380212405,78.4265874,0.252
94195.505196,-0.73830026,0.0555819544,76.5725532,0.252
94195.509364,-0.738695977,0.0787697326,75.5347862,0.252
94195.513532,-0.726002784,0.0655311703,91.963465,0.252
94195.517701,-0.730464345,0.0553936887,90.6733457,0.252
94195.521869,-0.703950112,0.0304127259,70.8483633,0.252
94195.526038,-0.71607552,0.0049883762,71.0037211,0.252
94195.530206,-0.737584447,0.0155047547,70.3302216,0.252
94195.534374,-0.731040974,0.0224889471,82.943694,0.252
94195.538543,-0.750514964,-0.00222681463,82.6121528,0.252
94195.542711,-0.724319206,0.0321616375,76.5773019,0.252
94195.546880,-0.742821299,0.0359265976,74.9375146,0.252
94195.551048,-0.752654104,0.0382638398,75.2651835,0.252
94195.555216,-0.739675611,0.0606610777,89.7859027,0.252
94195.559385,-0.755058367,0.0638803844,89.2046795,0.252
94195.563553,-0.742636389,0.0592802274,118.602691,0.252
94195.567722,-0.752001176,0.0535997644,121.740464,0.252
94195.571890,-0.751454432,0.018197592,72.4009683,0.252
94195.576058,-0.72787197,0.00133542829,73.819978,0.252
94195.580227,-0.72977467,-0.0509873346,73.4120208,0.252
94195.584395,-0.764848911,-0.0259783094,69.0715653,0.252
94195.588564,-0.781114833,-0.0161104959,70.304918,0.252
94195.592732,-0.762725017,0.05194796,35.4321104,0.252
94195.596901,-0.783780952,0.0591771584,35.5266845,0.252
94195.601069,-0.780134462,0.0982194561,35.3257688,0.252
94195.605237,-0.747836302,0.0631022359,73.3809278,0.252
94195.609406,-0.754651632,0.0563215394,73.2754303,0.252
94195.613574,-0.783592328,0.00207051027,44.4244947,0.252
94195.617743,-0.759345418,-0.0403038801,44.3509588,0.252
94195.621911,-0.749878114,-0.0218815552,146.403812,0.252
94195.626079,-0.77268615,-0.0450646394,143.569249,0.252
94195.630248,-0.737186537,-0.0464916537,144.261332,0.252
94195.634416,-0.796506652,0.0308765374,35.8619381,0.252
94195.638585,-0.778479352,0.0539963868,35.7725682,0.252
94195.642753,-0.791412439,0.053670125,83.2196294,0.252
94195.646921,-0.7916262,0.0588758187,83.8048137,0.252
94195.651090,-0.791642988,0.0447663798,82.8034642,0.252
94195.655258,-0.793409238,0.000146840811,40.1506669,0.252
94195.659427,-0.776222383,-0.0449175438,40.1834148,0.252
94195.663595,-0.779022502,-0.00860111132,142.870806,0.252
94195.667764,-0.783498586,-0.0315782946,144.691552,0.252
94195.671932,-0.810498344,-0.0159256888,63.7921677,0.252
94195.676100,-0.77267166,-0.0102886257,63.8611248,0.252
94195.680269,-0.796264165,0.00588359997,64.3757556,0.252
94195.684437,-0.772969061,-0.00471299667,56.8807135,0.252
94195.688606,-0.780414448,0.0375213531,57.5212852,0.252
94195.692774,-0.805005741,0.0024031601,136.846323,0.252
94195.696942,-0.805154912,0.00553246762,136.226315,0.252
94195.701111,-0.79141249,0.0400745661,134.264762,0.252
94195.705279,-0.788418281,0.0199493593,83.5660479,0.252
94195.709448,-0.769910773,0.0741022687,82.8308494,0.252
94195.713616,-0.759009934,-0.00450176575,23.5238005,0.252
94195.717784,-0.738581387,-0.058406007,23.598789,0.252
94195.721953,-0.831443875,-0.0488697769,30.234128,0.252
94195.726121,-0.788946959,-0.102817544,30.3103547,0.252
94195.730290,-0.809932932,-0.0992820979,30.257615,0.252
94195.734458,-0.849137775,-0.0111373601,19.195072,0.252
94195.738626,-0.805779587,0.0326501042,19.1882109,0.252
94195.742795,-0.802046538,0.0440811278,72.0679988,0.252
94195.746963,-0.786514827,0.0845455095,70.9603717,0.252
94195.751132,-0.767724156,0.0969485083,71.0173542,0.252
94195.755300,-0.773448508,0.00191020764,23.8366547,0.252
94195.759469,-0.754362421,-0.0353852515,23.880529,0.252
94195.763637,-0.798063468,-0.0930273256,26.1619189,0.252
94195.767805,-0.755902759,-0.131962912,26.0528672,0.252
94195.771974,-0.767368747,-0.0577719384,33.0894798,0.252
94195.776142,-0.772771657,-0.0499206203,33.0192954,0.252
94195.780311,-0.770669498,-0.0466228017,33.0283764,0.252
94195.784479,-0.769537774,-0.0397086882,33.0891965,0.252
94195.788647,-0.762462334,-0.0211772837,32.9614208,0.252
94195.792816,-0.754111127,-0.0364680847,69.6818581,0.252
94195.796984,-0.761966043,-0.0283422434,69.8946569,0.252
94195.801153,-0.771290018,-0.0239327493,69.924182,0.252
94195.805321,-0.758103522,-0.0146328476,54.3588447,0.252
94195.809489,-0.736415168,0.0381412543,54.1473656,0.252
94195.813658,-0.739528692,-0.033428367,24.2536522,0.252
94195.817826,-0.737633693,-0.0684718735,24.2827392,0.252
94195.821995,-0.751452009,-0.0663416208,30.6217707,0.252
94195.826163,-0.744912562,-0.100611159,30.5524397,0.252
94195.830332,-0.737588719,-0.0934106123,30.5734358,0.252
94195.834500,-0.725957893,-0.049012788,109.280154,0.252
94195.838668,-0.719637574,-0.0801644452,108.845576,0.252
94195.842837,-0.726489581,-0.0480349676,48.9324814,0.252
94195.847005,-0.701223549,-0.0345731434,48.8663527,0.252
94195.851174,-0.717791085,-0.0399117695,48.5465242,0.252
94195.855342,-0.722142733,-0.000908908389,37.5629797,0.252
94195.859510,-0.710068388,0.0203840314,37.6167824,0.252
94195.863679,-0.705474206,-0.0250699106,115.266414,0.252
94195.867847,-0.696297549,-0.0154744796,115.870503,0.252
94195.872016,-0.68720845,-0.0234535414,95.8729721,0.252
94195.876184,-0.687692389,-0.0297027079,95.9411251,0.252
94195.880352,-0.680123473,-0.0247325922,95.4697219,0.252
94195.884521,-0.676155701,-0.0222122156,75.5861222,0.252
94195.888689,-0.668254027,-0.0230108352,75.3791746,0.252
94195.892858,-0.666565531,-0.0250542399,71.4504494,0.252
94195.897026,-0.666904065,-0.0402534799,71.4935823,0.252
94195.901195,-0.64940861,-0.0470718826,71.2312064,0.252
94195.905363,-0.659305203,-0.038483019,89.4924883,0.252
94195.909531,-0.671685817,-0.0525005817,89.4022053,0.252
94195.913700,-0.668915858,-0.029421785,70.4686343,0.252
94195.917868,-0.648363078,-0.0103234775,70.2312411,0.252
94195.922037,-0.641456217,-0.00804215349,70.576863,0.252
94195.926205,-0.61476539,-0.0134059671,112.807996,0.252
94195.930373,-0.633874145,-0.0235522354,114.145992,0.252
94195.934542,-0.639245222,-0.0188168275,106.477706,0.252
94195.938710,-0.621574822,-0.0136665772,108.131951,0.252
94195.942879,-0.603037508,-0.0109118052,112.10758,0.252
94195.947047,-0.593986452,-0.012824682,111.653349,0.252
94195.951215,-0.592194591,-0.0137613475,112.825977,0.252
94195.955384,-0.588970715,-0.0190316381,93.7010135,0.252
94195.959552,-0.578330848,-0.0230293446,93.7107778,0.252
94195.963721,-0.581696386,-0.0141248022,98.2598281,0.252
94195.967889,-0.587427712,-0.0305180809,98.6510783,0.252
94195.972058,-0.572579177,-0.0443198511,98.3080285,0.252
94195.976226,-0.56600094,-0.0320215095,90.220436,0.252
94195.980394,-0.558914547,-0.0179709532,90.5829024,0.252
94195.984563,-0.554718488,0.0109448625,75.7363613,0.252
94195.988731,-0.55517356,0.0367703971,76.140687,0.252
94195.992900,-0.552758885,0.00201162089,84.7709044,0.252
94195.997068,-0.530844867,-0.000311062449,84.9822622,0.252
94196.001236,-0.524240658,-0.00995465102,84.756094,0.252
94196.005405,-0.521485993,-0.0214332892,161.447833,0.252
94196.009573,-0.520274091,-0.0292338081,162.134108,0.252
94196.013742,-0.514996681,-0.00988956183,102.821435,0.252
94196.017910,-0.505456411,-0.0115395461,102.398007,0.252
94196.022078,-0.499529268,-0.00281797853,102.086889,0.252
94196.026247,-0.488535658,0.016509003,85.7558954,0.252
94196.030415,-0.490488801,0.0212635565,86.2523302,0.252
94196.034584,-0.48636996,0.00850944541,160.324534,0.252
94196.038752,-0.47707205,0.00812807845,162.064075,0.252
94196.042921,-0.472481125,-0.0146726362,187.191936,0.252
94196.047089,-0.47817764,-0.0285920703,179.09495,0.252
94196.051257,-0.474567415,-0.0295218655,181.388208,0.252
94196.055426,-0.465243243,-0.0135930229,151.160466,0.252
94196.059594,-0.455713243,-0.00063194642,151.296583,0.252
94196.063763,-0.446439721,0.00455728406,175.129311,0.252
94196.067931,-0.443056432,0.0141380019,176.166438,0.252
94196.072099,-0.438729117,0.0159187773,174.939211,0.252
94196.076268,-0.438508806,-0.00862569292,90.3294202,0.252
94196.080436,-0.435365192,-0.0185894718,90.5418316,0.252
94196.084605,-0.432131808,-0.0144424686,168.725942,0.252
94196.088773,-0.435506326,-0.0292698715,165.143112,0.252
94196.092941,-0.41929822,-0.0236050203,111.598613,0.252
94196.097110,-0.418114336,-0.0235170279,111.414608,0.252
94196.101278,-0.405881681,-0.0244535919,110.547571,0.252
94196.105447,-0.40289839,-0.0126835771,75.8780853,0.252
94196.109615,-0.397594228,-0.00521932885,75.7428961,0.252
94196.113783,-0.398023872,-0.006494016,190.363205,0.252
94196.117952,-0.392243283,0.00358274226,196.251277,0.252
94196.122120,-0.382639606,0.00830798084,202.02337,0.252
94196.126289,-0.378230146,-0.000620564405,137.504644,0.252
94196.130457,-0.378580708,0.00500725324,135.782466,0.252
94196.134626,-0.377556377,-0.000723475308,81.2506837,0.252
94196.138794,-0.37615545,-0.00860692825,80.8810191,0.252
94196.142962,-0.369005348,-0.0068201974,106.372072,0.252
94196.147131,-0.358553812,-0.025992483,105.65172,0.252
94196.151299,-0.356581981,-0.0349821572,103.924813,0.252
94196.155468,-0.347893515,-0.0117128311,114.561927,0.252
94196.159636,-0.341720654,-0.0177116487,112.480808,0.252
94196.163804,-0.347944747,-0.00172184074,65.4479717,0.252
94196.167973,-0.334751219,0.0065349903,65.8861631,0.252
94196.172141,-0.334855354,0.0104262799,65.59605,0.252
94196.176310,-0.32398217,0.0208588277,102.9932,0.252
94196.180478,-0.317113023,0.0317946014,102.769175,0.252
94196.184646,-0.314779268,0.0116831594,172.557182,0.252
94196.188815,-0.306620951,0.00813352632,172.983041,0.252
94196.192983,-0.299397211,-0.00103819521,110.187806,0.252
94196.197152,-0.295192958,-0.0103372237,110.124601,0.252
94196.201320,-0.28590559,-0.0143102102,111.023577,0.252
94196.205489,-0.288651525,-0.00924954711,131.512627,0.252
94196.209657,-0.281697543,-0.00496486472,132.408226,0.252
94196.213825,-0.274368836,0.00784359755,117.361791,0.252
94196.217994,-0.271922539,0.00813197776,116.235442,0.252
94196.222162,-0.262911552,0.0125484277,117.504548,0.252
94196.226331,-0.255679893,0.00208483795,158.66534,0.252
94196.230499,-0.248906837,-0.00348901068,161.241732,0.252
94196.234667,-0.24507416,0.000318113925,127.454716,0.252
94196.238836,-0.238700453,0.000234136941,126.912886,0.252
94196.243004,-0.23053322,0.0092057593,135.674744,0.252
94196.247173,-0.224011955,0.0117828058,135.086701,0.252
94196.251341,-0.221170028,0.0191948773,134.930031,0.252
94196.255509,-0.214247298,0.0128050961,150.291769,0.252
94196.259678,-0.208361242,0.0170631991,150.174538,0.252
94196.263846,-0.198477932,0.0124259881,166.854771,0.252
94196.268015,-0.194882303,0.0116494355,168.860303,0.252
94196.272183,-0.189541487,0.00545372093,168.542863,0.252
94196.276352,-0.184074433,0.00191737977,215.661348,0.252
94196.280520,-0.177711771,-0.00726349878,217.910695,0.252
94196.284688,-0.169336646,0.00300312518,166.255195,0.252
94196.288857,-0.164921119,0.00333533696,167.18771,0.252
94196.293025,-0.159218515,0.00329823455,168.482439,0.252
94196.297194,-0.153460601,0.00703218002,117.090831,0.252
94196.301362,-0.149389641,0.0106813871,116.421145,0.252
94196.305530,-0.141380746,0.00281550761,210.118069,0.252
94196.309699,-0.135692869,0.00686757718,202.384317,0.252
94196.313867,-0.131641776,-0.00134885148,354.742785,0.252
94196.318036,-0.127780649,0.00130649396,323.922748,0.252
94196.322204,-0.120491419,0.00591827403,333.918491,0.252
94196.326372,-0.116341139,-0.00363816998,184.594903,0.252
94196.330541,-0.110956846,-0.00165866403,183.688761,0.252
94196.334709,-0.105534733,-0.0107011504,138.616461,0.252
94196.338878,-0.100971381,-0.0115820549,137.526478,0.252
94196.343046,-0.095897037,-0.0171068341,137.468763,0.252
94196.347214,-0.0917582881,-0.016316203,188.159528,0.252
94196.351383,-0.0860154169,-0.0173284692,189.065258,0.252
94196.355551,-0.0826619715,-0.0103010292,182.340225,0.252
94196.359720,-0.076234511,-0.00557025773,180.67448,0.252
94196.363888,-0.0720578409,-0.00265077399,163.404056,0.252
94196.368057,-0.0689566646,-0.000873626597,165.538843,0.252
94196.372225,-0.0624463528,-6.20304901e-05,162.676484,0.252
94196.376393,-0.0588709976,-0.00709028319,153.975603,0.252
94196.380562,-0.0552347719,-0.00778499599,156.124158,0.252
94196.384730,-0.0519979664,-0.00842712131,181.513318,0.252
94196.388899,-0.0467807263,-0.00603784439,185.596711,0.252
94196.393067,-0.0435072024,-0.00705439196,186.313697,0.252
94196.397235,-0.0401856175,-0.00430525323,183.835133,0.252
94196.401404,-0.0361103287,-0.00620755874,182.079248,0.252
94196.405572,-0.0332284891,-0.00580199942,182.300132,0.252
94196.409741,-0.0314031857,-0.00530246041,179.996867,0.252
94196.413909,-0.0277019803,-0.00388725479,174.965325,0.252
94196.418077,-0.0234746791,-0.00354584541,181.417016,0.252
94196.422246,-0.0239932173,-0.00109783665,179.116721,0.252
94196.426414,-0.0165899948,-0.00353365311,158.476201,0.252
94196.430583,-0.0166409267,-0.0035160877,159.524597,0.252
94196.434751,-0.0132349459,-0.00501473105,156.563749,0.252
94196.438920,-0.0136780707,-0.00427920987,156.985553,0.252
94196.443088,-0.00991475195,-0.00256951296,154.757866,0.252
94196.447256,-0.00798334839,-0.00683029403,141.8117,0.252
94196.451425,-0.00668373356,-0.00458392772,142.45861,0.252
94196.455593,-0.00280402321,-0.00166932256,125.214459,0.252
94196.459762,-0.00122615964,-4.41738322e-05,125.618029,0.252
94196.463930,0.000905075324,0.000573312269,127.153455,0.252
94196.468098,0.00323992626,0.0004679739,126.954045,0.252
94196.472267,0.00311495246,-0.00113021313,126.840579,0.252
94196.476435,0.00349473622,-0.00174978565,136.722244,0.252
94196.480604,0.00588808984,-0.00245165884,136.247323,0.252
94196.484772,0.00469374489,0.00245258178,118.631447,0.252
94196.488940,0.00362959682,0.00251225957,117.859649,0.252
94196.493109,0.00223494418,0.00308275123,116.875,0.252
94196.497277,0.00134327538,0.00185555766,104.902723,0.252
94196.501446,0.00112918238,0.00528048929,105.024593,0.252
94196.505614,0.00314196793,0.00126085178,86.4259664,0.252
94196.509783,0.0013695865,0.00286121407,86.1135468,0.252
94196.513951,0.0055114195,0.00105045676,73.6088151,0.252
94196.518119,0.00242388664,0.000227359091,73.7270857,0.252
94196.522288,0.00440868943,-0.000280311604,73.5740546,0.252
94196.526456,0.00101790185,-0.00111305362,77.9394395,0.252
94196.530625,0.00195722096,-0.00147330966,77.9450239,0.252
94196.534793,-0.000113680884,-0.00114911758,83.284565,0.252
94196.538961,0.002259488,-0.00248567923,83.2895305,0.252
94196.543130,0.000936368984,-0.000248075476,83.5757933,0.252
94196.547298,0.00177072292,-0.00168951694,93.1001997,0.252
94196.551467,0.00306457416,-0.0013996436,93.2537822,0.252
94196.555635,0.00143690149,-0.000893220206,116.503918,0.252
94196.559803,0.00313952136,-0.00261875735,117.109289,0.252
94196.563972,0.000305097332,-0.000952272751,196.988488,0.252
94196.568140,0.00292044114,-0.00132323236,198.006904,0.252
94196.572309,0.00470639322,-0.00149417116,201.434742,0.252
94196.576477,-0.000120370964,-0.000828775797,567.099335,0.252
94196.580645,0.00150159482,0.000175093658,600.957124,0.252
94196.584814,-0.00206116562,-0.000409348058,505.503843,0.252
94196.588982,-0.000946209894,0.00132670098,510.472025,0.252
94196.593151,0.000234020525,0.00192634007,501.630555,0.252
94196.597319,-0.0015806762,-0.000826241479,238.927241,0.252
94196.601488,0.00046425282,-0.000447873091,235.620518,0.252
94196.605656,0.00313468116,-0.000338904737,217.484078,0.252
94196.609824,0.00194201358,-0.00153559757,215.797898,0.252
94196.613993,0.00196212797,0.00128913736,285.254315,0.252
94196.618161,0.000861818649,0.000234074143,289.996049,0.252
94196.622330,-0.00149589309,0.000656191434,296.724954,0.252
94196.626498,0.000302349151,0.00184070123,362.511923,0.252
94196.630666,-0.000584127919,0.00281010211,371.393667,0.252
94196.634835,0.000634944605,0.000676533659,932.227876,0.252
94196.639003,0.000118937179,0.000571731795,1004.93392,0.252
94196.643172,-0.000509038352,0.000871315924,1079.27544,0.252
94196.647340,0.00136723448,-0.000148533128,740.836547,0.252
94196.651508,0.00120648022,0.000232498905,746.179268,0.252
94196.655677,0.00163247392,-4.75135352e-05,479.34947,0.252
94196.659845,0.00187658654,-0.00033860347,474.610044,0.252
94196.664014,0.00167246814,8.74915995e-05,486.161994,0.252
94196.668182,0.000587684759,-0.00111256228,504.449796,0.252
94196.672351,0.00101804974,-0.00160317702,504.322105,0.252
94196.676519,-0.000352496467,0.00132454086,1037.29758,0.252
94196.680687,-0.00023022328,0.00104678408,1038.60233,0.252
94196.684856,-0.000883006052,0.00325776919,413.458674,0.252
94196.689024,-0.000729796548,0.00287444785,414.095709,0.252
94196.693193,-0.000904159642,0.00238168238,412.533223,0.252
94196.697361,-0.00109320146,0.00151918243,472.815547,0.252
94196.701529,-0.00143915514,0.00173826087,470.901634,0.252
94196.705698,-0.00102704919,-0.000156265875,914.708565,0.252
94196.709866,-0.00119995116,0.000248939165,909.350031,0.252
94196.714035,-0.00120462497,0.000995586939,892.758518,0.252
94196.718203,5.56123267e-05,-0.00258306593,433.984679,0.252
94196.722371,-0.000197047606,-0.00276107206,431.941791,0.252
94196.726540,0.000335989621,-0.00278907,435.807283,0.252
94196.730708,0.000329196421,-0.00312362034,437.958349,0.252
94196.734877,0.000909670601,-0.000804495565,749.006488,0.252
94196.739045,0.000557590242,-0.0010137758,744.901605,0.252
94196.743214,-4.31352232e-05,-0.00120783098,729.150641,0.252
94196.747382,0.000786216156,0.000475770102,499.285839,0.252
94196.751550,-0.000276932921,0.00108482285,486.67615,0.252
94196.755719,-0.00192360443,0.000988789146,478.164645,0.252
94196.759887,-0.00330232199,0.000873654119,475.201945,0.252
94196.764056,-0.00293040605,0.00157379184,463.656298,0.252
94196.768224,-0.00226681776,0.00100852457,588.345947,0.252
94196.772392,-0.00209099247,0.00058941904,615.168969,0.252
94196.776561,-0.00293290072,0.00245442166,727.7493,0.252
94196.780729,-0.00273964006,0.00207988251,764.16534,0.252
94196.784898,-0.00288961265,0.00110811714,934.918418,0.252
94196.789066,-0.00285176662,0.00101851889,970.801733,0.252
94196.793234,-0.00272077896,0.000665043566,968.26643,0.252
94196.797403,-0.00278050516,0.00113858332,806.347714,0.252
94196.801571,-0.00295421178,0.000688146703,828.40031,0.252
94196.805740,-0.00340331801,2.87539981e-05,958.89124,0.252
94196.809908,-0.00359168598,0.000164354038,911.77796,0.252
94196.814076,-0.00401943093,0.00046138609,920.697789,0.252
94196.818245,-0.0045986501,-0.000657562377,834.587199,0.252
94196.822413,-0.00634438739,-0.000460864925,694.293992,0.252
94196.826582,-0.00686732835,-0.0019264082,591.859765,0.252
94196.830750,-0.00897501304,-0.000929383569,558.838081,0.252
94196.834919,-0.00832514141,-0.00119114065,480.416654,0.252
94196.839087,-0.00767612867,-0.000260978573,501.431654,0.252
94196.843255,-0.00834512155,0.000100172022,498.35894,0.252
94196.847424,-0.00944536922,0.000233149859,453.445154,0.252
94196.851592,-0.010992793,-0.000861508235,453.425602,0.252
94196.855761,-0.0104482706,-0.000217092608,409.867797,0.252
94196.859929,-0.0129767994,-0.00149864276,391.776349,0.252
94196.864097,-0.0137959043,-0.0037286636,404.071469,0.252
94196.868266,-0.0129900091,0.000504401745,278.237741,0.252
94196.872434,-0.01305108,-0.000372647953,279.840583,0.252
94196.876603,-0.0165747609,0.000512595469,250.395382,0.252
94196.880771,-0.0160417899,8.26537127e-05,256.060726,0.252
94196.884940,-0.0200440967,-0.00109724688,291.727435,0.252
94196.889108,-0.021426566,0.000448538795,286.879965,0.252
94196.893276,-0.0222924414,0.000134564805,283.905654,0.252
94196.897445,-0.0247614783,-0.000654137923,248.312096,0.252
94196.901613,-0.024093706,0.000870600701,247.085901,0.252
94196.905782,-0.0284340273,-0.00202203934,201.583513,0.252
94196.909950,-0.0296686577,-0.00340227182,202.397677,0.252
94196.914118,-0.0372998592,-0.00280920753,199.370659,0.252
94196.918287,-0.032043298,-0.00298097038,191.296108,0.252
94196.922455,-0.0415040595,-0.00544348842,186.426225,0.252
94196.926624,-0.0405269793,-0.00537166665,172.201263,0.252
94196.930792,-0.0448256995,-0.00596045311,169.912084,0.252
94196.934960,-0.0466469075,-0.0047080006,141.613864,0.252
94196.939129,-0.0507935311,-0.00455148921,137.99925,0.252
94196.943297,-0.0550479264,-0.0032033359,137.854675,0.252
94196.947466,-0.0577444963,-0.00196489155,118.671031,0.252
94196.951634,-0.0628152728,-0.00039431442,119.420735,0.252
94196.955802,-0.0657226738,-0.00130592277,107.440559,0.252
94196.959971,-0.0698936225,0.000474149393,106.828647,0.252
94196.964139,-0.0745492416,-0.000783567217,107.552489,0.252
94196.968308,-0.0783429204,-0.00351300225,92.6009347,0.252
94196.972476,-0.080951573,-0.00384495076,92.5933642,0.252
94196.976645,-0.0860654887,-0.00309664531,89.0291222,0.252
94196.980813,-0.089561371,-0.00442065568,89.3509967,0.252
94196.984981,-0.0947743235,-0.00340175958,89.2356458,0.252
94196.989150,-0.0988429979,-0.00453544863,91.9911571,0.252
94196.993318,-0.104343899,-0.00207545088,92.2085513,0.252
94196.997487,-0.107968554,-0.00401186393,100.082921,0.252
94197.001655,-0.112495512,-0.00582937681,99.7319372,0.252
94197.005823,-0.120397146,-0.00532047943,113.892528,0.252
94197.009992,-0.124433862,-0.00568210115,114.348639,0.252
94197.014160,-0.128240957,-0.0086353713,113.669759,0.252
94197.018329,-0.136441545,-0.00535826854,123.207364,0.252
94197.022497,-0.141365912,-0.00574602006,122.824225,0.252
94197.026665,-0.147237084,-0.00466864424,134.4564,0.252
94197.030834,-0.153094104,-0.0034242224,132.997924,0.252
94197.035002,-0.158751459,-0.00413935787,134.198078,0.252
94197.039171,-0.165338633,-0.00785351571,140.712481,0.252
94197.043339,-0.17025972,-0.00522637752,137.692431,0.252
94197.047508,-0.175682489,-0.00500876496,145.663682,0.252
94197.051676,-0.181872971,-0.00372346073,146.436037,0.252
94197.055844,-0.186630157,-0.00563015835,148.359205,0.252
94197.060013,-0.19069648,-0.00656039557,149.583192,0.252
94197.064181,-0.19437828,-0.00527162971,148.242118,0.252
94197.068350,-0.200411694,-0.00720738485,170.721363,0.252
94197.072518,-0.202832015,-0.00738703471,173.79433,0.252
94197.076686,-0.21083036,-0.00805834599,237.975939,0.252
94197.080855,-0.212815811,-0.00755371439,228.429688,0.252
94197.085023,-0.213679874,-0.00685932284,234.725003,0.252
94197.089192,-0.223422152,-0.00363692943,262.618302,0.252
94197.093360,-0.227425501,-0.0035418597,253.100756,0.252
94197.097528,-0.235583094,-0.00378877488,216.878912,0.252
94197.101697,-0.238186338,-0.0019537947,214.78222,0.252
94197.105865,-0.245959776,-0.00417771769,190.200723,0.252
94197.110034,-0.248354904,-0.000552626396,190.231264,0.252
94197.114202,-0.252969711,-0.00479213022,191.885187,0.252
94197.118370,-0.260807633,-0.00422447433,181.933534,0.252
94197.122539,-0.266430502,-0.00864035607,178.237445,0.252
94197.126707,-0.267672375,-0.0070777327,209.599043,0.252
94197.130876,-0.27333422,-0.00838408484,204.819456,0.252
94197.135044,-0.278849457,-0.0127219656,211.189836,0.252
94197.139213,-0.286849989,-0.0122423898,196.794804,0.252
94197.143381,-0.288909786,-0.00609461844,203.499736,0.252
94197.147549,-0.295945115,-0.0041062966,213.000924,0.252
94197.151718,-0.29919649,-0.00298976317,205.670812,0.252
94197.155886,-0.304132865,-0.00743642197,304.966124,0.252
94197.160055,-0.306899785,-0.00514509777,278.79813,0.252
94197.164223,-0.316426632,-0.00792300163,272.481078,0.252
94197.168391,-0.307923976,-0.0131839857,273.158111,0.252
94197.172560,-0.325724582,-0.00682464693,244.73857,0.252
94197.176728,-0.321273595,-0.0186136077,255.944589,0.252
94197.180897,-0.325868755,-0.00301878158,267.359651,0.252
94197.185065,-0.33579048,0.00175972142,256.798053,0.252
94197.189233,-0.332830232,-0.00683300279,226.099421,0.252
94197.193402,-0.351939591,0.0162232541,221.498359,0.252
94197.197570,-0.337205042,-0.0119561649,141.061321,0.252
94197.201739,-0.356619888,-0.00191971249,137.410385,0.252
94197.205907,-0.352311021,-0.0089224244,201.662987,0.252
94197.210076,-0.355798433,-0.0176740363,203.217531,0.252
94197.214244,-0.369730782,-0.00860258087,204.337451,0.252
94197.218412,-0.349784,-0.0128328776,157.234815,0.252
94197.222581,-0.37256604,0.00246777987,165.259722,0.252
94197.226749,-0.370177418,-0.00837813652,132.49125,0.252
94197.230918,-0.376649926,-0.0125504535,132.870983,0.252
94197.235086,-0.38415152,0.00246799487,134.154739,0.252
94197.239254,-0.386558269,-0.013118204,138.932785,0.252
94197.243423,-0.39263625,0.00770858453,140.327564,0.252
94197.247591,-0.390659696,0.00878749191,273.068857,0.252
94197.251760,-0.399385253,0.00430175778,273.41569,0.252
94197.255928,-0.398411351,-0.00223617525,99.7438944,0.252
94197.260097,-0.397975166,-0.00497764336,101.001439,0.252
94197.264265,-0.399381889,-0.00866349916,100.083533,0.252
94197.268433,-0.409822478,-0.006178158,110.774605,0.252
94197.272602,-0.414239614,-0.0222502371,110.359878,0.252
94197.276770,-0.423186023,-0.013393728,145.944006,0.252
94197.280939,-0.418590833,-0.0140586824,149.022432,0.252
94197.285107,-0.43058903,-0.0197058096,144.514091,0.252
94197.289275,-0.431423763,-0.00440906766,196.643032,0.252
94197.293444,-0.437953273,-0.00588024912,189.38478,0.252
94197.297612,-0.442985,-0.00862365792,164.575886,0.252
94197.301781,-0.439187905,-0.00490590421,163.335795,0.252
94197.305949,-0.441669904,-0.0112863618,158.515593,0.252
94197.310117,-0.439327613,-0.0148897761,164.062582,0.252
94197.314286,-0.442988093,-0.0100709981,167.218759,0.252
94197.318454,-0.450532753,-0.011529241,142.164682,0.252
94197.322623,-0.448675098,0.00654332583,143.495999,0.252
94197.326791,-0.453273169,0.00920759464,190.775406,0.252
94197.330959,-0.465914666,0.00401240238,190.016744,0.252
94197.335128,-0.467699558,0.00673046611,180.24751,0.252
94197.339296,-0.465252826,-0.00901419973,60.3814204,0.252
94197.343465,-0.466758467,-0.0218470035,60.7448123,0.252
94197.347633,-0.454547558,-0.0163760514,122.418361,0.252
94197.351802,-0.465444336,-0.029676891,122.713246,0.252
94197.355970,-0.467678999,-0.0412247127,119.708915,0.252
94197.360138,-0.47308492,-0.0192908842,107.539086,0.252
94197.364307,-0.483974932,-0.0162549326,105.777652,0.252
94197.368475,-0.485222547,-0.00459918445,84.8024537,0.252
94197.372644,-0.492661692,0.00197400377,84.5508796,0.252
94197.376812,-0.491290253,-0.00322726076,150.773946,0.252
94197.380980,-0.492321173,0.000405198805,155.626707,0.252
94197.385149,-0.491160294,0.00177160921,148.987035,0.252
94197.389317,-0.489786727,-0.0118084237,196.210669,0.252
94197.393486,-0.50067426,-0.0138460251,203.245219,0.252
94197.397654,-0.506755699,-0.0211116171,216.553554,0.252
94197.401822,-0.504266025,-0.0137717218,208.137883,0.252
94197.405991,-0.512663373,-0.0171225445,222.062186,0.252
94197.410159,-0.499194884,-0.0160964061,187.16877,0.252
94197.414328,-0.507037164,-0.0120759918,191.999494,0.252
94197.418496,-0.517312704,-0.0261089503,138.741118,0.252
94197.422665,-0.512217055,-0.0383495684,136.737224,0.252
94197.426833,-0.522580266,-0.0217252027,221.711152,0.252
94197.431001,-0.51336608,-0.0193126118,222.081845,0.252
94197.435170,-0.525593999,-0.0175440704,240.194783,0.252
94197.439338,-0.52102872,-0.0147524946,181.177168,0.252
94197.443507,-0.525969806,-0.0194692696,178.529487,0.252
94197.447675,-0.525860394,-0.0223868159,126.723789,0.252
94197.451843,-0.523340249,-0.029069757,124.663285,0.252
94197.456012,-0.52361845,-0.0366525221,126.007309,0.252
94197.460180,-0.536547183,-0.034722548,135.329733,0.252
94197.464349,-0.5457996,-0.0439952475,135.253487,0.252
94197.468517,-0.546691698,-0.0283266442,83.5616019,0.252
94197.472685,-0.539213599,-0.0132284989,83.4924724,0.252
94197.476854,-0.529060145,-0.0120962558,217.810365,0.252
94197.481022,-0.541319162,-0.0107379923,215.439362,0.252
94197.485191,-0.53848644,-0.0026659463,209.340205,0.252
94197.489359,-0.5446282,-0.0223322674,75.9862558,0.252
94197.493527,-0.554526801,-0.0285529302,76.201146,0.252
94197.497696,-0.528321793,-0.0308032679,143.452665,0.252
94197.501864,-0.549454297,-0.0478173391,138.247665,0.252
94197.506033,-0.547905759,-0.0453926292,137.895565,0.252
94197.510201,-0.551354077,-0.0246385242,126.246109,0.252
94197.514370,-0.538072537,-0.0232335239,126.377351,0.252
94197.518538,-0.552480294,-0.0190672443,135.414283,0.252
94197.522706,-0.550940552,-0.0147515109,135.557288,0.252
94197.526875,-0.563922598,-0.0343939587,113.570173,0.252
94197.531043,-0.560632098,-0.0339930224,114.321577,0.252
94197.535212,-0.559210164,-0.0448164898,112.728595,0.252
94197.539380,-0.565972539,-0.0289178585,259.512178,0.252
94197.543548,-0.562736085,-0.0197382999,261.795975,0.252
94197.547717,-0.560057936,-0.0296350489,187.400708,0.252
94197.551885,-0.549534774,-0.0354777333,192.263609,0.252
94197.556054,-0.560512529,-0.0437319079,185.179319,0.252
94197.560222,-0.542690707,-0.0530948662,177.686635,0.252
94197.564390,-0.561407187,-0.0230928598,183.128724,0.252
94197.568559,-0.551537718,-0.0333199171,125.573259,0.252
94197.572727,-0.570899104,-0.0115895034,128.687609,0.252
94197.576896,-0.562441418,-0.0516065732,101.806383,0.252
94197.581064,-0.585010809,-0.0482506521,99.8601631,0.252
94197.585233,-0.562853016,-0.0665103405,98.2588994,0.252
94197.589401,-0.581487808,-0.034138048,138.311222,0.252
94197.593569,-0.564421362,-0.023250671,140.488905,0.252
94197.597738,-0.585583484,-0.0172317588,80.6533193,0.252
94197.601906,-0.55695766,-0.012893177,81.435523,0.252
94197.606075,-0.568196509,-0.0157915385,81.2493708,0.252
94197.610243,-0.56002295,-0.0513543611,44.1179402,0.252
94197.614411,-0.564213911,-0.0650661602,43.9422158,0.252
94197.618580,-0.574583128,-0.0677063094,116.031882,0.252
94197.622748,-0.560635151,-0.0756530306,116.641993,0.252
94197.626917,-0.574042842,-0.0328730897,58.8942329,0.252
94197.631085,-0.557243136,-0.0473313413,58.9750837,0.252
94197.635253,-0.584922455,-0.0224668723,59.0380665,0.252
94197.639422,-0.564983005,-0.0164594263,64.7841694,0.252
94197.643590,-0.585875812,-0.00139520648,65.0987598,0.252
94197.647759,-0.561020345,-0.0222541814,128.171314,0.252
94197.651927,-0.570466483,-0.0167406587,126.417603,0.252
94197.656096,-0.577356803,-0.0189816799,127.185083,0.252
94197.660264,-0.578476859,-0.0313762479,103.333714,0.252
94197.664432,-0.582880819,-0.0301568729,102.916893,0.252
94197.668601,-0.5708762,-0.046802395,91.8651747,0.252
94197.672769,-0.567525124,-0.0493872755,91.0188939,0.252
94197.676938,-0.570085939,-0.0291059732,195.385267,0.252
94197.681106,-0.560446127,-0.0394236071,187.334504,0.252
94197.685274,-0.560388076,-0.0222187639,196.896732,0.252
94197.689443,-0.554319726,-0.0380324789,77.7040484,0.252
94197.693611,-0.570053765,-0.0478240621,78.005593,0.252
94197.697780,-0.596814337,-0.0242965582,37.7829538,0.252
94197.701948,-0.610195996,-0.0280156315,37.6527864,0.252
94197.706116,-0.641918984,0.0126762034,37.6512412,0.252
94197.710285,-0.562314426,-0.000903582922,83.0061449,0.252
94197.714453,-0.562370308,0.015393206,83.5613294,0.252
94197.718622,-0.577727243,-0.0260909391,39.3794255,0.252
94197.722790,-0.569184882,-0.0165493651,39.326985,0.252
94197.726958,-0.550874774,-0.00107891404,39.3718048,0.252
94197.731127,-0.572236512,-0.0262647889,42.6220249,0.252
94197.735295,-0.567259318,-0.0398647272,42.6844871,0.252
94197.739464,-0.570662239,-0.0731287898,59.1948508,0.252
94197.743632,-0.572057034,-0.111490777,58.7073669,0.252
94197.747801,-0.581990337,-0.0476364859,28.9692164,0.252
94197.751969,-0.57988077,-0.0452495806,28.9808766,0.252
94197.756137,-0.588153911,-0.0166532495,28.9458783,0.252
94197.760306,-0.594582903,0.00969539213,29.0104859,0.252
94197.764474,-0.593625612,0.05614086,29.0603486,0.252
94197.768643,-0.581928385,0.0276152537,92.3104387,0.252
94197.772811,-0.588648767,0.0407369203,90.8498635,0.252
94197.776979,-0.583140362,0.034021238,92.7117488,0.252
94197.781148,-0.586487248,-0.0252128209,29.0259593,0.252
94197.785316,-0.582185817,-0.0565176497,29.0159559,0.252
94197.789485,-0.576037597,-0.0553347176,71.2695617,0.252
94197.793653,-0.583496634,-0.0985254832,70.2561098,0.252
94197.797822,-0.586264872,-0.0572799605,43.4928588,0.252
94197.801990,-0.590093296,-0.0252264633,43.3742495,0.252
94197.806158,-0.601827304,-0.00255520597,43.4715761,0.252
94197.810327,-0.599194516,0.0258974765,42.7565587,0.252
94197.814495,-0.609758354,0.0395996975,42.731764,0.252
94197.818664,-0.605215154,-0.011123332,69.8134876,0.252
94197.822832,-0.573410213,-0.0102129664,70.166562,0.252
94197.827000,-0.595754949,-0.0327719385,69.6364823,0.252
94197.831169,-0.589571865,-0.0432075075,83.1819556,0.252
94197.835337,-0.581072394,-0.047789319,83.8752877,0.252
94197.839506,-0.609050173,-0.0455710119,128.582946,0.252
94197.843674,-0.585263511,-0.0560665424,133.87301,0.252
94197.847842,-0.611408398,-0.0308935562,58.2622467,0.252
94197.852011,-0.624118168,-0.0381936201,57.533834,0.252
94197.856179,-0.616680165,-0.0330019467,58.0811833,0.252
94197.860348,-0.618534094,-0.0256992678,90.5186004,0.252
94197.864516,-0.60564554,-0.00191426268,93.3610614,0.252
94197.868684,-0.611918723,-0.0135858322,115.100753,0.252
94197.872853,-0.612550824,0.00179491672,114.727342,0.252
94197.877021,-0.586716908,-0.00439211516,116.822723,0.252
94197.881190,-0.595657854,-0.0445688567,42.3234893,0.252
94197.885358,-0.597056424,-0.056422484,42.1815599,0.252
94197.889527,-0.629797131,-0.0593014797,79.1706856,0.252
94197.893695,-0.608928798,-0.074727159,80.0864044,0.252
94197.897863,-0.609775134,-0.0451174133,82.5582421,0.252
94197.902032,-0.595365688,-0.0605349337,82.6904034,0.252
94197.906200,-0.608121053,-0.0429229927,82.3365626,0.252
94197.910369,-0.61023476,-0.0205574655,47.5467007,0.252
94197.914537,-0.61071398,-0.00243699498,47.8415589,0.252
94197.918705,-0.610870502,-0.0199334058,144.420068,0.252
94197.922874,-0.621042618,-0.0131385542,141.726996,0.252
94197.927042,-0.622052557,-0.010912331,149.853945,0.252
94197.931211,-0.617290712,-0.0369989094,68.7187456,0.252
94197.935379,-0.61126574,-0.0475302063,68.9419809,0.252
94197.939547,-0.611574615,-0.0582114047,79.3988883,0.252
94197.943716,-0.604057049,-0.0723141804,78.190382,0.252
94197.947884,-0.610426269,-0.053060061,78.6447405,0.252
94197.952053,-0.604559488,-0.0438957134,80.5409101,0.252
94197.956221,-0.620901975,-0.0398506103,80.095918,0.252
94197.960390,-0.628250414,-0.0339672985,78.4224835,0.252
94197.964558,-0.630164167,-0.0053959669,78.2954811,0.252
94197.968726,-0.611870099,-0.0252181749,112.043438,0.252
94197.972895,-0.610722361,-0.0247956328,111.069393,0.252
94197.977063,-0.615221386,-0.0206655895,109.808427,0.252
94197.981232,-0.612164758,-0.0430572143,71.7738497,0.252
94197.985400,-0.605104816,-0.0644767727,71.5741902,0.252
94197.989568,-0.630780884,-0.0478803833,127.460831,0.252
94197.993737,-0.621110795,-0.0534776861,123.599601,0.252
94197.997905,-0.612883756,-0.0416307836,90.3366574,0.252
94198.002074,-0.600004268,-0.0301205345,91.6821622,0.252
94198.006242,-0.607693998,-0.0128871026,92.9257711,0.252
94198.010410,-0.611454135,0.00581697251,166.920271,0.252
94198.014579,-0.614626154,0.00789082927,178.00798,0.252
94198.018747,-0.617103523,-0.0331905087,52.4115031,0.252
94198.022916,-0.620718593,-0.050908021,52.2803733,0.252
94198.027084,-0.606550561,-0.0688516898,52.5165762,0.252
94198.031252,-0.603990764,-0.0564677264,130.589259,0.252
94198.035421,-0.622341393,-0.0710476822,128.504601,0.252
94198.039589,-0.5990896,-0.0295389375,50.7003683,0.252
94198.043758,-0.615007325,-0.0202739394,50.6048122,0.252
94198.047926,-0.614595551,-0.0229316168,102.185573,0.252
94198.052095,-0.611241727,0.00534237986,103.210163,0.252
94198.056263,-0.619432588,0.0201694274,103.223185,0.252
94198.060431,-0.623253716,-0.0188481541,60.1524701,0.252
94198.064600,-0.62767153,-0.0169486655,60.2023595,0.252
94198.068768,-0.601119902,-0.0453318308,55.1711308,0.252
94198.072937,-0.601976533,-0.0560586661,54.9637282,0.252
94198.077105,-0.597215451,-0.0625374414,55.0789566,0.252
94198.081273,-0.596604995,-0.0414782967,204.911124,0.252
94198.085442,-0.6048572,-0.0423416191,210.36405,0.252
94198.089610,-0.610312026,-0.0251019312,119.930917,0.252
94198.093779,-0.608908729,-0.0327224911,119.717761,0.252
94198.097947,-0.605904505,-0.0203873021,121.660894,0.252
94198.102115,-0.592521687,-0.0120819003,182.400548,0.252
94198.106284,-0.602691073,-0.00350631188,176.636581,0.252
94198.110452,-0.602739863,-0.0255082357,164.60901,0.252
94198.114621,-0.6045019,-0.0373571597,169.506011,0.252
94198.118789,-0.590727475,-0.0483632207,163.921483,0.252
94198.122958,-0.595190646,-0.0543005267,170.770549,0.252
94198.127126,-0.577721645,-0.0460507097,173.900473,0.252
94198.131294,-0.604666333,-0.0229646762,68.0305521,0.252
94198.135463,-0.607691159,-0.0128882078,68.2984314,0.252
94198.139631,-0.612163743,-0.0148456391,134.636633,0.252
94198.143800,-0.608362351,-7.08203377e-05,133.242363,0.252
94198.147968,-0.606528267,0.0105945581,134.268048,0.252
94198.152136,-0.576947574,-0.0104382382,50.0142278,0.252
94198.156305,-0.579001216,-0.0324333782,50.0666898,0.252
94198.160473,-0.575663311,-0.0511103812,52.4395571,0.252
94198.164642,-0.585686577,-0.0803557575,52.2813781,0.252
94198.168810,-0.604758735,-0.0581365661,45.9475703,0.252
94198.172978,-0.6103361,-0.0330512122,45.8733762,0.252
94198.177147,-0.582844036,-0.0320313024,45.8015187,0.252
94198.181315,-0.611295008,-0.0100568687,50.7024161,0.252
94198.185484,-0.594520102,0.0041897083,51.0297759,0.252
94198.189652,-0.59136375,-0.0100284225,147.862176,0.252
94198.193821,-0.578429702,0.0121269093,149.532354,0.252
94198.197989,-0.586264179,-0.00220608074,150.073506,0.252
94198.202157,-0.592905341,-0.0254308724,59.3965349,0.252
94198.206326,-0.58765635,-0.0280898059,59.7900611,0.252
94198.210494,-0.572904228,-0.048336805,78.347262,0.252
94198.214663,-0.573357476,-0.0552384654,78.7309738,0.252
94198.218831,-0.590780236,-0.0434837745,180.960727,0.252
94198.222999,-0.574640376,-0.0619046698,187.615312,0.252
94198.227168,-0.591277617,-0.0341144857,196.245282,0.252
94198.231336,-0.578941386,-0.0362447647,80.2395538,0.252
94198.235505,-0.580061404,-0.0144054725,81.1335817,0.252
94198.239673,-0.590157847,-0.0102301379,222.754368,0.252
94198.243841,-0.566407172,-0.0256040179,222.540604,0.252
94198.248010,-0.596421706,0.00729450653,204.800713,0.252
94198.252178,-0.57938564,-0.0267288925,130.45926,0.252
94198.256347,-0.583283727,-0.0261052504,130.273433,0.252
94198.260515,-0.583537419,-0.027104642,79.0314284,0.252
94198.264684,-0.562502604,-0.0667540805,78.3042911,0.252
94198.268852,-0.594244806,-0.0164068705,150.096314,0.252
94198.273020,-0.562815692,-0.0398903097,149.665665,0.252
94198.277189,-0.588062671,-0.0300218897,150.432669,0.252
94198.281357,-0.55123325,-0.0300579443,106.227299,0.252
94198.285526,-0.5955989,-0.00920142299,105.684866,0.252
94198.289694,-0.559358344,-0.0145871203,99.5902504,0.252
94198.293862,-0.619519152,-0.00041485136,98.0855864,0.252
94198.298031,-0.5887308,0.00723456657,98.9346625,0.252
94198.302199,-0.590469643,-0.0154996445,138.884956,0.252
94198.306368,-0.577855148,-0.00522115399,144.288333,0.252
94198.310536,-0.556828109,-0.0246862755,69.3588456,0.252
94198.314704,-0.57030051,-0.0293360094,69.3533194,0.252
94198.318873,-0.588863383,-0.00923302621,162.320508,0.252
94198.323041,-0.565930643,-0.0283555499,158.337123,0.252
94198.327210,-0.583579165,-0.0222355144,152.088262,0.252
94198.331378,-0.559494749,-0.0365630659,155.4438,0.252
94198.335546,-0.570566201,-0.0253507005,152.400744,0.252
94198.339715,-0.564497756,-0.0113290176,81.5218533,0.252
94198.343883,-0.577215366,-0.00828972946,81.3708435,0.252
94198.348052,-0.55766044,0.0132368331,82.3015484,0.252
94198.352220,-0.571913977,-0.00894219647,159.076338,0.252
94198.356389,-0.560941271,0.000672550518,160.497742,0.252
94198.360557,-0.562210496,-0.0111029517,131.434235,0.252
94198.364725,-0.561436221,-0.00887732098,129.87164,0.252
94198.368894,-0.559809422,-0.00388576158,92.8465472,0.252
94198.373062,-0.55085449,-0.0187420352,92.6909034,0.252
94198.377231,-0.548799974,-0.0309877348,92.6812923,0.252
94198.381399,-0.532174563,-0.0179141009,164.57438,0.252
94198.385567,-0.529268,-0.0335166496,156.883598,0.252
94198.389736,-0.536369615,-0.00179240606,68.0456581,0.252
94198.393904,-0.519861313,-0.00118334268,68.3965366,0.252
94198.398073,-0.54184449,-0.00410070271,68.3291457,0.252
94198.402241,-0.538880517,-0.0125966799,75.5037565,0.252
94198.406409,-0.519544666,-0.0131283697,75.5136042,0.252
94198.410578,-0.508673044,-0.0142046047,86.2007269,0.252
94198.414746,-0.498465381,-0.00366932731,86.0988765,0.252
94198.418915,-0.495416612,-0.0107055719,86.0672518,0.252
94198.423083,-0.501192516,0.000679732417,66.2624026,0.252
94198.427251,-0.498143537,-0.00927988217,66.2149778,0.252
94198.431420,-0.497068229,-0.0250869763,56.8480066,0.252
94198.435588,-0.488214927,-0.0257211829,56.5886225,0.252
94198.439757,-0.473351012,-0.00501859507,74.3766414,0.252
94198.443925,-0.474519789,-0.00433053483,73.9240976,0.252
94198.448094,-0.470886131,0.00310392793,74.2323072,0.252
94198.452262,-0.471429888,-0.00631091887,70.5525551,0.252
94198.456430,-0.464455203,-0.0167516087,70.5791003,0.252
94198.460599,-0.459562207,-0.0160170917,82.2948496,0.252
94198.464767,-0.44898953,-0.0266800852,82.0423835,0.252
94198.468936,-0.439344054,-0.021108559,82.6317342,0.252
94198.473104,-0.432851296,-0.00402745289,72.271846,0.252
94198.477272,-0.431504319,0.00347060665,72.8673626,0.252
94198.481441,-0.429427834,0.00225783555,79.2770124,0.252
94198.485609,-0.437243607,0.0130885159,79.2367632,0.252
94198.489778,-0.416859314,-0.00544843437,90.0632035,0.252
94198.493946,-0.414194959,-0.0145416527,90.2307764,0.252
94198.498115,-0.407391311,-0.0261268361,89.9726997,0.252
94198.502283,-0.406200039,-0.0235189491,184.611324,0.252
94198.506451,-0.391644645,-0.0161649892,186.721058,0.252
94198.510620,-0.389480591,-0.00425853338,167.408161,0.252
94198.514788,-0.389752935,0.00264152383,168.988435,0.252
94198.518957,-0.382982354,-0.00177965194,172.410066,0.252
94198.523125,-0.378800154,-0.0167633434,150.842512,0.252
94198.527293,-0.377090673,-0.0225849745,147.121065,0.252
94198.531462,-0.37064014,-0.0138219614,191.383443,0.252
94198.535630,-0.376414781,-0.00969610433,196.887891,0.252
94198.539799,-0.369159204,-0.0103675399,243.928848,0.252
94198.543967,-0.37458249,-0.00900731225,246.916474,0.252
94198.548135,-0.360616134,-0.00120126891,240.140258,0.252
94198.552304,-0.367153354,-0.00790451245,103.810835,0.252
94198.556472,-0.352666211,-0.0253123146,102.657099,0.252
94198.560641,-0.360614208,-0.00771164448,103.097689,0.252
94198.564809,-0.349956608,-0.0204712715,102.648901,0.252
94198.568978,-0.340972142,-0.0163125248,102.19548,0.252
94198.573146,-0.344952594,-0.012631899,85.7503907,0.252
94198.577314,-0.335554993,-0.0255161178,85.4322998,0.252
94198.581483,-0.348652268,-0.0068175312,99.6316355,0.252
94198.585651,-0.337875827,-0.00889318481,98.6037058,0.252
94198.589819,-0.335854037,-0.00590236448,81.1255545,0.252
94198.593988,-0.338151994,0.00549026272,81.5748,0.252
94198.598156,-0.335463721,-0.00620920315,80.8822749,0.252
94198.602325,-0.335040629,-0.0129847461,75.5912186,0.252
94198.606493,-0.322706332,-0.0213823822,75.9584867,0.252
94198.610662,-0.320112532,-0.0158496343,68.0053971,0.252
94198.614830,-0.319464562,-0.0133483985,67.9412603,0.252
94198.618998,-0.31332981,-0.00994530955,68.1511828,0.252
94198.623167,-0.319200981,-0.00278463715,101.122338,0.252
94198.627335,-0.311482338,-0.00182430733,101.041157,0.252
94198.631504,-0.310215239,-0.00953168868,120.130254,0.252
94198.635672,-0.3046786,-0.00528412544,121.861704,0.252
94198.639841,-0.31128234,-0.01185926,188.861163,0.252
94198.644009,-0.303431445,-0.00854573991,192.454152,0.252
94198.648177,-0.298746932,-0.00506493534,201.987683,0.252
94198.652346,-0.297727094,-0.00844607213,188.633074,0.252
94198.656514,-0.29022319,-0.00808641163,196.503449,0.252
94198.660683,-0.291795509,-0.00988376967,200.615846,0.252
94198.664851,-0.282735502,-0.0168897802,199.711222,0.252
94198.669019,-0.277739633,-0.0214711021,198.563067,0.252
94198.673188,-0.278015988,-0.0144394337,195.035602,0.252
94198.677356,-0.271569379,-0.0148739026,193.884249,0.252
94198.681525,-0.272888393,-0.00863765524,120.741475,0.252
94198.685693,-0.268327455,-0.00589993445,120.603435,0.252
94198.689861,-0.26440817,-0.00595161674,118.970289,0.252
94198.694030,-0.260227857,-0.00691680878,120.269989,0.252
94198.698198,-0.253993419,-0.00244437664,120.227673,0.252
94198.702367,-0.250591366,-0.00375357178,124.357251,0.252
94198.706535,-0.241637564,-0.00367197714,122.341947,0.252
94198.710703,-0.24350924,-0.0103824496,91.7937799,0.252
94198.714872,-0.234694611,-0.0158124705,91.5735692,0.252
94198.719040,-0.229347224,-0.0217630278,92.097044,0.252
94198.723209,-0.226162746,-0.0143158579,93.1382378,0.252
94198.727377,-0.221821604,-0.0118546997,92.5714082,0.252
94198.731546,-0.217770679,-0.00619181676,92.4760346,0.252
94198.735714,-0.214492503,0.00139833607,92.1235768,0.252
94198.739882,-0.206585535,-0.00361536262,100.450183,0.252
94198.744051,-0.199787441,-0.00223591029,100.344434,0.252
94198.748219,-0.197439916,-0.00778627092,101.361607,0.252
94198.752388,-0.191182162,-0.00868062902,96.4100414,0.252
94198.756556,-0.186522169,-0.0103500237,96.2645319,0.252
94198.760724,-0.178805055,-0.00424885277,108.610548,0.252
94198.764893,-0.174903942,-0.00202227716,108.90444,0.252
94198.769061,-0.167945756,-0.00298569041,109.029432,0.252
94198.773230,-0.162501848,-0.00460769852,111.973347,0.252
94198.777398,-0.157857381,-0.00745808649,112.264248,0.252
94198.781567,-0.151832438,-0.00750245342,114.902849,0.252
94198.785735,-0.148795504,-0.0100992503,115.307357,0.252
94198.789903,-0.141678673,-0.0094668574,115.922009,0.252
94198.794072,-0.136866833,-0.00439463009,122.876803,0.252
94198.798240,-0.129070026,-0.00298128387,122.168542,0.252
94198.802409,-0.129378916,-0.00452547146,166.621111,0.252
94198.806577,-0.120779407,-0.00372879121,166.742438,0.252
94198.810745,-0.116749474,-0.00736762663,192.369291,0.252
94198.814914,-0.115703092,-0.00776924689,193.271499,0.252
94198.819082,-0.114528094,-0.0111220746,185.36142,0.252
94198.823251,-0.108924789,-0.0127337455,210.603176,0.252
94198.827419,-0.107668484,-0.0139916067,220.530363,0.252
94198.831587,-0.100844415,-0.0114262511,160.763982,0.252
94198.835756,-0.0996435266,-0.0107759409,161.366214,0.252
94198.839924,-0.0997638256,-0.00954090022,161.822319,0.252
94198.844093,-0.0919822573,-0.0100684196,104.761749,0.252
94198.848261,-0.09155961,-0.010868925,104.520868,0.252
94198.852429,-0.0847331477,-0.00891187106,83.5078597,0.252
94198.856598,-0.0827584667,-0.00495485508,83.3294596,0.252
94198.860766,-0.0789556207,-0.00642283903,76.3721603,0.252
94198.864935,-0.0776108491,-0.00395951516,76.3334049,0.252
94198.869103,-0.0773020746,-0.00382937576,76.3673877,0.252
94198.873272,-0.0772279717,-0.00517948938,79.5509152,0.252
94198.877440,-0.075878418,-0.0071436718,79.469688,0.252
94198.881608,-0.0740795664,-0.00779495551,71.6584581,0.252
94198.885777,-0.0753232279,-0.00990855795,71.8042891,0.252
94198.889945,-0.0751913257,-0.0113970506,71.6978651,0.252
94198.894114,-0.0737362753,-0.00393755106,60.9825577,0.252
94198.898282,-0.0757741409,0.0015522082,61.0004062,0.252
94198.902450,-0.075182951,0.00345681544,59.9388639,0.252
94198.906619,-0.0763037002,0.00739175728,59.8089839,0.252
94198.910787,-0.0762369098,-0.000322752064,57.9349862,0.252
94198.914956,-0.0763195604,0.00217669233,57.8927445,0.252
94198.919124,-0.0781269896,-0.00417924836,57.9608363,0.252
94198.923292,-0.0806992491,-0.010152093,54.3196859,0.252
94198.927461,-0.0800690241,-0.0122216775,54.2498004,0.252
94198.931629,-0.0864529577,-0.0106384939,57.829138,0.252
94198.935798,-0.0890578691,-0.00922318811,57.8794112,0.252
94198.939966,-0.0910646397,-0.00932776285,57.7974788,0.252
94198.944134,-0.0945190833,-0.00560868812,56.0696641,0.252
94198.948303,-0.098620803,-0.00287246666,55.9989364,0.252
94198.952471,-0.101441347,-0.00355829855,54.7973971,0.252
94198.956640,-0.106132254,-0.00401282799,54.7753673,0.252
94198.960808,-0.108735853,-0.00400355528,53.8286011,0.252
94198.964977,-0.112896958,-0.00534478502,53.9050269,0.252
94198.969145,-0.116514584,-0.00827904627,53.9203985,0.252
94198.973313,-0.12005965,-0.00457389581,55.5086854,0.252
94198.977482,-0.125282909,-0.00488124682,55.5443997,0.252
94198.981650,-0.129735038,-0.00289389825,61.4573064,0.252
94198.985819,-0.133999174,-0.0011971147,61.5708113,0.252
94198.989987,-0.138249139,0.0017321462,61.4010585,0.252
94198.994155,-0.145549335,-0.00111944297,71.5532375,0.252
94198.998324,-0.149480014,-0.000563247649,71.6980651,0.252
94199.002492,-0.156857025,-0.00660590513,90.1383827,0.252
94199.006661,-0.164315159,-0.00735875235,90.4369347,0.252
94199.010829,-0.169139788,-0.00740076708,106.600859,0.252
94199.014997,-0.174235752,-0.00964508793,106.204422,0.252
94199.019166,-0.181777531,-0.00924156925,105.510518,0.252
94199.023334,-0.188115972,-0.00533699131,114.971622,0.252
94199.027503,-0.193918313,-0.00408993657,114.735799,0.252
94199.031671,-0.1996661,-0.00817312063,128.44555,0.252
94199.035840,-0.205692016,-0.00870802457,127.769346,0.252
94199.040008,-0.21149088,-0.00652292395,127.522591,0.252
94199.044176,-0.219199538,-0.00843917327,147.024078,0.252
94199.048345,-0.224703226,-0.00848054884,146.792679,0.252
94199.052513,-0.230977813,-0.00927971159,171.2472,0.252
94199.056682,-0.239165166,-0.0102408373,172.76255,0.252
94199.060850,-0.247476105,-0.012603638,200.154659,0.252
94199.065018,-0.252165635,-0.0124942848,205.478693,0.252
94199.069187,-0.259324448,-0.0127292062,202.69562,0.252
94199.073355,-0.26903964,-0.0116111197,217.982112,0.252
94199.077524,-0.2744106,-0.00828416325,212.273205,0.252
94199.081692,-0.282242209,-0.00901943495,203.543125,0.252
94199.085860,-0.288278689,-0.00754074889,210.466863,0.252
94199.090029,-0.296509776,-0.00874856139,197.72626,0.252
94199.094197,-0.304824232,-0.00765254177,208.371379,0.252
94199.098366,-0.310528167,-0.00284593014,205.376158,0.252
94199.102534,-0.31784059,-0.0081474741,174.333962,0.252
94199.106703,-0.323024776,-0.00829785233,174.942955,0.252
94199.110871,-0.330582582,-0.00740632684,182.34341,0.252
94199.115039,-0.338076779,-0.00899274049,185.516203,0.252
94199.119208,-0.345480182,-0.0102353113,177.352341,0.252
94199.123376,-0.349999121,-0.00773269939,212.074814,0.252
94199.127545,-0.35840571,-0.0109254501,225.441161,0.252
94199.131713,-0.365508939,-0.00914647568,239.258949,0.252
94199.135881,-0.36952987,-0.00681140949,248.239661,0.252
94199.140050,-0.373994277,-0.00998337945,237.927608,0.252
94199.144218,-0.385089321,-0.0122814355,271.278303,0.252
94199.148387,-0.391885947,-0.014266568,285.959616,0.252
94199.152555,-0.401605596,-0.0181954446,194.292117,0.252
94199.156723,-0.417385519,-0.0179396759,189.53162,0.252
94199.160892,-0.42101935,-0.0225459141,190.821596,0.252
94199.165060,-0.431505806,-0.02354228,173.793923,0.252
94199.169229,-0.427506176,-0.0188816569,176.562961,0.252
94199.173397,-0.420141822,-0.0116887321,163.902488,0.252
94199.177566,-0.440114387,0.00556228693,161.035572,0.252
94199.181734,-0.450603324,-0.00404088931,74.7258066,0.252
94199.185902,-0.446275889,0.00271015283,74.4528108,0.252
94199.190071,-0.456137499,-0.0135122321,74.4361955,0.252
94199.194239,-0.463000756,-0.0439215539,54.535111,0.252
94199.198408,-0.460410262,-0.0569690177,54.4577049,0.252
94199.202576,-0.478636676,-0.0242646633,137.17209,0.252
94199.206744,-0.479452235,-0.0272541601,134.887913,0.252
94199.210913,-0.49314623,-0.0175978393,135.974113,0.252
94199.215081,-0.502678762,-0.00296989669,105.800903,0.252
94199.219250,-0.50177531,0.010872472,107.374238,0.252
94199.223418,-0.496459165,0.00698837075,159.19477,0.252
94199.227586,-0.502301937,-0.000613726065,157.512126,0.252
94199.231755,-0.5132816,-0.0197253936,203.91837,0.252
94199.235923,-0.525456799,-0.0282990773,204.587037,0.252
94199.240092,-0.521543905,-0.0329074828,194.261059,0.252
94199.244260,-0.528542393,-0.0120043922,118.761434,0.252
94199.248429,-0.539541064,-0.00487511802,119.836502,0.252
94199.252597,-0.548481215,-0.00873750482,200.201021,0.252
94199.256765,-0.547881375,0.00347184951,219.619882,0.252
94199.260934,-0.551853621,0.0144995913,217.826913,0.252
94199.265102,-0.543584469,0.00832770774,175.951486,0.252
94199.269271,-0.562114316,-0.00410532464,176.923452,0.252
94199.273439,-0.575747331,-0.0275805108,100.774346,0.252
94199.277607,-0.584636556,-0.0495676684,100.118139,0.252
94199.281776,-0.594261065,-0.0391721883,119.763604,0.252
94199.285944,-0.592876865,-0.0290407162,122.263358,0.252
94199.290113,-0.600066449,-0.0146264617,120.912076,0.252
94199.294281,-0.593079913,0.00209787206,89.4518981,0.252
94199.298449,-0.590280416,0.00887573722,89.5438063,0.252
94199.302618,-0.615511003,-0.0101894944,142.317131,0.252
94199.306786,-0.611502771,-0.0212829835,145.205867,0.252
94199.310955,-0.612190981,-0.0345057894,142.97037,0.252
94199.315123,-0.624491427,-0.0441692935,154.938893,0.252
94199.319291,-0.627431308,-0.0399107702,161.312965,0.252
94199.323460,-0.651201315,-0.0196605909,123.507792,0.252
94199.327628,-0.65131212,0.00349931514,126.948289,0.252
94199.331797,-0.63873464,0.0049375921,89.7307643,0.252
94199.335965,-0.652695825,0.000184987468,90.4319,0.252
94199.340134,-0.662977119,-0.0146416926,91.189953,0.252
94199.344302,-0.657112683,-0.0405243541,59.6611661,0.252
94199.348470,-0.66301047,-0.0562935193,59.3972723,0.252
94199.352639,-0.647075232,-0.0309448191,151.399984,0.252
94199.356807,-0.648414925,-0.0312017449,155.048016,0.252
94199.360976,-0.655105494,-0.0339264512,152.151407,0.252
94199.365144,-0.689283299,0.00317897597,65.3883154,0.252
94199.369312,-0.695021511,-0.0106635545,65.2560619,0.252
94199.373481,-0.709493974,0.0145990935,104.763155,0.252
94199.377649,-0.693965905,0.000387678141,102.581778,0.252
94199.381818,-0.6841399,-0.0151600552,88.6772649,0.252
94199.385986,-0.693572832,-0.0372786929,89.0788975,0.252
94199.390155,-0.70937461,-0.0519444219,87.4397613,0.252
94199.394323,-0.714692485,-0.0222967033,112.564902,0.252
94199.398491,-0.701685488,0.00486347883,115.291487,0.252
94199.402660,-0.706393957,0.013969661,121.318437,0.252
94199.406828,-0.696621043,-0.00924031447,121.728615,0.252
94199.410996,-0.692368431,0.00947468502,122.668523,0.252
94199.415165,-0.703017178,-0.0204746949,100.62952,0.252
94199.419333,-0.713358603,-0.0284619893,100.645406,0.252
94199.423502,-0.728179881,-0.00841952463,67.9625657,0.252
94199.427670,-0.75997161,-0.0094605954,67.1595296,0.252
94199.431839,-0.709384886,-0.0231862163,137.672339,0.252
94199.436007,-0.720076494,-0.028388831,133.826378,0.252
94199.440175,-0.727062409,-0.0318431065,132.892307,0.252
94199.444344,-0.719233673,-0.00391822378,69.2070585,0.252
94199.448512,-0.722264144,0.0177019105,69.6981418,0.252
94199.452681,-0.735877609,0.0130146564,89.4366387,0.252
94199.456849,-0.748941572,0.0150640411,88.4168016,0.252
94199.461017,-0.743573279,0.00905422644,88.6065412,0.252
94199.465186,-0.746287434,-0.0184429241,56.6012327,0.252
94199.469354,-0.733415231,-0.0537004478,56.9180211,0.252
94199.473523,-0.739338798,-0.0264039338,85.3941046,0.252
94199.477691,-0.741107738,-0.0255929947,84.7434684,0.252
94199.481860,-0.755424425,-0.016595223,71.5269932,0.252
94199.486028,-0.759935211,0.0142348419,72.4562157,0.252
94199.490196,-0.741007453,0.0432336078,72.0771297,0.252
94199.494365,-0.735704855,0.0175120783,101.244645,0.252
94199.498533,-0.737352734,0.0171317865,101.654915,0.252
94199.502702,-0.753606755,-0.0317578151,61.2102313,0.252
94199.506870,-0.73461677,-0.0546271186,61.3946848,0.252
94199.511038,-0.735426082,-0.0597560143,61.1760724,0.252
94199.515207,-0.754204966,-0.0308219894,49.0489579,0.252
94199.519375,-0.770490652,4.02668004e-05,49.1920181,0.252
94199.523544,-0.755554953,0.0109607565,93.7733955,0.252
94199.527712,-0.7420488,0.00670434016,94.2252333,0.252
94199.531880,-0.7558255,0.0172042988,95.2139679,0.252
94199.536049,-0.766690412,0.000547094165,191.234918,0.252
94199.540217,-0.759193908,0.00920661511,197.033959,0.252
94199.544386,-0.755366519,-0.00269347197,90.7501968,0.252
94199.548554,-0.754647408,-0.0186403525,90.7640242,0.252
94199.552723,-0.759856149,-0.0444179296,126.016043,0.252
94199.556891,-0.763063107,-0.0700874745,124.094857,0.252
94199.561059,-0.759734539,-0.076652438,123.513902,0.252
94199.565228,-0.770662091,-0.00809900442,34.9652884,0.252
94199.569396,-0.76415857,0.0456674806,35.1145415,0.252
94199.573565,-0.750469574,0.00206965365,103.439726,0.252
94199.577733,-0.762734505,0.00391628848,107.096761,0.252
94199.581901,-0.745997417,-0.00599988978,106.444849,0.252
94199.586070,-0.784397454,-0.0341238878,62.200026,0.252
94199.590238,-0.7453555,-0.0398511474,61.6950471,0.252
94199.594407,-0.760639762,-0.0184702704,171.740207,0.252
94199.598575,-0.766866453,-0.0426956952,171.950637,0.252
94199.602743,-0.776196882,-0.0303617858,100.209877,0.252
94199.606912,-0.773807036,-0.0238313524,99.0558854,0.252
94199.611080,-0.774877443,-0.0329630294,97.4521039,0.252
94199.615249,-0.778078263,-0.0168451797,88.1734809,0.252
94199.619417,-0.783583515,-0.012528534,87.4522883,0.252
94199.623586,-0.783608862,-0.0315419479,180.308666,0.252
94199.627754,-0.777842468,-0.0115507594,179.729503,0.252
94199.631922,-0.769114806,-0.0149335863,181.705986,0.252
94199.636091,-0.776339269,-0.000976770904,134.359551,0.252
94199.640259,-0.76191517,0.00769381719,136.477468,0.252
94199.644428,-0.781363047,-0.0252209383,77.1392215,0.252
94199.648596,-0.784618705,-0.035512769,77.4583467,0.252
94199.652764,-0.805531479,-0.0479607792,123.807917,0.252
94199.656933,-0.807077515,-0.0687941499,122.489358,0.252
94199.661101,-0.795803386,-0.0547183898,119.967623,0.252
94199.665270,-0.770261513,0.011965878,38.4801478,0.252
94199.669438,-0.78761797,0.0145549986,38.6128363,0.252
94199.673606,-0.772253512,0.0138764996,109.551916,0.252
94199.677775,-0.759803482,0.0115000476,105.984394,0.252
94199.681943,-0.75199606,-0.0377804103,105.137813,0.252
94199.686112,-0.778320224,-0.0642731759,52.5006214,0.252
94199.690280,-0.822417962,-0.107058782,52.7684446,0.252
94199.694448,-0.850719064,-0.0321472519,30.202717,0.252
94199.698617,-0.86031267,0.000669959642,30.2178459,0.252
94199.702785,-0.703391883,0.000134652753,30.4788965,0.252
94199.706954,-0.76821014,0.00340745538,30.5274024,0.252
94199.711122,-0.738396921,-0.0113678555,30.5339255,0.252
94199.715291,-0.781884868,-0.0586243131,52.8302695,0.252
94199.719459,-0.824618751,-0.0663291877,52.9908553,0.252
94199.723627,-0.759857111,-0.0518950464,64.7556355,0.252
94199.727796,-0.848004723,-0.0530474383,64.469832,0.252
94199.731964,-0.794581359,-0.0345126099,64.4302458,0.252
94199.736133,-0.814673448,-0.00860644583,71.6021936,0.252
94199.740301,-0.829005753,0.00605404944,71.5968505,0.252
94199.744469,-0.775709249,-0.0201248489,50.1945702,0.252
94199.748638,-0.814192344,-0.0453397375,50.4686879,0.252
94199.752806,-0.806878502,-0.0494040204,103.582013,0.252
94199.756975,-0.804660339,-0.0610679234,101.717203,0.252
94199.761143,-0.794209419,-0.0878471512,98.87414,0.252
94199.765312,-0.80740064,-0.0811324623,74.6857612,0.252
94199.769480,-0.804788635,-0.0450573226,73.3619328,0.252
94199.773648,-0.831547007,-0.0152856288,56.7723895,0.252
94199.777817,-0.814768266,0.0236491616,56.6100835,0.252
94199.781985,-0.820015033,0.0607141535,56.5691123,0.252
94199.786154,-0.828278779,-0.0169086811,47.2545992,0.252
94199.790322,-0.799746676,-0.0425677313,47.5691148,0.252
94199.794490,-0.782998578,-0.0582104104,41.7145803,0.252
94199.798659,-0.788781746,-0.103780174,41.6405058,0.252
94199.802827,-0.8140282,-0.048678514,50.9020875,0.252
94199.806996,-0.805798463,-0.0494204306,50.5236264,0.252
94199.811164,-0.845304342,-0.0465824529,50.8966747,0.252
94199.815332,-0.830741271,-0.00214045995,36.8531595,0.252
94199.819501,-0.880691565,0.0197968503,36.8681162,0.252
94199.823669,-0.809022755,-0.0456341819,44.463026,0.252
94199.827838,-0.794360322,-0.0143762517,44.5291947,0.252
94199.832006,-0.80954698,-0.0264990544,44.651098,0.252
94199.836175,-0.800846958,-0.0418334618,60.6107693,0.252
94199.840343,-0.800518475,-0.0254773602,60.8777411,0.252
94199.844511,-0.812329298,-0.0426516249,64.7401701,0.252
94199.848680,-0.797992702,-0.0765298391,63.8530433,0.252
94199.852848,-0.812648234,-0.0936440883,63.5571139,0.252
94199.857017,-0.829764177,-0.0640186168,59.1545468,0.252
94199.861185,-0.837001146,-0.0736950045,59.7003232,0.252
94199.865353,-0.849292403,-0.0451748487,45.7735462,0.252
94199.869522,-0.821181619,-0.0237226373,46.0590002,0.252
94199.873690,-0.804690722,-0.00616291096,78.1953406,0.252
94199.877859,-0.783103843,0.0341738882,76.5569255,0.252
94199.882027,-0.783268648,0.0261201271,77.566333,0.252
94199.886195,-0.797421345,-0.0339336759,29.7028444,0.252
94199.890364,-0.82967918,-0.0624393144,29.7122623,0.252
94199.894532,-0.835213477,-0.0848957773,51.2971301,0.252
94199.898701,-0.822384918,-0.092133078,50.9404292,0.252
94199.902869,-0.819917918,-0.0754349643,51.2919727,0.252
94199.907037,-0.773073378,-0.0314160009,53.3837118,0.252
94199.911206,-0.820856094,-0.0309084317,53.9547668,0.252
94199.915374,-0.783963391,-0.0172204525,92.1184769,0.252
94199.919543,-0.803623939,-0.0145685724,93.2319921,0.252
94199.923711,-0.836373522,-0.0252240476,103.359924,0.252
94199.927879,-0.805223753,-0.0173196845,102.891741,0.252
94199.932048,-0.81840876,-0.0175798657,102.232259,0.252
94199.936216,-0.765151377,-0.0421820049,129.342217,0.252
94199.940385,-0.799464805,-0.0305913606,133.746906,0.252
94199.944553,-0.795675842,-0.0162671353,154.020249,0.252
94199.948722,-0.808748323,-0.0342519063,155.066831,0.252
94199.952890,-0.802027028,-0.0383974405,156.705516,0.252
94199.957058,-0.77703597,-0.0528784259,112.993754,0.252
94199.961227,-0.798119871,-0.0302543004,120.092028,0.252
94199.965395,-0.788738576,-0.0346746297,93.3326956,0.252
94199.969564,-0.81948355,-0.0262391635,94.5123672,0.252
94199.973732,-0.800371339,-0.0333294801,149.950037,0.252
94199.977900,-0.794265447,-0.040467683,146.960508,0.252
94199.982069,-0.794602963,-0.0287392102,141.70937,0.252
94199.986237,-0.779253847,-0.0249805562,100.381187,0.252
94199.990406,-0.79582424,-0.0390599699,99.4908722,0.252
94199.994574,-0.766891446,-0.0154954445,164.192106,0.252
94199.998743,-0.778983525,-0.0136165111,178.388948,0.252
94200.002911,-0.794572264,-0.00931681733,188.325724,0.252
94200.007079,-0.839021501,-0.0166896895,71.6887654,0.252
94200.011248,-0.831100476,-0.0384064884,70.7880166,0.252
94200.015416,-0.735499472,-0.0317627214,44.8037604,0.252
94200.019585,-0.777962956,-0.0597589428,44.9390114,0.252
94200.023753,-0.807039037,-0.0478503356,99.0881943,0.252
94200.027921,-0.784158966,-0.0335076538,99.575129,0.252
94200.032090,-0.79150719,-0.0310581316,101.16804,0.252
94200.036258,-0.749789661,-0.00265756091,103.532022,0.252
94200.040427,-0.766563073,-0.0406049376,105.882701,0.252
94200.044595,-0.774956791,-0.0485766339,146.693835,0.252
94200.048763,-0.776451494,-0.0592710139,136.995175,0.252
94200.052932,-0.769363238,-0.0881548422,146.266073,0.252
94200.057100,-0.806607375,-0.0381724902,44.9697008,0.252
94200.061269,-0.799385916,-0.00280088085,44.9633496,0.252
94200.065437,-0.768130707,0.00744990043,140.272701,0.252
94200.069605,-0.767661634,0.0475213061,130.338403,0.252
94200.073774,-0.751305908,-0.00939548878,26.3527526,0.252
94200.077942,-0.767732568,-0.0278114751,26.3660561,0.252
94200.082111,-0.761864491,-0.0715059576,26.3496426,0.252
94200.086279,-0.771479732,-0.0951723651,41.6436773,0.252
94200.090448,-0.775525052,-0.119014056,41.7570976,0.252
94200.094616,-0.763833511,-0.0535237948,33.4375684,0.252
94200.098784,-0.766679336,-0.0480036691,33.3077027,0.252
94200.102953,-0.785375973,-0.0296911493,33.1799235,0.252
94200.107121,-0.775860188,0.0069360335,36.0346893,0.252
94200.111290,-0.761356623,0.0176762746,36.0081142,0.252
94200.115458,-0.757431818,-0.0247072025,170.621329,0.252
94200.119626,-0.746155174,-0.0137392004,171.631079,0.252
94200.123795,-0.774895415,-0.0415404307,89.2259346,0.252
94200.127963,-0.764078183,-0.0350022273,88.9650652,0.252
94200.132132,-0.751452036,-0.0345563869,91.0466376,0.252
94200.136300,-0.727963436,-0.016186045,103.799902,0.252
94200.140468,-0.748765675,-0.0079297072,101.197448,0.252
94200.144637,-0.75563815,-0.0484660045,44.9221063,0.252
94200.148805,-0.75078637,-0.0647421799,44.7956621,0.252
94200.152974,-0.732090038,-0.0701009471,45.1098947,0.252
94200.157142,-0.725323021,-0.0489712598,102.290662,0.252
94200.161311,-0.75428624,-0.0411686519,103.571373,0.252
94200.165479,-0.744924694,-0.0215402016,73.6171007,0.252
94200.169647,-0.729493174,0.009182931,74.6025637,0.252
94200.173816,-0.720611329,-0.0282572563,182.280584,0.252
94200.177984,-0.738928217,-0.0290938347,175.12801,0.252
94200.182153,-0.733516048,-0.0254068576,171.362619,0.252
94200.186321,-0.73020595,-0.00682755626,135.628252,0.252
94200.190489,-0.72088272,0.00903385392,137.643173,0.252
94200.194658,-0.711132048,0.00478219956,136.555517,0.252
94200.198826,-0.721251602,-0.00540388942,133.592356,0.252
94200.202995,-0.710697477,-0.0257510244,133.94321,0.252
94200.207163,-0.732746349,-0.0790096816,102.912969,0.252
94200.211331,-0.724636972,-0.0610326405,107.00229,0.252
94200.215500,-0.709287263,-0.0123056727,49.0861795,0.252
94200.219668,-0.726221994,-0.000637848005,48.9596986,0.252
94200.223837,-0.718432166,0.0315947192,49.2145465,0.252
94200.228005,-0.725436588,0.00449227601,181.64797,0.252
94200.232174,-0.704896458,0.0137225736,196.031339,0.252
94200.236342,-0.704077619,-0.0333110933,54.1224666,0.252
94200.240510,-0.695373325,-0.0680833106,54.1784197,0.252
94200.244679,-0.711518281,-0.0343931965,179.228403,0.252
94200.248847,-0.720385702,-0.0323240134,178.398182,0.252
94200.253016,-0.713729881,-0.0131217752,178.492268,0.252
94200.257184,-0.717026246,-0.0231385533,152.997451,0.252
94200.261352,-0.729085133,-0.0330971247,147.992857,0.252
94200.265521,-0.704165097,-0.0321048085,114.867903,0.252
94200.269689,-0.709263246,-0.0438008679,111.715843,0.252
94200.273858,-0.718747095,-0.0420351601,110.474735,0.252
94200.278026,-0.689728151,-0.0194768913,73.1555901,0.252
94200.282194,-0.701733475,-0.00361587948,73.2488679,0.252
94200.286363,-0.71115451,-0.0152266655,94.9819106,0.252
94200.290531,-0.688661774,-0.00456926241,95.1214471,0.252
94200.294700,-0.697088785,-0.0222343349,62.3050384,0.252
94200.298868,-0.700317711,-0.0367474584,62.1990692,0.252
94200.303036,-0.711013876,-0.0646122177,61.9547542,0.252
94200.307205,-0.722128667,-0.0288692246,80.0761597,0.252
94200.311373,-0.733902599,-0.0187121703,79.2053391,0.252
94200.315542,-0.706450937,-0.0281862789,65.8853973,0.252
94200.319710,-0.69371502,0.00537265817,67.1796308,0.252
94200.323879,-0.702302903,0.0129226079,66.9930346,0.252
94200.328047,-0.722738379,-0.00823752307,103.234536,0.252
94200.332215,-0.701661274,0.00981664086,105.631683,0.252
94200.336384,-0.696718439,-0.000473823301,116.452636,0.252
94200.340552,-0.699807447,-0.0309008431,113.963891,0.252
94200.344721,-0.719634524,-0.0193676642,131.411168,0.252
94200.348889,-0.698653187,-0.0279186614,136.818511,0.252
94200.353057,-0.718947078,-0.00390395341,131.545788,0.252
94200.357226,-0.700096145,-0.0127756957,197.946955,0.252
94200.361394,-0.719181976,-0.00889318945,199.530361,0.252
94200.365563,-0.730236787,0.00628466042,156.059307,0.252
94200.369731,-0.72412117,0.0260239165,157.986201,0.252
94200.373900,-0.749815738,0.0191852142,147.614432,0.252
94200.378068,-0.69731787,-0.0192637055,43.7867671,0.252
94200.382236,-0.723354346,-0.0344229237,43.5830136,0.252
94200.386405,-0.718754737,-0.0424808992,67.1950661,0.252
94200.390573,-0.713048283,-0.0345143259,67.1909198,0.252
94200.394742,-0.720561763,-0.00556500213,90.9841611,0.252
94200.398910,-0.716439956,-0.00471758159,92.3477197,0.252
94200.403078,-0.715832132,0.000745354846,92.4534191,0.252
94200.407247,-0.737154126,0.00364820415,95.3587103,0.252
94200.411415,-0.730357203,-0.00794904887,96.4502095,0.252
94200.415584,-0.728085918,0.000631783704,86.8525452,0.252
94200.419752,-0.720142009,0.00767259955,86.2204013,0.252
94200.423920,-0.751633469,0.00935322679,84.9036418,0.252
94200.428089,-0.74594015,0.0239017547,110.720531,0.252
94200.432257,-0.710102003,0.0386448204,109.725483,0.252
94200.436426,-0.734967147,0.00118111684,54.4897906,0.252
94200.440594,-0.7333956,-0.022332969,54.6502544,0.252
94200.444762,-0.738518078,-0.0090416597,207.260067,0.252
94200.448931,-0.7405178,-0.000993892138,194.253141,0.252
94200.453099,-0.733316035,-0.0153216201,213.857243,0.252
94200.457268,-0.740173891,0.00242621096,96.4837772,0.252
94200.461436,-0.761108719,-0.0019429623,95.5919454,0.252
94200.465605,-0.75251651,-0.00770240105,88.5937691,0.252
94200.469773,-0.734717055,0.00517272112,90.2156161,0.252
94200.473941,-0.760575198,0.0278485878,90.1846229,0.252
94200.478110,-0.757160655,0.0210121519,146.32534,0.252
94200.482278,-0.737870323,0.0632987625,136.952499,0.252
94200.486447,-0.754533744,0.035079273,50.8832668,0.252
94200.490615,-0.740013833,0.0357139035,51.3438344,0.252
94200.494783,-0.744625773,-0.0107106795,61.9889023,0.252
94200.498952,-0.758725814,-0.0563808454,61.3726841,0.252
94200.503120,-0.789100587,-0.09253959,60.3724059,0.252
94200.507289,-0.781815432,-0.0131812271,30.4619758,0.252
94200.511457,-0.792838706,0.0346931824,30.6650112,0.252
94200.515625,-0.733638905,0.0674455783,45.7774988,0.252
94200.519794,-0.738514183,0.128638193,45.8159121,0.252
94200.523962,-0.748367861,0.133158113,45.981056,0.252
94200.528131,-0.761560877,0.0526353855,27.7157282,0.252
94200.532299,-0.75088259,-0.00686470013,27.6797304,0.252
94200.536468,-0.766264211,-0.0340415731,49.208983,0.252
94200.540636,-0.769926622,-0.0594679351,49.1323254,0.252
94200.544804,-0.789772994,0.0174501815,25.0762005,0.252
94200.548973,-0.767790954,0.0775113404,25.1025197,0.252
94200.553141,-0.797988394,0.112185099,25.0845438,0.252
94200.557310,-0.760330015,0.0993049924,129.303593,0.252
94200.561478,-0.767941663,0.0920044292,137.105529,0.252
94200.565646,-0.766744975,0.0305494991,54.5079158,0.252
94200.569815,-0.74827213,0.0149211931,54.6010334,0.252
94200.573983,-0.762450797,0.0193687347,54.6373752,0.252
94200.578152,-0.7706152,0.070798825,62.64435,0.252
94200.582320,-0.787218028,0.0918776497,62.0033511,0.252
94200.586488,-0.784178038,0.0940622287,88.3790267,0.252
94200.590657,-0.768180663,0.0906560412,86.9602342,0.252
94200.594825,-0.782682778,0.0703928122,84.7954656,0.252
94200.598994,-0.759089719,0.0422334298,66.086544,0.252
94200.603162,-0.750539329,0.0012121109,66.9083232,0.252
94200.607330,-0.769835254,0.0520249978,67.7321508,0.252
94200.611499,-0.782759108,0.0739622375,67.3697854,0.252
94200.615667,-0.77558347,0.0784417561,41.2043698,0.252
94200.619836,-0.795563258,0.103764901,41.1391802,0.252
94200.624004,-0.745230512,0.0969254997,41.1816302,0.252
94200.628173,-0.754093105,0.0704714798,94.1942542,0.252
94200.632341,-0.761831458,0.0759035702,93.8195866,0.252
94200.636509,-0.756278403,0.0895501654,80.6942139,0.252
94200.640678,-0.813445057,0.0924133411,80.9179682,0.252
94200.644846,-0.765424532,0.117059542,80.2931618,0.252
94200.649015,-0.768639729,0.0729297658,62.2584063,0.252
94200.653183,-0.782845306,0.052789545,62.1114155,0.252
94200.657351,-0.749217132,0.0600582806,122.533535,0.252
94200.661520,-0.764215271,0.0490011419,130.33561,0.252
94200.665688,-0.767514112,0.0522849062,97.360341,0.252
94200.669857,-0.760425814,0.0653140332,94.4666143,0.252
94200.674025,-0.748193863,0.0836181121,92.0983822,0.252
94200.678194,-0.777770109,0.0964834199,72.7790591,0.252
94200.682362,-0.759894833,0.0943707558,71.9473148,0.252
94200.686530,-0.768719117,0.0564729119,127.255974,0.252
94200.690699,-0.775792357,0.0534166578,131.261992,0.252
94200.694867,-0.76756669,0.0358402647,136.878376,0.252
94200.699035,-0.783476001,0.0621188184,95.678083,0.252
94200.703204,-0.778631959,0.0789210954,93.1384387,0.252
94200.707372,-0.765556459,0.0715318661,107.699729,0.252
94200.711541,-0.753506769,0.0808958292,103.777537,0.252
94200.715709,-0.773909606,0.0684013407,167.003958,0.252
94200.719878,-0.76968542,0.0631548104,175.697918,0.252
94200.724046,-0.753463124,0.0643551699,153.08542,0.252
94200.728214,-0.761895716,0.0490210104,143.909745,0.252
94200.732383,-0.750196814,0.0212898225,145.911006,0.252
94200.736551,-0.767915064,0.0506796313,104.570593,0.252
94200.740720,-0.779865122,0.0752934678,100.446404,0.252
94200.744888,-0.777014564,0.0850330078,100.455173,0.252
94200.749057,-0.781688391,0.0792263012,113.398226,0.252
94200.753225,-0.767075262,0.0658549394,105.635789,0.252
94200.757393,-0.759252339,0.0355001171,63.3434184,0.252
94200.761562,-0.759938215,0.0085156585,64.3331327,0.252
94200.765730,-0.759182093,0.0424322285,107.77694,0.252
94200.769899,-0.750044603,0.0108738653,110.563252,0.252
94200.774067,-0.753877188,0.0398685729,111.317677,0.252
94200.778235,-0.743727956,0.0686806404,47.2087267,0.252
94200.782404,-0.774957285,0.0781936167,47.3434202,0.252
94200.786572,-0.768207995,0.0563782215,103.35842,0.252
94200.790741,-0.753742131,0.0559118442,102.096959,0.252
94200.794909,-0.738728301,0.0529736351,105.349212,0.252
94200.799077,-0.748215335,0.00831015537,72.8135449,0.252
94200.803246,-0.750547796,-0.0013835599,72.697793,0.252
94200.807414,-0.754843339,0.0466804266,56.997242,0.252
94200.811583,-0.749632525,0.0514058084,57.2372283,0.252
94200.815751,-0.730672804,0.039895621,131.569957,0.252
94200.819919,-0.740774135,0.00665149391,131.614277,0.252
94200.824088,-0.767938869,0.00648487159,133.144261,0.252
94200.828256,-0.753301265,0.0371189031,34.2542805,0.252
94200.832425,-0.786026764,0.0429853227,34.221744,0.252
94200.836593,-0.73508057,0.0522573465,57.7838954,0.252
94200.840762,-0.730646886,0.0819557958,57.3438175,0.252
94200.844930,-0.741851521,0.0983020089,57.2676868,0.252
94200.849098,-0.73007895,0.0576424629,50.6683089,0.252
94200.853267,-0.727801243,0.0515093687,50.7464382,0.252
94200.857435,-0.737327907,0.00822126551,44.9036235,0.252
94200.861604,-0.73036906,-0.0106970232,45.0879286,0.252
94200.865772,-0.739693023,0.0070997321,72.8496974,0.252
94200.869940,-0.735632316,-0.0128359224,72.4256395,0.252
94200.874109,-0.731951576,-0.00123496624,73.2649229,0.252
94200.878277,-0.723316614,0.0455766702,36.5656565,0.252
94200.882446,-0.734810611,0.0552650393,36.551222,0.252
94200.886614,-0.733968419,0.0502074804,164.034686,0.252
94200.890782,-0.697131198,0.0920142926,167.56465,0.252
94200.894951,-0.698754013,0.0955072126,175.887577,0.252
94200.899119,-0.701698673,0.0642063342,38.3010486,0.252
94200.903288,-0.721142746,0.0303194408,38.1384058,0.252
94200.907456,-0.767197036,-0.0242469737,33.0157521,0.252
94200.911625,-0.722741895,-0.0468734054,33.0765653,0.252
94200.915793,-0.729667313,-0.0339484785,33.1144517,0.252
94200.919961,-0.669355562,0.0227614732,56.3262245,0.252
94200.924130,-0.705009779,0.00862302079,56.305433,0.252
94200.928298,-0.718309003,0.0455308146,45.3571203,0.252
94200.932467,-0.721248371,0.0252163928,45.3588314,0.252
94200.936635,-0.736397372,0.0417482048,93.7352693,0.252
94200.940803,-0.713264082,0.0644826276,93.0467666,0.252
94200.944972,-0.73221134,0.0648667554,92.6111291,0.252
94200.949140,-0.693261587,0.0481602652,69.042702,0.252
94200.953309,-0.688092536,0.0384703605,69.8476483,0.252
94200.957477,-0.689254073,-0.0110849747,57.3877127,0.252
94200.961645,-0.675977949,0.00287504252,57.184188,0.252
94200.965814,-0.695733538,-0.0332944707,57.3420571,0.252
94200.969982,-0.707126679,-0.00430233926,119.046269,0.252
94200.974151,-0.694282461,0.0281316969,119.276146,0.252
94200.978319,-0.676879464,0.0320431862,126.572956,0.252
94200.982488,-0.666123186,0.0561282525,123.045863,0.252
94200.986656,-0.672667586,0.0291582786,89.5561323,0.252
94200.990824,-0.666904997,-0.00984365074,90.1385712,0.252
94200.994993,-0.668485666,-0.00842091057,89.8070271,0.252
94200.999161,-0.653674443,0.00235646469,85.4067202,0.252
94201.003330,-0.656874484,-0.00684503308,85.7820656,0.252
94201.007498,-0.657519996,0.0157234936,74.7384702,0.252
94201.011666,-0.658094903,0.0159375619,74.1427615,0.252
94201.015835,-0.642921835,0.0165173046,74.0676067,0.252
94201.020003,-0.64181624,0.0178960746,75.763964,0.252
94201.024172,-0.640082249,0.0219175773,75.3826065,0.252
94201.030424,-0.627215183,0.0227570558,80.723779,0.252
94201.036677,-0.620749883,0.00649859555,65.8133951,0.252
94201.040845,-0.628188522,-0.0196809339,65.9500734,0.252
94201.045014,-0.605486606,-0.0279826121,66.1697516,0.252
94201.049182,-0.616483444,-0.0371925666,68.2065634,0.252
94201.053351,-0.588491395,-0.0311722955,68.932455,0.252
94201.057519,-0.582616755,0.031472694,49.0769479,0.252
94201.061687,-0.594910462,0.0486921954,49.1446055,0.252
94201.065856,-0.58428328,0.0444623948,49.1216163,0.252
94201.070024,-0.584068277,-0.0183102935,50.4415071,0.252
94201.074193,-0.570773471,-0.0291990811,50.4223943,0.252
94201.078361,-0.553384516,-0.0339539175,99.0026672,0.252
94201.082529,-0.554676229,-0.0392635268,99.0144883,0.252
94201.086698,-0.552618079,-0.0158296305,54.6029947,0.252
94201.090866,-0.550548027,-0.0209690101,54.3915089,0.252
94201.095035,-0.545518506,-0.00860954695,54.7709188,0.252
94201.099203,-0.528642842,0.000872663376,80.7971869,0.252
94201.103371,-0.523232703,0.010772437,81.4519111,0.252
94201.107540,-0.510243756,-0.017103751,79.1715075,0.252
94201.111708,-0.508521124,-0.0366510642,79.36204,0.252
94201.115877,-0.498722561,-0.0555245542,77.7119828,0.252
94201.120045,-0.496137838,-0.061051762,70.6151378,0.252
94201.124213,-0.491064582,-0.0677506784,70.4640358,0.252
94201.128382,-0.485242687,-0.0430891062,59.9149097,0.252
94201.132550,-0.484425947,-0.0367572393,60.2230678,0.252
94201.136719,-0.468018653,-0.03900278,93.6313614,0.252
94201.140887,-0.459230803,-0.025012546,94.8432483,0.252
94201.145056,-0.45587776,-0.033356291,93.4368137,0.252
94201.149224,-0.448286563,-0.0557485189,61.6031753,0.252
94201.153392,-0.444818551,-0.0617979527,61.5052567,0.252
94201.157561,-0.429717684,-0.0571453407,83.0375564,0.252
94201.161729,-0.422536573,-0.0532198508,83.6756867,0.252
94201.165898,-0.41433562,-0.0455340383,84.0398245,0.252
94201.170066,-0.409349487,-0.0449760174,73.6750882,0.252
94201.174234,-0.406654981,-0.0497907579,73.2761501,0.252
94201.178403,-0.399231107,-0.0438282523,89.0807648,0.252
94201.182571,-0.400165757,-0.0421673268,89.6652073,0.252
94201.186740,-0.395488102,-0.0382451981,130.144431,0.252
94201.190908,-0.390805784,-0.0312092489,132.7498,0.252
94201.195076,-0.379551665,-0.0330645889,131.230419,0.252
94201.199245,-0.361905269,-0.0361264121,134.129511,0.252
94201.203413,-0.358865815,-0.0266879766,132.902213,0.252
94201.207582,-0.3497244,-0.0204506184,118.885101,0.252
94201.211750,-0.348874513,-0.0117613267,120.514422,0.252
94201.215919,-0.329657685,-0.00444191302,119.782647,0.252
94201.220087,-0.327306045,-0.0230099924,175.226601,0.252
94201.224255,-0.318426223,-0.0180627603,186.233839,0.252
94201.228424,-0.321632964,-0.0196911698,92.721365,0.252
94201.232592,-0.314446846,-0.0124078362,93.2566195,0.252
94201.236761,-0.30267771,-0.00494315022,118.763399,0.252
94201.240929,-0.299104421,0.0129193162,120.422032,0.252
94201.245097,-0.292224044,0.0225226911,118.492386,0.252
94201.249266,-0.284445046,0.00854951833,128.435036,0.252
94201.253434,-0.27294131,0.00139721291,127.789634,0.252
94201.257603,-0.266997806,-0.00706336153,108.843217,0.252
94201.261771,-0.25962895,-0.0172320245,107.210663,0.252
94201.265939,-0.255721801,-0.0223397578,106.680741,0.252
94201.270108,-0.24635527,-0.00941603012,277.383086,0.252
94201.274276,-0.239024154,-0.00800426483,264.572958,0.252
94201.278445,-0.231409518,0.00484928024,159.994054,0.252
94201.282613,-0.222636744,0.00660864302,157.665624,0.252
94201.286781,-0.215528585,0.00280585358,160.902208,0.252
94201.290950,-0.208153748,0.00500160366,192.072846,0.252
94201.295118,-0.198528735,-0.000176420332,201.059385,0.252
94201.299287,-0.190417259,0.00176064456,212.99141,0.252
94201.303455,-0.182316864,0.00606990016,211.859051,0.252
94201.307624,-0.176252484,-0.000745905676,201.049162,0.252
94201.311792,-0.166297471,0.000702494883,202.277407,0.252
94201.315960,-0.157862963,-0.00167678076,206.958534,0.252
94201.320129,-0.151147888,-0.00396303139,165.5181,0.252
94201.324297,-0.146181465,-0.00530134688,165.984877,0.252
94201.328466,-0.136753748,-0.000781889646,168.675545,0.252
94201.332634,-0.130258241,0.000540187693,168.485058,0.252
94201.336802,-0.125454755,0.00361199809,167.428366,0.252
94201.340971,-0.116056534,-0.000784299009,170.769941,0.252
94201.345139,-0.110419786,0.000853327173,173.438998,0.252
94201.349308,-0.100914916,-0.00431125914,163.949433,0.252
94201.353476,-0.0975898836,-0.00993417799,161.917101,0.252
94201.357644,-0.0893041262,-0.00846334292,279.141736,0.252
94201.361813,-0.0860747434,-0.0107342384,271.668135,0.252
94201.365981,-0.0808869263,-0.0126126984,272.363795,0.252
94201.370150,-0.0716060885,-0.00018829967,205.65568,0.252
94201.374318,-0.0708987876,0.000571089838,211.500337,0.252
94201.378487,-0.0625328472,-0.000350951744,183.195749,0.252
94201.382655,-0.0570512676,-0.00347536823,185.009213,0.252
94201.386823,-0.0548115859,-0.00295331532,185.150518,0.252
94201.390992,-0.0470189855,-0.00788468424,129.775758,0.252
94201.395160,-0.0435004558,-0.00919699546,131.034519,0.252
94201.399329,-0.036962352,-0.00852125999,113.079152,0.252
94201.403497,-0.0336316165,-0.00705924415,113.865354,0.252
94201.407665,-0.0283160265,-0.00827124815,102.367478,0.252
94201.411834,-0.0254333575,-0.00862775833,102.614088,0.252
94201.416002,-0.0262545118,-0.0104308824,102.495108,0.252
94201.420171,-0.0201485419,-0.0100829999,91.8254382,0.252
94201.424339,-0.0189484593,-0.00805815943,91.8455419,0.252
94201.428507,-0.0155449333,-0.00749026053,78.7679866,0.252
94201.432676,-0.013628417,-0.00582863332,78.9329898,0.252
94201.436844,-0.0128362367,-0.00344695427,79.1483189,0.252
94201.441013,-0.00778316755,-0.0057253384,65.0940479,0.252
94201.445181,-0.0076415072,-0.00347634252,65.121263,0.252
94201.449350,-0.00380441255,-0.0052650084,59.5004849,0.252
94201.453518,-0.00107137452,-0.00564620907,59.4894839,0.252
94201.457686,0.000988997497,-0.00222100242,58.5525522,0.252
94201.461855,0.00153460068,-0.0023259536,58.5614054,0.252
94201.466023,0.00387340321,-0.00298253366,58.6118743,0.252
94201.470192,0.00340779842,-0.00109101816,59.2781414,0.252
94201.474360,0.00369174751,-0.00163679316,59.2766742,0.252
94201.478528,0.00544008627,0.00224802268,59.6335348,0.252
94201.482697,0.00293435867,-0.00113915131,59.5879425,0.252
94201.486865,0.00606915017,0.00326461234,59.6789,0.252
94201.491034,0.00602084328,0.00637433726,58.428529,0.252
94201.495202,0.00556845434,0.00727558165,58.4730818,0.252
94201.499370,0.00490358382,0.00477036829,61.956494,0.252
94201.503539,0.00462238628,0.00519163452,61.9807649,0.252
94201.507707,0.005205618,0.00131452562,67.1001681,0.252
94201.511876,0.00491045696,0.00180718774,67.1513674,0.252
94201.516044,0.00508371364,-0.00135166574,67.061312,0.252
94201.520213,0.00376426486,-0.00067980495,73.4763439,0.252
94201.524381,0.00294481242,-0.000280554504,73.5280508,0.252
94201.528549,0.00321933606,0.000775373204,85.1120585,0.252
94201.532718,0.00398458236,0.00272710085,85.0396828,0.252
94201.536886,0.00497881917,0.0054668484,85.0270261,0.252
94201.541055,0.00398926176,0.000445888499,102.237581,0.252
94201.545223,0.00513525488,-0.000425209464,102.315951,0.252
94201.549391,0.00388472471,-0.0028102789,159.524029,0.252
94201.553560,0.00492605962,-0.00557227623,160.196928,0.252
94201.557728,0.000869941695,0.00077407351,293.283941,0.252
94201.561897,0.00207764644,0.00156014613,291.689905,0.252
94201.566065,0.0033828213,0.00327667158,295.746457,0.252
94201.570233,-0.00130647254,5.84499177e-05,425.997932,0.252
94201.574402,0.000672079672,0.00143170907,408.590182,0.252
94201.578570,-0.000623548159,-0.000616543796,247.347358,0.252
94201.582739,0.00293212156,0.000887559863,239.092979,0.252
94201.586907,0.00660771781,0.000877431002,236.688161,0.252
94201.591075,0.00321267322,8.64180384e-05,177.690766,0.252
94201.595244,0.00336665028,0.000308279735,178.427683,0.252
94201.599412,0.00420365939,0.00132029634,249.379126,0.252
94201.603581,0.00256592052,-0.00101541655,251.160372,0.252
94201.607749,0.00163472053,0.0017969308,258.253523,0.252
94201.611918,0.000558446482,0.00117800833,259.935203,0.252
94201.616086,-0.000128474216,0.00299251128,265.571517,0.252
94201.620254,0.00222178605,0.00279422297,471.426796,0.252
94201.624423,0.000864594016,0.00158355497,472.88709,0.252
94201.628591,0.00213840443,0.000583056346,905.632994,0.252
94201.632760,0.00083638079,0.00101009821,855.173423,0.252
94201.636928,0.00103613808,0.00134348005,978.823888,0.252
94201.641096,0.00182124115,0.000612032887,789.850094,0.252
94201.645265,0.00148300012,0.000545051436,769.124556,0.252
94201.649433,0.0021953523,-0.000582810225,445.227279,0.252
94201.653602,0.00220466776,-0.00142756477,453.823835,0.252
94201.657770,0.00168946334,-0.00150132996,450.538233,0.252
94201.661938,0.00119788435,-0.000900431469,566.383969,0.252
94201.666107,0.000815865092,-0.000874508594,579.293462,0.252
94201.670275,0.000507423563,0.000454493693,703.061341,0.252
94201.674444,0.00104792124,0.000684315497,675.337884,0.252
94201.678612,-0.000618283823,0.000551185064,903.305798,0.252
94201.682781,-0.00123145205,0.00117903272,896.031041,0.252
94201.686949,-0.000342709549,0.00100444963,1040.49487,0.252
94201.691117,-0.00221543264,-0.00203816511,446.705816,0.252
94201.695286,-0.002136528,-0.00278844696,435.969547,0.252
94201.699454,-0.00431072025,0.00128985712,599.697249,0.252
94201.703623,-0.00388393081,0.000566609886,633.848733,0.252
94201.707791,-0.00478139526,0.000493286969,601.738788,0.252
94201.711959,-0.00596307148,0.00223153911,369.726749,0.252
94201.716128,-0.00684637877,0.00182690715,353.030225,0.252
94201.720296,-0.00540411866,0.00127804735,479.458857,0.252
94201.724465,-0.00506439301,0.000865651387,473.838456,0.252
94201.728633,-0.00371278666,0.000442718189,623.546359,0.252
94201.732801,-0.00223902466,0.00124447922,656.758895,0.252
94201.736970,-0.00277333285,0.000598908411,653.40796,0.252
94201.741138,-0.00315357494,-0.00262230632,482.039065,0.252
94201.745307,-0.0034895326,-0.00223754082,477.705374,0.252
94201.749475,-0.00522493592,-0.00133188297,437.572964,0.252
94201.753644,-0.00437872324,-0.000655453727,446.29193,0.252
94201.757812,-0.0032996132,0.000614679248,450.122494,0.252
94201.761980,-0.00250954,0.000723918572,460.570614,0.252
94201.766149,-0.00277463788,0.00116671148,451.222901,0.252
94201.770317,-0.00435722118,0.000599031745,276.859235,0.252
94201.774486,-0.00394438432,-0.000506662744,276.564383,0.252
94201.778654,-0.0015790893,0.00243575375,302.479201,0.252
94201.782822,-0.00195412554,0.00265221201,298.930934,0.252
94201.786991,9.28847703e-05,0.00442485265,297.17255,0.252
94201.791159,0.00473044055,0.00752454565,289.150326,0.252
94201.795328,0.00702437541,0.00964195163,280.682833,0.252
94201.799496,0.0068182078,0.00657926729,354.17993,0.252
94201.803664,0.00591817359,0.00558448658,363.789195,0.252
94201.807833,0.00480391381,0.00202224829,383.33174,0.252
94201.812001,0.00388232427,0.0056603281,406.505232,0.252
94201.816170,0.00272106004,0.00419375784,402.920065,0.252
94201.820338,0.00658176974,0.00665146685,457.745999,0.252
94201.824507,0.00621016156,0.0046440133,476.187633,0.252
94201.828675,0.00629715436,0.00465596302,351.657713,0.252
94201.832843,0.00647546324,0.00430935736,357.302878,0.252
94201.837012,0.00501755666,0.00370737246,363.236558,0.252
94201.841180,0.00680791154,0.00278410443,309.707872,0.252
94201.845349,0.0061579944,0.00299260712,307.708682,0.252
94201.849517,0.00625793807,0.00128090382,332.135612,0.252
94201.853685,0.00584520509,0.00217605674,325.671672,0.252
94201.857854,0.00527855007,0.00291089295,327.473788,0.252
94201.862022,0.00671265163,-0.00172197202,245.739762,0.252
94201.866191,0.00626444497,-0.00159426764,248.214374,0.252
94201.870359,0.00561778803,-0.00429141012,203.601496,0.252
94201.874527,0.00561942022,-0.00500831749,203.145243,0.252
94201.878696,0.00472368798,-0.00238659979,272.975539,0.252
94201.882864,0.00465425277,-0.00310666155,277.220201,0.252
94201.887033,0.00479769424,-0.00369681793,275.092704,0.252
94201.891201,0.00360431783,-0.00126465988,349.634462,0.252
94201.895369,0.00353452305,-0.00164452707,348.238274,0.252
94201.899538,0.00238940159,4.54894717e-05,422.135145,0.252
94201.903706,0.00220532749,0.000118348491,421.688451,0.252
94201.907875,0.002524637,-3.39748582e-05,419.644683,0.252
94201.912043,0.00128093923,-0.000488464015,511.738292,0.252
94201.916212,0.00113516342,-8.96677307e-05,512.034986,0.252
94201.920380,-4.54710386e-06,-7.71232249e-05,636.684155,0.252
94201.924548,-7.80660472e-06,-6.36256089e-05,653.251403,0.252
94201.928717,-0.00143052598,0.000326918888,1014.8735,0.252
94201.932885,-0.000787130565,3.29418939e-06,978.507145,0.252
94201.937054,-0.000112997502,0.000774425354,944.031388,0.252
94201.941222,-0.00291013108,0.000733003041,575.241652,0.252
94201.945390,-0.00190580054,0.00126401715,592.095739,0.252
94201.949559,-0.00239170923,0.000882526844,463.760424,0.252
94201.953727,-0.00230150315,0.000803028714,467.732738,0.252
94201.957896,-0.00193274419,0.00117630799,464.686691,0.252
94201.962064,-0.00287370319,0.000747510663,359.972175,0.252
94201.966232,-0.00222917928,0.000315632183,356.790984,0.252
94201.970401,-0.00174027155,-0.000191726124,395.444791,0.252
94201.974569,-0.00144570214,0.00016769426,393.177131,0.252
94201.978738,-0.000870086407,0.000231465015,388.980653,0.252
94201.982906,0.000643539608,-0.000523848359,427.801954,0.252
94201.987075,-1.99050279e-05,-0.000544517407,439.373391,0.252
94201.991243,-1.05240365e-05,0.000295712645,507.241867,0.252
94201.995411,-0.000477043706,0.000131094219,521.271761,0.252
94201.999580,0.000973841107,0.00065090428,977.795214,0.252
94202.003748,0.000582625447,0.000618959381,935.169275,0.252
94202.007917,-5.84339336e-05,-0.00013623411,918.52916,0.252
94202.012085,0.000613236109,8.47641586e-06,982.575951,0.252
94202.016253,0.00043349671,0.000300870957,934.38581,0.252
94202.020422,0.00176871594,-0.000718280134,591.52437,0.252
94202.024590,0.00142614786,-0.000763432032,620.285095,0.252
94202.028759,0.00133334671,-0.000761946952,596.172529,0.252
94202.032927,0.00108048685,-0.000834348118,570.715818,0.252
94202.037095,0.00131308572,-0.000710116058,591.690219,0.252
94202.041264,0.00132256714,-0.00132708791,532.7913,0.252
94202.045432,0.0015910244,-0.00111520693,540.602343,0.252
94202.049601,-0.000235098026,-0.000429813952,1256.10479,0.252
94202.053769,-4.129321e-05,-0.000473046101,1196.21604,0.252
94202.057938,0.000127286923,-0.000818678715,1154.48279,0.252
94202.062106,-0.000369422759,0.000398293098,1211.87833,0.252
94202.066274,-0.000704532695,0.000347793477,1317.79334,0.252
94202.070443,-0.00157242596,0.000342710913,912.882414,0.252
94202.074611,-0.00100863083,0.000324071928,895.516218,0.252
94202.078780,-0.000917435807,0.000203596986,984.576107,0.252
94202.082948,-0.00135547828,0.000202381111,826.102508,0.252
94202.087116,-0.000830450116,-0.000156582955,805.7002,0.252
94202.091285,-0.00142611403,0.000223236085,639.378799,0.252
94202.095453,-0.00143034624,0.000552959148,616.088837,0.252
94202.099622,-0.000198642867,0.000828348913,961.800312,0.252
94202.103790,-0.00035059868,0.000508637783,945.587277,0.252
94202.107959,-0.000374188084,0.000823461731,934.307055,0.252
94202.112127,0.000460599322,0.000700663402,1125.76138,0.252
94202.116295,-0.000143208443,0.000557255874,1140.77168,0.252
94202.120464,0.000872170958,-2.02026857e-05,1166.39905,0.252
94202.124632,0.00087882914,0.000241153216,1113.37412,0.252
94202.128800,0.00077401956,0.000192887479,1025.51659,0.252
94202.132969,0.00133839914,-8.87462326e-05,822.971211,0.252
94202.137137,0.00104758945,9.3116008e-05,822.123794,0.252
94202.141306,0.00151027114,-0.000543675934,643.494375,0.252
94202.145474,0.00143598597,-0.000202592236,642.474292,0.252
94202.149643,0.000794117852,-0.000293125639,813.848488,0.252
94202.153811,0.00101240615,-0.000251124034,818.030062,0.252
94202.157979,0.000866828161,-0.000217262028,737.555767,0.252
94202.162148,9.46069619e-05,0.000241883381,953.099506,0.252
94202.166316,0.000249314415,0.000404069515,1168.10538,0.252
94202.170485,-0.000876502242,-0.000132275362,1421.07956,0.252
94202.174653,-0.000509346659,-8.94028028e-05,1313.26406,0.252
94202.178821,-0.000699223613,0.000168963825,1384.82078,0.252
94202.182990,-0.000677426923,-3.05958258e-05,1147.73113,0.252
94202.187158,-0.000455459419,-4.76100052e-05,1130.87708,0.252
94202.191327,-0.00108906049,-0.000259321039,842.972011,0.252
94202.195495,-0.00106236553,-0.000291576784,824.9459,0.252
94202.199664,-0.000841217152,-5.99322114e-05,846.993185,0.252
94202.203832,-0.000979050552,-0.000182536287,901.498932,0.252
94202.208000,-0.000796791177,-0.000509325014,910.365912,0.252
94202.212169,0.000161901076,0.000131681342,1336.67779,0.252
94202.216337,3.35130414e-05,0.000392005284,1212.18497,0.252
94202.220506,0.000578560771,2.94777204e-05,1342.72237,0.252
94202.224674,0.000432194185,0.000268197839,1109.512,0.252
94202.228842,0.000410506067,0.000300534228,1406.5,0.252
94202.233011,0.00139178087,-0.000461613345,1009.80333,0.252
94202.237179,0.000746889439,0.000468463403,982.466242,0.252
94202.241348,0.000801746271,-8.23110657e-05,818.993719,0.252
94202.245516,0.00110175901,7.88184209e-05,851.44122,0.252
94202.249684,0.0006623288,-9.33769841e-05,1037.10609,0.252
94202.253853,0.000597650245,0.000243506706,1102.60165,0.252
94202.258021,0.000372712756,-8.78625419e-05,1102.23307,0.252
94202.262190,5.67755287e-05,0.000322882305,1426.86478,0.252
94202.266358,-0.00010875301,7.0424969e-05,1433.47756,0.252
94202.270527,-0.000801479634,4.65653256e-05,1206.62603,0.252
94202.274695,-0.00080234627,2.13972513e-05,1170.20635,0.252
94202.278863,-0.000800043639,9.33615325e-06,1169.2854,0.252
94202.283032,-0.000561180375,0.000180794739,1359.28702,0.252
94202.287200,-0.000620601876,-5.86972769e-05,1312.05627,0.252
94202.291369,-0.000659475552,-0.000452910751,1009.25228,0.252
94202.295537,-0.000948623939,-0.000455295201,1013.93582,0.252
94202.299705,-0.000598214541,0.000222266692,1022.22097,0.252
94202.303874,-0.00101179977,0.000352249549,909.173446,0.252
94202.308042,-0.000764398768,0.000185388416,863.388513,0.252
94202.312211,0.000576512123,-0.000228527399,1713.6892,0.252
94202.316379,0.000225152618,-0.00013643144,1564.76093,0.252
94202.320547,0.000333455746,-4.35304513e-05,1444.34175,0.252
94202.324716,-0.000189108302,0.000365730294,1556.57392,0.252
94202.328884,-0.00018354596,0.000351460239,1544.24763,0.252
94202.333053,0.00161551131,-0.000338989366,822.265911,0.252
94202.337221,0.00130051734,-9.96591036e-05,805.751983,0.252
94202.341390,0.00112978828,3.29204677e-06,953.090303,0.252
94202.345558,0.000905916143,0.00030626764,967.508421,0.252
94202.349726,0.000800950612,0.0002967647,866.898238,0.252
94202.353895,0.00042247689,-3.72720027e-05,985.88009,0.252
94202.358063,0.000119017584,0.000183117677,1148.96397,0.252
94202.362232,-7.89333794e-05,0.00036579334,1177.87454,0.252
94202.366400,-8.52237682e-05,0.000649162646,1318.39897,0.252
94202.370568,0.000121079401,8.2054239e-05,1526.11403,0.252
94202.374737,-0.000114473481,0.00012215578,1552.61506,0.252
94202.378905,1.94314473e-05,0.000292035772,1539.27491,0.252
94202.383074,-0.000791794282,-0.000277133459,1051.22987,0.252
94202.387242,-0.000590403732,-0.000125841287,1129.44626,0.252
94202.391410,-0.000117435089,-0.000223438988,1317.9303,0.252
94202.395579,-0.000425193386,0.000149296094,1320.65004,0.252
94202.399747,-0.000262729368,-0.000123995845,1404.90343,0.252
94202.403916,-0.000767934466,-0.000501541595,1129.14443,0.252
94202.408084,-0.000730423212,-0.000692987473,1162.92942,0.252
94202.412252,0.000321736058,0.000292129969,1387.75663,0.252
94202.416421,0.000159808008,0.000359649976,1571.10549,0.252
94202.420589,-5.31819733e-05,-0.000343498619,1384.18785,0.252
94202.424758,0.000176489511,-6.90186402e-05,1666.73909,0.252
94202.428926,0.000224627354,-0.00032261281,1707.64297,0.252
94202.433095,0.000483754189,0.000299892802,1108.61121,0.252
94202.437263,0.000645772791,0.000272696005,1192.19767,0.252
94202.441431,0.000435298764,0.000232606415,1187.85055,0.252
94202.445600,0.00070655887,-2.99524619e-06,1119.17718,0.252
94202.449768,0.000604369876,-2.07359695e-05,1193.47406,0.252
94202.453937,0.000605800368,0.000396958172,1081.65529,0.252
94202.458105,0.000520922515,0.000385768026,1142.45116,0.252
94202.462273,0.000375853637,0.000260935999,1545.77017,0.252
94202.466442,-5.18846392e-05,0.000308332123,1575.53022,0.252
94202.470610,0.000334856733,0.000450755299,1525.9323,0.252
94202.474779,0.000267609268,0.000482229843,1525.447,0.252
94202.478947,0.000598369516,0.000217456999,1569.04268,0.252
94202.483115,-0.000388627834,0.000118317105,1506.3777,0.252
94202.487284,-0.00036003357,0.000321648276,1414.54625,0.252
94202.491452,-0.000637802553,-0.00016694426,1265.34504,0.252
94202.495621,-0.00042461535,0.00012836845,1222.82535,0.252
94202.499789,-0.000537856577,-0.000418029506,1335.88261,0.252
94202.503958,-0.00045726466,0.000136497884,1507.54296,0.252
94202.508126,-7.34362382e-05,4.35443337e-05,1561.88264,0.252
94202.512294,6.93507278e-05,2.98563211e-05,1616.37231,0.252
94202.516463,-6.6475479e-05,-0.000251132043,1597.55875,0.252
94202.520631,0.000336394832,0.000320117087,1419.32267,0.252
94202.524800,0.000678957738,2.61596701e-05,1364.25083,0.252
94202.528968,0.000633779308,-9.86132425e-05,1374.77297,0.252
94202.533136,0.000466448281,0.000303563392,1371.35356,0.252
94202.537305,0.0005938786,-0.00016074932,1264.06915,0.252
94202.541473,0.000123034841,0.000109926813,1570.15066,0.252
94202.545642,9.0565013e-05,0.000163044335,1464.43088,0.252
94202.549810,-0.00010901807,-6.54250064e-05,1656.70319,0.252
94202.553978,6.17534624e-05,0.000104688256,1760.6001,0.252
94202.558147,5.77556873e-05,0.000135462496,1532.17801,0.252
94202.562315,-0.000448407672,0.000126408105,1218.36193,0.252
94202.566484,-0.000339122409,0.000199274679,1163.07745,0.252
94202.570652,-0.000189487653,-0.00031214164,1548.08378,0.252
94202.574821,-4.45658173e-05,0.000233851903,1565.92749,0.252
94202.578989,-9.00178722e-05,-9.96894908e-05,1583.92894,0.252
94202.583157,-0.000261530715,1.20748525e-05,1396.01323,0.252
94202.587326,-0.000231805321,-0.000398934892,1308.39203,0.252
94202.591494,-0.000700722095,0.000184137836,1047.7908,0.252
94202.595663,-0.000939394277,3.2510731e-05,1084.65166,0.252
94202.599831,-0.000789183461,-9.83910002e-05,948.412599,0.252
94202.603999,-0.000243186502,4.06692798e-05,1458.43889,0.252
94202.608168,-0.000204762147,-0.000540302379,1463.50615,0.252
94202.612336,-5.12187557e-05,0.000176799851,1443.85366,0.252
94202.616505,0.000188942192,-1.93999611e-05,1643.83136,0.252
94202.620673,0.000581307331,0.000300742684,1425.7989,0.252
94202.624841,0.000106766017,-9.44351173e-06,1338.74843,0.252
94202.629010,0.000459458129,0.000232242509,1298.59114,0.252
94202.633178,0.000327902756,-0.000214434701,1384.02881,0.252
94202.637347,0.000739100266,-1.62753893e-06,1413.80412,0.252
94202.641515,0.000127103321,-6.55656679e-05,1350.84426,0.252
94202.645683,0.000330558795,0.000222483884,1394.47205,0.252
94202.649852,0.000403806934,-0.000221500323,1258.89684,0.252
94202.654020,-0.000102418945,7.50685482e-05,1684.55462,0.252
94202.658189,-0.00031857018,0.000100461547,1625.12672,0.252
94202.662357,-0.00046678325,8.04566438e-05,1607.55505,0.252
94202.666526,-5.58455339e-06,7.89276149e-05,1511.28659,0.252
94202.670694,-0.000508262662,-0.000291640992,1777.43249,0.252
94202.674862,-0.000187442359,-0.000158809379,1612.75135,0.252
94202.679031,-0.000156773589,-0.000188603073,1714.07886,0.252
94202.683199,-0.000470238404,0.000371726256,1344.00882,0.252
94202.687368,-0.000479210666,-9.10815427e-05,1418.06939,0.252
94202.691536,-0.000254955841,-5.16824312e-05,1454.35436,0.252
94202.695704,-0.00016149745,4.98065588e-05,1526.19762,0.252
94202.699873,2.745714e-05,0.000120174073,1514.35218,0.252
94202.704041,-0.000196584437,-4.35534235e-05,1662.05368,0.252
94202.708210,-0.000162467385,-0.000288017397,1578.08865,0.252
94202.712378,0.000302982936,0.000200470992,1615.11761,0.252
94202.716546,0.000127622708,2.53196848e-05,1555.4856,0.252
94202.720715,-0.000214102922,6.69318902e-05,1709.77613,0.252
94202.724883,-0.000364720857,0.000144458326,1636.95162,0.252
94202.729052,-0.00011058097,-0.000135185084,1626.71738,0.252
94202.733220,0.000799128613,0.000138574936,1174.65542,0.252
94202.737389,0.00102613502,0.000304244096,1110.45525,0.252
94202.741557,0.00074192082,-0.00132755409,749.225701,0.252
94202.745725,0.000771533049,-0.00183539114,765.189249,0.252
94202.749894,0.00120061598,-0.0019069587,747.362741,0.252
94202.754062,-0.00181697194,0.00140449111,600.484258,0.252
94202.758231,-0.00142794824,0.0010656162,606.475024,0.252
94202.762399,0.000561041199,-5.97766062e-05,1409.99963,0.252
94202.766567,0.000231895686,-0.000399533484,1466.67603,0.252
94202.770736,0.000178676478,-0.000243526782,1481.53937,0.252
94202.774904,-0.000846136693,0.000856487368,1010.16819,0.252
94202.779073,-0.00094220437,0.00138877482,1010.82368,0.252
94202.783241,0.00110236338,-0.00208331157,497.201523,0.252
94202.787409,0.000944896492,-0.00216442031,491.744787,0.252
94202.791578,-0.000220370218,0.000175276228,997.515325,0.252
94202.795746,-0.00017274019,-0.000180719353,1244.4123,0.252
94202.799915,0.000212509886,-0.000278678219,1242.4502,0.252
94202.804083,0.00115523391,0.000232881869,1004.11438,0.252
94202.808252,0.0011181909,6.64176157e-05,977.64734,0.252
94202.812420,-0.00195510396,0.00013660755,784.076991,0.252
94202.816588,-0.00195176764,-0.000100043679,759.564863,0.252
94202.820757,-0.00128976381,5.30634121e-05,788.952213,0.252
94202.824925,4.24972537e-05,0.000999999124,1399.81547,0.252
94202.829094,-0.000169539215,0.000890817065,1395.77673,0.252
94202.833262,-0.00048732958,-0.00112218409,856.625749,0.252
94202.837430,-0.00016580618,-0.00122664422,861.114357,0.252
94202.841599,-0.000435625859,0.000370596644,1310.78332,0.252
94202.845767,-4.79263843e-05,0.000621987552,1391.0376,0.252
94202.849936,6.04292762e-05,3.14620029e-05,1311.84822,0.252
94202.854104,-0.000939794327,-0.000554401018,819.863293,0.252
94202.858272,-0.00085089675,-0.000538139996,820.142605,0.252
94202.862441,-0.00106607576,0.00154034648,531.06603,0.252
94202.866609,-0.0010108293,0.00214880991,536.068201,0.252
94202.870778,-0.00112609153,0.00220971421,543.601737,0.252
94202.874946,0.000131360719,-0.000926453275,1124.98934,0.252
94202.879115,-0.000185038835,-0.000818523895,1132.06558,0.252
94202.883283,0.00136189773,-0.000517730639,655.272681,0.252
94202.887451,0.00150927789,-0.000432929569,653.900173,0.252
94202.891620,0.00227627684,-0.000218242088,516.070503,0.252
94202.895788,0.00162974449,-0.000421373212,514.038263,0.252
94202.899957,0.00214103883,-0.00118369142,509.106714,0.252
94202.904125,0.000247341071,0.000962675264,762.98532,0.252
94202.908293,0.000751782549,0.000903361683,754.812777,0.252
94202.912462,-0.000951337862,0.00106095417,923.836458,0.252
94202.916630,-0.000610196707,0.00115961078,944.496003,0.252
94202.920799,-0.000786972364,0.0012872957,968.955515,0.252
94202.924967,-0.000716366005,-0.000895471764,973.68787,0.252
94202.929135,-0.000101778176,-0.000881590438,1014.32051,0.252
94202.933304,-0.000783118103,-0.000461586685,1078.06075,0.252
94202.937472,-0.00068855441,-0.000471918386,1118.85414,0.252
94202.941641,-0.00052963869,-0.000428586207,1152.59953,0.252
94202.945809,-0.000208765943,-0.000407112208,1193.37842,0.252
94202.949977,-0.000528747481,-0.00107539785,1211.90047,0.252
94202.954146,-0.000791215273,0.000812654896,746.286379,0.252
94202.958314,-0.00101317406,0.00083694186,755.133868,0.252
94202.962483,-0.000803110094,0.00045094777,789.339272,0.252
94202.966651,-0.00101073051,0.000500617911,814.059533,0.252
94202.970820,-0.00128724549,0.000754834029,802.490215,0.252
94202.974988,0.000390350916,-0.00100632483,1096.62392,0.252
94202.979156,0.000131629237,-0.000484822991,1127.41993,0.252
94202.983325,0.0010454374,-0.000366548641,755.713514,0.252
94202.987493,0.00111507191,-0.000532421202,752.930484,0.252
94202.991662,0.00123359347,-0.000142278469,864.210744,0.252
94202.995830,0.000912757331,-4.51839835e-05,897.051205,0.252
94202.999998,0.000818084206,-0.000121606807,885.012948,0.252
94203.004167,0.000267159746,0.000296192517,1079.25032,0.252
94203.008335,6.6288492e-05,0.000766795028,1054.76564,0.252
94203.012504,-0.000107180567,-0.000194635004,1484.31997,0.252
94203.016672,-9.45541565e-05,-0.000201386904,1612.293,0.252
94203.020840,6.4384359e-05,-9.46582449e-05,1588.92772,0.252
94203.025009,-0.000316657125,-0.00092991346,1161.8634,0.252
94203.029177,-0.000634295675,-0.000494609947,1176.5558,0.252
94203.033346,-0.000765286115,-0.000575592129,1183.86008,0.252
94203.037514,-0.000529306153,-0.000491221775,1210.57661,0.252
94203.041683,-0.000986153719,-0.000390287434,1161.39,0.252
94203.045851,-0.000625278525,0.000228470327,1031.43151,0.252
94203.050019,-0.000325186771,0.000651463076,1044.94013,0.252
94203.054188,-0.000279900953,0.000164523923,1185.51316,0.252
94203.058356,-0.000181968862,0.000524635516,1219.58156,0.252
94203.062525,0.000182494503,-0.00064433605,1460.60127,0.252
94203.066693,-8.62909132e-05,-0.000245715381,1525.13992,0.252
94203.070861,-0.000290633909,-6.49958862e-06,1302.56986,0.252
94203.075030,0.000780086465,-0.000141286054,1204.45593,0.252
94203.079198,0.000411315616,-0.000196437838,1239.91011,0.252
94203.083367,0.000977177933,0.000132807775,988.222916,0.252
94203.087535,0.000859068662,0.000227087419,985.886741,0.252
94203.091703,0.000871750974,-7.08203238e-05,1014.49336,0.252
94203.095872,0.000506604429,0.000209771049,1118.22761,0.252
94203.100040,0.000374914919,0.000106903619,1236.57397,0.252
94203.104209,-8.10887172e-05,0.00046364835,1358.17921,0.252
94203.108377,0.000232662187,0.000482545234,1338.05879,0.252
94203.112546,-0.000388437334,-0.00026852471,1500.54556,0.252
94203.116714,-0.000271615021,-0.000450316252,1515.04302,0.252
94203.120882,-0.00036984549,-0.00050963909,1492.9481,0.252
94203.125051,-0.000361535604,-0.000420479766,1301.49527,0.252
94203.129219,-0.000523774891,-0.000443742207,1316.53212,0.252
94203.133388,-0.000811008102,3.82899518e-05,1141.33026,0.252
94203.137556,-0.000542034227,-9.79954761e-06,1140.33771,0.252
94203.141724,-0.000578451742,-0.000105602988,1146.35484,0.252
94203.145893,-0.000602738512,-5.12228423e-05,1169.6872,0.252
94203.150061,-0.000723806606,0.000426342663,1190.40452,0.252
94203.154230,0.000208445851,-0.000494054252,1477.82907,0.252
94203.158398,0.000248605375,-0.000482512378,1445.32295,0.252
94203.162566,0.000154031123,0.000131243401,1615.03449,0.252
94203.166735,-9.2035972e-05,0.000226573458,1573.63345,0.252
94203.170903,-0.000119848347,0.000158799559,1509.51768,0.252
94203.175072,0.000748271994,0.000297570345,1224.41578,0.252
94203.179240,0.000778587314,0.00040227191,1309.55956,0.252
94203.183408,0.000596439674,0.000460387351,1155.43396,0.252
94203.187577,0.000141093704,0.000400002711,1099.99915,0.252
94203.191745,0.000806072139,0.000295934278,1153.63124,0.252
94203.195914,0.000736671102,5.32378057e-05,1239.53544,0.252
94203.200082,0.000492819691,0.000429841872,1200.70637,0.252
94203.204251,-0.000193735044,-0.00015904573,1710.12293,0.252
94203.208419,-0.000137342595,-9.95163581e-05,1618.18305,0.252
94203.212587,-0.000109366954,4.43714975e-05,1645.50286,0.252
94203.216756,-0.000189451056,0.000351507084,1600.54457,0.252
94203.220924,3.66128062e-05,0.000189087708,1652.36581,0.252
94203.225093,-0.000357606005,0.000130281094,1438.25539,0.252
94203.229261,-0.000452770985,-1.38283966e-05,1404.33321,0.252
94203.233429,-0.000662164152,3.36687447e-05,1244.63221,0.252
94203.237598,-0.000506488814,-0.000174014634,1081.84788,0.252
94203.241766,-0.000629845888,0.000368288054,1129.07448,0.252
94203.245935,-0.000354315976,-0.000202772969,1413.05921,0.252
94203.250103,-0.000105489769,0.000128665587,1410.74033,0.252
94203.254271,-0.000392521128,-3.68209437e-05,1262.65434,0.252
94203.258440,-0.000605497492,0.000551944146,1392.87408,0.252
94203.262608,-0.000104702357,-0.000383600907,1536.72248,0.252
94203.266777,7.58946895e-05,-0.00053967192,1593.63078,0.252
94203.270945,8.044463e-05,-0.000292659366,1533.5664,0.252
94203.275114,0.000735593546,-0.000293588554,1354.06827,0.252
94203.279282,0.000266783575,-0.000106345645,1316.89577,0.252
94203.283450,0.000140587719,0.000221193674,1308.17778,0.252
94203.287619,0.000606853957,-0.000155984996,1296.47198,0.252
94203.291787,0.000600323067,0.000200227715,1262.73236,0.252
94203.295956,0.000283651353,-1.5610609e-05,1508.14142,0.252
94203.300124,0.000391206368,-8.02554838e-05,1479.2436,0.252
94203.304292,-0.00018764658,0.000412963422,1357.28334,0.252
94203.308461,0.000123287042,0.000800937805,1439.99128,0.252
94203.312629,-0.000441691923,-0.000267797282,1658.29437,0.252
94203.316798,8.43297822e-05,-6.37924034e-05,1579.44994,0.252
94203.320966,-0.000266681151,4.40138067e-06,1556.08512,0.252
94203.325134,-0.000576623633,-0.000210179773,1202.8026,0.252
94203.329303,-0.000677130512,-0.000434327631,1215.96857,0.252
94203.333471,-0.000369149682,-0.000358079928,1302.62953,0.252
94203.337640,-0.000510014544,-0.00020501696,1228.82421,0.252
94203.341808,-0.000681153084,-0.000280264066,1216.19424,0.252
94203.345977,-0.000362673434,-3.77428517e-05,1298.71074,0.252
94203.350145,-0.000554027827,-2.38482559e-05,1389.30403,0.252
94203.354313,0.000155298998,-4.73772082e-05,1525.10611,0.252
94203.358482,-0.000132586247,-0.00022053843,1816.88954,0.252
94203.362650,0.000573475385,0.00011890591,1586.93263,0.252
94203.366819,0.000261370646,0.000181951661,1470.57123,0.252
94203.370987,0.000141659308,0.000286660386,1375.91516,0.252
94203.375155,0.000667734795,-2.343777e-05,1168.28322,0.252
94203.379324,0.000491489161,-0.000245060978,1222.56698,0.252
94203.383492,0.000143607106,-3.71612608e-05,1484.80113,0.252
94203.387661,0.000526277778,-0.000438723821,1513.04953,0.252
94203.391829,0.000159298126,-0.000485413246,1523.86081,0.252
94203.395997,7.06983211e-05,0.000236683475,1704.45213,0.252
94203.400166,2.52451639e-05,0.000255092897,1628.24867,0.252
94203.404334,-0.000416917499,0.000199722352,1649.75535,0.252
94203.408503,-0.00050633419,-0.000147120677,1560.87431,0.252
94203.412671,-0.000551621079,0.00012028153,1576.48659,0.252
94203.416839,-0.00013378926,-0.000284746325,1586.88957,0.252
94203.421008,8.20816877e-05,-7.81398681e-06,1599.81617,0.252
94203.425176,-0.000106877882,8.34664292e-05,1423.89302,0.252
94203.429345,-0.000350197753,-1.7085738e-05,1499.64589,0.252
94203.433513,-0.000473753793,-5.81760343e-05,1256.96752,0.252
94203.437682,-0.000794531238,0.000185836559,1279.58242,0.252
94203.441850,-0.000671502916,-0.000113090928,1310.94704,0.252
94203.446018,-0.000253674826,0.000125551104,1550.78958,0.252
94203.450187,-0.000442435901,0.000112295873,1694.52361,0.252
94203.454355,0.000575756396,-0.000296336992,1262.19451,0.252
94203.458524,0.000535394782,-0.000607564973,1255.05294,0.252
94203.462692,0.000555961248,-0.000199280651,1245.17902,0.252
94203.466860,-7.78480816e-05,-3.58694777e-05,1578.09955,0.252
94203.471029,0.000198731002,0.000452029605,1547.25565,0.252
94203.475197,0.00159749794,-0.000127718231,795.750133,0.252
94203.479366,0.00105969025,-0.000938733564,784.744339,0.252
94203.483534,-0.00142372581,2.04301718e-05,899.243872,0.252
94203.487702,-0.00138551109,3.7889592e-05,872.866132,0.252
94203.491871,-0.00116685028,0.000890779533,896.417765,0.252
