t,vx_cam,vy_cam,quality,h
93205.319125,-0.00878766611,-0.000389909414,639.053226,0.236
93205.323294,-0.0088291558,-0.000299366599,677.075865,0.236
93205.327462,-0.00823266888,-0.000661681333,702.669089,0.236
93205.331631,-0.00930130452,-0.000486380946,682.980922,0.236
93205.335799,-0.00892745319,-3.41030786e-05,647.890707,0.236
93205.339967,-0.00985340453,-0.000818841845,640.973226,0.236
93205.344136,-0.0107579995,-0.000845747865,655.31645,0.236
93205.348304,-0.0104448925,-0.000148249761,602.406745,0.236
93205.352473,-0.0115263773,0.000522125502,560.506838,0.236
93205.356641,-0.0121343075,0.000676133085,605.580467,0.236
93205.360809,-0.0122317593,0.000844164199,611.933936,0.236
93205.367062,-0.0128255718,0.000170931454,564.370501,0.236
93205.373315,-0.0140181672,0.000693208983,675.560192,0.236
93205.377483,-0.0148630648,0.000776268952,674.15906,0.236
93205.383736,-0.0166664903,0.001757387,577.994443,0.236
93205.389988,-0.0177626107,0.00206661471,579.373963,0.236
93205.394157,-0.0182346721,0.00146096886,574.734879,0.236
93205.398325,-0.0189612479,0.00201262943,526.585217,0.236
93205.402494,-0.0194190832,0.00165383585,530.337208,0.236
93205.406662,-0.0212732243,0.00152173449,585.875109,0.236
93205.410830,-0.02154432,0.00272658449,602.677004,0.236
93205.414999,-0.0223825538,0.00186703521,553.613785,0.236
93205.419167,-0.0219025117,0.0033782838,533.494347,0.236
93205.423336,-0.0224775479,0.00362830711,523.323658,0.236
93205.427504,-0.0297631314,-0.00216973913,621.476485,0.236
93205.431672,-0.0086045757,0.0155216318,648.383384,0.236
93205.435841,-0.0434397024,-0.0128579735,516.631462,0.236
93205.440009,-0.0108224458,0.0333530908,179.764639,0.236
93205.444178,-0.0430416511,0.00542597053,177.399112,0.236
93205.448346,-0.0210586559,0.00441641061,380.392047,0.236
93205.452514,-0.0226560665,0.00720477475,384.478154,0.236
93205.456683,-0.0498047049,0.00732386938,437.084492,0.236
93205.460851,-0.0174088022,0.0089888622,489.48777,0.236
93205.465020,-0.0383685591,0.0121890837,440.857157,0.236
93205.469188,-0.0362264891,0.0039640287,569.957465,0.236
93205.473356,-0.0285595174,0.00694002891,606.375334,0.236
93205.477525,-0.0421604904,0.00891311252,538.628021,0.236
93205.481693,-0.0353547196,0.00576991733,545.143813,0.236
93205.485862,-0.0337956582,0.0113906301,532.605769,0.236
93205.490030,-0.0395076686,0.00464930559,496.011329,0.236
93205.494198,-0.0380060751,0.00524531221,519.057231,0.236
93205.498367,-0.0386897919,0.0063649217,521.342983,0.236
93205.502535,-0.0417418863,0.00391396657,492.227378,0.236
93205.506704,-0.0395220515,0.00782581769,529.052423,0.236
93205.510872,-0.0409521947,0.00727444261,546.733707,0.236
93205.515040,-0.0449293373,0.00648169448,517.431537,0.236
93205.519209,-0.0415011637,0.00658365551,479.631822,0.236
93205.523377,-0.0447355409,0.00561138731,526.605776,0.236
93205.527546,-0.0437500176,0.00595537166,527.969528,0.236
93205.531714,-0.0444928461,0.00764346266,575.984924,0.236
93205.535882,-0.0465015898,0.00834326283,559.582024,0.236
93205.540051,-0.0457528883,0.00852510332,512.875976,0.236
93205.544219,-0.0470800527,0.00896226588,467.465683,0.236
93205.548388,-0.0480345139,0.00840211305,513.505963,0.236
93205.552556,-0.0467622416,0.00880254771,491.686986,0.236
93205.556724,-0.0492483094,0.00973720498,501.239086,0.236
93205.560893,-0.0485173969,0.00910301363,498.632042,0.236
93205.565061,-0.0502274418,0.0100282099,489.124997,0.236
93205.569230,-0.051056107,0.00956467917,458.668765,0.236
93205.573398,-0.0520651057,0.0117641329,429.425256,0.236
93205.577567,-0.0514608271,0.0109149216,479.46931,0.236
93205.581735,-0.0521160902,0.0115234664,490.460362,0.236
93205.585903,-0.0531017529,0.0106103914,511.844297,0.236
93205.590072,-0.0540360282,0.0101440164,464.24896,0.236
93205.594240,-0.0543751738,0.0090126068,475.322075,0.236
93205.598409,-0.0557218133,0.00929143912,468.77902,0.236
93205.602577,-0.0563458621,0.00914739231,451.87658,0.236
93205.606745,-0.0575273135,0.0101290747,488.919904,0.236
93205.610914,-0.058060837,0.0100081724,520.933136,0.236
93205.615082,-0.0601365742,0.0110628303,479.144208,0.236
93205.619251,-0.0596172564,0.00834735,375.924255,0.236
93205.623419,-0.0616159934,0.00670259434,394.546441,0.236
93205.627587,-0.0603521113,0.00688699657,346.336978,0.236
93205.631756,-0.0635586221,0.00684264702,348.190134,0.236
93205.635924,-0.0638006285,0.00700997166,362.762538,0.236
93205.640093,-0.0646185938,0.00787076218,325.489777,0.236
93205.644261,-0.0667007034,0.00782230371,323.826033,0.236
93205.648429,-0.0671635863,0.0104606907,313.020369,0.236
93205.652598,-0.069289013,0.0116360211,307.155281,0.236
93205.656766,-0.0694256968,0.0115100238,306.6448,0.236
93205.660935,-0.0717274509,0.0105764396,316.280322,0.236
93205.667187,-0.0729921043,0.011152847,342.808847,0.236
93205.673440,-0.075260616,0.0122501412,354.221348,0.236
93205.677608,-0.0769393739,0.0132734061,474.076402,0.236
93205.681777,-0.0781044925,0.0142702205,449.524389,0.236
93205.685945,-0.0803747392,0.0146283635,449.241984,0.236
93205.690114,-0.0822348094,0.0136144555,502.395128,0.236
93205.694282,-0.0830719209,0.0149124506,516.76215,0.236
93205.698450,-0.0876792371,0.0169327753,539.966128,0.236
93205.702619,-0.0873916761,0.0167696737,563.128775,0.236
93205.706787,-0.0900167898,0.0163973032,541.681583,0.236
93205.710956,-0.0923812766,0.0164227467,531.280156,0.236
93205.715124,-0.0948463193,0.0157704049,553.690925,0.236
93205.719292,-0.0957562329,0.017184228,540.254106,0.236
93205.723461,-0.097374901,0.0177372336,564.521026,0.236
93205.727629,-0.100749351,0.0173904555,549.172344,0.236
93205.731798,-0.102136809,0.0176360533,581.25634,0.236
93205.735966,-0.104492772,0.0177960986,576.100882,0.236
93205.740134,-0.1046606,0.0152999867,476.134258,0.236
93205.744303,-0.107367642,0.0150944957,487.108298,0.236
93205.748471,-0.108734633,0.0155375896,516.667076,0.236
93205.752639,-0.111640368,0.0175353404,550.634199,0.236
93205.756808,-0.112959208,0.01576894,446.66369,0.236
93205.760976,-0.114092915,0.0159208528,446.820484,0.236
93205.765145,-0.116083564,0.0134212009,437.552957,0.236
93205.769313,-0.117942584,0.0142973944,487.880709,0.236
93205.773482,-0.118789706,0.0136756401,502.478762,0.236
93205.777650,-0.120836463,0.0147506841,566.923332,0.236
93205.781818,-0.121826208,0.0140541469,588.918321,0.236
93205.785987,-0.1240312,0.0139198633,553.602215,0.236
93205.790155,-0.12816876,0.0157625734,484.650893,0.236
93205.794324,-0.12769092,0.0175284107,437.844521,0.236
93205.798492,-0.131057272,0.0149216668,493.919973,0.236
93205.802660,-0.13241853,0.0172614305,463.637239,0.236
93205.806829,-0.134741033,0.0167510638,461.833733,0.236
93205.810997,-0.136122462,0.0173668183,484.777757,0.236
93205.815166,-0.139424563,0.0173451587,517.918218,0.236
93205.819334,-0.138588037,0.0153594422,542.682553,0.236
93205.823502,-0.143980051,0.0186105197,477.547067,0.236
93205.827671,-0.143463995,0.0155346595,472.395397,0.236
93205.831839,-0.147011356,0.0191957895,484.135184,0.236
93205.836008,-0.149606231,0.0189089442,513.88587,0.236
93205.840176,-0.151372275,0.0189715031,470.25339,0.236
93205.844345,-0.152406896,0.0210109762,426.642349,0.236
93205.848513,-0.154253752,0.020063699,408.724703,0.236
93205.852681,-0.15715644,0.0192235378,382.136821,0.236
93205.856850,-0.158077223,0.020434658,392.263393,0.236
93205.861018,-0.16011687,0.0192291869,399.945115,0.236
93205.865187,-0.163740482,0.0212658837,399.366632,0.236
93205.869355,-0.164719093,0.0200224757,412.989924,0.236
93205.873523,-0.167497705,0.0212930827,413.655452,0.236
93205.877692,-0.167976133,0.0204489257,417.842369,0.236
93205.881860,-0.170265989,0.0206069889,409.588637,0.236
93205.886029,-0.171768242,0.0208453852,389.48965,0.236
93205.890197,-0.173839997,0.0214019086,419.954984,0.236
93205.894365,-0.1755169,0.0193179351,401.491225,0.236
93205.898534,-0.177964657,0.0193028322,346.123349,0.236
93205.902702,-0.180081115,0.0195483417,381.674031,0.236
93205.906871,-0.182265106,0.0187797294,347.337891,0.236
93205.911039,-0.183989094,0.0191459345,287.388448,0.236
93205.915207,-0.186110859,0.0181242258,306.449771,0.236
93205.919376,-0.18760114,0.0180988489,275.294686,0.236
93205.923544,-0.190270286,0.0178206387,293.436421,0.236
93205.927713,-0.190931038,0.0173845464,303.036176,0.236
93205.931881,-0.193889505,0.0178383441,338.031384,0.236
93205.936049,-0.194269285,0.018978037,335.993728,0.236
93205.940218,-0.196259467,0.0191157123,329.708634,0.236
93205.944386,-0.197622391,0.0158976823,358.669762,0.236
93205.948555,-0.196906086,0.015330258,338.457514,0.236
93205.952723,-0.20088359,0.0144649792,367.855929,0.236
93205.956892,-0.201880377,0.0145123109,359.086257,0.236
93205.961060,-0.202940842,0.0188993013,373.92902,0.236
93205.965228,-0.205149782,0.0225470029,382.312132,0.236
93205.969397,-0.202574601,0.0178437766,336.689798,0.236
93205.973565,-0.20327462,0.0161761416,368.200469,0.236
93205.977734,-0.207371131,0.0147541652,447.728993,0.236
93205.981902,-0.206378634,0.013165112,433.223687,0.236
93205.986070,-0.20861121,0.017237854,419.940085,0.236
93205.990239,-0.208286699,0.018705885,411.6142,0.236
93205.994407,-0.207519281,0.0197203774,448.063351,0.236
93205.998576,-0.209756152,0.0193237748,441.200086,0.236
93206.002744,-0.21246375,0.0169055349,440.40685,0.236
93206.006912,-0.212556609,0.0166342478,447.68832,0.236
93206.011081,-0.214504316,0.0162380976,421.313134,0.236
93206.015249,-0.21312527,0.0186507218,379.075557,0.236
93206.019418,-0.214392734,0.0216592924,410.599479,0.236
93206.023586,-0.213390807,0.022498707,423.089513,0.236
93206.027754,-0.216277447,0.0172829286,390.621927,0.236
93206.031923,-0.216902717,0.0183330892,404.471909,0.236
93206.036091,-0.215425219,0.014274868,406.838322,0.236
93206.040260,-0.217415048,0.015320134,358.405447,0.236
93206.044428,-0.212874812,0.0116873542,353.785364,0.236
93206.048596,-0.218564938,0.0122097313,367.024891,0.236
93206.052765,-0.214176302,0.0116188703,382.671851,0.236
93206.056933,-0.216338734,0.0112066404,384.220329,0.236
93206.061102,-0.217748581,0.0108134775,324.620678,0.236
93206.065270,-0.217916407,0.00960548011,321.88018,0.236
93206.069438,-0.21519509,0.00792421532,300.509295,0.236
93206.073607,-0.218429054,0.0106082404,308.117952,0.236
93206.077775,-0.215749574,0.00541769124,213.518777,0.236
93206.081944,-0.216079841,0.00426441721,213.281447,0.236
93206.086112,-0.214393373,-0.00164653498,210.701796,0.236
93206.090280,-0.214863778,-0.00186502988,227.773171,0.236
93206.094449,-0.215550269,-0.00150191959,230.334841,0.236
93206.098617,-0.2146929,0.000974231566,234.8658,0.236
93206.102786,-0.216016989,0.00490345505,233.318863,0.236
93206.106954,-0.214814275,0.00541434612,235.294744,0.236
93206.111122,-0.216780729,-0.000801043688,255.137038,0.236
93206.115291,-0.215930638,-0.00359520312,242.733748,0.236
93206.119459,-0.216906789,-0.00565379449,364.485576,0.236
93206.123628,-0.21447985,-0.00705311539,352.267162,0.236
93206.127796,-0.21756102,-0.00281171499,347.960386,0.236
93206.131965,-0.214410741,-0.00159281748,367.424199,0.236
93206.136133,-0.218125619,-0.00319384831,335.597758,0.236
93206.140301,-0.21465077,-0.00464675591,386.899192,0.236
93206.144470,-0.21722339,-0.00681659442,387.907506,0.236
93206.148638,-0.213582405,-0.0040514982,287.600603,0.236
93206.152807,-0.215703006,-0.006255427,292.508648,0.236
93206.156975,-0.213289938,-0.00534453225,284.642522,0.236
93206.161143,-0.21440551,-0.0139210774,302.882734,0.236
93206.165312,-0.21481718,-0.0156010368,295.073236,0.236
93206.169480,-0.216856056,-0.0129311378,284.112066,0.236
93206.173649,-0.216900747,-0.00901592443,292.956333,0.236
93206.177817,-0.216423564,-0.00582711314,297.045967,0.236
93206.181985,-0.216545058,-0.00971012857,468.939987,0.236
93206.186154,-0.218289152,-0.00828352436,414.644303,0.236
93206.190322,-0.221973319,-0.0144949807,334.083951,0.236
93206.194491,-0.221636196,-0.0153274853,363.371387,0.236
93206.198659,-0.223459758,-0.0142103149,360.361408,0.236
93206.202828,-0.221902323,-0.0123221312,356.331154,0.236
93206.206996,-0.217884988,-0.0109897497,335.943933,0.236
93206.211164,-0.222884066,-0.0112913403,451.023945,0.236
93206.215333,-0.224238325,-0.0134887598,444.614209,0.236
93206.219501,-0.227289691,-0.00879404319,391.777254,0.236
93206.223670,-0.22851174,-0.00460857874,408.540294,0.236
93206.227838,-0.226996507,0.000681368291,411.418587,0.236
93206.232006,-0.223396955,-0.000497899801,367.275067,0.236
93206.236175,-0.225852734,-0.00168189652,374.9698,0.236
93206.240343,-0.23050045,-0.00627073525,313.019174,0.236
93206.244512,-0.223654401,-0.0098071852,327.253379,0.236
93206.248680,-0.228106499,-0.00596686318,332.411386,0.236
93206.252848,-0.230208578,-0.00443920818,326.305141,0.236
93206.257017,-0.23142278,-3.50259525e-05,324.523646,0.236
93206.261185,-0.233149035,0.0014563847,262.599042,0.236
93206.265354,-0.233808231,0.00178911113,266.516698,0.236
93206.269522,-0.231711899,-0.00206957827,295.749614,0.236
93206.273690,-0.234308138,-0.00312504807,289.174934,0.236
93206.277859,-0.241602485,-0.00407793709,284.414369,0.236
93206.282027,-0.237053676,-0.00632756582,359.083706,0.236
93206.286196,-0.235172549,-0.0101201313,366.739659,0.236
93206.290364,-0.236960255,-0.00922887138,478.373255,0.236
93206.294532,-0.242323199,-0.0148445177,428.049281,0.236
93206.298701,-0.244618295,-0.0100213888,262.212353,0.236
93206.302869,-0.244292497,-0.00739928218,268.04555,0.236
93206.307038,-0.24630659,-0.00172568741,268.158507,0.236
93206.311206,-0.248351658,-0.00572833184,235.488546,0.236
93206.317459,-0.247950065,-0.00847941829,213.080407,0.236
93206.323711,-0.244826558,-0.0178254738,160.260383,0.236
93206.327880,-0.247546718,-0.0173642669,158.055423,0.236
93206.332048,-0.248183657,-0.0113394309,222.415296,0.236
93206.336216,-0.24741108,-0.0138273488,222.240749,0.236
93206.340385,-0.249280049,-0.0106395387,332.828383,0.236
93206.344553,-0.250959336,-0.012631723,314.425081,0.236
93206.348722,-0.256880131,-0.0134020714,426.20596,0.236
93206.352890,-0.248513936,-0.00901700637,484.147284,0.236
93206.357058,-0.250566347,-0.00465524325,480.626082,0.236
93206.361227,-0.253243168,-0.00479273487,385.484149,0.236
93206.365395,-0.254831191,-0.00822028397,409.549307,0.236
93206.369564,-0.260686926,-0.0101064787,240.248618,0.236
93206.373732,-0.258547145,-0.0104273115,238.572697,0.236
93206.377900,-0.255328474,-0.00634386951,232.682128,0.236
93206.382069,-0.263861327,0.00050772109,239.217276,0.236
93206.386237,-0.266659294,0.00300489733,247.365597,0.236
93206.390406,-0.263365384,-0.000785240389,194.621806,0.236
93206.394574,-0.266429051,-0.00605976468,195.019772,0.236
93206.398743,-0.266676434,-0.00700605399,291.193417,0.236
93206.402911,-0.270329477,-0.00761592731,290.490427,0.236
93206.407079,-0.27381493,-0.00501693789,281.614828,0.236
93206.411248,-0.27180751,0.000364563776,326.431674,0.236
93206.415416,-0.275565738,0.00408048613,351.803543,0.236
93206.419585,-0.277750119,0.00190822195,372.429401,0.236
93206.423753,-0.278843567,0.00270074354,386.318017,0.236
93206.427921,-0.279275895,0.000303383956,363.771851,0.236
93206.432090,-0.275414336,-0.00260713186,194.117893,0.236
93206.436258,-0.276294038,-0.00505037506,194.414717,0.236
93206.440427,-0.280471109,-0.00319642779,267.007848,0.236
93206.444595,-0.281245553,-0.0110810031,267.426954,0.236
93206.448763,-0.281574952,-0.00710768967,200.072082,0.236
93206.452932,-0.284487313,-0.00426130472,200.169855,0.236
93206.457100,-0.285265252,0.00180021883,199.917041,0.236
93206.461269,-0.288696754,0.00528371202,283.472048,0.236
93206.465437,-0.292183699,0.0129008462,283.559175,0.236
93206.469605,-0.285241382,0.00432196814,150.359264,0.236
93206.473774,-0.288829838,-0.00197430169,152.019786,0.236
93206.477942,-0.284652616,-0.0135274775,150.640126,0.236
93206.482111,-0.290526803,-0.0179826715,323.726888,0.236
93206.486279,-0.289514316,-0.0234416904,313.923897,0.236
93206.490448,-0.294118992,-0.00321378116,139.946871,0.236
93206.494616,-0.292129559,0.00528264697,139.516426,0.236
93206.498784,-0.296388684,0.0051936321,182.203189,0.236
93206.502953,-0.297820039,0.0054921451,180.098035,0.236
93206.507121,-0.302636653,0.00275287688,178.332801,0.236
93206.511289,-0.300950134,-0.00683689775,194.837228,0.236
93206.515458,-0.298996276,-0.00523935448,201.0575,0.236
93206.519626,-0.298647886,-0.00703358709,188.661572,0.236
93206.523795,-0.301538713,-0.00836490688,189.950715,0.236
93206.527963,-0.301174181,-0.0128094187,188.883948,0.236
93206.532132,-0.305211577,-0.0103633754,218.98422,0.236
93206.536300,-0.304874674,-0.012518683,228.178502,0.236
93206.540468,-0.3059183,-0.0106128105,264.424966,0.236
93206.544637,-0.307670807,-0.00290710961,263.287404,0.236
93206.548805,-0.307077298,-0.00732136523,254.48839,0.236
93206.552974,-0.31140519,-0.00890245085,255.327537,0.236
93206.557142,-0.309762895,-0.0134493734,248.485249,0.236
93206.561310,-0.30621728,-0.0193259127,301.073237,0.236
93206.565479,-0.307279651,-0.0225436136,282.080362,0.236
93206.569647,-0.308107771,-0.0171090911,208.65071,0.236
93206.573816,-0.30671805,-0.0138600948,209.117519,0.236
93206.577984,-0.309522128,-0.0109811794,196.376644,0.236
93206.582152,-0.306884954,-0.0122684582,290.179117,0.236
93206.586321,-0.30557991,-0.0135112642,286.812885,0.236
93206.590489,-0.310129136,-0.0188041399,337.684952,0.236
93206.594658,-0.311042034,-0.0221243959,298.993481,0.236
93206.598826,-0.308340681,-0.0221326944,350.228558,0.236
93206.602995,-0.304774062,-0.0158154705,341.019121,0.236
93206.607163,-0.303269348,-0.0156656821,319.765239,0.236
93206.611331,-0.311422326,-0.0248439072,301.076002,0.236
93206.617584,-0.305349498,-0.0338760015,228.391081,0.236
93206.623837,-0.310473885,-0.0231745565,186.687541,0.236
93206.628005,-0.309779657,-0.0138234553,189.144396,0.236
93206.632173,-0.311957691,-0.0125623982,200.893111,0.236
93206.636342,-0.311886677,-0.0122382919,198.345798,0.236
93206.640510,-0.312193138,-0.0219949476,247.625504,0.236
93206.644679,-0.313185871,-0.0232842857,250.169848,0.236
93206.648847,-0.318093969,-0.0241874055,241.395606,0.236
93206.653015,-0.307733228,-0.0183371719,340.332837,0.236
93206.657184,-0.308929197,-0.0184335688,343.489413,0.236
93206.661352,-0.30940102,-0.0206556649,333.51342,0.236
93206.665521,-0.312064607,-0.0260607701,300.162611,0.236
93206.669689,-0.31406674,-0.0210887734,244.345172,0.236
93206.673857,-0.313791907,-0.0152907864,249.746896,0.236
93206.678026,-0.314641564,-0.00775025195,248.508094,0.236
93206.682194,-0.31147129,-0.0086493205,338.698891,0.236
93206.686363,-0.313484495,-0.00982757493,344.761781,0.236
93206.690531,-0.313951999,-0.0202836815,224.009611,0.236
93206.694699,-0.315128317,-0.0288796035,221.944397,0.236
93206.698868,-0.312677557,-0.034310247,218.978251,0.236
93206.703036,-0.315355299,-0.0196228511,218.380861,0.236
93206.707205,-0.315742805,-0.0142399931,220.428666,0.236
93206.711373,-0.316974017,-0.0104698802,235.272777,0.236
93206.715541,-0.31984337,-0.00845350358,224.564896,0.236
93206.719710,-0.316652723,-0.0175416731,163.530936,0.236
93206.723878,-0.318723214,-0.0146353467,160.249569,0.236
93206.728047,-0.314830012,-0.0154256628,161.838981,0.236
93206.732215,-0.31527616,-0.0224381851,165.772224,0.236
93206.736383,-0.3139699,-0.0272337495,166.127761,0.236
93206.740552,-0.315749196,-0.0226403847,170.151855,0.236
93206.744720,-0.319891965,-0.0182087353,173.352181,0.236
93206.748889,-0.318780772,-0.0113029133,172.039671,0.236
93206.753057,-0.320840318,-0.0123655254,233.020004,0.236
93206.757225,-0.321501889,-0.00746138498,226.438239,0.236
93206.761394,-0.321171994,-0.0147249801,283.200922,0.236
93206.765562,-0.324831435,-0.0139319145,289.00094,0.236
93206.769731,-0.325503843,-0.0129365905,328.261892,0.236
93206.773899,-0.327147075,-0.0119246866,309.951891,0.236
93206.778068,-0.327724336,-0.0104575718,335.29042,0.236
93206.782236,-0.32781146,-0.0171260426,364.745833,0.236
93206.786404,-0.329070661,-0.0195649944,371.111501,0.236
93206.790573,-0.329456672,-0.0196326104,370.408632,0.236
93206.794741,-0.332805552,-0.0204237787,350.384998,0.236
93206.798910,-0.331271614,-0.0184575716,350.760824,0.236
93206.803078,-0.330539212,-0.012807603,331.062546,0.236
93206.807246,-0.33293252,-0.00793383728,343.142095,0.236
93206.811415,-0.333573135,-0.0107504199,303.433215,0.236
93206.815583,-0.329862136,-0.0163077253,295.431038,0.236
93206.819752,-0.338623323,-0.022758372,428.925668,0.236
93206.823920,-0.333027386,-0.0248651082,382.541544,0.236
93206.828088,-0.33495746,-0.0226852324,389.317473,0.236
93206.832257,-0.336155526,-0.00669237577,243.257707,0.236
93206.836425,-0.336412168,-0.00713580642,245.614413,0.236
93206.840594,-0.331641728,-0.0112088697,388.087446,0.236
93206.844762,-0.33408828,-0.0173635838,376.949652,0.236
93206.848930,-0.334095911,-0.0225956675,350.429866,0.236
93206.853099,-0.331502513,-0.0210926457,286.863047,0.236
93206.857267,-0.333796839,-0.0218309113,275.660762,0.236
93206.861436,-0.338544765,-0.0189493361,116.643235,0.236
93206.867688,-0.342527351,-0.0192428915,104.874662,0.236
93206.873941,-0.345409364,-0.0114803146,102.573029,0.236
93206.878109,-0.340272947,-0.00422753282,102.117986,0.236
93206.882278,-0.342108328,-0.0078790314,240.828933,0.236
93206.886446,-0.343544378,-0.00443185541,237.977494,0.236
93206.890615,-0.334122771,-0.0163542243,204.050032,0.236
93206.894783,-0.336393277,-0.0215806065,212.334966,0.236
93206.898951,-0.334564606,-0.0265300235,201.850148,0.236
93206.903120,-0.33437541,-0.0188130527,332.169139,0.236
93206.907288,-0.332350105,-0.0184899955,340.0678,0.236
93206.911457,-0.34097682,-0.0134730729,237.454927,0.236
93206.915625,-0.334975822,-0.0104745367,235.309987,0.236
93206.919793,-0.338818073,-0.0114085368,407.688378,0.236
93206.923962,-0.334680202,-0.00830880113,451.394604,0.236
93206.928130,-0.335869446,-0.00642272416,420.915189,0.236
93206.932299,-0.332964108,-0.0128595472,366.863221,0.236
93206.936467,-0.337584503,-0.0198364121,367.26689,0.236
93206.940635,-0.336156927,-0.0146490934,154.001577,0.236
93206.944804,-0.343743665,-0.0149303182,153.632634,0.236
93206.948972,-0.346145576,-0.0029769042,156.591257,0.236
93206.953141,-0.346234189,0.00189529478,194.833835,0.236
93206.957309,-0.349358178,0.00461549359,197.34714,0.236
93206.961478,-0.345731956,-0.0127263163,172.05404,0.236
93206.965646,-0.34440188,-0.014935327,172.426402,0.236
93206.969814,-0.345107814,-0.0174271199,169.266611,0.236
93206.973983,-0.336173719,-0.0231277514,104.403543,0.236
93206.978151,-0.333044403,-0.0182231529,105.256466,0.236
93206.982320,-0.34319041,-0.01441369,194.118983,0.236
93206.986488,-0.336829626,-0.0165961835,188.257672,0.236
93206.990656,-0.345322377,-0.0197527414,369.293458,0.236
93206.994825,-0.346470084,-0.0296259426,377.662256,0.236
93206.998993,-0.344072524,-0.0255666816,406.742747,0.236
93207.003162,-0.3438904,-0.017033316,326.951218,0.236
93207.007330,-0.345217604,-0.00677269477,337.690288,0.236
93207.011498,-0.346493269,-0.0114077002,186.746991,0.236
93207.015667,-0.341398476,-0.0172358679,186.452038,0.236
93207.019835,-0.344198676,-0.0265520094,183.198538,0.236
93207.024004,-0.347813223,-0.0298276855,267.151627,0.236
93207.028172,-0.350680253,-0.0400707196,247.390215,0.236
93207.032340,-0.352235604,-0.0195418551,107.978931,0.236
93207.036509,-0.353303222,-0.0104637172,108.594388,0.236
93207.040677,-0.353122174,-0.00436256199,257.91452,0.236
93207.044846,-0.356698097,0.000744148529,255.476055,0.236
93207.049014,-0.355377375,-0.0035692389,249.897098,0.236
93207.053182,-0.356015834,-0.0114009518,258.326905,0.236
93207.057351,-0.362717901,-0.0154014071,268.242506,0.236
93207.061519,-0.360245422,-0.0157213258,381.153582,0.236
93207.065688,-0.357466463,-0.0105911484,360.132653,0.236
93207.069856,-0.361525586,-0.0107705662,401.211671,0.236
93207.074024,-0.359593475,-0.00577347146,338.63489,0.236
93207.078193,-0.354051438,-0.00476887116,328.916495,0.236
93207.082361,-0.357752643,-0.00933856925,382.760854,0.236
93207.086530,-0.359791459,-0.0131987803,354.832554,0.236
93207.090698,-0.357213449,-0.0120797315,331.611305,0.236
93207.094866,-0.364574249,-0.0168035836,343.296206,0.236
93207.099035,-0.362005169,-0.013859182,344.11419,0.236
93207.103203,-0.36315527,-0.0115335283,234.261524,0.236
93207.107372,-0.367846347,0.000575287758,235.017978,0.236
93207.111540,-0.366472135,-0.00533948293,231.418978,0.236
93207.115708,-0.362413239,-0.00841023913,227.598197,0.236
93207.119877,-0.364864574,-0.0158467796,225.778738,0.236
93207.124045,-0.36007033,-0.0303665489,173.53313,0.236
93207.128214,-0.367691366,-0.0358531832,172.369131,0.236
93207.132382,-0.365802088,-0.0218336715,355.540698,0.236
93207.136551,-0.368173188,-0.0239888567,373.558105,0.236
93207.140719,-0.369683192,-0.0208480192,330.571845,0.236
93207.144887,-0.370317302,-0.0231882682,369.442377,0.236
93207.149056,-0.374540298,-0.0166200198,325.977539,0.236
93207.153224,-0.371765472,-0.0182263642,228.247744,0.236
93207.157393,-0.36891119,-0.0172610333,227.339549,0.236
93207.161561,-0.371166798,-0.0264131781,165.172226,0.236
93207.165729,-0.368498719,-0.0353581634,166.126707,0.236
93207.169898,-0.371701776,-0.0404697553,161.202241,0.236
93207.174066,-0.378457686,-0.0281749454,288.484408,0.236
93207.178235,-0.375655406,-0.0187971933,306.065246,0.236
93207.182403,-0.376578694,-0.0127479587,381.512726,0.236
93207.186571,-0.382602857,-0.0115354039,334.396254,0.236
93207.190740,-0.376844617,-0.0127894174,230.110174,0.236
93207.194908,-0.38303596,-0.0118986201,235.005083,0.236
93207.199077,-0.38274438,-0.0103212558,230.754009,0.236
93207.203245,-0.380403639,-0.0238541717,169.521783,0.236
93207.207414,-0.375695881,-0.0295009825,169.759411,0.236
93207.211582,-0.379521606,-0.0175948066,206.754323,0.236
93207.215750,-0.385038327,-0.0182277419,204.505139,0.236
93207.219919,-0.379712648,-0.015339358,201.961412,0.236
93207.224087,-0.3858865,-0.0128869936,182.842177,0.236
93207.228255,-0.389039518,-0.00816550325,180.308024,0.236
93207.232424,-0.391612199,-0.00637528119,305.198165,0.236
93207.236592,-0.391450656,-0.00307991315,302.96389,0.236
93207.240761,-0.390248486,-0.0144747593,195.382617,0.236
93207.244929,-0.391585672,-0.0134472014,193.689251,0.236
93207.249098,-0.388663284,-0.015198696,199.534667,0.236
93207.253266,-0.392051704,-0.0192733434,163.860971,0.236
93207.257434,-0.387552817,-0.0231698248,165.412942,0.236
93207.261603,-0.395605406,-0.0232425926,262.081806,0.236
93207.265771,-0.394262652,-0.0202761243,256.774169,0.236
93207.269940,-0.398765355,-0.0216494453,254.94759,0.236
93207.274108,-0.399370126,-0.00986592147,264.29362,0.236
93207.278276,-0.400992576,-0.0106932433,281.155629,0.236
93207.282445,-0.39729979,-0.0237929134,179.7826,0.236
93207.286613,-0.398929552,-0.0231114447,177.590899,0.236
93207.290782,-0.401989125,-0.0233629474,179.358037,0.236
93207.294950,-0.397364535,-0.0204501134,181.491165,0.236
93207.299118,-0.402069647,-0.0327822551,174.476784,0.236
93207.303287,-0.410386333,-0.0326227585,244.770026,0.236
93207.307455,-0.408765182,-0.03818781,241.071448,0.236
93207.311624,-0.411839055,-0.0297034894,212.432422,0.236
93207.315792,-0.410612058,-0.011557258,226.542961,0.236
93207.319961,-0.413149348,-0.0039136862,225.346805,0.236
93207.324129,-0.406811518,-0.0144323215,146.318343,0.236
93207.328297,-0.414547248,-0.0321789458,143.878016,0.236
93207.332466,-0.406409408,-0.0343845416,178.136262,0.236
93207.336634,-0.411145493,-0.0368859258,176.131727,0.236
93207.340803,-0.408627265,-0.0257454841,288.032967,0.236
93207.344971,-0.406932634,-0.0195005522,300.199021,0.236
93207.349139,-0.411011397,-0.0139732064,290.98742,0.236
93207.353308,-0.413242446,-0.0158884592,339.484121,0.236
93207.357476,-0.414560787,-0.0187860057,307.63607,0.236
93207.361645,-0.417894236,-0.0237559798,250.471459,0.236
93207.365813,-0.419132349,-0.0267540942,236.878207,0.236
93207.369981,-0.414604194,-0.0214820142,242.436417,0.236
93207.374150,-0.413638133,-0.0187574675,361.47461,0.236
93207.378318,-0.417651521,-0.0228057327,331.186674,0.236
93207.382487,-0.417220559,-0.0261202902,314.646037,0.236
93207.386655,-0.421928881,-0.0158530775,307.113556,0.236
93207.390823,-0.405637654,-0.0128413103,387.992406,0.236
93207.394992,-0.42473269,-0.011846284,202.801157,0.236
93207.399160,-0.40202169,-0.0256086495,203.366053,0.236
93207.403329,-0.429232851,-0.0270268457,180.331754,0.236
93207.407497,-0.415139497,-0.0359472439,176.555701,0.236
93207.411666,-0.429279994,-0.019890118,198.661284,0.236
93207.415834,-0.418800825,-0.00530754781,200.395005,0.236
93207.420002,-0.431779361,0.00582055733,196.715972,0.236
93207.424171,-0.415734287,-0.0084607024,128.001288,0.236
93207.428339,-0.425973287,-0.0276013418,126.919231,0.236
93207.432508,-0.419269554,-0.0355002117,271.513755,0.236
93207.436676,-0.424145284,-0.0504264411,245.086608,0.236
93207.440844,-0.421440128,-0.0402396704,278.716321,0.236
93207.445013,-0.420219067,-0.00833784736,138.565859,0.236
93207.449181,-0.41672478,0.00712407172,138.317984,0.236
93207.453350,-0.415884072,-0.0121747485,151.667323,0.236
93207.457518,-0.419292299,-0.0260183754,147.659419,0.236
93207.461686,-0.418416372,-0.0289856751,297.028178,0.236
93207.465855,-0.422966424,-0.0321572081,282.255276,0.236
93207.470023,-0.420136551,-0.0282754821,297.577361,0.236
93207.474192,-0.418548936,-0.0187482679,283.524396,0.236
93207.478360,-0.416693921,-0.0171946601,308.780324,0.236
93207.482528,-0.42080843,-0.0112660359,290.808624,0.236
93207.486697,-0.429186644,-0.0158813075,293.48645,0.236
93207.490865,-0.42608225,-0.0166925917,270.50698,0.236
93207.495034,-0.419419314,-0.0244214594,201.139559,0.236
93207.499202,-0.423814585,-0.0210976856,211.619771,0.236
93207.503370,-0.423143014,-0.014538156,227.540811,0.236
93207.507539,-0.416579463,-0.0194852551,226.166511,0.236
93207.511707,-0.418325139,-0.0220166584,230.465497,0.236
93207.515876,-0.415987478,-0.0276555317,233.093602,0.236
93207.520044,-0.417061459,-0.0216780663,237.600106,0.236
93207.524213,-0.417257398,-0.0167131869,218.222089,0.236
93207.528381,-0.412368611,-0.0172252098,220.239769,0.236
93207.532549,-0.41213215,-0.0214395737,149.643776,0.236
93207.536718,-0.411338761,-0.0329959827,150.309427,0.236
93207.540886,-0.407989984,-0.041499689,147.760673,0.236
93207.545055,-0.418871127,-0.0362160363,171.393911,0.236
93207.549223,-0.411089654,-0.0320234648,170.299102,0.236
93207.553391,-0.41407289,-0.0185457425,173.834031,0.236
93207.557560,-0.410071607,-0.0104349876,173.81584,0.236
93207.561728,-0.417936355,-0.0212524696,163.31281,0.236
93207.565897,-0.415609911,-0.0369504563,160.094115,0.236
93207.570065,-0.417903639,-0.0455564342,154.915921,0.236
93207.574233,-0.409532869,-0.0246786065,139.988291,0.236
93207.578402,-0.418336647,-0.00671639353,141.859625,0.236
93207.584654,-0.41281785,-0.0130111777,184.975699,0.236
93207.590907,-0.41191381,-0.0269839063,244.817888,0.236
93207.595075,-0.409691462,-0.0334894453,230.447952,0.236
93207.599244,-0.404472951,-0.0270232514,223.473293,0.236
93207.603412,-0.416545214,-0.0174153543,206.594307,0.236
93207.607581,-0.407328635,-0.0124883767,208.363923,0.236
93207.611749,-0.409036322,-0.0106448374,167.644347,0.236
93207.615917,-0.414251132,-0.00997648788,168.250667,0.236
93207.620086,-0.415941375,-0.00797388503,162.656219,0.236
93207.624254,-0.405231169,-0.0144440183,158.057924,0.236
93207.628423,-0.409499278,-0.0173691097,158.756322,0.236
93207.632591,-0.405360707,-0.0183160468,202.070569,0.236
93207.636759,-0.400741662,-0.0191662142,202.248592,0.236
93207.640928,-0.401275985,-0.0146410992,201.734482,0.236
93207.645096,-0.409064446,-0.0111939858,290.30788,0.236
93207.649265,-0.40141388,-0.0152219941,266.190249,0.236
93207.653433,-0.407512023,-0.0106940353,244.573485,0.236
93207.657602,-0.407088227,-0.0158328046,251.323332,0.236
93207.661770,-0.405765709,-0.0145285222,256.11363,0.236
93207.665938,-0.402166948,-0.0164339713,263.844458,0.236
93207.670107,-0.401373555,-0.0227791361,254.564118,0.236
93207.674275,-0.402081475,-0.0228614633,220.472909,0.236
93207.678444,-0.401598953,-0.0243739246,219.235253,0.236
93207.682612,-0.407658979,-0.0203267624,165.438571,0.236
93207.686780,-0.407079797,-0.0177391148,170.063424,0.236
93207.690949,-0.408418249,-0.012797547,169.718369,0.236
93207.695117,-0.406113125,-0.0159113616,312.269748,0.236
93207.699286,-0.406189042,-0.0156217401,288.765828,0.236
93207.703454,-0.409901337,-0.0257638639,165.794873,0.236
93207.707622,-0.40147295,-0.0336213439,166.123718,0.236
93207.711791,-0.404197867,-0.0280811398,242.080027,0.236
93207.715959,-0.396339391,-0.0238133603,244.629414,0.236
93207.720128,-0.40002999,-0.0111395459,245.774381,0.236
93207.724296,-0.395882982,-0.0168567262,214.237321,0.236
93207.728465,-0.401244487,-0.0287860555,211.032125,0.236
93207.732633,-0.400250717,-0.0265185653,282.552293,0.236
93207.736801,-0.399605236,-0.0335774163,281.986333,0.236
93207.740970,-0.402640457,-0.0214028375,289.275641,0.236
93207.745138,-0.395508574,-0.00929687981,248.776429,0.236
93207.749307,-0.399562278,-0.00632889498,245.604435,0.236
93207.753475,-0.395928884,-0.00907774884,289.225886,0.236
93207.757643,-0.406791438,-0.0225216989,265.092183,0.236
93207.761812,-0.399462897,-0.0254606679,270.697385,0.236
93207.765980,-0.402737177,-0.022230808,230.51616,0.236
93207.770149,-0.396433728,-0.0184058144,231.436195,0.236
93207.774317,-0.399545693,-0.0139030043,221.547834,0.236
93207.778485,-0.398080133,-0.0221345752,220.607543,0.236
93207.782654,-0.399945213,-0.0339235953,250.739504,0.236
93207.786822,-0.402975034,-0.0390671318,248.531114,0.236
93207.790991,-0.399963157,-0.0363271173,234.961103,0.236
93207.795159,-0.397228076,-0.0250782806,189.304158,0.236
93207.799327,-0.396582169,-0.0214379619,191.700784,0.236
93207.803496,-0.396641506,-0.0353483777,264.164533,0.236
93207.807664,-0.394260587,-0.0440794462,255.511194,0.236
93207.811833,-0.393240576,-0.0372948674,262.262515,0.236
93207.816001,-0.39561492,-0.0334418667,323.13148,0.236
93207.820169,-0.392308857,-0.0333377881,331.626124,0.236
93207.824338,-0.399587946,-0.0405575544,196.671673,0.236
93207.828506,-0.397390586,-0.051064743,199.465968,0.236
93207.832675,-0.399401108,-0.0413390017,212.35399,0.236
93207.836843,-0.402707222,-0.0246762027,220.958873,0.236
93207.841012,-0.398423812,-0.0178602937,225.027478,0.236
93207.845180,-0.398414177,-0.0347791017,191.118056,0.236
93207.849348,-0.401209077,-0.051459827,188.021646,0.236
93207.853517,-0.39368802,-0.0421845884,146.500808,0.236
93207.857685,-0.403411734,-0.03526875,144.406698,0.236
93207.861854,-0.397152448,-0.0248832881,150.297521,0.236
93207.866022,-0.398949936,-0.0177515413,180.985477,0.236
93207.870190,-0.401537058,-0.0158188848,179.45773,0.236
93207.874359,-0.403198166,-0.0288288715,230.61611,0.236
93207.878527,-0.408103983,-0.0308519121,226.20563,0.236
93207.882696,-0.402471393,-0.0294509262,182.470807,0.236
93207.886864,-0.408261131,-0.0156730741,179.759836,0.236
93207.891032,-0.401436887,-0.00240980406,190.848711,0.236
93207.895201,-0.405320467,-0.0193708637,154.808792,0.236
93207.899369,-0.403067865,-0.0263871998,154.446123,0.236
93207.903538,-0.403986128,-0.0385592599,224.692908,0.236
93207.907706,-0.406451962,-0.0439791115,220.993186,0.236
93207.911875,-0.408740833,-0.0337263057,216.39237,0.236
93207.916043,-0.404755085,-0.0171731151,186.34561,0.236
93207.920211,-0.402884715,-0.000725425297,190.297159,0.236
93207.924380,-0.402782036,-0.0175672153,96.4865304,0.236
93207.928548,-0.398769186,-0.0297471811,96.729241,0.236
93207.932717,-0.400675294,-0.0493114847,126.180054,0.236
93207.936885,-0.394588028,-0.0612541949,126.596505,0.236
93207.941053,-0.391729206,-0.0620018553,124.610034,0.236
93207.945222,-0.396761773,-0.0336275965,101.24461,0.236
93207.949390,-0.404525917,-0.0326151878,100.649311,0.236
93207.953559,-0.407090651,-0.0265882161,91.0684604,0.236
93207.957727,-0.406762891,-0.020406297,91.1666582,0.236
93207.961895,-0.417249431,-0.0154470771,90.8684648,0.236
93207.966064,-0.412611006,-0.0172581164,131.452451,0.236
93207.970232,-0.407039669,-0.0245517462,131.71087,0.236
93207.974401,-0.401645668,-0.0328910864,104.931167,0.236
93207.978569,-0.405048882,-0.045393494,104.043814,0.236
93207.982737,-0.402686269,-0.0355468926,221.876584,0.236
93207.986906,-0.404278487,-0.0390891183,216.247244,0.236
93207.991074,-0.40598384,-0.0379299857,229.889042,0.236
93207.995243,-0.410467954,-0.0160556873,85.4977529,0.236
93207.999411,-0.410689682,-0.00839704664,85.5665511,0.236
93208.003580,-0.411529555,-0.0100365082,216.685114,0.236
93208.007748,-0.409014171,0.00505284778,213.066106,0.236
93208.011916,-0.417574798,0.0198540301,205.521805,0.236
93208.016085,-0.402183597,-0.0082261648,60.7541575,0.236
93208.020253,-0.396750181,-0.0296258009,60.9188571,0.236
93208.024422,-0.396963533,-0.0359747492,171.082751,0.236
93208.028590,-0.405471657,-0.0589910966,163.684806,0.236
93208.032758,-0.403372078,-0.0255213389,53.3843529,0.236
93208.036927,-0.418190528,-0.0195165422,53.33352,0.236
93208.041095,-0.419078953,-0.00494755426,53.4454361,0.236
93208.045264,-0.407829695,0.0046585183,74.290882,0.236
93208.049432,-0.416003647,0.0204855587,73.8794832,0.236
93208.053600,-0.407753684,0.00281558633,94.9091528,0.236
93208.057769,-0.414235279,-0.00338222736,94.9926929,0.236
93208.061937,-0.405288394,-0.0252396033,95.1474775,0.236
93208.066106,-0.406428272,-0.0436880202,113.484431,0.236
93208.070274,-0.402108192,-0.049598664,113.567706,0.236
93208.074442,-0.404126921,-0.0173092139,162.949244,0.236
93208.078611,-0.411317384,-0.0137283722,163.814732,0.236
93208.082779,-0.412175623,-0.00621394101,138.622574,0.236
93208.086948,-0.409883088,-0.00264170195,138.858199,0.236
93208.091116,-0.414207697,-0.000447043456,137.868856,0.236
93208.095284,-0.418780613,-0.00348892248,209.777656,0.236
93208.099453,-0.410520108,-0.0029308397,210.422821,0.236
93208.103621,-0.410007581,-0.0127238174,102.611292,0.236
93208.107790,-0.40370667,-0.0171704501,103.554699,0.236
93208.111958,-0.403377261,-0.0235509656,103.209647,0.236
93208.116126,-0.398811238,-0.0200248393,190.296382,0.236
93208.120295,-0.40986312,-0.0318949811,190.105876,0.236
93208.124463,-0.414111478,-0.0106984657,79.7176618,0.236
93208.128632,-0.413426165,-0.00252705693,79.8729363,0.236
93208.132800,-0.416497596,-0.0105298542,341.864302,0.236
93208.136969,-0.413493165,0.00896450963,368.642158,0.236
93208.141137,-0.408372593,0.0174650966,353.408909,0.236
93208.145305,-0.409315084,-0.00724156416,77.0685843,0.236
93208.149474,-0.398359036,-0.0133374047,77.358012,0.236
93208.153642,-0.399905681,-0.0259993235,102.963585,0.236
93208.157811,-0.400553882,-0.0333167529,103.468266,0.236
93208.161979,-0.386265385,-0.0465419472,103.481039,0.236
93208.166147,-0.401068588,-0.0285674491,161.677686,0.236
93208.170316,-0.403696059,-0.0256932949,162.302105,0.236
93208.174484,-0.404838133,-0.00427361437,81.3500688,0.236
93208.178653,-0.405604512,0.0117108407,81.4055402,0.236
93208.182821,-0.416529512,0.0232352607,81.0764737,0.236
93208.186989,-0.398434352,0.0246199151,155.856443,0.236
93208.191158,-0.407878692,0.020449542,157.177118,0.236
93208.195326,-0.400924624,-0.0312786407,49.1867785,0.236
93208.199495,-0.395502958,-0.0589648741,49.1434506,0.236
93208.203663,-0.398133382,-0.0356161578,127.370525,0.236
93208.207831,-0.398552267,-0.0241235768,129.233681,0.236
93208.212000,-0.409011455,-0.0126893026,128.107508,0.236
93208.216168,-0.40429256,0.00204475523,126.246863,0.236
93208.220337,-0.408115008,0.00646305851,126.349959,0.236
93208.224505,-0.407484012,-0.0158757647,156.963304,0.236
93208.228674,-0.40496782,-0.0172372227,156.275008,0.236
93208.232842,-0.409842862,-0.0275496781,154.684657,0.236
93208.237010,-0.403079948,-0.0440209286,108.635366,0.236
93208.241179,-0.400871765,-0.0439717316,109.659372,0.236
93208.245347,-0.403422933,-0.0419691031,332.190656,0.236
93208.249516,-0.405383323,-0.04434225,321.019011,0.236
93208.253684,-0.410369043,-0.0370103343,113.687868,0.236
93208.257852,-0.413439604,-0.0318044514,114.592222,0.236
93208.262021,-0.415958227,-0.0166505343,115.28398,0.236
93208.266189,-0.413144419,-0.0115354783,212.974417,0.236
93208.270358,-0.416120524,-0.00201307909,207.667782,0.236
93208.274526,-0.40661763,-0.0386862895,59.5529747,0.236
93208.278694,-0.401981918,-0.0605035413,59.3110249,0.236
93208.282863,-0.402873113,-0.0776267701,59.1621946,0.236
93208.287031,-0.402631311,-0.0503210197,317.075113,0.236
93208.291200,-0.400977454,-0.047180233,311.807044,0.236
93208.295368,-0.407649539,-0.0270241504,117.649712,0.236
93208.299536,-0.4071055,-0.0183036166,118.41285,0.236
93208.303705,-0.408044957,-0.0290404192,181.191119,0.236
93208.307873,-0.41535236,-0.0294722871,180.412613,0.236
93208.312042,-0.414031173,-0.0331707672,180.263277,0.236
93208.316210,-0.410455388,-0.0412684009,155.692877,0.236
93208.320379,-0.412990227,-0.035007247,157.151456,0.236
93208.324547,-0.405615574,-0.0360319867,185.925489,0.236
93208.328715,-0.408887106,-0.0330422959,188.927305,0.236
93208.332884,-0.413038997,-0.037399318,187.438454,0.236
93208.337052,-0.411466588,-0.0394291769,221.262638,0.236
93208.341221,-0.417447294,-0.0390154525,215.660054,0.236
93208.345389,-0.413907054,-0.0419223242,269.69814,0.236
93208.349557,-0.416129694,-0.038904304,248.36796,0.236
93208.353726,-0.408291834,-0.033986295,133.436279,0.236
93208.357894,-0.406294282,-0.0297947368,136.119817,0.236
93208.362063,-0.404999253,-0.0241743121,133.823198,0.236
93208.366231,-0.401389293,-0.0331431427,177.486575,0.236
93208.370399,-0.410906612,-0.0423801953,169.885973,0.236
93208.374568,-0.419061089,-0.0366936075,149.413763,0.236
93208.378736,-0.421886163,-0.0372516901,148.632966,0.236
93208.382905,-0.420301008,-0.0201615069,154.805709,0.236
93208.387073,-0.416178969,-0.013637129,196.313396,0.236
93208.391241,-0.411058852,-0.000333789149,204.219368,0.236
93208.395410,-0.407708015,-0.0223591042,83.780986,0.236
93208.399578,-0.411186215,-0.0417453456,83.8721002,0.236
93208.403747,-0.419469047,-0.0395905424,252.666498,0.236
93208.407915,-0.417400253,-0.0539929284,241.599604,0.236
93208.412084,-0.418155401,-0.0497074212,253.603926,0.236
93208.416252,-0.426426261,-0.0202576389,75.4222454,0.236
93208.420420,-0.423997199,-0.0104391459,75.9572749,0.236
93208.424589,-0.425734714,-0.0133664997,143.509761,0.236
93208.428757,-0.432265706,-0.00876879507,144.697073,0.236
93208.432926,-0.431280738,-0.00509364936,143.767917,0.236
93208.437094,-0.42931733,-0.0275468664,163.520927,0.236
93208.441262,-0.432318576,-0.0308468619,159.679086,0.236
93208.445431,-0.434071846,-0.0233788881,302.939363,0.236
93208.449599,-0.438944725,-0.0266363042,274.818998,0.236
93208.453768,-0.44167304,-0.0260605765,179.979477,0.236
93208.457936,-0.441596125,-0.0296730399,180.287838,0.236
93208.462104,-0.446448275,-0.0195066628,180.894635,0.236
93208.466273,-0.436977606,-0.0140101258,151.973056,0.236
93208.470441,-0.440859638,0.00199824943,153.406052,0.236
93208.474610,-0.440890771,-0.0176920184,115.168885,0.236
93208.478778,-0.437015094,-0.0292138623,115.728821,0.236
93208.482946,-0.441995979,-0.048256514,115.448542,0.236
93208.487115,-0.451485321,-0.0438639892,151.850529,0.236
93208.491283,-0.454148951,-0.0281608798,155.180412,0.236
93208.495452,-0.447200621,-0.00585700779,150.832867,0.236
93208.499620,-0.454825988,0.0104283745,149.880959,0.236
93208.503789,-0.455040868,-0.00551876682,109.049433,0.236
93208.507957,-0.450964273,-0.0139454192,109.859584,0.236
93208.512125,-0.459245221,-0.0244129086,108.803996,0.236
93208.516294,-0.449425026,-0.0328646123,116.003363,0.236
93208.520462,-0.453120232,-0.0465046304,114.633288,0.236
93208.524631,-0.453067456,-0.0336310954,128.708931,0.236
93208.528799,-0.451922124,-0.0341252909,127.9935,0.236
93208.532967,-0.455791824,-0.0240458596,127.898714,0.236
93208.537136,-0.453762744,-0.0088548616,122.149004,0.236
93208.541304,-0.467636526,0.0114165351,123.31885,0.236
93208.545473,-0.462352735,-0.00965153363,72.4105634,0.236
93208.549641,-0.453398071,-0.0182703337,72.3744113,0.236
93208.553809,-0.462262031,-0.0526403973,72.4555964,0.236
93208.557978,-0.463167814,-0.0605737207,115.979496,0.236
93208.562146,-0.461880685,-0.0628857812,114.835628,0.236
93208.566315,-0.480000491,-0.0297071241,53.1235178,0.236
93208.570483,-0.483293443,-0.00143454476,53.5325228,0.236
93208.574652,-0.471698605,0.00253273092,124.380078,0.236
93208.578820,-0.476798273,0.0147625215,126.661535,0.236
93208.582988,-0.481563643,0.0272072382,125.054898,0.236
93208.587157,-0.473657436,-0.0127083363,71.3727039,0.236
93208.591325,-0.460012536,-0.0247735605,71.4790788,0.236
93208.595494,-0.469729943,-0.0414454702,100.157586,0.236
93208.599662,-0.455383422,-0.0653431407,98.7662653,0.236
93208.603830,-0.455715755,-0.06911132,99.6989828,0.236
93208.607999,-0.476249075,-0.01433187,55.2132245,0.236
93208.612167,-0.486124059,0.00608888128,55.3039349,0.236
93208.616336,-0.478677849,0.00648240241,131.669774,0.236
93208.620504,-0.490622539,0.00904826244,131.911708,0.236
93208.624672,-0.478075864,-0.0200385175,82.0895981,0.236
93208.628841,-0.480248595,-0.0362461883,82.1691598,0.236
93208.633009,-0.479863767,-0.0491027076,81.7948718,0.236
93208.637178,-0.476075402,-0.0384291801,170.555783,0.236
93208.641346,-0.47376392,-0.0413180732,163.69497,0.236
93208.645514,-0.477710118,-0.0259828045,150.278688,0.236
93208.649683,-0.484727477,-0.0300908571,149.924445,0.236
93208.653851,-0.483346881,-0.0338335694,149.417693,0.236
93208.658020,-0.486463165,-0.0227909263,134.172493,0.236
93208.662188,-0.489140952,-0.0130840092,133.57738,0.236
93208.666357,-0.484514749,-0.023062267,150.783811,0.236
93208.670525,-0.48271587,-0.0304578836,149.834022,0.236
93208.674693,-0.481067434,-0.0422765882,192.040235,0.236
93208.678862,-0.478731251,-0.0429000009,193.03563,0.236
93208.683030,-0.483243327,-0.0476999639,194.799312,0.236
93208.687199,-0.481640299,-0.0385519314,267.316446,0.236
93208.691367,-0.484816518,-0.040610106,264.18828,0.236
93208.695535,-0.486756437,-0.039796951,157.215874,0.236
93208.699704,-0.485167575,-0.0216832092,158.163042,0.236
93208.703872,-0.482375401,-0.0136936455,161.923094,0.236
93208.708041,-0.484179873,-0.0346815248,162.199393,0.236
93208.712209,-0.474718918,-0.0436726471,164.769325,0.236
93208.716377,-0.487268378,-0.0527753374,284.879739,0.236
93208.720546,-0.479633757,-0.0522046268,256.897938,0.236
93208.724714,-0.487065665,-0.0410350696,132.640508,0.236
93208.728883,-0.483928251,-0.0348755561,136.445253,0.236
93208.733051,-0.490327474,-0.0287761334,137.661229,0.236
93208.737219,-0.479781695,-0.0270065116,251.44124,0.236
93208.741388,-0.491254241,-0.0188686434,264.993648,0.236
93208.745556,-0.4807592,-0.0417519724,98.6505251,0.236
93208.749725,-0.474611144,-0.0570092168,97.6311102,0.236
93208.753893,-0.47669197,-0.0730348967,98.236843,0.236
93208.758062,-0.481573757,-0.0515325167,163.327583,0.236
93208.762230,-0.484967509,-0.0552924414,159.382874,0.236
93208.766398,-0.493682932,-0.0367405887,86.295573,0.236
93208.770567,-0.487785202,-0.0369150227,86.4398394,0.236
93208.774735,-0.481837779,-0.0384403148,213.67712,0.236
93208.778904,-0.4948771,-0.02475343,227.721942,0.236
93208.783072,-0.483126471,-0.0166880997,240.063314,0.236
93208.787240,-0.484246648,-0.0384910834,85.2913897,0.236
93208.791409,-0.478231151,-0.0535662937,84.7534521,0.236
93208.795577,-0.484698621,-0.053394341,267.152755,0.236
93208.799746,-0.4767131,-0.0612545584,256.028286,0.236
93208.803914,-0.491825584,-0.0640421008,244.050111,0.236
93208.808082,-0.490094902,-0.0338278916,129.295742,0.236
93208.812251,-0.498684539,-0.033177359,129.937076,0.236
93208.816419,-0.491899961,-0.0398668476,308.297435,0.236
93208.820588,-0.489231824,-0.0441532675,277.561154,0.236
93208.824756,-0.490336322,-0.0435704608,210.26992,0.236
93208.828925,-0.500536133,-0.0409731692,210.194182,0.236
93208.833093,-0.487436876,-0.0423675194,210.556727,0.236
93208.837261,-0.496257841,-0.0403791051,142.587638,0.236
93208.841430,-0.489147659,-0.0460559919,143.501516,0.236
93208.845598,-0.498739636,-0.0582099252,160.519348,0.236
93208.849766,-0.481299498,-0.0593461742,165.919275,0.236
93208.853935,-0.485698799,-0.0572119579,163.644123,0.236
93208.858103,-0.486918265,-0.0519155616,247.263879,0.236
93208.862272,-0.486938442,-0.0469026328,257.516649,0.236
93208.866440,-0.485503238,-0.0413266507,228.294703,0.236
93208.870609,-0.490067689,-0.0411515493,225.562512,0.236
93208.874777,-0.497047234,-0.0490641308,149.431303,0.236
93208.878945,-0.492385055,-0.0687648878,149.564693,0.236
93208.883114,-0.49832643,-0.0841787773,149.620432,0.236
93208.887282,-0.494727532,-0.0603871269,137.379643,0.236
93208.891451,-0.491671407,-0.0474542767,135.429364,0.236
93208.895619,-0.496117215,-0.0362437793,172.745247,0.236
93208.899787,-0.495077753,-0.0378146752,171.54251,0.236
93208.903956,-0.495217776,-0.0552705913,167.258677,0.236
93208.908124,-0.500886831,-0.0649958568,197.782277,0.236
93208.912293,-0.500007536,-0.0689241908,210.866672,0.236
93208.916461,-0.50248243,-0.0506221789,300.859228,0.236
93208.920629,-0.49491004,-0.0405612344,296.466655,0.236
93208.924798,-0.492744833,-0.0403485743,341.453392,0.236
93208.928966,-0.502489842,-0.0624217757,233.115901,0.236
93208.933135,-0.504589971,-0.0675789558,233.776907,0.236
93208.937303,-0.499818628,-0.0613234495,168.0331,0.236
93208.941471,-0.505488924,-0.0463539157,175.533254,0.236
93208.945640,-0.498447027,-0.049374568,184.575755,0.236
93208.949808,-0.493070799,-0.0470962571,186.326447,0.236
93208.953977,-0.497030005,-0.053180738,186.996139,0.236
93208.958145,-0.496093677,-0.0514201826,327.425586,0.236
93208.962314,-0.504694604,-0.052920209,292.63791,0.236
93208.966482,-0.508509569,-0.0508611424,296.815155,0.236
93208.970650,-0.501623786,-0.057173462,275.176295,0.236
93208.974819,-0.503550128,-0.0496495962,284.919592,0.236
93208.978987,-0.502621204,-0.0438258524,256.745592,0.236
93208.983156,-0.501091321,-0.0380087045,253.598019,0.236
93208.987324,-0.494963399,-0.0391013113,204.84942,0.236
93208.991492,-0.502097826,-0.0480770401,200.05651,0.236
93208.995661,-0.4966966,-0.0528583702,270.20083,0.236
93208.999829,-0.501622481,-0.0664801294,253.909666,0.236
93209.003998,-0.499935258,-0.0681737679,250.28787,0.236
93209.008166,-0.506799405,-0.0408117448,75.7200928,0.236
93209.012334,-0.512258477,-0.0293379385,75.9254081,0.236
93209.018587,-0.510630596,-0.0312612957,119.047484,0.236
93209.024840,-0.51009337,-0.0198215386,137.422564,0.236
93209.029008,-0.509110353,-0.0365570766,158.825291,0.236
93209.033177,-0.497558495,-0.040744235,161.033534,0.236
93209.037345,-0.497763795,-0.0595323792,98.6368925,0.236
93209.041513,-0.491089451,-0.0698225514,99.0033656,0.236
93209.045682,-0.496460886,-0.0550422611,115.287511,0.236
93209.049850,-0.503511222,-0.0541280464,113.720477,0.236
93209.054019,-0.504561534,-0.0589997742,113.564145,0.236
93209.058187,-0.505600134,-0.0517507839,76.7824613,0.236
93209.062355,-0.513590017,-0.0492422666,77.0645915,0.236
93209.066524,-0.507771672,-0.0492844048,142.224652,0.236
93209.070692,-0.511788833,-0.0278761582,147.970157,0.236
93209.074861,-0.51475564,-0.0269589013,148.206001,0.236
93209.079029,-0.509933505,-0.0541558189,95.8287173,0.236
93209.083197,-0.499567866,-0.0517894817,95.7547575,0.236
93209.087366,-0.495498992,-0.0630445541,89.4259548,0.236
93209.091534,-0.497726523,-0.069567546,89.3998717,0.236
93209.095703,-0.498721279,-0.0724936878,237.015804,0.236
93209.099871,-0.498687681,-0.076225053,229.300486,0.236
93209.104039,-0.499364114,-0.0574143036,213.270063,0.236
93209.108208,-0.495170471,-0.0406662509,201.481724,0.236
93209.112376,-0.498947987,-0.0266110694,216.639205,0.236
93209.116545,-0.499090429,-0.0523153638,186.451079,0.236
93209.120713,-0.504622965,-0.0614406811,183.481195,0.236
93209.124882,-0.502639731,-0.0749568593,183.969359,0.236
93209.129050,-0.505220761,-0.0633358658,265.048942,0.236
93209.133218,-0.503106906,-0.0502965436,268.380413,0.236
93209.137387,-0.500859421,-0.0469804262,304.414802,0.236
93209.141555,-0.496652935,-0.0498517512,275.481424,0.236
93209.145724,-0.496980626,-0.0541047856,243.412317,0.236
93209.149892,-0.495757869,-0.056547021,240.569614,0.236
93209.154060,-0.503840093,-0.0578369798,244.079894,0.236
93209.158229,-0.508679088,-0.0508438721,238.998175,0.236
93209.162397,-0.5030935,-0.0496727523,219.760195,0.236
93209.166566,-0.499365816,-0.0459713622,273.401257,0.236
93209.170734,-0.501919322,-0.0400911087,301.707761,0.236
93209.174902,-0.502693938,-0.0387036872,291.741354,0.236
93209.179071,-0.495124744,-0.0509818468,104.966243,0.236
93209.183239,-0.485274595,-0.0596647609,105.559212,0.236
93209.187408,-0.490788335,-0.0621288669,155.517384,0.236
93209.191576,-0.477515192,-0.0803242626,157.076103,0.236
93209.195744,-0.499128647,-0.0573899358,54.1178885,0.236
93209.199913,-0.503701663,-0.0566731746,54.1587244,0.236
93209.204081,-0.505427587,-0.0426975543,54.0461838,0.236
93209.208250,-0.503959264,-0.0289612537,63.339257,0.236
93209.212418,-0.512448852,-0.0158110721,63.4809562,0.236
93209.216586,-0.491532556,-0.0297400142,99.8781757,0.236
93209.220755,-0.504880726,-0.0324302757,99.4061129,0.236
93209.224923,-0.485410348,-0.0370343554,99.2188538,0.236
93209.229092,-0.478269715,-0.0709806322,73.0028593,0.236
93209.233260,-0.48972442,-0.0968348461,73.114602,0.236
93209.237429,-0.490860316,-0.0726818682,75.8289783,0.236
93209.241597,-0.492735339,-0.0642899266,75.7896641,0.236
93209.245765,-0.49670306,-0.0429530389,66.5392535,0.236
93209.249934,-0.490755645,-0.0129482087,66.7777555,0.236
93209.254102,-0.501848354,-0.00944339185,66.9180746,0.236
93209.258271,-0.497305506,-0.0311970866,172.378572,0.236
93209.262439,-0.485036089,-0.0272995471,178.616616,0.236
93209.266607,-0.502841828,-0.0541466757,55.2315996,0.236
93209.270776,-0.481415673,-0.0600835051,55.1730441,0.236
93209.274944,-0.474939564,-0.0906113459,54.9805622,0.236
93209.279113,-0.476070242,-0.0789278252,199.5532,0.236
93209.283281,-0.474187154,-0.0941587306,195.342702,0.236
93209.287449,-0.490914149,-0.0407739025,54.5020821,0.236
93209.291618,-0.492654042,-0.0238005195,54.3564719,0.236
93209.295786,-0.490528935,-0.0407714113,212.773918,0.236
93209.299955,-0.492223419,-0.0285777877,227.551506,0.236
93209.304123,-0.486904138,-0.0148531373,219.809974,0.236
93209.308292,-0.498433211,-0.0462579422,74.667456,0.236
93209.312460,-0.47879314,-0.0604784195,74.4148897,0.236
93209.316628,-0.488286424,-0.0697691266,215.422124,0.236
93209.320797,-0.481973146,-0.0740912251,219.90566,0.236
93209.324965,-0.471610286,-0.0659041061,217.951744,0.236
93209.329134,-0.483148048,-0.0305961329,107.065681,0.236
93209.333302,-0.486291773,-0.0211765484,109.050236,0.236
93209.337470,-0.478812535,-0.0427907651,224.404959,0.236
93209.341639,-0.489363421,-0.0377345628,235.096684,0.236
93209.345807,-0.483846708,-0.046270492,224.860663,0.236
93209.349976,-0.483255647,-0.0504040109,167.758734,0.236
93209.354144,-0.482297384,-0.0495304965,165.094483,0.236
93209.358312,-0.486988506,-0.0457106218,159.356831,0.236
93209.362481,-0.486664955,-0.0438965745,156.986598,0.236
93209.366649,-0.485326949,-0.0475347258,313.678941,0.236
93209.370818,-0.48608652,-0.0464105428,303.854918,0.236
93209.374986,-0.483240913,-0.0359337532,317.425992,0.236
93209.379155,-0.4758704,-0.041344689,215.924477,0.236
93209.383323,-0.485545366,-0.0416391017,209.780164,0.236
93209.387491,-0.475439357,-0.0573767943,203.912524,0.236
93209.391660,-0.490196631,-0.0675865378,193.885765,0.236
93209.395828,-0.487351223,-0.064219002,189.820994,0.236
93209.399997,-0.473239049,-0.0477850719,200.827061,0.236
93209.404165,-0.494333209,-0.0326517165,200.86202,0.236
93209.408333,-0.478103318,-0.0518120706,284.608894,0.236
93209.412502,-0.484765329,-0.047286689,281.193507,0.236
93209.416670,-0.491898545,-0.0524258741,181.593562,0.236
93209.420839,-0.47008086,-0.0545733941,177.787199,0.236
93209.425007,-0.491951575,-0.0350971551,182.534144,0.236
93209.429175,-0.463628461,-0.0559746781,142.636359,0.236
93209.433344,-0.480798174,-0.0466050701,140.366698,0.236
93209.437512,-0.475472543,-0.0534041363,263.159833,0.236
93209.441681,-0.480250186,-0.0618833763,279.171325,0.236
93209.445849,-0.485281407,-0.0530332343,275.609929,0.236
93209.450018,-0.475471997,-0.0448889088,186.046058,0.236
93209.454186,-0.488327241,-0.0278881439,187.643935,0.236
93209.458354,-0.478890088,-0.036658893,192.919372,0.236
93209.462523,-0.486671818,-0.0519639985,186.912181,0.236
93209.466691,-0.47646057,-0.0489439042,302.951596,0.236
93209.470860,-0.472278071,-0.0581145145,294.928673,0.236
93209.475028,-0.4816143,-0.0496567233,291.501831,0.236
93209.479196,-0.478495107,-0.0356916499,164.059439,0.236
93209.483365,-0.484382253,-0.0371229791,163.564847,0.236
93209.487533,-0.476017048,-0.0423467743,229.285297,0.236
93209.491702,-0.476914255,-0.0478316633,218.411526,0.236
93209.495870,-0.47130883,-0.0486540148,222.913393,0.236
93209.500038,-0.468767876,-0.047638335,219.748515,0.236
93209.504207,-0.465766549,-0.0556388321,214.202262,0.236
93209.508375,-0.485775433,-0.0528807032,112.381235,0.236
93209.512544,-0.485458937,-0.0574377718,113.683739,0.236
93209.516712,-0.4775577,-0.0497191474,111.153146,0.236
93209.520880,-0.484702432,-0.0358115693,111.172843,0.236
93209.525049,-0.489842404,-0.0226474962,112.344314,0.236
93209.529217,-0.476153361,-0.0271908239,151.80251,0.236
93209.533386,-0.476330444,-0.0262908931,153.470447,0.236
93209.537554,-0.482179474,-0.0572048911,93.7238856,0.236
93209.541723,-0.472674977,-0.0639506815,93.8111001,0.236
93209.545891,-0.465286004,-0.0756604336,92.5522775,0.236
93209.550059,-0.480036387,-0.0566988966,229.326049,0.236
93209.554228,-0.472618823,-0.0576734229,231.489269,0.236
93209.558396,-0.478273349,-0.048096653,100.597855,0.236
93209.562565,-0.482815513,-0.0372843528,100.497961,0.236
93209.566733,-0.476728989,-0.0345441051,283.560671,0.236
93209.570901,-0.475858613,-0.0211418985,292.204846,0.236
93209.575070,-0.475141839,-0.0213982597,276.813445,0.236
93209.579238,-0.475377755,-0.0563622876,104.146004,0.236
93209.583407,-0.474964806,-0.0733190738,104.111983,0.236
93209.587575,-0.470794073,-0.064598518,197.274963,0.236
93209.591743,-0.475707373,-0.0537645229,192.562911,0.236
93209.595912,-0.478685119,-0.0374085689,195.777544,0.236
93209.600080,-0.477997312,-0.0257783915,153.131899,0.236
93209.604249,-0.477387468,-0.0208495049,153.728455,0.236
93209.608417,-0.482020029,-0.0449543631,190.351891,0.236
93209.612585,-0.474689949,-0.049765065,190.829934,0.236
93209.616754,-0.473299164,-0.0512309099,238.32395,0.236
93209.620922,-0.47274302,-0.048420319,251.757647,0.236
93209.625091,-0.468001529,-0.0505368634,242.220943,0.236
93209.629259,-0.470158798,-0.042010396,218.794243,0.236
93209.633428,-0.478462364,-0.0370670564,221.268685,0.236
93209.637596,-0.474705349,-0.0380293946,263.522156,0.236
93209.641764,-0.477931114,-0.0262340252,279.532728,0.236
93209.645933,-0.47526963,-0.027741407,277.483098,0.236
93209.650101,-0.471465125,-0.0430853037,149.671348,0.236
93209.654270,-0.467265542,-0.0484931863,148.093408,0.236
93209.658438,-0.47429289,-0.0509008183,196.800746,0.236
93209.662606,-0.471007334,-0.0467302921,193.535926,0.236
93209.666775,-0.47791259,-0.0378396437,170.859102,0.236
93209.670943,-0.47630733,-0.0335798722,171.913163,0.236
93209.675112,-0.477270693,-0.034904809,167.519636,0.236
93209.679280,-0.483151065,-0.0481798408,171.016113,0.236
93209.683448,-0.484450088,-0.0479054752,175.435633,0.236
93209.687617,-0.48086029,-0.0351115004,129.398835,0.236
93209.691785,-0.491069948,-0.0185456673,129.951884,0.236
93209.695954,-0.489543608,-0.000349522646,132.183931,0.236
93209.700122,-0.472231904,-0.0153846228,74.05767,0.236
93209.704290,-0.482554287,-0.0179893161,74.0053655,0.236
93209.708459,-0.460092498,-0.0541469801,55.658083,0.236
93209.712627,-0.453316696,-0.0852928691,55.2249858,0.236
93209.716796,-0.464428453,-0.106601668,55.4229668,0.236
93209.720964,-0.475910628,-0.0598016077,60.654973,0.236
93209.725133,-0.486551631,-0.0426604253,60.4460092,0.236
93209.729301,-0.488952195,-0.0202269143,52.8807862,0.236
93209.733469,-0.492994922,-0.00316815588,52.8906229,0.236
93209.737638,-0.474599819,-0.0159438489,103.144236,0.236
93209.741806,-0.476593206,-0.00668208653,102.714838,0.236
93209.745975,-0.505142879,-0.0214983195,102.464495,0.236
93209.750143,-0.46342527,-0.0614418495,41.9897572,0.236
93209.754311,-0.467685147,-0.102566732,41.9237307,0.236
93209.758480,-0.475330855,-0.0599810135,171.547613,0.236
93209.762648,-0.474563232,-0.068995751,171.624972,0.236
93209.766817,-0.466018504,-0.0618998996,167.794325,0.236
93209.770985,-0.498849888,-0.0398149166,54.5594828,0.236
93209.775154,-0.489581609,-0.035929505,54.5458388,0.236
93209.779322,-0.495919091,-0.0131085922,114.5134,0.236
93209.783490,-0.485622136,0.0115364062,116.390125,0.236
93209.787659,-0.502310956,-0.0366347165,37.3126737,0.236
93209.791827,-0.485465828,-0.0481182477,37.3167953,0.236
93209.795996,-0.454914739,-0.0946400628,37.2286292,0.236
93209.800164,-0.466136686,-0.0841726226,147.741216,0.236
93209.804332,-0.484613846,-0.0744413307,145.948775,0.236
93209.808501,-0.471669001,-0.0570118082,55.836282,0.236
93209.812669,-0.499817978,-0.0340687884,55.7375635,0.236
93209.816838,-0.491743435,-0.0156161229,56.136026,0.236
93209.821006,-0.493887791,-0.00411076286,85.633912,0.236
93209.825174,-0.492180728,0.0278198461,85.4713422,0.236
93209.829343,-0.47866595,-0.0175221619,59.6816468,0.236
93209.833511,-0.496344232,-0.0380168514,59.7072044,0.236
93209.837680,-0.471847218,-0.050389166,66.3516057,0.236
93209.841848,-0.465640144,-0.0759208425,65.9585427,0.236
93209.846016,-0.458263375,-0.0828109592,65.7314513,0.236
93209.850185,-0.490643855,-0.0597728023,81.1197443,0.236
93209.854353,-0.466948952,-0.0507045943,80.7662858,0.236
93209.858522,-0.48300549,-0.0271160501,44.2598212,0.236
93209.862690,-0.504786091,-0.0118134682,44.356389,0.236
93209.866859,-0.500246529,0.0225046612,44.4473779,0.236
93209.871027,-0.480982859,-0.01155014,106.482079,0.236
93209.875195,-0.496049748,-0.0194347092,106.156024,0.236
93209.879364,-0.503443258,-0.0544494593,50.363848,0.236
93209.883532,-0.462812631,-0.064649363,50.5258797,0.236
93209.887701,-0.497763125,-0.0621472547,178.698846,0.236
93209.891869,-0.471898958,-0.0671423382,179.96307,0.236
93209.896037,-0.480789801,-0.0802610386,189.318018,0.236
93209.900206,-0.489835395,-0.0384466447,61.6598529,0.236
93209.904374,-0.497655981,-0.0199241411,62.1090155,0.236
93209.908543,-0.4941249,-0.0159934058,122.664152,0.236
93209.912711,-0.494420215,0.00497457944,123.452245,0.236
93209.916879,-0.492253595,0.0186376784,124.19844,0.236
93209.921048,-0.491180198,-0.0245866582,65.5362059,0.236
93209.925216,-0.495952399,-0.0298024238,65.4500029,0.236
93209.929385,-0.467338478,-0.0494354561,65.2234374,0.236
93209.933553,-0.461223319,-0.0533669596,65.1800514,0.236
93209.937721,-0.485947716,-0.031873201,109.145614,0.236
93209.941890,-0.482395623,-0.0241530356,109.572939,0.236
93209.946058,-0.4723585,-0.0166808003,109.953385,0.236
93209.950227,-0.500573511,-0.0135456096,66.9196182,0.236
93209.954395,-0.49113702,0.0012354874,67.0695554,0.236
93209.958564,-0.491929944,-0.0115756888,268.829007,0.236
93209.962732,-0.495175703,0.0102635244,260.348215,0.236
93209.966900,-0.493787767,0.0125151522,261.338969,0.236
93209.971069,-0.481103528,-0.01072996,65.5184908,0.236
93209.975237,-0.49112752,-0.0285255513,65.6753988,0.236
93209.979406,-0.492145007,-0.0224547369,184.858956,0.236
93209.983574,-0.483095065,-0.0288143722,184.33751,0.236
93209.987742,-0.493035504,-0.0200546489,167.533114,0.236
93209.991911,-0.496500812,-0.0174116504,168.971647,0.236
93209.996079,-0.489488327,-0.00804494678,171.989277,0.236
93210.000248,-0.502453777,0.00678542956,144.540914,0.236
93210.004416,-0.499526103,0.0172311164,145.567607,0.236
93210.008584,-0.503037654,0.000677442218,260.867826,0.236
93210.012753,-0.510311038,-0.003501338,266.583746,0.236
93210.016921,-0.506500499,-0.012757885,249.677433,0.236
93210.021090,-0.500844478,-0.0135204997,125.072449,0.236
93210.025258,-0.499782651,-0.0120184264,123.613611,0.236
93210.029427,-0.499580025,-0.0096669004,132.224889,0.236
93210.033595,-0.490533631,-0.012968664,131.045633,0.236
93210.037763,-0.501419948,-0.00697988309,257.188256,0.236
93210.041932,-0.502490487,-0.0153561162,247.85205,0.236
93210.046100,-0.504450167,-0.0238970923,245.19377,0.236
93210.050269,-0.501433688,-0.00976864863,190.482138,0.236
93210.054437,-0.506674537,0.00400269472,189.542077,0.236
93210.058605,-0.502060424,-0.00339847558,132.700163,0.236
93210.062774,-0.491363541,-0.0167171179,130.880853,0.236
93210.066942,-0.499381479,-0.0358141526,131.410555,0.236
93210.071111,-0.504756192,-0.0283629825,102.57674,0.236
93210.075279,-0.521716708,-0.017566836,101.971367,0.236
93210.079447,-0.511819125,0.00624780285,143.34636,0.236
93210.083616,-0.519275361,0.0127559851,138.982337,0.236
93210.087784,-0.516078721,-0.00947339836,136.291047,0.236
93210.091953,-0.507950249,-0.0232082613,134.447371,0.236
93210.096121,-0.524204027,-0.0313985713,137.268816,0.236
93210.100290,-0.504496343,-0.0144922226,147.287592,0.236
93210.104458,-0.509237546,-0.0127327581,144.760575,0.236
93210.108626,-0.510835154,-0.0163372768,328.805899,0.236
93210.112795,-0.509857754,-0.0367320363,294.057152,0.236
93210.116963,-0.514378559,-0.0381708039,275.614983,0.236
93210.121132,-0.523905068,-0.0130044265,91.0156562,0.236
93210.125300,-0.530298614,-0.00548614827,91.4379723,0.236
93210.129468,-0.517482121,-0.0101621299,189.578718,0.236
93210.133637,-0.519744133,0.00375468747,191.03545,0.236
93210.137805,-0.528798124,0.0230192206,186.035053,0.236
93210.141974,-0.50736251,-0.0128903935,63.5160829,0.236
93210.146142,-0.509368864,-0.0392498984,63.4136623,0.236
93210.150310,-0.52225427,-0.048277473,190.053246,0.236
93210.154479,-0.513665315,-0.0681291875,191.685706,0.236
93210.158647,-0.520957807,-0.0236935144,69.9699149,0.236
93210.162816,-0.534538731,-0.011537845,70.000532,0.236
93210.166984,-0.528198892,-0.00318574277,70.3279995,0.236
93210.171152,-0.525001421,-0.00702491848,140.077134,0.236
93210.175321,-0.526079074,0.0125799593,140.404133,0.236
93210.179489,-0.515133054,-0.0134460386,76.5221394,0.236
93210.183658,-0.532798764,-0.017909808,76.0617261,0.236
93210.187826,-0.507375635,-0.0377296848,76.5670864,0.236
93210.191994,-0.520864735,-0.0593825365,103.277941,0.236
93210.196163,-0.51152637,-0.0638049773,102.584414,0.236
93210.200331,-0.524823496,-0.0307504051,70.3621178,0.236
93210.204500,-0.525357858,-0.0143889382,70.6381998,0.236
93210.208668,-0.521678682,-0.00992404622,93.9826069,0.236
93210.212837,-0.534615578,-0.00553859087,93.914312,0.236
93210.217005,-0.539253888,0.0108852272,93.0302546,0.236
93210.221173,-0.535559256,-0.021315063,80.1266517,0.236
93210.225342,-0.530519823,-0.0306910157,81.1342185,0.236
93210.229510,-0.518231005,-0.0404780001,156.636628,0.236
93210.233679,-0.52746561,-0.0481478388,150.904376,0.236
93210.237847,-0.519805953,-0.051684294,155.773994,0.236
93210.242015,-0.529407915,-0.0292228689,121.181273,0.236
93210.246184,-0.52871017,-0.0254956609,121.415214,0.236
93210.250352,-0.526669497,-0.0262977477,216.639201,0.236
93210.254521,-0.533342717,-0.0137866448,213.045188,0.236
93210.258689,-0.532109434,-0.0224611791,176.666567,0.236
93210.262858,-0.532467895,-0.0291931013,175.401463,0.236
93210.267026,-0.533210475,-0.0366289655,171.048796,0.236
93210.271194,-0.522701086,-0.0378559418,152.253382,0.236
93210.275363,-0.523775967,-0.0307932136,154.946666,0.236
93210.279531,-0.530993069,-0.0320598397,125.890632,0.236
93210.283700,-0.521642498,-0.0311474552,122.804855,0.236
93210.287868,-0.511221128,-0.0295342136,123.168116,0.236
93210.292036,-0.51480656,-0.0291961567,198.671537,0.236
93210.296205,-0.526818255,-0.0330191474,184.449269,0.236
93210.300373,-0.520189182,-0.0254150864,153.013587,0.236
93210.304542,-0.524652399,-0.0219476445,154.809447,0.236
93210.308710,-0.528408612,-0.0234365945,214.940668,0.236
93210.312878,-0.519639349,-0.00862080263,225.504812,0.236
93210.317047,-0.522760058,-0.00218602976,220.916167,0.236
93210.321215,-0.527768194,-0.0286779617,120.559347,0.236
93210.325384,-0.518544934,-0.0453099172,120.323678,0.236
93210.329552,-0.516004669,-0.0447511,130.523823,0.236
93210.333720,-0.523812609,-0.038124335,130.205235,0.236
93210.337889,-0.520872258,-0.0245188307,130.515399,0.236
93210.342057,-0.522401367,-0.00834018976,128.193698,0.236
93210.346226,-0.519239891,-0.00338308905,129.59701,0.236
93210.350394,-0.514732985,-0.00819414419,180.412054,0.236
93210.354563,-0.517712188,-0.0107847789,184.90528,0.236
93210.358731,-0.516129859,-0.0367051808,91.2022715,0.236
93210.362899,-0.517714976,-0.0503279764,91.255425,0.236
93210.367068,-0.499354265,-0.0699418709,90.1709555,0.236
93210.371236,-0.509625107,-0.0463492147,101.577392,0.236
93210.375405,-0.513104351,-0.0361392051,103.452053,0.236
93210.379573,-0.517610111,-0.0238684762,61.1371093,0.236
93210.383741,-0.516555824,-0.0157023474,61.3803188,0.236
93210.387910,-0.528908557,-0.0113310539,61.3393494,0.236
93210.392078,-0.52197524,-0.00392171958,131.438472,0.236
93210.396247,-0.509163211,0.0105520189,131.941891,0.236
93210.400415,-0.518666698,-0.0187780757,61.4499556,0.236
93210.404583,-0.511215308,-0.0241812296,61.6975192,0.236
93210.408752,-0.49257118,-0.045841715,75.9656617,0.236
93210.412920,-0.47884191,-0.0623738979,75.7303755,0.236
93210.417089,-0.491107196,-0.0702625547,74.9042132,0.236
93210.421257,-0.495990023,-0.0344505617,61.712975,0.236
93210.425426,-0.494403288,-0.0232326942,61.5007491,0.236
93210.429594,-0.521405227,-0.0239856556,65.3554961,0.236
93210.433762,-0.497452641,0.00203669264,66.2103156,0.236
93210.437931,-0.511355289,0.0158109141,66.3357188,0.236
93210.442099,-0.499781581,-0.0119186893,120.067916,0.236
93210.446268,-0.496658659,-0.0260673899,119.344179,0.236
93210.450436,-0.498042916,-0.0308458085,104.233351,0.236
93210.454604,-0.496620364,-0.0382744653,104.324841,0.236
93210.458773,-0.500417935,-0.0423879172,146.43642,0.236
93210.462941,-0.490652055,-0.0485368511,150.825347,0.236
93210.467110,-0.483493255,-0.0622354676,149.283024,0.236
93210.471278,-0.501323155,-0.0353965082,97.7206813,0.236
93210.475446,-0.494508354,-0.0285160909,98.926179,0.236
93210.479615,-0.495500331,-0.0305521462,131.184708,0.236
93210.483783,-0.502939399,-0.0246998409,131.764633,0.236
93210.487952,-0.499830212,-0.0162711433,132.576825,0.236
93210.492120,-0.488252207,-0.0103128374,262.559223,0.236
93210.496289,-0.500088571,-0.00753524149,268.25544,0.236
93210.500457,-0.48537247,-0.0422742808,98.1352608,0.236
93210.504625,-0.489562493,-0.0563397066,97.7462832,0.236
93210.508794,-0.491526203,-0.0673799257,97.3510787,0.236
93210.512962,-0.480537093,-0.0352790523,195.182745,0.236
93210.517131,-0.481494421,-0.0183327322,199.123647,0.236
93210.521299,-0.480861103,-0.0219688365,243.746247,0.236
93210.525467,-0.490069766,-0.021093903,245.520038,0.236
93210.529636,-0.488424065,-0.0285923026,199.215644,0.236
93210.533804,-0.496604324,-0.0338881618,193.133177,0.236
93210.537973,-0.495724262,-0.0231508334,204.558196,0.236
93210.542141,-0.489298616,-0.0270369035,268.883525,0.236
93210.546309,-0.489941823,-0.0221587297,271.787269,0.236
93210.550478,-0.484011281,-0.0265507832,234.582805,0.236
93210.554646,-0.484121447,-0.032183297,226.978734,0.236
93210.558815,-0.487739464,-0.0328735568,230.236873,0.236
93210.562983,-0.489405261,-0.036641798,310.336718,0.236
93210.567151,-0.485345963,-0.0394619717,289.640745,0.236
93210.571320,-0.491391039,-0.0328770984,134.650282,0.236
93210.575488,-0.494449241,-0.0326277739,133.983044,0.236
93210.579657,-0.491329301,-0.0148384605,192.11153,0.236
93210.583825,-0.491263196,0.00365950898,195.564271,0.236
93210.587993,-0.496661202,0.00222625298,191.650624,0.236
93210.592162,-0.490968134,-0.0432144102,111.29852,0.236
93210.596330,-0.489552573,-0.0658903099,108.547147,0.236
93210.600499,-0.48271246,-0.0329428234,116.41408,0.236
93210.604667,-0.492241946,-0.0244922461,119.631591,0.236
93210.608836,-0.485518328,-0.0155915226,118.88013,0.236
93210.613004,-0.489859182,-0.0162349987,261.84554,0.236
93210.617172,-0.491667207,-0.00539325479,256.165909,0.236
93210.621341,-0.492497139,-0.0143441011,174.2538,0.236
93210.625509,-0.498307801,-0.0294554104,174.289597,0.236
93210.629678,-0.494065466,-0.0444227375,241.578065,0.236
93210.633846,-0.492571998,-0.0364448312,236.413442,0.236
93210.638014,-0.487326781,-0.0188271495,243.999995,0.236
93210.642183,-0.491334256,-0.0228079857,179.569347,0.236
93210.646351,-0.483973696,-0.0336081395,177.153221,0.236
93210.650520,-0.494731604,-0.0370012857,128.47488,0.236
93210.654688,-0.494839692,-0.0403445735,129.513363,0.236
93210.658856,-0.505091499,-0.0237499758,129.563276,0.236
93210.663025,-0.493690226,-0.0106138774,264.231733,0.236
93210.667193,-0.498556916,-0.00652346319,276.120722,0.236
93210.671362,-0.489358542,-0.0165930002,137.215695,0.236
93210.675530,-0.493777329,-0.0296760796,135.552627,0.236
93210.679699,-0.490424571,-0.0365326731,184.596568,0.236
93210.683867,-0.495917347,-0.0487443801,181.168772,0.236
93210.688035,-0.488547754,-0.0502162592,176.430383,0.236
93210.692204,-0.492284971,-0.0292461315,210.504248,0.236
93210.696372,-0.495284613,-0.0209541819,222.017499,0.236
93210.700541,-0.500757284,-0.0188477652,207.570241,0.236
93210.704709,-0.506517031,-0.0184402506,213.190283,0.236
93210.708877,-0.506705376,-0.0228799788,208.210237,0.236
93210.713046,-0.500744944,-0.0265583162,172.816235,0.236
93210.717214,-0.504864657,-0.0181466988,173.305647,0.236
93210.721383,-0.487508751,-0.0361825904,88.0531802,0.236
93210.725551,-0.490703944,-0.0355376842,88.0043677,0.236
93210.729719,-0.489175884,-0.0337366415,290.691286,0.236
93210.733888,-0.495630993,-0.0433718012,284.727887,0.236
93210.738056,-0.495307542,-0.0505002495,283.590556,0.236
93210.742225,-0.508052932,-0.0248762581,72.0172427,0.236
93210.746393,-0.503281828,-0.0137839584,72.1972661,0.236
93210.750561,-0.507790724,-0.0140189549,259.584319,0.236
93210.754730,-0.507947442,-0.00395008172,242.118374,0.236
93210.758898,-0.510813248,0.00389345881,259.09973,0.236
93210.763067,-0.512279269,-0.0424546627,68.6813318,0.236
93210.767235,-0.483503715,-0.050516913,69.0631817,0.236
93210.771404,-0.50338167,-0.0460813085,264.025623,0.236
93210.775572,-0.490511759,-0.0476020132,249.215126,0.236
93210.779740,-0.506352877,-0.0265829922,94.507134,0.236
93210.783909,-0.510402593,-0.0194783161,94.3379164,0.236
93210.788077,-0.509786784,-0.0137101462,94.295103,0.236
93210.792246,-0.510459782,-0.0282608927,180.554881,0.236
93210.796414,-0.511453131,-0.026890336,182.7247,0.236
93210.800582,-0.495996606,-0.0318985845,112.949001,0.236
93210.804751,-0.498282849,-0.0389179322,113.433031,0.236
93210.808919,-0.503463476,-0.0451416469,112.826163,0.236
93210.813088,-0.498263967,-0.0480431681,222.343796,0.236
93210.817256,-0.500123304,-0.0528890526,227.430564,0.236
93210.821424,-0.503338995,-0.0466088181,149.758068,0.236
93210.825593,-0.501446846,-0.035006723,152.446159,0.236
93210.829761,-0.500068602,-0.0344285339,241.192486,0.236
93210.833930,-0.498796765,-0.0189345833,235.853984,0.236
93210.838098,-0.493036257,-0.00267473317,253.341426,0.236
93210.842266,-0.497172952,-0.025773147,94.6411923,0.236
93210.846435,-0.49104425,-0.0399245906,94.3101378,0.236
93210.850603,-0.490307863,-0.0496175313,197.019365,0.236
93210.854772,-0.489941735,-0.0649905304,199.259283,0.236
93210.858940,-0.495615561,-0.0677198425,195.145871,0.236
93210.863109,-0.497520485,-0.024846951,84.1800312,0.236
93210.867277,-0.495029201,0.000574622033,84.5535806,0.236
93210.871445,-0.490104345,-0.00879259231,303.549665,0.236
93210.875614,-0.492822403,-0.00694967853,327.06336,0.236
93210.879782,-0.485874185,-0.0323854981,78.6592385,0.236
93210.883951,-0.475668081,-0.044290587,78.5390266,0.236
93210.888119,-0.48311211,-0.0519012898,78.5907236,0.236
93210.892287,-0.481000352,-0.0460261203,190.986176,0.236
93210.896456,-0.477832487,-0.0522353027,186.385208,0.236
93210.900624,-0.500667273,-0.0280238886,54.7057575,0.236
93210.904793,-0.493881611,-0.0261262956,54.7378658,0.236
93210.908961,-0.518315747,-0.0128843897,54.6818809,0.236
93210.913129,-0.485414023,0.0120252524,118.861634,0.236
93210.917298,-0.468694271,0.0281646339,116.997528,0.236
93210.921466,-0.520809386,-0.0266957226,30.5130791,0.236
93210.925635,-0.444191111,-0.0591914473,30.5577243,0.236
93210.929803,-0.437914515,-0.114904416,30.5022263,0.236
93210.933972,-0.50493503,-0.0665745439,151.223496,0.236
93210.938140,-0.461993238,-0.0696122881,152.096727,0.236
93210.942308,-0.484797146,-0.0292402317,43.1048446,0.236
93210.946477,-0.500226382,-0.00401068117,43.0772362,0.236
93210.950645,-0.483731893,-0.00917030075,169.444231,0.236
93210.954814,-0.474183448,0.0215846133,172.577565,0.236
93210.958982,-0.488784931,0.030100713,170.602059,0.236
93210.963150,-0.499326693,-0.0339952801,42.2433813,0.236
93210.967319,-0.45077124,-0.0556592389,42.2388056,0.236
93210.971487,-0.484207282,-0.0550448784,222.397639,0.236
93210.975656,-0.471716882,-0.0602661749,213.734117,0.236
93210.979824,-0.473688407,-0.0738027477,225.462831,0.236
93210.983992,-0.488799975,-0.0142094656,55.2571106,0.236
93210.988161,-0.482368574,0.0108562972,55.3880993,0.236
93210.992329,-0.486466567,-0.000468319734,151.594391,0.236
93210.996498,-0.489922912,0.0142921628,154.238376,0.236
93211.000666,-0.484117225,-0.0189786938,68.6442706,0.236
93211.004835,-0.478918801,-0.0405915967,68.4497694,0.236
93211.009003,-0.477119197,-0.0485283763,68.3407091,0.236
93211.013171,-0.472671727,-0.0350896466,127.089082,0.236
93211.017340,-0.474618155,-0.0277350042,127.252874,0.236
93211.021508,-0.485574777,-0.0175549988,179.92751,0.236
93211.025677,-0.479695592,-0.02042836,182.536648,0.236
93211.029845,-0.478617427,-0.0284968224,179.815403,0.236
93211.034013,-0.486549374,-0.0316736893,180.901627,0.236
93211.038182,-0.478231815,-0.0264208546,184.73823,0.236
93211.042350,-0.481313854,-0.0102509521,230.155651,0.236
93211.046519,-0.480977795,0.0115200123,242.641005,0.236
93211.050687,-0.476748462,-0.0142201316,52.7347222,0.236
93211.054855,-0.473452702,-0.0456499714,52.7381514,0.236
93211.059024,-0.474353949,-0.0740421809,52.3448238,0.236
93211.063192,-0.474975262,-0.0602885212,137.261043,0.236
93211.067361,-0.484582596,-0.0470193511,138.591995,0.236
93211.071529,-0.480275772,-0.0225448621,99.0300058,0.236
93211.075697,-0.480932373,-0.0206340037,99.1682402,0.236
93211.079866,-0.48926001,-0.00584281836,99.9552792,0.236
93211.084034,-0.472748051,-0.00591822761,331.435353,0.236
93211.088203,-0.48181225,0.0139538852,335.490173,0.236
93211.092371,-0.473387689,-0.0301024169,59.0158876,0.236
93211.096540,-0.473617413,-0.0624253879,58.9892565,0.236
93211.100708,-0.468712198,-0.0463977884,93.6364812,0.236
93211.104876,-0.468789279,-0.0641000551,94.9280048,0.236
93211.109045,-0.482106003,-0.0490816226,94.4124409,0.236
93211.113213,-0.486896755,-0.00995969332,51.6014599,0.236
93211.117382,-0.486280991,0.00708164915,51.6636693,0.236
93211.121550,-0.488401064,-0.0049856928,190.202526,0.236
93211.125718,-0.48074967,0.0115518646,193.116328,0.236
93211.129887,-0.488286084,0.013852567,194.199746,0.236
93211.134055,-0.486039228,-0.0283729893,55.1671097,0.236
93211.138224,-0.45483318,-0.0462898796,55.0606227,0.236
93211.142392,-0.46531707,-0.0395437206,155.572278,0.236
93211.146560,-0.46492934,-0.0418771103,155.15863,0.236
93211.150729,-0.471559551,-0.0188833879,82.8280714,0.236
93211.154897,-0.480849166,-0.0124287117,82.9461409,0.236
93211.159066,-0.481935163,-0.0113183987,83.2845815,0.236
93211.163234,-0.477738188,-0.00662660966,72.1273833,0.236
93211.167402,-0.481621951,0.0292749589,72.2591632,0.236
93211.171571,-0.459239828,0.0115017783,65.3029604,0.236
93211.175739,-0.478623496,0.0123959951,65.5606284,0.236
93211.179908,-0.455170025,-0.0191072962,65.788171,0.236
93211.184076,-0.465041323,-0.0519514026,107.023973,0.236
93211.188245,-0.466889111,-0.0714822166,106.41036,0.236
93211.192413,-0.465641088,-0.0217829542,68.6919894,0.236
93211.196581,-0.468151472,-0.00890926635,69.0182815,0.236
93211.200750,-0.465664188,0.0014668519,115.758855,0.236
93211.204918,-0.465110034,0.0132136614,116.395209,0.236
93211.209087,-0.468642475,0.0211139209,115.167201,0.236
93211.213255,-0.465463658,-0.00604446547,82.2852537,0.236
93211.217423,-0.468589361,-0.0293762531,82.2476267,0.236
93211.221592,-0.46668305,-0.0375119289,123.260855,0.236
93211.225760,-0.457644225,-0.0485038214,121.525248,0.236
93211.229929,-0.466568223,-0.044461682,123.094909,0.236
93211.234097,-0.470972075,-0.0101960563,112.389767,0.236
93211.238265,-0.466285447,-0.00338108295,112.940238,0.236
93211.242434,-0.462984295,-0.0094030629,310.23267,0.236
93211.246602,-0.473012724,-0.0221475421,277.550695,0.236
93211.250771,-0.461366323,-0.0238140922,212.920123,0.236
93211.254939,-0.459058058,-0.0205244035,211.965118,0.236
93211.259108,-0.463589943,-0.0241695384,211.081484,0.236
93211.263276,-0.4533984,-0.0147824249,279.419624,0.236
93211.267444,-0.45538801,-0.0207804814,302.70394,0.236
93211.271613,-0.467164789,-0.017279755,219.281034,0.236
93211.275781,-0.465610906,-0.0200472843,224.14622,0.236
93211.279950,-0.461850683,-0.0160784961,222.301723,0.236
93211.284118,-0.457390239,-0.0147764898,241.244046,0.236
93211.288286,-0.454643883,-0.00966088533,255.347689,0.236
93211.292455,-0.456318705,-0.014113079,201.03692,0.236
93211.296623,-0.454399432,-0.0334600886,201.5324,0.236
93211.300792,-0.4596096,-0.0438750786,193.183371,0.236
93211.304960,-0.452503834,-0.0284162867,127.910422,0.236
93211.309128,-0.462142754,-0.00844647174,130.335024,0.236
93211.313297,-0.451837989,-0.00297472359,352.502838,0.236
93211.317465,-0.449767158,-0.00140657686,344.889448,0.236
93211.321634,-0.449269404,-0.0170461317,187.037789,0.236
93211.325802,-0.449696937,-0.031565115,181.981532,0.236
93211.329971,-0.448522266,-0.0319866932,181.097499,0.236
93211.334139,-0.448683651,-0.0260962937,248.598306,0.236
93211.338307,-0.44742679,-0.0200950892,251.711202,0.236
93211.342476,-0.442279559,-0.0130136304,211.956265,0.236
93211.346644,-0.447840018,-0.0161004846,215.114196,0.236
93211.350813,-0.44883242,-0.025027228,212.389828,0.236
93211.354981,-0.449332508,-0.0251614513,183.631893,0.236
93211.359149,-0.44308812,-0.0182566299,185.128369,0.236
93211.363318,-0.44585572,-0.0155778366,246.892343,0.236
93211.367486,-0.446743481,-0.0160888845,242.9103,0.236
93211.371655,-0.442583174,-0.0203289133,270.874586,0.236
93211.375823,-0.444578667,-0.0229819519,268.644567,0.236
93211.379991,-0.453650411,-0.0313758567,251.468623,0.236
93211.384160,-0.448587387,-0.0297010074,201.21066,0.236
93211.388328,-0.444350758,-0.0268443492,203.719092,0.236
93211.392497,-0.444791186,-0.017453443,140.248913,0.236
93211.396665,-0.443072486,-0.00089078382,145.110379,0.236
93211.400833,-0.439670707,0.00107649796,144.206543,0.236
93211.405002,-0.436464251,-0.0249909112,94.5860107,0.236
93211.409170,-0.437773345,-0.0422657874,94.1905762,0.236
93211.413339,-0.438437551,-0.0305458549,243.133671,0.236
93211.417507,-0.441802913,-0.0317020365,243.541041,0.236
93211.421675,-0.447592493,-0.0193125615,146.625231,0.236
93211.425844,-0.438365678,-0.0177835586,143.045514,0.236
93211.430012,-0.446905386,-0.00196812609,148.193288,0.236
93211.434181,-0.439045811,-0.00768595571,137.961902,0.236
93211.438349,-0.434695487,-0.00843764569,137.120122,0.236
93211.442518,-0.434037963,-0.0274485076,99.012648,0.236
93211.446686,-0.430766538,-0.0484179477,98.950934,0.236
93211.450854,-0.436542992,-0.0540511882,97.2598813,0.236
93211.455023,-0.44609069,-0.031321654,102.928709,0.236
93211.459191,-0.450425358,-0.0242315761,104.797414,0.236
93211.463360,-0.441455604,-0.0185921032,150.604685,0.236
93211.467528,-0.449270764,-0.00972188851,151.061626,0.236
93211.471696,-0.440052351,-0.0137397312,148.117563,0.236
93211.475865,-0.44427034,-0.00680406279,145.02015,0.236
93211.480033,-0.43765636,-0.0133598759,145.188114,0.236
93211.484202,-0.446949093,-0.0367020321,102.259712,0.236
93211.488370,-0.44196994,-0.0564534291,100.586005,0.236
93211.492539,-0.443598693,-0.0408752942,107.623926,0.236
93211.496707,-0.446664494,-0.0233989792,109.395756,0.236
93211.500875,-0.443848799,-0.00450885786,111.246205,0.236
93211.505044,-0.447101225,0.00947039941,195.719682,0.236
93211.509212,-0.44963015,0.0119294684,197.81092,0.236
93211.513381,-0.447675306,-0.0116622568,98.8419622,0.236
93211.517549,-0.442066117,-0.0210343533,98.3498228,0.236
93211.521717,-0.443441103,-0.03746312,173.37948,0.236
93211.525886,-0.438503903,-0.0515923634,171.542387,0.236
93211.530054,-0.43659564,-0.0554784382,167.414887,0.236
93211.534223,-0.446856482,-0.0189630814,73.2797583,0.236
93211.538391,-0.447736741,0.000154841611,73.6151268,0.236
93211.542559,-0.449282015,-0.00300078616,299.583265,0.236
93211.546728,-0.453219052,0.00271195003,300.475979,0.236
93211.550896,-0.450349655,0.003159004,291.452099,0.236
93211.555065,-0.444016818,-0.0259453056,85.1131486,0.236
93211.559233,-0.447902223,-0.0416114078,83.7907297,0.236
93211.563401,-0.453642839,-0.0402130712,215.540649,0.236
93211.567570,-0.447335329,-0.047455826,209.050465,0.236
93211.571738,-0.447570679,-0.0294725085,117.279866,0.236
93211.575907,-0.451027219,-0.0131565881,117.825671,0.236
93211.580075,-0.450568803,-0.00354194102,119.145448,0.236
93211.584244,-0.450691224,-0.0165818025,266.62707,0.236
93211.588412,-0.448338423,-0.0137067898,284.054283,0.236
93211.592580,-0.446135916,-0.028795528,142.505405,0.236
93211.596749,-0.443334134,-0.031426367,141.776381,0.236
93211.600917,-0.439641908,-0.0433481703,139.880712,0.236
93211.605086,-0.450348753,-0.0378606735,138.195245,0.236
93211.609254,-0.453010736,-0.0394773922,137.169719,0.236
93211.613422,-0.451618125,-0.0208054489,95.8665527,0.236
93211.617591,-0.449951037,0.00403544866,97.4683918,0.236
93211.621759,-0.448253582,-0.00601235515,83.523092,0.236
93211.625928,-0.447864878,0.00394331945,83.0363751,0.236
93211.630096,-0.447403757,-0.0198167966,82.9506284,0.236
93211.634264,-0.440253504,-0.0544443984,91.4800224,0.236
93211.638433,-0.440068724,-0.0718436068,89.7388786,0.236
93211.642601,-0.447011806,-0.0384423868,65.1530809,0.236
93211.646770,-0.449090584,-0.0173051721,65.7482651,0.236
93211.650938,-0.450634362,0.0116227866,66.126582,0.236
93211.655107,-0.45036888,0.00856722127,123.312363,0.236
93211.659275,-0.465914417,0.0141542713,123.590216,0.236
93211.663443,-0.441387043,-0.00623196486,73.3447729,0.236
93211.667612,-0.461139738,-0.023104545,73.3971615,0.236
93211.671780,-0.445542507,-0.0334937338,85.4073026,0.236
93211.675949,-0.437408393,-0.0611350867,83.709916,0.236
93211.680117,-0.447645542,-0.0765368377,83.5359635,0.236
93211.684285,-0.43828486,-0.0302260541,85.2732986,0.236
93211.688454,-0.447593027,-0.0178533875,86.1092023,0.236
93211.692622,-0.453434059,-0.0184900568,168.003181,0.236
93211.696791,-0.450593431,-0.00468902653,169.94237,0.236
93211.700959,-0.458963021,-0.00014531651,170.05057,0.236
93211.705127,-0.448851577,-0.014298081,90.6255791,0.236
93211.709296,-0.466938868,-0.0254466759,90.3950072,0.236
93211.713464,-0.443070836,-0.050289575,72.1900971,0.236
93211.717633,-0.437945915,-0.0650095087,71.6617258,0.236
93211.721801,-0.435672961,-0.0641714134,71.8132489,0.236
93211.725969,-0.44853922,-0.0383821242,121.550988,0.236
93211.730138,-0.450038379,-0.0271476388,123.103693,0.236
93211.734306,-0.456701813,-0.0181558253,121.123255,0.236
93211.738475,-0.46376669,-0.00875031337,124.484502,0.236
93211.742643,-0.457364566,-0.0204189069,180.97725,0.236
93211.746812,-0.459823904,-0.0230060259,181.143555,0.236
93211.750980,-0.45771431,-0.0348229266,177.57314,0.236
93211.755148,-0.464577984,-0.0435257616,160.238828,0.236
93211.759317,-0.457866986,-0.0417650249,163.782806,0.236
93211.763485,-0.4546304,-0.030382478,259.307385,0.236
93211.767654,-0.458754154,-0.0333010679,269.159874,0.236
93211.771822,-0.454153557,-0.0369936996,271.656046,0.236
93211.775990,-0.460175223,-0.0383072174,161.185092,0.236
93211.780159,-0.46637262,-0.0324116066,162.059355,0.236
93211.784327,-0.457391271,-0.0190359698,219.498238,0.236
93211.788496,-0.466322617,-0.00651004536,214.905199,0.236
93211.792664,-0.459682412,-0.0243099662,88.5341653,0.236
93211.796832,-0.451318134,-0.0348953811,88.2177105,0.236
93211.801001,-0.45019228,-0.0523449925,87.6515113,0.236
93211.805169,-0.455435457,-0.050703813,139.434479,0.236
93211.809338,-0.454099483,-0.0561031506,137.919646,0.236
93211.813506,-0.470381741,-0.0302783088,64.573058,0.236
93211.817675,-0.467236136,-0.0105905647,64.8831891,0.236
93211.821843,-0.473021038,0.00344400927,64.96912,0.236
93211.826011,-0.47257427,-0.008739374,166.748237,0.236
93211.830180,-0.47777963,-0.0102874712,166.949353,0.236
93211.834348,-0.467248795,-0.0264954232,136.73719,0.236
93211.838517,-0.466811382,-0.0165215061,136.233348,0.236
93211.842685,-0.453036155,-0.0125082979,92.1950631,0.236
93211.846853,-0.459951188,-0.0114720779,92.2187221,0.236
93211.851022,-0.458292052,-0.0274541605,91.876153,0.236
93211.855190,-0.46048361,-0.0230909175,269.881769,0.236
93211.859359,-0.460696809,-0.0370768975,257.032857,0.236
93211.863527,-0.466209031,-0.0222569745,94.0904835,0.236
93211.867695,-0.460239965,0.000547882399,95.1851729,0.236
93211.871864,-0.46177979,0.0248646979,95.0708881,0.236
93211.876032,-0.465093532,0.0215650269,219.59684,0.236
93211.880201,-0.460093769,0.00144955513,231.930367,0.236
93211.884369,-0.457125293,-0.0213127844,106.417721,0.236
93211.888537,-0.463138607,-0.0347070765,105.881998,0.236
93211.892706,-0.4539351,-0.0237276037,212.413743,0.236
93211.896874,-0.451412725,-0.0174234636,213.107849,0.236
93211.901043,-0.449938663,-0.0153926138,211.318648,0.236
93211.905211,-0.464652536,-0.0204104066,166.306045,0.236
93211.909380,-0.463448136,-0.0160122258,167.462241,0.236
93211.913548,-0.465499413,-0.0170453699,164.823734,0.236
93211.917716,-0.470198843,-0.00318116136,171.034773,0.236
93211.921885,-0.466690105,0.0120144026,170.276721,0.236
93211.926053,-0.46683597,-0.00835836118,101.594512,0.236
93211.930222,-0.459845082,-0.023586495,101.261574,0.236
93211.934390,-0.462079545,-0.04122366,139.932996,0.236
93211.938558,-0.45715872,-0.0467470474,139.410213,0.236
93211.942727,-0.463962101,-0.0256557676,144.423091,0.236
93211.946895,-0.458431189,-0.0166395111,147.402495,0.236
93211.951064,-0.463462751,-0.0112747284,148.040948,0.236
93211.955232,-0.461827033,-0.00968659863,203.678329,0.236
93211.959400,-0.464085485,-0.000543305343,209.616713,0.236
93211.963569,-0.465796825,-0.0112044473,116.398152,0.236
93211.967737,-0.466161142,-0.0150047979,116.057797,0.236
93211.971906,-0.463796947,-0.0242221648,115.280802,0.236
93211.976074,-0.461922944,-0.0311106277,208.336198,0.236
93211.980243,-0.466692805,-0.0420629422,201.744392,0.236
93211.984411,-0.465354598,-0.0228702889,146.775175,0.236
93211.988579,-0.463966646,-0.0235727299,148.824476,0.236
93211.992748,-0.46289347,-0.0114871189,122.57707,0.236
93211.996916,-0.464522313,0.00331253883,122.361476,0.236
93212.001085,-0.474894801,0.0142007182,123.690073,0.236
93212.005253,-0.465088741,-0.00229587212,118.205243,0.236
93212.009421,-0.455440527,-0.0270926983,117.843444,0.236
93212.013590,-0.453965808,-0.0368070435,230.497355,0.236
93212.017758,-0.455135719,-0.0463555233,239.510991,0.236
93212.021927,-0.453710136,-0.0305592936,252.584204,0.236
93212.026095,-0.460944246,0.00952212307,110.269236,0.236
93212.030263,-0.457643874,0.0227236554,109.689075,0.236
93212.034432,-0.455125681,-0.00482284508,150.997281,0.236
93212.038600,-0.457070637,-0.0180334938,151.610023,0.236
93212.042769,-0.453871377,-0.0297257867,280.909049,0.236
93212.046937,-0.452644141,-0.0363477526,258.812528,0.236
93212.051106,-0.449538155,-0.0237553993,271.480558,0.236
93212.055274,-0.451495844,-0.00600826203,125.709826,0.236
93212.059442,-0.454144912,0.00836535512,126.433241,0.236
93212.063611,-0.452039662,-0.00983247102,155.104152,0.236
93212.067779,-0.460289335,-0.0175439334,151.576262,0.236
93212.071948,-0.458120048,-0.0180941435,152.335997,0.236
93212.076116,-0.449660944,-0.00864938464,296.921723,0.236
93212.080284,-0.455768247,0.0151951275,297.388042,0.236
93212.084453,-0.444826783,-0.00825353231,101.760453,0.236
93212.088621,-0.444855611,-0.0195194654,102.226754,0.236
93212.092790,-0.438678248,-0.0440564745,99.9171937,0.236
93212.096958,-0.446275576,-0.0451386631,240.463787,0.236
93212.101126,-0.450864541,-0.0320553233,232.214267,0.236
93212.105295,-0.45293644,-0.00717773711,93.6948225,0.236
93212.109463,-0.455349509,0.00683006181,93.7654276,0.236
93212.113632,-0.443003903,-0.0067893242,214.275545,0.236
93212.117800,-0.445357444,-0.012668582,217.386772,0.236
93212.121968,-0.451170057,-0.0123000974,224.723221,0.236
93212.126137,-0.440526972,-0.0291506969,95.1996326,0.236
93212.130305,-0.433978565,-0.0266604033,94.89817,0.236
93212.134474,-0.443960709,-0.0239559863,195.924569,0.236
93212.138642,-0.437520055,-0.0403331527,193.033446,0.236
93212.142811,-0.442792951,-0.0471658696,190.6082,0.236
93212.146979,-0.446902453,-0.0296551363,92.6829631,0.236
93212.151147,-0.455102659,-0.015891862,92.8453895,0.236
93212.155316,-0.44878495,-0.00513042892,156.304445,0.236
93212.159484,-0.445433893,0.0176447068,154.416336,0.236
93212.163653,-0.448765708,-0.00747879266,58.4734697,0.236
93212.167821,-0.433724925,-0.0385195457,58.6097783,0.236
93212.171989,-0.43023211,-0.0618092153,58.3839838,0.236
93212.176158,-0.440948521,-0.0477936454,205.198802,0.236
93212.180326,-0.430714341,-0.0410736937,204.300667,0.236
93212.184495,-0.441052688,-0.00757686899,101.871778,0.236
93212.188663,-0.445912596,0.00563797185,102.511642,0.236
93212.192831,-0.443989563,0.0155075814,102.725812,0.236
93212.197000,-0.440912725,-0.004217436,144.015203,0.236
93212.201168,-0.441410637,-0.00835650934,146.571555,0.236
93212.205337,-0.435167429,-0.0270025232,84.986243,0.236
93212.209505,-0.437347364,-0.0375913665,84.3054878,0.236
93212.213674,-0.440931066,-0.0253550099,89.5675615,0.236
93212.217842,-0.451534052,-0.0324092913,89.5219747,0.236
93212.222010,-0.454435473,-0.0331634115,90.1126584,0.236
93212.226179,-0.451222493,-0.0123532407,74.9861273,0.236
93212.230347,-0.460232939,0.0060370213,75.117891,0.236
93212.234516,-0.437784143,0.00111338973,114.38936,0.236
93212.238684,-0.44163044,0.00791740656,113.822796,0.236
93212.242852,-0.460937527,0.00305628318,113.581308,0.236
93212.247021,-0.418839853,-0.0462498097,41.986999,0.236
93212.251189,-0.426188428,-0.0870075056,41.9653137,0.236
93212.255358,-0.438180519,-0.0577091107,128.424748,0.236
93212.259526,-0.436889992,-0.0638206321,132.448188,0.236
93212.263694,-0.450767092,-0.028699483,44.4814183,0.236
93212.267863,-0.441483933,-0.000750624428,44.5999015,0.236
93212.272031,-0.471898894,0.00258167312,44.772055,0.236
93212.276200,-0.442863216,0.00632083082,277.22181,0.236
93212.280368,-0.436742591,0.00962785403,271.430963,0.236
93212.284537,-0.4649387,-0.0366018075,43.62187,0.236
93212.288705,-0.419727737,-0.0351407901,43.4752808,0.236
93212.292873,-0.423588796,-0.0729883525,43.3376281,0.236
93212.297042,-0.439913424,-0.050320556,128.012954,0.236
93212.301210,-0.416292102,-0.0690284987,129.674803,0.236
93212.305379,-0.446758427,-0.0453148378,65.6278366,0.236
93212.309547,-0.441586269,-0.0132986564,65.5708868,0.236
93212.315800,-0.439700948,0.00562668812,123.360758,0.236
93212.322052,-0.440009125,0.0179980522,131.472218,0.236
93212.326221,-0.438557036,-0.0213470635,73.6627394,0.236
93212.330389,-0.437838889,-0.0417479206,73.1813885,0.236
93212.334557,-0.429742773,-0.0370599925,156.146858,0.236
93212.338726,-0.429447553,-0.0315933743,152.795506,0.236
93212.342894,-0.42216795,-0.0381065524,156.828748,0.236
93212.347063,-0.437727314,-0.0182338282,105.071926,0.236
93212.351231,-0.438346427,-0.0177239805,107.29601,0.236
93212.355399,-0.430535381,-0.00826769511,94.0776631,0.236
93212.359568,-0.447810073,0.00941637428,94.4478706,0.236
93212.363736,-0.424889605,-0.00321811099,81.5686468,0.236
93212.367905,-0.435684949,-0.00683501981,82.1489611,0.236
93212.372073,-0.429126957,-0.0128579444,82.0054559,0.236
93212.376242,-0.413081718,-0.0352756261,89.6305438,0.236
93212.380410,-0.42433588,-0.0527983745,89.7461743,0.236
93212.384578,-0.418529084,-0.0353971372,105.105249,0.236
93212.388747,-0.426181094,-0.0413741361,104.049932,0.236
93212.392915,-0.428584656,-0.0247455066,104.354722,0.236
93212.397084,-0.428782021,-0.00120900007,79.5368578,0.236
93212.401252,-0.432802849,0.0150216248,78.8697027,0.236
93212.405420,-0.428218838,-0.0086075966,96.4028434,0.236
93212.409589,-0.432517215,-0.0249784719,97.0419846,0.236
93212.413757,-0.428000482,-0.0378839175,122.779088,0.236
93212.417926,-0.421202856,-0.0424524083,121.422808,0.236
93212.422094,-0.42583231,-0.0414393319,121.851816,0.236
93212.426262,-0.420116926,-0.0328526561,227.083623,0.236
93212.430431,-0.416494584,-0.0354489097,236.928928,0.236
93212.434599,-0.42672441,-0.0225653894,139.532933,0.236
93212.438768,-0.424109743,-0.0212909288,141.503203,0.236
93212.442936,-0.430693082,-0.00998595146,142.237603,0.236
93212.447105,-0.428610269,-0.0198246537,274.040129,0.236
93212.451273,-0.424867118,-0.0180537604,268.301796,0.236
93212.455441,-0.417676577,-0.0232982018,157.372608,0.236
93212.459610,-0.425764661,-0.0224865831,156.483492,0.236
93212.463778,-0.42689843,-0.02038471,160.147514,0.236
93212.467947,-0.41944507,-0.024278236,128.72013,0.236
93212.472115,-0.41879803,-0.0353875543,128.448567,0.236
93212.476283,-0.424541521,-0.0355133259,271.936199,0.236
93212.480452,-0.426287313,-0.0355792097,254.401277,0.236
93212.484620,-0.438294091,-0.0183227899,94.0331315,0.236
93212.488789,-0.437692427,-0.00446633111,94.7138387,0.236
93212.492957,-0.440435028,0.00841840589,95.278882,0.236
93212.497125,-0.42971087,-0.00126641701,107.779308,0.236
93212.501294,-0.428119257,-0.0108959246,107.788554,0.236
93212.505462,-0.42118593,-0.0378165767,102.701452,0.236
93212.509631,-0.42558878,-0.0536674911,101.828929,0.236
93212.513799,-0.418572408,-0.0551292186,102.801463,0.236
93212.517968,-0.434243221,-0.0198057366,110.63102,0.236
93212.522136,-0.432669758,-0.0148529208,108.687641,0.236
93212.526304,-0.428097251,-0.0144188109,124.809029,0.236
93212.530473,-0.433412092,-0.0166070582,125.075208,0.236
93212.534641,-0.43523884,-0.0191749901,223.313046,0.236
93212.538810,-0.433254403,-0.0065294365,216.55151,0.236
93212.542978,-0.42917757,-0.0073057183,202.600233,0.236
93212.547146,-0.419979853,-0.0355133263,72.8586281,0.236
93212.551315,-0.420314025,-0.0567754378,72.8600897,0.236
93212.555483,-0.428467764,-0.0436834789,108.680024,0.236
93212.559652,-0.430050959,-0.048100799,108.659357,0.236
93212.563820,-0.431241411,-0.0357574336,110.113017,0.236
93212.567988,-0.430401626,-0.0120087242,103.33179,0.236
93212.572157,-0.432705015,0.00349840327,103.874441,0.236
93212.576325,-0.430826998,-0.0209217964,100.089613,0.236
93212.580494,-0.427511236,-0.0358814925,100.745371,0.236
93212.584662,-0.420746032,-0.0509718092,196.159371,0.236
93212.588831,-0.429352507,-0.0623978568,190.673039,0.236
93212.592999,-0.424411305,-0.0499426364,201.066081,0.236
93212.597167,-0.424160252,-0.0268775192,274.101726,0.236
93212.601336,-0.427169494,-0.013917668,245.677436,0.236
93212.605504,-0.424555537,-0.0310272562,206.679826,0.236
93212.609673,-0.428852371,-0.039028046,198.492385,0.236
93212.613841,-0.430211058,-0.0513433502,192.941043,0.236
93212.618009,-0.423726302,-0.0444503062,135.796653,0.236
93212.622178,-0.41955646,-0.0402557025,134.563853,0.236
93212.626346,-0.423800643,-0.0310675204,143.89089,0.236
93212.630515,-0.412485835,-0.023237648,145.041744,0.236
93212.634683,-0.418927059,-0.0216447294,157.158035,0.236
93212.638851,-0.425793133,-0.0227264114,155.101005,0.236
93212.643020,-0.422126235,-0.0337357957,153.341247,0.236
93212.647188,-0.424506328,-0.0368982176,149.690867,0.236
93212.651357,-0.423650736,-0.0193141311,152.361936,0.236
93212.655525,-0.418969566,-0.0110781761,144.40973,0.236
93212.659694,-0.413415918,0.00721914948,144.97708,0.236
93212.663862,-0.410838958,-0.0115242568,148.67906,0.236
93212.668030,-0.413698146,-0.033039402,172.848004,0.236
93212.672199,-0.418903403,-0.0537963356,167.232537,0.236
93212.676367,-0.417736797,-0.0306098917,154.669208,0.236
93212.680536,-0.414869302,-0.0174037558,162.261178,0.236
93212.684704,-0.413459056,-0.005868728,205.028419,0.236
93212.688872,-0.412953986,0.0036796065,212.164926,0.236
93212.693041,-0.407348409,-0.00194629313,204.175532,0.236
93212.697209,-0.419806515,-0.02246908,113.509015,0.236
93212.701378,-0.417302123,-0.0408986667,113.661609,0.236
93212.705546,-0.412725752,-0.0360130477,135.324338,0.236
93212.709714,-0.414155332,-0.0290713615,136.187497,0.236
93212.713883,-0.41345516,-0.023872836,135.86566,0.236
93212.718051,-0.420378843,-0.00279141184,112.995636,0.236
93212.722220,-0.417275317,-0.00325926643,112.348259,0.236
93212.726388,-0.425389331,-0.0156675997,218.166042,0.236
93212.730556,-0.417276984,-0.021613195,216.151459,0.236
93212.734725,-0.412561581,-0.0299358396,208.453004,0.236
93212.738893,-0.415714595,-0.0306329839,204.210829,0.236
93212.743062,-0.406844516,-0.0249155546,209.53475,0.236
93212.747230,-0.412031931,-0.0192568675,170.133717,0.236
93212.751399,-0.411125234,-0.0123605852,164.502367,0.236
93212.755567,-0.410197555,-0.0207467057,166.779395,0.236
93212.759735,-0.410290483,-0.0195288674,167.02801,0.236
93212.763904,-0.410640235,-0.0179871541,170.320377,0.236
93212.768072,-0.404010855,-0.0117556349,124.040478,0.236
93212.772241,-0.402419674,-0.00269774965,124.760812,0.236
93212.776409,-0.400342761,-0.0215418173,98.1872484,0.236
93212.780577,-0.399558629,-0.0368706172,96.7327012,0.236
93212.784746,-0.401894519,-0.032330076,175.40876,0.236
93212.788914,-0.402286534,-0.0334563507,171.981745,0.236
93212.793083,-0.404652107,-0.0197395551,177.986967,0.236
93212.797251,-0.401830914,-0.00781817365,156.941051,0.236
93212.801419,-0.40253822,0.00278945879,157.91069,0.236
93212.805588,-0.398717546,-0.00966759769,318.999931,0.236
93212.809756,-0.402293541,-0.0172654741,287.176631,0.236
93212.813925,-0.398463213,-0.0200085857,288.049476,0.236
93212.818093,-0.399741345,-0.0239467563,286.380819,0.236
93212.822261,-0.400072178,-0.0235039603,276.267152,0.236
93212.826430,-0.400871821,-0.010954149,222.786636,0.236
93212.830598,-0.402076525,-0.0183377535,212.313198,0.236
93212.834767,-0.399634995,-0.0224239052,266.106098,0.236
93212.838935,-0.399225807,-0.017808229,270.336404,0.236
93212.843104,-0.400102628,-0.0138895058,261.83951,0.236
93212.847272,-0.399352675,-0.0128284702,324.047423,0.236
93212.851440,-0.397316164,-0.0114878821,313.26549,0.236
93212.855609,-0.397006457,-0.0181280091,309.110361,0.236
93212.859777,-0.396314575,-0.0238089645,309.06877,0.236
93212.863946,-0.397632025,-0.0229072107,286.501888,0.236
93212.868114,-0.397504644,-0.015278037,229.039684,0.236
93212.872282,-0.397645827,-0.0150799772,238.990048,0.236
93212.876451,-0.397342074,-0.0138497921,213.6002,0.236
93212.880619,-0.401836032,-0.017509633,213.198822,0.236
93212.884788,-0.404400671,-0.00749757739,210.392051,0.236
93212.888956,-0.395094745,-0.000985756824,246.269999,0.236
93212.893124,-0.398868636,0.000875702221,241.77495,0.236
93212.897293,-0.392455535,-0.00910588212,170.436593,0.236
93212.901461,-0.395939315,-0.0276454625,164.39005,0.236
93212.905630,-0.393503932,-0.0199026756,200.236298,0.236
93212.909798,-0.398973983,-0.0223789558,199.06436,0.236
93212.913967,-0.395995129,-0.0179185548,203.249541,0.236
93212.918135,-0.397672815,-0.0112810593,174.586519,0.236
93212.922303,-0.397707251,-0.00867454325,178.087152,0.236
93212.926472,-0.396598713,-0.00731127727,256.430538,0.236
93212.930640,-0.397097808,-0.00297088503,263.040813,0.236
93212.934809,-0.396530791,-0.00314993471,276.753656,0.236
93212.938977,-0.396774634,-0.0213226932,156.518174,0.236
93212.943145,-0.392975982,-0.026377873,152.335327,0.236
93212.947314,-0.39737497,-0.0297434769,288.26507,0.236
93212.951482,-0.391061127,-0.0304740543,284.544582,0.236
93212.955651,-0.394389254,-0.0189143157,164.695487,0.236
93212.959819,-0.391618724,-0.0136978672,163.387081,0.236
93212.963987,-0.396537481,-0.00432325123,165.661299,0.236
93212.968156,-0.396548258,-0.0143962874,305.563163,0.236
93212.972324,-0.396829875,-0.0110915108,326.194803,0.236
93212.976493,-0.392395426,-0.0212331715,239.409112,0.236
93212.980661,-0.38886313,-0.0254423667,233.25922,0.236
93212.984830,-0.390967121,-0.03265229,223.575851,0.236
93212.988998,-0.396746586,-0.0318013125,147.517306,0.236
93212.993166,-0.398144606,-0.0272188459,151.466945,0.236
93212.997335,-0.393565452,-0.00885640937,135.884487,0.236
93213.001503,-0.396421338,0.01098381,138.96177,0.236
93213.005672,-0.395657056,-0.00313635119,104.733741,0.236
93213.009840,-0.385048483,-0.00846494607,105.151099,0.236
93213.014008,-0.387590083,-0.0272655147,105.213879,0.236
93213.018177,-0.38633557,-0.0319476723,224.954894,0.236
93213.022345,-0.384877784,-0.0438438728,225.802785,0.236
93213.026514,-0.394488521,-0.020402471,111.87816,0.236
93213.030682,-0.387882109,-0.00882244174,111.207862,0.236
93213.034850,-0.389697645,-0.000697744108,112.714352,0.236
93213.039019,-0.390882394,7.81794394e-05,212.321974,0.236
93213.043187,-0.386382394,-0.0039677358,210.389803,0.236
93213.049440,-0.387990639,-0.0206558426,177.565638,0.236
93213.055693,-0.386866337,-0.0234384398,335.687123,0.236
93213.059861,-0.381843597,-0.0177383678,382.318582,0.236
93213.064029,-0.387662659,-0.0200299087,386.477685,0.236
93213.068198,-0.382412533,-0.0125235977,349.426468,0.236
93213.072366,-0.383999872,-0.00980523573,329.588449,0.236
93213.076535,-0.385373219,-0.0164653816,192.665452,0.236
93213.080703,-0.37876466,-0.0198409315,195.105928,0.236
93213.084871,-0.375167297,-0.0295165871,194.074018,0.236
93213.089040,-0.382474485,-0.0313461867,347.514001,0.236
93213.093208,-0.37769698,-0.0353232185,322.605699,0.236
93213.097377,-0.381971977,-0.0205972289,162.708841,0.236
93213.101545,-0.384615342,-0.0132731224,164.244072,0.236
93213.105713,-0.38158541,-0.0178929892,369.143421,0.236
93213.109882,-0.380283227,-0.0118363113,381.134802,0.236
93213.114050,-0.382291743,-0.00840386408,364.601807,0.236
93213.118219,-0.377522859,-0.0156225505,149.072161,0.236
93213.122387,-0.37631238,-0.0259764851,148.781926,0.236
93213.126555,-0.376951676,-0.0360478913,223.230092,0.236
93213.130724,-0.374277352,-0.0435260912,220.754133,0.236
93213.134892,-0.371846838,-0.0446415181,216.976858,0.236
93213.139061,-0.381098354,-0.0243065187,135.903548,0.236
93213.143229,-0.380550328,-0.0211842421,138.408538,0.236
93213.147398,-0.380395179,-0.0177321215,145.530849,0.236
93213.151566,-0.385586474,-0.00605412831,145.689914,0.236
93213.155734,-0.379084092,-0.0139940049,99.4128331,0.236
93213.159903,-0.383458363,-0.00901303033,98.3319253,0.236
93213.164071,-0.377523342,-0.0212896125,98.7409482,0.236
93213.168240,-0.372211802,-0.0405424093,115.921442,0.236
93213.172408,-0.379520091,-0.0599151627,115.16954,0.236
93213.176576,-0.383102659,-0.0355065104,94.0251943,0.236
93213.180745,-0.38253384,-0.0315851932,94.4767264,0.236
93213.184913,-0.387300527,-0.0150473014,95.1480815,0.236
93213.189082,-0.379561966,-0.0041841979,123.449326,0.236
93213.193250,-0.388060075,0.00547244052,123.419067,0.236
93213.197419,-0.377697284,-0.0121286832,155.568728,0.236
93213.201587,-0.386573444,-0.0168744071,157.416192,0.236
93213.205755,-0.381625401,-0.0259225383,271.392934,0.236
93213.209924,-0.387887765,-0.0353958553,255.099901,0.236
93213.214092,-0.379312091,-0.0417395731,266.913741,0.236
93213.218261,-0.391980448,-0.0270265361,117.10808,0.236
93213.222429,-0.386330033,-0.0112447978,117.989655,0.236
93213.226597,-0.38397201,-0.00800208407,176.730459,0.236
93213.230766,-0.385406242,-0.004103162,175.797766,0.236
93213.234934,-0.391666787,-0.00477448649,175.442499,0.236
93213.239103,-0.379058011,-0.0263472602,130.119307,0.236
93213.243271,-0.379317823,-0.0349143179,131.033025,0.236
93213.247439,-0.378244894,-0.0306250833,228.144267,0.236
93213.251608,-0.378597379,-0.0299623894,233.800881,0.236
93213.255776,-0.37876212,-0.0376729222,234.136077,0.236
93213.259945,-0.390295607,-0.024421265,115.254508,0.236
93213.264113,-0.390921317,-0.0154956576,115.28403,0.236
93213.268281,-0.389959203,-0.0204422037,196.150166,0.236
93213.272450,-0.392141283,-0.00918065939,200.996522,0.236
93213.276618,-0.383191729,-0.0282208431,106.25397,0.236
93213.280787,-0.384550396,-0.040162685,106.488187,0.236
93213.284955,-0.386146765,-0.0519811976,105.507928,0.236
93213.289124,-0.385521198,-0.0449185596,204.140495,0.236
93213.293292,-0.389960619,-0.0427648982,205.94442,0.236
93213.297460,-0.393871719,-0.0199796484,99.2397146,0.236
93213.301629,-0.398165291,-0.00744963305,99.498472,0.236
93213.305797,-0.405051323,0.00695619837,99.0388272,0.236
93213.309966,-0.397800813,-0.00886931033,174.203055,0.236
93213.314134,-0.398083403,-0.0134410921,175.02755,0.236
93213.318302,-0.385645524,-0.0417209296,83.3753209,0.236
93213.322471,-0.389317492,-0.0555070666,82.5475918,0.236
93213.326639,-0.390380429,-0.0343357584,143.188116,0.236
93213.330808,-0.391704311,-0.0322368141,142.17771,0.236
93213.334976,-0.391780483,-0.0274114581,143.989238,0.236
93213.339145,-0.388379285,-0.0205185144,123.666651,0.236
93213.343313,-0.395558047,-0.0109848472,121.406207,0.236
93213.347481,-0.392978768,-0.0182119925,214.25431,0.236
93213.351650,-0.393882483,-0.00996194219,214.316877,0.236
93213.355818,-0.388225201,-0.0128541022,215.099199,0.236
93213.359986,-0.390574919,-0.0299770694,127.354526,0.236
93213.364155,-0.388205015,-0.0415173594,124.701733,0.236
93213.368323,-0.39234406,-0.0346698537,234.01407,0.236
93213.372492,-0.397092111,-0.0362659478,236.745433,0.236
93213.376660,-0.395811846,-0.0186928595,152.871071,0.236
93213.380829,-0.3985215,-0.00428228367,154.429703,0.236
93213.384997,-0.399598767,0.00526579191,155.935437,0.236
93213.389165,-0.396854361,-0.0131044635,144.956622,0.236
93213.393334,-0.395362438,-0.0292553343,145.506364,0.236
93213.397502,-0.400450698,-0.0367738347,210.028362,0.236
93213.401671,-0.397451455,-0.0459024175,213.148925,0.236
93213.405839,-0.401728559,-0.0381213844,216.73259,0.236
93213.410007,-0.404210963,-0.0148087819,118.817071,0.236
93213.414176,-0.402570553,-0.00853737333,118.694905,0.236
93213.418344,-0.402001586,-0.0149170044,331.364944,0.236
93213.422513,-0.405656143,-0.0127867908,378.749213,0.236
93213.426681,-0.40355849,-0.025868399,114.953797,0.236
93213.430850,-0.403908777,-0.0307814392,115.36769,0.236
93213.435018,-0.403171701,-0.0440330725,113.247258,0.236
93213.439186,-0.402438607,-0.0354105076,317.669848,0.236
93213.443355,-0.409349078,-0.0373449511,289.774203,0.236
93213.447523,-0.410059476,-0.0318973267,210.393288,0.236
93213.451692,-0.408810336,-0.0223324226,218.150625,0.236
93213.455860,-0.408672323,-0.0181219491,213.76876,0.236
93213.460028,-0.411953942,-0.0163099434,198.742523,0.236
93213.464197,-0.412268141,-0.0222564539,195.4149,0.236
93213.468365,-0.41137611,-0.0411801398,167.243803,0.236
93213.472534,-0.414763871,-0.0547442416,161.243638,0.236
93213.476702,-0.422256494,-0.0401049288,97.9401744,0.236
93213.480870,-0.419970027,-0.019070656,99.9536777,0.236
93213.485039,-0.426768826,0.000316907034,100.390307,0.236
93213.489207,-0.424268847,-0.00369226281,173.586904,0.236
93213.493376,-0.430411849,-0.00254589672,174.268552,0.236
93213.497544,-0.424035856,-0.0204885257,77.043962,0.236
93213.501713,-0.427253857,-0.0399458562,77.0329052,0.236
93213.505881,-0.419845701,-0.0482470547,76.9374176,0.236
93213.510049,-0.418803511,-0.0367613741,146.703407,0.236
93213.514218,-0.416881997,-0.0379598269,147.930254,0.236
93213.518386,-0.430793209,-0.0141200975,196.32145,0.236
93213.522555,-0.429504146,-0.0156851629,193.249361,0.236
93213.526723,-0.431843716,-0.026223681,176.8088,0.236
93213.530891,-0.437757823,-0.0245305663,172.433576,0.236
93213.535060,-0.442062667,-0.0281557946,173.333349,0.236
93213.539228,-0.436271003,-0.0237805471,180.668763,0.236
93213.543397,-0.440274162,-0.024973819,183.966383,0.236
93213.547565,-0.438999245,-0.0262589009,196.685431,0.236
93213.551733,-0.445257778,-0.0270897676,208.322133,0.236
93213.555902,-0.448995852,-0.0282127744,208.349441,0.236
93213.560070,-0.44793822,-0.0252891983,177.050257,0.236
93213.564239,-0.441826454,-0.0245107263,179.642498,0.236
93213.568407,-0.442890815,-0.0317518015,150.956728,0.236
93213.572575,-0.449173612,-0.0464508092,152.900271,0.236
93213.576744,-0.449340183,-0.0351757958,140.439796,0.236
93213.580912,-0.45504483,-0.0361745975,137.656823,0.236
93213.585081,-0.460892739,-0.019833772,140.600749,0.236
93213.589249,-0.459756543,-0.0131598438,192.801679,0.236
93213.593418,-0.461337307,-0.00801592293,197.509331,0.236
93213.597586,-0.457171185,-0.0184133197,122.506084,0.236
93213.601754,-0.461554258,-0.0308317252,122.602918,0.236
93213.605923,-0.460953581,-0.0358653168,121.656785,0.236
93213.610091,-0.459787903,-0.0327125563,138.501455,0.236
93213.614260,-0.459976898,-0.0273599986,139.831784,0.236
93213.618428,-0.461200174,-0.0130625362,158.662115,0.236
93213.622596,-0.466760504,-0.0129140655,159.662103,0.236
93213.626765,-0.46396965,-0.0167400711,160.030497,0.236
93213.630933,-0.470332546,-0.0315909022,236.708768,0.236
93213.635102,-0.467386212,-0.0321981799,226.250119,0.236
93213.639270,-0.473325917,-0.0249076702,321.797394,0.236
93213.643438,-0.473702649,-0.0168507674,286.701444,0.236
93213.647607,-0.475490391,-0.0185461188,310.122994,0.236
93213.651775,-0.470490396,-0.0153553046,314.683427,0.236
93213.655944,-0.477081701,-0.0244864998,315.673435,0.236
93213.660112,-0.477463452,-0.0344705728,216.444842,0.236
93213.664281,-0.473681655,-0.0375495114,213.771434,0.236
93213.668449,-0.485243274,-0.026489148,97.345079,0.236
93213.672617,-0.482304543,-0.0238447365,96.9414893,0.236
93213.676786,-0.473745642,-0.0210459197,96.9016033,0.236
93213.680954,-0.488536717,-0.0230570795,104.198603,0.236
93213.685123,-0.49082461,-0.0154588517,103.8629,0.236
93213.689291,-0.483415251,0.00105857332,95.3020284,0.236
93213.693459,-0.505723772,0.0153587078,94.7623273,0.236
93213.697628,-0.486775048,-0.0105271113,89.7666635,0.236
93213.701796,-0.495181646,-0.0150907719,89.7764241,0.236
93213.705965,-0.481904446,-0.0362591891,89.0728366,0.236
93213.710133,-0.479054989,-0.0430351293,142.166624,0.236
93213.714301,-0.470896087,-0.0340095993,145.926061,0.236
93213.718470,-0.481961648,-0.018710496,90.4376897,0.236
93213.722638,-0.489321226,-0.00579519816,90.3794259,0.236
93213.726807,-0.48640465,0.00756087553,91.3081795,0.236
93213.730975,-0.491091957,0.0216600443,115.114114,0.236
93213.735143,-0.499366042,0.0323513997,114.768486,0.236
93213.739312,-0.4831415,0.0124560628,88.692001,0.236
93213.743480,-0.491055488,0.0034857689,88.6913554,0.236
93213.747649,-0.478504465,-0.0123995837,80.682016,0.236
93213.751817,-0.470195106,-0.0201559624,80.543744,0.236
93213.755986,-0.465755986,-0.0330552639,80.6804392,0.236
93213.760154,-0.490543193,-0.0118491281,93.0210864,0.236
93213.764322,-0.488904605,0.00140354998,93.420406,0.236
93213.768491,-0.486853058,0.0343240276,59.9184261,0.236
93213.772659,-0.503268031,0.0537204211,59.744089,0.236
93213.776828,-0.499421514,0.0825175449,59.5686632,0.236
93213.780996,-0.479953625,0.0372897846,55.3846934,0.236
93213.785164,-0.508308878,0.011492889,55.3915634,0.236
93213.789333,-0.465203139,-0.00542236513,55.4915403,0.236
93213.793501,-0.453078082,-0.0100396023,55.4135239,0.236
93213.797670,-0.492571155,0.0345466836,144.91525,0.236
93213.801838,-0.470568417,0.033981633,146.164805,0.236
93213.806007,-0.470746984,0.0235825486,147.264618,0.236
93213.810175,-0.497823085,0.0455071469,62.2223076,0.236
93213.814343,-0.494982851,0.0481312337,62.4185338,0.236
93213.818512,-0.489636847,0.0475709907,212.683231,0.236
93213.822680,-0.487922663,0.083032115,213.927896,0.236
93213.826849,-0.487287274,0.104437435,221.097004,0.236
93213.831017,-0.485561477,0.0744251502,55.2805353,0.236
93213.835185,-0.475382873,0.0283847648,55.1733924,0.236
93213.839354,-0.470409009,0.0356583439,196.017554,0.236
93213.843522,-0.476181113,0.0264909668,194.43911,0.236
93213.847691,-0.481613939,0.032199813,71.4992305,0.236
93213.851859,-0.480563383,0.0729264107,71.112596,0.236
93213.856027,-0.477015293,0.0901955252,70.7913297,0.236
93213.860196,-0.480928852,0.0990730211,132.054565,0.236
93213.864364,-0.479542695,0.107066869,132.219762,0.236
93213.868533,-0.482598384,0.0777821041,102.422468,0.236
93213.872701,-0.482786108,0.0645289415,102.671215,0.236
93213.876870,-0.481259424,0.0555074128,101.179641,0.236
93213.881038,-0.480314161,0.066955324,187.36573,0.236
93213.885206,-0.465689512,0.0672186458,180.425231,0.236
93213.889375,-0.477109793,0.0856596762,162.991106,0.236
93213.893543,-0.474679727,0.0814007548,161.671558,0.236
93213.897712,-0.477300574,0.0803476097,97.0984092,0.236
93213.901880,-0.483115573,0.0936428687,99.0644289,0.236
93213.906048,-0.482702332,0.103692235,99.6340755,0.236
93213.910217,-0.476843676,0.123396252,318.164314,0.236
93213.914385,-0.477435319,0.142850815,294.883891,0.236
93213.918554,-0.478153272,0.106051211,72.7816927,0.236
93213.922722,-0.465182515,0.0798710137,72.5602718,0.236
93213.926890,-0.461323324,0.0737888209,72.4339882,0.236
93213.931059,-0.465756235,0.10876617,176.126428,0.236
93213.935227,-0.472508932,0.101351935,170.202704,0.236
93213.939396,-0.478610009,0.10742918,86.360362,0.236
93213.943564,-0.475805861,0.122169129,86.5869308,0.236
93213.947732,-0.468833531,0.134498821,183.003002,0.236
93213.951901,-0.480224345,0.145090249,181.895327,0.236
93213.956069,-0.466799696,0.143013557,180.266493,0.236
93213.960238,-0.471247919,0.108164479,123.502456,0.236
93213.964406,-0.46570706,0.112416921,121.780366,0.236
93213.968575,-0.456359437,0.114149332,120.94893,0.236
93213.972743,-0.453996851,0.110941317,121.626131,0.236
93213.976911,-0.440834438,0.0891550284,121.15679,0.236
93213.981080,-0.455759083,0.0796322585,108.944338,0.236
93213.985248,-0.455964175,0.0759406793,108.772194,0.236
93213.989417,-0.466690587,0.106127466,51.0584985,0.236
93213.993585,-0.463226163,0.122421261,51.0177365,0.236
93213.997753,-0.460877186,0.104886823,142.579322,0.236
93214.001922,-0.455735557,0.118568456,144.032229,0.236
93214.006090,-0.452521311,0.123570873,143.835247,0.236
93214.010259,-0.467923515,0.090692612,69.3283295,0.236
93214.014427,-0.435727091,0.0769393362,68.5596182,0.236
93214.018595,-0.447762498,0.0724971073,170.362339,0.236
93214.022764,-0.437828021,0.0596371667,162.248523,0.236
93214.026932,-0.448050259,0.0445969404,167.520454,0.236
93214.031101,-0.451711905,0.0761838702,59.3618948,0.236
93214.035269,-0.450258234,0.0854953033,59.2488891,0.236
93214.039437,-0.446930212,0.0946141121,83.6552352,0.236
93214.043606,-0.453573683,0.123246994,84.5168503,0.236
93214.047774,-0.438145314,0.139176909,84.2689681,0.236
93214.051943,-0.449826234,0.0847342825,64.4203144,0.236
93214.056111,-0.438341403,0.0807965042,64.121756,0.236
93214.060280,-0.416062587,0.0585216608,65.867397,0.236
93214.066532,-0.42331742,0.0175447051,64.4001052,0.236
93214.072785,-0.430995436,0.0539033027,77.9773198,0.236
93214.076953,-0.413500108,0.0793801143,78.0466489,0.236
93214.081122,-0.439348168,0.0931984619,92.8567012,0.236
93214.085290,-0.418044244,0.0788621869,92.7831478,0.236
93214.089458,-0.437574079,0.0840659787,255.565875,0.236
93214.093627,-0.413941467,0.0842425389,284.34403,0.236
93214.097795,-0.432401757,0.0804586573,267.98051,0.236
93214.101964,-0.42425322,0.0474648357,63.529977,0.236
93214.106132,-0.389618987,0.0145063711,64.4807242,0.236
93214.110301,-0.422718236,0.0507582409,118.977753,0.236
93214.114469,-0.407246837,0.0578884628,121.161754,0.236
93214.118637,-0.416680366,0.0623166962,111.836013,0.236
93214.122806,-0.412124629,0.0882470228,111.694424,0.236
93214.126974,-0.413924565,0.0761718572,111.748402,0.236
93214.131143,-0.401257444,0.0750732819,217.90871,0.236
93214.135311,-0.410442125,0.0755690883,208.80394,0.236
93214.139479,-0.3945585,0.0516665612,134.588853,0.236
93214.143648,-0.410159696,0.0631683507,132.747278,0.236
93214.147816,-0.381424302,0.0479229998,136.492907,0.236
93214.151985,-0.401451244,0.0656745141,254.282257,0.236
93214.156153,-0.395179456,0.0663422359,266.894105,0.236
93214.160321,-0.383549911,0.0556107693,240.78037,0.236
93214.164490,-0.398282839,0.0660509646,231.753931,0.236
93214.168658,-0.384442594,0.061924891,260.306628,0.236
93214.172827,-0.388323033,0.0696997424,252.070602,0.236
93214.176995,-0.379020791,0.0949452244,267.710065,0.236
93214.181163,-0.385254791,0.0619453469,109.805983,0.236
93214.185332,-0.371872202,0.055337414,106.959666,0.236
93214.189500,-0.375324943,0.0521905454,263.052123,0.236
93214.193669,-0.374085897,0.0315410714,273.538063,0.236
93214.197837,-0.37717823,0.0430338068,248.711811,0.236
93214.202006,-0.379438991,0.0543077544,133.369593,0.236
93214.206174,-0.379389274,0.0571398933,134.294995,0.236
93214.210342,-0.369537718,0.0672915654,118.160329,0.236
93214.214511,-0.380867763,0.0719188443,117.086618,0.236
93214.218679,-0.366668027,0.0666541277,88.2861322,0.236
93214.222848,-0.37585241,0.0586582505,88.0829985,0.236
93214.227016,-0.357850166,0.047309602,87.987957,0.236
93214.231184,-0.361715811,0.0430790125,117.375544,0.236
93214.235353,-0.356871119,0.038223622,116.886436,0.236
93214.239521,-0.356503299,0.0571158453,246.107091,0.236
93214.243690,-0.357225963,0.065022772,240.321139,0.236
93214.247858,-0.357131968,0.0614855106,235.11094,0.236
93214.252026,-0.356037773,0.0618984854,283.971426,0.236
93214.256195,-0.359478009,0.0532489224,298.683734,0.236
93214.260363,-0.357368998,0.0533557303,231.950569,0.236
93214.264532,-0.353734972,0.0588532848,222.523023,0.236
93214.268700,-0.35428798,0.0601580608,236.956432,0.236
93214.272869,-0.357459908,0.0627332896,239.613539,0.236
93214.277037,-0.354343932,0.0588209639,238.931657,0.236
93214.283290,-0.356800105,0.0614775443,185.449732,0.236
93214.289542,-0.3547236,0.0595768763,239.145766,0.236
93214.293711,-0.360850321,0.0581415525,259.20391,0.236
93214.297879,-0.355576995,0.056904706,246.943198,0.236
93214.302047,-0.352812767,0.051461935,212.522654,0.236
93214.306216,-0.350282691,0.0478539266,209.969904,0.236
93214.310384,-0.355510893,0.0462679835,331.712395,0.236
93214.314553,-0.354357618,0.036081062,355.624463,0.236
93214.318721,-0.352431267,0.046033959,152.212501,0.236
93214.322889,-0.357385071,0.0510898528,150.647518,0.236
93214.327058,-0.352666725,0.0553715529,148.04526,0.236
93214.331226,-0.354829513,0.050397165,239.179667,0.236
93214.335395,-0.350497264,0.0554226427,227.388499,0.236
93214.339563,-0.348932722,0.0451552249,113.303028,0.236
93214.343732,-0.348926946,0.0412850793,113.360447,0.236
93214.347900,-0.347248137,0.0276917784,113.40721,0.236
93214.352068,-0.347464272,0.0192881877,174.966223,0.236
93214.356237,-0.341303179,0.0145593356,180.020243,0.236
93214.360405,-0.34926675,0.030705436,227.20996,0.236
93214.364574,-0.344231546,0.0395645669,221.879392,0.236
93214.368742,-0.34537472,0.0361210541,373.095009,0.236
93214.372910,-0.347150883,0.0339630633,348.303772,0.236
93214.377079,-0.345394497,0.0266811511,340.195823,0.236
93214.381247,-0.342884008,0.0213715359,291.53587,0.236
93214.385416,-0.344939336,0.0185292694,285.896343,0.236
93214.389584,-0.344211378,0.0225975652,316.794356,0.236
93214.393752,-0.341634295,0.0227714843,325.292614,0.236
93214.397921,-0.343846172,0.0225366366,327.023619,0.236
93214.402089,-0.345510854,0.0205419442,325.211513,0.236
93214.406258,-0.345361571,0.0169980766,319.9867,0.236
93214.410426,-0.344342795,0.0164243421,360.263963,0.236
93214.414594,-0.343390315,0.0177999688,346.582131,0.236
93214.418763,-0.351836523,0.0191635143,373.602716,0.236
93214.422931,-0.343377904,0.00612073761,258.774498,0.236
93214.427100,-0.343544104,-0.00594639898,254.021007,0.236
93214.431268,-0.35243639,-0.00170727517,243.00365,0.236
93214.435437,-0.341521775,-0.00439436111,241.84957,0.236
93214.439605,-0.348458134,0.00148170781,202.359888,0.236
93214.443773,-0.340802924,-0.00379782631,204.324429,0.236
93214.447942,-0.350672645,0.00353981928,206.339976,0.236
93214.452110,-0.334954343,-0.0120390896,222.052955,0.236
93214.456279,-0.350282203,-0.0112681458,215.990654,0.236
93214.460447,-0.34000204,-0.0274231018,271.254833,0.236
93214.464615,-0.352526224,-0.0232966122,285.885935,0.236
93214.468784,-0.341374706,-0.0277479808,276.897766,0.236
93214.472952,-0.35473134,-0.0084146662,199.978078,0.236
93214.477121,-0.342254092,-0.00887188765,203.738393,0.236
93214.481289,-0.353935253,-0.0198195646,162.694939,0.236
93214.485457,-0.346503903,-0.0225779991,163.903615,0.236
93214.489626,-0.34536484,-0.0351916522,142.453822,0.236
93214.493794,-0.345055512,-0.0381219023,142.565508,0.236
93214.497963,-0.346524572,-0.0459620145,143.33344,0.236
93214.502131,-0.349047737,-0.0397813083,260.559099,0.236
93214.506299,-0.355250858,-0.0394894992,274.125782,0.236
93214.510468,-0.354253135,-0.0285805355,161.021003,0.236
93214.514636,-0.356587036,-0.0150016164,161.557787,0.236
93214.518805,-0.358315368,-0.0059117314,162.628096,0.236
93214.522973,-0.356606119,-0.0262493963,135.353874,0.236
93214.527142,-0.348969366,-0.0427242024,133.36477,0.236
93214.531310,-0.35278377,-0.0523032274,201.37663,0.236
93214.535478,-0.352890243,-0.0577958541,198.831745,0.236
93214.539647,-0.364203105,-0.0519304363,98.2272395,0.236
93214.543815,-0.364462629,-0.0456798763,98.9091719,0.236
93214.547984,-0.364185163,-0.0420867687,98.7178158,0.236
93214.552152,-0.36292288,-0.0238065097,116.799652,0.236
93214.556320,-0.363268363,-0.00711948238,118.246004,0.236
93214.560489,-0.362906046,-0.035596735,80.1883996,0.236
93214.564657,-0.359740012,-0.0532168441,80.1137839,0.236
93214.568826,-0.357006805,-0.0740791841,79.7173849,0.236
93214.572994,-0.357805324,-0.0782508219,197.141708,0.236
93214.577162,-0.365920583,-0.089788614,202.172103,0.236
93214.581331,-0.366777787,-0.0658669182,96.196524,0.236
93214.585499,-0.370883037,-0.0572342625,96.2779017,0.236
93214.589668,-0.36689589,-0.0550776457,138.132246,0.236
93214.593836,-0.371385243,-0.0501884438,139.49618,0.236
93214.598005,-0.374360458,-0.0474835442,139.877865,0.236
93214.602173,-0.368519949,-0.0704405688,120.804657,0.236
93214.606341,-0.378346036,-0.0761620598,121.832428,0.236
93214.610510,-0.362117661,-0.0877232318,116.582939,0.236
93214.614678,-0.365539476,-0.0985247707,117.228185,0.236
93214.618847,-0.366524465,-0.107674566,117.192246,0.236
93214.623015,-0.372931789,-0.0839735571,121.905967,0.236
93214.627183,-0.382635494,-0.0793606547,121.557029,0.236
93214.631352,-0.37861241,-0.0707526806,107.988677,0.236
93214.635520,-0.383555206,-0.0585720858,106.741377,0.236
93214.639689,-0.378703313,-0.0674473962,101.825168,0.236
93214.643857,-0.381237297,-0.0625417518,101.399559,0.236
93214.648025,-0.374370698,-0.0805510097,101.08998,0.236
93214.652194,-0.374651395,-0.0894150295,134.220355,0.236
93214.656362,-0.37436108,-0.103329598,137.99615,0.236
93214.660531,-0.390449151,-0.0777309149,135.40272,0.236
93214.664699,-0.383337801,-0.0721482058,136.969528,0.236
93214.668867,-0.387054213,-0.0624293655,135.714122,0.236
93214.673036,-0.389255727,-0.0486184722,142.051155,0.236
93214.677204,-0.392000746,-0.0444842582,142.271761,0.236
93214.681373,-0.393855546,-0.0516221957,226.878971,0.236
93214.685541,-0.39656109,-0.0543243547,216.849796,0.236
93214.689710,-0.390641524,-0.0590556922,162.339746,0.236
93214.693878,-0.391463144,-0.0653541056,161.852387,0.236
93214.698046,-0.390236022,-0.064776861,159.334597,0.236
93214.702215,-0.390299765,-0.0565433256,294.584536,0.236
93214.706383,-0.38759731,-0.0524403965,276.731302,0.236
93214.710552,-0.392460079,-0.0412041113,184.108768,0.236
93214.714720,-0.395735006,-0.0429252547,179.709209,0.236
93214.718888,-0.397490536,-0.0420864218,179.653979,0.236
93214.723057,-0.402631792,-0.0428821774,159.644069,0.236
93214.727225,-0.408712839,-0.0329357868,164.203983,0.236
93214.731394,-0.403382298,-0.0283684027,357.425723,0.236
93214.735562,-0.407117888,-0.0224436537,337.718745,0.236
93214.739731,-0.40442052,-0.0345567498,152.508544,0.236
93214.743899,-0.407997254,-0.0452097957,149.872545,0.236
93214.748067,-0.410458481,-0.0482381023,154.244164,0.236
93214.752236,-0.406150717,-0.0346115693,183.689671,0.236
93214.756404,-0.405354128,-0.0296809226,193.684102,0.236
93214.760573,-0.41043065,-0.0257539092,221.216412,0.236
93214.764741,-0.410292293,-0.0356053818,215.971515,0.236
93214.768909,-0.414391026,-0.0410581727,206.426731,0.236
93214.773078,-0.415475363,-0.0305233116,140.877633,0.236
93214.777246,-0.415316379,-0.0217325924,143.31696,0.236
93214.781415,-0.412528061,-0.0191031816,221.718772,0.236
93214.785583,-0.414076628,-0.0207584315,214.184173,0.236
93214.789751,-0.409407672,-0.0296729593,215.611448,0.236
93214.793920,-0.417027808,-0.0305718133,273.442406,0.236
93214.798088,-0.416611228,-0.0265920258,274.200709,0.236
93214.802257,-0.42436223,-0.024158938,244.079169,0.236
93214.806425,-0.419108219,-0.0222421318,244.38433,0.236
93214.810594,-0.423911453,-0.024118837,288.835052,0.236
93214.814762,-0.422409607,-0.030711941,287.124504,0.236
93214.818930,-0.421472779,-0.0278626058,280.297928,0.236
93214.823099,-0.429005803,-0.0212586418,209.861473,0.236
93214.827267,-0.425068053,-0.0193780152,211.729538,0.236
93214.831436,-0.431033622,-0.0135534532,183.888396,0.236
93214.835604,-0.432147852,-0.0168611478,186.940717,0.236
93214.839772,-0.436955501,-0.0144945056,181.47235,0.236
93214.843941,-0.431329808,-0.0161825003,281.051047,0.236
93214.848109,-0.430961587,-0.013089717,271.829087,0.236
93214.852278,-0.432135201,-0.0130354893,317.691905,0.236
93214.856446,-0.427624981,-0.0149311408,293.949727,0.236
93214.860614,-0.428995171,-0.0219457646,254.905473,0.236
93214.864783,-0.431785473,-0.0226596804,244.949407,0.236
93214.868951,-0.424468116,-0.0325485553,266.246122,0.236
93214.873120,-0.427469666,-0.0302102188,174.546673,0.236
93214.877288,-0.429869781,-0.0358589796,169.177501,0.236
93214.881456,-0.42907706,-0.0206218441,89.118714,0.236
93214.885625,-0.429533295,-0.0159333355,90.0359108,0.236
93214.889793,-0.434189471,-0.00821198832,89.4336889,0.236
93214.893962,-0.431508134,-0.012378812,238.145776,0.236
93214.898130,-0.425845823,-0.00382296195,252.634633,0.236
93214.902299,-0.426890567,-0.0274061414,109.098027,0.236
93214.906467,-0.422400436,-0.0449314893,108.148217,0.236
93214.910635,-0.427134283,-0.0390612738,236.738934,0.236
93214.914804,-0.424469693,-0.0490159645,235.007235,0.236
93214.918972,-0.423640504,-0.0451740448,224.214138,0.236
93214.923141,-0.426614847,-0.0279730275,119.560569,0.236
93214.927309,-0.426354956,-0.0190566425,120.279501,0.236
93214.931477,-0.424750598,-0.00969832068,263.15775,0.236
93214.935646,-0.430388591,-0.00281253251,265.228081,0.236
93214.939814,-0.426200128,-0.0109756356,248.865152,0.236
93214.943983,-0.42145553,-0.0458431592,96.5229205,0.236
93214.948151,-0.418965545,-0.0682997837,95.6855282,0.236
93214.952320,-0.418398921,-0.0328502894,115.388575,0.236
93214.956488,-0.411810075,-0.0167834559,117.290307,0.236
93214.960656,-0.425872519,-0.0192715446,299.129965,0.236
93214.964825,-0.414855943,-0.0239940823,335.453556,0.236
93214.968993,-0.421335582,-0.0429197772,303.215429,0.236
93214.973162,-0.419730714,-0.0354841971,139.587643,0.236
93214.977330,-0.423042067,-0.0249761814,138.637881,0.236
93214.981498,-0.419319429,-0.0204925948,262.398845,0.236
93214.985667,-0.417906532,-0.0148764034,293.609991,0.236
93214.989835,-0.418619992,-0.0278993858,269.283841,0.236
93214.994004,-0.418524961,-0.0376627379,288.436242,0.236
93214.998172,-0.417695532,-0.0465931978,279.781452,0.236
93215.002340,-0.41915338,-0.030936366,207.403008,0.236
93215.006509,-0.41755593,-0.014128259,211.484486,0.236
93215.010677,-0.421375806,-0.0165010082,274.278974,0.236
93215.014846,-0.419549138,-0.0210049733,259.578668,0.236
93215.019014,-0.418375868,-0.0316093805,258.439502,0.236
93215.023182,-0.417318433,-0.0290221276,230.872015,0.236
93215.027351,-0.416338023,-0.0204433586,226.166723,0.236
93215.031519,-0.419527647,-0.0167633673,181.431404,0.236
93215.035688,-0.417806167,-0.00767830442,180.268773,0.236
93215.039856,-0.41750521,-0.0127309998,179.058615,0.236
93215.044025,-0.42323142,-0.0219243471,177.860673,0.236
93215.048193,-0.427067636,-0.0244373262,172.313917,0.236
93215.052361,-0.425359385,-0.0198888896,216.055675,0.236
93215.056530,-0.425735097,-0.0062182204,220.743064,0.236
93215.060698,-0.419627537,-0.00852568381,225.10564,0.236
93215.064867,-0.422207321,-0.00978487312,209.781885,0.236
93215.069035,-0.417478351,-0.0184819997,212.704912,0.236
93215.073203,-0.418719266,-0.0244771781,224.052264,0.236
93215.077372,-0.416774077,-0.0293006132,220.399814,0.236
93215.081540,-0.420643025,-0.0298194609,171.940612,0.236
93215.085709,-0.416946828,-0.0319091614,182.257279,0.236
93215.089877,-0.417340028,-0.0310306377,180.182177,0.236
93215.094045,-0.420593301,-0.0100520533,100.708507,0.236
93215.098214,-0.419657058,0.00905322422,102.45712,0.236
93215.102382,-0.420612015,-0.0118998257,281.48815,0.236
93215.106551,-0.416460984,-0.00553493302,270.758093,0.236
93215.110719,-0.416763921,-0.0220814208,102.711226,0.236
93215.114888,-0.41553527,-0.0373976298,102.403892,0.236
93215.119056,-0.407987753,-0.0490011387,102.392449,0.236
93215.123224,-0.408679378,-0.0444113929,221.853205,0.236
93215.127393,-0.417827016,-0.0454980757,214.947102,0.236
93215.131561,-0.416908177,-0.0139633461,70.5422996,0.236
93215.135730,-0.421508806,-0.00598711688,70.3733619,0.236
93215.139898,-0.425059011,0.00493094316,70.2931536,0.236
93215.144066,-0.42406474,-0.00509644795,331.505445,0.236
93215.148235,-0.413783273,0.00441635169,309.384302,0.236
93215.152403,-0.427105064,-0.0240890047,61.2022821,0.236
93215.156572,-0.404007957,-0.0410138575,61.5819167,0.236
93215.160740,-0.410435523,-0.0566535175,61.4660264,0.236
93215.164909,-0.413003519,-0.0442113768,209.767878,0.236
93215.169077,-0.409686773,-0.045082783,217.21426,0.236
93215.173245,-0.42056345,-0.0249688817,149.630197,0.236
93215.177414,-0.415097387,-0.0139131467,151.053812,0.236
93215.181582,-0.416782076,-0.0166098009,245.169777,0.236
93215.185751,-0.417820026,-0.00267840198,250.429378,0.236
93215.189919,-0.414714111,0.00257044119,254.843925,0.236
93215.194087,-0.420457845,-0.0310002549,68.1563916,0.236
93215.198256,-0.405166608,-0.0482799094,68.0930536,0.236
93215.202424,-0.423899235,-0.0392688545,263.174364,0.236
93215.206593,-0.406682966,-0.0460248669,280.406203,0.236
93215.210761,-0.432408874,-0.0261695035,282.856494,0.236
93215.214929,-0.406702708,-0.0131512506,130.909778,0.236
93215.219098,-0.419686647,0.00894067086,130.808119,0.236
93215.223266,-0.421106688,-0.00832608793,167.466919,0.236
93215.227435,-0.401602228,-0.00610915032,169.319771,0.236
93215.231603,-0.43243368,-0.0270551934,123.900371,0.236
93215.235771,-0.393859949,-0.0376085957,124.81887,0.236
93215.239940,-0.433036057,-0.0455072013,122.160428,0.236
93215.244108,-0.398697151,-0.0186774649,215.768686,0.236
93215.248277,-0.429151839,-0.016767742,206.099751,0.236
93215.252445,-0.417280616,-0.00262855679,239.615182,0.236
93215.256614,-0.421095304,-0.010471505,235.813573,0.236
93215.260782,-0.432635023,-0.00637433972,241.048645,0.236
93215.264950,-0.412005589,-0.0195235198,153.578772,0.236
93215.269119,-0.429944765,-0.0204393816,150.007798,0.236
93215.273287,-0.414484862,-0.0363009891,231.45223,0.236
93215.277456,-0.421578375,-0.0374544126,211.024132,0.236
93215.281624,-0.424685724,-0.0237661434,83.4522934,0.236
93215.285792,-0.417986821,-0.00248828817,84.3657832,0.236
93215.289961,-0.427240397,0.017349609,83.9397271,0.236
93215.294129,-0.425722317,0.00462495751,211.570408,0.236
93215.298298,-0.428015162,0.00380274233,218.526085,0.236
93215.302466,-0.426042555,-0.014653215,104.334236,0.236
93215.306634,-0.427443669,-0.038674788,103.849304,0.236
93215.310803,-0.420501618,-0.0516294346,103.503164,0.236
93215.314971,-0.422643876,-0.0115055581,229.925494,0.236
93215.319140,-0.424268527,-0.0119704805,233.453931,0.236
93215.323308,-0.415179348,0.00851423905,169.171538,0.236
93215.327477,-0.441510763,0.00840025676,167.191146,0.236
93215.331645,-0.419394869,-0.0138838354,171.534742,0.236
93215.335813,-0.438359862,-0.00358222357,171.406859,0.236
93215.339982,-0.431287342,0.00162258714,170.783728,0.236
93215.344150,-0.430204343,0.000841932193,205.320495,0.236
93215.348319,-0.423552551,0.0157031582,206.259967,0.236
93215.352487,-0.429128637,-0.00582059633,140.919029,0.236
93215.356655,-0.436300045,-0.0171484821,138.660705,0.236
93215.360824,-0.432422314,-0.016363449,137.072501,0.236
93215.364992,-0.435878381,-0.00387833191,157.17855,0.236
93215.369161,-0.438206368,0.00795383165,158.915986,0.236
93215.373329,-0.435760027,0.000704553015,243.508749,0.236
93215.377497,-0.435031149,-0.0018543038,244.810423,0.236
93215.381666,-0.432614077,-0.00495499745,296.889899,0.236
93215.385834,-0.443200394,-0.00620406231,305.045756,0.236
93215.390003,-0.443009113,-0.002227897,307.391312,0.236
93215.394171,-0.4389207,-0.00450825225,143.684612,0.236
93215.398339,-0.429056533,-0.00766508989,141.298268,0.236
93215.402508,-0.433676612,-0.0116642375,214.004648,0.236
93215.406676,-0.439569387,-0.0261848,205.662159,0.236
93215.410845,-0.438780322,-0.0311723637,201.669995,0.236
93215.415013,-0.434131831,-0.00621081067,134.308876,0.236
93215.419182,-0.442127415,0.00563823677,135.743429,0.236
93215.423350,-0.443655437,0.00785147869,236.470555,0.236
93215.427518,-0.441832512,0.00536368596,236.158482,0.236
93215.431687,-0.438925917,-0.00437250641,127.051277,0.236
93215.435855,-0.438378096,-0.0158412797,129.027027,0.236
93215.440024,-0.440259289,-0.0220153956,130.058524,0.236
93215.444192,-0.444426631,-0.0176374101,259.492844,0.236
93215.448360,-0.436367761,-0.0109080563,267.6582,0.236
93215.452529,-0.441108351,0.00709239355,228.910985,0.236
93215.456697,-0.448054422,0.00693977392,226.217881,0.236
93215.460866,-0.449948703,3.99739686e-05,235.737314,0.236
93215.465034,-0.442363921,0.00430547539,151.397685,0.236
93215.469203,-0.455329342,0.00901335771,153.735165,0.236
93215.473371,-0.454189679,0.0100163391,316.248344,0.236
93215.477539,-0.439926047,0.0119692759,304.665431,0.236
93215.481708,-0.447712077,0.00497957543,193.468234,0.236
93215.485876,-0.446845127,-0.00293469901,195.157952,0.236
93215.490045,-0.437024005,-0.0109253935,189.326301,0.236
93215.494213,-0.45867305,0.00965871946,159.786541,0.236
93215.498381,-0.45444871,-0.00106424893,155.284698,0.236
93215.502550,-0.441765933,0.00395131348,166.001851,0.236
93215.506718,-0.462637958,0.0169863745,169.698136,0.236
93215.510887,-0.454567881,0.012813243,169.975538,0.236
93215.515055,-0.453230664,0.0184611207,240.682333,0.236
93215.519223,-0.458035499,0.0198390511,238.045484,0.236
93215.523392,-0.452589552,-0.0030046459,137.922889,0.236
93215.527560,-0.446302303,-0.00564754131,139.528603,0.236
93215.531729,-0.459729124,-0.0127445481,141.951624,0.236
93215.535897,-0.45207863,-0.0061456151,207.719991,0.236
93215.540066,-0.452993831,0.00788288715,221.412584,0.236
93215.544234,-0.457716784,0.0101087044,159.041265,0.236
93215.548402,-0.456106917,0.0249039564,157.449022,0.236
93215.552571,-0.455849413,0.0200089513,226.140089,0.236
93215.556739,-0.450831423,0.0167805602,221.297745,0.236
93215.560908,-0.45931884,0.00652002308,222.797274,0.236
93215.565076,-0.444339164,-0.0093950811,185.747344,0.236
93215.569244,-0.448774137,-0.0129270074,185.850601,0.236
93215.573413,-0.445463693,0.0039494808,188.711489,0.236
93215.577581,-0.449802472,0.00513260005,189.67125,0.236
93215.581750,-0.448359069,0.0175667615,187.697672,0.236
93215.585918,-0.455244224,0.0152986312,243.713513,0.236
93215.590086,-0.449308852,0.0206144073,234.6058,0.236
93215.594255,-0.449525831,0.00999578074,136.02122,0.236
93215.598423,-0.449656154,-0.00354024193,135.120648,0.236
93215.602592,-0.437773391,-0.00228038844,262.150958,0.236
93215.606760,-0.447423903,-0.0137573852,266.138207,0.236
93215.610929,-0.447698718,-0.0238237901,256.087018,0.236
93215.615097,-0.44410835,0.0103336499,110.905195,0.236
93215.619265,-0.4484181,0.0166905776,111.318133,0.236
93215.623434,-0.44842975,0.0195405541,312.020603,0.236
93215.627602,-0.440515162,0.0242448392,292.910241,0.236
93215.631771,-0.445416502,0.0189989556,308.515059,0.236
93215.635939,-0.448904499,-0.0021152539,156.429876,0.236
93215.640107,-0.437357182,-0.0112431814,154.201423,0.236
93215.644276,-0.437283663,0.0019800541,303.797049,0.236
93215.648444,-0.448911178,0.00645037812,329.6576,0.236
93215.652613,-0.430251481,0.00705437253,228.531349,0.236
93215.656781,-0.448836947,0.0107237966,234.246067,0.236
93215.660949,-0.44606752,0.00749206691,245.737739,0.236
93215.665118,-0.439114896,0.0170873699,216.644464,0.236
93215.669286,-0.446065831,0.0345510057,205.658502,0.236
93215.673455,-0.437143492,0.0184640714,91.1634497,0.236
93215.677623,-0.428309772,0.014668391,90.8593979,0.236
93215.681792,-0.430671504,-0.000553985208,91.5594517,0.236
93215.685960,-0.43432229,-0.00901838895,161.475113,0.236
93215.690128,-0.427910714,-0.0131701146,159.260603,0.236
93215.694297,-0.43992295,0.0117264173,112.765448,0.236
93215.698465,-0.444392701,0.0168180966,112.690777,0.236
93215.702634,-0.42723826,0.0196078429,136.663279,0.236
93215.706802,-0.44027299,0.0289523598,136.323508,0.236
93215.710970,-0.431570657,0.040421654,135.036684,0.236
93215.715139,-0.432488996,0.0303240081,108.13463,0.236
93215.719307,-0.427261455,0.0256739788,107.896706,0.236
93215.723476,-0.42973522,0.00334977993,122.171269,0.236
93215.727644,-0.433117328,-0.0138062854,119.226509,0.236
93215.731812,-0.42641723,-0.0258759566,121.578447,0.236
93215.735981,-0.443198701,0.0142948335,79.327523,0.236
93215.740149,-0.429122922,0.0307151985,78.761917,0.236
93215.744318,-0.440169357,0.0281000605,169.20975,0.236
93215.748486,-0.435336639,0.0375866257,166.693901,0.236
93215.752655,-0.431604186,0.019472591,100.42965,0.236
93215.756823,-0.429096446,0.0104403121,101.004389,0.236
93215.760991,-0.41813758,-0.0071200582,101.804754,0.236
93215.765160,-0.41687641,-0.0149842636,237.088477,0.236
93215.769328,-0.418317482,-0.0210651271,244.867264,0.236
93215.773497,-0.422214839,0.00781680914,77.1195902,0.236
93215.777665,-0.422863349,0.017907045,76.5297288,0.236
93215.781833,-0.425589845,0.0246283095,77.0145302,0.236
93215.786002,-0.425087057,0.0112617434,118.253039,0.236
93215.790170,-0.423116786,0.0196305524,117.267718,0.236
93215.794339,-0.423137026,0.00288090235,140.872615,0.236
93215.798507,-0.418463244,-0.00284521029,144.989521,0.236
93215.802675,-0.412766395,-0.00409157445,322.853057,0.236
93215.806844,-0.413498213,-0.00889871585,325.250303,0.236
93215.811012,-0.416260301,-0.00461908938,312.686153,0.236
93215.815181,-0.40925599,0.00580763897,163.414345,0.236
93215.819349,-0.416492295,0.00828668593,163.322529,0.236
93215.823518,-0.405991702,0.00612411764,180.151906,0.236
93215.827686,-0.409081294,0.0110780174,189.059713,0.236
93215.831854,-0.41012097,0.0176698968,185.223199,0.236
93215.836023,-0.407130015,0.00926099084,229.092272,0.236
93215.840191,-0.402519611,0.0114929155,234.514414,0.236
93215.844360,-0.402464689,-5.47342041e-05,198.515721,0.236
93215.848528,-0.396629317,-0.00566732185,204.434708,0.236
93215.852696,-0.398057338,-0.00116353313,229.098277,0.236
93215.856865,-0.397707674,0.000510207345,238.383728,0.236
93215.861033,-0.393544532,0.00550146951,236.071858,0.236
93215.865202,-0.399661163,0.0115106278,331.410669,0.236
93215.869370,-0.393680877,0.00920291338,344.459941,0.236
93215.873538,-0.392716872,0.00040423137,261.993801,0.236
93215.877707,-0.390700732,-0.00559228598,251.160369,0.236
93215.881875,-0.390357857,-0.0139540913,267.428033,0.236
93215.886044,-0.386007538,0.00316557235,241.687408,0.236
93215.890212,-0.385790435,0.00514970809,250.343091,0.236
93215.894380,-0.387725081,0.0102470913,262.576601,0.236
93215.898549,-0.383159611,0.00803592141,261.297811,0.236
93215.902717,-0.382359888,0.000832582984,313.839423,0.236
93215.906886,-0.379374991,0.00610335949,322.691578,0.236
93215.911054,-0.377402801,0.00916332516,313.171914,0.236
93215.915223,-0.373600299,0.0142729359,233.203047,0.236
93215.919391,-0.371222337,0.0129917261,239.521239,0.236
93215.923559,-0.36908629,0.00467039682,160.162934,0.236
93215.927728,-0.370482866,-0.000538947224,163.595956,0.236
93215.931896,-0.371414784,-0.0116080722,164.629638,0.236
93215.936065,-0.367201732,0.00488400008,126.925093,0.236
93215.940233,-0.369046571,0.015739002,128.662293,0.236
93215.944401,-0.366229019,0.0107758402,203.978638,0.236
93215.948570,-0.369140101,0.014109867,200.093561,0.236
93215.952738,-0.36770319,0.0107957652,199.469369,0.236
93215.956907,-0.366599395,0.00889980307,446.833456,0.236
93215.961075,-0.363583299,0.0140540451,427.086666,0.236
93215.965243,-0.359629686,-0.00230203642,246.648513,0.236
93215.969412,-0.358148068,-0.00531309926,243.48857,0.236
93215.973580,-0.357442815,0.000910877202,145.976812,0.236
93215.977749,-0.360801191,0.0035775536,147.070569,0.236
93215.981917,-0.361601234,0.0134943315,145.86374,0.236
93215.986086,-0.358048766,0.0107022193,143.407596,0.236
93215.990254,-0.361321399,0.0195900827,142.521786,0.236
93215.994422,-0.352903884,0.0136857002,93.0364785,0.236
93215.998591,-0.354911965,0.0176799126,92.7783282,0.236
93216.002759,-0.352536972,0.0102153333,93.2296994,0.236
93216.006928,-0.343614035,-0.0118001341,75.4232366,0.236
93216.011096,-0.338902562,-0.0170742593,75.5046893,0.236
93216.015264,-0.34654255,-0.00326132774,234.019086,0.236
93216.019433,-0.346162672,-0.00661630644,225.805976,0.236
93216.023601,-0.356394058,0.00829559634,128.171777,0.236
93216.027770,-0.353653792,0.00963813411,126.940777,0.236
93216.031938,-0.356591047,0.0217271598,127.242769,0.236
93216.036106,-0.353215444,0.00888846865,277.236823,0.236
93216.040275,-0.349958862,0.0143255607,278.646105,0.236
93216.044443,-0.348407845,0.00116274216,104.325097,0.236
93216.048612,-0.350041632,-0.0149261695,103.889053,0.236
93216.052780,-0.347312788,-0.0338003945,104.28503,0.236
93216.056948,-0.355196047,-0.0278366593,150.869009,0.236
93216.061117,-0.355096998,-0.0238426426,151.120516,0.236
93216.065285,-0.354886221,0.00318332684,88.89872,0.236
93216.069454,-0.35686251,0.0186498483,88.5129148,0.236
93216.073622,-0.360811456,-0.000100019405,164.00007,0.236
93216.077791,-0.349406275,0.00166244189,162.051367,0.236
93216.081959,-0.351803694,-0.0169678291,163.360273,0.236
93216.086127,-0.353376734,-0.0263939976,202.856027,0.236
93216.090296,-0.353762116,-0.0389416591,201.865367,0.236
93216.094464,-0.359961685,-0.0218811203,132.17055,0.236
93216.098633,-0.359661179,-0.0123208127,132.433662,0.236
93216.102801,-0.364880162,-0.00421289724,133.364156,0.236
93216.106969,-0.36268916,0.00198117753,211.376217,0.236
93216.111138,-0.36501965,-0.000898670376,207.070652,0.236
93216.115306,-0.360211353,-0.0132180606,144.305559,0.236
93216.119475,-0.36713408,-0.0181869953,144.058925,0.236
93216.123643,-0.351698716,-0.024208575,137.858354,0.236
93216.127811,-0.367238297,-0.0208255224,138.575894,0.236
93216.131980,-0.348909911,-0.0303385214,137.221484,0.236
93216.136148,-0.359242732,-0.00757976892,197.104585,0.236
93216.140317,-0.368532062,-0.0133608754,197.254376,0.236
93216.144485,-0.35198531,-0.0169937714,298.326276,0.236
93216.148654,-0.379192255,-0.0134468644,297.783633,0.236
93216.152822,-0.355676808,-0.016197983,291.075565,0.236
93216.156990,-0.36225105,-0.00566364173,280.52331,0.236
93216.161159,-0.373624105,-0.0195185872,278.236813,0.236
93216.165327,-0.353744526,-0.0206894142,335.285008,0.236
93216.169496,-0.382683028,-0.0277053727,310.164446,0.236
93216.173664,-0.366391104,-0.0238158284,137.064324,0.236
93216.177832,-0.381346811,-0.00371653737,135.554332,0.236
93216.182001,-0.380121055,0.00424992239,136.492732,0.236
93216.186169,-0.367452996,0.00436041128,230.423969,0.236
93216.190338,-0.3910002,0.00799702441,220.643062,0.236
93216.194506,-0.361807878,-0.0159989759,92.0403368,0.236
93216.198674,-0.390656214,-0.0334319072,91.8920521,0.236
93216.202843,-0.361190381,-0.0491039366,91.747747,0.236
93216.207011,-0.387833812,-0.0358483226,176.019425,0.236
93216.211180,-0.375213494,-0.0283013591,184.257493,0.236
93216.215348,-0.382083443,-0.00350161849,99.3072014,0.236
93216.219517,-0.389712778,0.0107843292,99.3157087,0.236
93216.223685,-0.381045902,0.00013288585,192.910806,0.236
93216.227853,-0.393293029,0.0127233428,185.694583,0.236
93216.232022,-0.385791478,0.00768577972,193.02812,0.236
93216.236190,-0.385493911,-0.027048221,75.5206069,0.236
93216.240359,-0.378189516,-0.0441632081,75.0682453,0.236
93216.244527,-0.382216454,-0.0264135004,131.776108,0.236
93216.248695,-0.392113786,-0.0212808725,133.175197,0.236
93216.252864,-0.388723521,-0.00778540089,133.747454,0.236
93216.257032,-0.392141588,0.0046631351,113.181221,0.236
93216.261201,-0.398287844,0.0135540282,113.605019,0.236
93216.265369,-0.394496097,-0.0020027844,265.306894,0.236
93216.269537,-0.393760756,0.00319681354,257.96219,0.236
93216.273706,-0.392839252,-0.0136950317,125.510945,0.236
93216.277874,-0.39057376,-0.0188815957,125.30123,0.236
93216.282043,-0.389365143,-0.0136000554,125.702052,0.236
93216.286211,-0.388029171,-0.0150229897,201.601901,0.236
93216.290380,-0.387733781,-0.0207009332,196.594887,0.236
93216.294548,-0.390990884,-0.0177227767,150.080515,0.236
93216.298716,-0.399367032,-0.0203318915,150.24681,0.236
93216.302885,-0.401414135,-0.0102656518,148.921685,0.236
93216.307053,-0.4025183,0.00406397056,128.637134,0.236
93216.311222,-0.399720811,0.0172409579,130.020011,0.236
93216.315390,-0.397785837,0.000470067078,166.749679,0.236
93216.319558,-0.395208068,-0.00986176851,166.919832,0.236
93216.323727,-0.395546256,-0.0290850797,164.520648,0.236
93216.327895,-0.398853708,-0.0320231862,315.57634,0.236
93216.332064,-0.397118081,-0.0206645556,319.306535,0.236
93216.336232,-0.402172814,0.000273731954,171.373403,0.236
93216.340400,-0.401950556,0.0156868738,167.626602,0.236
93216.344569,-0.400436231,-0.00450400888,193.088686,0.236
93216.348737,-0.40002973,-0.00882936617,201.254218,0.236
93216.352906,-0.405448069,-0.00706883673,201.821778,0.236
93216.357074,-0.401874057,-0.0185875901,123.126211,0.236
93216.361242,-0.397861947,-0.0189294378,121.329397,0.236
93216.365411,-0.396821672,-0.0182612593,219.804483,0.236
93216.369579,-0.394385618,-0.019076886,222.760248,0.236
93216.373748,-0.403681046,-0.0240335898,229.393228,0.236
93216.377916,-0.405908693,-0.0212006322,203.373967,0.236
93216.382085,-0.406669918,-0.0218096954,200.85171,0.236
93216.386253,-0.405319623,-0.0111362645,182.349466,0.236
93216.390421,-0.407412594,-0.00393299433,191.318084,0.236
93216.394590,-0.403258698,-0.0112969447,318.8046,0.236
93216.398758,-0.405443,-0.00897610575,327.257326,0.236
93216.402927,-0.406639338,-0.0143453975,303.614177,0.236
93216.407095,-0.401671964,-0.0233150755,145.556261,0.236
93216.411263,-0.39557399,-0.0339742043,143.929629,0.236
93216.415432,-0.400588331,-0.0283783224,236.11411,0.236
93216.419600,-0.402096858,-0.0288170805,233.50663,0.236
93216.423769,-0.405016178,-0.0201817872,236.116937,0.236
93216.427937,-0.406931484,-0.00328467989,157.851699,0.236
93216.432105,-0.40768949,0.00921421512,154.452418,0.236
93216.436274,-0.406678818,-0.00761629347,116.25637,0.236
93216.440442,-0.400434633,-0.0223740194,117.225392,0.236
93216.444611,-0.402637366,-0.0296614868,228.605925,0.236
93216.448779,-0.398607102,-0.0412604816,230.503811,0.236
93216.452948,-0.3986136,-0.0460756055,223.179421,0.236
93216.457116,-0.405978185,-0.00891251478,108.906597,0.236
93216.461284,-0.403049434,-0.00149172457,107.910131,0.236
93216.465453,-0.406095626,-0.00532352096,317.841158,0.236
93216.469621,-0.407118965,0.00204717174,300.044653,0.236
93216.473790,-0.399111911,-0.00460698773,303.220068,0.236
93216.477958,-0.399878126,-0.0251146253,111.383525,0.236
93216.482126,-0.400962984,-0.0358407738,111.074627,0.236
93216.486295,-0.400407735,-0.0252044535,239.931055,0.236
93216.490463,-0.404537335,-0.0237175342,249.222332,0.236
93216.494632,-0.407693944,-0.0157370472,177.187239,0.236
93216.498800,-0.404038112,-0.00760187337,178.316707,0.236
93216.502968,-0.405643285,-0.00179862999,175.482788,0.236
93216.507137,-0.402749997,-0.00762857721,272.832818,0.236
93216.511305,-0.403094046,-0.00518574052,288.010536,0.236
93216.515474,-0.401828775,-0.0208404761,156.790078,0.236
93216.519642,-0.399018305,-0.0372025028,155.391565,0.236
93216.523811,-0.400908095,-0.0408077261,156.427309,0.236
93216.527979,-0.404396461,-0.0216379679,156.57239,0.236
93216.532147,-0.405861103,-0.00682461875,158.123059,0.236
93216.536316,-0.407569293,-0.00681093912,340.503163,0.236
93216.540484,-0.40505412,-0.0121006799,335.895602,0.236
93216.544653,-0.402055167,-0.0209708154,261.904409,0.236
93216.548821,-0.400823039,-0.025340676,255.495828,0.236
93216.552989,-0.401972455,-0.02843158,273.232449,0.236
93216.557158,-0.399189166,-0.0209470456,324.631152,0.236
93216.561326,-0.400740115,-0.023590449,350.68656,0.236
93216.565495,-0.403028521,-0.0188876654,205.279742,0.236
93216.569663,-0.406603266,-0.0233466074,204.883344,0.236
93216.573831,-0.401871885,-0.0186902833,211.421622,0.236
93216.578000,-0.407892294,-0.0179413587,212.480943,0.236
93216.582168,-0.405206949,-0.0107295531,215.812807,0.236
93216.586337,-0.403467127,-0.0103349225,329.11258,0.236
93216.590505,-0.405270256,-0.00846343181,306.875239,0.236
93216.594674,-0.402095758,-0.0163833038,178.494278,0.236
93216.598842,-0.399237217,-0.0225851606,174.67677,0.236
93216.603010,-0.398720161,-0.0251032492,174.069165,0.236
93216.607179,-0.395037754,-0.0167817458,294.884221,0.236
93216.611347,-0.396394443,-0.012397732,293.931207,0.236
93216.615516,-0.395786434,-0.0105314083,314.215872,0.236
93216.619684,-0.394271867,-0.0135704479,312.856735,0.236
93216.623852,-0.394192889,-0.0175859788,319.758706,0.236
93216.628021,-0.394276317,-0.0158164865,202.963753,0.236
93216.632189,-0.396980613,-0.0224084405,200.567699,0.236
93216.636358,-0.402029724,-0.0203217966,111.239057,0.236
93216.640526,-0.403241831,-0.0228439435,109.839297,0.236
93216.644694,-0.401047872,-0.00528970993,138.446047,0.236
93216.648863,-0.406220585,0.0282975701,136.176696,0.236
93216.653031,-0.395382364,0.0516728363,135.431262,0.236
93216.657200,-0.393204244,0.000883011806,36.4891278,0.236
93216.661368,-0.399111837,-0.0225367661,36.5290735,0.236
93216.665536,-0.36303704,-0.0422969473,60.2601622,0.236
93216.669705,-0.35881865,-0.0742402639,60.0658939,0.236
93216.673873,-0.390973208,-0.0837835094,59.5798611,0.236
93216.678042,-0.374106052,-0.0210074672,47.5596248,0.236
93216.682210,-0.390719043,-0.0114818278,47.6182033,0.236
93216.686379,-0.397954051,0.00701382008,59.327394,0.236
93216.690547,-0.397045882,0.0264194762,59.3580594,0.236
93216.694715,-0.389805206,0.0559670144,59.3303063,0.236
93216.698884,-0.388220338,-0.00140297029,59.6933659,0.236
93216.703052,-0.405320763,-0.0298160481,59.9778522,0.236
93216.707221,-0.359211058,-0.0360288745,80.0390665,0.236
93216.711389,-0.382371457,-0.0704578604,79.446463,0.236
93216.715557,-0.39025538,-0.0215695074,80.0743606,0.236
93216.719726,-0.36880909,-0.0147011753,80.0507687,0.236
93216.723894,-0.384289246,-0.00295991615,80.5466963,0.236
93216.728063,-0.382575199,0.0108975898,105.59798,0.236
93216.732231,-0.377522601,0.0122981799,105.21946,0.236
93216.736399,-0.380625288,-0.0035085407,97.3345347,0.236
93216.740568,-0.374977743,-0.0215443421,98.0758829,0.236
93216.744736,-0.37266084,-0.0335138966,97.7315027,0.236
93216.748905,-0.366440118,-0.0248021073,191.859879,0.236
93216.753073,-0.374331555,-0.0243282061,186.884363,0.236
93216.757242,-0.374068992,-0.00670380945,157.697835,0.236
93216.761410,-0.372427879,-0.00149485503,159.606722,0.236
93216.765578,-0.377763825,-0.003548905,251.564511,0.236
93216.769747,-0.377185891,-0.00347284196,245.948715,0.236
93216.773915,-0.378385778,-0.0034201139,248.031022,0.236
93216.778084,-0.369648144,-0.00705487682,358.384913,0.236
93216.782252,-0.377611766,-0.00428131649,422.196525,0.236
93216.786420,-0.365505727,-0.00504245157,356.729458,0.236
93216.790589,-0.372247449,-0.00922065135,385.048929,0.236
93216.794757,-0.368759069,-0.0173408223,343.350416,0.236
93216.798926,-0.374737143,-0.00565189391,124.996517,0.236
93216.803094,-0.382092148,-0.00191817305,125.13634,0.236
93216.807262,-0.373087684,0.00934374203,200.660348,0.236
93216.811431,-0.377948758,0.0149928568,198.15417,0.236
93216.815599,-0.371905236,0.00634256259,170.68534,0.236
93216.819768,-0.371444849,-0.00192014617,170.590557,0.236
93216.823936,-0.368658932,-0.00861798275,169.124599,0.236
93216.828105,-0.372295921,-0.00821962925,294.481349,0.236
93216.832273,-0.367382332,-0.00493923341,319.405785,0.236
93216.836441,-0.374737448,0.00543578597,209.56951,0.236
93216.840610,-0.372789143,0.00672010797,215.849532,0.236
93216.844778,-0.376522194,0.011040446,211.953748,0.236
93216.848947,-0.376161591,0.00580292361,327.895924,0.236
93216.853115,-0.375589157,0.00905959934,334.545213,0.236
93216.857283,-0.371573354,0.00491211536,306.641247,0.236
93216.861452,-0.371894363,0.00195353163,302.395203,0.236
93216.865620,-0.370322674,0.00464190808,223.2422,0.236
93216.869789,-0.370224906,0.0078298653,235.845362,0.236
93216.873957,-0.372858726,0.018307411,230.96707,0.236
93216.878125,-0.36907623,0.0188928985,194.926355,0.236
93216.882294,-0.367588828,0.0150903707,196.224987,0.236
93216.886462,-0.369393463,0.00415097787,206.329452,0.236
93216.890631,-0.363762847,-0.00409594195,204.884959,0.236
93216.894799,-0.370557992,-0.00624295922,209.060004,0.236
93216.898968,-0.370164584,0.00537523342,251.151215,0.236
93216.903136,-0.368163125,0.0146360186,252.629256,0.236
93216.907304,-0.364737998,0.0196035806,324.770576,0.236
93216.911473,-0.36694477,0.0248039829,309.11704,0.236
93216.915641,-0.36628027,0.0109889409,126.496161,0.236
93216.919810,-0.363944328,0.00042736022,127.117448,0.236
93216.923978,-0.358924727,-0.0146274828,126.20328,0.236
93216.928146,-0.364581677,-0.00857965004,276.998879,0.236
93216.932315,-0.361468001,-0.00787322815,275.2943,0.236
93216.936483,-0.366005688,0.00618439413,108.612912,0.236
93216.940652,-0.37224345,0.00547249758,108.394504,0.236
93216.944820,-0.372056578,0.00587001207,108.058992,0.236
93216.948988,-0.368930984,0.00591050669,142.46695,0.236
93216.953157,-0.380167371,0.0185650454,141.63762,0.236
93216.957325,-0.370455891,0.00921913043,254.791687,0.236
93216.961494,-0.369120457,0.0130632314,257.197968,0.236
93216.965662,-0.366347052,0.00153131619,158.536052,0.236
93216.969831,-0.366298919,-0.00923100875,156.526641,0.236
93216.973999,-0.361390623,-0.0136651062,155.733581,0.236
93216.978167,-0.362527323,-0.00126175871,313.615962,0.236
93216.982336,-0.362976872,0.00493509272,311.810169,0.236
93216.986504,-0.364655183,0.00819753217,228.933734,0.236
93216.990673,-0.362654361,0.00771117846,224.902297,0.236
93216.994841,-0.364566946,0.00459385529,225.064981,0.236
93216.999009,-0.366690297,0.00520534121,217.407066,0.236
93217.003178,-0.365406135,0.0141554429,220.033188,0.236
93217.007346,-0.364015986,0.00958385157,324.55799,0.236
93217.011515,-0.361851394,0.0133378481,300.00179,0.236
93217.015683,-0.358946978,0.0065057888,266.911794,0.236
93217.019851,-0.356345491,0.0025875956,274.841066,0.236
93217.024020,-0.35819583,0.000297111077,276.176587,0.236
93217.028188,-0.359007459,-0.00149639788,293.576547,0.236
93217.032357,-0.356167282,-0.00509717687,285.455275,0.236
93217.036525,-0.354136892,0.0057853428,203.851958,0.236
93217.040693,-0.355016733,0.00871679946,203.210108,0.236
93217.044862,-0.354001081,0.0135993033,194.847381,0.236
93217.049030,-0.357516671,0.00419575441,286.282799,0.236
93217.053199,-0.348731515,-0.000440328906,277.569775,0.236
93217.057367,-0.348745803,0.00382752962,290.816448,0.236
93217.061536,-0.349414621,0.00209200284,304.878721,0.236
93217.065704,-0.348606366,0.00278356656,302.666252,0.236
93217.069872,-0.346253512,-0.000946541376,267.507587,0.236
93217.074041,-0.348017188,0.000811891801,258.156803,0.236
93217.078209,-0.34626801,0.0020312344,369.138502,0.236
93217.082378,-0.341345348,0.00332479315,361.498881,0.236
93217.086546,-0.343243576,0.00154142914,316.800279,0.236
93217.090714,-0.335817606,0.00124073861,323.41015,0.236
93217.094883,-0.340097001,0.000233308522,318.074964,0.236
93217.099051,-0.332441659,-0.00371810048,263.169606,0.236
93217.103220,-0.333566783,-0.00995208579,258.39566,0.236
93217.107388,-0.332552346,-0.00307634007,286.006645,0.236
93217.111557,-0.335041928,-0.00213951764,293.045553,0.236
93217.115725,-0.333086791,0.00153473258,295.564682,0.236
93217.119893,-0.336068302,0.00427305833,300.452072,0.236
93217.124062,-0.331684974,0.0062969767,303.50819,0.236
93217.128230,-0.329291532,0.00276529124,252.345368,0.236
93217.132399,-0.32835039,0.00772451483,248.693155,0.236
93217.136567,-0.321967672,0.00105260583,149.956977,0.236
93217.140735,-0.3223856,0.000121358214,146.78902,0.236
93217.144904,-0.31491546,-0.0101825183,146.200552,0.236
93217.149072,-0.320020162,-0.006077816,294.507904,0.236
93217.153241,-0.31701121,-0.0059096687,298.799199,0.236
93217.157409,-0.31774486,0.00907981961,167.250317,0.236
93217.161577,-0.317051124,0.0170403879,169.580481,0.236
93217.165746,-0.317530014,0.0252247244,164.305376,0.236
93217.169914,-0.314908271,0.0155033426,294.607221,0.236
93217.174083,-0.314823002,0.00801804898,307.956742,0.236
93217.178251,-0.311625779,0.00332600353,247.677681,0.236
93217.182419,-0.310520922,-0.00533442055,253.333482,0.236
93217.186588,-0.311931866,0.00633014122,200.747647,0.236
93217.190756,-0.308386212,0.0119149746,200.272646,0.236
93217.194925,-0.305643013,0.0145052692,206.720817,0.236
93217.199093,-0.310611436,0.0209357554,251.315245,0.236
93217.203262,-0.306185669,0.0208946785,270.286365,0.236
93217.207430,-0.30733124,0.0176213734,334.589493,0.236
93217.211598,-0.304253155,0.0151627028,311.078456,0.236
93217.215767,-0.300618806,0.0116445522,313.280072,0.236
93217.219935,-0.303178081,0.0122354147,351.495519,0.236
93217.224104,-0.297610344,0.0102793717,339.199319,0.236
93217.228272,-0.302113908,0.0146291091,215.173591,0.236
93217.232440,-0.296944313,0.0182985098,223.6385,0.236
93217.236609,-0.298187398,0.0222606502,232.022283,0.236
93217.240777,-0.299281821,0.0320753869,227.534913,0.236
93217.244946,-0.299745924,0.0308351598,226.117409,0.236
93217.249114,-0.2954644,0.0190807778,216.345553,0.236
93217.253282,-0.293152237,0.0135782683,216.703879,0.236
93217.257451,-0.293257891,0.0134850033,295.627387,0.236
93217.261619,-0.291086461,0.0155384875,293.903283,0.236
93217.265788,-0.286135739,0.0172611721,320.274908,0.236
93217.269956,-0.289776507,0.0192898709,348.445796,0.236
93217.274125,-0.290118861,0.0174339084,310.536687,0.236
93217.278293,-0.288239586,0.0109630122,277.452907,0.236
93217.282461,-0.285969081,0.0108192712,289.112809,0.236
93217.286630,-0.284783418,0.00674597643,300.743311,0.236
93217.290798,-0.285306519,0.00551527386,307.228251,0.236
93217.294967,-0.284526481,0.00308745933,306.610443,0.236
93217.299135,-0.283189101,0.00615766005,383.103665,0.236
93217.303303,-0.28358424,0.00719235568,394.570834,0.236
93217.307472,-0.279829175,0.00143076381,183.034124,0.236
93217.311640,-0.276426203,0.00184606652,183.422199,0.236
93217.315809,-0.275129429,-0.00537794136,182.798105,0.236
93217.319977,-0.275727451,-0.0084659103,194.960855,0.236
93217.324145,-0.27551268,-0.0146945108,195.032884,0.236
93217.328314,-0.279791859,-0.010610934,247.457049,0.236
93217.332482,-0.275994325,-0.00678406801,259.607253,0.236
93217.336651,-0.274186828,-9.83336616e-05,241.515714,0.236
93217.340819,-0.27520933,0.00970900279,234.768951,0.236
93217.344988,-0.274122647,0.0159429278,237.42282,0.236
93217.349156,-0.269996448,0.00500175562,208.196079,0.236
93217.353324,-0.271578547,-0.000235755996,208.194846,0.236
93217.357493,-0.267333923,-0.00186982907,275.595681,0.236
93217.361661,-0.268901734,-0.00582137688,268.487286,0.236
93217.365830,-0.266305072,-0.00610204231,272.535841,0.236
93217.369998,-0.267540271,0.00756837732,204.561558,0.236
93217.374166,-0.265454025,0.01220859,194.699366,0.236
93217.378335,-0.268753768,0.0166922128,234.946892,0.236
93217.382503,-0.26705058,0.0217107941,245.907978,0.236
93217.386672,-0.265929378,0.011061221,165.949844,0.236
93217.390840,-0.262601928,0.00863661774,165.145708,0.236
93217.395008,-0.258079713,0.00197640349,166.568368,0.236
93217.399177,-0.260683514,0.000965278665,324.630611,0.236
93217.403345,-0.257654656,-0.000684713775,331.84639,0.236
93217.407514,-0.264207176,0.00885229852,179.916998,0.236
93217.411682,-0.263830157,0.0120592342,176.397923,0.236
93217.415850,-0.26537818,0.0177740975,178.465953,0.236
93217.420019,-0.265164116,0.0178614463,272.113968,0.236
93217.424187,-0.264001351,0.0185556547,284.250609,0.236
93217.428356,-0.260185013,0.0113861363,232.72767,0.236
93217.432524,-0.258868515,0.0112448874,240.778224,0.236
93217.436693,-0.257890692,0.0109511558,233.1148,0.236
93217.440861,-0.255728936,0.00999098587,258.703912,0.236
93217.445029,-0.254154152,0.00346106042,257.483353,0.236
93217.449198,-0.258349398,0.00798695096,325.259166,0.236
93217.453366,-0.255697438,0.007877616,335.551509,0.236
93217.457535,-0.255870449,0.0150003651,192.734334,0.236
93217.461703,-0.255089174,0.019876244,196.333503,0.236
93217.465871,-0.25444035,0.0275460965,194.131463,0.236
93217.470040,-0.252624043,0.0243929547,334.791286,0.236
93217.474208,-0.252614772,0.0279001392,347.781868,0.236
93217.478377,-0.249063979,0.0181598875,191.132863,0.236
93217.482545,-0.244676445,0.0120102256,193.34886,0.236
93217.486713,-0.240128346,0.00835476655,192.767345,0.236
93217.490882,-0.240024845,0.0131665244,223.532532,0.236
93217.495050,-0.238375963,0.0153954982,225.390906,0.236
93217.499219,-0.242627041,0.0228889818,128.049549,0.236
93217.503387,-0.240832484,0.0286999517,128.288434,0.236
93217.507556,-0.236998595,0.0289361697,228.533374,0.236
93217.511724,-0.234669229,0.0338620947,223.730145,0.236
93217.515892,-0.234598578,0.038250972,223.929786,0.236
93217.520061,-0.223244945,0.0289969758,175.795221,0.236
93217.524229,-0.218667005,0.0274055664,178.538864,0.236
93217.528398,-0.215889069,0.0256092424,188.874914,0.236
93217.532566,-0.208545154,0.023634841,190.429075,0.236
93217.536734,-0.204066966,0.0225745878,188.197336,0.236
93217.540903,-0.204582882,0.0334384633,140.122812,0.236
93217.545071,-0.197754704,0.0383346081,137.508012,0.236
93217.549240,-0.197054846,0.0392658574,122.711786,0.236
93217.553408,-0.192490661,0.0416055842,123.655359,0.236
93217.557576,-0.187211703,0.0397575766,137.799711,0.236
93217.561745,-0.181935036,0.0418237735,138.525474,0.236
93217.565913,-0.176782361,0.0450699362,136.889906,0.236
93217.570082,-0.16905473,0.0408033928,144.749518,0.236
93217.574250,-0.163072702,0.0383616295,144.484165,0.236
93217.578419,-0.156778312,0.0404763838,155.797446,0.236
93217.582587,-0.152739331,0.0388637158,155.531387,0.236
93217.586755,-0.149700883,0.0375513296,155.745997,0.236
93217.590924,-0.142065796,0.0421980056,181.389619,0.236
93217.595092,-0.139929373,0.0424912557,182.0863,0.236
93217.599261,-0.134001063,0.0402464412,327.545378,0.236
93217.603429,-0.122195892,0.0413016564,311.556021,0.236
93217.607597,-0.125770552,0.0382398391,391.426563,0.236
93217.611766,-0.113481489,0.0307378673,385.301184,0.236
93217.615934,-0.109481327,0.0333721957,386.089619,0.236
93217.620103,-0.111538593,0.029089953,245.804346,0.236
93217.624271,-0.0886449445,0.0323191575,242.802097,0.236
93217.628439,-0.102932278,0.0336855835,186.066748,0.236
93217.632608,-0.0813438288,0.0303898576,184.782797,0.236
93217.636776,-0.0879376527,0.032078735,186.768526,0.236
93217.640945,-0.0771154728,0.0270228447,157.597577,0.236
93217.645113,-0.0721365004,0.0241316167,158.569262,0.236
93217.649282,-0.0714738643,0.0270052689,165.853466,0.236
93217.653450,-0.0609675361,0.0236099614,164.391978,0.236
93217.657618,-0.0616501286,0.0252226556,199.024919,0.236
93217.661787,-0.0553364146,0.0242691888,196.427076,0.236
93217.665955,-0.0508032545,0.021872199,200.09419,0.236
93217.670124,-0.0475537858,0.0236975242,268.300639,0.236
93217.674292,-0.0446712616,0.0222920557,268.482319,0.236
93217.678460,-0.0391446699,0.0222043389,412.699269,0.236
93217.682629,-0.0364042626,0.0229216071,419.105282,0.236
93217.686797,-0.0319549298,0.0191180317,420.935032,0.236
93217.690966,-0.0274033508,0.0182037676,484.469985,0.236
93217.695134,-0.0263515603,0.0154773563,507.310638,0.236
93217.699302,-0.0218356205,0.0129957388,367.521733,0.236
93217.703471,-0.0190000136,0.0117401243,361.534716,0.236
93217.707639,-0.0157817822,0.00910623265,347.323418,0.236
93217.711808,-0.0119888382,0.0067586369,357.541632,0.236
93217.715976,-0.0114751472,0.00531282292,360.340511,0.236
93217.720145,-0.00746855159,0.00332874373,403.358122,0.236
93217.724313,-0.00518253008,0.00199237903,427.538339,0.236
93217.728481,-0.00188917976,-0.000378478407,928.58382,0.236
93217.732650,-0.00170407942,0.000680215259,916.9354,0.236
93217.736818,-0.00278610117,0.00286010928,1000.0521,0.236
93217.740987,-0.00113525462,0.00061038191,388.852195,0.236
93217.745155,0.000326693385,0.0054827459,372.725233,0.236
93217.749323,0.00737793266,-0.0073751377,135.453533,0.236
93217.753492,0.00351359479,-0.0131752156,135.307737,0.236
93217.757660,0.00542969605,-0.00731928203,106.277017,0.236
93217.761829,0.00789336354,-0.00427319469,106.363361,0.236
93217.765997,0.0105269807,-0.00275815907,106.440208,0.236
93217.770165,0.0115852991,-0.0043408016,91.2846477,0.236
93217.774334,0.00582313534,-0.00777293643,91.1847076,0.236
93217.778502,0.00897230819,-0.00313093518,76.9872928,0.236
93217.782671,0.00849356797,0.00671847726,77.0388099,0.236
93217.786839,0.0117609012,0.00961800497,77.0279368,0.236
93217.791008,0.014613569,-0.00254223925,77.7618905,0.236
93217.795176,0.0155783237,-0.00657542203,77.8122237,0.236
93217.799344,0.0126603192,-0.00230333062,106.333995,0.236
93217.803513,0.013544084,-0.0023440545,106.416895,0.236
93217.807681,0.0161896968,-0.00180158795,106.471751,0.236
93217.811850,0.00979409272,0.000334069592,232.455419,0.236
93217.816018,0.0125760713,0.00182312806,231.777641,0.236
93217.820186,0.0109655404,0.00212530589,645.881353,0.236
93217.824355,0.0103593893,0.00342767754,641.595998,0.236
93217.828523,0.0100210388,-0.000110577659,293.43696,0.236
93217.832692,0.0101774031,-0.000142009143,289.596166,0.236
93217.836860,0.0117364966,-0.00193471135,288.113195,0.236
93217.841028,0.00882319738,-0.00122688011,177.305003,0.236
93217.845197,0.00566744614,-0.00304483534,177.722101,0.236
93217.849365,0.00386811643,-0.000282936849,138.65267,0.236
93217.853534,0.00200436556,0.00165135925,138.852223,0.236
93217.857702,-0.000437662306,0.00320972021,139.458125,0.236
93217.861871,0.000203611929,0.000608238778,167.635948,0.236
93217.866039,-0.00177965344,0.000527406123,168.381833,0.236
93217.870207,-0.000424031257,-0.00154463157,255.948852,0.236
93217.874376,-0.0023134264,-0.00228736117,257.424777,0.236
93217.878544,0.000401238337,-0.0015333192,669.484518,0.236
93217.882713,-0.000349364333,-0.00149689044,693.232381,0.236
93217.886881,-0.00169251043,-0.00173057966,702.483422,0.236
93217.891049,0.000634815235,0.000357405398,798.99581,0.236
93217.895218,-0.000474965841,0.000436019169,758.198173,0.236
93217.899386,0.00206418372,0.000129477715,301.780513,0.236
93217.903555,0.00106608413,0.000127741771,298.427588,0.236
93217.907723,0.0013264499,-5.2280537e-05,299.533164,0.236
93217.911891,0.00146969983,0.0006530361,288.128784,0.236
93217.916060,0.00269363969,0.000917074341,289.527092,0.236
93217.920228,0.00119149244,0.00187478995,401.621402,0.236
93217.924397,0.00150409324,0.00190961168,401.969239,0.236
93217.928565,0.00112303357,0.00217871081,593.776031,0.236
93217.932733,0.000620586826,0.00241237044,570.130928,0.236
93217.936902,0.00139596129,0.0026369588,628.115273,0.236
93217.941070,0.00153803186,0.000673818763,639.942973,0.236
93217.945239,0.000985398503,3.87286602e-05,593.774133,0.236
93217.949407,0.00038611464,0.000713090993,921.087725,0.236
93217.953576,0.000768364161,3.55919196e-05,1198.46495,0.236
93217.957744,0.000505303955,-0.000341379111,1147.24271,0.236
93217.961912,0.000181997484,0.000529232431,908.703766,0.236
93217.966081,-5.17295115e-06,0.00113718075,903.659681,0.236
93217.970249,-0.00025268991,0.000549450993,1270.38791,0.236
93217.974418,0.000210122461,0.00132148412,1571.2982,0.236
93217.978586,0.000230991364,6.36948018e-05,743.881262,0.236
93217.982754,0.000423247124,-0.000167234687,829.20435,0.236
93217.986923,0.000872821433,-0.00106711356,839.614986,0.236
93217.991091,7.90211853e-05,0.000114538367,638.842728,0.236
93217.995260,0.000494785759,-0.000595071886,567.03827,0.236
93217.999428,-0.000214261095,0.00109443263,405.499879,0.236
93218.003596,-0.000311483349,0.000885935911,412.296809,0.236
93218.007765,-0.000888947822,0.00106786576,406.905948,0.236
93218.011933,0.000438712678,0.00125307614,670.973726,0.236
93218.016102,-0.00083752487,0.000620631277,679.754286,0.236
93218.020270,0.000405427564,-0.000990243616,920.895135,0.236
93218.024438,-0.000683378149,-0.00141958524,979.512554,0.236
93218.028607,0.000753869698,-0.000906740653,1309.36978,0.236
93218.032775,0.000260545117,-7.14537135e-06,1269.34827,0.236
93218.036944,-0.00117677459,0.0010134791,973.514089,0.236
93218.041112,0.000929011625,0.00119635017,502.011456,0.236
93218.045281,0.000905900905,-0.000778353939,526.175966,0.236
93218.049449,0.000638969917,-0.00899807524,486.969423,0.236
93218.053617,0.00275096768,-0.0186762058,442.728308,0.236
93218.057786,0.00116935373,-0.00383639528,491.753123,0.236
93218.061954,0.000989201806,0.00558045405,450.160346,0.236
93218.066123,0.00482069195,0.00913522809,438.21788,0.236
93218.070291,0.00175577833,-0.00471556569,399.560255,0.236
93218.074460,0.00126163635,-0.00682437202,407.455928,0.236
93218.078628,0.000514451867,-0.0055195877,596.391721,0.236
93218.082796,0.00113035702,-0.00103657279,590.855305,0.236
93218.086965,0.003037476,0.000286414257,579.179244,0.236
93218.091133,0.00139660099,-0.0028586877,606.768736,0.236
93218.095302,0.00234718416,-0.00532056356,574.686457,0.236
93218.099470,0.00179002955,-0.00576134322,453.112399,0.236
93218.103638,0.000782458811,-1.7986091e-05,475.089467,0.236
93218.107807,0.0019704596,0.0016936585,490.397085,0.236
93218.111975,0.00171652758,-0.001051,1016.19515,0.236
93218.116144,0.000932726623,-0.00170599676,1037.39931,0.236
93218.120312,0.00135907229,-0.00216353271,629.933888,0.236
93218.124480,0.000617822301,-0.000822812634,640.07457,0.236
93218.128649,-4.10430065e-05,-0.00088102598,1147.58207,0.236
93218.132817,0.000473175994,7.19936528e-05,1215.45947,0.236
93218.136986,-0.00020813084,0.000940373874,1210.10652,0.236
93218.141154,0.000448323401,-0.00018608279,594.781572,0.236
93218.145322,0.000544100208,-0.000415855416,574.240926,0.236
93218.149491,0.000661167705,-0.000301715223,672.339431,0.236
93218.153659,0.00146036288,-0.0010542617,696.793017,0.236
93218.157828,0.00197990861,-0.00185004415,708.056031,0.236
93218.161996,-6.33281052e-05,-0.000123300206,755.468257,0.236
93218.166165,0.000424769676,-0.00112189417,745.393161,0.236
93218.170333,-0.000538498301,0.00134531721,349.639239,0.236
93218.174501,-0.000173178854,0.0031648127,351.27646,0.236
93218.178670,-0.00120147188,0.00468281688,352.344115,0.236
93218.182838,-0.000288080524,0.00202044798,752.068111,0.236
93218.187007,-0.00057695188,0.00189197138,775.269314,0.236
93218.191175,-4.73296972e-05,0.000361825548,926.894692,0.236
93218.195343,-0.000519899998,-0.000322654957,945.041003,0.236
93218.199512,0.000199835985,8.68502916e-05,1599.61799,0.236
93218.203680,-0.000187091636,-0.000279470651,1676.91273,0.236
93218.207849,-0.000101864914,-0.00117197036,1583.92044,0.236
93218.212017,0.0001548807,0.000696574794,760.765739,0.236
93218.216186,0.000322523535,0.00112228583,771.524164,0.236
93218.220354,-6.10893405e-05,-0.000413129722,1423.62924,0.236
93218.224522,0.000117175134,0.000105796473,1463.53366,0.236
93218.228691,0.000404493986,0.000181697953,1455.75825,0.236
93218.232859,0.000464096496,-0.00103331945,903.470001,0.236
93218.237028,0.000652403066,-0.0014695744,913.021774,0.236
93218.241196,0.000318207086,0.000111528513,1377.40674,0.236
93218.245364,0.000359744807,-0.000395877731,1471.75984,0.236
93218.249533,0.000500015559,0.00055027695,1152.02855,0.236
93218.253701,0.000563865709,0.00015657433,1127.46434,0.236
93218.257870,0.00055951457,0.000423498327,1144.94499,0.236
93218.262038,0.000568414711,-8.18860731e-06,822.746581,0.236
93218.266206,0.000946109675,-4.92223199e-05,830.598797,0.236
93218.270375,0.000476728648,-0.00051638792,945.698404,0.236
93218.274543,0.00102437663,-0.000417051444,1017.43947,0.236
93218.278712,0.000883821978,-0.00106938213,1016.3229,0.236
93218.282880,0.000559097725,-0.000107812063,1262.42141,0.236
93218.287048,0.000636255752,-0.000267364841,1268.22163,0.236
93218.291217,8.64002036e-05,-0.00035740728,1602.97008,0.236
93218.295385,0.000340167996,-0.000174759828,1739.91704,0.236
93218.299554,0.000371427293,-0.00038493329,1720.32543,0.236
93218.303722,0.000863093923,-0.00121997113,1975.16456,0.236
93218.307891,0.000294134047,-0.000938051472,1798.85934,0.236
93218.312059,0.000364758542,-0.000512000071,1764.08549,0.236
93218.316227,0.000287012464,-0.000206986199,1778.84041,0.236
93218.320396,0.000194684895,0.000571752025,1162.13607,0.236
93218.324564,5.67476212e-05,1.10146069e-05,1132.65523,0.236
93218.328733,-0.000177813185,0.000286979255,1227.36321,0.236
93218.332901,0.000204163271,0.000202281817,1759.31823,0.236
93218.337069,0.00016069034,0.000433349728,1800.02172,0.236
93218.341238,0.000646379167,-0.000218064459,1786.71438,0.236
93218.345406,0.000588623702,-0.000979220118,1587.65747,0.236
93218.349575,0.000542057664,3.15613025e-05,1201.63299,0.236
93218.353743,8.780056e-06,-0.000384644872,1121.18874,0.236
93218.357912,0.000256831285,-0.000365857979,1116.88901,0.236
93218.362080,-1.30943168e-05,-0.000500517079,1136.36004,0.236
93218.366248,0.000166038596,-0.000750986332,921.245923,0.236
93218.370417,0.000138435422,-0.0013920708,1125.90573,0.236
93218.374585,0.00102411679,-0.00122252098,1446.02821,0.236
93218.378754,0.000674215491,-0.000526040062,1054.55108,0.236
93218.382922,0.000244779564,-0.00229542801,1227.47073,0.236
93218.387090,0.000733968618,-0.00331531082,1077.95142,0.236
93218.391259,0.000650300354,-0.00298969335,1107.14486,0.236
93218.395427,0.000548035651,-0.0024224497,1113.26725,0.236
93218.399596,0.000430157164,-0.00105417981,1487.58369,0.236
93218.403764,0.000697972555,-0.0012119498,1248.07036,0.236
93218.407932,-3.32165566e-05,0.000948717128,1359.50492,0.236
93218.412101,0.00066012397,0.00119730682,1481.10669,0.236
93218.416269,0.00039002651,0.0024915998,1382.62869,0.236
93218.420438,-0.000621814025,-0.000888955993,1022.36935,0.236
93218.424606,0.00208536507,-0.00163284707,1054.22634,0.236
93218.428774,0.00061058668,-0.0028107429,1130.97837,0.236
93218.432943,0.000817690249,-8.43431996e-05,505.61896,0.236
93218.437111,0.00152378107,0.00145540951,508.110583,0.236
93218.441280,0.00177220515,-0.000900920201,556.432274,0.236
93218.445448,3.62317543e-05,0.000949770793,532.326007,0.236
93218.449617,3.40313889e-05,-0.00309021786,900.636144,0.236
93218.453785,0.00120058296,2.55559522e-05,967.987852,0.236
93218.457953,-4.90562223e-05,-0.000161035926,934.024542,0.236
93218.462122,0.00167678524,0.000251648487,1028.34142,0.236
93218.466290,0.000281809385,-0.000775518263,1048.71282,0.236
93218.470459,0.000809811796,-0.00210712275,833.458407,0.236
93218.474627,0.000833352354,-0.00201542806,832.780039,0.236
93218.478795,0.00173442005,-0.00251122982,823.424379,0.236
93218.482964,0.00116274965,-0.0014533767,1767.08408,0.236
93218.487132,0.00189748998,-0.00373706264,1480.48173,0.236
93218.491301,0.000553034048,-0.00285275068,469.69247,0.236
93218.495469,0.000560261764,-0.00193101871,474.089594,0.236
93218.499637,0.00177809004,-0.00189385472,926.933891,0.236
93218.503806,0.000248970881,0.000836737318,996.977347,0.236
93218.507974,0.000653998886,0.00153291764,990.599453,0.236
93218.512143,0.000418525235,-0.00181092873,388.164793,0.236
93218.516311,0.000844407552,-0.00271723417,389.835205,0.236
93218.520480,0.00101214774,-0.00186037697,445.487933,0.236
93218.524648,0.00131144435,-0.00186644018,449.895944,0.236
93218.528816,0.00128652119,-0.00314670285,443.363855,0.236
93218.532985,0.000191050346,-0.00187723504,1056.42959,0.236
93218.537153,0.000978742977,-0.00284014631,990.197429,0.236
93218.541322,-0.000817027775,-0.000187580548,652.910522,0.236
93218.545490,0.000631821576,0.000281392169,649.435041,0.236
93218.549658,0.000566226772,0.0017438166,659.045666,0.236
93218.553827,-0.000475187051,-0.000193919467,1370.65748,0.236
93218.557995,0.000276677961,0.00090137693,1403.06661,0.236
93218.562164,-0.000297347416,-0.000508904255,720.508385,0.236
93218.566332,-0.000395466804,-0.000860900032,725.822345,0.236
93218.570501,-0.000520069012,0.000408712499,759.974537,0.236
93218.574669,-0.000536252342,-0.00043963877,742.785623,0.236
93218.578837,-0.00080182566,-3.21642973e-05,756.040852,0.236
93218.583006,0.000203624813,0.00100049081,817.73984,0.236
93218.587174,-0.00050984127,0.00102730481,832.366322,0.236
93218.591343,0.000682126902,0.000696138333,1232.68889,0.236
93218.595511,0.000237365274,0.00040216624,1389.80431,0.236
93218.599679,0.000185117382,0.00053216869,1298.77465,0.236
93218.603848,8.14748511e-05,3.18583369e-05,1616.25425,0.236
93218.608016,0.000169665432,0.000567323257,1791.60086,0.236
93218.612185,4.12943998e-05,-0.000172012032,1635.75069,0.236
93218.616353,-8.23321786e-05,-0.000166367068,1671.14517,0.236
93218.620521,0.000776009995,-0.00027374875,1308.62058,0.236
93218.624690,0.000284817993,0.000169260414,1234.3455,0.236
93218.628858,0.000285885342,-0.000201363081,1300.38732,0.236
93218.633027,0.000947296195,-0.000420140351,899.080771,0.236
93218.637195,0.000383909926,-0.00112577404,924.462483,0.236
93218.641363,0.00078750054,-0.000761323627,1033.38965,0.236
93218.645532,0.000410094147,-0.000560642109,1034.91173,0.236
93218.649700,0.000494450646,-0.000108073624,1013.23179,0.236
93218.653869,0.000195593319,-0.000441890044,1255.25512,0.236
93218.658037,0.000344746428,-0.000541366172,1287.15847,0.236
93218.662206,0.000277810784,-0.000494201614,1092.90107,0.236
93218.666374,0.000357171112,0.000261587525,1209.31981,0.236
93218.670542,0.000490434572,-0.000335972583,975.10949,0.236
93218.674711,0.000880072467,-0.000477239661,1031.15376,0.236
93218.678879,0.00084200432,-0.00118475483,941.476173,0.236
93218.685132,0.000346068967,5.74711638e-05,1306.23835,0.236
93218.691384,-0.000254349798,0.000787329965,1065.44813,0.236
93218.695553,-0.000193461465,0.000791894128,1065.92514,0.236
93218.699721,-0.000202728187,0.00133194493,1110.22544,0.236
93218.703890,-0.000226656093,1.49615708e-05,1656.93428,0.236
93218.708058,-2.16242746e-05,0.000332466004,1352.12387,0.236
93218.712226,0.000152964587,1.08353108e-05,1798.18524,0.236
93218.716395,0.000241078104,-8.58059738e-05,1865.2793,0.236
93218.720563,0.000298593748,0.000278881206,1468.2199,0.236
93218.724732,0.000387342282,0.000397319878,1064.86698,0.236
93218.728900,0.000446058291,0.000190011782,1036.65669,0.236
93218.733069,-5.43664982e-06,0.000396780023,1291.69911,0.236
93218.737237,-0.000184072338,0.00066384873,1212.35244,0.236
93218.741405,0.000211176226,-0.000435676454,1848.51624,0.236
93218.745574,0.000197704735,-0.00020420967,1756.17059,0.236
93218.749742,0.000156006269,-0.000186104962,1920.54462,0.236
93218.753911,7.16610691e-05,-0.000410711322,1689.42245,0.236
93218.758079,0.000277562217,-0.00037212564,1836.53505,0.236
93218.762247,0.00070778984,-0.000555491968,1570.45446,0.236
93218.766416,0.000306327365,-0.000122562546,1659.78853,0.236
93218.770584,-1.04174826e-05,-0.000227717851,1719.2322,0.236
93218.774753,-9.45487815e-05,0.000217357624,1999.00355,0.236
93218.778921,-4.69440421e-05,2.2041824e-05,1647.31496,0.236
93218.783089,0.000179774467,-1.62981616e-05,1592.36113,0.236
93218.787258,4.36313055e-05,-0.000193711483,1604.01187,0.236
93218.791426,0.000175933701,0.000348612284,1508.54044,0.236
93218.795595,0.000116654805,1.43895874e-05,1281.98959,0.236
93218.799763,0.000295898524,-5.6422974e-05,1697.65189,0.236
93218.803932,0.00049400962,0.000510236356,1202.05801,0.236
93218.808100,0.000558306161,0.000492504733,1212.76329,0.236
93218.812268,-0.000160018606,0.000178412727,1546.6404,0.236
93218.816437,-7.47189639e-05,0.000370933037,1645.10437,0.236
93218.820605,8.62926668e-05,0.000275462199,1795.36889,0.236
93218.824774,0.000328157175,0.000472227134,1565.06834,0.236
93218.828942,0.000235725694,0.000346489328,1886.63717,0.236
93218.833110,-3.64412387e-05,-2.15880902e-05,1792.57462,0.236
93218.837279,-0.000109708203,-0.000127189191,1811.85426,0.236
93218.841447,0.000198549193,1.07006586e-06,1928.04038,0.236
93218.845616,-5.10981149e-05,1.81379545e-05,1886.46469,0.236
93218.849784,0.000354226058,5.67676509e-05,1348.40581,0.236
93218.853952,4.35385026e-05,8.81667973e-05,1747.42957,0.236
93218.858121,0.000104565528,-6.97332996e-05,2038.05147,0.236
93218.862289,0.000260316048,2.30651186e-05,1982.13396,0.236
93218.866458,0.000254463197,3.28753821e-05,1631.13225,0.236
93218.870626,-0.000273137815,0.000170006042,1409.60056,0.236
93218.874795,-6.01501477e-05,0.000231447684,1778.79135,0.236
93218.878963,-0.000319366375,0.000115726344,1382.00009,0.236
93218.883131,0.000496384021,-0.000364669018,1919.40425,0.236
93218.887300,0.000241109021,-0.000411913405,1818.17928,0.236
93218.891468,0.000101033498,0.000522235774,1524.75553,0.236
93218.895637,3.96413524e-05,0.000482240647,1312.58015,0.236
93218.899805,-7.97541336e-05,0.000403270238,1666.89289,0.236
93218.903973,0.000305136699,-0.000110940902,1500.71612,0.236
93218.908142,0.000301325216,-0.000236640529,1747.8107,0.236
93218.912310,0.000439053622,0.000189821979,1500.52868,0.236
93218.916479,0.000512552627,0.000341276597,1497.49924,0.236
93218.920647,0.000375066887,0.000416097516,1541.02664,0.236
93218.924815,-0.000150001517,0.000250551076,1917.15193,0.236
93218.928984,-8.25118345e-05,0.000313576474,1793.11799,0.236
93218.933152,0.000267814866,0.000605689326,1472.02107,0.236
93218.937321,0.000197175521,0.000378041386,1357.92327,0.236
93218.941489,0.000656804398,-5.23002617e-05,1247.58663,0.236
93218.945658,0.000327344911,-0.000149169886,1448.57556,0.236
93218.949826,0.000438624678,-0.000439219865,1532.21469,0.236
93218.953994,0.000224934541,-0.000274951608,2091.0693,0.236
93218.958163,0.000476029158,-1.22597588e-05,1751.25739,0.236
93218.962331,-0.000172542211,0.000177072239,2056.65706,0.236
93218.966500,0.000194670083,0.000107301004,1280.83612,0.236
93218.970668,2.57192085e-05,0.000146934362,1425.58975,0.236
93218.974836,0.000367165052,5.49325592e-05,1706.45811,0.236
93218.979005,0.000529698982,0.000102234007,1569.11448,0.236
93218.983173,0.000108399134,-0.000116593822,1930.73596,0.236
93218.987342,-0.000108997583,3.49046711e-05,1615.03623,0.236
93218.991510,0.000104484729,-1.22016693e-05,1148.18246,0.236
93218.995678,0.000213521713,-0.000228616297,1102.24283,0.236
93218.999847,2.71273179e-05,0.000154048865,1941.13886,0.236
93219.004015,0.000452234249,-0.000254968549,1660.86076,0.236
93219.008184,0.000646354394,2.32153059e-05,1677.49217,0.236
93219.012352,-0.000496294322,4.57398152e-05,1868.83261,0.236
93219.016520,-7.95235073e-05,-9.0710329e-05,2003.21718,0.236
93219.020689,-0.000285660292,-0.000136268764,1982.45072,0.236
93219.024857,-5.23370444e-05,0.000419007002,1517.9227,0.236
93219.029026,-6.69103121e-05,0.000302721598,1731.25256,0.236
93219.033194,-6.02521028e-05,8.90346809e-05,1977.32942,0.236
93219.037363,-0.000281984735,-2.94211232e-06,1807.22715,0.236
93219.041531,0.000196641722,0.000101124094,1581.22504,0.236
93219.045699,0.00030773805,-4.11371921e-05,1802.6471,0.236
93219.049868,0.000271800827,7.82949242e-05,1761.60895,0.236
93219.054036,-0.000101632169,6.51691644e-05,1539.45094,0.236
93219.058205,0.000165923218,0.000222021821,1876.07659,0.236
93219.062373,0.00026444241,0.000159275575,1949.22479,0.236
93219.066541,0.000328715516,8.19678477e-05,1755.29198,0.236
93219.070710,0.000260535862,0.000224514182,1776.6424,0.236
93219.074878,0.000335476318,-0.000532377456,1518.06376,0.236
93219.079047,0.00048042915,-0.000173111663,1666.57051,0.236
93219.083215,0.000223841192,-4.25861121e-05,1889.42102,0.236
93219.087383,0.000201319752,-0.00027019026,1625.2852,0.236
93219.091552,0.000246639099,0.000572987859,1730.30264,0.236
93219.095720,8.89326622e-05,0.000253662266,1851.99217,0.236
93219.099889,0.000279206913,0.000296876439,1170.80555,0.236
93219.104057,0.000249289631,0.000184391298,1072.60906,0.236
93219.108226,0.000187798052,0.000115663528,1419.66839,0.236
93219.112394,0.000213962773,-0.000403585056,1485.80846,0.236
93219.118647,0.000342966127,-0.00027792777,1482.71507,0.236
93219.124899,0.00023592548,6.26158339e-05,1547.13922,0.236
93219.129068,8.0283922e-05,-9.37765807e-05,1758.34149,0.236
93219.133236,7.90315958e-05,0.000404926696,1542.2407,0.236
93219.137404,0.000238239844,0.000620162424,1506.61027,0.236
93219.141573,0.000359089048,0.000400185128,1664.0222,0.236
93219.145741,0.000146318813,0.000307988948,1534.50959,0.236
93219.149910,0.000102342265,0.000311915694,1768.99445,0.236
93219.154078,7.63669352e-05,5.34960692e-05,1994.77981,0.236
93219.158246,0.000222822281,0.000141807878,1934.06906,0.236
93219.162415,0.000269134806,9.20718588e-05,1855.06399,0.236
93219.166583,0.000339856109,-8.9122214e-05,1758.43734,0.236
93219.170752,0.000261929481,-0.000235752369,1824.01642,0.236
93219.174920,6.03203625e-05,0.000433111229,1786.55957,0.236
93219.179089,-5.20211659e-05,0.000583758082,1699.62023,0.236
93219.183257,0.000204270449,0.000605769497,1748.00304,0.236
93219.187425,8.24650539e-07,0.000128341877,1901.60016,0.236
93219.191594,0.000464080909,0.00036652604,1721.67493,0.236
93219.195762,0.0003015269,0.000101857713,1426.04854,0.236
93219.199931,0.000310307308,0.000139638292,1335.11072,0.236
93219.204099,8.1241895e-05,-0.000128906399,1563.14021,0.236
93219.208267,-8.2055122e-05,3.36647462e-05,1713.21273,0.236
93219.212436,0.00020476244,0.000297828042,1659.26876,0.236
93219.218688,0.000176428345,0.000309380438,1547.9451,0.236
93219.224941,9.84716968e-05,0.00076443558,1124.4968,0.236
93219.229109,0.000247790168,0.00042642509,1505.07829,0.236
93219.233278,0.000595748858,0.00019545324,1763.57709,0.236
93219.237446,0.000367654885,-2.57827837e-05,1398.11165,0.236
93219.241615,0.000337625448,-9.53832797e-05,1225.7534,0.236
93219.245783,0.000163977087,-0.000300761871,1245.64267,0.236
93219.249951,0.000493421319,-0.000304218967,1939.52742,0.236
93219.254120,6.62636855e-05,0.000186899985,1857.13819,0.236
93219.258288,0.000544283897,0.000396787331,1643.51915,0.236
93219.262457,0.000171791136,-0.000396258634,1617.89255,0.236
93219.266625,0.000298548097,-3.76028341e-06,1573.07058,0.236
93219.270794,0.00035271739,-4.99297759e-05,1466.83704,0.236
93219.274962,0.000221132046,0.000501709786,1288.63294,0.236
93219.279130,0.000216680808,0.000260715291,1088.20066,0.236
93219.285383,-0.000903847004,-0.0012541278,1515.87641,0.236
93219.291636,0.000529544471,-0.00258501915,1368.17947,0.236
93219.295804,0.00045142424,0.00203674767,537.023724,0.236
93219.299972,-0.000550318756,0.00424433926,541.663296,0.236
93219.304141,0.000278671511,0.00125333423,1253.79873,0.236
93219.308309,5.6579739e-05,0.000166113077,1370.27465,0.236
93219.312478,4.14753234e-05,-0.00244491881,619.744596,0.236
93219.318730,0.00139458057,5.22335306e-05,605.917421,0.236
93219.324983,0.000165363165,-0.00024327049,765.454392,0.236
93219.329151,0.000133741855,-0.00392028128,820.170028,0.236
93219.333320,-0.000150579369,-0.000371888536,327.496028,0.236
93219.337488,-0.00146412506,0.00212149277,331.480826,0.236
93219.341657,-0.000837251699,0.00579678419,327.226363,0.236
93219.345825,0.000433918963,0.00177906375,770.277177,0.236
93219.352078,0.00111283884,9.73474211e-05,660.124631,0.236
93219.358330,0.000717402209,-0.00105729534,696.653881,0.236
93219.362499,-0.000445106482,-0.00125984168,921.154015,0.236
93219.366667,0.000379173628,-0.00147253134,1072.1784,0.236
93219.370835,0.000957279184,-0.00247385526,1029.65651,0.236
93219.375004,-0.000273495689,0.0016047739,462.09686,0.236
93219.379172,-0.000886771276,0.00264634467,488.534345,0.236
93219.387509,-0.000799557137,-0.000278096277,792.648806,0.236
93219.395846,0.000835331045,7.03803696e-05,779.856958,0.236
93219.400014,0.000410078559,0.00017086307,749.599453,0.236
93219.404183,-0.000286140729,-0.000871927267,1225.57168,0.236
93219.408351,0.000778711309,-0.00189239865,984.235445,0.236
93219.412520,0.000324876925,0.000544173676,623.331922,0.236
93219.418772,0.000381793418,0.00146377238,641.10591,0.236
93219.425025,-0.000568340802,7.90551828e-05,959.360648,0.236
93219.429193,-0.000503298725,0.000237256387,1463.34819,0.236
93219.433362,0.000283040658,-0.000987011495,917.801219,0.236
93219.437530,-0.000157300702,-0.00103653717,814.638939,0.236
93219.441698,3.77789364e-05,-0.00116800324,754.000102,0.236
93219.445867,-0.000306675016,-0.000449465476,1590.36989,0.236
93219.450035,-0.000329551157,-0.000737125096,1525.24433,0.236
93219.454204,0.000398885481,0.000131773104,996.085424,0.236
93219.458372,0.000279519435,0.000667708516,1073.94474,0.236
93219.462540,-0.00028346725,0.000280326702,1008.01443,0.236
93219.466709,7.07284395e-06,0.00069324812,1548.4988,0.236
93219.470877,-6.56086978e-05,0.000603401843,1016.71208,0.236
93219.475046,0.000214253844,-9.30716646e-05,1286.97695,0.236
93219.479214,0.000330480078,-0.000304451976,1573.00542,0.236
93219.483382,0.000318627504,0.000708424222,1196.38727,0.236
93219.487551,0.000169831738,0.000663853044,1244.30607,0.236
93219.491719,-9.77586398e-05,0.000398459597,1204.35282,0.236
93219.495888,0.00022941314,0.000361317064,1171.0109,0.236
93219.500056,5.40117084e-05,0.000423501448,1045.64588,0.236
93219.504225,0.000182831054,0.000469505224,1684.624,0.236
93219.508393,-6.67234803e-05,8.89220938e-05,1812.32645,0.236
93219.512561,-0.000127376937,-0.00014068833,1510.01859,0.236
93219.516730,0.000243616812,-0.000713070251,989.309464,0.236
93219.520898,0.000286361701,-0.000595689334,1062.41586,0.236
93219.525067,0.000329585441,0.000571124112,1125.73534,0.236
93219.529235,0.000209751307,0.000532801037,1119.62237,0.236
93219.533403,0.000263071073,0.000120055906,1444.79432,0.236
93219.537572,-1.55964465e-05,0.000363801678,1482.91981,0.236
93219.541740,0.000204835981,0.000380805597,1547.92086,0.236
93219.545909,0.000820737465,-0.000163564101,1239.37647,0.236
93219.550077,0.000778528539,0.000109673487,1021.05446,0.236
93219.554246,0.0003245605,-0.000152643677,1733.58269,0.236
93219.558414,0.000128836588,-0.000479895911,1494.41547,0.236
93219.562582,-0.000362303955,6.8009694e-05,1198.55757,0.236
93219.566751,-0.000246606348,-4.62736638e-05,1222.48759,0.236
93219.570919,-0.000275332846,-0.000116742554,1276.50378,0.236
93219.575088,-6.41551077e-05,0.000803018186,996.03764,0.236
93219.579256,-0.000402158621,0.000961922582,1016.73717,0.236
