t,vx_cam,vy_cam,quality,h
92366.675378,-0.359105878,0.0356124809,234.158657,0.186
92366.679547,-0.364258227,0.0381707078,220.022643,0.186
92366.683715,-0.360759539,0.0248522472,220.197373,0.186
92366.687884,-0.371252646,0.0254825817,218.948148,0.186
92366.692052,-0.372493425,0.0204143739,202.621633,0.186
92366.696220,-0.368874029,0.0284055037,195.217718,0.186
92366.700389,-0.366519342,0.0277865673,199.026746,0.186
92366.704557,-0.361459977,0.0235235491,218.797069,0.186
92366.708725,-0.35907781,0.0365684787,222.833469,0.186
92366.712894,-0.353696902,0.0315091626,231.331761,0.186
92366.717062,-0.371537554,0.0284694727,136.377996,0.186
92366.721231,-0.376556236,0.0404607817,138.626111,0.186
92366.725399,-0.374633915,0.0473855606,127.275819,0.186
92366.729567,-0.380921735,0.0413942804,126.484025,0.186
92366.733736,-0.36983262,0.0275800167,105.040897,0.186
92366.737904,-0.367425832,0.0285328008,104.594415,0.186
92366.742073,-0.375839017,0.0276800678,105.119551,0.186
92366.746241,-0.378602796,0.0168022547,203.379412,0.186
92366.750410,-0.378021341,0.0328613133,201.19258,0.186
92366.754578,-0.381754516,0.0409056456,171.903487,0.186
92366.758746,-0.371498972,0.0379125219,173.850018,0.186
92366.762915,-0.377071865,0.0431428714,166.240302,0.186
92366.767083,-0.378120867,0.0444013941,212.445013,0.186
92366.771252,-0.377405082,0.0402634615,218.898933,0.186
92366.775420,-0.378495468,0.0380605418,261.859067,0.186
92366.779588,-0.382375451,0.0421758776,244.153714,0.186
92366.783757,-0.375738447,0.0397377054,245.273274,0.186
92366.787925,-0.394104661,0.048554468,254.127646,0.186
92366.792094,-0.366770669,0.0413952379,245.407685,0.186
92366.796262,-0.400871848,0.0289478557,231.511955,0.186
92366.800430,-0.356926361,0.0553195719,186.664451,0.186
92366.804599,-0.401469489,0.0367545186,249.248505,0.186
92366.808767,-0.361241774,0.0294573501,226.777417,0.186
92366.812936,-0.387272304,0.0468663319,248.590771,0.186
92366.817104,-0.374183224,0.0383554788,242.910813,0.186
92366.821272,-0.375453093,0.0422748221,232.388474,0.186
92366.825441,-0.376599493,0.0488104222,230.129977,0.186
92366.829609,-0.372067233,0.0453418713,238.166508,0.186
92366.833778,-0.369051652,0.0416062677,253.098842,0.186
92366.837946,-0.366085166,0.0394058817,243.398883,0.186
92366.842114,-0.365662238,0.0364083702,246.27768,0.186
92366.846283,-0.370271096,0.0395298028,190.000185,0.186
92366.850451,-0.377322441,0.047006331,193.858543,0.186
92366.854620,-0.366059125,0.0426236189,214.823183,0.186
92366.858788,-0.368258809,0.0444477609,223.587898,0.186
92366.862956,-0.365138899,0.0460651856,236.064634,0.186
92366.867125,-0.354694166,0.038111841,240.515924,0.186
92366.871293,-0.361329895,0.0460448773,219.866693,0.186
92366.875462,-0.359953742,0.0421215793,225.613218,0.186
92366.879630,-0.36248504,0.0416379853,228.343903,0.186
92366.883798,-0.362753187,0.0449259622,214.425563,0.186
92366.887967,-0.355938983,0.0400309697,241.136921,0.186
92366.892135,-0.361452805,0.043080426,237.791457,0.186
92366.896304,-0.360131923,0.0431691332,241.395098,0.186
92366.900472,-0.359323458,0.03944752,258.724294,0.186
92366.904640,-0.357574168,0.0381002535,221.544817,0.186
92366.908809,-0.355174937,0.0386225693,220.225161,0.186
92366.912977,-0.35131431,0.0356615987,219.520573,0.186
92366.917146,-0.351096651,0.0348221504,206.187687,0.186
92366.921314,-0.346384161,0.0332404916,208.970691,0.186
92366.925482,-0.344935494,0.0379233674,208.678179,0.186
92366.929651,-0.343308387,0.0349307293,207.702931,0.186
92366.933819,-0.342846278,0.0339620723,213.981648,0.186
92366.937988,-0.345833578,0.032387436,249.067201,0.186
92366.942156,-0.343131531,0.0292747498,244.94342,0.186
92366.946324,-0.341635779,0.0232719091,194.268701,0.186
92366.950493,-0.337991124,0.0176106503,194.556837,0.186
92366.954661,-0.329856281,0.021476329,90.1374367,0.186
92366.958830,-0.325500392,0.0186220658,90.4952186,0.186
92366.962998,-0.316276405,0.0166891648,90.8645948,0.186
92366.967166,-0.316868261,0.0276613707,78.9491289,0.186
92366.971335,-0.311996379,0.0396268939,78.8872238,0.186
92366.975503,-0.317033379,0.0458527307,200.970352,0.186
92366.979672,-0.316478344,0.0367650748,208.776142,0.186
92366.983840,-0.304609907,0.0713981963,196.792477,0.186
92366.988009,-0.301440313,0.0444786157,87.1067661,0.186
92366.992177,-0.294830898,0.0411286707,86.9911437,0.186
92366.996345,-0.294769653,0.0338863107,50.9637776,0.186
92367.000514,-0.295066151,0.0218759505,51.0538122,0.186
92367.004682,-0.300653104,0.0301924014,71.1889548,0.186
92367.008851,-0.305373457,0.0192928319,71.3741844,0.186
92367.013019,-0.314406705,0.00190904574,71.8390875,0.186
92367.017187,-0.302633194,0.04875782,233.684739,0.186
92367.021356,-0.308848938,0.0316071249,242.611305,0.186
92367.025524,-0.289420028,0.0320510706,103.71252,0.186
92367.029693,-0.292015937,0.0323772956,103.4962,0.186
92367.033861,-0.289902494,0.0321709758,103.414111,0.186
92367.038029,-0.289881222,0.0387410359,84.2905234,0.186
92367.042198,-0.286132773,0.0300433863,84.5093861,0.186
92367.046366,-0.285146533,0.0352444697,76.667359,0.186
92367.050535,-0.284256591,0.0370654005,76.7538878,0.186
92367.054703,-0.289544693,0.034970335,91.8921836,0.186
92367.058871,-0.287815172,0.0390363574,92.4253038,0.186
92367.063040,-0.287830017,0.0419617841,92.2374623,0.186
92367.067208,-0.282408038,0.03537444,135.04209,0.186
92367.071377,-0.274675158,0.0398888643,131.607219,0.186
92367.075545,-0.27839274,0.0343972633,307.224705,0.186
92367.079713,-0.275590592,0.027908565,327.112029,0.186
92367.083882,-0.275337004,0.0330707022,311.068187,0.186
92367.088050,-0.279686029,0.0285410786,214.854564,0.186
92367.092219,-0.278999951,0.0282779909,212.599003,0.186
92367.096387,-0.276855461,0.024786287,220.416754,0.186
92367.100555,-0.282244876,0.0228569056,218.403794,0.186
92367.104724,-0.276539875,0.0267834784,307.73181,0.186
92367.108892,-0.275200782,0.0186160141,298.856095,0.186
92367.113061,-0.271828298,0.0200188493,299.269991,0.186
92367.117229,-0.275833013,0.0279608739,283.175099,0.186
92367.121397,-0.272519067,0.0280322541,281.927607,0.186
92367.125566,-0.274431213,0.0305267913,280.894944,0.186
92367.129734,-0.269220892,0.0273650136,285.10908,0.186
92367.133903,-0.266638262,0.0275528466,299.506552,0.186
92367.138071,-0.265973547,0.0245467124,244.597593,0.186
92367.142239,-0.263842175,0.0247654876,237.150696,0.186
92367.146408,-0.270108188,0.0258264817,238.234151,0.186
92367.150576,-0.267075683,0.0227291598,230.371993,0.186
92367.154745,-0.27002118,0.0245162169,291.697099,0.186
92367.158913,-0.266610697,0.0218440697,300.567162,0.186
92367.163081,-0.267154439,0.0209192643,313.449217,0.186
92367.167250,-0.259004373,0.021726967,250.447393,0.186
92367.171418,-0.256210588,0.0163457699,246.339249,0.186
92367.175587,-0.258183709,0.0182997022,306.429916,0.186
92367.179755,-0.253916488,0.0245846073,324.504658,0.186
92367.183923,-0.256566824,0.0207922712,284.259662,0.186
92367.188092,-0.255232387,0.0174425176,253.234395,0.186
92367.192260,-0.25985801,0.0162217095,243.866699,0.186
92367.196429,-0.259752803,0.014333905,232.069695,0.186
92367.200597,-0.261084765,0.0129732183,233.223847,0.186
92367.204766,-0.26231585,0.00597975999,235.380708,0.186
92367.208934,-0.262172927,0.00887061144,318.186942,0.186
92367.213102,-0.265213023,0.00955644874,291.30264,0.186
92367.217271,-0.263977326,0.00951389491,328.96239,0.186
92367.221439,-0.265124802,0.00955221761,319.679649,0.186
92367.225608,-0.263518289,0.00830111014,329.901179,0.186
92367.229776,-0.263673238,0.00763895843,347.378207,0.186
92367.233944,-0.266281,0.0101721454,336.904708,0.186
92367.238113,-0.267959901,0.00459183785,339.039888,0.186
92367.242281,-0.272879503,0.00422597298,337.704648,0.186
92367.246450,-0.269592895,-0.000706373728,315.594238,0.186
92367.250618,-0.269516303,0.000186049326,326.105979,0.186
92367.254786,-0.271440187,0.000313808059,344.739028,0.186
92367.258955,-0.267457267,0.00196143731,320.278713,0.186
92367.263123,-0.271601601,0.00202209263,348.865775,0.186
92367.267292,-0.2724047,0.00275753291,322.204795,0.186
92367.271460,-0.272804053,0.00293787095,306.868469,0.186
92367.275628,-0.276103229,0.00810316694,273.769838,0.186
92367.279797,-0.271267601,0.0131321115,261.820273,0.186
92367.283965,-0.269935647,0.0145472888,261.128966,0.186
92367.288134,-0.275118445,0.0073449123,122.876786,0.186
92367.292302,-0.275688473,0.0148321848,120.886137,0.186
92367.296470,-0.282493643,0.0102011891,90.4688413,0.186
92367.300639,-0.285678206,0.0053923367,90.0818343,0.186
92367.304807,-0.290472562,-0.00109334256,89.9746713,0.186
92367.308976,-0.29278542,0.00176190362,153.163619,0.186
92367.313144,-0.292847076,-0.00200494156,151.264396,0.186
92367.317312,-0.295195463,0.0143813989,263.590508,0.186
92367.321481,-0.287780477,0.0161568919,278.482746,0.186
92367.325649,-0.294941848,0.0169776482,272.701187,0.186
92367.329818,-0.295736537,0.0235289945,294.781177,0.186
92367.333986,-0.302301673,0.0223275635,300.378516,0.186
92367.338154,-0.304571766,0.0123342989,303.227913,0.186
92367.342323,-0.308990936,0.0133332636,298.21516,0.186
92367.346491,-0.307651995,0.0140773835,275.441775,0.186
92367.350660,-0.302569235,0.011907494,279.338513,0.186
92367.354828,-0.310039567,0.0172848411,270.466852,0.186
92367.358996,-0.304277435,0.0208782788,282.499767,0.186
92367.363165,-0.316182367,0.0247336668,287.518193,0.186
92367.367333,-0.317442071,0.0160141416,227.822097,0.186
92367.371502,-0.328758382,0.020445535,226.163597,0.186
92367.375670,-0.327829581,0.0181031464,288.706879,0.186
92367.379838,-0.329092138,0.0172409882,317.479967,0.186
92367.384007,-0.334950265,0.0212501162,304.215495,0.186
92367.388175,-0.327495461,0.0220899931,206.382379,0.186
92367.392344,-0.320261946,0.0242412625,213.31516,0.186
92367.396512,-0.335150415,0.0257919816,230.791687,0.186
92367.400681,-0.331852073,0.0287496911,240.080202,0.186
92367.404849,-0.346142729,0.0292811888,224.502997,0.186
92367.409017,-0.349791048,0.0221846471,164.828193,0.186
92367.413186,-0.362581044,0.0227530507,161.676667,0.186
92367.417354,-0.351648201,0.0174217678,181.764444,0.186
92367.421523,-0.343848341,0.0207927313,178.448283,0.186
92367.425691,-0.348967383,0.0257901428,217.225013,0.186
92367.429859,-0.34634154,0.0193809463,222.777101,0.186
92367.434028,-0.341292608,0.0349121986,213.560183,0.186
92367.438196,-0.361428301,0.0321715338,183.428376,0.186
92367.442365,-0.356865646,0.0279038136,195.427328,0.186
92367.446533,-0.368496746,0.0263660112,167.045726,0.186
92367.450701,-0.373592452,0.0246343603,170.487395,0.186
92367.454870,-0.375201611,0.0172619391,182.004156,0.186
92367.459038,-0.370985256,0.0209459318,217.268563,0.186
92367.463207,-0.36536786,0.0193748684,213.542729,0.186
92367.467375,-0.365163296,0.0277321001,201.015083,0.186
92367.471543,-0.361822241,0.0236432101,200.242457,0.186
92367.475712,-0.370618901,0.0266797239,225.843807,0.186
92367.479880,-0.371971656,0.0290402892,238.351482,0.186
92367.484049,-0.372380666,0.0268642986,221.129699,0.186
92367.488217,-0.378037307,0.0293497132,213.019,0.186
92367.492385,-0.380992385,0.0260103514,198.500054,0.186
92367.496554,-0.381768932,0.0221916384,262.490061,0.186
92367.500722,-0.386040844,0.0227581335,272.674905,0.186
92367.504891,-0.384094787,0.0191695781,274.282874,0.186
92367.509059,-0.378457202,0.0268697924,221.884531,0.186
92367.513227,-0.375130407,0.0257122551,212.428667,0.186
92367.517396,-0.380119673,0.025092813,320.637369,0.186
92367.521564,-0.385282978,0.0297278079,311.054657,0.186
92367.525733,-0.381223466,0.0207615444,241.445725,0.186
92367.529901,-0.391707513,0.0246074378,240.701727,0.186
92367.534069,-0.396254063,0.0199444567,242.537912,0.186
92367.538238,-0.393351231,0.0197092666,287.025852,0.186
92367.542406,-0.401185672,0.0250348872,293.05655,0.186
92367.546575,-0.389447013,0.0196532949,184.861816,0.186
92367.550743,-0.384535755,0.0218179837,184.016132,0.186
92367.554911,-0.382583961,0.025270451,180.386741,0.186
92367.559080,-0.387076889,0.0252670656,305.430825,0.186
92367.563248,-0.38782232,0.0215639043,284.17239,0.186
92367.567417,-0.390137964,0.0188529798,195.049156,0.186
92367.571585,-0.398549593,0.018488634,202.073177,0.186
92367.575754,-0.391214626,0.0202632842,243.884865,0.186
92367.579922,-0.395664859,0.0219443685,245.038191,0.186
92367.584090,-0.39804695,0.0202568531,236.701807,0.186
92367.588259,-0.401226042,0.0238448905,269.078762,0.186
92367.592427,-0.394009367,0.0147258719,255.720028,0.186
92367.596595,-0.397653815,0.0219105152,257.034802,0.186
92367.600764,-0.393842144,0.0165456174,279.162258,0.186
92367.604932,-0.391708909,0.0165676367,291.791795,0.186
92367.609101,-0.392981488,0.0234768287,280.678193,0.186
92367.613269,-0.397702499,0.0245777078,303.391143,0.186
92367.617438,-0.398340996,0.0182678505,183.722328,0.186
92367.621606,-0.408969491,0.0180278125,191.054461,0.186
92367.625774,-0.414516724,0.0123202577,186.795767,0.186
92367.629943,-0.402892116,0.00388451711,163.185912,0.186
92367.634111,-0.400778267,0.00560834258,158.373359,0.186
92367.638280,-0.387773558,0.0107205723,156.159858,0.186
92367.642448,-0.383269032,-0.000560960645,156.896201,0.186
92367.646616,-0.394310063,0.0095103777,149.860414,0.186
92367.650785,-0.394846149,0.0136415664,150.809921,0.186
92367.654953,-0.400522493,0.0144627803,149.985457,0.186
92367.659122,-0.401333428,0.0125636119,249.234499,0.186
92367.663290,-0.405959549,0.0161231344,243.874642,0.186
92367.667458,-0.388935746,-0.00230575837,171.925946,0.186
92367.671627,-0.381340808,0.00134000293,169.177271,0.186
92367.675795,-0.379259244,-0.000285263683,168.985283,0.186
92367.679964,-0.384684049,0.00903652455,239.753916,0.186
92367.684132,-0.382006383,0.0130568842,226.423762,0.186
92367.688300,-0.398282658,0.00901856791,174.573109,0.186
92367.692469,-0.393707507,0.0101897296,171.632448,0.186
92367.696637,-0.393824136,0.0149884078,171.222123,0.186
92367.700806,-0.390509611,0.00448774753,174.378178,0.186
92367.704974,-0.39115612,0.0032409887,172.851073,0.186
92367.709142,-0.38792064,0.00385828015,183.381984,0.186
92367.713311,-0.385597827,-0.00229814687,176.117749,0.186
92367.717479,-0.378942215,0.00314156029,243.858391,0.186
92367.721648,-0.373194096,0.00422481721,239.827454,0.186
92367.725816,-0.371389797,-0.00100483119,236.903921,0.186
92367.729984,-0.38594199,0.00376935866,193.780948,0.186
92367.734153,-0.385674663,0.0156252225,190.367422,0.186
92367.738321,-0.379666504,0.00750955496,300.764099,0.186
92367.742490,-0.37840888,0.0074785373,275.235608,0.186
92367.746658,-0.379832933,0.00274218896,243.311882,0.186
92367.750826,-0.381519028,-0.000698201803,234.810697,0.186
92367.754995,-0.377423541,-0.00718533678,243.311866,0.186
92367.759163,-0.377024871,-0.00218558315,243.514949,0.186
92367.763332,-0.369548553,-0.00404060552,238.173566,0.186
92367.767500,-0.371393283,0.00306909712,231.233645,0.186
92367.771668,-0.368883131,0.00588234106,246.259115,0.186
92367.775837,-0.370386008,0.00627654441,225.97193,0.186
92367.780005,-0.375865784,-0.00471102996,187.782025,0.186
92367.784174,-0.383288673,-3.83981818e-05,189.206391,0.186
92367.788342,-0.375647134,-0.000152106235,288.102557,0.186
92367.792511,-0.369456172,-0.0124955382,297.637995,0.186
92367.796679,-0.375868432,0.00306403941,271.409913,0.186
92367.800847,-0.370674812,-0.00252118674,278.49336,0.186
92367.805016,-0.371562789,-0.00386253445,264.223263,0.186
92367.809184,-0.374699489,0.00274675261,282.478334,0.186
92367.813353,-0.367646003,-0.0037097455,275.094249,0.186
92367.817521,-0.371728064,-0.000263383541,274.492911,0.186
92367.821689,-0.366764603,-0.0013725884,275.334979,0.186
92367.825858,-0.367591102,-0.00398475069,276.042608,0.186
92367.830026,-0.377407666,0.000986318326,252.130618,0.186
92367.834195,-0.372939261,-0.00433043339,249.351626,0.186
92367.838363,-0.36997943,-0.0057994178,216.408137,0.186
92367.842531,-0.363542004,-0.0102188155,206.653286,0.186
92367.846700,-0.360285519,-0.00693713105,225.857692,0.186
92367.850868,-0.35896709,-0.00887374636,219.569986,0.186
92367.855037,-0.356068594,-0.0105419281,218.19971,0.186
92367.859205,-0.364797144,-0.0132246311,215.773797,0.186
92367.863373,-0.365843257,-0.00399637675,223.951977,0.186
92367.867542,-0.357148613,-0.0117110606,259.719376,0.186
92367.871710,-0.357291922,-0.0066290075,274.127032,0.186
92367.875879,-0.354086552,-0.00831036726,259.087564,0.186
92367.880047,-0.350317752,-0.0153042798,283.476272,0.186
92367.884215,-0.351565285,-0.0146441233,266.739752,0.186
92367.888384,-0.343847149,-0.0195967862,270.912262,0.186
92367.892552,-0.342026384,-0.0208584229,288.63721,0.186
92367.896721,-0.342375778,-0.013663861,245.625144,0.186
92367.900889,-0.3375411,-0.0162915419,234.014745,0.186
92367.905058,-0.338810623,-0.0141629566,233.327997,0.186
92367.909226,-0.341912703,-0.0182601064,275.347065,0.186
92367.913394,-0.341263905,-0.0183861536,268.917078,0.186
92367.917563,-0.330465425,-0.0179021364,262.668697,0.186
92367.921731,-0.334735801,-0.0209926002,256.81362,0.186
92367.925899,-0.32303514,-0.0186105628,254.91721,0.186
92367.930068,-0.322683201,-0.0251908713,291.662456,0.186
92367.934236,-0.323191252,-0.0262089324,290.509258,0.186
92367.938405,-0.321181303,-0.0246196988,275.515528,0.186
92367.942573,-0.326254777,-0.0215305456,287.322928,0.186
92367.946741,-0.322143881,-0.0205505155,300.914706,0.186
92367.950910,-0.322867427,-0.0202848198,334.203126,0.186
92367.955078,-0.321573146,-0.0217937632,326.753009,0.186
92367.959247,-0.3170022,-0.0256973953,251.461754,0.186
92367.963415,-0.315257404,-0.0294537693,240.911235,0.186
92367.967584,-0.316010414,-0.0259415548,265.846445,0.186
92367.971752,-0.310751781,-0.0251252078,278.178006,0.186
92367.975920,-0.309095371,-0.0238611859,290.768909,0.186
92367.980089,-0.310558963,-0.0190194759,290.676276,0.186
92367.984257,-0.300981927,-0.0227058714,283.171346,0.186
92367.988426,-0.311027994,-0.0245528363,287.581506,0.186
92367.992594,-0.306681489,-0.02808936,299.765986,0.186
92367.996762,-0.301128381,-0.0275769589,322.914341,0.186
92368.000931,-0.303882428,-0.026149659,331.788855,0.186
92368.005099,-0.301234771,-0.0266013701,342.170221,0.186
92368.009268,-0.303574248,-0.0238563016,307.95281,0.186
92368.013436,-0.305698389,-0.0238105288,317.877086,0.186
92368.017604,-0.303696231,-0.025253084,298.358321,0.186
92368.021773,-0.303919675,-0.0251780688,307.744894,0.186
92368.025941,-0.301830236,-0.0261783112,288.798745,0.186
92368.030110,-0.299047189,-0.0232427571,277.947483,0.186
92368.034278,-0.295955576,-0.0217261587,300.497521,0.186
92368.038446,-0.300654887,-0.0222201632,273.047288,0.186
92368.042615,-0.302792165,-0.0192369573,280.238812,0.186
92368.046783,-0.307883822,-0.0158555201,191.211837,0.186
92368.050952,-0.305806875,-0.0143232148,191.144371,0.186
92368.055120,-0.314060115,-0.015136176,189.344142,0.186
92368.059288,-0.311552491,-0.0235180463,157.030537,0.186
92368.063457,-0.317060192,-0.0310995974,155.242883,0.186
92368.067625,-0.309918811,-0.0264675998,253.14672,0.186
92368.071794,-0.315983299,-0.0203855973,239.471273,0.186
92368.075962,-0.312562472,-0.0234785289,244.698862,0.186
92368.080130,-0.311239464,-0.0291041153,159.74828,0.186
92368.084299,-0.317775553,-0.0273844954,161.46348,0.186
92368.088467,-0.317051171,-0.0128668247,147.670854,0.186
92368.092636,-0.318908794,-0.0195417521,145.43338,0.186
92368.096804,-0.316736166,-0.0203533503,144.149031,0.186
92368.100973,-0.317323513,-0.0126663217,208.106817,0.186
92368.105141,-0.323104805,-0.0133784391,215.040697,0.186
92368.109309,-0.320247986,-0.0282266452,318.370986,0.186
92368.113478,-0.326745783,-0.0251547517,308.179043,0.186
92368.117646,-0.326279077,-0.0296313415,273.007524,0.186
92368.121815,-0.322030101,-0.03066784,261.943203,0.186
92368.125983,-0.323580519,-0.0308690889,254.141296,0.186
92368.130151,-0.329606774,-0.0224572597,205.753025,0.186
92368.134320,-0.328271751,-0.0195467249,222.287996,0.186
92368.138488,-0.333481199,-0.0237528731,304.90637,0.186
92368.142657,-0.334312104,-0.0261554009,299.795243,0.186
92368.146825,-0.340235484,-0.0245375174,302.29515,0.186
92368.150993,-0.336385048,-0.0311513219,289.970531,0.186
92368.155162,-0.341902616,-0.0298924837,286.364724,0.186
92368.159330,-0.338963538,-0.0287370615,267.070383,0.186
92368.163499,-0.342738574,-0.0284827539,269.181784,0.186
92368.167667,-0.34712873,-0.0252537374,280.369801,0.186
92368.171835,-0.352027339,-0.0252729244,272.142549,0.186
92368.176004,-0.354340492,-0.0238182939,263.332693,0.186
92368.180172,-0.355850942,-0.0254913694,242.516466,0.186
92368.184341,-0.352132571,-0.0269850656,244.214855,0.186
92368.188509,-0.360207685,-0.0259651033,257.846653,0.186
92368.192677,-0.356432536,-0.0236928085,264.08143,0.186
92368.196846,-0.36285938,-0.0251577363,247.602225,0.186
92368.201014,-0.37135605,-0.0169597289,215.778626,0.186
92368.205183,-0.372302054,-0.0222252798,208.162377,0.186
92368.209351,-0.379288696,-0.0194759296,258.592618,0.186
92368.213519,-0.382215504,-0.019246838,258.128442,0.186
92368.217688,-0.372772116,-0.0248258234,144.273828,0.186
92368.221856,-0.37621861,-0.0239190244,146.304685,0.186
92368.226025,-0.369420322,-0.0237621437,141.09736,0.186
92368.230193,-0.376571116,-0.0222043563,230.94525,0.186
92368.234361,-0.376943748,-0.018293756,229.714891,0.186
92368.238530,-0.382010321,-0.0241630217,201.665301,0.186
92368.242698,-0.383896573,-0.0262645639,203.31459,0.186
92368.246867,-0.391518631,-0.0243002666,196.719199,0.186
92368.251035,-0.394358284,-0.0282625474,202.183993,0.186
92368.255203,-0.399117657,-0.0263590138,194.554976,0.186
92368.259372,-0.384777532,-0.0312653142,151.033309,0.186
92368.263540,-0.379817472,-0.0293820351,153.227757,0.186
92368.267709,-0.385751488,-0.0284034076,253.804534,0.186
92368.271877,-0.381091003,-0.0276723812,268.630009,0.186
92368.276046,-0.38284541,-0.0273063447,255.971676,0.186
92368.280214,-0.389042702,-0.0340153176,171.194496,0.186
92368.284382,-0.400753217,-0.0255209783,176.010622,0.186
92368.288551,-0.397899835,-0.027371682,245.492323,0.186
92368.292719,-0.400858404,-0.0273958129,258.470624,0.186
92368.296888,-0.399293847,-0.0271044335,268.190355,0.186
92368.301056,-0.398599822,-0.0290845189,242.984272,0.186
92368.305224,-0.393140505,-0.0315710631,224.838754,0.186
92368.309393,-0.395675775,-0.0276062655,237.884631,0.186
92368.313561,-0.393024615,-0.0291926061,244.84624,0.186
92368.317730,-0.400839556,-0.0230859184,198.290127,0.186
92368.321898,-0.405513365,-0.0187625186,191.197437,0.186
92368.328151,-0.406995511,-0.0232535886,165.39223,0.186
92368.334403,-0.41243197,-0.0245043752,233.963094,0.186
92368.338572,-0.402511204,-0.0280688688,208.617129,0.186
92368.342740,-0.401413878,-0.0282305758,202.935182,0.186
92368.346908,-0.399989411,-0.0255096495,198.471973,0.186
92368.351077,-0.409501422,-0.0143822439,204.83334,0.186
92368.355245,-0.415171271,-0.0117358729,203.405335,0.186
92368.359414,-0.418336891,-0.021885282,181.957659,0.186
92368.363582,-0.427208346,-0.0170703836,173.116568,0.186
92368.367750,-0.422077622,-0.0225407329,154.299016,0.186
92368.371919,-0.427258377,-0.0435786847,145.256392,0.186
92368.376087,-0.41926812,-0.0408244578,151.410922,0.186
92368.380256,-0.424690932,-0.020936887,133.732451,0.186
92368.384424,-0.419404305,-0.0323585276,133.204806,0.186
92368.388593,-0.4283817,-0.0280459145,122.628804,0.186
92368.394845,-0.434616328,-0.00693622665,104.046208,0.186
92368.401098,-0.439940637,-0.0265456376,220.585712,0.186
92368.405266,-0.439162186,-0.0197537188,252.529805,0.186
92368.409435,-0.438428449,-0.00657481413,142.026825,0.186
92368.413603,-0.440417073,-0.02621385,140.6513,0.186
92368.417771,-0.440332332,-0.0263441349,120.054949,0.186
92368.421940,-0.435497426,-0.0277600409,121.217521,0.186
92368.428192,-0.437976329,-0.0285880351,135.217936,0.186
92368.434445,-0.443249444,-0.0243871489,202.390558,0.186
92368.438613,-0.44532371,-0.0194602764,146.101556,0.186
92368.442782,-0.455266085,-0.00938098659,148.565667,0.186
92368.446950,-0.459529005,-0.00719884064,151.909429,0.186
92368.451119,-0.456078861,-0.0217719493,181.584258,0.186
92368.455287,-0.45845911,-0.0213275437,177.747498,0.186
92368.461540,-0.446077347,-0.0246233603,110.060031,0.186
92368.467792,-0.453055684,-0.0173106336,211.065236,0.186
92368.471961,-0.45035701,-0.0126044342,209.559656,0.186
92368.476129,-0.453089424,-0.0079430318,212.797822,0.186
92368.480297,-0.460380591,-0.0186328305,152.880703,0.186
92368.484466,-0.472334774,-0.01501825,149.804474,0.186
92368.488634,-0.465389043,-0.0075062697,206.011763,0.186
92368.492803,-0.471471204,-0.0224117444,211.484753,0.186
92368.496971,-0.463505157,-0.0176016844,206.242466,0.186
92368.501139,-0.468116518,-0.00433431995,203.048243,0.186
92368.505308,-0.456977965,-0.0131433356,198.729504,0.186
92368.509476,-0.464664805,-0.00652719816,223.948076,0.186
92368.513645,-0.468053403,0.0011903219,214.215097,0.186
92368.517813,-0.463884515,-0.000177180181,220.020109,0.186
92368.521981,-0.474446463,0.00434674781,165.23296,0.186
92368.526150,-0.47584284,0.012072872,161.847797,0.186
92368.530318,-0.475697226,0.00786087528,108.919922,0.186
92368.534487,-0.478245969,0.0103150376,112.386967,0.186
92368.538655,-0.472710272,0.000791498725,97.7278193,0.186
92368.542823,-0.468288342,-0.00911836444,98.0565703,0.186
92368.546992,-0.46312756,-0.0203683872,98.0779573,0.186
92368.551160,-0.474104984,0.0123026568,151.666316,0.186
92368.555329,-0.478625407,0.0112322572,149.619165,0.186
92368.559497,-0.488929781,0.0192865482,144.576877,0.186
92368.563666,-0.497645609,0.0261076603,146.79758,0.186
92368.567834,-0.505088153,0.0224859318,147.19736,0.186
92368.572002,-0.476983465,0.0135605479,137.720097,0.186
92368.576171,-0.473523777,0.0127950899,134.206427,0.186
92368.580339,-0.476580349,0.0240274829,204.056527,0.186
92368.584508,-0.464357377,0.0293283951,185.343549,0.186
92368.588676,-0.488699751,0.0315922204,143.877313,0.186
92368.592844,-0.485317913,0.034894489,145.189008,0.186
92368.597013,-0.468897897,0.0467878705,139.1899,0.186
92368.601181,-0.491336819,0.0493214605,117.08124,0.186
92368.605350,-0.474418567,0.0473757164,114.54338,0.186
92368.609518,-0.483811717,0.0334910198,78.9073298,0.186
92368.613686,-0.482609818,0.0453482214,79.1173512,0.186
92368.617855,-0.488861941,0.0285726709,78.7698322,0.186
92368.622023,-0.50038376,0.0240563294,139.925069,0.186
92368.626192,-0.495313572,0.0422188052,133.281071,0.186
92368.630360,-0.469025746,0.0410883365,94.2518897,0.186
92368.634528,-0.461743657,0.0287474741,93.8053898,0.186
92368.638697,-0.476469573,0.0410718097,72.0573894,0.186
92368.642865,-0.477819795,0.0580591204,71.8132879,0.186
92368.647034,-0.484859127,0.0658931844,71.3899699,0.186
92368.651202,-0.48872625,0.0685207783,110.692842,0.186
92368.655370,-0.48840797,0.0928941865,116.045714,0.186
92368.659539,-0.471782671,0.0428363082,107.226291,0.186
92368.663707,-0.463297485,0.0665298202,109.159944,0.186
92368.667876,-0.461109434,0.0625159966,109.965275,0.186
92368.672044,-0.46687781,0.0506527497,119.9808,0.186
92368.676213,-0.468098209,0.0606720989,121.228417,0.186
92368.680381,-0.473845222,0.0581981224,109.523693,0.186
92368.684549,-0.477368281,0.0705177116,112.132054,0.186
92368.688718,-0.474205396,0.0640007223,167.511759,0.186
92368.692886,-0.477278147,0.0539205947,154.900076,0.186
92368.697055,-0.471479624,0.0661670556,168.211065,0.186
92368.701223,-0.453712217,0.0661533158,169.181882,0.186
92368.705391,-0.44961819,0.072600526,179.994542,0.186
92368.709560,-0.457940035,0.081086626,163.979308,0.186
92368.713728,-0.466022885,0.0791716739,161.526599,0.186
92368.717897,-0.465191894,0.0740658534,162.082506,0.186
92368.722065,-0.464799196,0.0643236912,162.468742,0.186
92368.726233,-0.455715027,0.0480628528,158.676712,0.186
92368.730402,-0.449392906,0.0732362363,154.457516,0.186
92368.734570,-0.432765114,0.068072886,151.487961,0.186
92368.738739,-0.443036789,0.0536153856,97.5232701,0.186
92368.742907,-0.448728389,0.0706983722,97.0168037,0.186
92368.747075,-0.448104983,0.0770291481,97.2303023,0.186
92368.751244,-0.452753546,0.0660585563,106.829735,0.186
92368.755412,-0.458616337,0.0611673701,108.977388,0.186
92368.759581,-0.429997445,0.064424851,76.15141,0.186
92368.763749,-0.420354211,0.0586194014,76.7615468,0.186
92368.767917,-0.418793054,0.0484236525,76.6757711,0.186
92368.772086,-0.422482789,0.056379028,89.1372873,0.186
92368.776254,-0.421950553,0.0569781931,88.6100197,0.186
92368.780423,-0.420422767,0.0566333929,95.4807101,0.186
92368.784591,-0.409203522,0.0542765318,96.3598918,0.186
92368.788759,-0.412862759,0.0479318356,119.037392,0.186
92368.792928,-0.408002319,0.0684957734,117.977261,0.186
92368.797096,-0.40811039,0.0655360181,118.389852,0.186
92368.801265,-0.401740832,0.0421266056,190.422163,0.186
92368.805433,-0.414940039,0.0524896721,191.946203,0.186
92368.809601,-0.400630269,0.04851701,126.750121,0.186
92368.813770,-0.387868348,0.0301926512,126.079717,0.186
92368.817938,-0.372976206,0.0194277902,126.36568,0.186
92368.822107,-0.378955289,0.0412876927,277.806229,0.186
92368.826275,-0.372143185,0.0328889459,279.383565,0.186
92368.830443,-0.376352232,0.0332306746,170.151854,0.186
92368.834612,-0.380267978,0.0395611289,170.543563,0.186
92368.838780,-0.374052487,0.0293152239,222.720915,0.186
92368.842949,-0.362269514,0.0208907295,217.992058,0.186
92368.847117,-0.359972676,0.0165867774,216.782128,0.186
92368.851286,-0.356719723,0.0202161939,252.95099,0.186
92368.855454,-0.344509105,0.0161396317,277.731979,0.186
92368.861706,-0.350770304,0.0221625277,159.73183,0.186
92368.867959,-0.347339504,0.020624511,204.822234,0.186
92368.872128,-0.349806821,0.0171606996,241.72004,0.186
92368.876296,-0.333352555,0.0176695593,258.528082,0.186
92368.880464,-0.341208896,0.0127988697,296.027747,0.186
92368.884633,-0.330473582,0.0248434687,324.931768,0.186
92368.888801,-0.327166214,0.0216096344,201.936859,0.186
92368.892970,-0.322949407,0.00847895135,212.197668,0.186
92368.897138,-0.317230498,0.0241965269,199.315137,0.186
92368.901306,-0.322003034,0.0114150844,134.325092,0.186
92368.905475,-0.321511483,0.0140482903,135.733986,0.186
92368.909643,-0.320013772,0.0154257824,176.460574,0.186
92368.913812,-0.324701063,0.00295574199,176.445631,0.186
92368.917980,-0.319516722,0.000282368634,180.834598,0.186
92368.922148,-0.314601429,0.0110533386,266.035612,0.186
92368.926317,-0.310242554,0.00831575197,284.819046,0.186
92368.930485,-0.30643359,0.00647733056,163.052584,0.186
92368.934654,-0.308701468,0.00572873398,164.745782,0.186
92368.938822,-0.30548149,0.0202741844,161.524764,0.186
92368.942991,-0.303319508,0.0153643202,191.602108,0.186
92368.947159,-0.300313478,0.0111709464,197.945816,0.186
92368.951327,-0.297306292,0.0133591508,333.569759,0.186
92368.955496,-0.29614135,0.0089351584,330.955525,0.186
92368.959664,-0.300052912,0.00380967873,221.222779,0.186
92368.963833,-0.302514175,0.00889726393,222.759452,0.186
92368.968001,-0.302581212,0.00848175374,227.218836,0.186
92368.972169,-0.299187071,0.00139493433,341.692411,0.186
92368.976338,-0.296570584,0.00687042256,328.721487,0.186
92368.980506,-0.29769273,0.00540836302,364.821505,0.186
92368.984675,-0.292630139,0.00341662403,357.114069,0.186
92368.988843,-0.295929012,0.00637382713,351.859571,0.186
92368.993011,-0.290568428,0.00428755791,311.526181,0.186
92368.997180,-0.291386223,0.00401759459,326.905921,0.186
92369.001348,-0.292531031,0.00576781568,339.991335,0.186
92369.005517,-0.28688901,0.00129905789,344.640139,0.186
92369.009685,-0.291049771,0.00294569679,344.602941,0.186
92369.013853,-0.286608219,-1.45152496e-06,311.872637,0.186
92369.018022,-0.289922849,-0.000336241131,299.528855,0.186
92369.022190,-0.292310417,0.00165670071,313.640999,0.186
92369.026359,-0.291064318,6.98755714e-06,337.197381,0.186
92369.030527,-0.288625107,-0.00172521611,334.65674,0.186
92369.034695,-0.289487354,0.000996965365,339.197704,0.186
92369.038864,-0.27954067,0.000769472119,340.287214,0.186
92369.043032,-0.287990004,0.00403197544,334.839155,0.186
92369.047201,-0.286753154,0.00573961838,341.55967,0.186
92369.051369,-0.285853326,-0.000562036152,286.224988,0.186
92369.055537,-0.290080895,-0.00453692569,285.935001,0.186
92369.059706,-0.289220282,-0.00059260466,355.983807,0.186
92369.063874,-0.286481789,-0.00505106123,328.090596,0.186
92369.068043,-0.288322066,0.000678906323,322.125839,0.186
92369.072211,-0.286404041,0.00448586597,298.793662,0.186
92369.076379,-0.284556914,0.00374544309,288.738484,0.186
92369.080548,-0.291895913,0.00378850149,290.176221,0.186
92369.084716,-0.287190293,-0.00330409748,292.655326,0.186
92369.088885,-0.292092943,-0.000672989425,285.478993,0.186
92369.093053,-0.293109347,0.00116605841,318.304768,0.186
92369.097221,-0.289986244,-0.00247587335,298.488866,0.186
92369.101390,-0.295522791,-0.00206137012,302.730458,0.186
92369.105558,-0.29759234,-0.000884949821,319.897674,0.186
92369.109727,-0.300553033,0.0040402742,319.308069,0.186
92369.113895,-0.299013544,-0.00327930767,320.676348,0.186
92369.118064,-0.300626737,0.00487968174,331.483543,0.186
92369.122232,-0.300108033,0.00541059032,266.355012,0.186
92369.126400,-0.296762557,0.00741769966,257.781754,0.186
92369.130569,-0.298673173,0.00903420283,304.220583,0.186
92369.134737,-0.2981408,0.00809327105,287.402459,0.186
92369.138906,-0.299585949,0.00858748807,296.523825,0.186
92369.143074,-0.303502054,0.0109461238,321.381813,0.186
92369.147242,-0.308667916,0.00846979401,335.622385,0.186
92369.151411,-0.303980095,2.51961464e-06,330.11093,0.186
92369.155579,-0.309468604,0.00624840046,338.838321,0.186
92369.159748,-0.308768988,0.00665766139,284.591243,0.186
92369.163916,-0.306258922,0.00704051072,290.525107,0.186
92369.168084,-0.311880136,0.0140090865,287.899388,0.186
92369.172253,-0.307227286,0.00978577349,363.072252,0.186
92369.176421,-0.312648858,0.0151653429,333.478319,0.186
92369.180590,-0.312148037,0.00833508154,268.542223,0.186
92369.184758,-0.320513883,0.0059482631,258.467859,0.186
92369.188926,-0.315123977,0.0119212286,260.077209,0.186
92369.193095,-0.315074721,0.00823440531,263.945536,0.186
92369.197263,-0.315211804,0.00715845114,263.492996,0.186
92369.201432,-0.317133021,0.00672512285,337.646639,0.186
92369.205600,-0.316644714,0.00303842437,347.498594,0.186
92369.209768,-0.322349938,0.00565055672,277.872968,0.186
92369.213937,-0.321887058,0.00843017142,268.93022,0.186
92369.218105,-0.331074993,0.00475484253,261.446895,0.186
92369.222274,-0.324479879,3.2540232e-05,238.728718,0.186
92369.226442,-0.33181177,0.00267336023,231.349279,0.186
92369.230611,-0.326517406,0.00624986102,135.572605,0.186
92369.234779,-0.319790721,0.00866945932,136.927535,0.186
92369.238947,-0.316504954,0.00443298394,136.497737,0.186
92369.243116,-0.311973193,0.0172168533,215.993831,0.186
92369.247284,-0.313048616,0.00945823234,218.672404,0.186
92369.251453,-0.320218033,0.000273422258,176.224805,0.186
92369.255621,-0.321150672,0.0153333715,173.460218,0.186
92369.259789,-0.321637196,0.0145112034,128.523501,0.186
92369.263958,-0.324027766,0.011362056,126.584721,0.186
92369.268126,-0.317139574,0.0113804511,126.841781,0.186
92369.272295,-0.318463522,0.00760670531,97.6765959,0.186
92369.276463,-0.322840071,0.00736372019,97.1909205,0.186
92369.280631,-0.320541019,0.00118192673,153.087306,0.186
92369.284800,-0.324810438,-0.013237706,152.599801,0.186
92369.288968,-0.330118527,0.00506264197,152.423247,0.186
92369.293137,-0.330345055,0.00511313319,236.577289,0.186
92369.297305,-0.329797708,-0.00532416035,224.033275,0.186
92369.301473,-0.326312927,0.000550330569,110.917395,0.186
92369.305642,-0.332739564,-0.00583227813,109.858315,0.186
92369.309810,-0.392359638,-0.0137035396,67.2779515,0.186
92369.313979,-0.362181797,-0.0196968115,66.898759,0.186
92369.318147,-0.248592221,0.010680066,67.820579,0.186
92369.322315,-0.37841049,-0.0576243557,36.8811767,0.186
92369.326484,-0.390447958,0.0422059734,36.9119069,0.186
92369.330652,-0.308956146,-0.00450744734,74.1533835,0.186
92369.334821,-0.337627844,0.000124560283,73.8998102,0.186
92369.338989,-0.352910254,0.0194361763,73.4357769,0.186
92369.343157,-0.34128089,0.027184149,262.136733,0.186
92369.347326,-0.355828643,0.00957943516,257.608028,0.186
92369.351494,-0.350086997,0.00567310003,51.7186244,0.186
92369.355663,-0.337699411,-0.00349085391,51.9325869,0.186
92369.359831,-0.339438577,-0.00606322265,51.9379105,0.186
92369.364000,-0.346136743,-0.00286283121,38.1765976,0.186
92369.368168,-0.344534101,-0.0394931743,38.2969944,0.186
92369.372336,-0.35464671,-0.0318776178,49.7140589,0.186
92369.376505,-0.376214851,-0.00450039253,49.4767194,0.186
92369.380673,-0.366092543,-0.00266321485,150.252925,0.186
92369.384842,-0.352541303,-0.0357161172,150.316197,0.186
92369.389010,-0.356608108,0.0018531368,154.336978,0.186
92369.393178,-0.334779382,-0.0172462614,135.659884,0.186
92369.397347,-0.318262493,-0.00933251602,139.670177,0.186
92369.401515,-0.353478233,0.0110954817,141.899021,0.186
92369.405684,-0.342125431,0.00702566801,142.717977,0.186
92369.409852,-0.3585088,0.00735316719,138.5256,0.186
92369.414020,-0.343324462,-0.0101879117,207.785072,0.186
92369.418189,-0.3483084,-0.0139696896,205.454153,0.186
92369.422357,-0.337049098,0.00102061981,165.946783,0.186
92369.426526,-0.32616997,-0.0214861483,163.69308,0.186
92369.430694,-0.340278328,-0.0196958104,95.0952595,0.186
92369.434862,-0.338807672,-0.00239613787,96.5222744,0.186
92369.439031,-0.333874167,-0.00770489602,96.7614272,0.186
92369.443199,-0.326315542,-0.0031127977,70.2549362,0.186
92369.447368,-0.314794767,0.00429706763,70.5165148,0.186
92369.451536,-0.31726195,0.00703338574,153.946664,0.186
92369.455704,-0.318323652,0.0246184786,153.721239,0.186
92369.459873,-0.310427401,-3.98623905e-05,154.202718,0.186
92369.464041,-0.311036241,0.00906331248,154.932166,0.186
92369.468210,-0.31485115,0.00336100338,155.034618,0.186
92369.472378,-0.306281975,-0.0140572186,127.99807,0.186
92369.476546,-0.309821338,-0.00823604951,126.559205,0.186
92369.480715,-0.308735478,-0.00246646067,220.192479,0.186
92369.484883,-0.311565978,-0.0133863415,217.111164,0.186
92369.489052,-0.30811501,-0.0120502784,221.216702,0.186
92369.493220,-0.30584354,-0.00214877331,300.277208,0.186
92369.497389,-0.299129781,-0.00457267584,288.229385,0.186
92369.501557,-0.29119222,0.000728356225,245.674484,0.186
92369.505725,-0.289936177,-0.0009875018,246.30779,0.186
92369.509894,-0.286128328,0.00737533715,252.476569,0.186
92369.514062,-0.292061711,-0.00547777656,274.338385,0.186
92369.518231,-0.292709884,-0.00175065461,275.644109,0.186
92369.522399,-0.290702043,-0.00451557667,304.793431,0.186
92369.526567,-0.289350936,-0.0059641999,277.033948,0.186
92369.530736,-0.285216345,0.000835911175,288.949965,0.186
92369.534904,-0.283334411,0.00162371216,327.347941,0.186
92369.539073,-0.282947974,0.00458910294,324.407957,0.186
92369.543241,-0.275696205,0.000799940873,305.556637,0.186
92369.547409,-0.277864536,0.00308162325,303.988907,0.186
92369.551578,-0.276509445,-0.000387186051,299.074615,0.186
92369.555746,-0.273938238,0.000493927808,291.047099,0.186
92369.559915,-0.278457086,-0.00431531694,289.508897,0.186
92369.564083,-0.275923873,-0.000347880969,286.046073,0.186
92369.568251,-0.277743183,-0.0035971015,280.310575,0.186
92369.572420,-0.275037456,-0.000712154752,306.880733,0.186
92369.576588,-0.270363238,0.00122575601,319.491811,0.186
92369.580757,-0.271136813,-0.00601794415,320.441665,0.186
92369.584925,-0.269250964,-0.00846763441,320.62205,0.186
92369.589094,-0.265206561,0.00327115201,325.856684,0.186
92369.593262,-0.266091946,-0.00305036788,285.893418,0.186
92369.597430,-0.257776661,-0.00181049191,280.917374,0.186
92369.601599,-0.265972355,0.000828416555,248.909533,0.186
92369.605767,-0.261462279,-0.00729595335,257.039449,0.186
92369.609936,-0.26052703,-0.00373157901,237.255352,0.186
92369.614104,-0.262706262,-0.00505268443,243.077996,0.186
92369.618272,-0.259414855,-0.011105886,230.254071,0.186
92369.622441,-0.256901938,-0.00662336168,286.329487,0.186
92369.626609,-0.254865936,-0.00546194152,314.76124,0.186
92369.630778,-0.253643278,-0.00626217249,294.713729,0.186
92369.634946,-0.252908352,-0.00214917107,317.189229,0.186
92369.639114,-0.252070857,-0.00247658583,307.707523,0.186
92369.643283,-0.248788085,-0.0037761249,319.183165,0.186
92369.647451,-0.249179732,-0.00501553818,330.562,0.186
92369.651620,-0.249093603,-0.00488509729,352.250839,0.186
92369.655788,-0.247663127,-0.00573739939,326.114837,0.186
92369.659956,-0.249977002,-0.00494948589,315.985483,0.186
92369.664125,-0.246872429,-0.00546823361,332.080082,0.186
92369.668293,-0.248226866,-0.00444078147,365.045732,0.186
92369.672462,-0.24575263,-0.00549773438,372.053578,0.186
92369.676630,-0.246852079,-0.0044936811,351.59382,0.186
92369.680798,-0.247272221,-0.00493573744,360.130842,0.186
92369.684967,-0.244970057,-0.00582912548,370.370907,0.186
92369.689135,-0.246925736,-0.00306119162,366.785664,0.186
92369.693304,-0.246311141,-0.0036363349,356.332859,0.186
92369.697472,-0.245253831,-0.00214284289,385.218544,0.186
92369.701640,-0.247315249,-0.00196701732,363.198346,0.186
92369.705809,-0.246383082,-0.00110474982,361.75966,0.186
92369.709977,-0.247447243,-0.000939266477,359.083872,0.186
92369.714146,-0.247083468,-0.000587343221,356.249939,0.186
92369.718314,-0.248987915,-0.00132203002,325.427953,0.186
92369.722482,-0.248252435,-0.000165112855,377.021279,0.186
92369.726651,-0.249059005,-0.00169946773,379.537485,0.186
92369.730819,-0.25002199,-0.000526516448,324.66747,0.186
92369.734988,-0.251036341,-0.00147841411,341.217503,0.186
92369.739156,-0.254554189,-0.00012475283,329.361905,0.186
92369.743325,-0.254305698,-0.000293451418,333.131837,0.186
92369.747493,-0.257401918,-0.00119719518,314.574683,0.186
92369.751661,-0.256459057,-0.00197594401,314.67753,0.186
92369.755830,-0.258994016,-0.00308843292,300.415795,0.186
92369.759998,-0.26142804,-0.00347795707,287.590668,0.186
92369.764166,-0.260478808,-0.00466064273,307.304471,0.186
92369.768335,-0.26090489,-0.00781612443,297.043926,0.186
92369.772503,-0.262336443,-0.00862118605,289.851137,0.186
92369.776672,-0.263874863,-0.00593394157,300.162005,0.186
92369.780840,-0.269480855,-0.00828534712,292.144158,0.186
92369.785009,-0.270046238,-0.00677368354,292.232414,0.186
92369.789177,-0.274652792,-0.00672893856,295.432509,0.186
92369.793345,-0.272756342,-0.0107073707,309.421669,0.186
92369.797514,-0.276083331,-0.010592229,306.353385,0.186
92369.801682,-0.27428069,-0.0101893005,304.01582,0.186
92369.805851,-0.272441008,-0.0126761578,314.449868,0.186
92369.810019,-0.27628597,-0.00899259081,306.33687,0.186
92369.814187,-0.278485313,-0.0105177541,282.417379,0.186
92369.818356,-0.281902859,-0.00845513829,269.228403,0.186
92369.822524,-0.285929705,-0.010790626,266.010668,0.186
92369.826693,-0.29032022,-0.00729836968,273.795011,0.186
92369.830861,-0.292461107,-0.00756355537,276.140082,0.186
92369.835029,-0.290260864,-0.0111990247,338.375678,0.186
92369.839198,-0.295125118,-0.00896629251,364.395559,0.186
92369.843366,-0.295023204,-0.00743741316,361.317516,0.186
92369.847535,-0.293713904,-0.00743758141,356.995007,0.186
92369.851703,-0.297629704,-0.00259868279,375.805042,0.186
92369.855872,-0.296422258,-0.00522080054,340.725106,0.186
92369.860040,-0.301507387,-0.00263895939,336.887525,0.186
92369.864208,-0.304824618,-0.0060451642,288.516922,0.186
92369.868377,-0.308962879,-0.00729494322,296.104303,0.186
92369.872545,-0.310071998,-0.00758622502,344.757267,0.186
92369.876714,-0.311740041,-0.00683377166,359.183937,0.186
92369.880882,-0.313308824,-0.00649483701,340.626192,0.186
92369.885050,-0.310107041,-0.00560251316,296.827022,0.186
92369.889219,-0.307384698,-0.00455917042,306.196381,0.186
92369.893387,-0.312027911,-0.00805976559,298.369834,0.186
92369.897556,-0.311822176,-0.0117469407,301.800513,0.186
92369.901724,-0.318266995,-0.00909033802,245.170413,0.186
92369.905892,-0.320492999,-0.0126715455,268.489477,0.186
92369.910061,-0.322801061,-0.0091080734,272.75215,0.186
92369.914229,-0.32470005,-0.0085052475,308.703745,0.186
92369.918398,-0.323989971,-0.00693605383,342.43374,0.186
92369.922566,-0.321414685,-0.00779296824,338.135134,0.186
92369.926734,-0.32378842,-0.00880165152,297.245499,0.186
92369.930903,-0.320203634,-0.00958693702,311.148281,0.186
92369.935071,-0.322351589,-0.00754330204,331.959021,0.186
92369.939240,-0.322562573,-0.00645282777,316.0114,0.186
92369.943408,-0.322047013,-0.00875725706,303.957977,0.186
92369.947576,-0.326612924,-0.00572117269,311.171907,0.186
92369.951745,-0.32359958,-0.0106821984,304.579073,0.186
92369.955913,-0.327028776,-0.00738393789,280.487824,0.186
92369.960082,-0.327933862,-0.00991157666,282.319935,0.186
92369.964250,-0.320897073,-0.0074642253,299.341887,0.186
92369.968419,-0.320626053,-0.00575677943,289.004818,0.186
92369.972587,-0.321136052,-0.00569781916,266.784677,0.186
92369.976755,-0.322190288,0.000191032623,278.097072,0.186
92369.980924,-0.320794062,-0.00114408728,265.562246,0.186
92369.985092,-0.323531614,-0.000405782325,294.138444,0.186
92369.989261,-0.3173559,-0.00501240249,333.242583,0.186
92369.993429,-0.319404844,-0.00016544202,340.497534,0.186
92369.997597,-0.317947214,-0.00248465945,337.339964,0.186
92370.001766,-0.31753193,0.00168163638,332.235542,0.186
92370.005934,-0.316846494,-0.00124523175,325.773953,0.186
92370.010103,-0.315513458,-1.47261809e-05,349.6098,0.186
92370.014271,-0.310939325,-0.00515632142,308.614578,0.186
92370.018439,-0.31083752,-0.00170586839,314.465198,0.186
92370.022608,-0.311509922,0.000932069984,279.953261,0.186
92370.026776,-0.307520805,-0.00145347435,276.792995,0.186
92370.030945,-0.309435749,-0.00186019188,287.663437,0.186
92370.035113,-0.311594389,-0.00070612123,337.63833,0.186
92370.039281,-0.311381029,-0.00264770703,349.707342,0.186
92370.043450,-0.303529667,-0.00513775456,273.537421,0.186
92370.047618,-0.303058358,-0.00365191834,311.352003,0.186
92370.051787,-0.302286199,-0.00455587089,361.002885,0.186
92370.055955,-0.297237829,-0.00693475773,341.96779,0.186
92370.060123,-0.300032209,-0.00247079684,337.446665,0.186
92370.064292,-0.298923197,-0.00886912758,270.15926,0.186
92370.068460,-0.305672299,-0.0032287816,271.309112,0.186
92370.072629,-0.300342615,-0.00763852525,360.106042,0.186
92370.076797,-0.298909223,-0.00802129063,326.135787,0.186
92370.080965,-0.299777721,-0.00610683118,358.673544,0.186
92370.085134,-0.298373919,-0.00627295386,331.455207,0.186
92370.089302,-0.298768087,-0.0015036986,324.763718,0.186
92370.093471,-0.295588648,-0.00575156422,341.562928,0.186
92370.097639,-0.29286777,-0.00530878693,348.890679,0.186
92370.101807,-0.295423265,-0.00378764702,315.473453,0.186
92370.105976,-0.297599607,-0.00551875677,320.143267,0.186
92370.110144,-0.298273171,-0.00385032059,356.096909,0.186
92370.114313,-0.297369563,-0.00677334168,352.17375,0.186
92370.118481,-0.296267514,-0.0107177133,336.647087,0.186
92370.122650,-0.297683502,-0.00512888121,363.602927,0.186
92370.128902,-0.297316519,-0.00614439166,245.816287,0.186
92370.135155,-0.298193523,-0.00760734645,360.477739,0.186
92370.139323,-0.294892963,-0.00396405401,361.844018,0.186
92370.143492,-0.29562542,-0.00677759428,354.959103,0.186
92370.147660,-0.297890785,-0.00305845855,352.676874,0.186
92370.151828,-0.294249537,-0.00550908613,359.800789,0.186
92370.155997,-0.298631781,-0.00235284256,336.851823,0.186
92370.160165,-0.297197165,-0.00393226034,340.490437,0.186
92370.164334,-0.297477873,-0.002546777,326.3126,0.186
92370.168502,-0.297798855,-0.00488267597,322.853556,0.186
92370.172670,-0.297145647,-0.00204597939,347.641759,0.186
92370.176839,-0.294346217,-0.00433359036,363.952018,0.186
92370.181007,-0.294724779,-0.00114486569,342.657037,0.186
92370.185176,-0.29567721,-0.00192351621,349.693014,0.186
92370.189344,-0.294895779,-0.00269457645,369.841149,0.186
92370.193512,-0.295186258,-0.00136392881,322.339957,0.186
92370.197681,-0.294039706,-0.00392383406,349.163012,0.186
92370.201849,-0.295610683,-0.00260097731,346.403341,0.186
92370.206018,-0.296349353,-0.0013042519,331.319123,0.186
92370.210186,-0.297611325,-0.00333973682,333.02161,0.186
92370.214355,-0.292620047,-0.00440983127,342.595261,0.186
92370.218523,-0.29243699,-0.00627960641,325.679787,0.186
92370.222691,-0.290159362,-0.00707585588,344.598675,0.186
92370.226860,-0.287319197,-0.0086335433,380.378783,0.186
92370.231028,-0.290288985,-0.00740724954,367.456525,0.186
92370.235197,-0.292647236,-0.00763870238,270.679336,0.186
92370.239365,-0.294861663,-0.00671840336,278.471233,0.186
92370.243533,-0.296898635,-0.00723648941,345.209694,0.186
92370.247702,-0.293688838,-0.0100231369,332.447213,0.186
92370.251870,-0.297428586,-0.0103492136,339.039856,0.186
92370.256039,-0.292408138,-0.00905402395,348.283376,0.186
92370.260207,-0.293579959,-0.00954728171,354.988119,0.186
92370.264375,-0.290798586,-0.00750078847,349.464284,0.186
92370.268544,-0.293667591,-0.00617041904,351.332005,0.186
92370.272712,-0.295379731,-0.00916743699,339.880035,0.186
92370.276881,-0.298749294,-0.00613098921,347.276551,0.186
92370.281049,-0.299379947,-0.00987914542,344.793957,0.186
92370.285217,-0.297724123,-0.00674531547,342.672833,0.186
92370.289386,-0.297046775,-0.00833904293,331.56511,0.186
92370.293554,-0.29387855,-0.00753021038,302.137957,0.186
92370.297723,-0.292319262,-0.00665666342,308.334859,0.186
92370.301891,-0.291269988,-0.00697524914,294.955635,0.186
92370.306059,-0.291978108,-0.00856300083,319.715072,0.186
92370.310228,-0.293903353,-0.00587250464,323.814235,0.186
92370.314396,-0.297707723,-0.00627714526,270.287031,0.186
92370.318565,-0.2992835,-0.00568850052,274.71474,0.186
92370.322733,-0.297649189,-0.00541027816,355.930539,0.186
92370.326902,-0.296723776,-0.006951209,362.992459,0.186
92370.331070,-0.2966493,-0.00327652295,398.625933,0.186
92370.335238,-0.291918116,-0.00737604848,297.069788,0.186
92370.339407,-0.287515402,-0.00609506604,285.009889,0.186
92370.343575,-0.291312294,-0.006400959,313.411476,0.186
92370.347744,-0.292895191,-0.00531861492,302.199108,0.186
92370.351912,-0.290515058,-0.00620050405,287.551125,0.186
92370.356080,-0.295562212,-0.0045077434,279.004751,0.186
92370.360249,-0.297537489,-0.00541853237,275.057315,0.186
92370.364417,-0.294489345,-0.00628670929,333.791021,0.186
92370.368586,-0.297908686,-0.00675945768,361.046495,0.186
92370.372754,-0.292116952,-0.00902687086,308.649941,0.186
92370.376922,-0.289766163,-0.00980686827,296.316631,0.186
92370.381091,-0.28874076,-0.00981416171,279.705955,0.186
92370.385259,-0.290754887,-0.00747083949,336.081947,0.186
92370.389428,-0.290354407,-0.00814770053,313.287226,0.186
92370.393596,-0.294056734,-0.00520854958,288.00911,0.186
92370.397764,-0.29462522,-0.0113554111,284.678914,0.186
92370.401933,-0.297991221,-0.00752234763,297.21329,0.186
92370.406101,-0.29426686,-0.0117859612,311.378235,0.186
92370.410270,-0.293370074,-0.0117156627,303.608749,0.186
92370.414438,-0.289182581,-0.0085645597,285.776978,0.186
92370.418606,-0.289326359,-0.00784199412,285.960017,0.186
92370.422775,-0.288755785,-0.00597804575,336.833398,0.186
92370.426943,-0.288689897,-0.00510545484,339.714356,0.186
92370.431112,-0.289263805,-0.00321370965,337.347906,0.186
92370.435280,-0.291123186,-0.00476947328,318.52277,0.186
92370.439449,-0.293656917,-0.0034779233,316.506752,0.186
92370.443617,-0.289165493,-0.00441964441,303.180168,0.186
92370.447785,-0.290756859,-0.00569989529,334.969328,0.186
92370.451954,-0.288307377,-0.00514475272,323.315942,0.186
92370.456122,-0.283669164,-0.00393623321,255.425172,0.186
92370.460291,-0.284252433,-0.00155836488,269.596186,0.186
92370.464459,-0.28407918,-0.00233044567,297.514166,0.186
92370.468627,-0.285819635,-0.000477577309,316.605116,0.186
92370.472796,-0.286825399,-0.00366195433,316.388805,0.186
92370.476964,-0.29113964,-0.0028437477,321.838124,0.186
92370.481133,-0.292273735,-0.00204531848,313.068323,0.186
92370.485301,-0.289421903,-0.00284091528,351.878378,0.186
92370.489469,-0.28891412,-0.00188449347,375.271706,0.186
92370.493638,-0.286894322,-0.00295032643,326.920706,0.186
92370.497806,-0.287072455,-0.0018328193,329.71106,0.186
92370.501975,-0.287076789,-0.00386378129,304.347521,0.186
92370.506143,-0.290625704,-0.00346207125,341.788081,0.186
92370.510311,-0.28919437,-0.00552375095,323.916404,0.186
92370.514480,-0.294350876,-0.00219046445,321.813382,0.186
92370.518648,-0.29266564,-0.00656030726,324.268258,0.186
92370.522817,-0.294929704,-0.00623631061,351.146373,0.186
92370.526985,-0.295177001,-0.0105193518,361.908556,0.186
92370.531153,-0.296498472,-0.0104868514,349.110625,0.186
92370.535322,-0.294914842,-0.00552750596,270.194627,0.186
92370.539490,-0.293173154,-0.0101291699,260.176508,0.186
92370.543659,-0.294758027,-0.00546173361,344.755656,0.186
92370.547827,-0.295660032,-0.00443608883,347.374913,0.186
92370.551995,-0.291874327,-0.00701808765,331.628769,0.186
92370.556164,-0.299198576,-0.00747991709,302.438825,0.186
92370.560332,-0.298293933,-0.00936458513,321.158166,0.186
92370.564501,-0.297444325,-0.00910050232,367.180512,0.186
92370.568669,-0.298741202,-0.00623610704,347.657817,0.186
92370.572838,-0.295831314,-0.00613730943,359.405715,0.186
92370.579090,-0.293683928,-0.00465303821,227.563183,0.186
92370.585343,-0.29636768,-0.00188125795,308.597164,0.186
92370.589511,-0.295203555,-0.00182039389,276.875331,0.186
92370.593680,-0.298738106,-0.00360638709,304.46792,0.186
92370.597848,-0.299044896,-2.20209879e-05,312.574119,0.186
92370.602016,-0.294295754,-0.00467994471,304.12904,0.186
92370.606185,-0.294180748,0.000312605257,257.64474,0.186
92370.610353,-0.285773306,-0.000107903898,240.94321,0.186
92370.614522,-0.291125078,0.00243184913,345.544684,0.186
92370.618690,-0.286174219,0.00124374805,353.994753,0.186
92370.622858,-0.282595206,0.000862696132,331.404501,0.186
92370.627027,-0.291457383,-0.00145574555,276.153017,0.186
92370.631195,-0.292212641,-0.00115651738,304.70872,0.186
92370.635364,-0.291672736,-0.00364336562,336.92892,0.186
92370.639532,-0.292642667,-0.00519902506,336.980248,0.186
92370.643700,-0.289459455,-0.00305168597,281.651997,0.186
92370.647869,-0.286139618,-0.000903163814,297.298702,0.186
92370.652037,-0.284068872,-0.00218035823,278.578519,0.186
92370.656206,-0.287703729,0.00174755719,305.328121,0.186
92370.660374,-0.283656831,-0.00139392236,345.926562,0.186
92370.664543,-0.289534097,-0.0013851874,339.385667,0.186
92370.668711,-0.287335474,-0.00336675705,320.649873,0.186
92370.672879,-0.287254439,-0.00581802957,297.304236,0.186
92370.677048,-0.286407104,-0.00711514516,335.373468,0.186
92370.681216,-0.286828337,-0.00444638618,355.815774,0.186
92370.685385,-0.287329761,-0.00503827155,343.59175,0.186
92370.689553,-0.287827793,-0.00254486642,364.303916,0.186
92370.693721,-0.285993199,-0.0056396294,373.084932,0.186
92370.697890,-0.287314892,-0.00515911821,379.65681,0.186
92370.702058,-0.286979574,-0.00503647197,342.261986,0.186
92370.706227,-0.286447001,-0.00931886682,330.953569,0.186
92370.710395,-0.285552038,-0.008458983,340.036907,0.186
92370.714563,-0.286304533,-0.00871308783,359.00902,0.186
92370.718732,-0.285858409,-0.00828455917,341.400006,0.186
92370.722900,-0.28132526,-0.00762426337,316.838141,0.186
92370.727069,-0.28548578,-0.00644966877,339.497576,0.186
92370.731237,-0.279718072,-0.00463374332,340.432291,0.186
92370.735405,-0.283288296,-0.00393571141,308.115202,0.186
92370.739574,-0.28614109,-0.00298127475,315.565222,0.186
92370.743742,-0.285247148,-0.00417356182,363.1168,0.186
92370.747911,-0.290805411,-0.00254797314,363.083162,0.186
92370.752079,-0.287753025,-0.00495862708,331.20449,0.186
92370.756248,-0.283687924,-0.00216421913,301.222903,0.186
92370.760416,-0.286840295,-0.00269169373,289.781401,0.186
92370.764584,-0.283082254,0.00167889904,304.742332,0.186
92370.768753,-0.283285455,0.00092175944,317.198028,0.186
92370.772921,-0.285048196,0.0030246683,305.730144,0.186
92370.777090,-0.285697003,0.000323203669,337.261745,0.186
92370.781258,-0.291940807,0.00222876604,326.229829,0.186
92370.785426,-0.286450707,0.00299560774,366.719124,0.186
92370.789595,-0.290224254,-0.00131040383,385.176925,0.186
92370.793763,-0.288892398,0.00374278972,382.052735,0.186
92370.797932,-0.286699507,-0.00175265446,346.512715,0.186
92370.802100,-0.291720039,0.00244339447,357.228049,0.186
92370.806268,-0.284411878,-0.00147407965,331.136013,0.186
92370.810437,-0.291663124,0.00222522021,360.348297,0.186
92370.814605,-0.290549745,-0.00101898714,327.741598,0.186
92370.818774,-0.293785576,0.000448668801,313.652678,0.186
92370.822942,-0.2944327,-0.00266475406,304.074576,0.186
92370.827110,-0.296016575,-0.00105321892,366.929457,0.186
92370.831279,-0.296535408,-0.00287519929,387.895585,0.186
92370.835447,-0.292837362,-0.00236349495,342.217886,0.186
92370.839616,-0.29478047,-0.00195477035,330.59478,0.186
92370.843784,-0.295629266,-0.000887828977,380.875603,0.186
92370.847953,-0.293141294,-0.0022461998,383.942108,0.186
92370.852121,-0.298197992,-0.00102601324,371.42901,0.186
92370.856289,-0.297777204,-0.00273024059,296.89567,0.186
92370.860458,-0.301740733,-0.00206118867,292.818019,0.186
92370.864626,-0.30043908,-0.000373844988,367.97729,0.186
92370.868795,-0.298814543,-0.0010525874,364.675924,0.186
92370.872963,-0.302647001,9.80491007e-05,361.456563,0.186
92370.877131,-0.298925205,-0.000194152981,346.508322,0.186
92370.881300,-0.304673271,0.000619153273,359.912377,0.186
92370.885468,-0.300026172,-0.002503498,357.549456,0.186
92370.889637,-0.303417585,-0.00232720666,345.202642,0.186
92370.893805,-0.304633825,-0.000511113633,315.679998,0.186
92370.897973,-0.30501054,0.000914937061,330.463519,0.186
92370.902142,-0.309288645,-0.000872829529,319.013872,0.186
92370.906310,-0.302798931,-0.00302435724,325.8321,0.186
92370.910479,-0.304420414,-0.00160561104,360.642347,0.186
92370.914647,-0.302651755,0.00223031798,317.963554,0.186
92370.918815,-0.301781899,0.00454955632,322.908062,0.186
92370.922984,-0.298312044,0.00520788875,313.913406,0.186
92370.927152,-0.303495332,0.00118342985,299.022678,0.186
92370.931321,-0.303410931,0.00280784836,296.527361,0.186
92370.935489,-0.302740359,-0.000277359905,320.443553,0.186
92370.939657,-0.30563493,0.0024027474,301.478475,0.186
92370.943826,-0.295499831,0.00322956448,316.101347,0.186
92370.947994,-0.295132261,0.00678369015,305.990059,0.186
92370.952163,-0.291408724,0.00846979276,310.85889,0.186
92370.956331,-0.289516415,0.00807353925,289.136507,0.186
92370.960499,-0.288807947,0.00833311607,306.171169,0.186
92370.964668,-0.283742631,0.0061341589,293.084335,0.186
92370.968836,-0.284882365,0.00535753085,301.039554,0.186
92370.973005,-0.28023253,0.00516597389,291.097776,0.186
92370.977173,-0.28027238,0.00853593858,333.064569,0.186
92370.981341,-0.278125918,0.00994791385,337.487318,0.186
92370.985510,-0.272968013,0.0101915831,313.243765,0.186
92370.989678,-0.271367828,0.0105308219,330.643546,0.186
92370.993847,-0.269929277,0.0119227929,326.774701,0.186
92370.998015,-0.266232917,0.0123555181,321.892826,0.186
92371.002183,-0.265415652,0.0114310025,292.676397,0.186
92371.006352,-0.262684842,0.0110843893,296.800465,0.186
92371.010520,-0.256569907,0.00788228224,301.331021,0.186
92371.014689,-0.260463752,0.0137947824,315.653521,0.186
92371.018857,-0.255606167,0.011910915,320.940977,0.186
92371.023026,-0.25439195,0.0143194251,332.068485,0.186
92371.027194,-0.252093945,0.0118520251,317.770155,0.186
92371.031362,-0.248354032,0.0127908482,316.261974,0.186
92371.035531,-0.250026162,0.0147648864,342.339126,0.186
92371.039699,-0.245549551,0.0135236593,337.527003,0.186
92371.045952,-0.244521314,0.0156056475,262.643033,0.186
92371.052204,-0.242089288,0.0146683082,360.72272,0.186
92371.056373,-0.241068456,0.0154751519,351.116779,0.186
92371.060541,-0.238227781,0.0152901172,352.107252,0.186
92371.064710,-0.236921335,0.0193872618,361.799546,0.186
92371.068878,-0.235728998,0.0186944827,329.162059,0.186
92371.073046,-0.235918081,0.023694032,339.283491,0.186
92371.077215,-0.233809829,0.0212235729,345.495627,0.186
92371.081383,-0.231770202,0.0205189159,361.372096,0.186
92371.085552,-0.235600248,0.0234085358,315.799319,0.186
92371.089720,-0.229774165,0.0214096617,332.948712,0.186
92371.093888,-0.23441671,0.0249771187,323.61442,0.186
92371.098057,-0.231990064,0.0277211786,363.211838,0.186
92371.102225,-0.227702131,0.0272622285,351.46696,0.186
92371.106394,-0.228128235,0.0282895913,323.130613,0.186
92371.110562,-0.226467044,0.0292498479,356.807329,0.186
92371.114731,-0.223238127,0.0286932884,340.551765,0.186
92371.118899,-0.228055001,0.0325014369,340.144412,0.186
92371.123067,-0.222385753,0.0303048721,379.351177,0.186
92371.127236,-0.226760602,0.0323002376,380.001024,0.186
92371.131404,-0.226263924,0.0292250406,375.287767,0.186
92371.135573,-0.222820629,0.0293150855,385.931936,0.186
92371.139741,-0.22574448,0.0300835429,365.663033,0.186
92371.143909,-0.2215463,0.0272512186,375.345823,0.186
92371.148078,-0.219467027,0.0294093456,324.592722,0.186
92371.152246,-0.218185787,0.0285748891,309.164478,0.186
92371.156415,-0.216773278,0.028786219,360.651647,0.186
92371.160583,-0.214917202,0.0274211189,380.092173,0.186
92371.164751,-0.216791061,0.0265641483,371.220619,0.186
92371.168920,-0.214169951,0.0267107353,378.916049,0.186
92371.173088,-0.21484175,0.0282849669,357.073834,0.186
92371.177257,-0.215585395,0.0266531541,329.988033,0.186
92371.181425,-0.213031261,0.026951964,342.252554,0.186
92371.185594,-0.211237992,0.0258338197,363.823457,0.186
92371.189762,-0.210079539,0.0254108985,361.109519,0.186
92371.193930,-0.206495629,0.0237094772,353.250587,0.186
92371.198099,-0.203300256,0.0260697461,371.655816,0.186
92371.202267,-0.200920123,0.0247467477,360.968914,0.186
92371.206436,-0.200727797,0.0279810056,339.974505,0.186
92371.210604,-0.199224262,0.0273658339,316.042814,0.186
92371.214772,-0.197258154,0.0280001817,390.548919,0.186
92371.218941,-0.19372354,0.0273718637,380.902127,0.186
92371.223109,-0.194486782,0.0292964175,354.270105,0.186
92371.227278,-0.188911937,0.0260743919,358.792119,0.186
92371.231446,-0.184490265,0.0248503686,355.347795,0.186
92371.235614,-0.183403209,0.0263961445,339.278046,0.186
92371.239783,-0.178885051,0.0266949482,345.864643,0.186
92371.243951,-0.177173717,0.0271315678,340.627189,0.186
92371.248120,-0.176752224,0.0281031733,302.507716,0.186
92371.252288,-0.176065349,0.0252879263,315.619282,0.186
92371.256456,-0.171689651,0.024439537,329.249566,0.186
92371.260625,-0.171742003,0.021695698,326.132484,0.186
92371.264793,-0.166749179,0.0234381309,329.752824,0.186
92371.268962,-0.163300377,0.0202477576,313.96415,0.186
92371.273130,-0.163094893,0.0214942112,316.684347,0.186
92371.277298,-0.159983479,0.0207961928,315.270099,0.186
92371.281467,-0.160497891,0.0217694292,298.03552,0.186
92371.285635,-0.158847857,0.0190574484,288.089924,0.186
92371.289804,-0.157967636,0.0160014075,300.379991,0.186
92371.293972,-0.158921174,0.0180833723,293.307259,0.186
92371.298140,-0.153192034,0.0133427184,338.810781,0.186
92371.302309,-0.153276513,0.0137065239,345.796475,0.186
92371.306477,-0.151383917,0.0132247714,337.998624,0.186
92371.310646,-0.149639122,0.0127418391,307.711207,0.186
92371.314814,-0.149941407,0.0120883278,315.900073,0.186
92371.318982,-0.147284262,0.0116677951,343.655592,0.186
92371.323151,-0.147621233,0.0111715328,345.765018,0.186
92371.327319,-0.146359593,0.0105964515,332.0214,0.186
92371.331488,-0.146059716,0.01064161,340.512311,0.186
92371.335656,-0.142888803,0.0117127465,359.583737,0.186
92371.339825,-0.141634695,0.0094619314,331.521658,0.186
92371.343993,-0.142442573,0.011938109,352.145788,0.186
92371.348161,-0.138501147,0.0100631262,374.034572,0.186
92371.352330,-0.139225745,0.0120272982,383.212605,0.186
92371.356498,-0.137795295,0.0105191313,363.896892,0.186
92371.360667,-0.13671819,0.0103133504,367.416316,0.186
92371.364835,-0.13801264,0.0111562821,361.164523,0.186
92371.369003,-0.134288556,0.00910362744,358.458588,0.186
92371.373172,-0.137378391,0.0101759724,350.489431,0.186
92371.377340,-0.132368551,0.00956566664,371.63655,0.186
92371.381509,-0.13216806,0.0118664992,412.507679,0.186
92371.385677,-0.132957533,0.010904095,436.955557,0.186
92371.389845,-0.128686716,0.0117902781,435.497924,0.186
92371.394014,-0.130166481,0.0109276947,429.757455,0.186
92371.398182,-0.127133559,0.0120902994,441.064617,0.186
92371.402351,-0.126843146,0.0110533919,414.231537,0.186
92371.406519,-0.128249585,0.0102692656,427.437552,0.186
92371.410687,-0.125673662,0.00975947008,421.95911,0.186
92371.414856,-0.124155205,0.0110420633,462.300738,0.186
92371.419024,-0.123602297,0.010792447,439.949845,0.186
92371.423193,-0.123776524,0.011393789,446.397492,0.186
92371.429445,-0.121201584,0.0108803774,330.667097,0.186
92371.435698,-0.118962248,0.01114907,428.210954,0.186
92371.439866,-0.118519205,0.0115116163,461.88803,0.186
92371.444035,-0.117332049,0.0106871184,484.688896,0.186
92371.448203,-0.116787618,0.0103521494,429.616642,0.186
92371.452372,-0.116526953,0.0105259748,445.851854,0.186
92371.456540,-0.115365567,0.00969157113,435.515785,0.186
92371.460708,-0.113933882,0.0087210831,449.901726,0.186
92371.464877,-0.113175968,0.0077036976,421.3297,0.186
92371.469045,-0.111769122,0.00919946681,439.73257,0.186
92371.473214,-0.110217421,0.00867448762,443.65248,0.186
92371.477382,-0.10957259,0.00883520748,407.118436,0.186
92371.481550,-0.107233434,0.00927749645,440.748261,0.186
92371.485719,-0.108751849,0.00794777751,430.041197,0.186
92371.489887,-0.105868012,0.00775738682,461.980304,0.186
92371.494056,-0.105168511,0.0076971723,407.549259,0.186
92371.498224,-0.102713467,0.00750459641,459.233239,0.186
92371.502392,-0.102584895,0.00740507015,427.285485,0.186
92371.506561,-0.0999058875,0.00755350319,459.945703,0.186
92371.510729,-0.100279532,0.00834703698,435.236685,0.186
92371.514898,-0.0974950706,0.00794944305,414.588762,0.186
92371.519066,-0.0982820271,0.008079713,423.990359,0.186
92371.523234,-0.0960687907,0.00766607449,413.528729,0.186
92371.527403,-0.0959750606,0.00820164897,429.957209,0.186
92371.531571,-0.0945075576,0.00787823174,408.733529,0.186
92371.535740,-0.0926404539,0.00903376794,454.874283,0.186
92371.539908,-0.0916469812,0.00702330859,425.496007,0.186
92371.544077,-0.0906153436,0.00941879659,461.910275,0.186
92371.548245,-0.0900267955,0.00767958158,431.0705,0.186
92371.552413,-0.0893651868,0.00954924199,428.154635,0.186
92371.556582,-0.0882269724,0.00828828201,406.362993,0.186
92371.560750,-0.0862112205,0.00724054042,439.347673,0.186
92371.564919,-0.0870939167,0.00940270398,442.036454,0.186
92371.569087,-0.0839442566,0.00711200445,428.51753,0.186
92371.573255,-0.0842261438,0.00830659143,467.780154,0.186
92371.577424,-0.0824882915,0.00705686567,414.435688,0.186
92371.581592,-0.0820517097,0.00744193922,404.349777,0.186
92371.585761,-0.0816172761,0.00777938214,447.040148,0.186
92371.589929,-0.0793535678,0.00635558659,453.591087,0.186
92371.594097,-0.078804291,0.00644531221,400.489309,0.186
92371.598266,-0.0776092868,0.00545281386,402.851059,0.186
92371.602434,-0.0780171922,0.00655019828,425.75019,0.186
92371.606603,-0.0742055764,0.00612743422,415.236116,0.186
92371.610771,-0.0764624889,0.00699551594,430.29659,0.186
92371.614939,-0.0730869689,0.00554601537,401.0323,0.186
92371.619108,-0.0714041212,0.00559237763,450.343229,0.186
92371.623276,-0.0725373213,0.00470076111,429.689787,0.186
92371.627445,-0.0708356731,0.00451334281,444.267602,0.186
92371.631613,-0.0714183528,0.00360981734,450.078938,0.186
92371.635782,-0.0719312175,0.00370743867,426.779999,0.186
92371.639950,-0.0695004267,0.00224870118,429.803618,0.186
92371.644118,-0.0704041855,0.00368598894,429.321965,0.186
92371.648287,-0.0684075585,0.00540678097,416.760629,0.186
92371.652455,-0.0654650782,0.0051984679,428.735555,0.186
92371.656624,-0.0674032825,0.00580595817,417.015686,0.186
92371.660792,-0.066000995,0.00427950711,394.611317,0.186
92371.664960,-0.0637910816,0.00416082632,391.229244,0.186
92371.669129,-0.0648916943,0.00400724446,429.064657,0.186
92371.673297,-0.0644654633,0.00272382586,396.588113,0.186
92371.677466,-0.0623584704,0.00458608828,385.586984,0.186
92371.681634,-0.0642754499,0.0056672963,400.334985,0.186
92371.685802,-0.0604938603,0.00603013064,376.58608,0.186
92371.689971,-0.0601683697,0.00573268195,377.107594,0.186
92371.694139,-0.0593367173,0.00659626263,398.278854,0.186
92371.698308,-0.0594312351,0.0049229024,385.291295,0.186
92371.702476,-0.059043447,0.00554186661,414.782979,0.186
92371.706645,-0.0575086093,0.00433340188,363.461335,0.186
92371.710813,-0.0574375275,0.00431372137,403.104428,0.186
92371.714981,-0.0563356414,0.00362269005,403.701971,0.186
92371.719150,-0.0568002321,0.00421409833,375.524277,0.186
92371.723318,-0.0567920407,0.00326132811,412.400928,0.186
92371.729571,-0.0550431763,0.00342145902,448.3482,0.186
92371.735823,-0.0540055696,0.00183177105,390.664199,0.186
92371.739992,-0.0527518114,0.00265611402,386.189441,0.186
92371.744160,-0.0525287824,0.00305074346,406.27522,0.186
92371.748329,-0.0512119821,0.00331696249,396.119439,0.186
92371.752497,-0.0500536204,0.00243254772,387.868918,0.186
92371.756665,-0.051230726,0.00312469118,360.770785,0.186
92371.760834,-0.0485507005,0.00219430803,379.862169,0.186
92371.765002,-0.0500113181,0.00358680744,386.926484,0.186
92371.769171,-0.0470153049,0.00185056723,413.421485,0.186
92371.773339,-0.0470511151,0.0022783947,392.123641,0.186
92371.777507,-0.0463795667,0.00338394544,390.664782,0.186
92371.781676,-0.0440966818,0.00181350463,417.14889,0.186
92371.785844,-0.0462117,0.0036098329,379.578746,0.186
92371.790013,-0.0432786995,0.00291501429,413.46258,0.186
92371.794181,-0.0446505253,0.00291642097,411.900708,0.186
92371.798349,-0.0425648076,0.00373333861,435.752858,0.186
92371.802518,-0.0407830074,0.00311324797,432.86827,0.186
92371.806686,-0.0411056719,0.00429117478,445.401516,0.186
92371.810855,-0.0383516313,0.00384931516,465.72741,0.186
92371.815023,-0.0376242323,0.00471795365,447.1037,0.186
92371.819191,-0.038856048,0.00355874935,437.099272,0.186
92371.823360,-0.038051427,0.00300753968,416.584159,0.186
92371.827528,-0.0361773655,0.00174953491,434.213574,0.186
92371.831697,-0.037684208,0.00197113454,442.730011,0.186
92371.835865,-0.0337796277,0.00204693907,456.904382,0.186
92371.840033,-0.0343000984,0.00159782503,423.787723,0.186
92371.844202,-0.0319937596,0.00248046276,457.104546,0.186
92371.848370,-0.0299159729,0.00184347742,467.119819,0.186
92371.852539,-0.0300901026,0.00257084374,461.608802,0.186
92371.856707,-0.0296828126,0.00227115547,472.462563,0.186
92371.860876,-0.0267986707,0.00093546579,484.315544,0.186
92371.865044,-0.028137272,0.0015393226,462.292684,0.186
92371.869212,-0.0246153136,8.15565957e-05,473.105914,0.186
92371.873381,-0.0257623433,-0.000326579866,482.974106,0.186
92371.877549,-0.0233293793,8.15384883e-05,532.806143,0.186
92371.881718,-0.0228116895,0.00107598327,543.725958,0.186
92371.885886,-0.0203656745,-0.000564714021,547.790195,0.186
92371.890054,-0.0204626812,0.00153078396,528.84652,0.186
92371.894223,-0.0176289886,0.000758336373,578.283853,0.186
92371.898391,-0.0173373372,0.000845553991,555.178902,0.186
92371.902560,-0.0147373934,0.00137033975,596.396314,0.186
92371.906728,-0.0146258826,0.000789920142,605.792157,0.186
92371.910896,-0.0124886063,0.00129570436,726.884309,0.186
92371.915065,-0.0114040341,0.000286222226,736.282731,0.186
92371.919233,-0.0108134684,0.000830026917,723.020769,0.186
92371.923402,-0.00862608446,0.000434688369,823.942873,0.186
92371.927570,-0.00785107738,0.00056507988,859.557397,0.186
92371.931738,-0.00663377155,0.000299788005,992.231884,0.186
92371.935907,-0.00445868262,0.000358840778,1075.00736,0.186
92371.940075,-0.00265955947,0.000713010448,1162.11455,0.186
92371.944244,-0.00166914279,0.000786697313,1226.03862,0.186
92371.948412,-0.000895627215,0.000481221633,1510.5116,0.186
92371.952580,-0.000553315951,0.000521964676,1682.0511,0.186
92371.956749,0.000202718744,0.000244864799,1660.63271,0.186
92371.960917,0.00135750459,0.000163488403,1590.99842,0.186
92371.965086,0.00117413409,-7.04136234e-05,1785.5913,0.186
92371.969254,0.00210522755,0.000642542227,1411.07123,0.186
92371.973423,0.00274489564,0.00064380036,1282.09831,0.186
92371.977591,0.00349661995,-0.000385448775,1316.12277,0.186
92371.981759,0.00687373909,0.000388312292,930.023031,0.186
92371.985928,0.00782571093,-0.000260103048,844.120255,0.186
92371.990096,0.00627955174,0.00166224071,859.177676,0.186
92371.994265,0.00419015892,0.00080142015,1113.02716,0.186
92371.998433,0.00623766816,-0.000131828187,936.821459,0.186
92372.002601,0.00316260384,-0.00035517744,961.94799,0.186
92372.006770,0.00398736585,4.70477274e-05,1068.23829,0.186
92372.010938,0.00409489613,-0.000912994434,1153.21389,0.186
92372.015107,0.00235349786,-0.000678338824,1283.22805,0.186
92372.019275,0.00284401891,0.000189183859,1049.7785,0.186
92372.023443,0.00196536533,0.000524458898,961.747753,0.186
92372.027612,0.00135907443,0.000276591971,1279.20563,0.186
92372.031780,0.0016657381,0.000557601735,1289.38753,0.186
92372.035949,0.000884397695,0.00103245426,1388.28888,0.186
92372.040117,0.00101591227,-0.000489781255,1353.3958,0.186
92372.044285,0.00103218575,-0.000665196756,1334.63008,0.186
92372.048454,0.000654025912,-0.000744431989,1330.03583,0.186
92372.052622,0.000540832029,-0.000729874197,1358.48323,0.186
92372.056791,0.00055960163,-0.000112546138,2107.18925,0.186
92372.060959,0.000386324446,6.33566088e-05,2216.98891,0.186
92372.065128,0.000165288703,-0.000249117733,2088.00197,0.186
92372.069296,0.000560054028,0.000464185601,1378.19138,0.186
92372.073464,0.000474156532,0.00069215766,1367.03326,0.186
92372.077633,0.000118198367,0.000362837123,1933.85217,0.186
92372.081801,0.000567248579,0.000509885044,1902.87512,0.186
92372.085970,0.000507076326,0.000742136799,1900.33089,0.186
92372.090138,-5.70170232e-05,0.000101460188,1467.82202,0.186
92372.094306,-6.56339457e-05,0.000200488942,1664.44371,0.186
92372.098475,9.74794958e-05,0.000486406274,1928.32825,0.186
92372.102643,0.000203077455,0.000506814164,2030.45059,0.186
92372.106812,0.00094920237,0.00094556795,1420.22576,0.186
92372.110980,0.000989236936,0.000881207456,1283.47127,0.186
92372.115148,0.00133724805,0.000869894306,1299.57824,0.186
92372.119317,0.00210313022,0.00087782338,1025.74505,0.186
92372.123485,0.00290180898,0.00111392061,1104.64334,0.186
92372.127654,0.00443006546,0.000800495581,1068.46632,0.186
92372.131822,0.00486082951,0.000656428622,1035.82231,0.186
92372.135990,0.00450896384,0.000188927978,1012.29267,0.186
92372.140159,0.00493181481,0.000753910477,888.927527,0.186
92372.144327,0.00617819915,0.00101679141,1060.27734,0.186
92372.148496,0.00596167864,0.000549272786,933.007761,0.186
92372.152664,0.00628740549,-3.08527035e-05,931.496371,0.186
92372.156833,0.00639914199,-0.000248922155,823.473437,0.186
92372.161001,0.00489740398,-0.000412845598,941.635062,0.186
92372.165169,0.00643334276,-0.00160182926,846.21036,0.186
92372.169338,0.00771804257,3.46556009e-05,700.878774,0.186
92372.173506,0.00668932279,0.000598210283,685.439483,0.186
92372.177675,0.0103690891,-0.000267222406,779.334312,0.186
92372.181843,0.00818509804,0.0013014465,690.97041,0.186
92372.186011,0.0103473776,0.000836963281,725.717897,0.186
92372.190180,0.00957064157,2.13871856e-05,805.921865,0.186
92372.194348,0.0102594596,0.000338702915,768.247421,0.186
92372.198517,0.0101799372,7.39016234e-05,721.571916,0.186
92372.202685,0.00927511012,-0.00046202734,739.991274,0.186
92372.206853,0.00965666098,-0.000554570579,808.025241,0.186
92372.211022,0.0108138975,-0.000486829278,762.97141,0.186
92372.215190,0.0103025567,-0.00085647275,740.511286,0.186
92372.219359,0.0113380574,-0.000932535532,730.675336,0.186
92372.223527,0.0111179613,-0.000227440052,736.983856,0.186
92372.227696,0.0105343961,-0.00076852184,748.988575,0.186
92372.231864,0.0111567945,-0.000178436533,709.905546,0.186
92372.236032,0.0104323231,0.000270618082,703.525253,0.186
92372.240201,0.0102151144,-0.000433642307,684.181397,0.186
92372.244369,0.0115257115,0.000167473101,653.704637,0.186
92372.248538,0.0105966957,-0.000506120518,744.272542,0.186
92372.252706,0.012867082,-0.000115605531,756.903029,0.186
92372.256874,0.00980024873,-0.000857247379,775.763815,0.186
92372.261043,0.00896129889,0.000292834587,791.11346,0.186
92372.265211,0.0100777678,-0.00115941077,780.399762,0.186
92372.269380,0.00852967965,-0.000883420491,778.420692,0.186
92372.273548,0.0090549885,-0.00100982589,796.555928,0.186
92372.277716,0.00999088988,-0.000145303135,675.626974,0.186
92372.281885,0.00863887006,6.97231972e-05,748.494539,0.186
92372.286053,0.0100112099,6.14721934e-06,704.838872,0.186
92372.290222,0.0088654,4.89915348e-05,786.604162,0.186
92372.294390,0.00834521825,-2.42393334e-06,830.610973,0.186
92372.298558,0.00834508868,-0.000758242409,836.863405,0.186
92372.302727,0.00700780519,-0.000801643132,785.684108,0.186
92372.306895,0.00560532406,-0.000609944452,865.219954,0.186
92372.311064,0.00660479628,-0.000945710766,937.128994,0.186
92372.315232,0.0063415193,-0.00114408725,885.215522,0.186
92372.319400,0.00580923023,-0.00010973625,943.08978,0.186
92372.323569,0.00649963915,-0.000325770127,932.987641,0.186
92372.327737,0.00540044921,-0.000266902649,950.495278,0.186
92372.331906,0.00518803005,-9.96492116e-05,1038.52737,0.186
92372.336074,0.00526886796,0.000311415016,966.364624,0.186
92372.340243,0.00479869942,0.000697203437,1009.1666,0.186
92372.344411,0.00406231401,0.000932393413,1163.94882,0.186
92372.348579,0.00493375505,0.000492655166,1095.96135,0.186
92372.352748,0.00454706635,0.000159166655,1092.4168,0.186
92372.356916,0.00451351038,0.000329012028,1151.02969,0.186
92372.361085,0.00435629828,0.000207786933,1227.78834,0.186
92372.365253,0.00391535256,0.000255778545,1232.42507,0.186
92372.369421,0.00451615349,0.000466746302,1095.23922,0.186
92372.373590,0.00438113937,0.000879043055,1034.41224,0.186
92372.377758,0.00414241304,0.000290525965,1094.50546,0.186
92372.381927,0.00434250092,0.000679534389,1056.49149,0.186
92372.386095,0.00416086421,0.000302506378,1043.73767,0.186
92372.390263,0.00368086199,0.000384093748,1121.86252,0.186
92372.394432,0.00319848567,-0.000459820559,1326.05952,0.186
92372.398600,0.0030340492,-0.000547868383,1368.02262,0.186
92372.402769,0.00311766542,-0.000616637767,1257.4504,0.186
92372.406937,0.00338408893,-0.000473580061,1221.95836,0.186
92372.411105,0.00368608658,0.000174316668,1149.17985,0.186
92372.415274,0.00434904845,0.000537836385,1047.02109,0.186
92372.419442,0.00389686405,-0.000238863743,1111.2489,0.186
92372.423611,0.00424495243,-0.00010436125,1116.72396,0.186
92372.427779,0.00454284966,-0.000643616758,983.049379,0.186
92372.431947,0.00452146278,-0.000336508563,903.83937,0.186
92372.436116,0.00404195469,-0.000543877048,1047.25828,0.186
92372.440284,0.00360692551,-0.000208359032,1376.37811,0.186
92372.444453,0.00363624756,-0.000466935682,1124.32953,0.186
92372.448621,0.00387783142,0.000625643028,1141.53333,0.186
92372.452790,0.00432087546,0.000267445825,1050.29466,0.186
92372.456958,0.00429636682,-7.08580821e-05,1064.47313,0.186
92372.461126,0.00450574514,-0.000403803102,1070.54286,0.186
92372.465295,0.00471914743,-3.09893604e-05,1047.52096,0.186
92372.469463,0.00510704745,-0.00016840883,1131.68052,0.186
92372.473632,0.00524160669,0.000112279592,1027.59901,0.186
92372.477800,0.00578337976,-0.000645825892,1023.65617,0.186
92372.481968,0.00630103423,-0.000346542721,986.004311,0.186
92372.486137,0.00622752502,-0.000371855313,1046.67062,0.186
92372.490305,0.00495821331,-0.000542205632,928.630182,0.186
92372.494474,0.00553319799,-0.001431946,776.221313,0.186
92372.498642,0.00619698272,-0.000297948135,784.379006,0.186
92372.502810,0.00543034553,-0.000472801394,971.939774,0.186
92372.506979,0.00667395186,-0.000470936537,818.172581,0.186
92372.511147,0.00693343682,6.40441044e-05,804.134518,0.186
92372.515316,0.00783924942,0.000529561186,778.003389,0.186
92372.519484,0.0079750111,-0.000381276492,894.998691,0.186
92372.523652,0.00811971377,-0.000347413169,851.023899,0.186
92372.527821,0.00766389032,-0.00025272323,840.964325,0.186
92372.531989,0.00811295954,-0.000401290023,873.892763,0.186
92372.536158,0.00756126009,-0.000961739762,847.275171,0.186
92372.540326,0.0083891354,-0.000962764996,796.249777,0.186
92372.544494,0.00885556683,-0.00114681426,713.877487,0.186
92372.548663,0.00957947533,0.000116247313,788.943408,0.186
92372.552831,0.00932083939,-0.000197362646,766.626526,0.186
92372.557000,0.00981037713,-7.53447061e-05,791.490223,0.186
92372.561168,0.00985064958,-0.00104883439,789.992068,0.186
92372.565337,0.00983769428,-0.00029141587,782.803812,0.186
92372.569505,0.0111604862,-0.00135018738,709.723849,0.186
92372.573673,0.0104807916,0.000293228867,681.612297,0.186
92372.577842,0.0109307201,-0.00116792949,711.173429,0.186
92372.582010,0.012282881,-0.000646861634,696.432007,0.186
92372.586179,0.0120926171,-0.000153677773,639.954008,0.186
92372.590347,0.0123458888,-0.000367348899,637.348953,0.186
92372.594515,0.0143023101,-0.000479782696,642.265893,0.186
92372.598684,0.0122179456,-0.000346205019,653.124701,0.186
92372.602852,0.0144154083,-0.00138907093,612.205194,0.186
92372.607021,0.0143421895,-0.00129414506,618.282157,0.186
92372.611189,0.0150909151,-0.00148124844,585.634074,0.186
92372.615357,0.0156453737,-0.00207026754,597.504816,0.186
92372.619526,0.0169057858,-0.00101905761,575.001923,0.186
92372.623694,0.017969208,-0.000804268534,579.991204,0.186
92372.627863,0.0176948114,-0.00194470377,610.580183,0.186
92372.632031,0.0168053397,-0.000991572711,526.255211,0.186
92372.636200,0.0188724716,-0.00118802153,516.454142,0.186
92372.640368,0.0200304385,-0.0024325172,473.980017,0.186
92372.644536,0.0209078809,-0.00196908972,506.123879,0.186
92372.648705,0.0215570853,-0.00202050255,502.993251,0.186
92372.652873,0.0201020784,-0.00158206644,520.56343,0.186
92372.657042,0.0222014374,-0.000386529937,474.108009,0.186
92372.661210,0.0234891587,-0.00153819219,498.661247,0.186
92372.665378,0.0240729221,-0.00155156382,471.180842,0.186
92372.669547,0.024371254,-0.00178129299,483.854017,0.186
92372.673715,0.0244267953,-0.00237396455,490.631403,0.186
92372.677884,0.0244290125,-0.00282511597,492.115388,0.186
92372.682052,0.0237830265,-0.00306531064,478.118897,0.186
92372.686220,0.025907992,-0.00369083619,473.720503,0.186
92372.690389,0.0269664591,-0.000762862971,412.699198,0.186
92372.694557,0.0303167913,-0.0016986529,411.115563,0.186
92372.698726,0.029278671,-0.000346303317,461.443981,0.186
92372.702894,0.0313441056,-0.00203579981,472.351765,0.186
92372.707063,0.0300335788,-0.000506557173,462.199861,0.186
92372.711231,0.0293280154,-0.00340443175,379.304176,0.186
92372.715399,0.0284453765,-0.00415571548,377.225151,0.186
92372.719568,0.0303490941,-0.00377465267,457.42773,0.186
92372.723736,0.0304755505,-0.00340693681,443.054027,0.186
92372.727905,0.0335766956,-0.00439811664,434.581356,0.186
92372.732073,0.0337987524,-0.00133880697,440.367265,0.186
92372.736241,0.0359423809,-0.00164964155,441.291277,0.186
92372.740410,0.0354307723,-0.00313694139,479.161956,0.186
92372.744578,0.0355861477,-0.00183199315,423.152873,0.186
92372.748747,0.0371601591,-0.00277760164,412.420866,0.186
92372.752915,0.03729924,-0.00221235922,453.47225,0.186
92372.757083,0.0372579393,-0.0014791207,410.958905,0.186
92372.761252,0.0409372451,-0.00177368322,397.933561,0.186
92372.765420,0.0417002216,-0.000877812476,408.394523,0.186
92372.769589,0.0419001803,-0.0024286667,420.329391,0.186
92372.773757,0.0438973248,-0.00281856788,422.037734,0.186
92372.777925,0.0439720024,-0.00389981805,391.296602,0.186
92372.782094,0.0466670106,-0.00204112392,394.638392,0.186
92372.786262,0.0463779556,-0.00224587525,383.046044,0.186
92372.790431,0.0474991244,-0.00109815465,411.203153,0.186
92372.794599,0.0489298045,-0.00182191551,376.692093,0.186
92372.798767,0.0492596691,-0.00147437656,392.925818,0.186
92372.802936,0.0497750384,-0.0028031082,392.882347,0.186
92372.807104,0.0509775128,-0.00221238607,392.804663,0.186
92372.811273,0.0542837062,-0.00230272473,405.986935,0.186
92372.815441,0.0531722485,-0.00235246673,396.937203,0.186
92372.819610,0.0552068576,-0.00234692286,422.566731,0.186
92372.823778,0.0564230339,-0.00164391266,416.041505,0.186
92372.827946,0.056035204,-0.00337321913,425.812185,0.186
92372.832115,0.0566274007,-0.00310789205,394.111989,0.186
92372.836283,0.0572191613,-0.00485969224,393.029253,0.186
92372.840452,0.0607284045,-0.00425718422,391.768441,0.186
92372.844620,0.0593144077,-0.00258380661,395.707645,0.186
92372.848788,0.0628034206,-0.00367639337,409.201734,0.186
92372.852957,0.0643381941,-0.00242729385,445.695442,0.186
92372.857125,0.0654495176,-0.00225500429,410.884348,0.186
92372.861294,0.0662247277,-0.00369690692,431.694961,0.186
92372.865462,0.0663585068,-0.00460935981,451.919758,0.186
92372.869630,0.0688314763,-0.00458780503,451.8637,0.186
92372.873799,0.0692366183,-0.00426471584,436.440214,0.186
92372.877967,0.0705620398,-0.00412203189,433.862201,0.186
92372.882136,0.0733123242,-0.00332672899,417.493374,0.186
92372.886304,0.0747566249,-0.00232589129,406.134057,0.186
92372.890472,0.0765238213,-0.00215644298,427.313174,0.186
92372.894641,0.0772407112,-0.00188952651,437.26147,0.186
92372.898809,0.0792239534,-0.00184040625,393.05392,0.186
92372.902978,0.0822444367,-0.00359484221,404.978267,0.186
92372.907146,0.0826212643,-0.00230759353,448.73789,0.186
92372.911315,0.0848849209,-0.00219940574,415.551103,0.186
92372.915483,0.0882463642,-0.00167357117,442.497688,0.186
92372.919651,0.0872226817,-0.0013734485,430.644314,0.186
92372.925904,0.0917723811,-0.00107687506,383.084928,0.186
92372.932157,0.0953738616,-0.00236545792,453.485028,0.186
92372.936325,0.0983212731,-0.00170343883,426.419613,0.186
92372.940493,0.100925493,-0.000331942635,406.550736,0.186
92372.944662,0.102832196,-0.00228832666,424.010101,0.186
92372.948830,0.104983717,7.47322882e-05,420.03857,0.186
92372.952999,0.106421328,-0.000773553372,428.136506,0.186
92372.957167,0.107264239,-0.000287691412,428.592275,0.186
92372.961335,0.110602218,0.000965660794,493.716628,0.186
92372.965504,0.114873405,-0.0034162937,468.74851,0.186
92372.969672,0.114693446,0.00147111905,460.783082,0.186
92372.973841,0.120681369,-0.00404858853,432.985278,0.186
92372.978009,0.117910458,0.00209367965,459.777426,0.186
92372.982177,0.124575494,-0.00276059969,423.931844,0.186
92372.986346,0.123859209,0.00179109752,400.427872,0.186
92372.990514,0.127869653,-0.00161332206,426.133426,0.186
92372.994683,0.127400415,-0.000384824662,406.495965,0.186
92372.998851,0.132335587,-0.00143586854,422.640925,0.186
92373.003019,0.133773378,-0.00242126793,430.555644,0.186
92373.007188,0.135950708,-0.00245143451,435.043854,0.186
92373.011356,0.139432994,-0.00332480496,376.215354,0.186
92373.015525,0.141497426,-0.00310120896,377.449671,0.186
92373.019693,0.14348862,-0.00387135812,381.720552,0.186
92373.023861,0.144184884,-0.00348164338,361.959156,0.186
92373.028030,0.14706281,-0.00518171799,350.042952,0.186
92373.032198,0.148559894,-0.00376815062,373.402405,0.186
92373.036367,0.150537419,-0.00657117191,378.033251,0.186
92373.040535,0.152603391,-0.00545621606,363.951613,0.186
92373.044703,0.156384738,-0.00919834291,355.233572,0.186
92373.048872,0.157215166,-0.00643191639,344.004341,0.186
92373.053040,0.16050197,-0.00931201714,339.846635,0.186
92373.059293,0.162414513,-0.00955738169,348.303734,0.186
92373.065546,0.164690177,-0.010663159,368.347171,0.186
92373.069714,0.165906992,-0.011586133,352.514148,0.186
92373.073882,0.168570323,-0.0124717753,373.753702,0.186
92373.078051,0.169560461,-0.0136857035,333.874203,0.186
92373.082219,0.172169771,-0.0144639884,363.962931,0.186
92373.086388,0.174918925,-0.014138988,374.435812,0.186
92373.090556,0.173185298,-0.0154936358,369.559729,0.186
92373.094724,0.177657079,-0.01561554,374.994982,0.186
92373.098893,0.176952135,-0.0189274679,349.956406,0.186
92373.103061,0.17776103,-0.0170505928,362.250798,0.186
92373.107230,0.181689442,-0.0193006928,355.521839,0.186
92373.111398,0.180233104,-0.0185921212,341.618574,0.186
92373.115567,0.185298564,-0.0195259239,339.454364,0.186
92373.119735,0.182885611,-0.018429422,345.459293,0.186
92373.123903,0.186349664,-0.0213552361,356.538698,0.186
92373.128072,0.184915326,-0.019640663,354.213857,0.186
92373.132240,0.186733795,-0.020844652,346.611941,0.186
92373.136408,0.183986706,-0.0218606993,339.380288,0.186
92373.140577,0.187661887,-0.0207795206,355.812193,0.186
92373.144745,0.188082354,-0.0230997512,355.305045,0.186
92373.148914,0.188264802,-0.0215513408,328.474548,0.186
92373.153082,0.195443813,-0.0231346616,306.954623,0.186
92373.157251,0.192662789,-0.022240981,317.060997,0.186
92373.161419,0.192817302,-0.022170567,358.817565,0.186
92373.165587,0.196155064,-0.0231507194,369.586309,0.186
92373.169756,0.191834918,-0.0247910166,380.684652,0.186
92373.173924,0.196779061,-0.0252467053,359.242733,0.186
92373.178093,0.192795197,-0.0257993289,369.305683,0.186
92373.182261,0.196708305,-0.0252275265,352.439063,0.186
92373.186429,0.199178664,-0.0237247109,353.383931,0.186
92373.190598,0.199242239,-0.0241430459,365.261074,0.186
92373.194766,0.199080026,-0.0223099417,362.930108,0.186
92373.198935,0.200213555,-0.0217804168,339.752309,0.186
92373.203103,0.198322905,-0.0231654398,379.041182,0.186
92373.207271,0.198627809,-0.0235871094,409.07374,0.186
92373.211440,0.199678019,-0.0232978805,382.774596,0.186
92373.215608,0.201310037,-0.0240224814,388.92846,0.186
92373.219777,0.199998844,-0.020218518,348.767379,0.186
92373.223945,0.200707236,-0.0204086456,351.299636,0.186
92373.228114,0.198686678,-0.0196309239,324.157865,0.186
92373.232282,0.197681516,-0.020976622,387.506576,0.186
92373.236450,0.199873749,-0.0221142962,366.26321,0.186
92373.240619,0.198858896,-0.0209422786,369.224211,0.186
92373.244787,0.201189017,-0.0222936397,351.573467,0.186
92373.248956,0.198733678,-0.0198841396,350.401221,0.186
92373.253124,0.19833872,-0.017498795,397.103689,0.186
92373.257292,0.198686826,-0.0199367672,363.041806,0.186
92373.261461,0.193016374,-0.0179988862,360.951227,0.186
92373.265629,0.197677438,-0.0225509191,382.866591,0.186
92373.269798,0.194762279,-0.0204353302,370.931339,0.186
92373.273966,0.197259088,-0.0221239974,399.906237,0.186
92373.278134,0.196290852,-0.0215116376,357.423499,0.186
92373.282303,0.195818672,-0.0201152544,379.792108,0.186
92373.286471,0.194341744,-0.0206467758,402.325525,0.186
92373.290640,0.194039189,-0.0227601419,409.353704,0.186
92373.294808,0.191661041,-0.021890187,376.32198,0.186
92373.298976,0.192030438,-0.0236338468,384.790459,0.186
92373.303145,0.192707346,-0.0228031576,400.117862,0.186
92373.307313,0.195201549,-0.024215315,413.472586,0.186
92373.311482,0.191280208,-0.0231031142,405.750919,0.186
92373.315650,0.192095713,-0.0235171207,416.252755,0.186
92373.319819,0.191919014,-0.022757501,387.285922,0.186
92373.323987,0.191366521,-0.0240227002,331.830804,0.186
92373.328155,0.193240499,-0.0240839227,372.11694,0.186
92373.332324,0.188804654,-0.0224683477,299.485474,0.186
92373.336492,0.187074714,-0.0226923853,334.954278,0.186
92373.340661,0.186731238,-0.0207899208,393.786053,0.186
92373.344829,0.186878583,-0.0230206922,376.506766,0.186
92373.348997,0.186727019,-0.0219099064,366.571768,0.186
92373.353166,0.187379472,-0.022523124,357.987646,0.186
92373.357334,0.1870743,-0.0209384109,340.472805,0.186
92373.361503,0.186994344,-0.0205438259,313.844855,0.186
92373.365671,0.184493134,-0.0175006749,329.976,0.186
92373.369839,0.184427244,-0.0203979413,371.973167,0.186
92373.374008,0.183607929,-0.0193979053,390.04222,0.186
92373.378176,0.180116357,-0.0191998989,382.655087,0.186
92373.382345,0.182946145,-0.0228399587,363.507913,0.186
92373.386513,0.182342876,-0.0205505348,367.343992,0.186
92373.390681,0.183130966,-0.021679761,357.985936,0.186
92373.394850,0.18191329,-0.0198755185,364.027207,0.186
92373.399018,0.184284099,-0.0191282944,373.488451,0.186
92373.403187,0.183667993,-0.0213436056,365.939376,0.186
92373.407355,0.182180611,-0.0207004288,366.564218,0.186
92373.411524,0.180639275,-0.0219593539,350.979512,0.186
92373.415692,0.177076051,-0.0234343065,360.479595,0.186
92373.419860,0.177752649,-0.0222756473,352.633474,0.186
92373.424029,0.178350962,-0.0236685643,379.183432,0.186
92373.428197,0.176655374,-0.0235071286,389.835864,0.186
92373.432366,0.179698466,-0.0222810454,310.343832,0.186
92373.436534,0.18138423,-0.0203663936,317.898991,0.186
92373.440702,0.176292067,-0.0206441973,358.798122,0.186
92373.444871,0.175826533,-0.0189455055,366.649288,0.186
92373.449039,0.176528515,-0.0208984683,368.450708,0.186
92373.453208,0.172663283,-0.0213309595,383.703999,0.186
92373.457376,0.171310762,-0.018714538,365.780305,0.186
92373.461544,0.174564553,-0.0249216326,365.726848,0.186
92373.465713,0.168870836,-0.015592324,351.206217,0.186
92373.469881,0.173933264,-0.0210142315,334.603376,0.186
92373.474050,0.172460144,-0.0179691977,350.566009,0.186
92373.478218,0.174507066,-0.0194477315,329.288503,0.186
92373.482387,0.170626656,-0.0172515768,345.38235,0.186
92373.486555,0.172926063,-0.0163725364,343.086794,0.186
92373.490723,0.170098739,-0.0151741064,364.331355,0.186
92373.494892,0.169009191,-0.0153203885,338.331624,0.186
92373.499060,0.170685338,-0.0157138548,338.968265,0.186
92373.503229,0.167456822,-0.0161063974,358.057912,0.186
92373.507397,0.170422308,-0.0181744475,351.269835,0.186
92373.511565,0.169218441,-0.0163024872,301.027015,0.186
92373.515734,0.171557905,-0.0181649123,313.11405,0.186
92373.519902,0.169479352,-0.0171858056,333.969762,0.186
92373.524071,0.169225457,-0.0144156156,345.954128,0.186
92373.528239,0.17080533,-0.0168318004,349.379466,0.186
92373.532407,0.166424011,-0.0163989414,354.627932,0.186
92373.536576,0.169592994,-0.0201400962,382.8848,0.186
92373.540744,0.165379865,-0.0169498762,350.944449,0.186
92373.544913,0.170251254,-0.0203884125,341.531121,0.186
92373.549081,0.166763035,-0.0193359398,338.244739,0.186
92373.553249,0.168490488,-0.0182311844,313.073422,0.186
92373.557418,0.171458295,-0.019675734,321.40214,0.186
92373.561586,0.166439848,-0.0187560996,342.088088,0.186
92373.565755,0.168691843,-0.0180758471,346.889956,0.186
92373.569923,0.16721613,-0.0207140767,336.477354,0.186
92373.574091,0.165610781,-0.018092665,343.133748,0.186
92373.578260,0.166700111,-0.0200345997,336.966945,0.186
92373.582428,0.16661102,-0.0182155545,318.834018,0.186
92373.586597,0.16684505,-0.0183077552,352.483273,0.186
92373.590765,0.164042036,-0.0171316627,354.389157,0.186
92373.594934,0.166107378,-0.0196506349,324.017099,0.186
92373.599102,0.162062559,-0.0171017136,308.716802,0.186
92373.603270,0.163473335,-0.0179197966,338.993749,0.186
92373.607439,0.159910008,-0.016042785,345.721822,0.186
92373.611607,0.160168418,-0.018236965,368.567782,0.186
92373.615775,0.157328217,-0.018485406,337.464617,0.186
92373.619944,0.158477901,-0.0211265763,319.16788,0.186
92373.624112,0.154943354,-0.0183980494,296.798789,0.186
92373.628281,0.156402257,-0.0200948353,345.419358,0.186
92373.632449,0.154864773,-0.0198621788,339.365778,0.186
92373.636618,0.15154327,-0.0154835354,326.160993,0.186
92373.640786,0.153230447,-0.0207212576,321.227246,0.186
92373.644954,0.147947641,-0.0170306845,363.820021,0.186
92373.649123,0.147266028,-0.0194099796,336.61765,0.186
92373.653291,0.145832448,-0.0174394347,334.877742,0.186
92373.657460,0.146034048,-0.0196067056,320.883395,0.186
92373.661628,0.14438676,-0.0170427705,347.469295,0.186
92373.665796,0.144532191,-0.0159440865,360.830555,0.186
92373.669965,0.143963311,-0.0173477854,364.641542,0.186
92373.674133,0.138591935,-0.0140919965,373.735468,0.186
92373.678302,0.139852253,-0.0148279727,387.686691,0.186
92373.682470,0.133664994,-0.0159228106,416.32367,0.186
92373.686638,0.135326031,-0.0179755145,393.968891,0.186
92373.690807,0.132384133,-0.0129798771,364.647669,0.186
92373.694975,0.133591684,-0.0157799795,343.923338,0.186
92373.699144,0.129428398,-0.0110905068,333.327638,0.186
92373.703312,0.127988852,-0.0137714225,406.267487,0.186
92373.707480,0.127056897,-0.0122298362,426.776853,0.186
92373.711649,0.123281614,-0.0126860304,390.531418,0.186
92373.715817,0.122644751,-0.0151786992,444.730714,0.186
92373.719986,0.120251695,-0.0120643479,406.373885,0.186
92373.724154,0.117296221,-0.0136419021,445.02179,0.186
92373.728323,0.115202802,-0.0100180951,425.189822,0.186
92373.732491,0.113446376,-0.0108344741,467.716451,0.186
92373.736659,0.109356169,-0.0108063997,435.720538,0.186
92373.740828,0.110130784,-0.0108673478,434.698607,0.186
92373.744996,0.106412315,-0.00993746503,439.306439,0.186
92373.749165,0.104161857,-0.00942077315,420.812875,0.186
92373.753333,0.101598081,-0.00749637328,431.800026,0.186
92373.757501,0.0977209694,-0.00803082587,454.903017,0.186
92373.761670,0.0935730871,-0.00747536178,439.898543,0.186
92373.765838,0.0929683679,-0.00791689736,430.233579,0.186
92373.770007,0.0879619512,-0.00677375514,431.832804,0.186
92373.774175,0.0882321992,-0.00636596796,418.220218,0.186
92373.778343,0.0831573583,-0.00627966588,448.738372,0.186
92373.782512,0.081734925,-0.00592923557,450.832985,0.186
92373.786680,0.0775488162,-0.00522578009,443.472241,0.186
92373.790849,0.0735866736,-0.00513591914,443.698939,0.186
92373.795017,0.071527857,-0.00465516136,441.613726,0.186
92373.799185,0.0676230636,-0.00604591792,449.887836,0.186
92373.803354,0.0626051136,-0.00506972448,435.806683,0.186
92373.807522,0.0609152004,-0.00628910282,420.647386,0.186
92373.811691,0.0584064831,-0.00455490203,402.604396,0.186
92373.815859,0.0546765233,-0.00395119885,390.828534,0.186
92373.820028,0.052622524,-0.00356544319,377.968987,0.186
92373.824196,0.0490832926,-0.000602283741,380.835861,0.186
92373.828364,0.0466587177,-0.000507106392,396.643584,0.186
92373.832533,0.044420556,-0.00279623503,398.494525,0.186
92373.836701,0.0420049933,-0.00268646696,373.589543,0.186
92373.840870,0.0379953939,-0.00238878143,425.933026,0.186
92373.845038,0.0353847462,-0.00175669204,420.505715,0.186
92373.849206,0.0333787245,-0.00193978491,424.102282,0.186
92373.853375,0.0297546908,-0.002299437,442.249269,0.186
92373.857543,0.0300985613,-0.00137425298,472.473468,0.186
92373.861712,0.026048274,-0.00163681117,443.049916,0.186
92373.865880,0.0241872219,0.000449140331,463.882608,0.186
92373.870048,0.0202350176,-0.000127175175,450.702598,0.186
92373.874217,0.0201779024,-0.00206995505,466.030342,0.186
92373.878385,0.0176013552,-0.00170805579,509.87642,0.186
92373.882554,0.0167839684,-0.00188873418,500.490583,0.186
92373.886722,0.0155562705,-0.000721152396,529.914104,0.186
92373.890890,0.0113229649,-0.00113167538,514.424637,0.186
92373.895059,0.00800413096,-0.000135414587,555.65732,0.186
92373.899227,0.00510710682,0.000539662646,595.206986,0.186
92373.903396,0.00362932457,-0.00157133172,905.36024,0.186
92373.907564,0.0021392717,-0.00219783313,1010.86584,0.186
92373.911733,0.00334048378,-0.0012156589,780.523433,0.186
92373.915901,0.00251210024,-0.00177349437,777.943522,0.186
92373.920069,0.00299502608,-0.00139861646,804.026391,0.186
92373.924238,0.000263924483,-0.00117443186,997.727155,0.186
92373.928406,-0.000346698654,-0.000337579872,1078.83283,0.186
92373.932575,-0.000935168529,-0.00258653401,701.233175,0.186
92373.936743,-0.00341529239,-0.00298046146,653.602108,0.186
92373.940911,-0.000454633288,-0.00290313382,927.750663,0.186
92373.945080,-0.00113295553,-0.00460871831,853.918617,0.186
92373.949248,-0.00461007731,-0.00571352309,725.07819,0.186
92373.953417,-0.000857422299,-0.00373039717,788.070687,0.186
92373.957585,-0.000921643323,-0.000974121567,983.17803,0.186
92373.961753,-0.00163702806,-0.0019436664,722.797451,0.186
92373.965922,-0.000784921092,-0.00196942338,712.931714,0.186
92373.970090,-0.00128167096,-0.00205440879,740.099076,0.186
92373.974259,-0.00100829662,-0.00124447332,1007.15098,0.186
92373.978427,-0.00136556697,-0.0015871958,1003.64484,0.186
92373.982595,-0.000216565834,0.000216027205,1048.71898,0.186
92373.986764,0.000275398621,0.00021341346,1008.57822,0.186
92373.990932,0.000255011015,0.000110265904,1053.1077,0.186
92373.995101,0.0011477408,0.00129632112,672.917498,0.186
92373.999269,0.00127773816,0.00164456166,670.643898,0.186
92374.003438,0.000680940418,0.000430120767,1834.18655,0.186
92374.007606,0.000460445814,0.000867713887,1851.30531,0.186
92374.011774,-7.13701829e-05,-0.000589114518,804.335973,0.186
92374.015943,0.000262773699,-0.000750223926,818.603541,0.186
92374.020111,-0.000144048375,-0.000369610972,802.553557,0.186
92374.024280,-0.000453104219,0.000728701165,1437.5923,0.186
92374.028448,-4.39358552e-05,0.000637429128,1431.8068,0.186
92374.032616,0.000344890006,0.00148303449,1031.03115,0.186
92374.036785,0.000831796487,0.00125788393,1083.6358,0.186
92374.040953,-0.000115402744,0.00144768757,1175.5186,0.186
92374.045122,0.00219351162,0.00136876516,668.788304,0.186
92374.049290,0.002306326,0.00118163722,685.399602,0.186
92374.053458,-0.00057723475,0.000667138581,1550.13889,0.186
92374.057627,-8.23073188e-05,0.000976969711,1424.85645,0.186
92374.061795,-0.000392929853,-0.000520255633,859.970284,0.186
92374.065964,-0.000355629738,-0.000678023892,841.886752,0.186
92374.070132,-0.000213791927,-0.00125009904,856.804567,0.186
92374.074300,-0.000598412578,-0.00128819663,783.326479,0.186
92374.078469,-0.000519038697,-0.00181090433,768.041046,0.186
92374.082637,0.000188015168,0.000831022875,1096.82819,0.186
92374.086806,0.000159956928,0.000584206545,1103.73543,0.186
92374.090974,6.85393721e-05,0.000836908555,1040.79966,0.186
92374.095143,-0.000430809097,0.000409453379,1424.93974,0.186
92374.099311,-0.000362111345,0.000513090276,1270.93599,0.186
92374.103479,-0.000162352523,-0.000164161614,1974.92756,0.186
92374.107648,-0.000231064308,-7.95236962e-05,2279.18774,0.186
92374.111816,-9.85902954e-05,-8.95822765e-05,1978.98058,0.186
92374.115984,-0.00014567697,-3.66689585e-05,2398.95367,0.186
92374.120153,3.6104462e-05,8.30076986e-05,2800.78665,0.186
92374.124321,-0.000435151801,4.81285117e-05,2402.46644,0.186
92374.128490,-0.000547265115,0.000126393506,2219.70576,0.186
92374.132658,-0.000497002098,-0.00058724436,1516.41476,0.186
92374.136827,-0.000582748567,-0.000516396038,1681.76955,0.186
92374.140995,-0.000767743197,-0.000750887535,1781.61483,0.186
92374.145163,-0.000173940106,0.000373427332,1688.67557,0.186
92374.149332,-8.26276073e-05,0.00012941576,1800.16659,0.186
92374.153500,2.81732964e-05,0.000258119727,1930.0473,0.186
92374.157669,0.000160433516,0.000254200619,1898.72496,0.186
92374.161837,-0.000815520988,-0.000217466054,1621.83682,0.186
92374.166005,-0.000781413633,-0.000216586882,1437.84156,0.186
92374.170174,-0.000760805866,-0.000348496102,1468.56499,0.186
92374.174342,-0.000248339927,-8.12394621e-05,2157.17681,0.186
92374.178511,-0.000498031672,-0.000568115114,2083.33374,0.186
92374.182679,-0.000738607987,0.00020216313,1377.63801,0.186
92374.186847,-0.000482230667,-0.000244673679,1280.74448,0.186
92374.191016,-0.000825281741,6.03040275e-05,1615.12485,0.186
92374.195184,0.000295930021,0.000712145391,1032.00694,0.186
92374.199353,0.000132043926,0.000801996252,1042.5802,0.186
92374.203521,-0.00132787171,-0.0011879073,1238.76439,0.186
92374.207689,-0.00088540216,-0.000916535328,1310.88526,0.186
92374.211858,-0.000638953627,-0.000525084978,1828.09699,0.186
92374.216026,-0.00139777694,-0.000751083454,1538.11877,0.186
92374.220195,-0.00161775767,-0.00112033782,1181.83767,0.186
92374.224363,-0.00417041028,-0.00253804379,896.24505,0.186
92374.228531,-0.00417469338,-0.00242157755,930.158069,0.186
92374.232700,-0.00246792425,-0.00170512537,936.191427,0.186
92374.236868,-0.00149596916,-0.00152305271,899.013537,0.186
92374.241037,-0.00148141143,-0.000586207408,1020.49686,0.186
92374.245205,-0.00369442036,-0.00137726451,983.727058,0.186
92374.249374,-0.00413372992,-0.00107493498,843.828457,0.186
92374.253542,-0.00258056018,-0.00078551329,991.319107,0.186
92374.257710,-0.00316774193,-0.00104842883,1023.4042,0.186
92374.261879,-0.00317031387,6.93399708e-05,1034.90934,0.186
92374.266047,-0.00315038317,-7.88741421e-05,1252.31408,0.186
92374.270216,-0.00432796078,0.000337924936,1111.82994,0.186
92374.274384,-0.00372782601,-0.000604402317,1039.19801,0.186
92374.278552,-0.00557650291,-0.000688377701,942.732877,0.186
92374.282721,-0.00496578376,3.43821634e-05,781.268505,0.186
92374.286889,-0.0060405219,0.000868098449,729.434404,0.186
92374.291058,-0.00449311387,0.000977240593,791.181687,0.186
92374.295226,-0.00306091486,0.00137366808,980.495214,0.186
92374.299394,-0.00417197445,0.0023908156,954.505935,0.186
92374.303563,-0.00351451971,0.000846792176,642.396652,0.186
92374.307731,-0.00425211653,0.0001200964,661.610636,0.186
92374.311900,-0.00692852276,0.0015677725,745.625341,0.186
92374.316068,-0.00701224386,0.000505732551,732.171976,0.186
92374.320236,-0.00663142587,-0.000905294642,734.901605,0.186
92374.324405,-0.00490039254,0.00108010439,645.228251,0.186
92374.328573,-0.0050327979,0.00123562888,672.904037,0.186
92374.332742,-0.00373101124,0.00106648079,835.403416,0.186
92374.336910,-0.00384131988,0.0013391146,896.121557,0.186
92374.341079,-0.0037055138,0.000830398174,932.662012,0.186
92374.345247,-0.0052519397,-9.36247242e-05,923.65577,0.186
92374.349415,-0.00624105485,-0.000200120734,760.700776,0.186
92374.353584,-0.00585198331,-0.000960587507,794.761818,0.186
92374.357752,-0.00654193903,-0.000528929942,756.235776,0.186
92374.361921,-0.0062625942,-0.00114352082,793.433886,0.186
92374.366089,-0.00604517767,-0.00127002967,870.991569,0.186
92374.370257,-0.00685424319,-0.00121907026,817.337825,0.186
92374.374426,-0.0073666744,-0.000893629016,850.67492,0.186
92374.378594,-0.00812524297,-0.000638227101,704.723593,0.186
92374.382763,-0.00911295063,-0.00145053056,685.939755,0.186
92374.386931,-0.0104214415,-0.000704639136,717.832532,0.186
92374.391099,-0.0100907805,-0.000364757369,744.431786,0.186
92374.395268,-0.00967737257,0.000662738674,710.054277,0.186
92374.399436,-0.00961405889,0.000687053695,717.905831,0.186
92374.403605,-0.0115656642,0.00109797074,612.530253,0.186
92374.407773,-0.0112267215,0.00126813474,607.681638,0.186
92374.411942,-0.0126958648,0.00118129555,584.493861,0.186
92374.416110,-0.0144663453,0.0013145247,577.889104,0.186
92374.420278,-0.0142219138,0.000931585886,573.178484,0.186
92374.424447,-0.0126396493,0.00256761955,578.671077,0.186
92374.428615,-0.0102885209,0.00197331022,623.626561,0.186
92374.432784,-0.0133233066,0.00111043041,554.193274,0.186
92374.436952,-0.0114886119,-0.000294550791,646.248162,0.186
92374.441120,-0.0140423013,0.00129806784,586.66951,0.186
92374.445289,-0.0162909184,0.00164973873,510.030553,0.186
92374.449457,-0.0164688393,0.00235958767,496.085048,0.186
92374.453626,-0.0124456199,0.00108443059,559.876618,0.186
92374.457794,-0.00989495219,0.000657109101,591.820784,0.186
92374.461962,-0.0165506207,0.00248717653,527.836094,0.186
92374.466131,-0.0104967517,-0.00122945532,413.214677,0.186
92374.470299,-0.0178815527,-0.0016389969,399.842127,0.186
92374.474468,-0.0222589126,0.00160793453,484.447083,0.186
92374.478636,-0.0139267988,-0.00258784436,518.836049,0.186
92374.482804,-0.0189688158,0.000668522081,521.921012,0.186
92374.486973,-0.0134032169,0.000810078804,493.346967,0.186
92374.491141,-0.0188229624,0.00188876669,478.419629,0.186
92374.495310,-0.0154481259,0.00140581423,554.096148,0.186
92374.499478,-0.017468197,0.00221909833,536.807682,0.186
92374.503647,-0.0180041244,0.000574089971,523.680009,0.186
92374.507815,-0.019425372,0.00226245732,523.312102,0.186
92374.511983,-0.0198269821,0.00204020995,506.879631,0.186
92374.516152,-0.0174672932,0.00154353303,577.867288,0.186
92374.520320,-0.0192752126,0.00275453859,564.790224,0.186
92374.524489,-0.020305397,0.00167020744,535.018883,0.186
92374.528657,-0.017635729,0.000905070501,585.995002,0.186
92374.532825,-0.0208927964,0.00209552332,547.964996,0.186
92374.536994,-0.0195705793,0.00107562982,511.782741,0.186
92374.541162,-0.018627129,0.00203355095,531.872489,0.186
92374.545331,-0.0203250333,0.00289971087,550.394252,0.186
92374.549499,-0.0171961827,0.0022621024,563.676926,0.186
92374.553667,-0.0189663019,0.00321821627,594.319384,0.186
92374.557836,-0.0175178221,0.00232995968,583.604589,0.186
92374.562004,-0.0161952825,0.00292816264,585.350945,0.186
92374.566173,-0.0177279365,0.00179885721,593.860065,0.186
92374.570341,-0.0164775605,0.00182002398,622.689135,0.186
92374.574509,-0.0175805927,0.00248671464,585.374904,0.186
92374.578678,-0.0153212126,0.000815760709,610.866488,0.186
92374.582846,-0.0159495002,0.00149088182,627.708724,0.186
92374.587015,-0.0148872431,0.00200315819,625.851317,0.186
92374.591183,-0.0135391131,0.000578781274,602.143269,0.186
92374.595352,-0.0131175347,0.00171820792,609.090186,0.186
92374.599520,-0.0111934071,0.00123777812,648.946974,0.186
92374.603688,-0.0109202805,0.000542039387,697.231446,0.186
92374.607857,-0.0104436152,0.000726182971,757.525238,0.186
92374.612025,-0.0101273129,2.95964689e-05,689.896136,0.186
92374.616194,-0.00923543036,8.22910161e-05,730.779625,0.186
92374.620362,-0.00890480843,-0.000462668886,779.936045,0.186
92374.624530,-0.0072808802,0.00031446273,799.299635,0.186
92374.628699,-0.00576555354,0.000526187805,824.751964,0.186
92374.632867,-0.00604798603,0.00118624765,870.70741,0.186
92374.637036,-0.0043663007,0.000859891432,1112.43242,0.186
92374.641204,-0.00431744321,0.00110125298,989.850711,0.186
92374.645372,-0.00409554719,0.000678103158,1163.55917,0.186
92374.649541,-0.00358554234,0.000509552072,983.090256,0.186
92374.653709,-0.0030529761,0.00113195888,996.6549,0.186
92374.657878,-0.0025620491,0.00112390101,1101.86386,0.186
92374.662046,-0.00228924696,0.00148786107,1295.21299,0.186
92374.666214,-0.00145466609,0.00154399233,1241.51718,0.186
92374.670383,-0.000884991887,0.00154739223,1334.85544,0.186
92374.674551,-0.00144291303,0.0011953803,1434.48932,0.186
92374.678720,-0.000414925812,0.000855570272,1621.85355,0.186
92374.682888,-0.000366874436,0.00108036848,1419.01551,0.186
92374.687057,-0.000777756484,0.000963408617,1481.28734,0.186
92374.691225,-0.000320535994,0.000780471587,1514.87606,0.186
92374.695393,-0.000128900488,0.00116952905,1144.59028,0.186
92374.699562,0.000118831939,0.001341917,1197.27935,0.186
92374.703730,0.000210896187,-3.72197633e-05,1708.78227,0.186
92374.707899,0.00051323188,-0.000119882911,1816.68048,0.186
92374.712067,0.000272316552,-0.000211769221,1925.23103,0.186
92374.716235,-0.000221818629,-0.000317908128,1639.85698,0.186
92374.720404,-0.000262410099,-0.000642110831,1697.97978,0.186
92374.724572,-0.000283939505,-9.49365719e-05,1962.45443,0.186
92374.728741,-0.000166045462,-0.00043924861,1836.64591,0.186
92374.732909,0.000215576001,0.000532571502,1472.15765,0.186
92374.737077,0.000357473691,0.000245295506,1290.23265,0.186
92374.741246,0.000198687203,0.000738525615,1381.7618,0.186
92374.745414,-0.000178355304,-0.00017834797,1724.55647,0.186
92374.749583,-0.000141073638,-6.82742897e-05,2322.2207,0.186
92374.753751,-0.000557965399,-0.000669452477,1841.16429,0.186
92374.757919,-0.000369387324,-0.000482457955,1803.49646,0.186
92374.762088,-0.000514879844,-0.000859715387,1696.27397,0.186
92374.766256,-0.000456873013,0.000142405132,2511.05115,0.186
92374.770425,-0.000421032405,-0.000101672172,2309.79498,0.186
92374.774593,-0.000107579753,-7.77401295e-05,1915.86272,0.186
92374.778761,4.20124086e-05,-2.03035806e-05,2203.42212,0.186
92374.782930,-0.000481987732,0.000544787783,1836.90381,0.186
92374.787098,-0.000558997648,0.000429723906,1958.64832,0.186
92374.791267,-0.000498198891,0.000595980606,2055.58597,0.186
92374.795435,-0.000858615707,0.000566132623,1564.60362,0.186
92374.799604,-0.00096165258,0.000779099525,1616.91487,0.186
92374.803772,-0.000376593457,0.000176945031,1793.97722,0.186
92374.807940,-0.000265249836,0.00061728201,1814.93934,0.186
92374.812109,-0.000673878503,0.000323750274,1665.94741,0.186
92374.816277,-0.000999423561,0.000104858114,1829.14775,0.186
92374.820446,-0.00175113654,0.000192643882,1526.24679,0.186
92374.824614,-0.00233749912,0.000225203473,1239.02902,0.186
92374.828782,-0.00294101445,-0.000627950953,1082.46509,0.186
92374.832951,-0.00417446199,-0.000517292032,1034.18796,0.186
92374.837119,-0.00496506907,-5.22736582e-05,961.35035,0.186
92374.841288,-0.00400947685,-8.35522503e-05,1088.64902,0.186
92374.845456,-0.0033729116,-0.000496302162,966.032388,0.186
92374.849624,-0.00318511965,1.35792256e-05,1086.67759,0.186
92374.853793,-0.00355092791,1.61995855e-05,1249.06933,0.186
92374.857961,-0.00407151916,-1.80035338e-05,1262.17692,0.186
92374.862130,-0.00429285982,1.78666679e-05,1160.23445,0.186
92374.866298,-0.00491786295,-2.66871192e-05,996.830655,0.186
92374.870466,-0.00514974887,-0.000203514764,956.63063,0.186
92374.874635,-0.00528082201,0.000640993244,1034.13834,0.186
92374.878803,-0.00568888837,0.000755725183,898.210428,0.186
92374.882972,-0.00567072167,0.00105538619,906.111236,0.186
92374.887140,-0.00563937173,0.000928665753,948.59376,0.186
92374.891309,-0.00519023652,0.000951003268,868.849423,0.186
92374.895477,-0.00553064761,0.000395049072,848.511717,0.186
92374.899645,-0.00504883794,0.000521244399,868.977425,0.186
92374.903814,-0.00515260073,0.00115617833,970.271013,0.186
92374.907982,-0.0048331768,0.000886462676,964.734255,0.186
92374.912151,-0.00394806821,0.00116845127,1012.08689,0.186
92374.916319,-0.0041980374,0.00169906189,992.847398,0.186
92374.920487,-0.00387764838,0.00146808688,1092.04622,0.186
92374.924656,-0.00299781484,0.00089832446,1200.73167,0.186
92374.928824,-0.00307111998,0.000465633983,1367.16766,0.186
92374.932993,-0.00210064471,0.000593870371,1406.44985,0.186
92374.937161,-0.00147000359,0.000319153678,1256.66861,0.186
92374.941329,-0.000777268751,0.000710440805,1396.48201,0.186
92374.945498,-0.000414902773,0.000386426082,1323.31436,0.186
92374.949666,0.000123151498,0.000618665449,1676.8766,0.186
92374.953835,-0.000551034466,0.0002546094,1863.53239,0.186
92374.958003,0.000163290191,3.60122456e-05,1989.71808,0.186
92374.962172,-5.59081833e-05,-3.87833327e-05,1914.27823,0.186
92374.966340,0.00101469448,7.80236981e-05,2064.24409,0.186
92374.970508,0.00142007124,0.000362171224,2000.60764,0.186
92374.976761,0.00178326475,3.6391348e-05,1400.53174,0.186
92374.983014,0.00181281818,-0.000252274718,1738.37089,0.186
92374.987182,0.00222043895,-9.90713178e-05,1554.35255,0.186
92374.991350,0.00262497698,6.30765422e-05,1429.30788,0.186
92374.995519,0.00218655038,0.000113608807,1467.74841,0.186
92374.999687,0.00261706702,-0.00011324288,1338.67379,0.186
92375.003856,0.00231767561,0.000192645557,1263.63386,0.186
92375.008024,0.00288448883,9.11886732e-05,1228.8353,0.186
92375.012192,0.00250862503,0.00025662246,1368.75895,0.186
92375.016361,0.00184645271,-0.000104970515,1374.71716,0.186
92375.020529,0.00168694918,-0.000317209573,1493.74943,0.186
92375.024698,0.00105466536,-0.000157848125,1654.10803,0.186
92375.028866,0.000795777059,0.000131935489,1673.38094,0.186
92375.033034,0.000328131358,-0.000282062399,1674.26246,0.186
92375.037203,0.0006227539,0.000556815389,1314.07469,0.186
92375.041371,0.000737356218,0.000590449213,1302.02626,0.186
92375.045540,0.000148376752,0.000242175388,1831.27545,0.186
92375.049708,-3.91284842e-05,0.000229704468,1807.72161,0.186
92375.053876,-7.53757809e-05,1.48368876e-06,2315.69766,0.186
92375.058045,-0.000147475882,0.000413325846,2263.22938,0.186
92375.062213,-6.61485666e-05,-0.00014382742,2436.0736,0.186
92375.066382,4.96639196e-06,0.000140120054,1651.87495,0.186
92375.070550,0.000394377787,-0.000679144748,1661.17165,0.186
92375.074719,-0.00165867969,-1.4990011e-05,1119.3653,0.186
92375.078887,-0.000907266311,9.70669432e-05,1064.63486,0.186
92375.083055,-0.00208263015,-0.00062816406,1111.75845,0.186
92375.087224,-0.000147712752,-0.000161717515,1700.79335,0.186
92375.091392,0.000219386618,-0.000847785356,1509.71958,0.186
92375.095561,-0.000750801374,0.00151420728,603.963986,0.186
92375.099729,-9.34077711e-05,0.00243748195,612.12185,0.186
92375.103897,-0.000108303756,-0.000856993278,1125.65296,0.186
92375.108066,0.00033249839,7.9817598e-05,1073.45461,0.186
92375.112234,0.000656220267,0.000193418152,1031.9326,0.186
92375.116403,-0.00177992185,-0.00213190098,446.526408,0.186
92375.120571,-0.00212115219,-0.00249458693,453.037182,0.186
92375.124739,-4.56923774e-06,0.00104521326,1145.62683,0.186
92375.128908,-0.000495890675,0.000629300043,1137.03137,0.186
92375.133076,-0.000571436581,0.000598293139,1115.62522,0.186
92375.137245,0.00073195361,0.00175959265,568.168372,0.186
92375.141413,0.000766781854,0.00251789804,570.106074,0.186
92375.145581,-0.000773263928,0.000373600888,2005.44285,0.186
92375.149750,-0.000332219821,0.00062092848,2071.73454,0.186
92375.153918,-0.000773629572,-0.000273017443,1334.89024,0.186
92375.158087,-0.000673930894,-0.000568416004,1397.82864,0.186
92375.162255,-0.000718033467,-0.000391270243,1370.76728,0.186
92375.166424,-5.15458514e-05,0.000258651457,2082.52628,0.186
92375.170592,-0.000116659522,0.000213456229,2430.81488,0.186
92375.174760,-0.000200571427,0.000364548368,1897.73735,0.186
92375.178929,-0.000441196548,0.00060378465,1659.38639,0.186
92375.183097,-0.000367581614,0.000365409854,1744.03245,0.186
92375.187266,0.00018767887,0.000145751057,1892.72418,0.186
92375.191434,-7.90967772e-05,8.60086445e-05,1846.08492,0.186
92375.195602,-0.000801065007,5.35397628e-05,2110.61667,0.186
92375.199771,-0.000982600974,0.000157897481,2019.60905,0.186
92375.203939,-0.000604416089,-0.00021612301,2373.83401,0.186
92375.208108,-0.000837954234,-0.000135635811,2078.26645,0.186
92375.212276,-0.00104022859,-0.000200255636,2007.21545,0.186
92375.216444,-0.000637041635,-1.07996758e-06,1817.73676,0.186
92375.220613,-0.000898591492,-9.52978096e-06,1714.6756,0.186
92375.224781,-0.00124072558,-0.000198085684,1386.85744,0.186
92375.228950,-0.00142304973,-7.01430271e-05,1477.16072,0.186
92375.233118,-0.00156499439,0.000157032564,1844.52075,0.186
92375.237286,-0.00154293914,-0.000438844343,1672.22069,0.186
92375.241455,-0.00154290304,-0.000397567231,1523.84055,0.186
92375.245623,-0.00205329715,-0.000229263238,1389.62039,0.186
92375.249792,-0.00179882616,-1.60404839e-05,1332.44047,0.186
92375.253960,-0.00167833536,-0.000212923664,1567.76508,0.186
92375.258128,-0.00117770758,0.000703073385,1530.08122,0.186
92375.262297,-0.000689075148,0.000303482402,1557.06048,0.186
92375.266465,-0.00112190514,0.000714399665,1403.45772,0.186
92375.270634,-0.000627980795,0.000598130926,2073.61876,0.186
92375.274802,-0.00109305006,0.0003373695,1536.76065,0.186
92375.278971,-0.00102255954,0.000709869854,1633.78936,0.186
92375.283139,-0.000574365151,0.000494850498,1743.18889,0.186
92375.287307,-0.000291992181,0.000862831792,2083.52768,0.186
92375.291476,-0.000129087269,0.000718388677,1950.83107,0.186
92375.295644,2.0439029e-05,0.00107071832,1613.72811,0.186
92375.299813,9.0027884e-05,0.00148580432,1605.98657,0.186
92375.303981,0.000207166616,0.00130680213,1473.11145,0.186
92375.308149,0.000282225458,0.00146135907,1626.6205,0.186
92375.312318,0.000376085067,0.00154148699,1780.8468,0.186
92375.316486,0.0004503981,0.000820050376,1487.02067,0.186
92375.320655,0.000395356969,0.00114835284,1359.54378,0.186
92375.326907,0.000671535848,0.00116589836,1184.09269,0.186
92375.333160,0.000114085262,0.000325066604,1650.02937,0.186
92375.337328,0.00135579657,0.000938601439,811.581093,0.186
92375.341497,0.00145322667,0.000700700402,814.282075,0.186
92375.345665,0.000451643605,0.000444596639,1346.59266,0.186
92375.349834,0.000383682651,0.000625613065,1350.35799,0.186
92375.354002,0.00042301414,0.00098947206,1326.6536,0.186
92375.358170,0.000122228722,-0.00114651397,1076.73785,0.186
92375.362339,6.6605088e-06,-0.00110361732,1071.17138,0.186
92375.366507,-0.000519811716,-0.00157804633,842.800348,0.186
92375.370676,-0.0006740819,-0.00193377202,861.144544,0.186
92375.374844,-2.50237999e-05,-4.73260228e-05,2106.6256,0.186
92375.379012,-0.000266423458,-0.00013193036,2008.79832,0.186
92375.383181,-0.000294861854,3.50860773e-05,1948.96537,0.186
92375.387349,-0.000577578758,0.000614164158,1246.61153,0.186
92375.391518,-0.000181070683,0.000792025499,1183.68413,0.186
92375.395686,-0.000463016729,0.000181324783,1931.02469,0.186
92375.399854,-0.000383686193,0.000313934149,2066.31893,0.186
92375.404023,-0.000270512784,0.000411079979,2213.81635,0.186
92375.408191,0.000158017107,0.000349668874,2474.10492,0.186
92375.412360,-3.1923607e-05,0.000423050483,2204.8155,0.186
92375.416528,-0.000434708426,0.000156696986,2287.14224,0.186
92375.420697,4.57675906e-06,9.47389718e-05,2128.36711,0.186
92375.424865,0.000132671524,0.000615682147,1781.3539,0.186
92375.429033,9.09469062e-05,0.000465278141,2003.02353,0.186
92375.433202,0.000589009957,0.000544355702,2167.05179,0.186
92375.437370,0.00145124604,0.00156101406,966.202551,0.186
92375.441539,0.00133286617,0.00143250243,971.513849,0.186
92375.445707,0.000763748491,0.000230225621,2258.15312,0.186
92375.449875,0.000761253287,2.70722474e-05,2041.45691,0.186
92375.454044,0.00069843768,-2.07147737e-05,2130.9615,0.186
92375.458212,0.000911062317,-0.00081241038,1400.19789,0.186
92375.462381,0.000786218061,-0.000756178272,1439.86945,0.186
92375.466549,0.000661995575,0.000116749677,1551.54123,0.186
92375.470717,0.000583498503,0.000262330289,1829.88599,0.186
92375.474886,0.000344755095,-0.000494279439,1997.02053,0.186
92375.479054,0.000143325608,-0.000588404418,2004.63042,0.186
92375.483223,0.000228867895,-0.000579179695,1892.50027,0.186
92375.487391,0.000338529134,-0.000726584875,2071.47987,0.186
92375.491559,-0.00033063057,-0.000692353471,1982.67857,0.186
92375.495728,-2.0492208e-05,-0.000369418071,2406.25196,0.186
92375.499896,-0.000326012738,-0.000382890571,2236.71307,0.186
92375.504065,-0.000283113907,-0.000423202642,2352.29603,0.186
92375.508233,-0.000784015505,-2.02981992e-05,2184.67833,0.186
92375.512401,-0.000614415258,-0.000103099704,1934.29517,0.186
92375.516570,-0.00107979549,-0.000422686923,1433.41473,0.186
92375.520738,-0.00176257059,6.69012672e-05,1418.29656,0.186
92375.524907,0.000970449393,-9.42299841e-05,1086.71043,0.186
92375.529075,0.000966379834,0.000295721792,1106.37781,0.186
92375.533243,0.00121907529,0.00035007335,1075.08572,0.186
92375.537412,-0.00104676491,0.000746934824,1421.15864,0.186
92375.541580,-0.000804506548,0.000684769698,1491.84937,0.186
92375.545749,0.00143952692,0.00198912464,1176.57385,0.186
92375.549917,0.000718098032,0.00191432818,1109.40277,0.186
92375.554086,0.0010267176,0.00140588366,1140.8442,0.186
92375.558254,0.00158121011,0.000655662157,1350.15559,0.186
92375.562422,0.000274053091,0.000213475558,1472.20779,0.186
92375.566591,0.000984561916,0.000498836142,1047.65168,0.186
92375.570759,0.00109341471,0.00093397204,1061.57838,0.186
92375.574928,0.000933034262,-0.000242621601,1350.99418,0.186
92375.579096,0.00106284552,0.000658629836,1394.75622,0.186
92375.583264,0.00109916543,0.000748314447,1366.19092,0.186
92375.587433,0.000369427105,-0.00163419306,1047.13641,0.186
92375.593685,0.000481520447,-0.00179571403,963.896728,0.186
92375.599938,0.000561264655,-0.00245887659,1151.27916,0.186
92375.604106,0.000410570717,-0.00283089245,1134.92527,0.186
92375.608275,0.00206135363,-0.0028070044,1105.04319,0.186
92375.612443,0.00222608712,-0.00160489325,1112.86965,0.186
92375.616612,-0.00051744512,-0.00210749366,1019.56404,0.186
92375.620780,0.000351430344,-0.00109575118,1104.94598,0.186
92375.624948,-0.000146131758,-0.000696489576,1169.43846,0.186
92375.629117,-0.000925157533,-0.000560715702,1445.17911,0.186
92375.633285,-0.00010815681,-0.000536658288,1487.31309,0.186
92375.637454,-0.000166715132,0.00175837475,872.264473,0.186
92375.641622,0.000125593841,0.00142138817,880.941314,0.186
92375.645790,9.79299716e-05,0.00130427451,1013.62911,0.186
92375.649959,-7.07354557e-05,0.00161792959,978.814464,0.186
92375.654127,0.000431624781,0.00156017339,990.700748,0.186
92375.658296,-0.000996648451,0.000311318417,1898.31457,0.186
92375.662464,-0.000307084897,0.000310542276,2000.86082,0.186
92375.666633,-6.86520621e-05,0.00127089579,1437.29642,0.186
92375.670801,-0.000261164723,0.000947458675,1606.41305,0.186
92375.674969,6.6986021e-05,0.00082973795,1610.44607,0.186
92375.679138,0.000325061255,5.84235312e-06,1945.09683,0.186
92375.683306,0.000109917663,-6.34599898e-05,2272.75937,0.186
92375.687475,-0.000166873601,-0.000676301036,1500.78203,0.186
92375.693727,-0.000345198941,-0.0006853995,1429.07337,0.186
92375.699980,0.000183470197,-0.000298890272,2266.86361,0.186
92375.704148,9.68251353e-05,-0.00072795446,1952.24058,0.186
92375.708317,-0.000198036289,-3.93883078e-06,2240.92223,0.186
92375.712485,-0.00013958041,-0.000209286948,2356.67476,0.186
92375.716653,0.000167422547,-0.000317193555,2285.50651,0.186
92375.720822,0.000172334272,-0.000418819415,2038.29044,0.186
92375.724990,0.00010713912,-0.000237363856,2179.03542,0.186
92375.729159,-0.000453623146,-6.8272155e-05,2290.27429,0.186
92375.733327,-0.000353020697,0.000213268268,2130.06695,0.186
92375.737495,0.000508876449,0.00039642748,1370.55619,0.186
92375.741664,0.000429640762,0.000750535842,1339.47005,0.186
92375.745832,-0.000185870109,-8.1581592e-05,2240.36925,0.186
92375.750001,-0.000261073497,-2.14973934e-05,2488.00178,0.186
92375.754169,-0.000218809071,5.79057434e-05,2339.21385,0.186
92375.758338,0.000181289792,-0.000352968073,1766.14375,0.186
92375.762506,0.000324699385,-0.000667128089,1812.24082,0.186
92375.766674,-0.000471816736,0.000417256744,2037.24579,0.186
92375.770843,-0.000310980825,0.000285137058,1867.96797,0.186
92375.775011,-0.000387586062,0.000263492109,1855.91722,0.186
92375.779180,0.00063637145,0.000758519765,1426.93235,0.186
92375.783348,0.000741518882,0.000728489206,1470.36659,0.186
92375.787516,0.000235125223,0.000106208571,2249.81528,0.186
92375.791685,0.000230232895,0.00018577461,2307.23704,0.186
92375.795853,-0.000178734774,-0.000193249939,2551.39525,0.186
92375.800022,-7.8333139e-05,-0.00017448086,2417.28089,0.186
92375.804190,-0.000292378718,-0.000341749251,2295.09759,0.186
92375.808358,7.48311425e-05,-0.000225410029,2414.54061,0.186
92375.812527,-0.000123647471,-0.000362246971,2388.79675,0.186
92375.816695,-0.000273713861,-0.000160365658,2244.1122,0.186
92375.820864,-0.000319513285,-0.000271202485,2515.3132,0.186
92375.825032,-0.000368080229,-0.000271312323,2380.28107,0.186
92375.829201,-0.00095274005,-0.000347410682,2001.60853,0.186
92375.833369,-0.000853240413,-0.000356854954,1898.44572,0.186
92375.837537,-0.000785112961,8.15284784e-05,1673.9791,0.186
92375.841706,-0.0010697843,-1.70239863e-05,1536.40285,0.186
92375.845874,-0.00244571442,-6.65370704e-05,1312.99517,0.186
92375.850043,-0.0026572777,-0.000353820803,1257.02071,0.186
92375.854211,-0.00342820539,9.88484365e-05,1179.02651,0.186
92375.858379,-0.00440746558,9.02999626e-05,1042.66911,0.186
92375.862548,-0.00465561431,-0.00085461251,965.762997,0.186
92375.866716,-0.00322597281,0.000232016923,984.746172,0.186
92375.870885,-0.00333412438,-0.000236939162,1034.71135,0.186
92375.875053,-0.00293561888,0.000243594471,1108.96255,0.186
92375.879221,-0.00230161309,0.000617629904,1004.71324,0.186
92375.883390,-0.00226529451,0.00132966524,1030.46877,0.186
92375.887558,-0.0025536488,9.21054421e-05,1083.64302,0.186
92375.891727,-0.00283171062,3.87567452e-05,1283.95433,0.186
92375.895895,-0.00316021959,-1.77894869e-05,1166.34416,0.186
92375.900063,-0.00375304278,-0.000178964941,1144.3735,0.186
92375.904232,-0.00461846104,-0.000759527202,957.909611,0.186
92375.908400,-0.00471167162,0.000389328734,976.876175,0.186
92375.912569,-0.0048084003,-0.000513181903,884.293956,0.186
92375.916737,-0.00539802511,-0.000141281094,988.755957,0.186
92375.920905,-0.00510326715,-0.000254342504,1005.59896,0.186
92375.927158,-0.00662634978,-0.000180376802,691.940894,0.186
92375.933411,-0.0079433725,0.000308469609,832.820852,0.186
92375.937579,-0.00850292102,-0.000106228489,809.574027,0.186
92375.941748,-0.00890981409,-5.85961715e-05,773.118134,0.186
92375.945916,-0.00897395247,-0.00029060217,768.312223,0.186
92375.950084,-0.010200538,0.000288811129,735.944079,0.186
92375.954253,-0.010610125,0.000728362623,661.736735,0.186
92375.958421,-0.0113885095,0.000938414851,686.307733,0.186
92375.962590,-0.0119215094,0.00112683526,714.347425,0.186
92375.966758,-0.0123454513,0.00129957637,635.916763,0.186
92375.970926,-0.0127702797,0.000706578523,625.052474,0.186
92375.975095,-0.0140838177,0.0021910264,614.129253,0.186
92375.979263,-0.0133672697,0.00154017987,694.158292,0.186
92375.983432,-0.0146229564,0.00164631886,629.917879,0.186
92375.987600,-0.0134924046,0.00137725615,663.473629,0.186
92375.991768,-0.0145508047,0.00157706934,598.976154,0.186
92375.995937,-0.0148976396,0.00204314961,555.245844,0.186
92376.000105,-0.0152877461,0.00170546116,515.484669,0.186
92376.004274,-0.0157157524,0.00144030849,513.780791,0.186
92376.008442,-0.0159906868,0.00134160011,519.606709,0.186
92376.012610,-0.0154568975,0.00199435888,554.434006,0.186
92376.016779,-0.0162793804,0.00158898576,620.276742,0.186
92376.020947,-0.0159768834,0.000495419385,608.222826,0.186
92376.025116,-0.0162869137,0.00094523491,620.961536,0.186
92376.029284,-0.0174548161,0.000823458679,546.209062,0.186
92376.033452,-0.0186859707,0.000321924292,549.710093,0.186
92376.037621,-0.0179735362,0.000138592257,603.295478,0.186
92376.041789,-0.0189610803,0.000955576667,552.357453,0.186
92376.045958,-0.0190905854,0.000984583057,508.137544,0.186
92376.050126,-0.018809224,0.000757247855,557.61583,0.186
92376.054294,-0.0188794107,0.00109984299,531.823449,0.186
92376.058463,-0.0200242723,0.0015527244,520.538044,0.186
92376.062631,-0.0216570179,0.0010350882,514.056375,0.186
92376.066800,-0.0215363909,0.000358641989,556.916031,0.186
92376.070968,-0.0216831887,0.00049957335,530.576143,0.186
92376.075136,-0.0232764645,0.000906776462,483.467379,0.186
92376.079305,-0.0216109044,0.0012695051,557.769472,0.186
92376.083473,-0.0229303044,0.0021639353,507.474093,0.186
92376.087642,-0.0231892551,0.00142790041,522.283639,0.186
92376.093894,-0.0246302206,0.00192217305,467.061979,0.186
92376.100147,-0.0261788151,0.00286400783,518.631729,0.186
92376.104315,-0.0267993116,0.000806371191,510.202827,0.186
92376.108484,-0.0264791813,0.00297407317,498.811362,0.186
92376.112652,-0.0271945561,0.00291111034,509.519457,0.186
92376.116821,-0.0287633837,0.00289194189,506.622811,0.186
92376.120989,-0.0285075296,0.00353988604,497.274799,0.186
92376.125157,-0.0296351249,0.00448312358,508.723362,0.186
92376.129326,-0.0305221706,0.00241369718,482.223138,0.186
92376.133494,-0.0315334743,0.0030305546,480.762454,0.186
92376.137663,-0.0315251614,0.00352525136,479.794743,0.186
92376.141831,-0.0346033884,0.00276676545,455.389896,0.186
92376.145999,-0.0335361006,0.00260453494,455.403933,0.186
92376.150168,-0.0334298122,0.00222132478,451.099486,0.186
92376.154336,-0.0345236834,0.00259713666,458.71881,0.186
92376.158505,-0.0343107007,0.00275301081,470.388028,0.186
92376.162673,-0.0353272558,0.00275541232,488.516939,0.186
92376.166841,-0.0350538502,0.00187085703,449.720706,0.186
92376.171010,-0.0362797965,0.0020242731,438.396092,0.186
92376.175178,-0.0368048244,0.00237959587,415.141717,0.186
92376.179347,-0.0372380941,0.00179660245,453.671252,0.186
92376.183515,-0.0388126137,0.00247546498,438.694492,0.186
92376.187684,-0.0378996288,0.00212940757,401.052678,0.186
92376.193936,-0.0391381177,0.00257893961,427.731918,0.186
92376.200189,-0.0397748109,0.00309103451,442.400788,0.186
92376.204357,-0.0430742327,0.00229639083,405.785237,0.186
92376.208526,-0.0421580778,0.00318522333,386.887758,0.186
92376.212694,-0.042717633,0.00229292814,410.350373,0.186
92376.216862,-0.0461088685,0.00522096545,412.504329,0.186
92376.221031,-0.0452388932,0.00373095476,407.260901,0.186
92376.225199,-0.0468281574,0.00418235591,413.868767,0.186
92376.229368,-0.0475906099,0.00358705662,397.411414,0.186
92376.233536,-0.0494160781,0.00477384046,381.428098,0.186
92376.237704,-0.0505693019,0.0044410504,367.779179,0.186
92376.241873,-0.0526964689,0.00642388897,342.564096,0.186
92376.246041,-0.0520503706,0.00566824526,362.252687,0.186
92376.250210,-0.0534397257,0.0060091583,354.123297,0.186
92376.254378,-0.0536864769,0.00725513978,380.401895,0.186
92376.258546,-0.0599740571,0.00644510077,357.827255,0.186
92376.262715,-0.0588653889,0.00639071673,366.319149,0.186
92376.266883,-0.0606271994,0.00603632413,415.188958,0.186
92376.271052,-0.061850351,0.00529397942,427.158079,0.186
92376.275220,-0.0622401825,0.00608495392,404.551586,0.186
92376.279389,-0.0655109948,0.00589821123,407.768168,0.186
92376.283557,-0.0657365535,0.00772088019,393.707197,0.186
92376.287725,-0.0696663878,0.00748989001,397.404703,0.186
92376.291894,-0.072085314,0.00843861531,376.734033,0.186
92376.296062,-0.074114402,0.00655882858,408.22077,0.186
92376.300231,-0.0769611853,0.00604751394,425.588839,0.186
92376.304399,-0.0786935979,0.00486423907,391.289869,0.186
92376.308567,-0.0810569798,0.00584400591,446.53197,0.186
92376.312736,-0.0837520526,0.00664613642,456.516544,0.186
92376.316904,-0.0845630867,0.00676395924,442.014886,0.186
92376.321073,-0.0891836871,0.00739597812,430.11495,0.186
92376.325241,-0.0905058208,0.00696443555,419.556056,0.186
92376.329409,-0.0933943808,0.00546341665,395.057207,0.186
92376.333578,-0.0967175151,0.00783172679,407.176483,0.186
92376.337746,-0.0984335709,0.00673523419,474.70575,0.186
92376.341915,-0.101927562,0.00738565501,473.505886,0.186
92376.346083,-0.10437631,0.00952697072,422.261708,0.186
92376.350251,-0.107528286,0.00843870667,454.193285,0.186
92376.354420,-0.109026559,0.00853102096,417.87644,0.186
92376.360672,-0.113072324,0.00947416949,361.977348,0.186
92376.366925,-0.117115956,0.0101539942,404.705058,0.186
92376.371093,-0.118866804,0.0111255195,371.738916,0.186
92376.375262,-0.12104078,0.0101108583,372.249684,0.186
92376.379430,-0.122476797,0.0112090579,386.210012,0.186
92376.383599,-0.123670541,0.0115274648,399.291261,0.186
92376.387767,-0.126115458,0.0127700199,431.872381,0.186
92376.394020,-0.128716115,0.0126822212,294.397629,0.186
92376.400272,-0.133189005,0.0144012314,417.294755,0.186
92376.404441,-0.1337,0.0137316268,392.678736,0.186
92376.408609,-0.134679866,0.0130825946,396.951828,0.186
92376.412778,-0.135722155,0.0131495774,383.036838,0.186
92376.416946,-0.137830784,0.0151591818,380.801612,0.186
92376.421114,-0.137290259,0.0123250368,373.688161,0.186
92376.427367,-0.140800059,0.014962429,315.090058,0.186
92376.433620,-0.143339094,0.0161176348,380.536681,0.186
92376.437788,-0.143903511,0.0146729161,352.234598,0.186
92376.441956,-0.143214209,0.0113906842,337.619034,0.186
92376.446125,-0.146876368,0.015746787,343.389467,0.186
92376.450293,-0.147193174,0.0116134553,360.799231,0.186
92376.454462,-0.1514784,0.0161702836,324.08469,0.186
92376.458630,-0.147781694,0.0130457269,374.204213,0.186
92376.462798,-0.151809201,0.0151466818,344.187699,0.186
92376.466967,-0.148873853,0.0143615578,336.179432,0.186
92376.471135,-0.15099296,0.0163764068,344.302338,0.186
92376.475304,-0.151114656,0.013661779,347.360241,0.186
92376.479472,-0.153017873,0.0169098743,305.919246,0.186
92376.483640,-0.155035078,0.0132863554,319.260788,0.186
92376.487809,-0.155264978,0.0155453621,324.343918,0.186
92376.491977,-0.157161227,0.0154645625,331.347901,0.186
92376.496146,-0.157166023,0.0137844017,344.537405,0.186
92376.500314,-0.160575813,0.0163660633,342.299954,0.186
92376.504482,-0.158773772,0.0154449435,323.91705,0.186
92376.508651,-0.162040968,0.0178687352,360.356398,0.186
92376.512819,-0.157765441,0.0195807421,356.508849,0.186
92376.516988,-0.167128529,0.0181763021,376.085412,0.186
92376.521156,-0.161458814,0.0179655838,338.797744,0.186
92376.525324,-0.160526533,0.0180736735,329.941863,0.186
92376.529493,-0.166706884,0.0194935798,320.852623,0.186
92376.533661,-0.162366866,0.0217236877,348.897386,0.186
92376.537830,-0.163865008,0.018110183,326.618145,0.186
92376.541998,-0.168259865,0.0207270731,345.523169,0.186
92376.546167,-0.167106623,0.0196979662,352.912499,0.186
92376.550335,-0.170082112,0.0184092175,371.839731,0.186
92376.554503,-0.172450758,0.0200335879,391.161043,0.186
92376.558672,-0.168544182,0.019259281,330.500402,0.186
92376.562840,-0.171556382,0.0199102965,337.305746,0.186
92376.567009,-0.169829608,0.0224278157,358.257121,0.186
92376.571177,-0.172993641,0.0170870972,372.213579,0.186
92376.575345,-0.174444933,0.0222265502,375.775096,0.186
92376.579514,-0.175433579,0.0167759214,349.138507,0.186
92376.583682,-0.178467191,0.0147543635,372.664335,0.186
92376.587851,-0.179754038,0.0168430795,327.584547,0.186
92376.592019,-0.178912276,0.0127600391,342.620046,0.186
92376.596187,-0.183721419,0.0157523055,364.502472,0.186
92376.600356,-0.18241174,0.013937157,370.134217,0.186
92376.604524,-0.184729832,0.0134661021,358.54127,0.186
92376.608693,-0.184766283,0.0148455016,362.356559,0.186
92376.612861,-0.184597854,0.0137179911,345.442873,0.186
92376.617029,-0.186819348,0.0152820097,341.07331,0.186
92376.621198,-0.189609151,0.0157678046,310.878391,0.186
92376.625366,-0.191609963,0.0163999895,338.154929,0.186
92376.629535,-0.19503564,0.0159635907,353.48132,0.186
92376.633703,-0.196952908,0.0158276357,360.872722,0.186
92376.637872,-0.196664902,0.0171164215,370.88001,0.186
92376.642040,-0.19875039,0.0178022486,420.054163,0.186
92376.646208,-0.198489996,0.0190556324,395.398139,0.186
92376.650377,-0.20131063,0.0195511241,412.410324,0.186
92376.654545,-0.202174516,0.0213244462,385.131327,0.186
92376.658714,-0.205109592,0.0192321037,374.234186,0.186
92376.662882,-0.206108354,0.0209101481,374.009495,0.186
92376.667050,-0.207464618,0.018980687,392.572742,0.186
92376.671219,-0.207980036,0.0201942034,386.481403,0.186
92376.675387,-0.208410997,0.0207038002,413.175635,0.186
92376.679556,-0.209819789,0.0213037465,372.907742,0.186
92376.683724,-0.212882639,0.022815602,388.45434,0.186
92376.687892,-0.211543912,0.0213971519,370.555391,0.186
92376.692061,-0.212843042,0.0188247459,365.466925,0.186
92376.696229,-0.213429021,0.0192639474,362.22844,0.186
92376.700398,-0.214443408,0.020815854,371.506438,0.186
92376.704566,-0.216185888,0.0216478743,373.557705,0.186
92376.708734,-0.217346512,0.0206761904,376.188561,0.186
92376.712903,-0.21914127,0.020886416,379.625986,0.186
92376.717071,-0.220143182,0.0201805635,361.085669,0.186
92376.721240,-0.221154947,0.0187452427,405.554918,0.186
92376.725408,-0.223028279,0.0210529308,383.795603,0.186
92376.729576,-0.223100461,0.018123706,405.773061,0.186
92376.733745,-0.225395084,0.0215664471,385.706911,0.186
92376.737913,-0.226218341,0.0180076144,363.771781,0.186
92376.742082,-0.227316311,0.0190358388,383.777007,0.186
92376.746250,-0.227350089,0.0175162806,383.341985,0.186
92376.750419,-0.226034164,0.0168189154,347.369372,0.186
92376.754587,-0.229202987,0.0182523784,339.52016,0.186
92376.758755,-0.231127558,0.019367178,330.911863,0.186
92376.762924,-0.232320675,0.0198472114,318.524304,0.186
92376.767092,-0.236964984,0.023311004,319.782603,0.186
92376.771261,-0.234147724,0.0187967564,354.094973,0.186
92376.775429,-0.238898642,0.0213526873,331.022287,0.186
92376.779597,-0.237040986,0.0212185725,331.151364,0.186
92376.783766,-0.236555787,0.0217271416,353.099143,0.186
92376.787934,-0.24145383,0.0232161919,352.144162,0.186
92376.792103,-0.240302699,0.0240222135,320.628854,0.186
92376.796271,-0.247211279,0.027299152,323.078339,0.186
92376.800439,-0.245244507,0.0228569141,329.022076,0.186
92376.804608,-0.247905326,0.024583288,307.572268,0.186
92376.810860,-0.245899851,0.0241893798,236.579375,0.186
92376.817113,-0.247316771,0.0243213117,297.773233,0.186
92376.821281,-0.249453048,0.0268244044,310.982921,0.186
92376.825450,-0.251245378,0.026405416,299.490554,0.186
92376.829618,-0.252990317,0.025513351,302.172269,0.186
92376.833787,-0.255124575,0.0244564532,297.212814,0.186
92376.837955,-0.254268015,0.021040511,301.467369,0.186
92376.842123,-0.255773816,0.0215021335,269.112991,0.186
92376.846292,-0.258655034,0.0202158684,288.503771,0.186
92376.850460,-0.256119376,0.0193234831,316.934744,0.186
92376.854629,-0.25909919,0.0225069153,313.196457,0.186
92376.858797,-0.259912961,0.0220094941,276.480656,0.186
92376.862965,-0.260594013,0.021930151,281.022287,0.186
92376.867134,-0.260182832,0.0241932603,269.814926,0.186
92376.871302,-0.258396176,0.0196671857,298.076416,0.186
92376.875471,-0.259820296,0.0236427335,293.438029,0.186
92376.879639,-0.261738398,0.0222437141,260.321371,0.186
92376.883808,-0.264901966,0.026426718,271.539359,0.186
92376.887976,-0.268012376,0.0263604929,263.453118,0.186
92376.892144,-0.266102163,0.025662402,273.223752,0.186
92376.896313,-0.267819506,0.0245445688,295.851329,0.186
92376.900481,-0.268003817,0.0258332353,301.282151,0.186
92376.904650,-0.265219288,0.0270969211,318.673498,0.186
92376.908818,-0.265518276,0.0287528097,329.036637,0.186
92376.912986,-0.268870061,0.0308941661,318.618517,0.186
92376.917155,-0.266104084,0.0294480907,305.909052,0.186
92376.921323,-0.272775615,0.0295504139,274.777703,0.186
92376.927576,-0.277208508,0.0262614617,207.111444,0.186
92376.933828,-0.27265818,0.0246360608,296.463387,0.186
92376.937997,-0.271919572,0.0214507646,286.822049,0.186
92376.942165,-0.275495575,0.0293605735,285.150589,0.186
92376.946334,-0.269485231,0.0250913037,315.553371,0.186
92376.950502,-0.275861434,0.02637877,274.0713,0.186
92376.954670,-0.273962341,0.0216578301,284.618992,0.186
92376.958839,-0.27807183,0.0229928153,281.691925,0.186
92376.963007,-0.277362547,0.0178692137,295.049386,0.186
92376.967176,-0.279883088,0.0184945602,271.048147,0.186
92376.971344,-0.280622147,0.0161850421,330.304551,0.186
92376.975512,-0.28255337,0.018155102,308.665177,0.186
92376.979681,-0.279182033,0.0147850158,342.522179,0.186
92376.983849,-0.280135361,0.0168287327,304.223333,0.186
92376.988018,-0.277809451,0.0136572225,310.687539,0.186
92376.992186,-0.282341534,0.0173482632,311.741219,0.186
92376.996355,-0.281736106,0.0153030373,334.798324,0.186
92377.000523,-0.284321227,0.0157401248,295.993845,0.186
92377.004691,-0.288841625,0.0172888248,285.851042,0.186
92377.008860,-0.286629031,0.0137646547,303.155482,0.186
92377.013028,-0.291330155,0.0131386133,342.031995,0.186
92377.017197,-0.292650165,0.0117009496,320.624403,0.186
92377.021365,-0.286090357,0.00991110315,304.530956,0.186
92377.025533,-0.287344566,0.0122987577,298.18068,0.186
92377.029702,-0.285122249,0.0126898512,323.635364,0.186
92377.033870,-0.288783257,0.018631668,317.459183,0.186
92377.038039,-0.285570121,0.0189129653,320.455684,0.186
92377.042207,-0.293823746,0.0191078041,261.295279,0.186
92377.046375,-0.29247501,0.017776383,277.773959,0.186
92377.050544,-0.291889818,0.0171274097,308.684958,0.186
92377.054712,-0.287601426,0.0120704135,332.691072,0.186
92377.058881,-0.292787967,0.0190415841,340.231361,0.186
92377.063049,-0.28744763,0.013790613,356.665481,0.186
92377.067218,-0.290485282,0.0180074306,364.833723,0.186
92377.071386,-0.288641755,0.0146357303,384.747404,0.186
92377.075554,-0.289679352,0.0170817043,331.559706,0.186
92377.079723,-0.289788302,0.0149480315,362.186966,0.186
92377.083891,-0.291588752,0.0186063539,348.808687,0.186
92377.088060,-0.290732463,0.016157874,345.214519,0.186
92377.092228,-0.290031782,0.018183801,352.728157,0.186
92377.096396,-0.288513722,0.0158344063,333.195819,0.186
92377.100565,-0.290483485,0.0166510999,354.781089,0.186
92377.104733,-0.287624479,0.0129018268,353.693892,0.186
92377.108902,-0.290550721,0.0163154583,317.102913,0.186
92377.113070,-0.288978359,0.0151745272,303.527337,0.186
92377.117238,-0.295215155,0.0190511881,337.512604,0.186
92377.121407,-0.294510448,0.0182367699,361.644287,0.186
92377.125575,-0.293905878,0.017999516,358.375768,0.186
92377.129744,-0.291289992,0.0176383131,298.644711,0.186
92377.133912,-0.290794558,0.018858242,302.421723,0.186
92377.138080,-0.289773898,0.0171934921,296.056251,0.186
92377.142249,-0.290053416,0.020207007,312.678035,0.186
92377.146417,-0.289121698,0.0190915909,318.000272,0.186
92377.150586,-0.289286825,0.0181521756,360.743345,0.186
92377.154754,-0.288816219,0.0188872285,318.736286,0.186
92377.158922,-0.289779764,0.0173825531,310.136754,0.186
92377.163091,-0.293253073,0.0197164271,327.022917,0.186
92377.167259,-0.293011491,0.0195726832,302.495629,0.186
92377.171428,-0.293508696,0.0157788257,342.233299,0.186
92377.175596,-0.289858345,0.0133557229,323.666917,0.186
92377.179764,-0.291427136,0.0176489472,322.681957,0.186
92377.183933,-0.286398821,0.0130023379,316.0481,0.186
92377.188101,-0.287746734,0.0174857565,313.377437,0.186
92377.192270,-0.286235096,0.0155353311,330.278162,0.186
92377.196438,-0.285300526,0.0183823037,338.218167,0.186
92377.200607,-0.29134112,0.016451172,310.760814,0.186
92377.204775,-0.290406216,0.0155129177,291.771133,0.186
92377.208943,-0.292219353,0.0178850196,350.284048,0.186
92377.213112,-0.292169802,0.0161976205,325.22119,0.186
92377.217280,-0.292285366,0.0168818106,364.383412,0.186
92377.221449,-0.289977555,0.0176872544,314.140323,0.186
92377.225617,-0.288919969,0.0178085527,368.285267,0.186
92377.229785,-0.289797957,0.0177849756,376.826156,0.186
92377.233954,-0.289807235,0.0205675949,339.398464,0.186
92377.238122,-0.287854732,0.0170497883,367.153406,0.186
92377.242291,-0.293325207,0.0217039187,368.023318,0.186
92377.246459,-0.288656677,0.0158604352,359.112747,0.186
92377.250627,-0.292744153,0.0173354773,349.077237,0.186
92377.254796,-0.289972075,0.0173837982,346.73918,0.186
92377.261048,-0.292502691,0.0172320726,217.611753,0.186
92377.267301,-0.290386218,0.016894022,345.903544,0.186
92377.271469,-0.293579745,0.0155578413,351.030865,0.186
92377.275638,-0.293567804,0.015472138,372.909688,0.186
92377.279806,-0.295049756,0.0140929386,331.970757,0.186
92377.283975,-0.293621409,0.0114074271,328.615892,0.186
92377.288143,-0.295296727,0.01342284,364.286109,0.186
92377.292311,-0.291929114,0.0101882729,372.185618,0.186
92377.296480,-0.293643316,0.0141899308,387.477077,0.186
92377.300648,-0.29013749,0.0122760154,381.134541,0.186
92377.304817,-0.292074139,0.0122369017,355.26056,0.186
92377.308985,-0.293942079,0.0125767908,352.772799,0.186
92377.313153,-0.298336031,0.00991370491,322.988672,0.186
92377.317322,-0.299574319,0.0106272508,321.296224,0.186
92377.321490,-0.293980183,0.00904754175,319.292532,0.186
92377.325659,-0.294349845,0.00866514411,305.763484,0.186
92377.329827,-0.290378833,0.0104617368,271.363929,0.186
92377.333996,-0.286887559,0.0107248951,265.230008,0.186
92377.338164,-0.285960346,0.0117240325,257.216141,0.186
92377.342332,-0.289261045,0.00860891839,346.4786,0.186
92377.346501,-0.289921584,0.007474325,360.13847,0.186
92377.350669,-0.293055485,0.00667937639,356.040933,0.186
92377.354838,-0.291761142,0.00374981206,333.525749,0.186
92377.359006,-0.294111751,0.00598425913,352.999895,0.186
92377.363174,-0.289008657,0.00492284469,320.313531,0.186
92377.367343,-0.286930038,0.00890084097,297.858837,0.186
92377.371511,-0.284429117,0.00652714133,338.506789,0.186
92377.375680,-0.282519664,0.00862291026,319.836981,0.186
92377.379848,-0.284199985,0.00354542454,317.855244,0.186
92377.384016,-0.286048304,0.00562279872,325.090357,0.186
92377.388185,-0.286167687,0.00367914906,309.752929,0.186
92377.392353,-0.28527242,0.00590555128,316.324829,0.186
92377.396522,-0.286770725,0.00502997528,337.775098,0.186
92377.400690,-0.281292482,0.00471704422,305.866003,0.186
92377.404858,-0.282511796,0.00472369623,322.401037,0.186
92377.409027,-0.279233928,0.0053929494,346.294957,0.186
92377.413195,-0.277720624,0.00563869549,309.300804,0.186
92377.417364,-0.275378031,0.00520015555,303.015211,0.186
92377.421532,-0.277248391,0.00351072425,360.578296,0.186
92377.425701,-0.275878662,0.00280591852,376.320842,0.186
92377.429869,-0.274226644,0.0022664352,352.845623,0.186
92377.434037,-0.275579371,0.00342535072,349.415938,0.186
92377.438206,-0.275193949,0.0027443937,329.710202,0.186
92377.442374,-0.273778859,0.00152096671,338.091967,0.186
92377.446543,-0.274192358,0.000919066994,362.572617,0.186
92377.450711,-0.272306362,0.000891172921,342.86621,0.186
92377.454879,-0.271390423,-0.00190580697,348.528459,0.186
92377.459048,-0.270611675,-0.00380334439,350.397377,0.186
92377.463216,-0.267293748,-0.00336947768,308.921949,0.186
92377.467385,-0.264917702,-0.00543773386,309.958693,0.186
92377.471553,-0.269054703,-0.00372016547,344.542,0.186
92377.475721,-0.26819985,-0.00257164775,339.644875,0.186
92377.479890,-0.266465277,-0.00298104651,337.042913,0.186
92377.484058,-0.266241547,-0.000932698511,333.157594,0.186
92377.488227,-0.265859314,-0.000259444666,302.974066,0.186
92377.492395,-0.262629941,-0.00132373123,322.433472,0.186
92377.496563,-0.262925604,-0.00334874872,328.062603,0.186
92377.500732,-0.26345573,-0.00440469415,344.087915,0.186
92377.504900,-0.260461383,-0.00410341921,329.366384,0.186
92377.509069,-0.261214446,-0.00626767301,330.649144,0.186
92377.513237,-0.263827355,0.00118980598,237.559401,0.186
92377.517405,-0.263184785,0.00156218651,239.554826,0.186
92377.521574,-0.264622764,0.00308771409,315.200298,0.186
92377.525742,-0.26258681,0.003200238,299.099044,0.186
92377.529911,-0.261312614,0.00117752948,274.808755,0.186
92377.534079,-0.260433525,0.00162416519,279.708948,0.186
92377.538248,-0.256793199,-0.000164918811,269.728985,0.186
92377.542416,-0.256594257,-0.000574708895,297.354746,0.186
92377.546584,-0.255929557,0.00168331448,309.109917,0.186
92377.550753,-0.257414969,0.000746914627,282.935065,0.186
92377.554921,-0.260429509,0.00208354646,293.080415,0.186
92377.559090,-0.259480135,0.000896479805,292.128422,0.186
92377.563258,-0.262072726,-0.000191244996,279.609128,0.186
92377.567426,-0.261388365,-0.00114803812,301.385114,0.186
92377.571595,-0.259450164,-0.0023042923,310.193577,0.186
92377.575763,-0.258234405,-0.000372828195,283.742378,0.186
92377.579932,-0.258885972,-0.00329610645,290.374785,0.186
92377.584100,-0.259278038,-0.000586748249,289.25122,0.186
92377.588268,-0.258470386,-0.00388617079,310.713291,0.186
92377.592437,-0.257665493,-0.00784213972,287.577938,0.186
92377.596605,-0.25833763,-0.00886814342,294.622317,0.186
92377.600774,-0.258999871,-0.0100997163,348.25468,0.186
92377.604942,-0.261486378,-0.00913235517,332.514041,0.186
92377.609110,-0.260640461,-0.00870911131,337.067008,0.186
92377.613279,-0.261269941,-0.0115766076,335.897383,0.186
92377.617447,-0.263585166,-0.0120224044,353.098787,0.186
92377.621616,-0.260784987,-0.0133958803,300.986274,0.186
92377.627868,-0.261675778,-0.0158048259,240.764958,0.186
92377.634121,-0.260850664,-0.0123087857,293.35766,0.186
92377.638289,-0.260993847,-0.0140135437,300.630552,0.186
92377.642458,-0.261499254,-0.0115385363,306.784313,0.186
92377.646626,-0.257755608,-0.0148514636,315.331555,0.186
92377.650795,-0.261592122,-0.0139028663,315.818936,0.186
92377.654963,-0.259365366,-0.0135159911,282.093126,0.186
92377.659131,-0.261566734,-0.0128778079,305.489651,0.186
92377.663300,-0.262133442,-0.00850770528,324.255784,0.186
92377.667468,-0.261571058,-0.00928224986,298.359443,0.186
92377.671637,-0.259702147,-0.0108729811,266.937872,0.186
92377.675805,-0.258860607,-0.00738157964,291.056233,0.186
92377.679973,-0.255451323,-0.00917336274,296.639396,0.186
92377.684142,-0.255855474,-0.00528950169,306.262507,0.186
92377.688310,-0.251395791,-0.00598078541,317.433789,0.186
92377.692479,-0.25591358,-0.00485625064,329.978472,0.186
92377.696647,-0.254100718,-0.00553000744,336.42598,0.186
92377.700815,-0.25527251,-0.00560347861,336.100741,0.186
92377.704984,-0.257580738,-0.00676376427,302.197424,0.186
92377.709152,-0.257626769,-0.00603000816,336.708022,0.186
92377.713321,-0.252862055,-0.00361276612,297.141827,0.186
92377.717489,-0.252040575,-0.00486908068,286.277221,0.186
92377.721657,-0.250024262,-0.0028157525,302.136255,0.186
92377.725826,-0.247928717,-0.0039756765,307.931065,0.186
92377.729994,-0.245563118,-0.00522789042,323.324194,0.186
92377.734163,-0.246825337,-0.00413760831,359.320694,0.186
92377.738331,-0.247321943,-0.00346261171,336.878485,0.186
92377.742499,-0.247470606,-0.003255783,356.650317,0.186
92377.746668,-0.248625613,-0.00118853846,335.612471,0.186
92377.750836,-0.247598835,-0.00433786512,354.189503,0.186
92377.755005,-0.246820156,-0.00605667449,383.431404,0.186
92377.759173,-0.248199768,-0.00685726449,360.435641,0.186
92377.763341,-0.247841264,-0.00770439352,344.802031,0.186
92377.767510,-0.247085715,-0.00817326575,353.545537,0.186
92377.771678,-0.246674272,-0.00621083156,316.394001,0.186
92377.775847,-0.246365234,-0.0069810878,320.959804,0.186
92377.780015,-0.245397062,-0.00599066636,317.399377,0.186
92377.784184,-0.246896667,-0.00811575784,336.696687,0.186
92377.788352,-0.246161003,-0.00935619573,358.004469,0.186
92377.792520,-0.249129803,-0.00962110664,354.324422,0.186
92377.796689,-0.249160266,-0.0116926538,331.517267,0.186
92377.800857,-0.2513232,-0.00958688752,335.541335,0.186
92377.805026,-0.250889677,-0.0127586987,339.430849,0.186
92377.809194,-0.251875813,-0.0110943278,350.032391,0.186
92377.813362,-0.251187086,-0.0102918395,340.904663,0.186
92377.817531,-0.251235575,-0.00884201256,312.891358,0.186
92377.821699,-0.253754918,-0.0090748357,339.960738,0.186
92377.825868,-0.254847262,-0.00649112534,333.126815,0.186
92377.830036,-0.255536853,-0.00572748376,374.782193,0.186
92377.834204,-0.255028009,-0.00840526567,342.642034,0.186
92377.838373,-0.257705545,-0.00606740075,313.741731,0.186
92377.842541,-0.256190836,-0.00738868334,338.438444,0.186
92377.846710,-0.257990801,-0.00630228965,327.620242,0.186
92377.850878,-0.259200014,-0.00606655226,330.694766,0.186
92377.855046,-0.261774592,-0.00459035315,310.832068,0.186
92377.859215,-0.263580196,-0.004254649,337.254341,0.186
92377.863383,-0.263903152,-0.00553334946,315.259556,0.186
92377.867552,-0.264117515,-0.00434635195,330.00367,0.186
92377.871720,-0.263902083,-0.00613092188,316.243465,0.186
92377.875889,-0.265498851,-0.00497410143,321.233733,0.186
92377.880057,-0.264734462,-0.00780259305,315.434781,0.186
92377.884225,-0.268401608,-0.00440993831,320.042058,0.186
92377.888394,-0.265173305,-0.00657314762,328.62508,0.186
92377.892562,-0.270041674,-0.00683027708,345.171096,0.186
92377.896731,-0.271863486,-0.0049722427,337.345584,0.186
92377.900899,-0.268200066,-0.00698341671,291.062114,0.186
92377.905067,-0.273084952,-0.00668139118,307.933747,0.186
92377.909236,-0.269462371,-0.00631868831,308.31577,0.186
92377.913404,-0.271432533,-0.00468832258,289.563077,0.186
92377.917573,-0.271582355,-0.00417832071,283.19732,0.186
92377.921741,-0.272619555,-0.00279574086,324.210315,0.186
92377.927994,-0.275888205,-0.00125663139,244.511541,0.186
92377.934246,-0.276069521,-0.00123760333,323.899605,0.186
92377.938415,-0.274618866,-0.00276984251,308.983089,0.186
92377.942583,-0.27562071,-0.00175852913,294.900795,0.186
92377.946751,-0.274984543,-0.000465440473,305.924818,0.186
92377.950920,-0.274750895,-0.000152516034,282.997162,0.186
92377.955088,-0.273793444,-5.87793493e-05,310.060013,0.186
92377.959257,-0.273304831,-0.00193865508,301.453159,0.186
92377.963425,-0.276020984,-0.00330991521,314.404992,0.186
92377.967593,-0.275908758,-0.00424998289,318.064546,0.186
92377.971762,-0.27718744,-0.00544191294,315.642312,0.186
92377.975930,-0.27891648,-0.00603715078,323.174466,0.186
92377.980099,-0.278518281,-0.00475902916,316.798534,0.186
92377.984267,-0.283249972,-0.00578135315,372.035085,0.186
92377.988436,-0.279020892,-0.00783847649,327.098335,0.186
92377.992604,-0.278829276,-0.01120148,285.786948,0.186
92377.996772,-0.278801089,-0.0149583305,287.665222,0.186
92378.000941,-0.279117354,-0.0145888989,332.792064,0.186
92378.005109,-0.276303288,-0.016265234,327.99104,0.186
92378.009278,-0.276127246,-0.013658179,331.975708,0.186
92378.013446,-0.2757936,-0.013906592,285.86572,0.186
92378.017614,-0.279594314,-0.0101131486,310.669904,0.186
92378.021783,-0.280818688,-0.0140248247,261.86511,0.186
92378.025951,-0.28228481,-0.0129410087,278.548596,0.186
92378.030120,-0.285676121,-0.0128889906,293.317198,0.186
92378.034288,-0.278668429,-0.0150250244,284.90081,0.186
92378.038456,-0.276987335,-0.0147128421,277.172921,0.186
92378.042625,-0.275216495,-0.0114956825,355.853136,0.186
92378.046793,-0.271422585,-0.0109400591,335.56983,0.186
92378.050962,-0.276589099,-0.00861357141,278.72747,0.186
92378.055130,-0.27785807,-0.00793041541,282.365766,0.186
92378.059299,-0.278495032,-0.00925358133,292.696496,0.186
92378.063467,-0.280379406,-0.00786019323,326.94513,0.186
92378.067635,-0.276171889,-0.0104615512,303.367131,0.186
92378.071804,-0.274441205,-0.00600533047,219.581942,0.186
92378.075972,-0.26890324,-0.00838042647,216.387699,0.186
92378.080141,-0.266623377,-0.00541861231,226.542316,0.186
92378.084309,-0.264143231,-0.00738901324,259.342342,0.186
92378.088477,-0.261558095,-0.00713963146,263.784391,0.186
92378.092646,-0.266230785,-0.00755528639,257.656352,0.186
92378.096814,-0.268455504,-0.00736541181,261.579482,0.186
92378.100983,-0.267747691,-0.00896743105,258.566409,0.186
92378.105151,-0.26643274,-0.00796073337,270.814511,0.186
92378.111404,-0.262576945,-0.00881757471,198.115995,0.186
92378.117656,-0.258016367,-0.0106387721,224.576693,0.186
92378.121825,-0.257491902,-0.00763916079,229.575819,0.186
92378.125993,-0.253295395,-0.00810189276,243.11477,0.186
92378.130161,-0.251723843,-0.00582741831,241.024626,0.186
92378.134330,-0.258539852,-0.0046845066,283.900153,0.186
92378.138498,-0.257487783,-0.00439693994,266.886236,0.186
92378.142667,-0.256987594,-0.0065796252,306.654662,0.186
92378.146835,-0.257968172,-0.00661881153,309.846773,0.186
92378.151004,-0.256555606,-0.00592911216,295.748506,0.186
92378.155172,-0.252525972,-0.00231363746,273.958994,0.186
92378.159340,-0.251940667,-0.00212074089,280.510629,0.186
92378.163509,-0.250280554,0.000151727453,300.680312,0.186
92378.167677,-0.249233705,-0.00135292825,309.166096,0.186
92378.171846,-0.250694284,-0.00120630978,278.149064,0.186
92378.176014,-0.249198919,-0.00597802526,293.666289,0.186
92378.180182,-0.250595112,-0.00361168963,289.53495,0.186
92378.184351,-0.252532972,-0.0048102741,269.298658,0.186
92378.188519,-0.256552081,-0.00394429555,268.873149,0.186
92378.192688,-0.25307524,-0.00409780348,304.370999,0.186
92378.196856,-0.254829841,-0.00519718586,312.980446,0.186
92378.201024,-0.255004245,-0.00463737628,274.942964,0.186
92378.205193,-0.253045972,-0.00772688783,286.525577,0.186
92378.209361,-0.253332391,-0.00765174805,274.539453,0.186
92378.213530,-0.253878941,-0.00686713714,317.703237,0.186
92378.217698,-0.253789575,-0.00727484971,310.451754,0.186
92378.221866,-0.25569225,-0.00822330061,283.795334,0.186
92378.226035,-0.260033001,-0.00811165199,255.724819,0.186
92378.230203,-0.26089488,-0.00934944948,254.269669,0.186
92378.234372,-0.260974498,-0.011149717,276.035074,0.186
92378.238540,-0.262236919,-0.0118730095,268.822157,0.186
92378.242708,-0.261193792,-0.00917064396,292.177311,0.186
92378.246877,-0.2588819,-0.00762404621,270.096993,0.186
92378.251045,-0.262079168,-0.00670844979,304.586266,0.186
92378.255214,-0.263222464,-0.00418627067,289.818729,0.186
92378.259382,-0.264932463,-0.00619962678,281.011615,0.186
92378.263551,-0.26825411,-0.0058209258,288.810001,0.186
92378.267719,-0.270109584,-0.00643107893,289.037661,0.186
92378.271887,-0.272271621,-0.00635150643,303.298952,0.186
92378.276056,-0.274375366,-0.00463289727,313.927269,0.186
92378.280224,-0.272592709,-0.0071055366,286.258207,0.186
92378.284393,-0.273144553,-0.00371978811,268.909756,0.186
92378.288561,-0.269976226,-0.00409128831,285.171728,0.186
92378.292729,-0.278584621,-0.000145309682,265.636176,0.186
92378.296898,-0.278876854,0.000653082568,278.316712,0.186
92378.301066,-0.28385696,0.00373911562,281.408854,0.186
92378.305235,-0.288781734,-0.00171113044,303.60447,0.186
92378.309403,-0.288874694,-0.00450978594,307.396133,0.186
92378.313571,-0.286735974,-0.00755917226,296.049964,0.186
92378.317740,-0.286583331,-0.0105830582,289.528876,0.186
92378.321908,-0.287422426,-0.00526003732,223.009406,0.186
92378.326077,-0.287601027,-0.00323554076,228.244436,0.186
92378.330245,-0.289412326,-0.00174796394,222.754675,0.186
92378.334413,-0.293493642,-0.00274672596,270.940568,0.186
92378.338582,-0.298358164,-0.00406358074,289.018693,0.186
92378.342750,-0.295563951,-0.00818340961,331.103941,0.186
92378.346919,-0.295577524,-0.0116872003,314.082117,0.186
92378.351087,-0.298013953,-0.0111918417,275.841965,0.186
92378.355255,-0.295294635,-0.010602171,324.618802,0.186
92378.359424,-0.294199388,-0.00861069897,341.167656,0.186
92378.363592,-0.297507849,-0.008283294,325.472457,0.186
92378.367761,-0.296612526,-0.00703729461,314.363152,0.186
92378.371929,-0.300587519,-0.00775330239,306.051086,0.186
92378.376097,-0.301311897,-0.00884366775,310.959817,0.186
92378.380266,-0.300794331,-0.0103565102,318.810279,0.186
92378.384434,-0.2996634,-0.00875054826,307.333499,0.186
92378.388603,-0.297645651,-0.0082741808,297.304094,0.186
92378.392771,-0.29356035,-0.00684685667,277.911341,0.186
92378.396940,-0.29291453,-0.0045276714,310.630342,0.186
92378.401108,-0.291214652,-0.00232188214,286.110601,0.186
92378.405276,-0.300457922,-0.00233145377,257.410179,0.186
92378.409445,-0.302197749,-0.00235376786,258.976111,0.186
92378.413613,-0.298489075,-0.00900270975,280.790292,0.186
92378.417782,-0.297756397,-0.0104432899,288.683963,0.186
92378.421950,-0.295735237,-0.00731527766,273.04753,0.186
92378.426118,-0.294142666,-0.00529496372,264.164581,0.186
92378.430287,-0.293271911,-0.00422047538,274.56353,0.186
92378.434455,-0.291380746,-0.0020408485,311.186934,0.186
92378.438624,-0.289417688,-0.00439931504,324.168213,0.186
92378.442792,-0.295155576,-0.0041458238,285.608946,0.186
92378.446960,-0.295895475,-0.00541174481,266.844651,0.186
92378.451129,-0.29715355,-0.00760067511,253.84242,0.186
92378.455297,-0.298378135,-0.00455703195,300.736081,0.186
92378.459466,-0.303416949,-0.00648547048,321.149203,0.186
92378.463634,-0.292733631,-0.00379151389,277.159858,0.186
92378.467803,-0.297910985,-0.00504241093,281.077037,0.186
92378.471971,-0.290848672,-0.0045108634,288.839514,0.186
92378.476139,-0.295660354,-0.00583739848,333.514611,0.186
92378.480308,-0.298048808,-0.00384470336,333.32785,0.186
92378.484476,-0.295085754,-0.00626206613,314.249564,0.186
92378.488645,-0.302854419,-0.00488160115,320.410704,0.186
92378.494897,-0.301108165,-0.00487245438,250.203373,0.186
92378.501150,-0.304943777,-0.00329724025,333.963178,0.186
92378.505318,-0.298801084,-0.00717603637,301.454445,0.186
92378.509487,-0.299725651,-0.00476384002,306.23994,0.186
92378.513655,-0.300154124,-0.00348573223,342.768551,0.186
92378.517823,-0.298024826,-0.00357284633,318.608659,0.186
92378.521992,-0.303147224,-0.00205498508,321.053632,0.186
92378.526160,-0.302539888,-0.00444189511,273.742632,0.186
92378.530329,-0.308213559,-0.000770976981,276.518997,0.186
92378.534497,-0.306450147,-0.00109669327,333.984717,0.186
92378.538666,-0.308250727,-0.00418966225,332.786074,0.186
92378.542834,-0.309258494,-0.00225203924,335.255303,0.186
92378.547002,-0.306791402,-0.00432101128,315.335047,0.186
92378.551171,-0.30785176,-0.00396567311,327.622441,0.186
92378.555339,-0.304284867,-0.00112287772,313.414445,0.186
92378.559508,-0.305760551,0.00207962063,312.86516,0.186
92378.563676,-0.311167616,0.00129861901,271.314962,0.186
92378.567844,-0.312786622,0.00190398893,266.4938,0.186
92378.572013,-0.318470535,0.00177154419,271.572318,0.186
92378.576181,-0.315371463,-0.00220835935,323.547559,0.186
92378.580350,-0.318430757,-0.00387482107,304.916576,0.186
92378.584518,-0.310532928,-0.0019498991,274.976241,0.186
92378.588686,-0.306494933,0.000326957502,273.486476,0.186
92378.592855,-0.312145315,0.00566729846,275.175504,0.186
92378.597023,-0.309795264,0.00689146771,264.490657,0.186
92378.601192,-0.312022461,0.00699056916,272.844355,0.186
92378.605360,-0.319157716,0.00250376631,193.825238,0.186
92378.609528,-0.32467305,0.00297122728,194.81741,0.186
92378.613697,-0.318031698,0.00181668279,300.513687,0.186
92378.617865,-0.318567216,0.00254197672,312.006045,0.186
92378.622034,-0.314466015,0.00389142957,290.601915,0.186
92378.626202,-0.306906718,0.00688998927,263.706129,0.186
92378.630371,-0.304169699,0.0109929236,261.487814,0.186
92378.634539,-0.309496055,0.00905708732,248.962187,0.186
92378.638707,-0.314623863,0.0113445465,246.737118,0.186
92378.642876,-0.317666993,0.00762342698,211.449353,0.186
92378.647044,-0.324651937,0.00787348892,213.292292,0.186
92378.651213,-0.323896593,0.00480588688,208.845552,0.186
92378.655381,-0.316553258,0.00905994218,238.516398,0.186
92378.659549,-0.312585644,0.00689552567,236.610891,0.186
92378.663718,-0.309465777,0.011576566,264.295866,0.186
92378.667886,-0.306818412,0.00807466485,243.854019,0.186
92378.672055,-0.305372811,0.0122092534,251.542198,0.186
92378.676223,-0.313544872,0.00856265777,264.265536,0.186
92378.680391,-0.314578132,0.00770428586,269.368052,0.186
92378.684560,-0.313607807,0.00778070941,278.225893,0.186
92378.688728,-0.317367827,0.0080390795,286.402799,0.186
92378.694981,-0.315512194,0.00767816979,241.468923,0.186
92378.701233,-0.313678828,0.00667196857,351.919069,0.186
92378.705402,-0.312114093,0.00817762211,328.199488,0.186
92378.709570,-0.309628446,0.00887195007,307.111351,0.186
92378.713739,-0.313849165,0.0103193869,283.636532,0.186
92378.717907,-0.315197694,0.0115628552,298.758113,0.186
92378.722076,-0.319288771,0.0123747438,301.228588,0.186
92378.726244,-0.316400143,0.00790276257,335.992319,0.186
92378.730412,-0.318305825,0.00717353744,329.475539,0.186
92378.734581,-0.312915785,0.00804598396,285.068862,0.186
92378.738749,-0.30958056,0.00786594505,297.293303,0.186
92378.742918,-0.31331176,0.0114033002,315.893261,0.186
92378.747086,-0.309973142,0.0123490729,315.772483,0.186
92378.751254,-0.311961881,0.0130984265,334.940168,0.186
92378.755423,-0.315625174,0.0116384827,260.465566,0.186
92378.759591,-0.322776363,0.0108897837,255.48832,0.186
92378.763760,-0.317896766,0.00972816608,344.222699,0.186
92378.767928,-0.32143492,0.00843662301,343.449054,0.186
92378.772096,-0.321774471,0.0094012853,337.753748,0.186
92378.776265,-0.3193519,0.00988349046,352.748819,0.186
92378.780433,-0.320134878,0.0106911517,348.510446,0.186
92378.784602,-0.32025975,0.00942401101,359.717394,0.186
92378.788770,-0.322398647,0.010251745,310.969866,0.186
92378.792938,-0.322608475,0.00923489463,309.538243,0.186
92378.797107,-0.327176104,0.0110622368,312.197565,0.186
92378.801275,-0.3247378,0.0124277497,291.658234,0.186
92378.805444,-0.329680197,0.0109229849,333.64936,0.186
92378.809612,-0.329572955,0.0113004415,317.262654,0.186
92378.813781,-0.329226859,0.00940034742,302.576496,0.186
92378.817949,-0.332795693,0.00712921596,309.975241,0.186
92378.822117,-0.330950714,0.00920681776,305.341748,0.186
92378.826286,-0.329828554,0.00772469452,311.490088,0.186
92378.830454,-0.327987292,0.0127067585,304.494458,0.186
92378.834623,-0.33426914,0.0104294713,290.585427,0.186
92378.838791,-0.334470608,0.0162232703,266.799051,0.186
92378.842959,-0.335858875,0.00806005059,246.534507,0.186
92378.847128,-0.339607528,0.00867626528,244.696635,0.186
92378.851296,-0.344148227,0.00704980774,241.390255,0.186
92378.855465,-0.340989486,0.00380109619,271.643366,0.186
92378.859633,-0.342834861,0.00315498638,264.359812,0.186
92378.863801,-0.341375618,0.00260273552,211.948576,0.186
92378.867970,-0.334687325,0.00118732877,209.910324,0.186
92378.872138,-0.338922972,0.00414773712,215.140432,0.186
92378.876307,-0.336777175,0.00629418351,279.286003,0.186
92378.880475,-0.335890291,0.0102956906,274.217306,0.186
92378.884643,-0.340992869,0.00508777746,212.844392,0.186
92378.888812,-0.342870193,0.00951004401,215.469061,0.186
92378.892980,-0.350931494,0.0091673093,212.599572,0.186
92378.897149,-0.351358003,-0.000564307072,228.497481,0.186
92378.901317,-0.347860438,0.0253248449,218.521951,0.186
92378.905486,-0.347274353,0.00948516526,181.01631,0.186
92378.909654,-0.339658022,-0.000406424695,180.454991,0.186
92378.913822,-0.34061275,0.0121907277,211.004834,0.186
92378.917991,-0.350559364,0.00521972915,210.097355,0.186
92378.922159,-0.338040349,-0.0105265218,217.776768,0.186
92378.926328,-0.34511115,0.0142484684,234.644061,0.186
92378.930496,-0.353024638,0.0130490213,217.687544,0.186
92378.934664,-0.344554803,0.00659867435,223.519981,0.186
92378.938833,-0.356693052,0.00694357105,216.591024,0.186
92378.943001,-0.353191125,0.0166165165,224.944645,0.186
92378.947170,-0.348168731,0.0100351259,174.699326,0.186
92378.951338,-0.34386407,0.00938989708,178.294643,0.186
92378.955506,-0.340514614,0.0130846439,251.079011,0.186
92378.959675,-0.350297922,0.0196839227,228.912876,0.186
92378.963843,-0.346414289,0.00803937098,268.395586,0.186
92378.968012,-0.354558178,0.00565272166,265.137372,0.186
92378.972180,-0.35565562,0.010684014,261.498855,0.186
92378.976348,-0.349225183,0.00819498318,286.490179,0.186
92378.980517,-0.349410226,0.00553153992,304.328364,0.186
92378.984685,-0.356340388,0.0175299931,258.687742,0.186
92378.988854,-0.352251759,0.0120437784,296.824511,0.186
92378.993022,-0.35731574,0.0136775506,285.965465,0.186
92378.997190,-0.360822685,0.0124245834,256.09723,0.186
92379.001359,-0.360799831,0.0100305945,266.804366,0.186
92379.005527,-0.35777101,0.00882533933,196.22738,0.186
92379.009696,-0.35986334,0.00836870324,187.734893,0.186
92379.013864,-0.35756852,0.0122218565,230.852284,0.186
92379.018033,-0.364387918,0.0153143621,242.715954,0.186
92379.022201,-0.358373608,0.0159909165,246.030193,0.186
92379.026369,-0.364628534,0.0103611998,257.958892,0.186
92379.030538,-0.372329606,0.0118422691,270.522311,0.186
92379.034706,-0.367317194,0.00917407625,231.20173,0.186
92379.038875,-0.376939787,0.0109926579,243.106287,0.186
92379.043043,-0.372227932,0.010337354,238.08465,0.186
92379.047211,-0.367990242,0.0104875402,217.202299,0.186
92379.051380,-0.368501244,0.0107643913,214.208822,0.186
92379.055548,-0.372512297,0.00614975752,275.335715,0.186
92379.059717,-0.377926038,0.00573796292,288.545544,0.186
92379.063885,-0.377614393,0.00832040953,300.513199,0.186
92379.068053,-0.378726364,0.0126147761,276.413834,0.186
92379.072222,-0.380763302,0.0114548033,275.380128,0.186
92379.076390,-0.381357303,0.0189110699,323.876391,0.186
92379.080559,-0.379940421,0.0170665106,296.388372,0.186
92379.084727,-0.384543501,0.0141031256,205.264399,0.186
92379.088895,-0.38586474,0.0132355993,206.961218,0.186
92379.093064,-0.384319531,0.00730589325,219.544104,0.186
92379.097232,-0.384126034,0.00747883171,235.135262,0.186
92379.101401,-0.380591213,0.00568394748,231.153594,0.186
92379.105569,-0.382027291,0.0123393336,312.911724,0.186
92379.109737,-0.378528691,0.0115534958,276.514,0.186
92379.113906,-0.38168001,0.015535858,294.385497,0.186
92379.118074,-0.381624776,0.0135685798,289.370932,0.186
92379.122243,-0.382811908,0.0141537873,306.346291,0.186
92379.126411,-0.383110168,0.0127189161,299.731071,0.186
92379.130580,-0.382533298,0.0114959686,303.533653,0.186
92379.134748,-0.379617136,0.0147116806,261.948855,0.186
92379.138916,-0.37539379,0.0127911103,261.895752,0.186
92379.143085,-0.370764095,0.0148682113,252.977136,0.186
92379.147253,-0.375034118,0.0146735023,296.693461,0.186
92379.151422,-0.376689345,0.0157151359,283.739194,0.186
92379.155590,-0.376154923,0.0119554773,276.2267,0.186
92379.159758,-0.382313319,0.0127622711,279.741329,0.186
92379.163927,-0.375905058,0.0114003008,252.753812,0.186
92379.168095,-0.373640905,0.01015409,247.195299,0.186
92379.172264,-0.372898355,0.012181256,262.939184,0.186
92379.176432,-0.366481536,0.0168413273,180.462941,0.186
92379.180600,-0.366543072,0.023102742,175.28833,0.186
92379.184769,-0.372250704,0.0191058083,245.73925,0.186
92379.188937,-0.373942802,0.0210404626,251.073029,0.186
92379.193106,-0.376683023,0.0221825303,247.390247,0.186
92379.197274,-0.37082051,0.0116639555,257.514102,0.186
92379.201443,-0.374180865,0.0194995805,276.629019,0.186
92379.205611,-0.363149937,0.0135318345,241.648721,0.186
92379.209779,-0.366178121,0.0220124484,233.295417,0.186
92379.213948,-0.364567164,0.016525269,236.966872,0.186
92379.218116,-0.364851428,0.0203006073,244.733273,0.186
92379.222285,-0.366332497,0.0205258982,249.97441,0.186
92379.226453,-0.371218675,0.0177131467,248.109518,0.186
92379.230621,-0.372767414,0.018774984,253.135697,0.186
92379.234790,-0.363235338,0.0186646178,178.184265,0.186
92379.238958,-0.357406174,0.019312273,182.770844,0.186
92379.243127,-0.347170582,0.0203010527,181.75419,0.186
92379.247295,-0.347295472,0.021698973,263.224352,0.186
92379.251463,-0.347462337,0.0268285581,268.409477,0.186
92379.255632,-0.358440655,0.0201954469,154.450527,0.186
92379.259800,-0.365227099,0.0157399215,152.161445,0.186
92379.263969,-0.354559195,0.0278439601,222.165821,0.186
92379.268137,-0.364941048,0.00797473859,231.848612,0.186
92379.272305,-0.346765719,0.0105817921,234.6699,0.186
92379.276474,-0.343382019,0.0227950525,140.518108,0.186
92379.280642,-0.332167847,0.0148061217,144.054541,0.186
92379.284811,-0.337110019,0.0164287825,208.802777,0.186
92379.288979,-0.345123231,0.0183213684,209.920996,0.186
92379.293148,-0.33945322,0.0328957997,208.795371,0.186
92379.297316,-0.33930865,0.0168810065,283.190006,0.186
92379.301484,-0.336317309,0.0252333657,270.689784,0.186
92379.305653,-0.33943745,0.0235643563,267.513179,0.186
92379.309821,-0.337748093,0.0165308556,269.658446,0.186
92379.313990,-0.339463606,0.0155436505,266.516795,0.186
92379.318158,-0.324665292,0.00740612419,187.872432,0.186
92379.322326,-0.320415173,0.00412289772,186.888971,0.186
92379.326495,-0.320334961,0.0197824146,207.249392,0.186
92379.330663,-0.319168403,0.017011152,205.892392,0.186
92379.334832,-0.323206855,0.0146541527,197.884888,0.186
92379.339000,-0.32498664,0.0370791707,195.812517,0.186
92379.343168,-0.331586378,0.0200658619,199.433971,0.186
92379.347337,-0.319639234,0.0197507584,235.430902,0.186
92379.351505,-0.321423478,0.0172230875,234.916721,0.186
92379.355674,-0.314017076,0.0116070558,272.552582,0.186
92379.359842,-0.311462302,0.00997503327,268.16401,0.186
92379.364010,-0.307631346,0.0104817958,280.732299,0.186
92379.368179,-0.312200753,0.0193699745,253.035815,0.186
92379.372347,-0.309153001,0.0203637654,255.079842,0.186
92379.376516,-0.313783721,0.0240449569,258.575103,0.186
92379.380684,-0.316743108,0.020829201,274.026284,0.186
92379.384852,-0.31321456,0.0199761337,336.837063,0.186
92379.389021,-0.312504799,0.0135102622,346.36321,0.186
92379.393189,-0.317454879,0.0164589717,342.224378,0.186
92379.397358,-0.305996862,0.0155048049,230.031894,0.186
92379.401526,-0.303862561,0.0187543929,227.254613,0.186
92379.405695,-0.303962866,0.0210665935,298.081839,0.186
92379.409863,-0.299801816,0.021851753,285.132263,0.186
92379.414031,-0.301060041,0.0238559047,328.293982,0.186
92379.418200,-0.308990701,0.0198924193,239.921463,0.186
92379.422368,-0.31030787,0.0187999331,239.640204,0.186
92379.426537,-0.314306932,0.0188967702,354.311875,0.186
92379.430705,-0.313433839,0.0161119337,342.445481,0.186
92379.434873,-0.306453715,0.0187769517,212.258011,0.186
92379.439042,-0.304731719,0.0149052168,213.260769,0.186
92379.443210,-0.300021831,0.0167556669,213.001795,0.186
92379.447379,-0.305924246,0.0195043026,319.774932,0.186
92379.451547,-0.303034382,0.0197967523,323.645964,0.186
92379.455715,-0.308528113,0.0185475503,314.434799,0.186
92379.459884,-0.310285924,0.0182039358,325.43696,0.186
92379.464052,-0.31126537,0.0195945619,305.165663,0.186
92379.468221,-0.309533555,0.0189290797,325.321184,0.186
92379.472389,-0.309701721,0.0175472352,363.797518,0.186
92379.476558,-0.305813245,0.0186272541,308.382238,0.186
92379.480726,-0.303504106,0.0148201115,320.417967,0.186
92379.484894,-0.3095983,0.0178326546,297.234147,0.186
92379.489063,-0.307996445,0.02028716,337.915253,0.186
92379.493231,-0.306781587,0.0203185706,319.269573,0.186
92379.497400,-0.307876279,0.0231598754,320.28265,0.186
92379.501568,-0.308294502,0.0213410348,323.569577,0.186
92379.505736,-0.308779965,0.0199733568,344.582222,0.186
92379.509905,-0.307668587,0.0184205681,360.805115,0.186
92379.514073,-0.308426154,0.0178075483,346.962708,0.186
92379.518242,-0.307415551,0.0176115624,377.685157,0.186
92379.522410,-0.309926815,0.0192675567,336.023188,0.186
92379.526578,-0.309202272,0.0204777897,331.589087,0.186
92379.530747,-0.30872777,0.0217392338,347.533624,0.186
92379.534915,-0.310425546,0.0175372822,296.391597,0.186
92379.539084,-0.309913302,0.0156079786,301.788401,0.186
92379.543252,-0.306656245,0.0142702257,323.323929,0.186
92379.547421,-0.313377346,0.0154931946,325.26304,0.186
92379.551589,-0.312067509,0.0163116439,316.587284,0.186
92379.555757,-0.310638642,0.0194063408,362.107916,0.186
92379.559926,-0.312109264,0.0200210602,340.660136,0.186
92379.564094,-0.308429899,0.0173986555,334.201499,0.186
92379.568263,-0.317380076,0.0195105581,325.12121,0.186
92379.572431,-0.310574048,0.0128491863,369.423233,0.186
92379.576599,-0.317529126,0.0128500133,377.072729,0.186
92379.580768,-0.314841888,0.0124742796,346.387585,0.186
92379.584936,-0.317690047,0.0118975496,316.313183,0.186
92379.589105,-0.319626712,0.015577524,336.101682,0.186
92379.593273,-0.317037372,0.0160255606,333.999322,0.186
92379.597441,-0.315249648,0.0164114078,358.22791,0.186
92379.601610,-0.312993962,0.0167664103,346.598548,0.186
92379.605778,-0.320140209,0.0144389408,262.807783,0.186
92379.609947,-0.322975383,0.0164602884,264.468392,0.186
92379.614115,-0.324387774,0.0113034088,257.5448,0.186
92379.618283,-0.32104548,0.0127420651,301.144824,0.186
92379.622452,-0.319706652,0.00794408118,304.689552,0.186
92379.626620,-0.314489717,0.0154497463,296.39655,0.186
92379.630789,-0.313762516,0.0164360545,291.496693,0.186
92379.634957,-0.318994011,0.0181790165,291.559225,0.186
92379.639126,-0.320976784,0.018979493,278.060909,0.186
92379.643294,-0.322542804,0.0192915624,299.411372,0.186
92379.647462,-0.317115168,0.0106231281,335.381759,0.186
92379.651631,-0.319071595,0.0146616664,319.469598,0.186
92379.655799,-0.312926301,0.0138028103,338.876303,0.186
92379.659968,-0.314273732,0.016328118,342.857437,0.186
92379.664136,-0.308602418,0.0176782461,354.123929,0.186
92379.668304,-0.316036957,0.0159544684,273.542602,0.186
92379.672473,-0.320015005,0.0167754245,264.947475,0.186
92379.676641,-0.315718115,0.0112496264,271.120324,0.186
92379.680810,-0.316227946,0.00729684444,269.704578,0.186
92379.684978,-0.317002192,0.00522324969,263.355312,0.186
92379.689146,-0.305543509,0.00543054919,272.98815,0.186
92379.693315,-0.302460043,0.00981967525,278.39864,0.186
92379.697483,-0.303116065,0.0132058214,294.352342,0.186
92379.701652,-0.302046238,0.0179946846,267.395037,0.186
92379.705820,-0.305950941,0.0092755899,211.439436,0.186
92379.709989,-0.311375751,0.0130851062,212.209156,0.186
92379.714157,-0.309956593,0.00984421189,211.052256,0.186
92379.718325,-0.304759624,0.00578058255,313.375401,0.186
92379.722494,-0.304175499,0.00737398834,325.9718,0.186
92379.726662,-0.297623476,0.00936219129,280.697984,0.186
92379.730831,-0.296755903,0.0141472385,268.327528,0.186
92379.734999,-0.292566884,0.0148104335,287.4831,0.186
92379.739167,-0.294852682,0.0145601558,338.849098,0.186
92379.743336,-0.292180286,0.011664964,351.05837,0.186
92379.747504,-0.292397409,0.0114617207,327.785991,0.186
92379.751673,-0.293472478,0.00994995119,314.031069,0.186
92379.755841,-0.289796679,0.0115988234,325.784283,0.186
92379.760009,-0.293679303,0.0150337942,317.680469,0.186
92379.764178,-0.288440426,0.0132065251,336.805678,0.186
92379.768346,-0.288626338,0.0157462614,327.62424,0.186
92379.772515,-0.28423222,0.0116515274,358.080758,0.186
92379.776683,-0.283248569,0.0152088001,364.982587,0.186
92379.780851,-0.280277943,0.0117663824,328.240822,0.186
92379.785020,-0.277890743,0.0147861354,366.54835,0.186
92379.789188,-0.280556704,0.0161176355,342.467029,0.186
92379.793357,-0.278364029,0.0149548957,328.257172,0.186
92379.797525,-0.280344813,0.0151525514,330.73179,0.186
92379.801693,-0.277528711,0.0110953984,345.546086,0.186
92379.805862,-0.273706148,0.0149220207,323.312194,0.186
92379.810030,-0.272329744,0.0128605178,319.021699,0.186
92379.814199,-0.271978744,0.0123082383,326.350336,0.186
92379.818367,-0.273576217,0.0167100616,304.826572,0.186
92379.822536,-0.272310863,0.0149708403,327.695942,0.186
92379.826704,-0.270705034,0.0130424628,318.195528,0.186
92379.830872,-0.27196733,0.0131929251,333.321981,0.186
92379.835041,-0.267648684,0.0113866465,326.247343,0.186
92379.839209,-0.26731851,0.0117033439,326.128972,0.186
92379.843378,-0.264538294,0.0125800831,348.420546,0.186
92379.847546,-0.267477942,0.0119998408,307.377481,0.186
92379.851714,-0.268968212,0.0138233698,307.128347,0.186
92379.855883,-0.265983685,0.0104678592,329.485482,0.186
92379.860051,-0.269494349,0.0123201527,348.501165,0.186
92379.864220,-0.267001276,0.00993869432,344.764694,0.186
92379.868388,-0.267279627,0.0126487167,376.219782,0.186
92379.872556,-0.267290943,0.0124908953,388.836112,0.186
92379.876725,-0.264219366,0.0139962594,341.160811,0.186
92379.880893,-0.264470097,0.0125795559,351.52934,0.186
92379.885062,-0.26232592,0.0130989656,328.201977,0.186
92379.889230,-0.264606402,0.0133935491,317.984293,0.186
92379.893398,-0.263636117,0.0121757484,318.240627,0.186
92379.897567,-0.264735099,0.0143101887,322.225784,0.186
92379.901735,-0.264561249,0.0147491989,324.017953,0.186
92379.905904,-0.263176329,0.0147774529,307.394655,0.186
92379.910072,-0.262606251,0.0164753272,319.283844,0.186
92379.914241,-0.264080442,0.0144927669,321.797276,0.186
92379.918409,-0.263567316,0.0148592155,328.981218,0.186
92379.922577,-0.266316355,0.0133583802,337.863041,0.186
92379.926746,-0.261487588,0.0136996984,333.554304,0.186
92379.930914,-0.262220823,0.0131269071,347.420725,0.186
92379.935083,-0.261180214,0.0155948647,342.092506,0.186
92379.939251,-0.262182646,0.0146893374,337.208028,0.186
92379.943419,-0.264125606,0.0177945094,347.604026,0.186
92379.947588,-0.260737879,0.0130699892,325.443451,0.186
92379.951756,-0.264910091,0.0153308451,333.180886,0.186
92379.955925,-0.262882558,0.0143246045,315.475426,0.186
92379.960093,-0.262221581,0.0146758633,354.938011,0.186
92379.964261,-0.26559467,0.0159953974,349.330307,0.186
92379.968430,-0.263830768,0.0146638773,319.072616,0.186
92379.972598,-0.267066189,0.0181344754,326.956918,0.186
92379.976767,-0.262576769,0.0147892051,344.315901,0.186
92379.980935,-0.266905221,0.0170889137,333.705929,0.186
92379.985104,-0.264547282,0.0169778849,307.926805,0.186
92379.989272,-0.26791541,0.01597701,302.700242,0.186
92379.993440,-0.270931574,0.0174701829,316.350623,0.186
92379.997609,-0.266155154,0.0161580919,317.09213,0.186
92380.001777,-0.269271728,0.0142791675,321.843155,0.186
92380.005946,-0.272564059,0.01946616,334.594071,0.186
92380.010114,-0.265845736,0.0124742061,287.79357,0.186
92380.014282,-0.27116877,0.0180909685,329.521804,0.186
92380.018451,-0.270862596,0.0118423742,307.110482,0.186
92380.022619,-0.274299596,0.0165823287,336.059049,0.186
92380.028872,-0.275055702,0.0130095624,256.725685,0.186
92380.035124,-0.277279872,0.0127450434,328.703094,0.186
92380.039293,-0.276522672,0.0136167046,355.278479,0.186
92380.043461,-0.281026205,0.0158035282,354.282261,0.186
92380.047630,-0.274931917,0.0133915365,319.174467,0.186
92380.051798,-0.278491376,0.0119402552,333.297955,0.186
92380.055966,-0.281783897,0.0127773784,295.131067,0.186
92380.060135,-0.281569108,0.0100480472,291.89065,0.186
92380.064303,-0.287298904,0.0100520051,306.380527,0.186
92380.068472,-0.285049439,0.00921599905,337.460036,0.186
92380.072640,-0.292445631,0.00973996695,359.535809,0.186
92380.076808,-0.287087934,0.0112047115,325.342865,0.186
92380.080977,-0.286625636,0.011497433,330.870409,0.186
92380.085145,-0.288420392,0.0121020905,339.231431,0.186
92380.089314,-0.285792206,0.0103962348,350.173044,0.186
92380.093482,-0.288305593,0.0115272102,334.091696,0.186
92380.097650,-0.292302303,0.00990250377,303.074558,0.186
92380.101819,-0.295410956,0.0105399924,292.705612,0.186
92380.105987,-0.29801638,0.00979377094,302.37625,0.186
92380.110156,-0.296130321,0.00957999621,328.42548,0.186
92380.114324,-0.2957538,0.0103850023,343.638711,0.186
92380.118493,-0.295748898,0.0123556675,302.327499,0.186
92380.122661,-0.29565459,0.0126246821,284.55479,0.186
92380.126829,-0.295558437,0.0112340429,293.397475,0.186
92380.130998,-0.291802393,0.0112819843,287.81185,0.186
92380.135166,-0.289629989,0.00916406837,284.639454,0.186
92380.139335,-0.295810373,0.0160902907,315.482021,0.186
92380.143503,-0.290728376,0.01403828,330.726749,0.186
92380.147671,-0.299562204,0.0164994352,274.782195,0.186
92380.151840,-0.297944619,0.016292242,276.732847,0.186
92380.156008,-0.305486792,0.01596275,283.627323,0.186
92380.160177,-0.30037588,0.0137446647,331.902162,0.186
92380.164345,-0.301228046,0.00986252755,323.675776,0.186
92380.168513,-0.294716857,0.0131277899,253.953476,0.186
92380.172682,-0.291639834,0.0145688399,248.818013,0.186
92380.176850,-0.296637645,0.0166483795,357.512822,0.186
92380.181019,-0.291658828,0.0184295338,358.272372,0.186
92380.185187,-0.294424404,0.0183861995,356.163864,0.186
92380.189356,-0.300973604,0.0148174454,256.229549,0.186
92380.193524,-0.301262018,0.0118609389,262.527613,0.186
92380.197692,-0.302553939,0.0128354578,416.949123,0.186
92380.201861,-0.301284099,0.0119086774,352.55899,0.186
92380.206029,-0.303297867,0.0126137508,361.599527,0.186
92380.210198,-0.295283919,0.0138611549,276.561869,0.186
92380.214366,-0.294696028,0.0148797393,285.932923,0.186
92380.218534,-0.297973149,0.0137051397,338.46781,0.186
92380.222703,-0.299128251,0.0129855101,353.306276,0.186
92380.226871,-0.304051574,0.0127344276,297.67136,0.186
92380.231040,-0.305042466,0.0122252627,316.756005,0.186
92380.235208,-0.30883353,0.0135542471,316.334375,0.186
92380.239376,-0.305274865,0.0106799052,372.617563,0.186
92380.243545,-0.304636198,0.00980815835,376.16269,0.186
92380.247713,-0.302400953,0.00963208014,283.080818,0.186
92380.251882,-0.297384474,0.0106332538,276.406241,0.186
92380.256050,-0.300484209,0.00893474237,261.913687,0.186
92380.260219,-0.301988003,0.0139354837,322.089864,0.186
92380.264387,-0.304106468,0.0111424234,365.225608,0.186
92380.268555,-0.308795546,0.0126025802,347.372003,0.186
92380.272724,-0.305715194,0.00877965197,386.859506,0.186
92380.276892,-0.30534382,0.00992422756,340.775191,0.186
92380.281061,-0.303068363,0.00739630262,342.909602,0.186
92380.285229,-0.30253712,0.0108208993,350.380156,0.186
92380.289397,-0.300260268,0.010492547,329.323532,0.186
92380.293566,-0.299988366,0.0134672848,333.403174,0.186
92380.297734,-0.304842017,0.0111997116,302.1809,0.186
92380.301903,-0.304314596,0.00883143575,296.177032,0.186
92380.306071,-0.309655487,0.0100552208,305.598208,0.186
92380.310239,-0.306169204,0.00736780288,372.948109,0.186
92380.314408,-0.313073583,0.010655014,346.706735,0.186
92380.318576,-0.309686679,0.0120844853,305.612319,0.186
92380.322745,-0.311559453,0.0148200245,308.969104,0.186
92380.326913,-0.311241325,0.0122811259,268.899113,0.186
92380.331081,-0.307092496,0.0151647729,281.357762,0.186
92380.335250,-0.307397475,0.0137361633,298.445016,0.186
92380.339418,-0.311713958,0.0152004923,395.383112,0.186
92380.343587,-0.311486618,0.0174659895,340.254308,0.186
92380.347755,-0.321090514,0.0174704709,309.994912,0.186
92380.351924,-0.321758748,0.0158839158,306.504561,0.186
92380.356092,-0.328557235,0.014626405,317.133575,0.186
92380.360260,-0.329696451,0.0170421314,299.001949,0.186
92380.364429,-0.323383956,0.00939119012,304.74473,0.186
92380.368597,-0.325132354,0.0142341287,242.219822,0.186
92380.372766,-0.326845726,0.0157505554,226.46458,0.186
92380.376934,-0.321530002,0.0111891251,259.791729,0.186
92380.381102,-0.325073116,0.0143889811,259.23691,0.186
92380.385271,-0.322589099,0.0138753379,261.652753,0.186
92380.389439,-0.3280351,0.0121119889,371.886567,0.186
92380.393608,-0.329285276,0.0132435402,353.70284,0.186
92380.397776,-0.330662565,0.0110206611,276.707316,0.186
92380.401944,-0.335663119,0.0127916259,266.511603,0.186
92380.406113,-0.335972211,0.0115629703,277.547099,0.186
92380.410281,-0.337743546,0.0144632432,319.334735,0.186
92380.414450,-0.33853084,0.0129196826,320.396895,0.186
92380.418618,-0.33354237,0.0145286728,245.974837,0.186
92380.422787,-0.330961903,0.0121062374,248.4473,0.186
92380.426955,-0.331760434,0.0130577593,342.586387,0.186
92380.431123,-0.329913542,0.014199653,347.421672,0.186
92380.435292,-0.328889295,0.0146893335,330.02039,0.186
92380.439460,-0.343013966,0.0162628495,186.84935,0.186
92380.443629,-0.347275159,0.017700052,182.41939,0.186
92380.447797,-0.343122813,0.0100111118,288.16445,0.186
92380.451965,-0.347259507,0.0117890428,305.356199,0.186
92380.456134,-0.34301011,0.00619200989,319.873273,0.186
92380.460302,-0.342032792,0.0154963316,220.979649,0.186
92380.464471,-0.337254311,0.0153193728,224.288715,0.186
92380.468639,-0.344304289,0.0183075626,314.216379,0.186
92380.472807,-0.343779947,0.0177089532,300.507927,0.186
92380.476976,-0.349180562,0.0126960183,232.586946,0.186
92380.481144,-0.351263744,0.0132377256,227.575507,0.186
92380.485313,-0.356923865,0.0183821838,213.963563,0.186
92380.489481,-0.349853058,0.0112220396,274.618623,0.186
92380.493650,-0.352986615,0.00886088757,280.633109,0.186
92380.497818,-0.355568245,0.01757233,246.026884,0.186
92380.501986,-0.351677358,0.0108198432,257.125186,0.186
92380.506155,-0.352390852,0.0143649995,259.708365,0.186
92380.510323,-0.352197999,0.0190594498,264.114572,0.186
92380.514492,-0.348347742,0.0180927416,269.268848,0.186
92380.518660,-0.354517572,0.0175104923,285.424932,0.186
92380.522828,-0.357022884,0.0150620555,259.826436,0.186
92380.526997,-0.356278021,0.0143473441,266.445202,0.186
92380.531165,-0.360542859,0.0134729462,281.109541,0.186
92380.535334,-0.362283201,0.0142293892,278.991201,0.186
92380.539502,-0.355613358,0.015831382,240.109472,0.186
92380.543670,-0.358329654,0.0197642482,229.742814,0.186
92380.547839,-0.354628027,0.0148285411,237.189193,0.186
92380.552007,-0.354490837,0.0184194313,245.639602,0.186
92380.556176,-0.350446019,0.0131954733,269.265122,0.186
92380.560344,-0.356781895,0.0140894516,298.478589,0.186
92380.564512,-0.357345352,0.0130203654,299.379361,0.186
92380.568681,-0.359588113,0.0135332998,292.751604,0.186
92380.572849,-0.364359528,0.0139314372,267.70583,0.186
92380.577018,-0.36284475,0.0136249474,274.267586,0.186
92380.581186,-0.361462903,0.0156558783,247.129553,0.186
92380.585355,-0.355988488,0.0129699948,254.070457,0.186
92380.589523,-0.356568786,0.0133013585,251.258802,0.186
92380.593691,-0.349461926,0.00878077915,253.11515,0.186
92380.597860,-0.351914769,0.0114989416,271.577638,0.186
92380.602028,-0.35020692,0.00745589674,294.092474,0.186
92380.606197,-0.349013718,0.00819546163,330.012283,0.186
92380.610365,-0.350792156,0.00665317323,286.934594,0.186
92380.614533,-0.352621145,0.00589434676,284.2005,0.186
92380.618702,-0.346594169,0.0101204665,245.197657,0.186
92380.622870,-0.349702,0.0103095508,236.539018,0.186
92380.627039,-0.352378819,0.0169822413,228.603046,0.186
92380.631207,-0.344850416,0.0109950199,332.154461,0.186
92380.635375,-0.346445759,0.01198689,316.611869,0.186
92380.639544,-0.340088944,0.00715423493,307.851826,0.186
92380.643712,-0.338734169,0.0098328351,308.670363,0.186
92380.647881,-0.33800593,0.011420562,312.792675,0.186
92380.652049,-0.3357571,0.0142440353,303.910433,0.186
92380.656217,-0.336411354,0.0149125896,303.355878,0.186
92380.660386,-0.340709989,0.0173525096,258.033384,0.186
92380.664554,-0.339857634,0.0137023058,289.227955,0.186
92380.668723,-0.334574257,0.0123840859,329.641066,0.186
92380.672891,-0.331902218,0.0103126873,310.141973,0.186
92380.677060,-0.332637532,0.0124403238,308.697971,0.186
92380.681228,-0.325631555,0.0170378246,241.082047,0.186
92380.685396,-0.319887736,0.0152491531,241.16192,0.186
92380.689565,-0.31924735,0.0147685386,335.994396,0.186
92380.693733,-0.319534584,0.019330741,331.880104,0.186
92380.697902,-0.320107584,0.0144124633,266.11449,0.186
92380.702070,-0.321933815,0.0183324665,279.12417,0.186
92380.706238,-0.323841143,0.0144306281,262.658347,0.186
92380.710407,-0.318777581,0.0104638838,289.582893,0.186
92380.714575,-0.315202305,0.00537688625,290.785659,0.186
92380.718744,-0.311641919,0.0107552293,244.113502,0.186
92380.722912,-0.303648605,0.010219518,250.222652,0.186
92380.727080,-0.30399752,0.0136044271,249.941011,0.186
92380.731249,-0.306847597,0.0166657745,284.790691,0.186
92380.735417,-0.306613672,0.0179959435,294.869182,0.186
92380.739586,-0.310503584,0.0131847056,353.512448,0.186
92380.743754,-0.303576454,0.00744013349,350.35066,0.186
92380.747923,-0.306021909,0.0115824003,386.742353,0.186
92380.752091,-0.302003245,0.00857206807,352.78887,0.186
92380.756259,-0.303116656,0.00996692382,362.827413,0.186
92380.760428,-0.302901645,0.0120513299,386.320225,0.186
92380.764596,-0.30361105,0.0120752139,365.692132,0.186
92380.768765,-0.302732499,0.0106828088,355.32657,0.186
92380.772933,-0.305169251,0.00788544324,344.707869,0.186
92380.777101,-0.306301429,0.0122610114,351.615946,0.186
92380.781270,-0.308607858,0.0106884619,342.363229,0.186
92380.785438,-0.310830488,0.0139357056,340.228906,0.186
92380.789607,-0.307239755,0.0100459374,348.597839,0.186
92380.793775,-0.311738137,0.0133207112,334.437077,0.186
92380.797943,-0.307336848,0.011785343,304.006089,0.186
92380.802112,-0.309274427,0.014650724,331.072218,0.186
92380.806280,-0.306888576,0.013041724,300.435058,0.186
92380.810449,-0.313059809,0.0156970456,353.122021,0.186
92380.814617,-0.314655153,0.014111646,366.081265,0.186
92380.818785,-0.315767729,0.0154614206,347.418234,0.186
92380.822954,-0.318499469,0.0142424872,347.686946,0.186
92380.827122,-0.32269911,0.0145723276,346.104622,0.186
92380.831291,-0.319978028,0.0158917806,320.915779,0.186
92380.835459,-0.317354769,0.0160168974,333.302103,0.186
92380.839628,-0.319913115,0.0169168211,281.901833,0.186
92380.843796,-0.312678591,0.0151956814,286.515395,0.186
92380.847964,-0.318429239,0.0136625264,354.767089,0.186
92380.852133,-0.318545559,0.0139318506,334.043263,0.186
92380.856301,-0.316717683,0.0141680191,371.551724,0.186
92380.860470,-0.324224024,0.0128506798,247.582086,0.186
92380.864638,-0.327284121,0.0176803892,232.76429,0.186
92380.868806,-0.319367696,0.010470627,316.165103,0.186
92380.872975,-0.32639734,0.0143905258,299.090023,0.186
92380.877143,-0.321696026,0.0120202556,315.867054,0.186
92380.881312,-0.315588185,0.00775189976,244.923029,0.186
92380.885480,-0.316042746,0.0100472546,238.843216,0.186
92380.889648,-0.313593563,0.00754628777,278.69971,0.186
92380.893817,-0.315677389,0.01105419,271.036552,0.186
92380.897985,-0.318923129,0.00877235797,275.085337,0.186
92380.902154,-0.325787424,0.00793593224,171.109762,0.186
92380.906322,-0.331631213,0.00387342296,169.653758,0.186
92380.910491,-0.328160016,0.00690687643,309.975475,0.186
92380.914659,-0.33263969,0.00356604526,343.150938,0.186
92380.918827,-0.324649656,0.0049437622,243.915821,0.186
92380.922996,-0.324607606,0.00467865912,252.634894,0.186
92380.927164,-0.320120321,0.00424998,247.493881,0.186
92380.931333,-0.326831898,0.00570853362,392.431197,0.186
92380.935501,-0.321963124,0.00588098375,383.053581,0.186
92380.939669,-0.330791647,0.00305285117,205.34537,0.186
92380.943838,-0.334470255,0.00507932802,208.716164,0.186
92380.948006,-0.336552509,0.00117732962,202.67079,0.186
92380.952175,-0.342939332,0.00451925248,239.286086,0.186
92380.956343,-0.34469796,2.51188268e-05,232.404845,0.186
92380.960511,-0.338267918,0.00222226125,229.067435,0.186
92380.964680,-0.335942483,5.80674789e-05,229.257623,0.186
92380.968848,-0.333362279,0.00344424048,251.464821,0.186
92380.973017,-0.330428382,0.000403696062,259.764972,0.186
92380.977185,-0.331337861,0.00612125271,251.326133,0.186
92380.981353,-0.33324247,0.0033072558,312.28082,0.186
92380.985522,-0.336599959,0.00601149363,304.72871,0.186
92380.989690,-0.337647699,0.00565544418,278.264391,0.186
92380.995943,-0.339590575,0.0036512378,179.455335,0.186
92381.002196,-0.336738107,0.00169011926,342.812024,0.186
92381.006364,-0.334755477,0.00169311127,352.027895,0.186
92381.010532,-0.331805457,0.0053729287,300.510899,0.186
92381.014701,-0.332523794,0.00998861358,298.594914,0.186
92381.018869,-0.33315042,0.00765738501,337.832887,0.186
92381.023038,-0.332344031,0.010051953,366.705485,0.186
92381.027206,-0.329280771,0.00574633716,376.758215,0.186
92381.031374,-0.331347692,0.00569509656,324.899103,0.186
92381.035543,-0.327321577,0.00475217929,332.787019,0.186
92381.039711,-0.320350211,0.00772137565,304.311404,0.186
92381.043880,-0.321677842,0.00961518331,304.24071,0.186
92381.048048,-0.314231697,0.00977954481,306.632988,0.186
92381.052216,-0.32049077,0.00897366477,336.296267,0.186
92381.056385,-0.318870184,0.00939630014,346.566734,0.186
92381.060553,-0.317917866,0.00514765222,331.598985,0.186
92381.064722,-0.324343096,0.00780191213,300.449354,0.186
92381.068890,-0.312795463,0.00804266917,261.084292,0.186
92381.073059,-0.311012938,0.0100925514,262.477158,0.186
92381.077227,-0.306331447,0.0117796378,261.2456,0.186
92381.081395,-0.305887261,0.0101198079,381.554087,0.186
92381.085564,-0.305278878,0.011210586,372.670654,0.186
92381.089732,-0.3084237,0.00809282864,270.844081,0.186
92381.093901,-0.313387653,0.00849218819,272.592779,0.186
92381.098069,-0.312476056,0.00767438509,267.682257,0.186
92381.102237,-0.309581539,0.00935675306,382.608198,0.186
92381.106406,-0.307820961,0.00863984497,382.384413,0.186
92381.110574,-0.302469558,0.0101467461,284.151293,0.186
92381.114743,-0.299090083,0.0128106123,295.767551,0.186
92381.118911,-0.302446809,0.00980144672,356.933864,0.186
92381.123079,-0.299867825,0.00991605469,317.747396,0.186
92381.127248,-0.298900985,0.00756578595,338.245738,0.186
92381.131416,-0.300276142,0.00827250873,287.065533,0.186
92381.135585,-0.301942079,0.00702575353,275.455049,0.186
92381.139753,-0.299897872,0.0098316052,310.916202,0.186
92381.143922,-0.302385611,0.00845561354,319.885448,0.186
92381.148090,-0.305801626,0.0114273455,324.460684,0.186
92381.152258,-0.299780981,0.00608568552,355.416866,0.186
92381.156427,-0.299105084,0.00439344156,353.482563,0.186
92381.160595,-0.294994951,0.00260321609,331.452744,0.186
92381.164764,-0.290010645,0.00206975247,337.090157,0.186
92381.168932,-0.293967011,0.00513525771,343.369558,0.186
92381.173100,-0.292105856,0.00743531921,340.230564,0.186
92381.177269,-0.290637662,0.00808952823,322.983633,0.186
92381.181437,-0.295196657,0.00496647741,303.406183,0.186
92381.185606,-0.293338104,0.00380470506,296.871501,0.186
92381.189774,-0.288930199,0.00262999657,380.161253,0.186
92381.193942,-0.288277001,0.00288349622,382.170698,0.186
92381.198111,-0.284224473,0.00471967435,373.047545,0.186
92381.202279,-0.282918826,0.00918161747,326.04042,0.186
92381.206448,-0.284223817,0.0116196481,345.453983,0.186
92381.210616,-0.283451321,0.0123059808,332.659724,0.186
92381.214784,-0.287610597,0.00923999594,345.633851,0.186
92381.218953,-0.281772439,0.00948369816,380.306083,0.186
92381.223121,-0.282989089,0.00843320986,383.902876,0.186
92381.227290,-0.281282409,0.00824970362,345.388871,0.186
92381.231458,-0.277936624,0.0129112243,277.816276,0.186
92381.235627,-0.275897785,0.0132075281,279.625725,0.186
92381.239795,-0.280711948,0.013788392,322.072888,0.186
92381.243963,-0.279717241,0.0153323964,304.513725,0.186
92381.248132,-0.282918236,0.0153240305,307.915538,0.186
92381.252300,-0.281436007,0.011728769,363.413777,0.186
92381.256469,-0.284277651,0.0121777685,347.139827,0.186
92381.260637,-0.282657172,0.0111094529,340.735019,0.186
92381.264805,-0.282929322,0.0116500236,345.585493,0.186
92381.268974,-0.284925433,0.0129735416,405.317781,0.186
92381.273142,-0.281522676,0.0110988242,385.187079,0.186
92381.277311,-0.286387404,0.0133002394,381.8612,0.186
92381.281479,-0.282720222,0.0110848257,362.114258,0.186
92381.285647,-0.287815998,0.0134907784,383.258986,0.186
92381.289816,-0.290041846,0.0136071263,369.514254,0.186
92381.293984,-0.291535871,0.0122259942,374.294157,0.186
92381.298153,-0.291956696,0.0114905872,334.409624,0.186
92381.302321,-0.294966441,0.0123134479,322.373886,0.186
92381.306489,-0.292809077,0.00874544412,356.573693,0.186
92381.310658,-0.298053956,0.0134541372,344.877269,0.186
92381.314826,-0.300536304,0.0106100112,363.250575,0.186
92381.318995,-0.304490706,0.0118973051,348.591782,0.186
92381.323163,-0.30447899,0.0112133436,347.235498,0.186
92381.327332,-0.306991383,0.00847331674,335.553067,0.186
92381.331500,-0.308083269,0.0115146441,325.573554,0.186
92381.335668,-0.307865265,0.00826090576,339.858455,0.186
92381.339837,-0.312083477,0.00635211843,312.212944,0.186
92381.344005,-0.311933327,0.0047139306,314.995912,0.186
92381.348174,-0.316369483,0.0049577582,322.998575,0.186
92381.352342,-0.313856027,0.00425869579,377.245354,0.186
92381.356510,-0.31786577,0.00559447854,391.400499,0.186
92381.360679,-0.317581088,0.00603999495,423.949881,0.186
92381.364847,-0.315715533,0.00535850119,388.531092,0.186
92381.369016,-0.318867259,0.00687564408,405.198758,0.186
92381.373184,-0.315878085,0.00423951147,375.707294,0.186
92381.377352,-0.318311983,0.00600841075,368.40086,0.186
92381.381521,-0.320648928,0.00687597595,341.911047,0.186
92381.385689,-0.320844808,0.00570362269,344.267139,0.186
92381.389858,-0.318938896,0.00839901574,387.976235,0.186
92381.394026,-0.320555267,0.00724205616,416.851369,0.186
92381.398194,-0.31668735,0.00875464468,417.827848,0.186
92381.402363,-0.315259272,0.0082239758,410.8501,0.186
92381.406531,-0.315107176,0.00764390344,347.766609,0.186
92381.410700,-0.319878342,0.0105406856,308.482864,0.186
92381.414868,-0.31680539,0.00911532763,306.941808,0.186
92381.419037,-0.319125672,0.0128352696,312.684767,0.186
92381.423205,-0.318044372,0.011178985,370.542204,0.186
92381.427373,-0.315536634,0.0135646612,329.615751,0.186
92381.431542,-0.313854702,0.0106832417,301.285706,0.186
92381.435710,-0.314669252,0.0146114584,326.589817,0.186
92381.439879,-0.31370158,0.0126375558,375.295027,0.186
92381.444047,-0.310789117,0.0135435916,359.580186,0.186
92381.448215,-0.309772491,0.0100537702,369.011133,0.186
92381.452384,-0.313523587,0.0105758472,313.583644,0.186
92381.456552,-0.319983585,0.013457958,306.493411,0.186
92381.460721,-0.310322617,0.00751002308,276.05194,0.186
92381.464889,-0.31421515,-0.00026884774,286.298642,0.186
92381.469057,-0.325168504,0.00518334329,289.074565,0.186
92381.473226,-0.314376747,0.00204949386,309.26659,0.186
92381.477394,-0.320008088,-0.00102504778,321.960725,0.186
92381.481563,-0.312859387,0.00382368409,295.731024,0.186
92381.485731,-0.314346163,0.00247148426,286.890974,0.186
92381.489900,-0.315892894,0.00539386638,412.164147,0.186
92381.494068,-0.313606021,0.00408182913,397.835013,0.186
92381.498236,-0.317157855,0.00730056502,386.697923,0.186
92381.502405,-0.320889681,0.00405710292,251.931866,0.186
92381.506573,-0.322330953,0.00652777553,262.38359,0.186
92381.510742,-0.319008601,0.00946187483,255.777068,0.186
92381.514910,-0.314601392,0.00272685497,257.907195,0.186
92381.519078,-0.320627386,0.00883654554,262.669572,0.186
92381.523247,-0.319807934,-0.00292663759,311.168945,0.186
92381.527415,-0.335144252,-0.00690152358,275.5347,0.186
92381.531584,-0.397899502,-0.00792899347,243.610129,0.186
92381.535752,-0.316522899,-0.00474205764,263.601338,0.186
92381.539920,-0.25647645,0.0165984061,56.8017036,0.186
92381.544089,-0.415462544,-0.0735122017,56.4039384,0.186
92381.548257,-0.381473901,0.0423000684,56.5662083,0.186
92381.552426,-0.30351891,-0.0237371627,49.9534371,0.186
92381.556594,-0.34007988,-0.00957732009,49.7904466,0.186
92381.560762,-0.385484806,-0.0139206339,45.3438199,0.186
92381.564931,-0.348322283,0.0417789155,45.4051503,0.186
92381.569099,-0.350587546,0.0148893578,45.3760093,0.186
92381.573268,-0.372545093,-0.0173718594,280.067129,0.186
92381.577436,-0.353164825,0.0270850727,268.154784,0.186
92381.581605,-0.333702173,0.00748746752,73.39917,0.186
92381.585773,-0.333972721,0.00800813857,73.6261644,0.186
92381.589941,-0.356587868,0.00129877316,33.6875734,0.186
92381.594110,-0.359022972,0.00276094319,33.6782766,0.186
92381.598278,-0.355236172,0.0322902028,33.6904148,0.186
92381.602447,-0.37274695,0.00126143993,27.9483149,0.186
92381.606615,-0.37892283,-0.0415241474,28.0014288,0.186
92381.610783,-0.354842228,-0.0207520597,47.1319138,0.186
92381.614952,-0.380383025,-0.0324121804,46.850024,0.186
92381.619120,-0.385127362,-0.0626508104,46.914869,0.186
92381.623289,-0.364307987,0.0207791725,105.16816,0.186
92381.627457,-0.377947209,-0.0287315437,102.357697,0.186
92381.631625,-0.359633877,-0.000430205782,51.4165183,0.186
92381.635794,-0.356172976,0.0120146453,51.3936059,0.186
92381.639962,-0.3606153,0.00284631696,49.7191899,0.186
92381.644131,-0.358933764,-0.000416849327,49.6156991,0.186
92381.648299,-0.356310772,0.0107607047,49.6516392,0.186
92381.652468,-0.364665898,0.0196548065,65.6547886,0.186
92381.656636,-0.358234551,0.0159549083,65.6328015,0.186
92381.660804,-0.354330698,0.0143434349,144.655872,0.186
92381.664973,-0.355796592,0.0269778705,142.614409,0.186
92381.669141,-0.348447397,0.0080899913,149.533228,0.186
92381.673309,-0.364475947,0.0135190743,150.370034,0.186
92381.677478,-0.363477631,0.0190827538,150.391817,0.186
92381.681646,-0.360132862,0.0082558002,104.797347,0.186
92381.685815,-0.36907919,-0.006392089,105.675944,0.186
92381.689983,-0.365069776,0.00785819801,105.411998,0.186
92381.694152,-0.370080825,0.0133105481,129.293037,0.186
92381.698320,-0.373179008,-0.000639033972,130.368076,0.186
92381.702488,-0.370109805,0.00664492915,215.71146,0.186
92381.706657,-0.372880946,0.0112433526,208.901156,0.186
92381.710825,-0.371481134,0.0130090853,258.389355,0.186
92381.714994,-0.365584343,0.0162140532,240.124867,0.186
92381.719162,-0.368534764,0.0195650549,246.89719,0.186
92381.723330,-0.36961376,0.0257201505,270.044978,0.186
92381.727499,-0.369431574,0.0256618287,264.184658,0.186
92381.731667,-0.37216723,0.0232066382,257.643363,0.186
92381.735836,-0.375299172,0.020490632,246.934228,0.186
92381.740004,-0.377723987,0.0169678491,234.533193,0.186
92381.744173,-0.373906931,0.0217756731,283.32147,0.186
92381.748341,-0.37547928,0.0210940931,285.182601,0.186
92381.752509,-0.373006103,0.0271755446,242.569314,0.186
92381.756678,-0.37048225,0.0257221946,243.273776,0.186
92381.760846,-0.377012941,0.0218051187,297.926457,0.186
92381.765015,-0.377284919,0.0259204824,294.928037,0.186
92381.769183,-0.381270082,0.0219104011,295.420256,0.186
92381.773351,-0.381024538,0.0185166917,288.693024,0.186
92381.777520,-0.379741215,0.0228866573,271.120082,0.186
92381.781688,-0.375074952,0.0188579329,233.960692,0.186
92381.785857,-0.373765235,0.0209137947,215.760829,0.186
92381.790025,-0.372914104,0.0200386854,235.454867,0.186
92381.794193,-0.377942838,0.0164479977,314.883659,0.186
92381.798362,-0.377620482,0.0127309928,301.160875,0.186
92381.802530,-0.385725314,0.017701599,273.283711,0.186
92381.806699,-0.38135293,0.0136108575,255.954696,0.186
92381.810867,-0.38061628,0.0166709052,284.994385,0.186
92381.815035,-0.385348657,0.0203623196,281.37495,0.186
92381.819204,-0.380726133,0.0182449452,295.26117,0.186
92381.823372,-0.387744534,0.0153882957,287.625985,0.186
92381.827541,-0.380499962,0.00800582464,277.645633,0.186
92381.831709,-0.381580769,0.00744488866,286.967875,0.186
92381.835877,-0.380875242,0.00958009112,276.023385,0.186
92381.840046,-0.377336214,0.0126105038,273.377776,0.186
92381.844214,-0.382578949,0.018441287,215.481292,0.186
92381.848383,-0.377167368,0.0210912318,208.93487,0.186
92381.852551,-0.391217333,0.0184724261,241.096454,0.186
92381.856720,-0.384463763,0.00839591302,254.65976,0.186
92381.860888,-0.380706054,0.011127682,230.52436,0.186
92381.865056,-0.379026194,0.00476689828,241.337621,0.186
92381.869225,-0.374616099,0.00576231272,242.212591,0.186
92381.873393,-0.378395217,0.0108216608,268.024683,0.186
92381.877562,-0.378501467,0.0129896348,264.081733,0.186
92381.881730,-0.377062231,0.0105535539,270.777078,0.186
92381.885898,-0.379191667,0.0126237937,289.553412,0.186
92381.890067,-0.379396687,0.0105960803,278.212329,0.186
92381.894235,-0.37425527,0.00855747503,263.997804,0.186
92381.898404,-0.376012166,0.0102872882,275.505158,0.186
92381.902572,-0.369797906,0.00938787333,259.959999,0.186
92381.906741,-0.370818566,0.0105122528,258.657269,0.186
92381.910909,-0.371186733,0.00618030908,261.617733,0.186
92381.915077,-0.374480572,0.00692381372,278.396485,0.186
92381.919246,-0.374144643,0.00462896035,262.60989,0.186
92381.923414,-0.372334348,0.00651377688,272.49806,0.186
92381.927583,-0.374445033,0.00774327447,273.378398,0.186
92381.931751,-0.372396704,0.0081661971,275.749932,0.186
92381.935919,-0.372366402,0.0122938819,255.172915,0.186
92381.940088,-0.369080571,0.00678530951,253.681025,0.186
92381.944256,-0.3683321,0.00875631246,242.901576,0.186
92381.948425,-0.366940875,0.00650673201,234.238882,0.186
92381.952593,-0.373043121,0.00598741917,285.18624,0.186
92381.956761,-0.374298231,0.00420604404,280.440043,0.186
92381.960930,-0.37669315,0.00231538626,282.144518,0.186
92381.965098,-0.377418287,0.000289598096,313.590153,0.186
92381.969267,-0.380884028,0.00288107497,302.614507,0.186
92381.973435,-0.375257634,0.00593608857,216.30484,0.186
92381.977603,-0.371135546,0.0101093744,209.983036,0.186
92381.981772,-0.374736178,0.00898152308,299.192204,0.186
92381.985940,-0.373714015,0.0110143202,296.630382,0.186
92381.990109,-0.373094673,0.0102745127,309.336397,0.186
92381.994277,-0.374794849,0.00386996653,219.328558,0.186
92381.998446,-0.376176574,0.00437555264,226.909086,0.186
92382.002614,-0.380819242,0.00777309263,285.738321,0.186
92382.006782,-0.379787616,0.00407063654,262.656072,0.186
92382.010951,-0.378400858,0.00632133039,284.797081,0.186
92382.015119,-0.375737215,0.00557198308,282.917403,0.186
92382.019288,-0.3737946,0.00137115166,283.044723,0.186
92382.023456,-0.380519962,0.00714377194,299.375886,0.186
92382.027624,-0.375089595,0.00698009882,292.716632,0.186
92382.031793,-0.386285756,0.000951999713,272.56252,0.186
92382.035961,-0.389551521,-0.0101910624,261.832576,0.186
92382.040130,-0.387959867,-0.00118697727,260.704197,0.186
92382.044298,-0.384162784,0.00059423886,123.422575,0.186
92382.048466,-0.382093192,-0.00724669999,122.677129,0.186
92382.052635,-0.381634631,0.00222858378,129.846051,0.186
92382.056803,-0.381073209,0.0106916755,131.555507,0.186
92382.060972,-0.3875527,0.0140181001,311.879966,0.186
92382.065140,-0.384407924,-0.0021729691,291.642646,0.186
92382.069308,-0.378785402,0.0199661578,278.728463,0.186
92382.073477,-0.382190196,0.00999370635,115.978558,0.186
92382.077645,-0.381083292,0.00464806821,114.718923,0.186
92382.081814,-0.383686736,-0.00130250497,87.8938372,0.186
92382.085982,-0.391714584,-0.0152060452,88.943023,0.186
92382.090151,-0.397605343,-0.00861840741,88.7788139,0.186
92382.094319,-0.393155339,-0.0171373211,228.138628,0.186
92382.098487,-0.39915858,0.00702575132,240.160423,0.186
92382.102656,-0.399482489,-0.00259569148,151.67586,0.186
92382.106824,-0.389770668,-0.00443203964,153.509299,0.186
92382.110993,-0.393780857,0.0123401557,151.690647,0.186
92382.115161,-0.379675055,0.00364694394,119.243374,0.186
92382.119329,-0.372145935,0.00841812514,119.920954,0.186
92382.123498,-0.383959572,0.0122770211,250.171349,0.186
92382.127666,-0.385245484,0.00607531939,243.080884,0.186
92382.131835,-0.395566145,-0.00255314282,126.01481,0.186
92382.136003,-0.407695957,0.00998216968,126.739997,0.186
92382.140171,-0.40789648,0.0010564168,127.712751,0.186
92382.144340,-0.399408074,-0.0148484892,210.86471,0.186
92382.148508,-0.401962759,0.00169360026,206.939828,0.186
92382.152677,-0.398514808,-0.00116204781,172.307153,0.186
92382.156845,-0.388986558,0.00229416802,174.286558,0.186
92382.161014,-0.38902052,0.00614649359,174.58195,0.186
92382.165182,-0.396009584,-4.95144179e-05,278.423453,0.186
92382.169350,-0.396442966,0.0006675238,296.482424,0.186
92382.173519,-0.405508538,-0.000627282038,206.08802,0.186
92382.177687,-0.408451483,-0.00175957108,203.186451,0.186
92382.181856,-0.406238783,0.00103346507,250.38059,0.186
92382.186024,-0.417602542,0.00685842097,250.624918,0.186
92382.190192,-0.414500324,0.00585252017,232.476474,0.186
92382.194361,-0.406000015,-0.000208388253,199.462936,0.186
92382.198529,-0.410936487,-0.000731405782,212.410912,0.186
92382.202698,-0.402118083,-0.00191243177,232.664221,0.186
92382.206866,-0.407243155,0.00320875354,245.195702,0.186
92382.211034,-0.401331255,0.00392565454,243.672582,0.186
92382.215203,-0.406552395,0.00539019998,270.195578,0.186
92382.219371,-0.405017356,0.0065495328,271.025656,0.186
92382.223540,-0.407649066,0.000217851106,211.959293,0.186
92382.227708,-0.412240972,0.000416717359,220.310158,0.186
92382.231876,-0.41008833,0.000601059414,222.687376,0.186
92382.236045,-0.415726668,-0.000134778356,212.636211,0.186
92382.240213,-0.415256558,0.00546234568,214.471529,0.186
92382.244382,-0.41148399,0.00465360759,273.47694,0.186
92382.248550,-0.416177884,0.00969399788,294.266355,0.186
92382.252719,-0.411843951,0.000614743817,246.891651,0.186
92382.256887,-0.411154838,0.000171631977,244.416376,0.186
92382.261055,-0.412819548,-0.00373927791,253.606291,0.186
92382.265224,-0.411108686,-0.00122832203,288.532921,0.186
92382.269392,-0.41070603,0.000681519931,284.720339,0.186
92382.273561,-0.413411873,0.00509275265,266.230886,0.186
92382.277729,-0.413784252,0.00806713457,246.235132,0.186
92382.281897,-0.415595536,0.00263477735,223.903474,0.186
92382.286066,-0.422205807,0.00223266041,223.710084,0.186
92382.290234,-0.41773159,0.0033648928,214.377895,0.186
92382.294403,-0.415049076,0.000312762003,289.258925,0.186
92382.298571,-0.421057863,0.0080203464,293.120485,0.186
92382.302739,-0.414081127,0.00820838769,278.821867,0.186
92382.306908,-0.419206981,0.0102894137,252.608887,0.186
92382.311076,-0.406493368,0.00647899587,252.672631,0.186
92382.315245,-0.415915607,0.0102245078,284.862128,0.186
92382.319413,-0.414590458,0.00278849778,293.564986,0.186
92382.323581,-0.420304597,0.0138704539,200.922122,0.186
92382.327750,-0.427126446,0.0115514528,196.558897,0.186
92382.331918,-0.418812686,0.00246173588,233.258662,0.186
92382.336087,-0.420466126,0.0086208131,242.29117,0.186
92382.340255,-0.413873248,-0.000385682512,250.153197,0.186
92382.344424,-0.407271982,0.010637242,193.306633,0.186
92382.348592,-0.40456121,0.0139192818,199.073899,0.186
92382.352760,-0.416494915,0.02362818,180.543414,0.186
92382.356929,-0.421615289,0.0151048226,182.694871,0.186
92382.361097,-0.41840026,0.0256302427,179.979078,0.186
92382.365266,-0.413817879,0.0277218291,168.414997,0.186
92382.369434,-0.412990466,0.0148636666,168.690383,0.186
92382.373602,-0.411333138,0.011086891,156.135277,0.186
92382.377771,-0.407400459,0.0160354455,156.163615,0.186
92382.381939,-0.417056322,0.026863339,186.649852,0.186
92382.386108,-0.415797428,0.0203490019,190.924843,0.186
92382.390276,-0.417722799,0.0191104423,195.595057,0.186
92382.394444,-0.415030011,0.0280486605,274.739323,0.186
92382.398613,-0.412787698,0.0253301883,276.560588,0.186
92382.402781,-0.412977089,0.0269994511,271.157173,0.186
92382.406950,-0.408099187,0.0320077644,263.763259,0.186
92382.411118,-0.413590112,0.0317935854,273.075873,0.186
92382.415287,-0.414782063,0.033232114,285.317437,0.186
92382.419455,-0.4124158,0.0295939812,271.008486,0.186
92382.423623,-0.414496507,0.0264437441,276.721547,0.186
92382.427792,-0.415341895,0.0281968964,249.831535,0.186
92382.431960,-0.418629382,0.0256654498,280.730642,0.186
92382.436129,-0.421086561,0.0262213604,266.778162,0.186
92382.440297,-0.420666466,0.0246465384,276.4968,0.186
92382.444465,-0.413481324,0.0273099552,238.236867,0.186
92382.448634,-0.420954116,0.0228961563,239.257591,0.186
92382.452802,-0.424677397,0.0233445873,249.578725,0.186
92382.456971,-0.421851111,0.0361871781,254.725704,0.186
92382.461139,-0.427261752,0.0250681119,258.337176,0.186
92382.465307,-0.416636896,0.0254076588,260.599524,0.186
92382.469476,-0.421241248,0.0267730231,257.735327,0.186
92382.473644,-0.417808986,0.0210509507,236.034845,0.186
92382.477813,-0.426818348,0.0278713941,240.4992,0.186
92382.481981,-0.425581668,0.0257913235,221.256919,0.186
92382.486150,-0.436884057,0.0315998181,224.169032,0.186
92382.490318,-0.434756437,0.0264887637,259.492327,0.186
92382.494486,-0.418412946,0.0190974869,193.840168,0.186
92382.498655,-0.420702017,0.0313586555,185.075417,0.186
92382.502823,-0.419129692,0.0235589109,219.791114,0.186
92382.506992,-0.417766318,0.0351258845,216.590726,0.186
92382.511160,-0.420539608,0.0350769792,225.745475,0.186
92382.515328,-0.435992745,0.0394763727,175.195071,0.186
92382.519497,-0.428420955,0.0267300488,179.302881,0.186
92382.523665,-0.430127075,0.0240668452,223.097241,0.186
92382.527834,-0.432072205,0.0199641211,220.447199,0.186
92382.532002,-0.417370102,0.0146633999,223.548862,0.186
92382.536170,-0.421628876,0.0243251279,179.752987,0.186
92382.540339,-0.411306076,0.0127256214,185.968435,0.186
92382.544507,-0.422213497,0.0159537637,135.450159,0.186
92382.548676,-0.423048167,0.0308315646,134.115721,0.186
92382.552844,-0.416565715,0.0341445952,134.348685,0.186
92382.559097,-0.416511532,0.0411392509,113.903053,0.186
92382.565349,-0.420566829,0.0214273334,189.314753,0.186
92382.569518,-0.419832658,0.0341080662,190.051628,0.186
92382.573686,-0.407328451,0.0246122584,131.160559,0.186
92382.577855,-0.402954359,0.00808381246,132.713659,0.186
92382.582023,-0.405354535,0.0112168936,129.485613,0.186
92382.586191,-0.403940615,0.0242981519,246.66119,0.186
92382.590360,-0.411416573,0.0215010572,247.268825,0.186
92382.594528,-0.408138622,0.031051363,197.160191,0.186
92382.598697,-0.416055396,0.0333815182,195.393922,0.186
92382.602865,-0.408380767,0.0273057863,212.959041,0.186
92382.607033,-0.402809298,0.0241732172,215.233234,0.186
92382.611202,-0.402850195,0.0204097444,218.235874,0.186
92382.615370,-0.397570358,0.0274522734,236.14139,0.186
92382.619539,-0.391755442,0.0258125245,242.160448,0.186
92382.623707,-0.398389274,0.0272154744,261.856108,0.186
92382.627875,-0.393722932,0.0276602555,247.992698,0.186
92382.632044,-0.396150897,0.0248899644,255.051136,0.186
92382.636212,-0.402991251,0.0245068736,198.981744,0.186
92382.640381,-0.408432642,0.0233245465,202.055088,0.186
92382.644549,-0.397963904,0.023838417,241.031004,0.186
92382.648718,-0.395860427,0.0221771015,249.861801,0.186
92382.652886,-0.391636188,0.0233052672,201.879619,0.186
92382.657054,-0.381347174,0.0171944809,200.459425,0.186
92382.661223,-0.381975499,0.0168926212,201.906647,0.186
92382.665391,-0.388139777,0.0266892789,234.967522,0.186
92382.669560,-0.385369764,0.0271607421,228.893931,0.186
92382.673728,-0.38248072,0.0248374325,247.380843,0.186
92382.677896,-0.384877477,0.0247100568,247.991812,0.186
92382.682065,-0.379466793,0.0266264984,255.123277,0.186
92382.686233,-0.382908806,0.0313197007,204.839752,0.186
92382.690402,-0.378055053,0.0186749772,211.453377,0.186
92382.694570,-0.372777234,0.0163099492,236.143801,0.186
92382.698738,-0.376222346,0.0199952848,239.231504,0.186
92382.702907,-0.37376838,0.0247531796,207.11744,0.186
92382.707075,-0.365974478,0.0213218527,208.788096,0.186
92382.711244,-0.370734289,0.0299870782,211.177321,0.186
92382.715412,-0.359353469,0.0240367295,192.735412,0.186
92382.719581,-0.362644596,0.0292003339,183.444139,0.186
92382.723749,-0.361742895,0.0248338552,208.762002,0.186
92382.727917,-0.35492834,0.0231749939,238.952791,0.186
92382.732086,-0.358208055,0.020759524,242.886075,0.186
92382.736254,-0.35568696,0.0220778725,209.341722,0.186
92382.740423,-0.351852209,0.0219108909,211.293969,0.186
92382.744591,-0.351696394,0.0271595473,186.065707,0.186
92382.748759,-0.34947969,0.0297299395,185.607019,0.186
92382.752928,-0.350771184,0.0288298769,263.548911,0.186
92382.757096,-0.35069152,0.0309408496,266.881086,0.186
92382.761265,-0.349251786,0.0276406201,274.40566,0.186
92382.765433,-0.346839234,0.0260965497,274.915163,0.186
92382.769601,-0.342200993,0.0218299547,284.453,0.186
92382.773770,-0.347570241,0.0281261164,235.258493,0.186
92382.777938,-0.346325716,0.0318009647,249.471823,0.186
92382.782107,-0.347580947,0.032011786,235.947133,0.186
92382.786275,-0.350317265,0.0289848224,278.289804,0.186
92382.790444,-0.351475875,0.0291456989,269.120628,0.186
92382.794612,-0.349471231,0.0237022312,244.498835,0.186
92382.798780,-0.349568077,0.0216115351,266.073714,0.186
92382.802949,-0.347189505,0.0303329523,229.74873,0.186
92382.807117,-0.354929537,0.0166357902,251.26775,0.186
92382.811286,-0.352861346,0.0109544388,235.352511,0.186
92382.815454,-0.351873034,0.0320574821,171.385289,0.186
92382.819622,-0.361826878,0.022560187,167.08155,0.186
92382.823791,-0.351919185,0.0213079211,184.66929,0.186
92382.827959,-0.349817021,0.0348634365,178.052969,0.186
92382.832128,-0.354298284,0.0327376828,181.296938,0.186
92382.836296,-0.349776331,0.0192601979,229.049316,0.186
92382.840464,-0.360436675,0.0274949568,219.715557,0.186
92382.844633,-0.362596926,0.0308475135,143.546443,0.186
92382.848801,-0.366942125,0.019233566,142.507827,0.186
92382.852970,-0.372283817,0.0158352144,177.304221,0.186
92382.857138,-0.373598219,0.0216631878,174.757674,0.186
92382.861306,-0.377446346,0.00876342301,179.477267,0.186
92382.865475,-0.369881182,0.0268882479,166.498351,0.186
92382.869643,-0.36597251,0.0293461872,163.781826,0.186
92382.873812,-0.367581641,0.0324476918,233.280095,0.186
92382.877980,-0.369645195,0.0396865009,213.213809,0.186
92382.882149,-0.36549893,0.0308535723,233.249219,0.186
92382.886317,-0.375043334,0.0269908141,161.775041,0.186
92382.890485,-0.378053961,0.0344026972,159.154459,0.186
92382.894654,-0.381568754,0.0091999611,236.342328,0.186
92382.898822,-0.37954613,0.0276583586,241.3084,0.186
92382.902991,-0.395770908,0.0270481229,248.843278,0.186
92382.907159,-0.37392676,0.0238362156,172.145114,0.186
92382.911327,-0.373868042,0.0242486514,169.183791,0.186
92382.915496,-0.369497296,0.0256306505,161.523939,0.186
92382.919664,-0.36355778,0.0326805813,158.919948,0.186
92382.923833,-0.380083695,0.0327877589,226.094613,0.186
92382.928001,-0.37225573,0.0296672832,225.797722,0.186
92382.932169,-0.37971517,0.0364461048,231.080691,0.186
92382.936338,-0.375006133,0.0292683993,272.780782,0.186
92382.940506,-0.373208218,0.0316474585,274.546358,0.186
92382.944675,-0.3743373,0.0354864461,266.963879,0.186
92382.948843,-0.372219046,0.0364206619,236.447901,0.186
92382.953012,-0.370067499,0.0368253694,240.018661,0.186
92382.957180,-0.367930232,0.0334559585,247.52483,0.186
92382.961348,-0.367659339,0.0331747923,257.273043,0.186
92382.965517,-0.366309727,0.035136099,234.312154,0.186
92382.969685,-0.361888292,0.034737854,241.00015,0.186
92382.973854,-0.365941384,0.0389904121,200.110751,0.186
92382.978022,-0.360734018,0.0364724654,200.887119,0.186
92382.982190,-0.366992217,0.0372087432,206.231051,0.186
92382.986359,-0.365201885,0.0370224912,236.545006,0.186
92382.990527,-0.360982591,0.0327028108,231.288911,0.186
92382.994696,-0.353767443,0.0302036234,174.397355,0.186
92382.998864,-0.351594722,0.022601659,179.905252,0.186
92383.003032,-0.348431412,0.0229523775,183.700191,0.186
92383.007201,-0.349275508,0.0272383314,142.962495,0.186
92383.011369,-0.345993225,0.027706627,147.758301,0.186
92383.015538,-0.342838851,0.0318823549,133.500539,0.186
92383.019706,-0.339797522,0.0346162789,133.651563,0.186
92383.023875,-0.338893232,0.0355857765,275.296476,0.186
92383.028043,-0.339136986,0.0222673778,290.220411,0.186
92383.032211,-0.336936031,0.0361730575,290.945728,0.186
92383.036380,-0.338696963,0.0206951226,233.358577,0.186
92383.040548,-0.334238356,0.0235040952,246.992862,0.186
92383.044717,-0.332882014,0.0270504088,317.511303,0.186
92383.048885,-0.328110566,0.0158341654,340.756105,0.186
92383.053053,-0.331560684,0.0269849862,306.510888,0.186
92383.057222,-0.330371667,0.020865338,265.753403,0.186
92383.061390,-0.334334417,0.0261922423,269.75611,0.186
92383.065559,-0.329977699,0.0247941486,283.581293,0.186
92383.069727,-0.328027682,0.0245687823,284.589425,0.186
92383.073895,-0.324058969,0.0232545468,249.076678,0.186
92383.078064,-0.319699728,0.0256315973,234.716198,0.186
92383.082232,-0.312905604,0.0199899818,236.697452,0.186
92383.086401,-0.318313809,0.0229308303,303.876039,0.186
92383.090569,-0.314295018,0.0202992666,309.520802,0.186
92383.094737,-0.319748959,0.0195121492,251.733938,0.186
92383.098906,-0.322066896,0.0201278739,265.428376,0.186
92383.103074,-0.317470217,0.0179499782,254.132473,0.186
92383.107243,-0.311450567,0.0219355722,291.441316,0.186
92383.111411,-0.306607781,0.0203739512,294.42871,0.186
92383.115580,-0.302207105,0.0190073845,279.598231,0.186
92383.119748,-0.302252214,0.0275573187,276.25643,0.186
92383.123916,-0.300500291,0.0213445603,267.031271,0.186
92383.128085,-0.304737061,0.021766854,256.33809,0.186
92383.132253,-0.300178227,0.0349005223,246.819653,0.186
92383.136422,-0.301439129,0.019666741,301.180319,0.186
92383.140590,-0.298238316,0.0247781069,292.132227,0.186
92383.144758,-0.29620526,0.02003272,300.785948,0.186
92383.148927,-0.294607572,0.0158261164,307.429284,0.186
92383.153095,-0.293493971,0.0247508989,297.122724,0.186
92383.157264,-0.291795592,0.0220331709,297.746426,0.186
92383.161432,-0.289942427,0.028216673,281.916358,0.186
92383.165600,-0.284916074,0.0249229511,315.718383,0.186
92383.169769,-0.28863473,0.0247923387,320.059295,0.186
92383.173937,-0.282444461,0.0223607664,322.158606,0.186
92383.178106,-0.284800528,0.0237779301,315.440324,0.186
92383.182274,-0.28180361,0.0204778212,321.441772,0.186
92383.186443,-0.28224909,0.0223891735,335.263689,0.186
92383.190611,-0.283729738,0.0237118958,315.258624,0.186
92383.194779,-0.277688465,0.0200203705,316.434372,0.186
92383.198948,-0.272107482,0.0231562842,307.513627,0.186
92383.203116,-0.272940967,0.0209518464,323.811973,0.186
92383.207285,-0.271847269,0.0226184626,311.29023,0.186
92383.211453,-0.270473102,0.0239071575,311.862045,0.186
92383.215621,-0.268382828,0.0221253679,307.931815,0.186
92383.219790,-0.268000994,0.0226274918,299.3929,0.186
92383.223958,-0.266726226,0.0201959924,289.83656,0.186
92383.228127,-0.265019211,0.0194049047,327.760073,0.186
92383.232295,-0.260932987,0.0189522489,323.419059,0.186
92383.236463,-0.260731318,0.0235134617,268.357282,0.186
92383.240632,-0.254580362,0.0216200693,279.400869,0.186
92383.244800,-0.258227911,0.0238898155,278.234359,0.186
92383.248969,-0.256222564,0.0223838107,295.536464,0.186
92383.253137,-0.254052983,0.0207728307,276.778217,0.186
92383.257306,-0.253702238,0.0214616887,282.147992,0.186
92383.261474,-0.251119182,0.0193617576,305.611997,0.186
92383.265642,-0.245691448,0.0223287153,292.010486,0.186
92383.269811,-0.242508353,0.0206294749,307.011664,0.186
92383.273979,-0.240570166,0.0221627841,308.269655,0.186
92383.278147,-0.238901693,0.0206883914,342.577424,0.186
92383.282316,-0.236264381,0.0198671519,337.262464,0.186
92383.286484,-0.236793562,0.0198285835,317.964488,0.186
92383.290653,-0.233801633,0.0170564262,321.786521,0.186
92383.294821,-0.234719485,0.0212742657,315.976989,0.186
92383.298990,-0.231624063,0.0191342435,332.688441,0.186
92383.303158,-0.230455427,0.0189417891,346.330985,0.186
92383.307326,-0.227404726,0.0173116938,374.89768,0.186
92383.311495,-0.223997432,0.0184787334,343.955827,0.186
92383.315663,-0.222286393,0.0163132263,343.307425,0.186
92383.319832,-0.220219623,0.0175118343,337.845415,0.186
92383.324000,-0.217809446,0.0174213045,362.8621,0.186
92383.328168,-0.221442604,0.0179162284,329.5464,0.186
92383.332337,-0.220013638,0.0154419543,366.273147,0.186
92383.336505,-0.218876447,0.0179884943,348.559847,0.186
92383.340674,-0.212966676,0.0151186913,366.365924,0.186
92383.344842,-0.213305782,0.0162886248,325.434953,0.186
92383.349011,-0.208875258,0.0172523929,307.367839,0.186
92383.353179,-0.205005309,0.0153628595,316.192282,0.186
92383.357347,-0.207498944,0.0175582003,319.805004,0.186
92383.361516,-0.205714064,0.0165321811,340.637026,0.186
92383.365684,-0.207283093,0.0164413832,314.943365,0.186
92383.369853,-0.206447609,0.0130123242,300.019228,0.186
92383.374021,-0.208469484,0.0143829418,301.058796,0.186
92383.378189,-0.20285611,0.0129392347,363.4582,0.186
92383.382358,-0.202141015,0.0134463667,374.876622,0.186
92383.386526,-0.195859132,0.0129881615,324.764968,0.186
92383.390695,-0.192782139,0.0148205645,306.071298,0.186
92383.394863,-0.192810798,0.0153402826,341.544929,0.186
92383.399031,-0.189218202,0.0150213505,379.31862,0.186
92383.403200,-0.187819187,0.0145392853,369.431057,0.186
92383.407368,-0.188920396,0.0136318939,323.151763,0.186
92383.411537,-0.19023872,0.0138325352,326.129058,0.186
92383.415705,-0.186080257,0.0135356555,393.973129,0.186
92383.419874,-0.185103966,0.0149101052,396.5357,0.186
92383.424042,-0.182212774,0.011853346,370.955155,0.186
92383.428210,-0.177728864,0.0154516613,341.359812,0.186
92383.432379,-0.173809077,0.0150567849,324.728568,0.186
92383.436547,-0.173404758,0.0152599416,345.605092,0.186
92383.440716,-0.172151592,0.0161101529,323.073837,0.186
92383.444884,-0.168918638,0.0159027361,330.487602,0.186
92383.449052,-0.169016259,0.015454987,352.467278,0.186
92383.453221,-0.167832766,0.0163707915,328.680982,0.186
92383.457389,-0.163718626,0.0141545336,321.13044,0.186
92383.461558,-0.163359923,0.0150085674,330.025296,0.186
92383.465726,-0.159535317,0.0148765307,342.68782,0.186
92383.469894,-0.156841217,0.0146864631,353.219676,0.186
92383.474063,-0.156068869,0.0137495685,334.639547,0.186
92383.478231,-0.151619909,0.0125653782,352.316069,0.186
92383.482400,-0.149912157,0.012255213,342.970785,0.186
92383.486568,-0.150683282,0.0119623445,342.207804,0.186
92383.490736,-0.145389521,0.0101451983,359.116941,0.186
92383.494905,-0.146764392,0.0115325599,327.296912,0.186
92383.499073,-0.142412561,0.00982491533,359.179584,0.186
92383.503242,-0.139720521,0.0106963608,378.369909,0.186
92383.507410,-0.138943726,0.00944344378,375.263278,0.186
92383.511579,-0.134362631,0.0104117636,374.283842,0.186
92383.515747,-0.13423986,0.0102101998,361.293274,0.186
92383.519915,-0.130558743,0.00962908302,368.640467,0.186
92383.524084,-0.126641631,0.00928133982,411.028992,0.186
92383.528252,-0.125802302,0.00906597177,404.063692,0.186
92383.532421,-0.121575298,0.00991151318,394.383835,0.186
92383.536589,-0.121546436,0.00955518989,418.717587,0.186
92383.540757,-0.118615916,0.00878200537,410.188832,0.186
92383.544926,-0.11710442,0.00782077111,409.349579,0.186
92383.549094,-0.116079835,0.00732902469,404.730424,0.186
92383.553263,-0.114188588,0.00686668974,396.71774,0.186
92383.557431,-0.111134361,0.00802045449,406.053928,0.186
92383.561599,-0.108320583,0.00694502082,411.249935,0.186
92383.565768,-0.108588298,0.00873417183,374.397281,0.186
92383.569936,-0.105382618,0.00856437548,380.263764,0.186
92383.574105,-0.102628943,0.00775552059,393.538715,0.186
92383.578273,-0.103327136,0.00676308891,380.928551,0.186
92383.582441,-0.100269299,0.00801680458,383.45263,0.186
92383.586610,-0.0986263542,0.00648293197,401.534378,0.186
92383.590778,-0.097773812,0.00594808263,382.773509,0.186
92383.594947,-0.0960809352,0.00698680181,388.179973,0.186
92383.599115,-0.0956229684,0.00655935361,396.443748,0.186
92383.603284,-0.0946481602,0.00558900627,398.084338,0.186
92383.607452,-0.0933593617,0.00652548445,434.034987,0.186
92383.611620,-0.0926510872,0.0054907364,409.343659,0.186
92383.615789,-0.0913416034,0.00514752182,386.885736,0.186
92383.619957,-0.08973616,0.0057919288,381.847555,0.186
92383.624126,-0.0883842832,0.0061169065,396.938102,0.186
92383.628294,-0.0916997919,0.00685310613,405.286997,0.186
92383.632462,-0.0884704565,0.00572122976,392.923185,0.186
92383.636631,-0.087703248,0.00462840572,410.500129,0.186
92383.640799,-0.0921361136,0.00636061508,399.78411,0.186
92383.644968,-0.0874113698,0.00537273142,386.327735,0.186
92383.649136,-0.0881899955,0.00469443777,420.062564,0.186
92383.653305,-0.0882932732,0.00596980464,398.465562,0.186
92383.657473,-0.0870197586,0.00520829081,397.043851,0.186
92383.661641,-0.0900904723,0.00633329589,401.301168,0.186
92383.665810,-0.0872541711,0.00553001321,417.444498,0.186
92383.669978,-0.0888227876,0.00498436334,408.004922,0.186
92383.674147,-0.0864538536,0.00351571006,421.609466,0.186
92383.678315,-0.090634077,0.0077313941,438.79604,0.186
92383.682483,-0.0889125402,0.00603611118,400.785505,0.186
92383.686652,-0.0890094151,0.00749707882,407.81368,0.186
92383.690820,-0.0905644686,0.0073613207,402.302452,0.186
92383.694989,-0.0859429617,0.00757754258,394.039045,0.186
92383.699157,-0.0892674299,0.00832021422,380.442639,0.186
92383.703325,-0.0864848955,0.00848208568,379.965314,0.186
92383.707494,-0.0875680659,0.0077822449,410.837854,0.186
92383.711662,-0.0894072551,0.00809619655,427.271737,0.186
92383.715831,-0.0890555007,0.00681388551,441.860654,0.186
92383.719999,-0.0920299419,0.00720279568,417.951792,0.186
92383.724167,-0.0920973329,0.00597617836,412.627694,0.186
92383.728336,-0.0904173989,0.00782933403,379.413011,0.186
92383.732504,-0.0891631193,0.00691544412,387.507248,0.186
92383.736673,-0.0895463507,0.00851744542,370.675413,0.186
92383.740841,-0.0885124666,0.00860018438,390.769153,0.186
92383.745009,-0.0859523111,0.00828140522,402.575829,0.186
92383.749178,-0.0894052746,0.00747302241,455.66103,0.186
92383.753346,-0.0893671968,0.00674546124,439.027687,0.186
92383.757515,-0.0915324042,0.00643623386,435.639454,0.186
92383.761683,-0.0914837121,0.00630696032,438.142847,0.186
92383.765852,-0.090563159,0.00622382139,443.076739,0.186
92383.770020,-0.0891155569,0.00641176987,405.092583,0.186
92383.774188,-0.0892699563,0.00605456837,394.130201,0.186
92383.778357,-0.0872563243,0.00629168876,392.666396,0.186
92383.782525,-0.0879508029,0.00543546745,390.773915,0.186
92383.786694,-0.0888482807,0.00694020296,369.231623,0.186
92383.790862,-0.0897400309,0.00562884049,385.885365,0.186
92383.795030,-0.0915482976,0.00713516523,379.628314,0.186
92383.799199,-0.0897119719,0.00604409415,379.611414,0.186
92383.803367,-0.0898353584,0.00592408229,389.622378,0.186
92383.807536,-0.0893303843,0.00615073129,421.549704,0.186
92383.811704,-0.0886123925,0.00600810294,411.760582,0.186
92383.815872,-0.0896722208,0.00619139029,419.499909,0.186
92383.820041,-0.0905221467,0.00692815781,436.728273,0.186
92383.824209,-0.0906598508,0.00720275881,427.903506,0.186
92383.828378,-0.0902706225,0.00677704227,437.585144,0.186
92383.832546,-0.0916414363,0.00664994691,456.946297,0.186
92383.836715,-0.0885422434,0.00709274843,424.585294,0.186
92383.840883,-0.0919556676,0.00751519889,433.276404,0.186
92383.845051,-0.0900423868,0.0077201545,440.987206,0.186
92383.849220,-0.0918524489,0.00694259898,434.002212,0.186
92383.853388,-0.0923362431,0.00590634227,417.039461,0.186
92383.857557,-0.0915644471,0.00546677272,433.14646,0.186
92383.861725,-0.0923671728,0.00659549243,435.586348,0.186
92383.865893,-0.0914686766,0.00519004762,443.506964,0.186
92383.870062,-0.0916797143,0.00584397805,449.363405,0.186
92383.874230,-0.0906675293,0.00487550781,471.040995,0.186
92383.878399,-0.0928546801,0.00483018007,428.982119,0.186
92383.882567,-0.0923879166,0.00438816943,391.765723,0.186
92383.886735,-0.0926018415,0.00418883382,445.881757,0.186
92383.890904,-0.0920948786,0.00374604041,468.402172,0.186
92383.895072,-0.0917315772,0.00367581451,431.96254,0.186
92383.899241,-0.0920107501,0.00485658841,426.541326,0.186
92383.903409,-0.0912421006,0.00319801684,442.51758,0.186
92383.907578,-0.0927463947,0.00327531194,419.221607,0.186
92383.911746,-0.092929157,0.00337219296,402.776637,0.186
92383.915914,-0.0931062288,0.00397702368,427.295041,0.186
92383.920083,-0.093360799,0.00317481161,440.773824,0.186
92383.924251,-0.0938752771,0.00414447952,428.242657,0.186
92383.928420,-0.0943723383,0.00410317443,432.735264,0.186
92383.932588,-0.0952407856,0.00426373962,410.943206,0.186
92383.936756,-0.0935474216,0.00260078219,430.66186,0.186
92383.940925,-0.0954146701,0.00323321484,412.526056,0.186
92383.945093,-0.0944170556,0.0023988621,416.202181,0.186
92383.949262,-0.0942508803,0.00345965991,405.905026,0.186
92383.953430,-0.0953811914,0.00321355528,396.404901,0.186
92383.957598,-0.0949408281,0.00380150681,393.927335,0.186
92383.961767,-0.0952603264,0.00319351405,418.159844,0.186
92383.965935,-0.0970445785,0.00390329791,417.799434,0.186
92383.970104,-0.0957343779,0.00206860085,420.35198,0.186
92383.974272,-0.0973329819,0.00278607863,405.713667,0.186
92383.978440,-0.0962078943,0.00175415605,412.949026,0.186
92383.982609,-0.0971091872,0.00352039532,398.365792,0.186
92383.986777,-0.0974811711,0.00310669178,398.037583,0.186
92383.990946,-0.0985446501,0.00316871412,387.645353,0.186
92383.995114,-0.0985306059,0.00382909765,384.798855,0.186
92383.999283,-0.0998435842,0.00257323598,394.56276,0.186
92384.003451,-0.0996562008,0.00242842326,420.813824,0.186
92384.007619,-0.100132165,0.00300571327,406.821206,0.186
92384.011788,-0.100446427,0.00349422841,415.09491,0.186
92384.015956,-0.100920426,0.00313035776,409.585414,0.186
92384.020125,-0.10297308,0.00462804544,407.995134,0.186
92384.026377,-0.102637387,0.00341330694,365.173592,0.186
92384.032630,-0.104400977,0.00383760672,380.981514,0.186
92384.036798,-0.104213152,0.00171316795,383.803362,0.186
92384.040967,-0.105850093,0.00251228217,392.982462,0.186
92384.045135,-0.106553189,0.00355752743,370.589283,0.186
92384.049303,-0.108768356,0.00141013008,398.954298,0.186
92384.053472,-0.108556914,0.00210812074,383.863701,0.186
92384.057640,-0.108983685,0.0021883447,379.925423,0.186
92384.061809,-0.110539949,0.00248613175,386.833324,0.186
92384.065977,-0.111300895,0.00153970875,407.329628,0.186
92384.070146,-0.110969267,0.000247732743,401.815136,0.186
92384.074314,-0.1132014,0.00145744999,397.428389,0.186
92384.078482,-0.112892928,-0.000540538206,389.180687,0.186
92384.082651,-0.116615826,0.00101631555,398.731814,0.186
92384.086819,-0.115682067,-0.000259707987,420.155543,0.186
92384.090988,-0.115877713,0.000400473031,424.441418,0.186
92384.095156,-0.116881406,-0.000502334032,393.289152,0.186
92384.099324,-0.117868865,0.000575121216,393.547188,0.186
92384.103493,-0.118529902,-0.00129445287,420.08107,0.186
92384.107661,-0.121171757,0.000622478566,390.091426,0.186
92384.111830,-0.121320471,-0.000603282791,387.59082,0.186
92384.115998,-0.122855758,0.00155643079,392.642299,0.186
92384.120166,-0.122351733,-0.000179342079,382.271704,0.186
92384.124335,-0.122511258,0.000654814442,405.554584,0.186
92384.128503,-0.124865592,0.000252793285,387.662497,0.186
92384.132672,-0.125106412,-0.000387945123,376.73408,0.186
92384.136840,-0.127470218,0.00226603364,353.069242,0.186
92384.141009,-0.126920822,0.000811475134,369.438234,0.186
92384.145177,-0.129998439,0.00148761235,406.747861,0.186
92384.149345,-0.130811993,0.00144574883,384.197373,0.186
92384.153514,-0.130931656,0.000539731693,392.63071,0.186
92384.157682,-0.132421352,0.00191029512,383.77994,0.186
92384.161851,-0.131200119,0.000737779578,382.518477,0.186
92384.166019,-0.134834838,0.00247675805,382.821047,0.186
92384.170187,-0.135413056,0.000391419132,365.292907,0.186
92384.174356,-0.134768313,0.00155362312,360.424127,0.186
92384.178524,-0.136080616,0.00106025873,363.635156,0.186
92384.182693,-0.137080245,0.00045123124,381.494705,0.186
92384.186861,-0.137082381,0.00144137195,364.249716,0.186
92384.191029,-0.139492022,0.00016028226,348.702336,0.186
92384.195198,-0.140308497,0.0011470928,367.620429,0.186
92384.199366,-0.138097027,-0.00152574693,359.792195,0.186
92384.203535,-0.14241112,-0.000170993215,383.431121,0.186
92384.207703,-0.140783721,-0.000810536701,344.352427,0.186
92384.211872,-0.142247216,-0.000154298409,354.138075,0.186
92384.216040,-0.141241768,-0.00148896492,338.91596,0.186
92384.220208,-0.141983209,-0.00195109212,331.178533,0.186
92384.224377,-0.143558074,-0.00219052968,350.436518,0.186
92384.228545,-0.142872659,-0.00351605917,351.716786,0.186
92384.232714,-0.145483794,-0.00323207342,339.972829,0.186
92384.236882,-0.145422482,-0.00618922899,336.987523,0.186
92384.241050,-0.146290727,-0.00347471783,338.63516,0.186
92384.245219,-0.145185067,-0.00556549018,334.518255,0.186
92384.249387,-0.146091052,-0.00487884291,349.10791,0.186
92384.253556,-0.144998147,-0.00519568845,358.856041,0.186
92384.257724,-0.147037746,-0.00571422936,341.619584,0.186
92384.261892,-0.149221463,-0.00373224018,351.06699,0.186
92384.266061,-0.149079757,-0.00615903511,322.783394,0.186
92384.270229,-0.149234492,-0.0062908351,352.380447,0.186
92384.274398,-0.146727571,-0.00634220676,315.321486,0.186
92384.278566,-0.148475393,-0.00469551022,324.687491,0.186
92384.282734,-0.1486581,-0.00580582717,319.874663,0.186
92384.286903,-0.149205849,-0.00537001932,311.07476,0.186
92384.291071,-0.149706167,-0.00553919452,333.988305,0.186
92384.295240,-0.151423417,-0.0056353495,317.036002,0.186
92384.299408,-0.150171776,-0.00525044811,335.025862,0.186
92384.303577,-0.15185935,-0.00625477499,294.52112,0.186
92384.307745,-0.151131714,-0.00482465211,326.465669,0.186
92384.311913,-0.151243795,-0.00525777903,322.447338,0.186
92384.316082,-0.152204114,-0.00473437054,317.973528,0.186
92384.320250,-0.154125037,-0.00480956608,313.59986,0.186
92384.324419,-0.154881752,-0.00561601015,341.879469,0.186
92384.328587,-0.155704306,-0.00489591495,335.159775,0.186
92384.332755,-0.157816267,-0.00343484367,345.130998,0.186
92384.336924,-0.157362632,-0.00234802828,318.929347,0.186
92384.341092,-0.159531773,-0.000389821958,321.089385,0.186
92384.345261,-0.160876587,-0.000205152617,316.3616,0.186
92384.349429,-0.160878435,-0.000957756817,340.452795,0.186
92384.353598,-0.162713813,-0.000630236938,349.82822,0.186
92384.357766,-0.164543198,-0.000508880026,363.390306,0.186
92384.361934,-0.167118841,-0.00117533818,366.845802,0.186
92384.366103,-0.167934366,0.000136273016,391.083749,0.186
92384.370271,-0.168075538,-0.00141902284,379.777189,0.186
92384.374440,-0.170436503,0.00101318647,372.685685,0.186
92384.378608,-0.171700934,0.00153673806,365.989612,0.186
92384.382776,-0.173704723,0.00145815885,331.119984,0.186
92384.386945,-0.177226562,0.00118043291,372.823693,0.186
92384.391113,-0.177660715,-0.00167239131,388.427787,0.186
92384.395282,-0.180569877,0.0004705115,370.598842,0.186
92384.399450,-0.180320569,-0.00156040786,380.705002,0.186
92384.403618,-0.184336082,8.34861372e-05,370.596921,0.186
92384.407787,-0.183761621,4.38835284e-05,391.739473,0.186
92384.411955,-0.18651996,0.00175569984,420.89684,0.186
92384.416124,-0.189104119,0.00120158212,402.71312,0.186
92384.420292,-0.191459057,0.00180958228,387.630492,0.186
92384.424460,-0.194825078,0.000623829424,368.422539,0.186
92384.428629,-0.194978474,6.74689644e-05,362.910445,0.186
92384.432797,-0.198445372,-0.000360774597,384.849106,0.186
92384.436966,-0.200947807,0.00247509288,358.344304,0.186
92384.441134,-0.200702506,0.000425946724,371.642979,0.186
92384.445303,-0.205257736,0.00358938901,361.345433,0.186
92384.449471,-0.207773004,0.00135027038,380.689237,0.186
92384.453639,-0.20914036,0.000636179097,359.386958,0.186
92384.457808,-0.212122156,0.00298513893,395.480243,0.186
92384.461976,-0.213383214,0.00243388525,355.790823,0.186
92384.466145,-0.215076284,0.00158038795,364.099825,0.186
92384.470313,-0.218163421,0.00141129498,375.762608,0.186
92384.474481,-0.22058815,0.00224861704,382.300949,0.186
92384.478650,-0.221485468,0.00148893407,347.336572,0.186
92384.482818,-0.223539687,0.00129039862,350.856852,0.186
92384.486987,-0.224138861,0.00120378211,358.535524,0.186
92384.491155,-0.225435758,0.00122321397,356.774891,0.186
92384.495323,-0.227360957,0.00337922532,325.011875,0.186
92384.499492,-0.228585711,0.00218639468,327.652161,0.186
92384.503660,-0.232341612,0.00279237492,335.414051,0.186
92384.507829,-0.234357971,0.00371813837,355.609645,0.186
92384.511997,-0.236756154,3.01422812e-05,324.284449,0.186
92384.516166,-0.239053929,0.0018247326,324.934884,0.186
92384.520334,-0.238979854,0.00142454227,319.317072,0.186
92384.524502,-0.241009755,0.00329935877,331.7607,0.186
92384.528671,-0.242901083,0.00493564888,317.937927,0.186
92384.532839,-0.243615621,0.00618824215,290.750781,0.186
92384.537008,-0.246557577,0.00652074015,283.988811,0.186
92384.541176,-0.249093813,0.00461211976,300.307227,0.186
92384.545344,-0.250585611,0.00481790592,290.747581,0.186
92384.549513,-0.254333523,0.00251548096,305.066544,0.186
92384.553681,-0.256086887,0.0065272002,320.063126,0.186
92384.557850,-0.257277442,0.00412869008,279.762883,0.186
92384.562018,-0.262449846,0.00507284555,309.120412,0.186
92384.566186,-0.264231001,0.00813582861,303.022727,0.186
92384.570355,-0.268148598,0.00421278102,312.767247,0.186
92384.574523,-0.270403471,0.00572411328,310.995208,0.186
92384.578692,-0.272472939,0.00471942842,300.674215,0.186
92384.582860,-0.271991033,0.00364065744,313.62034,0.186
92384.587028,-0.276960278,0.00557410163,298.879698,0.186
92384.591197,-0.276311565,0.00384661072,301.195325,0.186
92384.595365,-0.278715882,0.00635177118,311.205048,0.186
92384.599534,-0.283562584,0.00314319478,306.912053,0.186
92384.603702,-0.285309417,0.00428702541,297.399863,0.186
92384.607871,-0.284212952,0.000288715931,323.746732,0.186
92384.612039,-0.289831294,0.00194549562,339.26421,0.186
92384.616207,-0.288551867,-0.00179755902,308.163256,0.186
92384.620376,-0.287506754,0.00376299364,261.47439,0.186
92384.624544,-0.290678567,0.00459088981,256.203667,0.186
92384.628713,-0.29172612,0.00830155632,257.514023,0.186
92384.632881,-0.290478372,0.00819455678,245.088296,0.186
92384.637049,-0.297973881,0.0116976936,268.88812,0.186
92384.641218,-0.294106176,0.00592169522,304.551355,0.186
92384.645386,-0.300519515,0.00587380648,312.223453,0.186
92384.649555,-0.298349872,0.00688922494,291.707656,0.186
92384.653723,-0.297870417,0.00384032126,306.877142,0.186
92384.657891,-0.299140622,0.00698989987,286.21098,0.186
92384.662060,-0.302454417,0.00966549193,292.15366,0.186
92384.666228,-0.30322206,0.0078393661,288.400498,0.186
92384.670397,-0.306584861,0.00946538926,292.173513,0.186
92384.674565,-0.308222119,0.00668503148,300.976315,0.186
92384.678734,-0.305883991,0.00898356278,252.496655,0.186
92384.682902,-0.304895653,0.00800580312,249.183748,0.186
92384.687070,-0.303496342,0.00850042126,259.738667,0.186
92384.691239,-0.306436847,0.00928546693,289.784343,0.186
92384.695407,-0.305470448,0.00911648556,308.961164,0.186
92384.699576,-0.309732177,0.00716119821,285.28216,0.186
92384.703744,-0.309013231,0.00501426132,294.063242,0.186
92384.707912,-0.311548056,0.00244486063,275.480728,0.186
92384.712081,-0.317450007,0.00462854555,281.821044,0.186
92384.716249,-0.319352928,0.00271999121,272.91875,0.186
92384.720418,-0.316913199,0.00421023773,302.637589,0.186
92384.724586,-0.316455026,0.00354448607,290.268199,0.186
92384.728754,-0.312189245,0.00432751614,273.719922,0.186
92384.732923,-0.310411829,0.00580814849,276.228696,0.186
92384.737091,-0.310839862,0.00848566144,276.303987,0.186
92384.741260,-0.316373344,0.00664887071,311.097213,0.186
92384.745428,-0.320819969,0.00855891022,297.486121,0.186
92384.749597,-0.322177622,0.00694493824,294.874277,0.186
92384.753765,-0.324877965,0.0038951515,291.275938,0.186
92384.757933,-0.323978866,0.0065667018,304.095463,0.186
92384.762102,-0.322821703,0.00466036883,305.147228,0.186
92384.766270,-0.322576902,0.00453335802,298.259519,0.186
92384.770439,-0.326454201,0.00875912989,279.780711,0.186
92384.774607,-0.323039625,0.0091327956,292.805672,0.186
92384.778775,-0.32741623,0.00930095908,288.944616,0.186
92384.782944,-0.329747985,0.0120721378,294.563674,0.186
92384.787112,-0.326920578,0.0119815816,284.898516,0.186
92384.791281,-0.334072663,0.0162783308,295.544497,0.186
92384.795449,-0.333009742,0.0175880874,297.522233,0.186
92384.799617,-0.328993074,0.0118858446,259.53522,0.186
92384.803786,-0.331784327,0.0134663651,275.036702,0.186
92384.807954,-0.329731778,0.0112137473,338.423424,0.186
92384.812123,-0.331736404,0.0100057457,337.49859,0.186
92384.816291,-0.33243315,0.00999657927,334.427994,0.186
92384.820459,-0.332735426,0.0140978197,233.253935,0.186
92384.824628,-0.337513182,0.017943802,230.04788,0.186
92384.828796,-0.337863035,0.0174702203,290.726004,0.186
92384.832965,-0.336035186,0.0182910559,286.1433,0.186
92384.837133,-0.337691187,0.0146697499,309.253379,0.186
92384.841302,-0.330410718,0.016132267,247.421537,0.186
92384.845470,-0.3274057,0.00944839647,243.471272,0.186
92384.849638,-0.334226235,0.0115495903,276.060279,0.186
92384.853807,-0.332982594,0.0124006699,303.459437,0.186
92384.857975,-0.33669694,0.0111199789,306.674203,0.186
92384.862144,-0.340908954,0.0167827115,269.861643,0.186
92384.866312,-0.341820477,0.0164718503,250.749762,0.186
92384.870480,-0.3422519,0.0150747909,233.335537,0.186
92384.874649,-0.335368609,0.00983014088,244.960348,0.186
92384.878817,-0.33171069,0.00914275593,194.152356,0.186
92384.882986,-0.326016826,0.00555494778,202.533569,0.186
92384.887154,-0.324669272,0.0069365692,201.141286,0.186
92384.891322,-0.329438449,0.0115168777,289.019672,0.186
92384.895491,-0.328914954,0.0122826801,278.55892,0.186
92384.899659,-0.334576987,0.0139976806,234.197175,0.186
92384.903828,-0.335556378,0.01112381,242.033482,0.186
92384.907996,-0.340054508,0.0122827709,248.897416,0.186
92384.912165,-0.333739027,0.00601063027,287.550526,0.186
92384.916333,-0.334555745,0.00535081689,276.463331,0.186
92384.920501,-0.325396017,0.00963111119,193.80639,0.186
92384.926754,-0.320422195,0.00932398033,165.162633,0.186
92384.933007,-0.32036042,0.0134309818,264.288552,0.186
92384.937175,-0.319263019,0.0112180662,302.009141,0.186
92384.941343,-0.331114673,0.0123343273,207.349003,0.186
92384.945512,-0.334141764,0.0103118339,198.584793,0.186
92384.949680,-0.33276214,0.0109598706,320.303379,0.186
92384.953849,-0.334235731,0.00754971737,306.741525,0.186
92384.958017,-0.331988261,0.00987546757,305.627366,0.186
92384.962185,-0.32294733,0.00844119539,154.000504,0.186
92384.966354,-0.311782671,0.0108709027,155.533538,0.186
92384.970522,-0.320645432,0.0140877357,306.252155,0.186
92384.974691,-0.318265343,0.0162785984,302.020717,0.186
92384.978859,-0.326368215,0.0159095642,208.953372,0.186
92384.983028,-0.32951916,0.0115877622,210.109395,0.186
92384.987196,-0.332522501,0.0104643324,209.60042,0.186
92384.991364,-0.330284861,0.00564951404,313.756855,0.186
92384.995533,-0.335217173,0.0080241345,297.712836,0.186
92384.999701,-0.323827899,0.0140868892,200.022411,0.186
92385.003870,-0.326996134,0.0166464384,195.827953,0.186
92385.008038,-0.320188162,0.0198706007,206.084445,0.186
92385.012206,-0.325930318,0.0130311068,342.095311,0.186
92385.016375,-0.328639121,0.0154896173,314.945334,0.186
92385.020543,-0.330612816,0.00716959005,279.945853,0.186
92385.024712,-0.341134119,0.0124953804,283.25857,0.186
92385.028880,-0.334711647,0.0119063936,267.241937,0.186
92385.033048,-0.337120401,0.0127802338,261.315588,0.186
92385.037217,-0.343280651,0.0150036228,257.781143,0.186
92385.041385,-0.333680049,0.0120020558,262.165616,0.186
92385.045554,-0.339825399,0.0154439128,243.974947,0.186
92385.049722,-0.3399189,0.0122952867,308.136708,0.186
92385.053890,-0.342305765,0.0118778605,323.192765,0.186
92385.058059,-0.34710673,0.0116076598,312.84633,0.186
92385.062227,-0.343730936,0.0145944286,300.838925,0.186
92385.066396,-0.346245924,0.0101459138,306.022295,0.186
92385.070564,-0.34830324,0.0143102909,306.200709,0.186
92385.074733,-0.347964246,0.0131856698,317.313993,0.186
92385.078901,-0.356696972,0.0126961273,286.216817,0.186
92385.083069,-0.356319875,0.0149886455,269.510281,0.186
92385.087238,-0.357029789,0.0127110776,282.62298,0.186
92385.091406,-0.355811543,0.0153622064,250.626956,0.186
92385.095575,-0.361171095,0.0194046463,261.701789,0.186
92385.099743,-0.360369515,0.0180245161,234.401124,0.186
92385.103911,-0.361089211,0.0160421788,243.638098,0.186
92385.108080,-0.362861541,0.0157344659,256.218653,0.186
92385.112248,-0.362809193,0.0135492272,258.949195,0.186
92385.116417,-0.364527745,0.0139283355,274.803695,0.186
92385.120585,-0.367610074,0.0161242548,261.570726,0.186
92385.124754,-0.371163907,0.0117555652,266.767945,0.186
92385.128922,-0.374409479,0.0136631207,256.6521,0.186
92385.133090,-0.376178395,0.0130425399,276.428655,0.186
92385.137259,-0.378078426,0.0141746374,258.683976,0.186
92385.141427,-0.374550034,0.01567399,239.754999,0.186
92385.145596,-0.37654686,0.0205679617,248.907411,0.186
92385.149764,-0.378436288,0.0171201647,280.976196,0.186
92385.153932,-0.381076916,0.0137324628,263.370305,0.186
92385.158101,-0.377726209,0.0189711628,265.881878,0.186
92385.162269,-0.377409153,0.0141014809,249.569615,0.186
92385.166438,-0.382945113,0.0151548388,254.395243,0.186
92385.170606,-0.38425162,0.017333633,286.59719,0.186
92385.174774,-0.384566523,0.0121010067,282.046175,0.186
92385.178943,-0.384159867,0.0159562962,254.938961,0.186
92385.183111,-0.384853202,0.0196525661,280.397727,0.186
92385.187280,-0.382599942,0.020014675,265.715453,0.186
92385.191448,-0.384475946,0.0226531062,276.73303,0.186
92385.195616,-0.382100732,0.0256838797,267.263065,0.186
92385.199785,-0.388722844,0.0200999219,247.741248,0.186
92385.203953,-0.386416128,0.0147702415,263.912081,0.186
92385.208122,-0.386714175,0.0211146889,255.011921,0.186
92385.212290,-0.390429984,0.016744611,268.166916,0.186
92385.216459,-0.390834084,0.0139081282,271.683201,0.186
92385.220627,-0.389682021,0.0268096796,244.546165,0.186
92385.224795,-0.386448036,0.0178156154,244.051128,0.186
92385.228964,-0.387969059,0.0263416905,258.39906,0.186
92385.233132,-0.387898787,0.0228121832,290.419206,0.186
92385.237301,-0.38720544,0.0166618905,290.361679,0.186
92385.241469,-0.387695643,0.0244278862,282.697275,0.186
92385.245637,-0.388117379,0.0186938825,295.887949,0.186
92385.249806,-0.385447403,0.02209319,272.546622,0.186
92385.253974,-0.386371735,0.0254211448,278.819095,0.186
92385.258143,-0.385300136,0.0193589362,277.609902,0.186
92385.262311,-0.386017364,0.0252915911,242.327598,0.186
92385.266479,-0.385283153,0.0256677988,256.720269,0.186
92385.270648,-0.389034258,0.024726157,262.437938,0.186
92385.274816,-0.387053246,0.0280931367,247.406583,0.186
92385.278985,-0.387577653,0.0284215805,251.454779,0.186
92385.283153,-0.380829221,0.0270335818,228.687447,0.186
92385.287321,-0.374123734,0.0285278045,223.994491,0.186
92385.291490,-0.379027556,0.0313743558,245.77317,0.186
92385.295658,-0.379404491,0.0341008789,242.982178,0.186
92385.299827,-0.380004319,0.0318809372,180.481803,0.186
92385.303995,-0.391942778,0.0312440506,190.760746,0.186
92385.308164,-0.386440975,0.0400413751,183.001949,0.186
92385.312332,-0.386574351,0.0221543354,224.815616,0.186
92385.316500,-0.384742394,0.0235050021,219.705843,0.186
92385.320669,-0.382963137,0.0282879225,233.42378,0.186
92385.324837,-0.383211497,0.0281267911,225.735525,0.186
92385.329006,-0.377009835,0.0255917732,229.15086,0.186
92385.333174,-0.395660954,0.0118288606,218.270165,0.186
92385.337342,-0.389565485,0.0279684288,206.569381,0.186
92385.341511,-0.393955413,0.0226478974,140.614231,0.186
92385.345679,-0.396052114,0.0171461144,139.501531,0.186
92385.349848,-0.389700282,0.0236284961,105.434087,0.186
92385.354016,-0.390072598,0.0215289104,106.686705,0.186
92385.358185,-0.381612566,0.0416773896,105.489124,0.186
92385.362353,-0.381617493,0.0196819048,215.271988,0.186
92385.366521,-0.377626999,0.0281045139,200.340402,0.186
92385.370690,-0.392264959,0.0167922785,126.155352,0.186
92385.374858,-0.396637462,0.0323403862,126.045126,0.186
92385.379027,-0.392897674,0.0346598326,126.323047,0.186
92385.383195,-0.404061244,0.0215876703,91.619901,0.186
92385.387363,-0.39807589,0.0303640174,91.1610075,0.186
92385.391532,-0.394996724,0.0183219596,73.8245284,0.186
92385.395700,-0.399541615,0.0127047196,74.4731588,0.186
92385.399869,-0.393363249,0.0130407247,135.484066,0.186
92385.404037,-0.407525825,-0.00253063639,135.288891,0.186
92385.408205,-0.396744147,0.00328922191,135.10239,0.186
92385.412374,-0.404204358,0.0238388723,175.25758,0.186
92385.416542,-0.39989331,-0.00298802767,179.528267,0.186
92385.420711,-0.4024057,0.0149087583,96.9910149,0.186
92385.424879,-0.405198934,0.0249644557,96.1363469,0.186
92385.429047,-0.413122238,0.0221766156,96.8201478,0.186
92385.433216,-0.397650997,0.0243362866,103.337457,0.186
92385.437384,-0.401282039,0.0304508972,102.761681,0.186
92385.441553,-0.397333218,0.0259472692,202.117826,0.186
92385.445721,-0.393313461,0.0228474409,208.473417,0.186
92385.449890,-0.398927911,0.0159746405,156.84711,0.186
92385.454058,-0.401887753,0.0313640787,154.327997,0.186
92385.458226,-0.388892301,0.0192194264,153.612478,0.186
92385.462395,-0.40201122,0.0126461096,106.110384,0.186
92385.466563,-0.399770521,0.0322602101,105.228855,0.186
92385.470732,-0.400842282,0.00647925977,122.949693,0.186
92385.474900,-0.404106532,0.0071970516,123.162984,0.186
92385.479068,-0.404995044,0.00306808541,121.474242,0.186
92385.483237,-0.404865229,0.0133777629,273.336196,0.186
92385.487405,-0.406399287,0.00993062004,292.189944,0.186
92385.491574,-0.38351865,0.00806204881,113.208784,0.186
92385.495742,-0.381780762,0.00472204007,112.115935,0.186
92385.499910,-0.385491577,0.015016168,112.476678,0.186
92385.504079,-0.379484781,0.0127366876,111.578903,0.186
92385.508247,-0.379316232,0.0197920848,110.132473,0.186
92385.512416,-0.379958209,0.02209687,177.770367,0.186
92385.516584,-0.37852993,0.0112696972,179.288614,0.186
92385.520753,-0.381617083,0.0279334618,182.102532,0.186
92385.524921,-0.388540545,0.0171854724,192.857645,0.186
92385.529089,-0.375449023,0.0285208603,180.072505,0.186
92385.533258,-0.375860326,0.0148341025,109.831594,0.186
92385.537426,-0.370002028,0.0186327071,110.231874,0.186
92385.541595,-0.374155335,0.00939575155,102.518703,0.186
92385.545763,-0.372539748,0.0117944055,101.427988,0.186
92385.549931,-0.378042029,0.0104072725,161.816673,0.186
92385.554100,-0.372104984,0.00655024624,153.614664,0.186
92385.558268,-0.380946696,0.0130595327,155.100247,0.186
92385.562437,-0.374864338,0.0172619992,210.122554,0.186
92385.566605,-0.368474964,0.0287429773,205.693825,0.186
92385.570773,-0.371860028,0.0259175368,253.46284,0.186
92385.574942,-0.366772388,0.020466737,263.113375,0.186
92385.579110,-0.365511388,0.0316954535,228.247643,0.186
92385.583279,-0.367110946,0.0155073729,258.452052,0.186
92385.587447,-0.360167637,0.0113843335,235.142745,0.186
92385.591616,-0.367742541,0.0311829291,227.455596,0.186
92385.595784,-0.366357975,0.0161499488,224.796489,0.186
92385.599952,-0.368318339,0.0217971145,250.326744,0.186
92385.604121,-0.365106888,0.0288322941,239.217801,0.186
92385.608289,-0.366505107,0.00867402301,240.328373,0.186
92385.612458,-0.359878139,0.0309151998,192.370834,0.186
92385.616626,-0.359667911,0.0223934791,190.311171,0.186
92385.620794,-0.356307057,0.0111292009,249.98784,0.186
92385.624963,-0.357192078,0.0335982247,232.418749,0.186
92385.629131,-0.346985176,0.0184854977,261.396138,0.186
92385.633300,-0.359686533,0.00965128121,224.910652,0.186
92385.637468,-0.360072605,0.0312282451,219.107551,0.186
92385.641636,-0.356902448,0.0178265685,226.549458,0.186
92385.645805,-0.358633971,0.0164562491,230.67612,0.186
92385.649973,-0.365198462,0.0316660928,211.487617,0.186
92385.654142,-0.357344754,0.0127070041,236.753783,0.186
92385.658310,-0.356394095,0.0160311822,244.040139,0.186
92385.662478,-0.349476178,0.0152582366,240.706751,0.186
92385.666647,-0.349418126,0.0115900966,239.070857,0.186
92385.670815,-0.351248904,0.0203640885,229.997152,0.186
92385.674984,-0.356273103,0.00887087407,240.659825,0.186
92385.679152,-0.355659578,0.0167945315,232.03459,0.186
92385.683321,-0.354309309,0.0168940257,217.705003,0.186
92385.687489,-0.35212848,0.0146172999,220.926359,0.186
92385.691657,-0.343383567,0.0159752115,199.178914,0.186
92385.695826,-0.344583383,0.0115319778,205.410465,0.186
92385.699994,-0.340446459,0.0158293136,211.880656,0.186
92385.704163,-0.345926354,0.0128250252,276.803445,0.186
92385.708331,-0.343903879,0.0123150588,278.954797,0.186
92385.712499,-0.340309157,0.0135050156,276.479718,0.186
92385.716668,-0.343626154,0.0164339051,265.56781,0.186
92385.720836,-0.344576043,0.00706947231,209.490802,0.186
92385.725005,-0.338239975,0.0141302098,209.737416,0.186
92385.729173,-0.341090536,0.00988950647,201.700497,0.186
92385.733341,-0.337507002,0.0108761019,211.121427,0.186
92385.737510,-0.334610354,0.00654695925,212.917281,0.186
92385.741678,-0.32970659,0.00484216803,332.618729,0.186
92385.745847,-0.329055843,0.00918936815,337.549628,0.186
92385.750015,-0.325811091,0.0102301402,331.852136,0.186
92385.754184,-0.328305413,0.010175654,278.756437,0.186
92385.758352,-0.326853694,0.019292988,271.584251,0.186
92385.762520,-0.327297452,0.0134457742,328.046254,0.186
92385.766689,-0.327609128,0.0106800417,307.872664,0.186
92385.770857,-0.323585841,0.0143971179,294.610994,0.186
92385.775026,-0.321361535,0.0121865462,293.655723,0.186
92385.779194,-0.319427305,0.0112830414,293.776755,0.186
92385.783362,-0.315201088,0.0164901078,297.448109,0.186
92385.787531,-0.313414809,0.0166498189,288.840194,0.186
92385.791699,-0.313884882,0.0139167844,280.451936,0.186
92385.795868,-0.316172626,0.0179663931,276.031031,0.186
92385.800036,-0.314014206,0.0130658975,298.251823,0.186
92385.804204,-0.319822896,0.0148441717,306.004109,0.186
92385.808373,-0.315678814,0.0144143068,317.307072,0.186
92385.812541,-0.308917615,0.0124057584,247.431737,0.186
92385.816710,-0.305129821,0.0151805517,248.074604,0.186
92385.820878,-0.301193506,0.0152850757,292.611809,0.186
92385.825046,-0.302209438,0.016413535,293.780611,0.186
92385.829215,-0.297343433,0.0186122331,293.622329,0.186
92385.833383,-0.302385338,0.0169508376,281.802968,0.186
92385.837552,-0.305024413,0.0151736099,281.745549,0.186
92385.841720,-0.300064774,0.0137230233,304.218109,0.186
92385.845889,-0.301171762,0.012365597,294.91825,0.186
92385.850057,-0.30107251,0.0117318395,309.004608,0.186
92385.854225,-0.296876659,0.0117490801,316.530466,0.186
92385.858394,-0.298219557,0.011406156,323.128107,0.186
92385.862562,-0.292334293,0.00908607882,290.123844,0.186
92385.866731,-0.293483738,0.0115725771,298.230903,0.186
92385.870899,-0.291512418,0.00937542646,302.554999,0.186
92385.875067,-0.29437282,0.0133153947,288.953135,0.186
92385.879236,-0.294223417,0.0136533787,296.335325,0.186
92385.883404,-0.294543109,0.0101667652,316.805306,0.186
92385.887573,-0.295727342,0.00917361408,314.412068,0.186
92385.891741,-0.291062455,0.00584536931,323.756498,0.186
92385.895909,-0.293823436,0.00498835782,333.0874,0.186
92385.900078,-0.291137078,0.00478332538,309.061187,0.186
92385.904246,-0.288441077,0.0105006596,297.368677,0.186
92385.908415,-0.292231618,0.0131240502,284.583157,0.186
92385.912583,-0.290872573,0.0128113357,339.034527,0.186
92385.916752,-0.290163349,0.0116093108,351.987282,0.186
92385.920920,-0.29398578,0.0102218783,320.081141,0.186
92385.925088,-0.292251087,0.0108349269,351.329449,0.186
92385.929257,-0.295533709,0.00869956093,338.353758,0.186
92385.933425,-0.294292882,0.00951307058,341.964954,0.186
92385.937594,-0.29330152,0.0094542802,303.543548,0.186
92385.941762,-0.293217048,0.0119925164,304.212549,0.186
92385.945930,-0.292054583,0.0103587964,297.615826,0.186
92385.950099,-0.296021291,0.0115003113,312.516138,0.186
92385.954267,-0.294707116,0.0120562673,327.510968,0.186
92385.958436,-0.292931156,0.0090970975,319.349617,0.186
92385.962604,-0.294773415,0.00777252796,310.190397,0.186
92385.966772,-0.290347574,0.00478197148,327.181995,0.186
92385.970941,-0.294899922,0.00924010503,312.722068,0.186
92385.975109,-0.296807659,0.00729147221,322.857544,0.186
92385.979278,-0.299153882,0.00999530896,343.278406,0.186
92385.983446,-0.301116964,0.00438685069,333.81819,0.186
92385.987615,-0.299589456,0.00311977906,298.806655,0.186
92385.991783,-0.296284905,0.00296729617,249.000783,0.186
92385.995951,-0.292372424,0.0013447551,263.052792,0.186
92386.000120,-0.288514979,0.00235795564,258.195588,0.186
92386.004288,-0.293871405,0.00989955558,262.405905,0.186
92386.008457,-0.291641285,0.00899621115,253.291074,0.186
92386.012625,-0.297386652,0.0101535444,256.348418,0.186
92386.016793,-0.298257494,0.00744496445,262.796909,0.186
92386.020962,-0.300910411,0.0111589736,253.788811,0.186
92386.025130,-0.30001575,0.00731797711,319.518456,0.186
92386.029299,-0.298794774,0.0111196333,323.725873,0.186
92386.033467,-0.291488855,0.00859661606,246.127062,0.186
92386.037635,-0.288845148,0.0117758072,240.363294,0.186
92386.041804,-0.2911883,0.0123819455,336.099821,0.186
92386.045972,-0.288338433,0.013007189,337.809249,0.186
92386.050141,-0.290088463,0.0134215689,346.1798,0.186
92386.054309,-0.290087811,0.0116942319,339.434028,0.186
92386.058477,-0.2924876,0.0108789209,318.339301,0.186
92386.062646,-0.291568301,0.0139049048,314.23986,0.186
92386.066814,-0.296103319,0.013154044,315.021155,0.186
92386.070983,-0.292605692,0.013587754,306.064312,0.186
92386.075151,-0.284715985,0.0108015698,288.196881,0.186
92386.079320,-0.285997136,0.011064512,272.856088,0.186
92386.083488,-0.286302704,0.0100773269,330.147955,0.186
92386.087656,-0.287368901,0.00879466583,342.160823,0.186
92386.091825,-0.287143899,0.0076135106,333.861521,0.186
92386.095993,-0.286926543,0.00563152668,341.668572,0.186
92386.100162,-0.289300195,0.00678835967,337.496046,0.186
92386.104330,-0.287114436,0.00496728689,350.652357,0.186
92386.108498,-0.286048028,0.00420715562,335.798663,0.186
92386.112667,-0.284168108,0.00541664854,323.247864,0.186
92386.116835,-0.285094574,0.00618232133,337.112556,0.186
92386.121004,-0.280382437,0.00560925488,349.189026,0.186
92386.125172,-0.281345923,0.00792034621,336.607638,0.186
92386.129340,-0.278949099,0.00874115513,337.368315,0.186
92386.133509,-0.278445173,0.00896105672,368.215458,0.186
92386.137677,-0.277693879,0.0086382985,348.39388,0.186
92386.141846,-0.275833554,0.0106623943,332.036955,0.186
92386.146014,-0.27411272,0.0108211086,321.974342,0.186
92386.150183,-0.271211687,0.0107952303,348.203849,0.186
92386.154351,-0.27120969,0.012131584,326.292949,0.186
92386.158519,-0.269321697,0.0134809442,297.323333,0.186
92386.162688,-0.269109778,0.0163078043,288.832365,0.186
92386.166856,-0.269247551,0.0168321125,277.804307,0.186
92386.171025,-0.265852682,0.0168312956,290.815453,0.186
92386.175193,-0.260630738,0.0158785714,257.936039,0.186
92386.179361,-0.257963554,0.015557094,257.314749,0.186
92386.183530,-0.258258208,0.0165348902,282.189742,0.186
92386.187698,-0.254597056,0.016611088,290.31023,0.186
92386.191867,-0.257159145,0.0157830606,292.672015,0.186
92386.196035,-0.255930114,0.0167125135,310.521252,0.186
92386.200203,-0.256993975,0.014211505,306.348817,0.186
92386.204372,-0.252648329,0.0118541643,283.380484,0.186
92386.208540,-0.249302081,0.0109803967,288.278618,0.186
92386.212709,-0.246813128,0.0127700663,279.728945,0.186
92386.216877,-0.241153919,0.0110528887,317.898247,0.186
92386.221046,-0.241039057,0.0138259056,283.984062,0.186
92386.225214,-0.242176181,0.0130621287,329.174349,0.186
92386.229382,-0.242716119,0.0121405361,328.680301,0.186
92386.233551,-0.243501591,0.0116624167,334.455055,0.186
92386.237719,-0.24360479,0.0084025152,347.16284,0.186
92386.241888,-0.239778839,0.0105845278,299.004019,0.186
92386.246056,-0.240373969,0.0135488466,291.238597,0.186
92386.250224,-0.235859908,0.0122737535,304.287174,0.186
92386.254393,-0.231705208,0.0135864941,287.453559,0.186
92386.258561,-0.230622295,0.0146324497,293.072669,0.186
92386.262730,-0.232158243,0.0129590376,354.297369,0.186
92386.266898,-0.228642028,0.0144920983,371.697449,0.186
92386.271066,-0.229343075,0.0112294963,364.859654,0.186
92386.275235,-0.23163733,0.0154231024,349.71281,0.186
92386.279403,-0.225418456,0.0111518519,391.607127,0.186
92386.283572,-0.227941956,0.0170871887,308.660014,0.186
92386.287740,-0.218817766,0.0152832688,314.345892,0.186
92386.291909,-0.220029289,0.0168291797,291.537948,0.186
92386.296077,-0.217243459,0.0209142462,304.656239,0.186
92386.300245,-0.209200831,0.0149153753,295.728083,0.186
92386.304414,-0.217822101,0.0210932613,385.053795,0.186
92386.310666,-0.212252068,0.017137425,274.569065,0.186
92386.316919,-0.204739869,0.0142284738,398.693454,0.186
92386.321087,-0.205400532,0.0192117957,388.67561,0.186
92386.325256,-0.197987791,0.0187131225,344.870008,0.186
92386.329424,-0.194108265,0.0220931293,338.375784,0.186
92386.333593,-0.192110317,0.0210784897,401.271554,0.186
92386.337761,-0.189765404,0.0193331201,383.974134,0.186
92386.341929,-0.18665033,0.0218768652,365.915919,0.186
92386.346098,-0.181306885,0.0170731781,369.02564,0.186
92386.350266,-0.182874868,0.0205931486,337.90612,0.186
92386.354435,-0.179595364,0.0242081198,352.604205,0.186
92386.358603,-0.17464946,0.020555909,361.6609,0.186
92386.362771,-0.170173723,0.025512638,315.733079,0.186
92386.366940,-0.162938698,0.0199789164,297.995411,0.186
92386.371108,-0.158656906,0.0225152864,287.067851,0.186
92386.375277,-0.155082827,0.0207195646,317.760719,0.186
92386.379445,-0.149384324,0.0212823823,307.989395,0.186
92386.383614,-0.148366692,0.0219807843,347.193164,0.186
92386.387782,-0.145133609,0.023198915,320.851348,0.186
92386.391950,-0.142569622,0.0221326468,371.988054,0.186
92386.396119,-0.137031585,0.0181892178,389.277177,0.186
92386.400287,-0.137244774,0.0208813126,386.131527,0.186
92386.404456,-0.129455472,0.0172938912,375.454581,0.186
92386.408624,-0.127957683,0.0193581191,379.932435,0.186
92386.412792,-0.123320407,0.0183350133,321.292086,0.186
92386.416961,-0.119138556,0.0194244312,340.251704,0.186
92386.421129,-0.115912723,0.0189340413,362.964636,0.186
92386.425298,-0.1166905,0.0167890311,418.398178,0.186
92386.429466,-0.114822625,0.0161575165,391.409263,0.186
92386.433635,-0.112928879,0.0143266908,434.865437,0.186
92386.437803,-0.112204377,0.0143319008,444.746328,0.186
92386.441971,-0.108480714,0.0114023305,479.731464,0.186
92386.446140,-0.104021187,0.0128683678,387.994988,0.186
92386.450308,-0.0992979244,0.0100512031,375.384546,0.186
92386.454477,-0.102876984,0.0108938456,428.594307,0.186
92386.458645,-0.0995288615,0.00869065434,444.096041,0.186
92386.462813,-0.100346351,0.00814792146,427.802952,0.186
92386.466982,-0.100115355,0.0081460603,395.984337,0.186
92386.471150,-0.098104166,0.00815819008,418.674046,0.186
92386.475319,-0.0963533055,0.00721968586,423.230761,0.186
92386.479487,-0.0962351279,0.00865010574,422.25399,0.186
92386.483655,-0.0947081362,0.00661323247,431.441313,0.186
92386.487824,-0.0941200997,0.00744093399,386.634758,0.186
92386.491992,-0.0945893341,0.0058731973,381.960986,0.186
92386.496161,-0.094457289,0.00642248551,434.925909,0.186
92386.500329,-0.0942388394,0.00573204661,422.422369,0.186
92386.504497,-0.0939145592,0.00892006741,397.056512,0.186
92386.508666,-0.0965868448,0.00926225543,427.812987,0.186
92386.512834,-0.095478884,0.00906224289,491.349332,0.186
92386.517003,-0.098323115,0.00938280938,476.725489,0.186
92386.521171,-0.0977759366,0.00940877181,477.626965,0.186
92386.525339,-0.0981669946,0.00958105921,465.779214,0.186
92386.529508,-0.0985279583,0.00892807771,470.112979,0.186
92386.533676,-0.100322359,0.010795787,441.450717,0.186
92386.537845,-0.102937311,0.0105505,422.78428,0.186
92386.542013,-0.103532548,0.010905775,445.920279,0.186
92386.546182,-0.107356732,0.0111752136,423.256588,0.186
92386.550350,-0.108163594,0.00954824374,449.114434,0.186
92386.554518,-0.108489888,0.0107460597,443.663216,0.186
92386.558687,-0.109868446,0.00978798995,421.774574,0.186
92386.562855,-0.110998245,0.010576135,379.32763,0.186
92386.567024,-0.111868823,0.0121866482,409.757964,0.186
92386.571192,-0.114141251,0.0122806986,403.158003,0.186
92386.575360,-0.116228576,0.0117927796,389.342789,0.186
92386.579529,-0.116847134,0.0145763448,400.324336,0.186
92386.583697,-0.117303237,0.0113217031,439.689095,0.186
92386.587866,-0.118093576,0.01308251,440.015965,0.186
92386.592034,-0.119089755,0.0123000468,410.840013,0.186
92386.596203,-0.120103374,0.0129763232,416.146664,0.186
92386.600371,-0.122008364,0.0153270282,399.742846,0.186
92386.604539,-0.120372723,0.0139991478,389.382602,0.186
92386.608708,-0.122294845,0.0157198489,408.916167,0.186
92386.612876,-0.121059567,0.0159439458,412.655555,0.186
92386.617045,-0.120458852,0.0151535647,410.59483,0.186
92386.621213,-0.119568937,0.0153382901,416.950447,0.186
92386.625381,-0.119934825,0.0150870512,406.302621,0.186
92386.629550,-0.118306191,0.0142745312,411.123333,0.186
92386.633718,-0.11840096,0.0147496019,421.315188,0.186
92386.637887,-0.116118175,0.0126413208,411.98571,0.186
92386.642055,-0.114254585,0.0123282546,412.404836,0.186
92386.646223,-0.109931718,0.0131102983,369.932221,0.186
92386.650392,-0.106268172,0.010810638,369.102519,0.186
92386.654560,-0.101439998,0.00946831477,400.201732,0.186
92386.658729,-0.098610793,0.00547333415,388.773988,0.186
92386.662897,-0.0962054596,0.00565109356,324.402398,0.186
92386.667065,-0.09227984,0.00475143603,323.566434,0.186
92386.671234,-0.0880976543,0.00228471765,338.006449,0.186
92386.675402,-0.0791694763,0.00609347218,210.353011,0.186
92386.679571,-0.0705634611,0.0113580123,207.680444,0.186
92386.683739,-0.0688992702,0.0149779088,390.917739,0.186
92386.687908,-0.0601098604,0.00965270799,378.82816,0.186
92386.692076,-0.053621174,0.00999534709,378.999633,0.186
92386.696244,-0.0537712283,0.0098290826,245.776689,0.186
92386.700413,-0.0475382129,0.0134635161,256.927514,0.186
92386.704581,-0.0452090491,0.00375547797,203.064302,0.186
92386.708750,-0.0385701882,0.00241027737,206.447482,0.186
92386.712918,-0.0382340944,0.00745958558,331.489328,0.186
92386.717086,-0.0343192929,-0.00183517447,356.542908,0.186
92386.721255,-0.0280617248,-0.000303959877,349.272172,0.186
92386.725423,-0.0262539852,0.00992145964,247.255968,0.186
92386.729592,-0.014395826,0.0083468196,263.135651,0.186
92386.733760,-0.0152702657,0.00522315257,346.083282,0.186
92386.737928,-0.0125420233,0.00501973509,349.041623,0.186
92386.742097,-0.00899907218,0.00686415103,362.726218,0.186
92386.746265,-0.0075559016,0.0043818401,431.34315,0.186
92386.750434,-0.00487540179,0.00265315576,457.226066,0.186
92386.754602,-0.00101784131,0.00206638869,458.141166,0.186
92386.758770,0.000275983767,0.0029720085,465.79568,0.186
92386.762939,-0.00170471799,0.000494497757,1487.03412,0.186
92386.767107,0.000804208444,-0.000222455304,1370.54643,0.186
92386.771276,0.00277344925,0.0003669464,1473.49543,0.186
92386.775444,0.00107593906,-0.00106727789,1022.5607,0.186
92386.779613,0.0032413195,-0.000716691588,917.099628,0.186
92386.783781,0.00699882283,-0.00212993504,708.320046,0.186
92386.787949,0.00679026065,-0.00367572186,692.796348,0.186
92386.792118,0.00584253162,-0.0022040049,701.987032,0.186
92386.796286,0.00436694732,-0.00139616242,964.805273,0.186
92386.800455,0.0044335734,-0.00101674802,1034.60307,0.186
92386.804623,0.00481840194,-0.0012045881,797.409462,0.186
92386.808791,0.00462975892,-0.000370892332,842.683473,0.186
92386.812960,0.00470105992,0.00040729952,849.531977,0.186
92386.817128,0.00361087308,-0.000633314424,510.517826,0.186
92386.821297,0.00154115528,-7.53309125e-05,510.927746,0.186
92386.825465,-0.000439621354,-0.00120886873,558.759609,0.186
92386.829634,-0.000802050162,-0.00139836289,575.697814,0.186
92386.833802,0.000988945712,0.00193590404,898.175183,0.186
92386.837970,-0.000356523122,0.00162038887,919.12161,0.186
92386.842139,-0.000149101101,0.00197618456,914.918461,0.186
92386.846307,0.00097267369,0.00120430698,989.094811,0.186
92386.850476,0.000364939135,0.00194822204,995.160667,0.186
92386.854644,-0.000431191111,0.000689699893,1506.22886,0.186
92386.858812,-0.000534716055,0.000769011944,1525.21241,0.186
92386.862981,-0.00045129785,0.000378908073,1476.20634,0.186
92386.867149,-0.00098237921,0.000439851597,1456.02315,0.186
92386.871318,-0.0010892874,0.000143151597,1447.6779,0.186
92386.875486,0.000885305341,0.00154241448,926.842581,0.186
92386.879654,0.000710030356,0.00172412399,938.078789,0.186
92386.883823,0.00042183516,0.000860388375,1987.61317,0.186
92386.887991,0.000974008601,0.00116799352,1621.24487,0.186
92386.892160,0.000677519439,0.000971837486,1708.70846,0.186
92386.896328,-0.00054862929,-0.000282505733,1041.52048,0.186
92386.900496,-0.000805779094,-0.00040097322,1055.01257,0.186
92386.904665,3.22163508e-05,0.000675854519,1896.46389,0.186
92386.908833,2.89285821e-05,0.000796670453,2030.4715,0.186
92386.913002,-0.000331095167,0.000753915623,1839.9872,0.186
92386.917170,-0.000383060961,0.000868703261,2390.80746,0.186
92386.921339,-0.000219505837,0.000873472102,2077.49474,0.186
92386.925507,-0.000800222302,0.000600703638,1900.86996,0.186
92386.929675,-0.000916477176,0.000633481613,1588.8399,0.186
92386.933844,-0.00116698038,0.00125945861,1587.33639,0.186
92386.938012,-0.00171809769,0.00122977977,1452.7298,0.186
92386.942181,-0.00246774861,0.00171241305,1174.52317,0.186
92386.946349,-0.00277393952,0.00111533833,1303.50945,0.186
92386.950517,-0.00322427554,0.00164935369,1295.34344,0.186
92386.954686,-0.00333268275,0.00139957869,1348.65196,0.186
92386.958854,-0.00238698119,0.00116405019,1323.30495,0.186
92386.963023,-0.00306551192,0.00125363719,1163.59543,0.186
92386.967191,-0.00301711412,0.000838029792,1339.99299,0.186
92386.971360,-0.00306992466,0.000566574848,1330.25868,0.186
92386.975528,-0.00275434276,0.00010758726,1174.28111,0.186
92386.979696,-0.00283855479,-0.000255382918,1125.82222,0.186
92386.983865,-0.00337780925,9.33919594e-05,1269.78865,0.186
92386.988033,-0.00321230199,0.000633251736,1215.02168,0.186
92386.992202,-0.00370179953,0.000728694208,1159.92525,0.186
92386.996370,-0.00394648646,0.00056997256,1115.76455,0.186
92387.000538,-0.00515342706,0.000727833358,960.670171,0.186
92387.004707,-0.00477800185,0.00112459721,1042.28767,0.186
92387.008875,-0.00516101473,0.000944084704,1001.15807,0.186
92387.013044,-0.00542999088,0.000641671515,1075.1366,0.186
92387.017212,-0.005194429,0.00168279409,937.171328,0.186
92387.021380,-0.00480844829,0.00249504503,954.637298,0.186
92387.025549,-0.00582700094,0.00173428138,916.946419,0.186
92387.029717,-0.00681455337,0.0020653255,898.648588,0.186
92387.033886,-0.00824537651,0.00199095944,835.522679,0.186
92387.038054,-0.00805939967,0.00128242058,816.7959,0.186
92387.042222,-0.00875243156,0.000938323965,813.169806,0.186
92387.046391,-0.00897784804,0.00147848384,751.186719,0.186
92387.050559,-0.0107008562,0.00192691978,638.960745,0.186
92387.054728,-0.00862774556,0.00145272687,694.622215,0.186
92387.058896,-0.00826481978,0.00146746454,732.226187,0.186
92387.063065,-0.00877513198,0.0030430244,720.851434,0.186
92387.067233,-0.00844276237,0.00162065523,842.465486,0.186
92387.071401,-0.00834049188,0.000997267287,844.608049,0.186
92387.075570,-0.00769010169,0.00180262693,857.657121,0.186
92387.079738,-0.00728867315,0.0015692593,829.073966,0.186
92387.083907,-0.00623639715,0.00204579054,881.238471,0.186
92387.088075,-0.00487384713,0.00181189365,896.111824,0.186
92387.092243,-0.00396069262,0.0016289722,952.100576,0.186
92387.096412,-0.00350326982,0.00205822415,1085.90678,0.186
92387.100580,-0.00348578932,0.00153051031,1205.53521,0.186
92387.104749,-0.0011541624,0.00197761616,1027.66863,0.186
92387.108917,-0.000135502437,0.00182242027,994.712422,0.186
92387.113085,0.000411122059,0.00179671954,1080.92704,0.186
92387.117254,-1.92704302e-05,0.00217758729,1263.89635,0.186
92387.121422,0.000232122461,0.00240099371,1288.5101,0.186
92387.125591,0.00166351311,0.00168142983,1212.1385,0.186
92387.129759,0.00181377827,0.00222915428,1005.58727,0.186
92387.133928,0.00184092508,0.00229360998,1372.09487,0.186
92387.138096,0.00150781204,0.00230012979,1026.65095,0.186
92387.142264,0.00205218579,0.00196099511,1187.67843,0.186
92387.146433,0.00255132701,0.00231166894,1163.77823,0.186
92387.150601,0.00222402146,0.00249998401,1054.37631,0.186
92387.154770,0.00244358175,0.00126211811,1318.0425,0.186
92387.158938,0.0015187326,0.00139148094,1131.61906,0.186
92387.163106,0.00135905659,0.00117219777,1229.23499,0.186
92387.167275,0.00125758613,0.000818038465,1460.48939,0.186
92387.171443,0.000940160547,0.000515070379,1263.10867,0.186
92387.175612,0.00112508562,0.000648721737,1207.91535,0.186
92387.179780,0.000872480723,0.000714507631,947.485719,0.186
92387.183948,0.000991511816,0.000864869445,1114.36339,0.186
92387.188117,0.000423482964,-0.000525601029,1721.31992,0.186
92387.192285,0.000159426879,-0.000900315013,1750.69351,0.186
92387.196454,0.000405740723,-0.00147608887,1315.12428,0.186
92387.200622,0.000422550558,-0.00158071336,1253.56197,0.186
92387.204790,0.00100611116,-0.00169188941,1140.10381,0.186
92387.208959,0.00113105072,-0.0019060794,1017.65863,0.186
92387.213127,0.00195373893,-0.003222597,1130.51331,0.186
92387.217296,0.00417078304,-0.00514809549,731.5712,0.186
92387.221464,0.00454154905,-0.00370103424,850.186252,0.186
92387.225633,0.00271592224,-0.00374866439,960.239265,0.186
92387.229801,0.00269546592,-0.00297337841,951.498986,0.186
92387.233969,0.00284127615,-0.00226577085,1054.3031,0.186
92387.238138,0.00357023837,-0.00318573223,1042.35417,0.186
92387.242306,0.00505932815,-0.00334771212,969.54892,0.186
92387.246475,0.00447993215,-0.00212229641,982.95765,0.186
92387.250643,0.00426710055,-0.0014843573,1146.1059,0.186
92387.254811,0.00517426825,-0.00163581373,1123.56805,0.186
92387.258980,0.00595896289,-0.000223780035,984.108076,0.186
92387.263148,0.00640493905,-0.000371537073,1040.37952,0.186
92387.267317,0.00593847373,-0.000344450353,836.532787,0.186
92387.271485,0.00520744698,-1.33794111e-05,919.012084,0.186
92387.275653,0.00515454499,0.000221674129,935.540081,0.186
92387.279822,0.00469500468,0.000202678055,978.643569,0.186
92387.283990,0.00503176875,0.000529301268,1034.53697,0.186
92387.288159,0.00622662352,0.00116229574,618.154924,0.186
92387.292327,0.00686800255,0.00187297138,617.59084,0.186
92387.296496,0.00562667309,0.0016135841,818.312426,0.186
92387.300664,0.00627440511,0.00111575331,878.606224,0.186
92387.304832,0.00554154837,0.000774700144,924.358351,0.186
92387.309001,0.0059938913,0.00101891838,1000.35376,0.186
92387.313169,0.00546194791,0.00099807227,1051.041,0.186
92387.317338,0.004670077,0.000170790201,1103.70448,0.186
92387.321506,0.00497279786,9.977917e-05,1156.52593,0.186
92387.325674,0.00445469124,0.000409371823,1062.44174,0.186
92387.329843,0.00474302753,-0.000528109162,1044.06595,0.186
92387.334011,0.00454275069,-0.000856834657,1079.84933,0.186
92387.338180,0.00457503973,-0.00137805848,1032.13002,0.186
92387.342348,0.00438875996,-0.0011467118,1003.13422,0.186
92387.346516,0.00286014844,-0.00171285052,1060.97465,0.186
92387.350685,0.0037408923,-0.00102638144,1189.64537,0.186
92387.354853,0.00297711211,-0.00203521375,1121.93284,0.186
92387.359022,0.00202531839,-0.00177545925,1307.59575,0.186
92387.363190,0.00125060292,-0.00260981394,1241.88745,0.186
92387.367359,0.00335168492,-0.00254356883,1067.48477,0.186
92387.371527,0.00259533333,-0.0017935211,1020.06184,0.186
92387.375695,0.00182692311,-0.00293155392,957.438908,0.186
92387.379864,0.00143243326,-0.00240484093,1020.32093,0.186
92387.384032,0.00187530406,-0.00270983961,919.36007,0.186
92387.388201,-0.00143686289,-0.00375861844,610.521958,0.186
92387.392369,-0.00163368606,-0.00100489926,639.137769,0.186
92387.396537,0.00273300689,-0.00334802336,844.517492,0.186
92387.400706,0.00174504733,-0.00228367501,822.52916,0.186
92387.404874,0.000137462328,-0.00167074283,876.356795,0.186
92387.409043,0.00268739096,-0.00243976942,836.64148,0.186
92387.413211,0.000471342347,0.000501864825,903.344479,0.186
92387.417379,-0.000720658491,0.000618636758,813.274055,0.186
92387.421548,-0.000486164124,0.00242879822,795.64156,0.186
92387.425716,0.00165782669,-0.000501404146,771.687405,0.186
92387.429885,0.00107214186,-0.000251149651,758.554611,0.186
92387.434053,0.00231687087,0.0021507308,677.825084,0.186
92387.438222,-0.00117634086,-0.000436698052,773.149717,0.186
92387.442390,0.000269769043,-0.000803306541,814.052617,0.186
92387.446558,0.000715409574,0.00370520836,450.114614,0.186
92387.450727,0.00118681031,0.00153125796,448.390261,0.186
92387.454895,0.00217689774,0.00285477071,363.469438,0.186
92387.459064,0.00177418984,0.00100590885,361.312059,0.186
92387.463232,0.00303110583,0.00074011032,358.079835,0.186
92387.467400,0.00115906147,0.00156997593,435.154826,0.186
92387.471569,0.000915398488,0.00336636155,436.006657,0.186
92387.475737,-1.77199739e-05,-0.00210624251,580.759561,0.186
92387.479906,-0.000283829514,-0.0017091301,575.437217,0.186
92387.484074,-0.00045625765,-0.00140453912,583.117611,0.186
92387.488242,0.000370956119,-0.001079779,438.513671,0.186
92387.492411,-5.17075483e-05,-0.00382557228,441.444531,0.186
92387.496579,-0.000423764691,-0.00192488085,1020.99253,0.186
92387.500748,-0.00137094257,-0.00115832536,1062.44394,0.186
92387.504916,-0.000199318123,-0.000705981109,674.231688,0.186
92387.509085,0.000154014222,0.000820657867,689.894127,0.186
92387.513253,0.000152103194,4.32681705e-05,686.340135,0.186
92387.517421,-0.00021628136,0.000127347003,1326.45279,0.186
92387.521590,-0.000113045127,0.0008374192,1304.81591,0.186
92387.525758,-0.000538481692,-0.00264330204,568.783563,0.186
92387.529927,-0.000806691477,-0.00220938635,567.606652,0.186
92387.534095,-0.000502912366,-0.0025976749,568.532235,0.186
92387.538263,-0.00024146711,-0.00109019423,1426.08036,0.186
92387.542432,-0.000372402998,-0.00116219844,1450.15672,0.186
92387.546600,-0.000358342398,0.000459672606,1139.6858,0.186
92387.550769,-0.000537425444,0.000746254381,1110.11468,0.186
92387.554937,-0.000603791251,0.000826125717,1112.10321,0.186
92387.559105,0.000375231657,-2.8974315e-05,1479.0667,0.186
92387.563274,0.000483032242,0.000147786441,1496.12746,0.186
92387.567442,0.00107628045,0.000900728195,1000.85616,0.186
92387.571611,0.00103110076,0.00101674469,1039.2727,0.186
92387.575779,6.57167898e-05,7.90408791e-06,2260.04258,0.186
92387.579947,0.000282612269,0.000182089235,2260.00641,0.186
92387.584116,0.000419951126,0.000240258102,2263.04497,0.186
92387.588284,-0.0007775008,-9.96219638e-05,1049.11467,0.186
92387.592453,-0.00110626728,-0.00012207861,1070.46595,0.186
92387.596621,-1.36397484e-05,0.000496993066,1925.16825,0.186
92387.600790,-0.000240694137,0.000134686483,2122.81843,0.186
92387.604958,-0.000318128533,3.218567e-05,1891.64285,0.186
92387.609126,0.000814894679,0.00107423922,925.13187,0.186
92387.613295,0.000882834193,0.000991289662,920.401824,0.186
92387.617463,0.000227308559,0.000428706612,2031.07686,0.186
92387.621632,0.000344295034,0.000511375519,1936.70425,0.186
92387.625800,-0.00065840225,-0.000482820015,1387.97499,0.186
92387.629968,-0.000664437582,-0.000477127244,1356.28468,0.186
92387.634137,-0.000626096477,-0.000503338449,1366.0809,0.186
92387.638305,-0.000623721332,-0.000609449285,1361.76201,0.186
92387.642474,-0.000866358325,-0.00058073265,1304.75267,0.186
92387.646642,0.000927018004,0.000377272787,1117.65648,0.186
92387.650810,0.000797738062,0.000180972264,1113.26405,0.186
92387.654979,0.000786221854,0.000300363306,1082.00759,0.186
92387.659147,0.000547376361,0.000338121452,1444.7181,0.186
92387.663316,0.000746408185,0.000422996621,1438.9561,0.186
92387.667484,0.000105732129,5.85745284e-05,2367.99554,0.186
92387.671653,0.000142490938,0.000100325142,2626.39546,0.186
92387.675821,-0.000755306576,-0.000281953134,1467.79381,0.186
92387.679989,-0.000801957885,-0.000239576617,1474.4203,0.186
92387.684158,-0.000854093336,-0.000349421954,1443.86262,0.186
92387.688326,0.000175913262,0.000116607862,2986.13457,0.186
92387.692495,0.000216853026,7.17438809e-05,2910.59218,0.186
92387.696663,0.000305468368,0.000408241429,1848.04507,0.186
92387.700831,0.000494298111,0.000549237885,1916.16615,0.186
92387.705000,0.000393877865,0.000367979182,1831.33912,0.186
92387.709168,0.000149348279,0.00053665503,1880.16391,0.186
92387.713337,0.000211747608,0.000670849323,1950.03632,0.186
92387.717505,0.000388325372,0.000354042415,2340.01838,0.186
92387.721673,0.000296368202,0.000226553338,2210.42813,0.186
92387.725842,2.07068852e-05,-0.00034990166,2348.98235,0.186
92387.730010,0.000229213775,-0.000317120231,2427.40749,0.186
92387.734179,5.40346717e-05,-0.000236174352,2437.79206,0.186
92387.738347,0.000289727519,-0.000231609799,2716.6984,0.186
92387.742516,0.000196583256,-8.05026508e-05,2779.41439,0.186
92387.746684,-0.000366599428,0.000203317874,2299.42898,0.186
92387.750852,-0.000410630816,0.000218515489,2397.6364,0.186
92387.755021,-0.000361092311,2.26859872e-05,2362.36473,0.186
92387.759189,0.000102734401,0.000148761753,2505.26906,0.186
92387.763358,4.42022359e-05,0.000202138706,2554.91821,0.186
92387.767526,0.000266176013,-1.00220988e-05,2485.01416,0.186
92387.771694,0.000106664194,0.000147884289,2350.79255,0.186
92387.775863,-5.64946338e-05,-0.000272973106,2640.87295,0.186
92387.780031,-0.00019170496,-0.000242714057,2416.00329,0.186
92387.784200,-0.000102675245,-0.000431841703,2470.61048,0.186
92387.788368,2.21040105e-06,0.000336477719,2333.29185,0.186
92387.792536,1.8103134e-06,0.000421333808,2298.89775,0.186
92387.796705,0.000451439157,0.000161334458,2118.13441,0.186
92387.800873,0.000452484726,0.000207143792,2047.06714,0.186
92387.805042,0.000451782118,0.000248058783,2036.26717,0.186
92387.809210,0.000392959119,0.000531266044,1864.2558,0.186
92387.813378,0.00035116034,0.00040486626,1887.8251,0.186
92387.817547,-0.0002001456,0.000318195146,2485.04003,0.186
92387.821715,-0.000125211758,0.000290671137,2503.9395,0.186
92387.825884,-0.00013546538,0.000159835041,2650.04167,0.186
92387.830052,-0.000140174881,0.000127044953,2689.25907,0.186
92387.834221,-0.000249659895,7.39479209e-06,2706.11498,0.186
92387.838389,0.00023111817,0.000312363121,2105.12303,0.186
92387.842557,0.000419123747,0.000359848527,2086.59534,0.186
92387.846726,0.000398908991,0.000379948992,2004.77247,0.186
92387.850894,0.000552844053,0.00023956572,1908.69769,0.186
92387.855063,0.000388907581,0.000350108115,1900.23847,0.186
92387.859231,7.02740782e-05,0.00026779332,2784.92458,0.186
92387.863399,0.000271879953,9.73711298e-05,2783.50388,0.186
92387.867568,-0.00037784481,-2.9438904e-05,2426.93925,0.186
92387.871736,-0.000343192074,-2.55352491e-05,2249.67375,0.186
92387.875905,7.8755271e-05,0.00013640213,2440.83728,0.186
92387.880073,0.000281402232,0.000286171851,2484.71635,0.186
92387.884241,0.000147542924,8.0977101e-05,2510.16865,0.186
92387.888410,-1.40119055e-05,3.18201656e-05,2843.674,0.186
92387.892578,-6.44876667e-05,-3.55646177e-06,2743.56823,0.186
92387.896747,-0.000131471554,0.000340543589,2680.83887,0.186
92387.900915,3.95916347e-06,0.000376396494,2675.14797,0.186
92387.905084,9.4844587e-05,0.000292894153,2615.20667,0.186
92387.909252,-0.000323548924,0.000342822147,2234.90373,0.186
92387.913420,-0.000136455703,0.000293085764,2228.34946,0.186
92387.917589,2.31075392e-05,-1.63883238e-05,2943.89767,0.186
92387.921757,0.000150733909,-8.15946776e-05,2623.76508,0.186
92387.925926,8.10556552e-05,0.000191148317,2347.71153,0.186
92387.930094,0.000193304579,0.000195548543,2702.65058,0.186
92387.934262,0.000191782595,0.000174851013,2371.12591,0.186
92387.938431,0.000237128001,-4.48075759e-05,2368.18043,0.186
92387.942599,0.000535805918,5.56312362e-05,2309.69917,0.186
92387.946768,-0.000393956603,0.000379438298,2232.44175,0.186
92387.950936,-0.000327244025,0.000362857532,2112.09078,0.186
92387.955104,-0.000339961791,0.000225769093,2117.62987,0.186
92387.959273,-0.000313064986,-0.00019526271,2392.87028,0.186
92387.963441,-0.000344670282,-0.000139493609,2384.08522,0.186
92387.967610,0.00028429471,0.000237622685,2270.74772,0.186
92387.971778,0.000212496286,0.000100082716,2437.54729,0.186
92387.975947,0.00033808772,0.000180837855,2191.55676,0.186
92387.980115,-0.000342305736,0.000220753681,2456.48587,0.186
92387.984283,-0.000259227249,0.00013791142,2192.90818,0.186
92387.988452,-0.00027820879,-6.79411959e-05,2714.11327,0.186
92387.992620,-0.000155176941,5.89505321e-05,2875.06009,0.186
92387.996789,-6.72178629e-05,0.000230184207,2646.90385,0.186
92388.000957,-8.51865997e-05,0.000320870963,2570.90022,0.186
92388.005125,-6.46373255e-05,0.000382771914,2721.39502,0.186
92388.009294,-8.31682196e-05,0.000237311872,2654.78664,0.186
92388.013462,-3.93944661e-05,0.000246650241,2404.03247,0.186
92388.017631,8.13947406e-05,0.000272807271,2019.65259,0.186
92388.021799,0.000225206478,0.000218251745,2058.77595,0.186
92388.025967,-1.5341917e-05,0.00035451302,2304.03213,0.186
92388.030136,0.000205068208,0.000463175519,2125.14083,0.186
92388.034304,0.00026881263,0.000357501492,2196.12079,0.186
92388.038473,-0.000367694774,0.000135179856,2300.36573,0.186
92388.042641,-0.000384480425,0.000381112152,2013.3175,0.186
92388.046809,0.000384146978,-5.06211684e-06,2423.84193,0.186
