t,v_x,v_y,sigma_vx,sigma_vy,distance,status,flow_quality,h
105628.007018,0.00341475825,-0.0143859871,0.0358116136,0.0358116136,0,787,195.584353,0.506
105628.017045,0.00359949157,-0.0139085921,0.0357019686,0.0357019686,0.000141223915,787,154.442097,0.506
105628.027072,-0.00206770015,-0.0134226925,0.0380717305,0.0380717305,0.000266362607,787,147.846653,0.506
105628.037100,-0.00840295811,0.000878042311,0.0374319813,0.0374319813,0.000261261423,787,166.312087,0.506
105628.047127,-0.00628460725,0.000603599311,0.0380534665,0.0380534665,0.000273531091,787,170.415184,0.506
105628.057154,-0.00803907551,0.00306371507,0.0372791943,0.0372791943,0.000291195637,787,194.267774,0.506
105628.067182,-0.00635148151,-0.00490765717,0.0348950036,0.0348950036,0.000363858281,787,178.7258,0.506
105628.077209,-0.0102745416,0.0138811142,0.0361144444,0.0361144444,0.000375863663,787,246.971608,0.506
105628.087236,-0.00722178225,0.019036324,0.032639403,0.032639403,0.0004310814,787,312.44285,0.506
105628.097263,-0.00214363003,0.0106104358,0.0322093683,0.0322093683,0.00047307194,787,276.588425,0.506
105628.107291,0.00708530668,0.0259912568,0.0346879247,0.0346879247,0.000563225631,787,141.150677,0.506
105628.117318,0.00727686061,0.0033415391,0.0359103718,0.0359103718,0.000537443143,787,148.181633,0.506
105628.127345,-0.00842196049,-0.0246507688,0.0366142514,0.0366142514,0.000412856981,787,249.667733,0.506
105628.137373,-0.00809538434,-0.0205856099,0.0328531899,0.0328531899,0.000429378565,787,317.476177,0.506
105628.147400,-0.00843674742,-0.00484971476,0.0320287745,0.0320287745,0.000506004399,787,325.201628,0.506
105628.157427,-0.0053792415,0.00465374981,0.0334459336,0.0334459336,0.000546838864,787,226.303411,0.506
105628.167454,-0.00147224631,0.00181750844,0.0336408012,0.0336408012,0.000550856449,787,207.125386,0.506
105628.177482,0.00108864706,0.0107626819,0.0342839587,0.0342839587,0.000543260815,787,235.6115,0.506
105628.187509,0.00501896035,0.00922100214,0.0331099331,0.0331099331,0.000514848432,787,280.021858,0.506
105628.197536,0.00714353735,0.00434943564,0.0332756147,0.0332756147,0.000463297237,787,316.82988,0.506
105628.207564,0.00626195488,-0.000329828398,0.032627931,0.032627931,0.000401796881,787,288.913673,0.506
105628.217591,0.0058197857,-0.00759909901,0.0322508993,0.0322508993,0.000304266993,787,311.397647,0.506
105628.227618,0.00487131874,-0.00559925762,0.0325420267,0.0325420267,0.000229345108,787,272.104667,0.506
105628.237645,0.000307905751,0.00269434221,0.03217686,0.03217686,0.000235530896,787,274.090118,0.506
105628.247673,-0.00485394559,0.0111441772,0.0329968018,0.0329968018,0.00033723127,787,192.51386,0.506
105628.257700,-0.00976004154,0.0198245679,0.0339344437,0.0339344437,0.000540319866,787,160.798979,0.506
105628.267727,-0.000988780384,0.0183140169,0.0348305247,0.0348305247,0.000685442065,787,142.168303,0.506
105628.277755,0.00345434076,0.00999091704,0.0378474881,0.0378474881,0.000745069508,787,147.092535,0.506
105628.287782,0.0100854178,-0.00740022883,0.0360509273,0.0360509273,0.000627484221,787,187.683603,0.506
105628.297809,0.0119285364,-0.00829159461,0.0354605525,0.0354605525,0.000509481204,787,187.154167,0.506
105628.307836,0.0111637748,0.0161837703,0.0359697662,0.0359697662,0.000655322391,787,154.836329,0.506
105628.317864,0.0125107987,0.0212328108,0.03672332,0.03672332,0.000865588784,787,132.172264,0.506
105628.327891,0.0153149115,0.0264960722,0.0410484001,0.0410484001,0.00113713297,787,115.662028,0.506
105628.337918,0.00590062391,0.0196080554,0.0420190823,0.0420190823,0.00131604173,787,121.552245,0.506
105628.347945,-0.000328497288,0.012668838,0.0448067292,0.0448067292,0.00140946287,787,116.672215,0.506
105628.357973,-0.0134486834,0.0108615014,0.0424981057,0.0424981057,0.00146021596,787,120.008865,0.506
105628.368000,-0.022130981,0.000303880123,0.0431492186,0.0431492186,0.0014190576,787,125.885889,0.506
105628.378027,-0.0248824022,0.000128367984,0.041110133,0.041110133,0.00141505128,787,137.730531,0.506
105628.388055,-0.0178284746,-0.000959506434,0.0378687603,0.0378687603,0.00141990089,787,136.710665,0.506
105628.398082,-0.00634082132,0.0136572257,0.0385970663,0.0385970663,0.0015388245,787,137.838196,0.506
105628.408109,0.00658717259,0.0114408039,0.0382509683,0.0382509683,0.00159836425,787,142.86881,0.506
105628.418136,0.0184210737,0.0138037599,0.0392699661,0.0392699661,0.00166588738,787,121.629154,0.506
105628.428164,0.0239960354,0.000260340456,0.0392628356,0.0392628356,0.00162245732,787,144.330981,0.506
105628.438191,0.0232582498,-0.0159377334,0.0383049802,0.0383049802,0.00145614465,787,147.951071,0.506
105628.448218,0.0159547809,0.000611535178,0.041910162,0.041910162,0.0014689065,787,133.720135,0.506
105628.458245,0.00550197806,-0.00330056026,0.0421891349,0.0421891349,0.00142512738,787,140.814809,0.506
105628.468273,-0.00209471082,0.0187870644,0.0448607431,0.0448607431,0.00156764296,787,136.238561,0.506
105628.478300,-0.0067893095,0.031289161,0.0444650898,0.0444650898,0.00182092128,787,123.949554,0.506
105628.488327,-0.0176140677,0.0610540372,0.0412210838,0.0412210838,0.00235834608,787,106.704946,0.506
105628.498355,-0.0244098749,0.0888159429,0.0428212696,0.0428212696,0.00318011317,787,112.595051,0.506
105628.508382,-0.0207372392,0.084198166,0.0444669636,0.0444669636,0.00395412815,787,119.789592,0.506
105628.518409,-0.0180811189,0.0742866347,0.0487250721,0.0487250721,0.00461901154,787,120.208152,0.506
105628.528436,-0.0119532751,0.0622597882,0.0510792879,0.0510792879,0.00514906088,787,119.286704,0.506
105628.538464,-0.00534546315,0.0408754287,0.0493040898,0.0493040898,0.00545299714,787,113.290991,0.506
105628.548491,-0.00103743544,0.0410703725,0.049006552,0.049006552,0.00574828223,787,112.733561,0.506
105628.558518,0.00197521563,0.0394261419,0.0457708793,0.0457708793,0.00601899529,787,117.631603,0.506
105628.568545,0.00651353961,0.0327237195,0.0471667686,0.0471667686,0.00621557991,787,110.841386,0.506
105628.578573,0.00710832537,0.0232817506,0.0476918982,0.0476918982,0.0063166102,787,99.4757561,0.506
105628.588600,0.00410965636,-0.00959186677,0.0443526761,0.0443526761,0.00609579944,787,133.663201,0.506
105628.598627,0.0185086215,-0.0877978592,0.0435329018,0.0435329018,0.00510525016,787,110.675602,0.506
105628.608654,0.0238540223,-0.100216563,0.0538359487,0.0538359487,0.00401732413,785,107.155968,0.506
105628.618682,0.0279035309,-0.109741912,0.0624644804,0.0624644804,0.00287868815,785,102.997653,0.506
105628.628709,0.0293311439,-0.113143418,0.0700387046,0.0700387046,0.0017999633,785,111.545272,0.506
105628.638736,0.0294906814,-0.114058989,0.0768715556,0.0768715556,0.001043818,785,121.956699,0.506
105628.648763,0.0289622998,-0.113491425,0.0831460106,0.0831460106,0.00130378579,785,109.912432,0.506
105628.658791,-0.00952102227,0.046045291,0.0495055242,0.0495055242,0.00105373384,787,217.307185,0.506
105628.668818,-0.00976751156,0.0202704226,0.0350631945,0.0350631945,0.00093273139,787,286.968312,0.506
105628.678845,-0.00181097302,-0.0181159005,0.0327350124,0.0327350124,0.000899529502,787,264.141453,0.506
105628.688872,0.0103896821,-0.0572158985,0.0337761017,0.0337761017,0.00118216478,787,122.386826,0.506
105628.698900,0.00250509904,-0.0471099002,0.0390038368,0.0390038368,0.00148603773,787,118.176117,0.506
105628.708927,-0.00661066222,-0.0331645967,0.0403235253,0.0403235253,0.00167916322,787,114.864354,0.506
105628.718954,-0.00942391569,-0.0103158916,0.0430385776,0.0430385776,0.00168739711,787,140.212097,0.506
105628.728981,-0.00315323492,0.00147914062,0.0393832369,0.0393832369,0.00162700987,787,152.236034,0.506
105628.739009,-0.00227719019,-0.00433832422,0.0389694898,0.0389694898,0.00162323425,787,149.146694,0.506
105628.749036,-0.00528107163,-0.00189292362,0.0387968328,0.0387968328,0.0015864696,787,165.627988,0.506
105628.759063,-0.00460010352,0.00117378602,0.0370916842,0.0370916842,0.00152693244,787,180.695143,0.506
105628.769090,-0.00449153646,0.0200715924,0.037529265,0.037529265,0.00129812808,787,233.251269,0.506
105628.779118,-0.00551461409,0.0185145995,0.0329073171,0.0329073171,0.00108451044,787,332.112505,0.506
105628.789145,-0.00722883604,0.0139828078,0.0321511919,0.0321511919,0.000908585224,787,286.598388,0.506
105628.799172,-0.00241763366,0.0111096032,0.0344226281,0.0344226281,0.000782009435,787,174.426045,0.506
105628.809199,-0.00104316803,-0.0102698769,0.0350374991,0.0350374991,0.000854034679,787,231.203726,0.506
105628.819227,-0.00160246577,-0.0311247368,0.0348913473,0.0348913473,0.00112086457,787,324.195827,0.506
105628.829254,0.0010964617,-0.0170960352,0.0317247278,0.0317247278,0.0012637985,849,353.372393,0.506
105628.839281,0.0129030828,0.00880944811,0.0337677381,0.0337677381,0.00119551842,849,204.839333,0.506
105628.849308,0.0333519658,-0.00324278755,0.0413681756,0.0413681756,0.00135352397,787,132.297161,0.506
105628.859336,0.0263746653,-0.00528621146,0.0521016796,0.0521016796,0.00152613354,785,135.879235,0.506
105628.869363,0.0238054793,-0.00628733959,0.0609750479,0.0609750479,0.00170159668,785,132.856088,0.506
105628.879390,0.0235674873,-0.00453115464,0.0687133753,0.0687133753,0.00186921673,785,149.403321,0.506
105628.889417,-0.0541580092,-0.0180169092,0.0564306442,0.0564306442,0.00161547531,787,231.337805,0.506
105628.899445,-0.075456101,0.00176131036,0.0395220621,0.0395220621,0.00132631568,787,248.798918,0.506
105628.909472,-0.0588607736,0.0334152657,0.0346712499,0.0346712499,0.00107932506,787,225.527861,0.506
105628.919499,-0.0425363823,0.0500483426,0.0338313541,0.0338313541,0.000997244652,849,134.672156,0.506
105628.929526,-0.0363348915,0.0569347779,0.034824191,0.034824191,0.00123126699,787,126.598213,0.506
105628.939554,-0.0449266385,0.047760671,0.040972936,0.040972936,0.00174277213,787,126.143169,0.506
105628.949581,-0.0648987969,0.0360998193,0.0445016686,0.0445016686,0.00243122117,787,152.515332,0.506
105628.959608,-0.0885334093,0.0329349629,0.0435382254,0.0435382254,0.00331159757,787,179.694747,0.506
105628.969635,-0.105247062,0.0301438666,0.0451677577,0.0451677577,0.00431853275,787,221.440638,0.506
105628.979663,-0.117156198,0.0351580321,0.0417851414,0.0417851414,0.00543423517,787,273.056949,0.506
105628.989690,-0.112807046,0.0612999328,0.0418280526,0.0418280526,0.00657687202,787,156.635469,0.506
105628.999717,-0.113771392,0.0711539935,0.0417088527,0.0417088527,0.00774730469,787,136.637182,0.506
105629.009744,-0.122522271,0.0797549936,0.0404482992,0.0404482992,0.00901371478,787,110.725726,0.506
105629.019771,-0.131022,0.0757817877,0.043678154,0.043678154,0.0103187206,787,112.82181,0.506
105629.029799,-0.131867783,0.0694093839,0.0440638321,0.0440638321,0.0115797652,787,107.28184,0.506
105629.039826,-0.128278736,0.0600632034,0.0475213901,0.0475213901,0.0127443759,787,109.482305,0.506
105629.049853,-0.123379586,0.0439511089,0.0492343024,0.0492343024,0.0137747822,787,101.886068,0.506
105629.059880,-0.11661796,0.01303862,0.0455732477,0.0455732477,0.0146011713,787,103.629112,0.506
105629.069908,-0.119159332,0.00419360224,0.0419169358,0.0419169358,0.0154098065,787,108.234324,0.506
105629.079935,-0.138940339,0.0573578621,0.0359363515,0.0359363515,0.0165843899,787,97.8306984,0.506
105629.089962,-0.144937094,0.0760360162,0.0408011843,0.0408011843,0.0178601906,787,106.881275,0.506
105629.099989,-0.147441532,0.0856609825,0.0446921535,0.0446921535,0.0191718676,787,113.195285,0.506
105629.110017,-0.148428088,0.0868234053,0.0547787293,0.0547787293,0.020473532,785,117.013064,0.506
105629.120044,-0.147976969,0.0902178533,0.0632782644,0.0632782644,0.0217610248,785,116.244081,0.506
105629.130071,-0.146959554,0.0925346305,0.0707656153,0.0707656153,0.0230257338,785,97.1499951,0.506
105629.140098,-0.0827169208,0.0333268016,0.0586701361,0.0586701361,0.0234484777,787,105.005032,0.506
105629.150125,-0.0184807596,-0.0241275174,0.0383306906,0.0383306906,0.0230544002,787,205.597706,0.506
105629.160153,-0.0438771285,-0.0190882434,0.0392119773,0.0392119773,0.0229205967,787,240.323024,0.506
105629.170180,-0.0555712407,-0.0158598074,0.0461167837,0.0461167837,0.0229129869,787,134.871953,0.506
105629.180207,-0.0578228469,-0.0242232862,0.0559464827,0.0559464827,0.0229016135,785,212.085332,0.506
105629.190234,-0.108958724,0.00374475715,0.0534361217,0.0534361217,0.0234653956,787,239.38926,0.506
105629.200262,-0.148860706,0.0769414801,0.042175596,0.042175596,0.0246401975,787,111.75322,0.506
105629.210289,-0.157857626,0.094161631,0.0448787021,0.0448787021,0.026197445,787,120.592058,0.506
105629.220316,-0.167343215,0.0904194416,0.0549301133,0.0549301133,0.02807861,785,86.7118215,0.506
105629.230343,-0.168181583,0.0852931839,0.0634093557,0.0634093557,0.0299499442,785,90.3760056,0.506
105629.240370,-0.165876745,0.0763930533,0.0708828796,0.0708828796,0.0317672705,785,99.7904686,0.506
105629.250398,-0.164948364,0.0634790521,0.0776422871,0.0776422871,0.0335275648,785,108.368587,0.506
105629.260425,-0.161041252,0.052499324,0.0838592385,0.0838592385,0.0352107687,785,109.087212,0.506
105629.270452,-0.125472376,-0.0541399594,0.0625109471,0.0625109471,0.0361819578,787,121.84648,0.506
105629.280479,-0.0932925516,-0.0841478816,0.0478211041,0.0478211041,0.0367823411,787,94.1036518,0.506
105629.290507,-0.0782292758,-0.0637692977,0.0459902357,0.0459902357,0.0373348004,787,91.881146,0.506
105629.300534,-0.0584832309,-0.015668117,0.0423487927,0.0423487927,0.037852223,787,128.851026,0.506
105629.310561,-0.0633277067,0.00518453049,0.0434998239,0.0434998239,0.0384763039,787,178.270258,0.506
105629.320588,-0.0821832536,0.00890709037,0.0466667573,0.0466667573,0.0392910165,787,206.886362,0.506
105629.330615,-0.0834489401,0.0113652669,0.056400877,0.056400877,0.0401251003,785,200.912936,0.506
105629.340643,-0.0890365844,0.0144973425,0.0646888436,0.0646888436,0.0410215293,785,196.351506,0.506
105629.350670,-0.0970371558,0.0176876996,0.0720301786,0.0720301786,0.0420032218,785,198.839653,0.506
105629.360697,-0.142727604,0.0156629447,0.0585861704,0.0585861704,0.0434177098,787,185.221747,0.506
105629.370724,-0.159909546,-0.00199522815,0.0508088953,0.0508088953,0.044954848,787,198.044009,0.506
105629.380752,-0.152466394,-0.0102658485,0.0413976508,0.0413976508,0.0464060406,787,244.084352,0.506
105629.390779,-0.158818373,0.00772812405,0.0415855475,0.0415855475,0.0479648018,787,194.16766,0.506
105629.400806,-0.190561782,0.0229893998,0.0401387373,0.0401387373,0.049866818,787,135.840794,0.506
105629.410833,-0.213327415,-0.0253025495,0.0397796999,0.0397796999,0.0518900864,787,138.786393,0.506
105629.420860,-0.218330697,-0.0355267424,0.0321879535,0.0321879535,0.0539554364,849,125.8108,0.506
105629.430888,-0.217285638,-0.0362413585,0.0365728727,0.0365728727,0.0560238618,787,122.301585,0.506
105629.440915,-0.207544823,-0.00050560312,0.0397401118,0.0397401118,0.058064177,787,128.784142,0.506
105629.450942,-0.181383464,0.00786684347,0.0377231117,0.0377231117,0.0598633762,787,122.734308,0.506
105629.460969,-0.155104483,-0.0184234189,0.0376892532,0.0376892532,0.0613671486,787,128.2319,0.506
105629.470996,-0.194742348,0.00465686044,0.0334073286,0.0334073286,0.0632961681,849,116.025557,0.506
105629.481024,-0.16203788,0.0220098294,0.0359442039,0.0359442039,0.0649287248,787,136.859323,0.506
105629.491051,-0.174849433,0.00705278953,0.0416667795,0.0416667795,0.0666667881,787,156.526391,0.506
105629.501078,-0.196447844,-0.0185518198,0.0416734323,0.0416734323,0.0685852708,787,163.952833,0.506
105629.511105,-0.229403998,-0.0234157761,0.0441440377,0.0441440377,0.070827134,787,110.474692,0.506
105629.521132,-0.264140107,0.00556342706,0.0428407842,0.0428407842,0.0734484798,787,107.257566,0.506
105629.531160,-0.266518412,0.0437702441,0.0413914602,0.0413914602,0.0761369099,787,127.061332,0.506
105629.541187,-0.269440135,0.0605586448,0.0364693378,0.0364693378,0.0788741823,787,117.064714,0.506
105629.551214,-0.270749021,0.0714244629,0.0355612762,0.0355612762,0.0816396259,787,102.139552,0.506
105629.561241,-0.270410828,0.0393340341,0.0400888189,0.0400888189,0.0843631377,787,111.621855,0.506
105629.571268,-0.260023494,-0.0114429882,0.0378446867,0.0378446867,0.086922305,787,126.884133,0.506
105629.581296,-0.273937847,-0.00430785747,0.0405372326,0.0405372326,0.0896303383,787,121.187365,0.506
105629.591323,-0.293040064,-0.00304903095,0.0442542318,0.0442542318,0.092530363,787,101.95196,0.506
105629.601350,-0.302605813,0.00421574828,0.0454525576,0.0454525576,0.0955345327,787,95.3944111,0.506
105629.611377,-0.31293616,0.0106730904,0.0491032815,0.0491032815,0.0986486395,787,94.8273944,0.506
105629.621404,-0.315586263,0.0305292423,0.0485538899,0.0485538899,0.101809367,787,103.393761,0.506
105629.631432,-0.323606713,0.0323673346,0.050288821,0.050288821,0.105051834,787,101.685563,0.506
105629.641459,-0.333926574,0.0357028218,0.0513588112,0.0513588112,0.108399611,787,107.459242,0.506
105629.651486,-0.345278413,0.0461037092,0.0491865895,0.0491865895,0.111870349,787,111.653148,0.506
105629.661513,-0.34798035,0.0658986266,0.0507434011,0.0507434011,0.115388846,787,131.742648,0.506
105629.671540,-0.363743074,0.0887822607,0.0479071062,0.0479071062,0.119089517,787,101.474334,0.506
105629.681568,-0.380456371,0.0859457234,0.0493062241,0.0493062241,0.122955364,787,95.1839163,0.506
105629.691595,-0.385976742,0.0600831183,0.0490870463,0.0490870463,0.126846792,787,108.247301,0.506
105629.701622,-0.371268629,0.0262261303,0.0444963996,0.0444963996,0.130553988,787,130.602062,0.506
105629.711649,-0.372909419,0.0262940297,0.0464695362,0.0464695362,0.134278203,787,122.217077,0.506
105629.721676,-0.377215342,0.0345063197,0.0454090272,0.0454090272,0.138054865,787,122.08048,0.506
105629.731704,-0.374811805,0.0361400841,0.0463582769,0.0463582769,0.141810509,787,124.738841,0.506
105629.741731,-0.377792298,0.0422287919,0.0451662479,0.0451662479,0.145602436,787,120.113334,0.506
105629.751758,-0.376751678,0.0280585857,0.0393541198,0.0393541198,0.149368692,787,123.374368,0.506
105629.761785,-0.356803816,0.0180062018,0.0383102475,0.0383102475,0.152927733,787,119.594743,0.506
105629.771812,-0.326517178,0.0200577607,0.0375722742,0.0375722742,0.156190792,787,124.714595,0.506
105629.781839,-0.323942381,0.011987197,0.0427693633,0.0427693633,0.159420454,787,125.765421,0.506
105629.791867,-0.341565365,-0.000481162253,0.0455064689,0.0455064689,0.162812562,787,136.278418,0.506
105629.801894,-0.367709471,-0.000908104143,0.0486771878,0.0486771878,0.166463743,787,134.129742,0.506
105629.811921,-0.393509772,0.00193042482,0.0465876997,0.0465876997,0.170374258,787,124.129553,0.506
105629.821948,-0.408173983,-0.00191081076,0.0387046653,0.0387046653,0.174427852,787,106.069256,0.506
105629.831975,-0.400200576,-0.0232523338,0.0349672659,0.0349672659,0.178386111,787,108.979083,0.506
105629.842003,-0.372969262,-0.0550830485,0.0330402125,0.0330402125,0.1820537,849,91.0351261,0.506
105629.852030,-0.371805423,-0.0536976346,0.0366270231,0.0366270231,0.185717068,787,94.2710113,0.506
105629.862057,-0.354907698,-0.0246350559,0.0413003817,0.0413003817,0.189237604,787,97.3198648,0.506
105629.872084,-0.343612104,0.00943173306,0.0377919845,0.0377919845,0.192669852,787,111.354889,0.506
105629.882111,-0.349955225,0.0214993725,0.0360596026,0.0360596026,0.196172996,787,118.570544,0.506
105629.892139,-0.38416557,0.018233512,0.0339250235,0.0339250235,0.200013641,787,112.156417,0.506
105629.902166,-0.412707139,-0.00948478802,0.0341839496,0.0341839496,0.204119963,787,111.508481,0.506
105629.912193,-0.423587806,-0.0215825803,0.0332483132,0.0332483132,0.208328588,787,95.9078644,0.506
105629.922220,-0.402373107,-0.022672516,0.0344097116,0.0344097116,0.212328408,787,98.4048437,0.506
105629.932247,-0.395281172,-0.0180631175,0.0381169653,0.0381169653,0.2162621,787,103.353065,0.506
105629.942274,-0.392010957,-0.0113594744,0.0382055488,0.0382055488,0.220167973,787,99.8970217,0.506
105629.952302,-0.379557466,-0.0197790664,0.0404254144,0.0404254144,0.223947952,787,100.117896,0.506
105629.962329,-0.365324226,-0.0179867424,0.0415306081,0.0415306081,0.227588435,787,98.5504404,0.506
105629.972356,-0.362908661,-0.00860373918,0.0397463838,0.0397463838,0.231209755,787,96.5411549,0.506
105629.982383,-0.364079058,-0.00992296112,0.0408648193,0.0408648193,0.234842818,787,93.3527449,0.506
105629.992410,-0.369146852,-0.0128335322,0.0397033212,0.0397033212,0.238525765,787,96.5528512,0.506
105630.002438,-0.36915359,-0.0105033088,0.0424433257,0.0424433257,0.242210683,787,97.2100271,0.506
105630.012465,-0.369317452,-0.0157355479,0.0435453325,0.0435453325,0.245895798,787,88.6336637,0.506
105630.022492,-0.36423191,0.00950694853,0.0414759259,0.0414759259,0.249539039,787,97.5263808,0.506
105630.032519,-0.367488893,0.0240711206,0.0415311011,0.0415311011,0.253219496,787,92.7061385,0.506
105630.042546,-0.381027749,-0.000832076337,0.0399143065,0.0399143065,0.257026461,787,92.0776845,0.506
105630.052573,-0.39288494,-0.0269701817,0.0433920764,0.0433920764,0.260943628,787,97.1713486,0.506
105630.062601,-0.391618232,-0.0366203596,0.0471852988,0.0471852988,0.264847431,787,92.1285366,0.506
105630.072628,-0.386879984,-0.0342420897,0.0568305844,0.0568305844,0.268706149,785,86.4556912,0.506
105630.082655,-0.383103571,-0.0285171488,0.0650629782,0.0650629782,0.272530041,785,85.211206,0.506
105630.092682,-0.382089073,-0.0220121195,0.0723663091,0.0723663091,0.276346134,785,90.284809,0.506
105630.102709,-0.383188952,-0.01616628,0.0789986304,0.0789986304,0.280174863,785,84.755615,0.506
105630.112736,-0.385515785,-0.0141483718,0.0851169403,0.0851169403,0.284027539,785,90.3469496,0.506
105630.122764,-0.389634883,-0.0156225594,0.090825771,0.090825771,0.287921773,785,97.1130161,0.506
105630.132791,-0.394893393,-0.0184060845,0.0961970734,0.0961970734,0.291868003,785,100.504065,0.506
105630.142818,-0.399475083,-0.0209496242,0.10128508,0.10128508,0.29586004,785,100.713688,0.506
105630.152845,-0.356405265,-0.00433053637,0.0624366427,0.0624366427,0.299426581,787,100.133379,0.506
105630.162872,-0.352708856,0.0319329216,0.0436281368,0.0436281368,0.302960248,787,101.645252,0.506
105630.172899,-0.356261155,0.0507519774,0.0361770683,0.0361770683,0.306532416,787,87.1266814,0.506
105630.182927,-0.369225963,0.00723392749,0.0369487549,0.0369487549,0.310228229,787,93.7068925,0.506
105630.192954,-0.397048975,-0.018075492,0.0362741308,0.0362741308,0.314196545,787,99.2558174,0.506
105630.202981,-0.416574015,-0.0287240125,0.0358697692,0.0358697692,0.318358078,787,94.3712384,0.506
105630.213008,-0.435170053,-0.0441515203,0.03309184,0.03309184,0.322703946,787,91.0068514,0.506
105630.223035,-0.445683493,-0.0315154647,0.0332628439,0.0332628439,0.32715655,787,98.5510251,0.506
105630.233062,-0.449191531,-0.0168668698,0.0345763091,0.0345763091,0.331645539,787,93.9686126,0.506
105630.243090,-0.458467998,-0.00527627071,0.0336052152,0.0336052152,0.336227969,787,104.174831,0.506
105630.253117,-0.470047454,0.00233078146,0.0346052748,0.0346052748,0.340925495,787,101.112983,0.506
105630.263144,-0.475414493,0.00504454398,0.0359582949,0.0359582949,0.345676719,787,100.814825,0.506
105630.273171,-0.476475781,0.0107411676,0.0406450211,0.0406450211,0.350439043,787,98.1164217,0.506
105630.283198,-0.470165246,0.00134723448,0.0442917285,0.0442917285,0.355138628,787,99.8987135,0.506
105630.293225,-0.459032106,-0.00752121074,0.0435703217,0.0435703217,0.359727608,787,96.8179131,0.506
105630.303253,-0.454661304,-0.0003149732,0.0447995185,0.0447995185,0.364274212,787,98.6011096,0.506
105630.313280,-0.436574536,0.0184224679,0.0416417179,0.0416417179,0.368641818,787,102.213495,0.506
105630.323307,-0.432928539,0.0371619048,0.0410991153,0.0410991153,0.372974758,787,95.7905001,0.506
105630.333334,-0.438624763,0.0247964668,0.0409344084,0.0409344084,0.377364106,787,93.4979026,0.506
105630.343361,-0.450442633,0.0282992087,0.03807514,0.03807514,0.381871582,787,93.4635558,0.506
105630.353388,-0.461562114,0.0139020869,0.0401572852,0.0401572852,0.386488513,787,103.998483,0.506
105630.363415,-0.470889935,-0.00282013223,0.0373859238,0.0373859238,0.391196662,787,107.819877,0.506
105630.373443,-0.46953966,0.0176388011,0.0363747015,0.0363747015,0.395894149,787,109.522607,0.506
105630.383470,-0.468110193,0.0340957803,0.0373641339,0.0373641339,0.400579209,787,108.170463,0.506
105630.393497,-0.469118496,0.0483523138,0.0385121227,0.0385121227,0.405276967,787,108.745275,0.506
105630.403524,-0.468379842,0.0467830474,0.0434137269,0.0434137269,0.409968346,787,106.270056,0.506
105630.413551,-0.463071127,0.0469732108,0.043944492,0.043944492,0.414608146,787,120.748745,0.506
105630.423578,-0.456799359,0.0503787784,0.0473728738,0.0473728738,0.419187435,787,114.210853,0.506
105630.433606,-0.449915347,0.0378477554,0.0498931842,0.0498931842,0.423697093,787,107.028644,0.506
105630.443633,-0.440205295,0.0118169559,0.0475066596,0.0475066596,0.428104446,787,92.0473272,0.506
105630.453660,-0.425472895,-0.0070868345,0.0464420403,0.0464420403,0.432361522,787,96.334948,0.506
105630.463687,-0.418666617,-0.0224225989,0.0407335541,0.0407335541,0.436548174,787,101.590671,0.506
105630.473714,-0.416977817,-0.0334842156,0.0410267744,0.0410267744,0.440716692,787,112.300672,0.506
105630.483741,-0.415834588,-0.0347116219,0.0421303597,0.0421303597,0.444874685,787,113.624965,0.506
105630.493769,-0.423335344,-0.0425214305,0.0412675579,0.0412675579,0.449107562,787,114.377026,0.506
105630.503796,-0.432060622,-0.0553081405,0.0426791678,0.0426791678,0.453426722,787,103.380578,0.506
105630.513823,-0.444346933,-0.0595336741,0.0388807359,0.0388807359,0.457869627,787,82.6609295,0.506
105630.523850,-0.442373679,-0.0590942149,0.03845567,0.03845567,0.462295187,787,88.0174057,0.506
105630.533877,-0.434287603,-0.0400785634,0.0361719491,0.0361719491,0.466642618,787,92.5613637,0.506
105630.543904,-0.425622975,-0.0263506135,0.0365187129,0.0365187129,0.47090489,787,96.0783191,0.506
105630.553931,-0.424889178,-0.0194670417,0.037134876,0.037134876,0.475160223,787,99.8127144,0.506
105630.563959,-0.436243958,-0.0287069967,0.0383499478,0.0383499478,0.479529275,787,103.284125,0.506
105630.573986,-0.44833985,-0.041938515,0.0435910293,0.0435910293,0.484019139,787,99.3871887,0.506
105630.584013,-0.46256747,-0.0552864923,0.045520137,0.045520137,0.488652233,787,97.4026147,0.506
105630.594040,-0.471742005,-0.0576725838,0.055455563,0.055455563,0.493378225,785,94.8413436,0.506
105630.604067,-0.481752613,-0.0609857134,0.0638652046,0.0638652046,0.498205666,785,92.0984748,0.506
105630.614094,-0.49008061,-0.0652608203,0.0712910767,0.0712910767,0.503118214,785,88.3393441,0.506
105630.624121,-0.494917855,-0.0689786689,0.0780146093,0.0780146093,0.508081394,785,87.6638751,0.506
105630.634149,-0.496767039,-0.071283231,0.0842048042,0.0842048042,0.513065957,785,88.2654269,0.506
105630.644176,-0.496592687,-0.0719683536,0.0899706771,0.0899706771,0.518050515,785,83.1256342,0.506
105630.654203,-0.493593226,-0.0711409904,0.0953897482,0.0953897482,0.523007047,785,83.6331555,0.506
105630.664230,-0.489274309,-0.0685760667,0.100518114,0.100518114,0.527921748,785,88.0891435,0.506
105630.674257,-0.412741026,-0.0745377914,0.0629270805,0.0629270805,0.532080683,787,92.2747883,0.506
105630.684284,-0.38252853,-0.0990646361,0.0433286044,0.0433286044,0.535951039,787,79.5128291,0.506
105630.694311,-0.376525493,-0.0926073583,0.0368820797,0.0368820797,0.539762621,787,69.7920163,0.506
105630.704339,-0.395126375,-0.082374204,0.0354145263,0.0354145263,0.543757272,787,79.0815442,0.506
105630.714366,-0.410389407,-0.0829519917,0.0368817757,0.0368817757,0.547905228,787,77.3939027,0.506
105630.724393,-0.413390127,-0.0810835379,0.0405635019,0.0405635019,0.552083966,787,77.1414917,0.506
105630.734420,-0.412285304,-0.0693926777,0.0404497746,0.0404497746,0.556247186,787,78.0282871,0.506
105630.744447,-0.404251401,-0.0571695677,0.0425825294,0.0425825294,0.560325028,787,77.4870108,0.506
105630.754474,-0.384943632,-0.0466930364,0.0430485804,0.0430485804,0.564206092,787,78.0650906,0.506
105630.764501,-0.362041219,-0.0238955208,0.0417539606,0.0417539606,0.567847253,787,90.5783989,0.506
105630.774529,-0.349517577,-0.0101864336,0.0442711878,0.0442711878,0.571356738,787,96.6947401,0.506
105630.784556,-0.340914948,-0.00979547816,0.0439141091,0.0439141091,0.574780341,787,88.1839233,0.506
105630.794583,-0.329171048,0.000857092654,0.0466475603,0.0466475603,0.578081548,787,88.305775,0.506
105630.804610,-0.320905463,0.0147287422,0.0483016702,0.0483016702,0.581293374,787,94.3261611,0.506
105630.814637,-0.316017239,0.0168026948,0.0477950356,0.0477950356,0.584456035,787,98.2931159,0.506
105630.824664,-0.316693749,0.0166218876,0.0504592312,0.0504592312,0.587625914,787,93.5463934,0.506
105630.834691,-0.319512397,0.0126370984,0.0482745874,0.0482745874,0.590826089,787,88.8183296,0.506
105630.844719,-0.319869896,0.00570256294,0.0493590946,0.0493590946,0.594033712,787,91.4900708,0.506
105630.854746,-0.324086311,-0.002757606,0.0483745901,0.0483745901,0.597286902,787,95.0361906,0.506
105630.864773,-0.330701478,-0.0100638618,0.044271044,0.044271044,0.600609074,787,92.9852943,0.506
105630.874800,-0.336482956,-0.00559728934,0.0451724935,0.0451724935,0.603986423,787,90.452281,0.506
105630.884827,-0.348308711,0.00329942846,0.0422256596,0.0422256596,0.607476968,787,89.1934916,0.506
105630.894854,-0.359577649,0.0036634427,0.0417573422,0.0417573422,0.611079248,787,83.523699,0.506
105630.904881,-0.367177052,0.0121607234,0.0397258001,0.0397258001,0.614753407,787,75.7210318,0.506
105630.914908,-0.366020213,0.0236523844,0.0429658963,0.0429658963,0.618411744,787,79.6771957,0.506
105630.924936,-0.359277977,0.0432176317,0.0452443783,0.0452443783,0.621996795,787,87.6206658,0.506
105630.934963,-0.336808766,0.0521852483,0.043453357,0.043453357,0.625357067,787,83.7601713,0.506
105630.944990,-0.316555265,0.0420325937,0.0443836892,0.0443836892,0.628521588,787,74.9911804,0.506
105630.955017,-0.29137368,0.0268734133,0.0393108111,0.0393108111,0.63144197,787,81.791199,0.506
105630.965044,-0.295376665,0.0174417575,0.035475755,0.035475755,0.634405242,787,94.5936807,0.506
105630.975071,-0.326600644,-0.00317150586,0.0329184515,0.0329184515,0.637684298,787,88.8800886,0.506
105630.985098,-0.340043936,0.0123365949,0.0342512753,0.0342512753,0.641092447,787,85.7841738,0.506
105630.995125,-0.353640668,0.00270914043,0.0373009587,0.0373009587,0.644638241,787,82.2748353,0.506
105631.005153,-0.37420783,-0.00108628107,0.0385159678,0.0385159678,0.648389562,787,74.009998,0.506
105631.015180,-0.384269416,0.00875433286,0.0438931803,0.0438931803,0.652237937,787,76.9354023,0.506
105631.025207,-0.386709133,0.02763647,0.0474705112,0.0474705112,0.656106301,787,79.0885644,0.506
105631.035234,-0.38572607,0.0538160214,0.0462506552,0.0462506552,0.659960308,787,86.1609809,0.506
105631.045261,-0.381688925,0.0768049186,0.0465743929,0.0465743929,0.663772612,787,90.3138404,0.506
105631.055288,-0.3638051,0.0892586165,0.0414972916,0.0414972916,0.667409673,787,78.8863103,0.506
105631.065315,-0.351978649,0.0893282531,0.0402935171,0.0402935171,0.670933873,787,76.7954595,0.506
105631.075343,-0.342686206,0.0740867162,0.0364378071,0.0364378071,0.674370683,787,81.5914156,0.506
105631.085370,-0.343967858,0.0660053804,0.0328782984,0.0328782984,0.677822585,787,89.8911829,0.506
105631.095397,-0.358815509,0.0597247546,0.0339807901,0.0339807901,0.681423775,787,91.8475117,0.506
105631.105424,-0.365619419,0.0662972362,0.0338974353,0.0338974353,0.685094823,787,92.5881883,0.506
105631.115451,-0.361248397,0.0845453312,0.0356212633,0.0356212633,0.688726844,787,94.6509853,0.506
105631.125478,-0.360942728,0.0939677144,0.0376495558,0.0376495558,0.692360837,787,91.4489267,0.506
105631.135505,-0.368320832,0.0987333046,0.0383743749,0.0383743749,0.696073194,787,93.3630007,0.506
105631.145532,-0.378763574,0.0952000726,0.0416388579,0.0416388579,0.699892584,787,87.0205241,0.506
105631.155560,-0.378613229,0.0844575362,0.0410979154,0.0410979154,0.703711369,787,90.1024742,0.506
105631.165587,-0.376549424,0.0781839788,0.0427327806,0.0427327806,0.707509956,787,92.4460506,0.506
105631.175614,-0.376205751,0.0886741531,0.0431216794,0.0431216794,0.711311393,787,87.1616629,0.506
105631.185641,-0.380055852,0.111157618,0.0419866122,0.0419866122,0.715163579,787,87.6541994,0.506
105631.195668,-0.388820994,0.124945234,0.0447892975,0.0447892975,0.71911416,787,94.9221667,0.506
105631.205695,-0.388090379,0.12985662,0.0444020858,0.0444020858,0.72306614,787,89.1208921,0.506
105631.215722,-0.389031679,0.12538655,0.0480593628,0.0480593628,0.727030995,787,93.8852578,0.506
105631.225749,-0.389292169,0.112541063,0.0504355464,0.0504355464,0.73099555,787,92.1248329,0.506
105631.235777,-0.390007952,0.0825004958,0.0481632546,0.0481632546,0.734950999,787,85.8690525,0.506
105631.245804,-0.388882739,0.0550842996,0.0478467011,0.0478467011,0.738877381,787,79.5911559,0.506
105631.255831,-0.370091535,0.045338269,0.0425643654,0.0425643654,0.742611233,787,90.2091042,0.506
105631.265858,-0.375280104,0.0403246298,0.045191592,0.045191592,0.746393085,787,89.7377962,0.506
105631.275885,-0.387099212,0.0314080557,0.0446502272,0.0446502272,0.750285703,787,92.5356527,0.506
105631.285912,-0.400241104,0.0250659231,0.0463997072,0.0463997072,0.754303979,787,89.2299716,0.506
105631.295939,-0.410725765,0.0244125642,0.0458607188,0.0458607188,0.758425682,787,89.7896436,0.506
105631.305966,-0.421116227,0.0433778825,0.04185145,0.04185145,0.762663832,787,83.2315958,0.506
105631.315993,-0.415170133,0.063877604,0.0412693525,0.0412693525,0.766858184,787,87.0217701,0.506
105631.326021,-0.410991994,0.0713344631,0.0357686083,0.0357686083,0.771017844,787,85.7756099,0.506
105631.336048,-0.409155389,0.0691279005,0.0346084408,0.0346084408,0.775158109,787,78.7077962,0.506
105631.346075,-0.40887208,0.0467756625,0.0342111668,0.0342111668,0.779278785,787,82.0423846,0.506
105631.356102,-0.412741807,0.0334338212,0.0332310918,0.0332310918,0.783427471,787,87.2671395,0.506
105631.366129,-0.416079801,0.0421259588,0.0337317864,0.0337317864,0.787616071,787,80.6626667,0.506
105631.376156,-0.410327945,0.0423346194,0.0329438434,0.0329438434,0.791748026,787,84.878919,0.506
105631.386183,-0.413680304,0.0334164413,0.0339496849,0.0339496849,0.795906196,787,90.7127172,0.506
105631.396210,-0.409654023,0.0244648822,0.0351172949,0.0351172949,0.800017522,787,90.972538,0.506
105631.406238,-0.409850398,0.0143664536,0.0360414829,0.0360414829,0.804123415,787,95.1125272,0.506
105631.416265,-0.415820541,0.00659695711,0.0402279168,0.0402279168,0.808282258,787,91.4518634,0.506
105631.426292,-0.426417436,0.00650568686,0.0418221513,0.0418221513,0.812546336,787,89.7266954,0.506
105631.436319,-0.440147352,0.00347747668,0.0452591097,0.0452591097,0.816944544,787,92.2837377,0.506
105631.446346,-0.454193919,0.0160910329,0.0465697374,0.0465697374,0.821491514,787,89.0342663,0.506
105631.456373,-0.474901201,0.0301087147,0.0427106005,0.0427106005,0.826253926,787,81.1023643,0.506
105631.466400,-0.493661835,0.0206210915,0.0408659783,0.0408659783,0.831195469,787,79.6987733,0.506
105631.476427,-0.511042382,0.00673738907,0.0348035383,0.0348035383,0.836299659,787,84.7728954,0.506
105631.486454,-0.516431682,0.0144679077,0.0339343229,0.0339343229,0.84146322,787,86.7323629,0.506
105631.496482,-0.50293778,0.0236782389,0.0356410911,0.0356410911,0.846500386,787,94.830247,0.506
105631.506509,-0.491856028,0.0334272155,0.0364040917,0.0364040917,0.85143421,787,83.5070603,0.506
105631.516536,-0.494478485,0.047731476,0.039561374,0.039561374,0.856404037,787,85.8934687,0.506
105631.526563,-0.48691911,0.0594341649,0.0409733044,0.0409733044,0.861307475,787,75.8871803,0.506
105631.536590,-0.482840154,0.0584229163,0.0456175588,0.0456175588,0.866170269,787,72.5871276,0.506
105631.546617,-0.478399843,0.0513730911,0.0483766197,0.0483766197,0.870984411,787,77.8280635,0.506
105631.556644,-0.476566641,0.03845287,0.0470060031,0.0470060031,0.875771269,787,74.2147339,0.506
105631.566671,-0.474686403,0.0209430153,0.0487680213,0.0487680213,0.880526999,787,77.5562608,0.506
105631.576699,-0.480074171,-0.00346723028,0.0460389396,0.0460389396,0.885319536,787,83.0238573,0.506
105631.586726,-0.478344403,-0.00373197672,0.0479846989,0.0479846989,0.890095086,787,83.468911,0.506
105631.596753,-0.47304743,0.00479324714,0.049818167,0.049818167,0.894824628,787,85.10376,0.506
105631.606780,-0.458348429,0.0222634171,0.0481335853,0.0481335853,0.899420577,787,79.371205,0.506
105631.616807,-0.444412601,0.032521716,0.0493272948,0.0493272948,0.903885412,787,75.0130677,0.506
105631.626834,-0.419099206,0.049378888,0.0450079338,0.0450079338,0.908110903,787,79.2412831,0.506
105631.636861,-0.407577477,0.042910271,0.0435958876,0.0435958876,0.912218058,787,73.1247006,0.506
105631.646888,-0.402471529,0.0369553097,0.038164001,0.038164001,0.91627063,787,74.3699551,0.506
105631.656915,-0.399031742,0.0373183324,0.0378804416,0.0378804416,0.920289402,787,71.72968,0.506
105631.666943,-0.391542748,0.0554130608,0.0369633014,0.0369633014,0.924247109,787,71.5638898,0.506
105631.676970,-0.391961029,0.0443389673,0.034348515,0.034348515,0.928200954,787,64.0469191,0.506
105631.686997,-0.379559825,0.015579191,0.0352218173,0.0352218173,0.932011528,787,67.2725828,0.506
105631.697024,-0.371782825,0.0247193376,0.0361978143,0.0361978143,0.935751524,787,71.2902393,0.506
105631.707051,-0.371230929,0.0169623027,0.0399391888,0.0399391888,0.939480515,787,73.4518614,0.506
105631.717078,-0.375436454,0.0203107287,0.0426903436,0.0426903436,0.94325346,787,80.748766,0.506
105631.727105,-0.372896028,0.0342308165,0.0423502497,0.0423502497,0.94701094,787,81.777692,0.506
105631.737132,-0.379719114,0.056665674,0.0428995052,0.0428995052,0.950851925,787,80.7593704,0.506
105631.747159,-0.408367976,0.0596918174,0.035261989,0.035261989,0.954979146,787,73.3878822,0.506
105631.757187,-0.431645369,0.0395337901,0.0327865384,0.0327865384,0.959322758,787,78.8644495,0.506
105631.767214,-0.42424124,0.0351374381,0.0368775968,0.0368775968,0.963589458,787,83.3594927,0.506
105631.777241,-0.41920713,0.029205753,0.0407933873,0.0407933873,0.967801979,787,88.5667084,0.506
105631.787268,-0.411887006,0.0286702168,0.04669427,0.04669427,0.971941649,787,91.2840848,0.506
105631.797295,-0.408770953,0.0305823006,0.0564236471,0.0564236471,0.976051879,785,96.4759527,0.506
105631.807322,-0.406740797,0.0329680326,0.0647078972,0.0647078972,0.980143764,785,92.3148097,0.506
105631.817350,-0.406722923,0.0354709918,0.0720479417,0.0720479417,0.984237728,785,93.7398328,0.506
105631.827377,-0.407075948,0.0402547898,0.078707101,0.078707101,0.988338339,785,102.257346,0.506
105631.837404,-0.40738477,0.0460451926,0.0848464707,0.0848464707,0.992446392,785,92.4260647,0.506
105631.847431,-0.409305457,0.0492840431,0.0905718825,0.0905718825,0.996576025,785,94.2799612,0.506
105631.857459,-0.369481099,0.0462671389,0.060928203,0.060928203,1.00030966,787,100.822797,0.506
105631.867486,-0.36344483,0.0496888,0.0520221852,0.0520221852,1.00398591,787,95.5665889,0.506
105631.877513,-0.355645801,0.0587578223,0.0450536169,0.0450536169,1.00759228,787,94.4809368,0.506
105631.887540,-0.349458971,0.0603864345,0.044106998,0.044106998,1.01113908,787,90.5898066,0.506
105631.897567,-0.349210315,0.0627627142,0.0393869071,0.0393869071,1.01468577,787,82.0676997,0.506
105631.907594,-0.341070273,0.04516552,0.0391568236,0.0391568236,1.01813764,787,81.4615326,0.506
105631.917621,-0.33218856,0.0265402216,0.0369874585,0.0369874585,1.02148608,787,95.4029262,0.506
105631.927648,-0.320335779,0.0419154038,0.0332814345,0.0332814345,1.02472996,787,103.792295,0.506
105631.937675,-0.315454018,0.0605488387,0.0326620299,0.0326620299,1.02794136,787,105.855502,0.506
105631.947703,-0.310685572,0.0589576017,0.0331322182,0.0331322182,1.03110492,787,100.627902,0.506
105631.957730,-0.313744944,0.0500745728,0.0373986892,0.0373986892,1.03429088,787,101.290223,0.506
105631.967757,-0.315745907,0.0350673052,0.0385859193,0.0385859193,1.03748336,787,107.890004,0.506
105631.977784,-0.322561953,0.0254223206,0.0414526467,0.0414526467,1.04073456,787,119.413373,0.506
105631.987811,-0.322915204,0.0212518852,0.041776381,0.041776381,1.04398545,787,121.352276,0.506
105631.997838,-0.319387498,0.0234492182,0.0392106467,0.0392106467,1.04720327,787,122.233515,0.506
105632.007865,-0.31770266,0.0251116666,0.0404387554,0.0404387554,1.05040576,787,119.610703,0.506
105632.017892,-0.311888627,0.0179128634,0.0385275371,0.0385275371,1.05354432,787,125.737732,0.506
105632.027919,-0.299977705,0.0151058419,0.0400390479,0.0400390479,1.05656255,787,124.659069,0.506
105632.037947,-0.29510158,0.011014171,0.0411280851,0.0411280851,1.05952922,787,121.353912,0.506
105632.047974,-0.29812072,0.0108000074,0.0405688361,0.0405688361,1.06252521,787,126.008978,0.506
105632.058001,-0.307667115,0.0101812115,0.0425706507,0.0425706507,1.06561506,787,122.807615,0.506
105632.068028,-0.317800623,0.0138866146,0.0393731842,0.0393731842,1.06880824,787,120.341502,0.506
105632.078055,-0.323169752,0.00672159699,0.0386421439,0.0386421439,1.07204859,787,121.350606,0.506
105632.088082,-0.316568084,0.0260363992,0.0359898879,0.0359898879,1.07523955,787,116.234599,0.506
105632.098109,-0.31906399,0.0355110103,0.0332089915,0.0332089915,1.07846292,787,105.033526,0.506
105632.108136,-0.316824924,0.0195015124,0.035384041,0.035384041,1.08165078,787,106.393969,0.506
105632.118163,-0.302125467,-0.00559364465,0.0347921001,0.0347921001,1.08467263,787,107.61908,0.506
105632.128191,-0.290834822,-0.00621709936,0.0338173957,0.0338173957,1.08758287,787,106.682793,0.506
105632.138218,-0.291279874,-0.013323117,0.0325796619,0.0325796619,1.090492,787,124.998853,0.506
105632.148245,-0.29806449,-0.022053332,0.0331580074,0.0331580074,1.09346224,787,109.269953,0.506
105632.158272,-0.297219555,-0.00500206616,0.0375492953,0.0375492953,1.09643752,787,118.446337,0.506
105632.168299,-0.298342111,0.0129185333,0.0377583612,0.0377583612,1.09943719,787,114.665824,0.506
105632.178326,-0.305144617,0.0158603789,0.038753304,0.038753304,1.10250627,787,114.973075,0.506
105632.188353,-0.302971221,0.019988465,0.0384455397,0.0384455397,1.10555673,787,115.651968,0.506
105632.198380,-0.305928242,0.0150794295,0.0365605739,0.0365605739,1.1086328,787,109.846237,0.506
105632.208407,-0.301544276,0.00858312968,0.0381395379,0.0381395379,1.11166071,787,114.490131,0.506
105632.218435,-0.295894496,-0.00334114981,0.0372055707,0.0372055707,1.11462453,787,116.971486,0.506
105632.228462,-0.298899547,-0.0057734965,0.0397593692,0.0397593692,1.11761634,787,123.343118,0.506
105632.238489,-0.300557208,-0.00853664295,0.0415064276,0.0415064276,1.12062297,787,115.039324,0.506
105632.248516,-0.311899288,-0.0212966221,0.0402150964,0.0402150964,1.12373399,787,119.853807,0.506
105632.258543,-0.332204541,-0.0312972552,0.0405420416,0.0405420416,1.12704085,787,114.569856,0.506
105632.268570,-0.35734723,-0.0318031684,0.0357572123,0.0357572123,1.13059803,787,105.947214,0.506
105632.278597,-0.366277337,-0.0205900601,0.0348622778,0.0348622778,1.13425161,787,92.2369487,0.506
105632.288624,-0.360861851,-0.01399421,0.0360572102,0.0360572102,1.13785607,787,83.2269839,0.506
105632.298651,-0.371073881,-0.00101235438,0.03780801,0.03780801,1.14156934,787,93.8156916,0.506
105632.308678,-0.375752573,0.00287609633,0.0429050149,0.0429050149,1.14533131,787,100.184353,0.506
105632.318706,-0.37635728,0.00545456686,0.0455534164,0.0455534164,1.14910119,787,92.0343212,0.506
105632.328733,-0.378059946,0.00560357923,0.0554828338,0.0554828338,1.1528878,785,86.8477249,0.506
105632.338760,-0.3796877,0.0068619344,0.0638888476,0.0638888476,1.15669133,785,85.1093008,0.506
105632.348787,-0.380843767,0.0081721845,0.0713122326,0.0713122326,1.1605071,785,88.3733379,0.506
105632.358814,-0.380646223,0.00760753316,0.0780339065,0.0780339065,1.16432074,785,90.4178449,0.506
105632.368841,-0.330758973,-0.024289387,0.0554515606,0.0554515606,1.16762453,787,94.4718785,0.506
105632.378868,-0.32573823,-0.0362888844,0.0490761306,0.0490761306,1.17087399,787,95.938217,0.506
105632.388895,-0.327011513,-0.0222936202,0.0414394223,0.0414394223,1.17414329,787,92.5666904,0.506
105632.398922,-0.331687043,-0.0148509622,0.0413308366,0.0413308366,1.17746263,787,98.6783336,0.506
105632.408950,-0.329791824,-0.0126767169,0.0401005164,0.0401005164,1.18076474,787,94.5640912,0.506
105632.418977,-0.329778234,-0.00913278891,0.0367779219,0.0367779219,1.18406804,787,102.970522,0.506
105632.429004,-0.322317936,0.0146252069,0.0367015799,0.0367015799,1.18730642,787,96.6675904,0.506
105632.439031,-0.319645674,0.00995396026,0.0343209057,0.0343209057,1.19051645,787,102.018254,0.506
105632.449058,-0.309465812,-0.0182520789,0.0348301827,0.0348301827,1.19361497,787,107.867772,0.506
105632.459085,-0.306090948,-0.00538425515,0.0325683106,0.0325683106,1.1966849,787,114.688035,0.506
105632.469112,-0.292345176,0.0142644907,0.0320791652,0.0320791652,1.19962538,787,107.245822,0.506
105632.479139,-0.294611046,0.0320008489,0.0330985651,0.0330985651,1.20259467,787,110.996459,0.506
105632.489166,-0.294901679,0.0354657892,0.0345721121,0.0345721121,1.2055683,787,103.270604,0.506
105632.499193,-0.283891748,0.0330578101,0.038798553,0.038798553,1.20843198,787,95.3627506,0.506
105632.509221,-0.283069391,0.0320979034,0.0421657968,0.0421657968,1.21128754,787,102.821304,0.506
105632.519248,-0.285772398,0.0257044869,0.0428243668,0.0428243668,1.21416709,787,98.5470822,0.506
105632.529275,-0.289401612,0.0210385327,0.04511672,0.04511672,1.21708067,787,93.3581723,0.506
105632.539302,-0.295105717,0.00899774638,0.043467518,0.043467518,1.22004572,787,109.931072,0.506
105632.549329,-0.299368768,-0.0112029766,0.04401677,0.04401677,1.2230447,787,123.231763,0.506
105632.559356,-0.320382525,-0.0187305225,0.0407175834,0.0407175834,1.22624947,787,115.326367,0.506
105632.569383,-0.337993974,-0.0310448193,0.0362888008,0.0362888008,1.22962502,787,93.9074953,0.506
105632.579410,-0.336016242,-0.0283350501,0.0400417137,0.0400417137,1.23298292,787,86.4906075,0.506
105632.589438,-0.324927463,-0.00696225712,0.0413156349,0.0413156349,1.23623885,787,90.5621906,0.506
105632.599465,-0.315676287,0.0256090041,0.0438693749,0.0438693749,1.23941341,787,99.3723323,0.506
105632.609492,-0.305197724,0.0530887596,0.0410504926,0.0410504926,1.24249375,787,95.6517871,0.506
105632.619519,-0.296876118,0.0580866931,0.0373634028,0.0373634028,1.2454944,787,90.9769028,0.506
105632.629546,-0.290632896,0.0694131961,0.0403744439,0.0403744439,1.24843902,787,78.1608108,0.506
105632.639573,-0.283043752,0.0711245489,0.0415470184,0.0415470184,1.25131096,787,92.0425513,0.506
105632.649600,-0.276292588,0.0661254909,0.0455231582,0.0455231582,1.25411538,787,91.0422961,0.506
105632.659627,-0.278402539,0.0486648705,0.0472638177,0.0472638177,1.25693331,787,88.0911221,0.506
105632.669654,-0.285902527,0.0204006379,0.0441194619,0.0441194619,1.25981156,787,94.8710476,0.506
105632.679681,-0.294920725,0.00194287313,0.0433052185,0.0433052185,1.26276981,787,106.693503,0.506
105632.689709,-0.317193312,0.0041834588,0.0384840617,0.0384840617,1.26595036,787,116.771802,0.506
105632.699736,-0.330427555,0.0143618846,0.0387815597,0.0387815597,1.26926686,787,116.964744,0.506
105632.709763,-0.343232474,0.0436873,0.0358191644,0.0358191644,1.27272501,787,104.442746,0.506
105632.719790,-0.332853485,0.0669791468,0.0340316773,0.0340316773,1.27609305,787,96.2592126,0.506
105632.729817,-0.321513365,0.0655447954,0.0324306233,0.0324306233,1.27934928,787,86.6636123,0.506
105632.739844,-0.287960675,0.0407449247,0.0335320653,0.0335320653,1.28225972,787,98.8733804,0.506
105632.749871,-0.274562127,0.0271462677,0.0350173296,0.0350173296,1.28502958,787,93.340003,0.506
105632.759898,-0.272389173,0.00974103565,0.0356795711,0.0356795711,1.28776764,787,115.46856,0.506
105632.769925,-0.275390262,0.00140657305,0.0391984076,0.0391984076,1.29053054,787,119.908709,0.506
105632.779953,-0.281576883,0.0035939721,0.0424736203,0.0424736203,1.29335631,787,118.863999,0.506
105632.789980,-0.291481149,0.016553618,0.044063015,0.044063015,1.29628727,787,126.738852,0.506
105632.800007,-0.305293807,0.0180993359,0.0476410742,0.0476410742,1.29935595,787,121.064659,0.506
105632.810034,-0.32155112,0.0104405559,0.0464668897,0.0464668897,1.30258141,787,107.988613,0.506
105632.820060,-0.334951466,0.00841879702,0.0478949976,0.0478949976,1.30593827,787,104.449528,0.506
105632.830087,-0.336574795,0.0174205226,0.0475378719,0.0475378719,1.30931661,787,105.318081,0.506
105632.840114,-0.336507384,0.0268623634,0.0433431166,0.0433431166,1.31269956,787,112.564245,0.506
105632.850141,-0.337964715,0.0270223414,0.042982317,0.042982317,1.3160971,787,119.34765,0.506
105632.860168,-0.335508454,0.0157793915,0.038725941,0.038725941,1.319464,787,112.928728,0.506
105632.870196,-0.34834156,0.00685422225,0.0387858958,0.0387858958,1.3229535,787,108.34502,0.506
105632.880223,-0.354428052,0.00377926818,0.0375017653,0.0375017653,1.32650144,787,97.6071681,0.506
105632.890250,-0.34555085,0.00878971182,0.0352527447,0.0352527447,1.32996426,787,100.938282,0.506
105632.900277,-0.337511258,0.006208358,0.036102031,0.036102031,1.3333461,787,93.1512363,0.506
105632.910304,-0.334299959,0.0199358609,0.0348024441,0.0348024441,1.33670347,787,105.771834,0.506
105632.920331,-0.33726314,0.0168843261,0.0346692109,0.0346692109,1.3400886,787,96.2571031,0.506
105632.930358,-0.329319495,0.00713005074,0.0335298179,0.0335298179,1.34338983,787,102.373866,0.506
105632.940385,-0.328345708,0.0174659391,0.0330299623,0.0330299623,1.34668687,787,97.4668998,0.506
105632.950413,-0.322683754,0.00502840613,0.0326442448,0.0326442448,1.3499216,787,98.6039588,0.506
105632.960440,-0.321576525,0.00820457589,0.0320958589,0.0320958589,1.35314673,787,99.8943686,0.506
105632.970467,-0.334068938,0.00956362407,0.0322586437,0.0322586437,1.35649644,787,97.3697899,0.506
105632.980494,-0.315817889,0.018770427,0.0322022888,0.0322022888,1.35966991,787,95.2283599,0.506
105632.990521,-0.310218923,0.0029102679,0.0324616619,0.0324616619,1.36277979,787,101.353603,0.506
105633.000548,-0.301574408,-0.00760402743,0.0336303981,0.0336303981,1.36579883,787,102.094686,0.506
105633.010575,-0.299315687,0.00213291473,0.0345420125,0.0345420125,1.36880038,787,108.837826,0.506
105633.020602,-0.311617454,0.00210813923,0.0376446918,0.0376446918,1.37192395,787,103.746932,0.506
105633.030629,-0.321643274,0.00182650151,0.0381033164,0.0381033164,1.3751469,787,108.851459,0.506
105633.040657,-0.317953102,-0.0050668835,0.0358867723,0.0358867723,1.37833051,787,114.121814,0.506
105633.050684,-0.323658779,2.19259666e-05,0.0361860072,0.0361860072,1.38157286,787,106.118354,0.506
105633.060711,-0.334294194,-0.0104289244,0.0341628865,0.0341628865,1.3849163,787,104.226709,0.506
105633.070738,-0.335456025,-0.0281788044,0.0332906467,0.0332906467,1.38826437,787,95.2860538,0.506
105633.080765,-0.350051224,-0.0144005104,0.0323664347,0.0323664347,1.39176359,787,92.6653532,0.506
105633.090792,-0.345658621,0.000970350066,0.0363523949,0.0363523949,1.39522553,787,90.0212319,0.506
105633.100819,-0.33638342,0.002496685,0.0392299489,0.0392299489,1.39859614,787,91.2105731,0.506
105633.110846,-0.314125963,-0.00571954079,0.0390036627,0.0390036627,1.40174299,787,94.2147903,0.506
105633.120873,-0.297891094,-0.0158519703,0.0402990086,0.0402990086,1.40472535,787,99.0029121,0.506
105633.130901,-0.273387156,-0.0530695778,0.0365384996,0.0365384996,1.40745322,787,108.860789,0.506
105633.140928,-0.291540402,-0.0701892638,0.0325380849,0.0325380849,1.41035859,787,109.688418,0.506
105633.150955,-0.30416768,-0.0605423068,0.0355867101,0.0355867101,1.413395,787,95.9993211,0.506
105633.160982,-0.314543197,-0.0399753914,0.0376969944,0.0376969944,1.41654097,787,96.8025422,0.506
105633.171009,-0.314894512,-0.0172622122,0.0394127796,0.0394127796,1.41969562,787,101.204188,0.506
105633.181036,-0.307630227,0.0160372727,0.0355494693,0.0355494693,1.4227843,787,111.395389,0.506
105633.191063,-0.317341982,0.0141688956,0.0329294467,0.0329294467,1.42596907,787,105.518886,0.506
105633.201090,-0.306493566,0.00038082892,0.0332240235,0.0332240235,1.42904353,787,102.537498,0.506
105633.211118,-0.303496965,-0.00451432841,0.0337212153,0.0337212153,1.43208764,787,109.905616,0.506
105633.221145,-0.296072925,0.0149645018,0.0344897263,0.0344897263,1.43506129,787,93.6532522,0.506
105633.231172,-0.29137881,0.0355942292,0.0352817691,0.0352817691,1.43799246,787,90.0733607,0.506
105633.241199,-0.285782366,0.0386059171,0.040049576,0.040049576,1.44086922,787,90.6753421,0.506
105633.251226,-0.283174129,0.0339830536,0.0422339367,0.0422339367,1.44371954,787,90.4976647,0.506
105633.261253,-0.283603459,0.0260927529,0.0409414663,0.0409414663,1.44657247,787,91.9003316,0.506
105633.271280,-0.284685294,0.0268339982,0.0419925446,0.0419925446,1.44943649,787,88.4347362,0.506
105633.281307,-0.277438823,0.0317364394,0.0399428644,0.0399428644,1.45223012,787,95.6938788,0.506
105633.291335,-0.276164082,0.0341298724,0.0424235629,0.0424235629,1.45501236,787,88.1945465,0.506
105633.301362,-0.27991481,0.0372899361,0.0438226295,0.0438226295,1.45783286,787,91.2876004,0.506
105633.311389,-0.282988012,0.0326623699,0.0433943668,0.0433943668,1.46068276,787,91.9320583,0.506
105633.321416,-0.28660819,0.0220042054,0.0449200368,0.0449200368,1.46356524,787,95.6196885,0.506
105633.331443,-0.29179488,0.00598338236,0.040925463,0.040925463,1.46649378,787,117.480069,0.506
105633.341470,-0.287489515,-0.0131950155,0.0387995124,0.0387995124,1.46937331,787,126.50209,0.506
105633.351497,-0.295595861,-0.00440717888,0.0365048288,0.0365048288,1.47233626,787,117.004758,0.506
105633.361524,-0.301512014,0.00750450303,0.0361012956,0.0361012956,1.47536165,787,109.14298,0.506
105633.371552,-0.299096277,0.0238267396,0.0382849622,0.0382849622,1.47836847,787,110.035802,0.506
105633.381579,-0.305928787,0.0467318827,0.0349653924,0.0349653924,1.48145057,787,111.828943,0.506
105633.391606,-0.32597479,0.0425317655,0.0329467755,0.0329467755,1.48473084,787,100.069475,0.506
105633.401633,-0.325021333,0.0228159215,0.0337061993,0.0337061993,1.48799488,787,92.3893121,0.506
105633.411660,-0.324829123,0.00847784232,0.0349688745,0.0349688745,1.4912518,787,87.670175,0.506
105633.421687,-0.32633604,0.0201381149,0.0390150668,0.0390150668,1.49452798,787,88.1490978,0.506
105633.431714,-0.319308731,0.0292119968,0.0392749046,0.0392749046,1.49773795,787,88.8320576,0.506
105633.441741,-0.315332448,0.0193910775,0.040891601,0.040891601,1.50090483,787,84.8629449,0.506
105633.451769,-0.3257279,0.00311351143,0.0379475801,0.0379475801,1.50416893,787,86.2281055,0.506
105633.461796,-0.343524138,-0.000801734246,0.0391510638,0.0391510638,1.50760789,787,88.0578792,0.506
105633.471823,-0.352824295,0.00483022177,0.0406415807,0.0406415807,1.51114134,787,82.7591472,0.506
105633.481850,-0.357298706,0.0100783101,0.0401524547,0.0401524547,1.51472121,787,84.2663052,0.506
105633.491877,-0.355386936,0.0197492547,0.0428575275,0.0428575275,1.51828573,787,87.5695225,0.506
105633.501904,-0.351598501,0.0275801422,0.0411998421,0.0411998421,1.52181571,787,89.8265299,0.506
105633.511931,-0.350935996,0.023791972,0.0423151718,0.0423151718,1.52533785,787,80.977219,0.506
105633.521958,-0.347840856,0.0212635475,0.0412055922,0.0412055922,1.52882842,787,78.6330352,0.506
105633.531986,-0.339518263,0.0116695471,0.0366915807,0.0366915807,1.53223311,787,79.8820362,0.506
105633.542013,-0.343382654,0.0107612409,0.0349569908,0.0349569908,1.5356755,787,82.7601937,0.506
105633.552040,-0.337140449,-0.00295620896,0.0324186844,0.0324186844,1.53905078,787,90.1525839,0.506
105633.562067,-0.341591986,-0.00146213491,0.0329241519,0.0329241519,1.54247096,787,86.8166781,0.506
105633.572094,-0.342522361,0.00759817196,0.0362674235,0.0362674235,1.54590381,787,94.920141,0.506
105633.582121,-0.348213559,0.0177387584,0.0380792961,0.0380792961,1.54939688,787,98.1206867,0.506
105633.592148,-0.358480003,0.022157171,0.0415096367,0.0415096367,1.55299351,787,92.0839461,0.506
105633.602176,-0.366368096,0.0210445778,0.0412037422,0.0412037422,1.55666847,787,95.9269165,0.506
105633.612203,-0.371514227,0.0215659437,0.0436330164,0.0436330164,1.56039444,787,98.4938368,0.506
105633.622230,-0.377905191,0.0242642736,0.044499087,0.044499087,1.56418498,787,96.4812164,0.506
105633.632257,-0.381457051,0.0187122178,0.0428480692,0.0428480692,1.56800873,787,102.910256,0.506
105633.642284,-0.389797648,0.0123343701,0.0443684424,0.0443684424,1.57191287,787,94.1833183,0.506
105633.652311,-0.395224486,-0.00373081666,0.0416812611,0.0416812611,1.57586484,787,93.1146074,0.506
105633.662338,-0.405291057,-0.0140295321,0.0425145564,0.0425145564,1.5799133,787,84.0004188,0.506
105633.672365,-0.407365714,-0.00962161994,0.0418892266,0.0418892266,1.58398449,787,88.4332617,0.506
105633.682393,-0.405836307,0.00314093379,0.0391961167,0.0391961167,1.58804567,787,86.4034848,0.506
105633.692420,-0.400781207,0.00953049921,0.0383473391,0.0383473391,1.59205863,787,78.0554013,0.506
105633.702447,-0.390323989,-0.00222825664,0.0348952709,0.0348952709,1.59596407,787,80.0023405,0.506
105633.712474,-0.38433173,-0.0176640061,0.0355733241,0.0355733241,1.59980544,787,79.6811104,0.506
105633.722501,-0.389844757,-0.0252306783,0.0377968366,0.0377968366,1.60369993,787,75.0765678,0.506
105633.732528,-0.393426268,-0.0253662513,0.0386492472,0.0386492472,1.60763081,787,68.3097828,0.506
105633.742555,-0.395794287,-0.0224857686,0.0419819667,0.0419819667,1.61158676,787,74.1738258,0.506
105633.752583,-0.401177211,-0.00750784758,0.040708869,0.040708869,1.61560076,787,73.2222519,0.506
105633.762610,-0.410639379,-0.00583620868,0.0408084728,0.0408084728,1.61970894,787,65.8356919,0.506
105633.772637,-0.411987101,-0.00884962931,0.0396605543,0.0396605543,1.62383011,787,75.9213496,0.506
105633.782664,-0.416102273,0.00106501059,0.0377068642,0.0377068642,1.62799454,787,77.0649363,0.506
105633.792691,-0.418689836,0.00635676221,0.0395074638,0.0395074638,1.63218595,787,82.3124407,0.506
105633.802718,-0.425953088,0.00653375355,0.0389051817,0.0389051817,1.63644963,787,84.5746401,0.506
105633.812745,-0.427046454,0.0190523131,0.0435577566,0.0435577566,1.640727,787,87.3065459,0.506
105633.822773,-0.416196523,0.0384848075,0.0452487793,0.0452487793,1.64490171,787,79.3042451,0.506
105633.832800,-0.405856968,0.0365869674,0.0492160707,0.0492160707,1.64897351,787,75.9930493,0.506
105633.842827,-0.397139896,0.0230592417,0.0509401387,0.0509401387,1.65295578,787,75.511555,0.506
105633.852854,-0.385933146,0.00944842471,0.0480355454,0.0480355454,1.65682348,787,74.494221,0.506
105633.862881,-0.380422609,-0.00917540089,0.0482429082,0.0482429082,1.6606319,787,78.7089829,0.506
105633.872908,-0.381363189,-0.0495410839,0.0426480574,0.0426480574,1.66444089,787,84.8215179,0.506
105633.882935,-0.386298815,-0.0743951519,0.0401680123,0.0401680123,1.66829645,787,77.0366149,0.506
105633.892963,-0.394971305,-0.0746209298,0.0406464523,0.0406464523,1.67224215,787,76.868572,0.506
105633.902990,-0.399969979,-0.0532771592,0.0416433933,0.0416433933,1.67624247,787,76.4583077,0.506
105633.913017,-0.407515281,-0.0594290323,0.0449375421,0.0449375421,1.68031921,787,74.7697267,0.506
105633.923044,-0.409240324,-0.0530207588,0.0455793218,0.0455793218,1.68441543,787,73.8108868,0.506
105633.933071,-0.400665403,-0.0608502069,0.0494294009,0.0494294009,1.68842826,787,79.5106377,0.506
105633.943098,-0.396289758,-0.0652209882,0.0587075108,0.0587075108,1.69239991,785,73.1799455,0.506
105633.953125,-0.368671761,-0.055343445,0.0519272574,0.0519272574,1.69609891,787,78.4612959,0.506
105633.963153,-0.349786128,-0.0511516432,0.0494022782,0.0494022782,1.69961189,787,76.5328838,0.506
105633.973180,-0.330041108,-0.0327432955,0.0416855896,0.0416855896,1.70292752,787,66.9472728,0.506
105633.983207,-0.323613253,-0.026398495,0.0380411934,0.0380411934,1.70617893,787,78.0824085,0.506
105633.993234,-0.326287138,-0.0176307176,0.0350671472,0.0350671472,1.7094559,787,79.1716326,0.506
105634.003261,-0.342355094,-0.0177051023,0.0354792483,0.0354792483,1.71289242,787,80.1690663,0.506
105634.013288,-0.347438946,-0.0185356734,0.0383729666,0.0383729666,1.71637959,787,80.4755207,0.506
105634.023316,-0.357196995,-0.0193144582,0.0373629295,0.0373629295,1.71996419,787,81.1476947,0.506
105634.033343,-0.344784298,-0.0115912694,0.0388614859,0.0388614859,1.72342407,787,83.0770864,0.506
105634.043370,-0.341046489,-0.00420366744,0.0409847466,0.0409847466,1.72684565,787,81.2604386,0.506
105634.053397,-0.327878356,0.00217615568,0.0419905233,0.0419905233,1.73013548,787,74.7673264,0.506
105634.063424,-0.321913323,0.00385863724,0.0462190218,0.0462190218,1.73336581,787,74.6625775,0.506
105634.073451,-0.320510407,-0.0150550309,0.047396739,0.047396739,1.73658503,787,81.0746586,0.506
105634.083478,-0.326457946,-0.0360382067,0.0493493196,0.0493493196,1.73986676,787,79.0230929,0.506
105634.093506,-0.335171867,-0.0421337697,0.048916332,0.048916332,1.74323695,787,77.7101307,0.506
105634.103533,-0.351155359,-0.0301167101,0.046413005,0.046413005,1.74676362,787,73.5777503,0.506
105634.113560,-0.36397767,-0.0171180131,0.0468603211,0.0468603211,1.75041507,787,75.8218559,0.506
105634.123587,-0.370735093,0.00397263142,0.041393269,0.041393269,1.75412925,787,76.5723289,0.506
105634.133614,-0.370558185,0.0247883043,0.0389218466,0.0389218466,1.75783779,787,78.5995938,0.506
105634.143641,-0.346940344,0.0330380077,0.0337077138,0.0337077138,1.76131109,787,73.7479953,0.506
105634.153669,-0.33644498,0.0170188075,0.0331915057,0.0331915057,1.7646837,787,68.2603024,0.506
105634.163696,-0.3274492,0.00125611852,0.036303945,0.036303945,1.76796919,787,74.8637081,0.506
105634.173723,-0.320071142,0.0124951123,0.0353306788,0.0353306788,1.7711798,787,71.6236802,0.506
105634.183750,-0.322391787,0.0262995291,0.0380821666,0.0380821666,1.77441181,787,68.0551342,0.506
105634.193777,-0.317082421,0.0153942052,0.0389484862,0.0389484862,1.77759273,787,73.4292565,0.506
105634.203804,-0.315087494,0.00605788607,0.0417021987,0.0417021987,1.78075495,787,71.8920666,0.506
105634.213831,-0.322102431,-0.0110097582,0.0414242427,0.0414242427,1.78398858,787,78.0594507,0.506
105634.223859,-0.33289559,-0.0305129887,0.035730514,0.035730514,1.787332,787,80.4122994,0.506
105634.233886,-0.343991334,-0.021734103,0.0344916106,0.0344916106,1.79078439,787,83.9691232,0.506
105634.243913,-0.353166293,-0.010856437,0.0350711002,0.0350711002,1.79432649,787,75.1659808,0.506
105634.253940,-0.370588661,0.00294533313,0.037767562,0.037767562,1.79803967,787,74.2683742,0.506
105634.263967,-0.379809602,0.0279888023,0.0374044742,0.0374044742,1.80184141,787,73.8185972,0.506
105634.273994,-0.370007039,0.0510458914,0.0344621211,0.0344621211,1.80554438,787,71.5298641,0.506
105634.284022,-0.353984488,0.0413835493,0.0329524903,0.0329524903,1.80909086,787,73.49606,0.506
105634.294049,-0.344148915,0.0126714444,0.033150982,0.033150982,1.81254166,787,74.3980743,0.506
105634.304076,-0.343937197,-0.0100872597,0.0341533706,0.0341533706,1.81599158,787,76.2589702,0.506
105634.314103,-0.352724524,-0.0123985164,0.0363765291,0.0363765291,1.81952892,787,82.3205011,0.506
105634.324130,-0.37053092,-0.0056178332,0.0379982222,0.0379982222,1.82324266,787,76.8236635,0.506
105634.334157,-0.386862429,-0.00198717577,0.0414266375,0.0414266375,1.82711834,787,73.4934443,0.506
105634.344185,-0.396702134,0.00422300757,0.0405176121,0.0405176121,1.8310918,787,78.564216,0.506
105634.354212,-0.401414719,0.013730541,0.0426774056,0.0426774056,1.83511125,787,82.889105,0.506
105634.364239,-0.406852359,0.0229774329,0.0424646566,0.0424646566,1.83918455,787,81.8466467,0.506
105634.374266,-0.406467773,0.0335100447,0.039058848,0.039058848,1.84325425,787,84.7620539,0.506
105634.384293,-0.414147527,0.0351398559,0.0397127046,0.0397127046,1.84740095,787,86.090716,0.506
105634.394320,-0.417323027,0.0412089771,0.0380265093,0.0380265093,1.85158009,787,83.7431833,0.506
105634.404348,-0.42339975,0.0294922579,0.0402816098,0.0402816098,1.8558205,787,84.7258381,0.506
105634.414375,-0.430302678,0.0178013323,0.040985676,0.040985676,1.86012897,787,87.2449206,0.506
105634.424402,-0.442777309,0.00732836283,0.0390488523,0.0390488523,1.864561,787,76.7051224,0.506
105634.434429,-0.459346385,0.0115692916,0.0405528302,0.0405528302,1.86915793,787,71.2566516,0.506
105634.444456,-0.476765638,0.0183210057,0.0374566619,0.0374566619,1.87392846,787,66.2607598,0.506
105634.454483,-0.485720971,0.0280334997,0.0368414127,0.0368414127,1.87878896,787,69.6882248,0.506
105634.464511,-0.482790603,0.0212938182,0.0355044339,0.0355044339,1.8836208,787,82.1552677,0.506
105634.474538,-0.478138434,0.0319079919,0.0345718668,0.0345718668,1.88840739,787,77.7001573,0.506
105634.484565,-0.477009416,0.0445268,0.0348241127,0.0348241127,1.89318486,787,74.0510538,0.506
105634.494592,-0.471184041,0.0303332454,0.0327037571,0.0327037571,1.89790352,787,71.873303,0.506
105634.504619,-0.482096389,0.0150441787,0.0328066692,0.0328066692,1.90272882,787,74.5197782,0.506
105634.514646,-0.486492594,0.018728174,0.0333533962,0.0333533962,1.90759854,787,72.870634,0.506
105634.524674,-0.492755423,0.0246246527,0.033363222,0.033363222,1.91253209,787,75.3250576,0.506
105634.534701,-0.493803923,0.018747382,0.0339735646,0.0339735646,1.91747497,787,73.5764662,0.506
105634.544728,-0.498074158,0.0228317163,0.0338621401,0.0338621401,1.9224612,787,79.8568432,0.506
105634.554755,-0.494918313,0.0279264057,0.0352141568,0.0352141568,1.92741731,787,78.597277,0.506
105634.564782,-0.485868803,0.00950091031,0.0351041241,0.0351041241,1.93228064,787,74.4650031,0.506
105634.574810,-0.476835917,0.00723260454,0.0370534264,0.0370534264,1.93705456,787,73.5672595,0.506
105634.584837,-0.473962394,0.0130888599,0.0379840775,0.0379840775,1.94180069,787,71.8931963,0.506
105634.594864,-0.484436682,0.0207081703,0.0366495683,0.0366495683,1.94665234,787,74.06539,0.506
105634.604891,-0.480531063,0.0202228023,0.0394731665,0.0394731665,1.95146538,787,62.9198028,0.506
105634.614918,-0.476997352,0.0191336519,0.0402582613,0.0402582613,1.95624334,787,56.6915218,0.506
105634.624945,-0.471812579,0.00964407468,0.043688775,0.043688775,1.96096817,787,63.3575746,0.506
105634.634973,-0.469596468,-0.00133392558,0.0457649753,0.0457649753,1.96566949,787,60.1592284,0.506
105634.645000,-0.468109178,-0.0193159466,0.0462596832,0.0462596832,1.97035251,787,56.1554906,0.506
105634.655027,-0.457428497,-0.023576329,0.0560643739,0.0560643739,1.97492931,785,52.6505923,0.506
105634.665054,-0.445532431,-0.0283176818,0.0643946753,0.0643946753,1.97938789,785,55.7559366,0.506
105634.675081,-0.434793606,-0.0321063383,0.0717658533,0.0717658533,1.98374005,785,54.6939987,0.506
105634.685108,-0.424781805,-0.0351568246,0.0784487374,0.0784487374,1.98799323,785,55.9600384,0.506
105634.695136,-0.415849399,-0.0383110044,0.0846071814,0.0846071814,1.99215866,785,51.6004506,0.506
105634.705163,-0.408093593,-0.043032833,0.0903473886,0.0903473886,1.99624723,785,51.9051945,0.506
105634.715190,-0.402265355,-0.048173003,0.0957451465,0.0957451465,2.00027875,785,54.5775804,0.506
105634.725217,-0.399168127,-0.050553455,0.100855452,0.100855452,2.00428066,785,60.0497988,0.506
105634.735244,-0.395770377,-0.0513578812,0.105720004,0.105720004,2.0082501,785,61.4278078,0.506
105634.745272,-0.390787704,-0.049458539,0.110371757,0.110371757,2.01217162,785,68.7923239,0.506
105634.755299,-0.366851635,8.35898906e-05,0.0667956096,0.0667956096,2.01585394,787,77.6774427,0.506
105634.765326,-0.351383433,0.0281790143,0.048348863,0.048348863,2.01938188,787,78.4992666,0.506
105634.775353,-0.344166561,0.034636448,0.0439726797,0.0439726797,2.02283843,787,75.910493,0.506
105634.785380,-0.33663149,0.0425047551,0.0408459082,0.0408459082,2.02622077,787,70.0232035,0.506
105634.795408,-0.324105302,0.0329817932,0.0376348185,0.0376348185,2.02947946,787,71.4070355,0.506
105634.805435,-0.317479387,0.0310219431,0.0389318328,0.0389318328,2.03267229,787,74.8802881,0.506
105634.815462,-0.302432366,0.0414141258,0.0389043235,0.0389043235,2.03571667,787,72.9559779,0.506
105634.825489,-0.29613244,0.0425228602,0.0441211137,0.0441211137,2.0386992,787,74.4553695,0.506
105634.835516,-0.295231454,0.0394234637,0.0485870996,0.0485870996,2.04167304,787,71.8596742,0.506
105634.845544,-0.290734879,0.0390731605,0.0580008366,0.0580008366,2.04460295,785,67.5145557,0.506
105634.855571,-0.288024396,0.0367031362,0.0660877848,0.0660877848,2.04750577,785,82.4266104,0.506
105634.865598,-0.286856126,0.0312034306,0.0732891693,0.0732891693,2.05039647,785,92.2116365,0.506
105634.875625,-0.286801469,0.0236212493,0.0798449749,0.0798449749,2.05328553,785,99.3003734,0.506
105634.885652,-0.287567909,0.014048812,0.0859031339,0.0859031339,2.05618054,785,128.130355,0.506
105634.895679,-0.289854318,0.00396995321,0.09156245,0.09156245,2.05909639,785,116.208574,0.506
105634.905707,-0.293648409,-0.0066575247,0.0968933488,0.0968933488,2.06204825,785,116.953015,0.506
105634.915734,-0.297008341,-0.0175799157,0.10194638,0.10194638,2.06503139,785,99.4670313,0.506
105634.925761,-0.350023093,-0.0233822088,0.0610858149,0.0610858149,2.06854012,787,94.0685663,0.506
105634.935788,-0.370930799,-0.0252867519,0.0438671679,0.0438671679,2.07225655,787,90.9765463,0.506
105634.945815,-0.367960638,-0.0217734987,0.0387221459,0.0387221459,2.07594432,787,85.9540884,0.506
105634.955843,-0.358269757,-0.0118235982,0.0349743987,0.0349743987,2.07953751,787,78.3444258,0.506
105634.965870,-0.34698294,-0.0112433703,0.0338909174,0.0338909174,2.08301843,787,70.6223754,0.506
105634.975897,-0.343826919,-0.0210042853,0.0367237677,0.0367237677,2.08646728,787,82.15225,0.506
105634.985924,-0.336502713,-0.0252876949,0.0369565939,0.0369565939,2.08984336,787,83.6615799,0.506
105634.995951,-0.338995836,-0.0336728107,0.0396967895,0.0396967895,2.09324412,787,87.0912113,0.506
105635.005979,-0.349138509,-0.0379569758,0.0413922772,0.0413922772,2.0967464,787,87.1972745,0.506
105635.016006,-0.367883661,-0.0280280403,0.0400187984,0.0400187984,2.10043526,787,89.2689902,0.506
105635.026033,-0.375225423,-0.0190583396,0.0421463803,0.0421463803,2.1041974,787,83.5432949,0.506
105635.036060,-0.389923506,-0.0173184603,0.0411338261,0.0411338261,2.10810564,787,81.3507944,0.506
105635.046087,-0.403306266,-0.0156689036,0.0430387481,0.0430387481,2.11214691,787,86.9965565,0.506
105635.056115,-0.404190175,-0.0210527983,0.0440170826,0.0440170826,2.11619767,787,79.6002783,0.506
105635.066142,-0.401512513,-0.0217362157,0.0424902745,0.0424902745,2.12022174,787,84.6471401,0.506
105635.076169,-0.397743759,-0.0342229377,0.0453249984,0.0453249984,2.12420931,787,88.9766181,0.506
105635.086196,-0.39566355,-0.0396089573,0.0446020194,0.0446020194,2.1281772,787,95.5325908,0.506
105635.096224,-0.394685603,-0.0393006512,0.0478081157,0.0478081157,2.1321365,787,97.0677655,0.506
105635.106251,-0.401811922,-0.0371857811,0.0505887645,0.0505887645,2.13616661,787,86.2656832,0.506
105635.116278,-0.407015287,-0.0387261333,0.0596871319,0.0596871319,2.14024918,785,94.8159024,0.506
105635.126305,-0.410909646,-0.0402181383,0.0675728538,0.0675728538,2.14437127,785,86.9217271,0.506
105635.136332,-0.413802345,-0.0411286174,0.0746313134,0.0746313134,2.1485229,785,78.034099,0.506
105635.146360,-0.441616825,-0.0315108341,0.0597294512,0.0597294512,2.15295002,787,81.1364001,0.506
105635.156387,-0.440617498,-0.0226700962,0.0521537506,0.0521537506,2.15736555,787,86.0738847,0.506
105635.166414,-0.445486946,-0.0173833125,0.0447398182,0.0447398182,2.16182863,787,82.8990655,0.506
105635.176441,-0.448821883,-0.0188644038,0.0439650078,0.0439650078,2.16632526,787,73.9384697,0.506
105635.186468,-0.452036378,-0.0330067644,0.0398164857,0.0398164857,2.17085686,787,72.1362671,0.506
105635.196496,-0.475492515,-0.0427265093,0.0390444972,0.0390444972,2.17562432,787,69.0077804,0.506
105635.206523,-0.473797556,-0.0319373279,0.0362448248,0.0362448248,2.18037263,787,63.3057108,0.506
105635.216550,-0.473889014,-0.0220497344,0.0337747791,0.0337747791,2.18511984,787,67.9337643,0.506
105635.226577,-0.472766355,-0.0285388178,0.0340285562,0.0340285562,2.18985773,787,66.8208526,0.506
105635.236604,-0.471154462,-0.0262294474,0.0336437447,0.0336437447,2.19457933,787,67.9210383,0.506
105635.246632,-0.471644131,-0.0263081304,0.0347764013,0.0347764013,2.19930653,787,64.8165876,0.506
105635.256659,-0.477636025,-0.0340656238,0.0335790353,0.0335790353,2.20409508,787,70.2423439,0.506
105635.266686,-0.482456465,-0.0490919724,0.0354129616,0.0354129616,2.20893616,787,62.8338704,0.506
105635.276713,-0.476803749,-0.0396875092,0.0371375134,0.0371375134,2.21371904,787,65.5160909,0.506
105635.286741,-0.471937697,-0.0180049507,0.0364133361,0.0364133361,2.21844785,787,72.0461408,0.506
105635.296768,-0.478302922,0.00167557684,0.0369091217,0.0369091217,2.22323357,787,73.4985204,0.506
105635.306795,-0.482761868,0.0150797862,0.0345363905,0.0345363905,2.22805999,787,70.8926966,0.506
105635.316822,-0.48843259,0.0192332831,0.0379939453,0.0379939453,2.23294213,787,73.2127179,0.506
105635.326849,-0.477809934,0.0108210664,0.0419049021,0.0419049021,2.23772164,787,70.1634211,0.506
105635.336877,-0.468982089,-0.00935450919,0.042964879,0.042964879,2.24241941,787,74.2007841,0.506
105635.346904,-0.463311098,-0.0295600253,0.0448999181,0.0448999181,2.24706576,787,77.9847073,0.506
105635.356931,-0.453952584,-0.0485051262,0.0401419569,0.0401419569,2.25162469,787,78.3938535,0.506
105635.366958,-0.449535904,-0.0397569354,0.0380304026,0.0380304026,2.25613791,787,77.1162596,0.506
105635.376986,-0.466927396,-0.0315733267,0.0366566951,0.0366566951,2.26082213,787,79.5109621,0.506
105635.387013,-0.478918498,-0.045509196,0.0354284665,0.0354284665,2.26562947,787,78.4436448,0.506
105635.397040,-0.476325238,-0.0522202632,0.0345966017,0.0345966017,2.27041387,787,76.8264087,0.506
105635.407067,-0.472861582,-0.0294719104,0.0324311165,0.0324311165,2.27515681,787,73.9160431,0.506
105635.417094,-0.483089858,-0.0321833798,0.0336623225,0.0336623225,2.28000238,787,74.6773331,0.506
105635.427122,-0.477771404,-0.0580185584,0.0346259322,0.0346259322,2.28480519,787,75.8720142,0.506
105635.437149,-0.467321155,-0.0747693159,0.0325807171,0.0325807171,2.28951123,787,72.0117447,0.506
105635.447176,-0.461271729,-0.077482115,0.0328125133,0.0328125133,2.29416,787,67.936132,0.506
105635.457203,-0.466211726,-0.0765066277,0.0335842338,0.0335842338,2.29885897,787,67.109256,0.506
105635.467231,-0.462954466,-0.0684540907,0.0360411289,0.0360411289,2.30352386,787,62.1354453,0.506
105635.477258,-0.455107185,-0.0558446275,0.0355475013,0.0355475013,2.30810543,787,64.0698206,0.506
105635.487285,-0.45945193,-0.0479548406,0.0332915382,0.0332915382,2.31272674,787,66.2353358,0.506
105635.497312,-0.461746708,-0.0511864555,0.0328811049,0.0328811049,2.31737281,787,63.841065,0.506
105635.507340,-0.446623721,-0.0570388498,0.0326075953,0.0326075953,2.32187287,787,65.985768,0.506
105635.517367,-0.440875528,-0.0555616001,0.0331916232,0.0331916232,2.32631527,787,59.2610118,0.506
105635.527394,-0.435022746,-0.0534139408,0.0331555442,0.0331555442,2.33069895,787,60.619338,0.506
105635.537421,-0.420119909,-0.0358987342,0.0327241229,0.0327241229,2.33492549,787,62.8664062,0.506
105635.547448,-0.418376148,-0.0558134857,0.0359543536,0.0359543536,2.33914611,787,68.2668349,0.506
105635.557476,-0.416732416,-0.0694536824,0.0357032334,0.0357032334,2.34335937,787,68.1936875,0.506
105635.567503,-0.419446301,-0.0731421618,0.0371568662,0.0371568662,2.34760228,787,62.1795367,0.506
105635.577530,-0.424875666,-0.0628423229,0.0368423185,0.0368423185,2.35189346,787,63.8586737,0.506
105635.587557,-0.420901887,-0.0724038074,0.0355829197,0.0355829197,2.35615208,787,61.1304151,0.506
105635.597585,-0.432312175,-0.0711754625,0.0358719006,0.0358719006,2.36052426,787,55.0575041,0.506
105635.607612,-0.457270533,-0.0859110935,0.0335806209,0.0335806209,2.36515426,787,61.0899543,0.506
105635.617639,-0.468743645,-0.106129464,0.0337510092,0.0337510092,2.36991394,787,58.5111675,0.506
105635.627666,-0.465700269,-0.104699421,0.0354423534,0.0354423534,2.37464484,787,55.8639714,0.506
105635.637694,-0.468758073,-0.112177362,0.0395853271,0.0395853271,2.37941468,787,66.952787,0.506
105635.647721,-0.466122622,-0.112080782,0.043475828,0.043475828,2.38416052,787,60.33377,0.506
105635.657748,-0.462238787,-0.0980759829,0.0450440352,0.0450440352,2.38885839,787,64.2632479,0.506
105635.667775,-0.458448909,-0.0768403866,0.0481464542,0.0481464542,2.39350173,787,55.9580093,0.506
105635.677803,-0.442759057,-0.0372253098,0.0451509598,0.0451509598,2.3979561,787,59.7767482,0.506
105635.687830,-0.423232306,-0.028385999,0.0436975828,0.0436975828,2.40220923,787,60.8509447,0.506
105635.697857,-0.418755948,-0.0426240388,0.0428790622,0.0428790622,2.40643047,787,53.822714,0.506
105635.707884,-0.406495363,-0.0469815063,0.0408810005,0.0408810005,2.41053426,787,59.3037031,0.506
105635.717912,-0.398883129,-0.0390792104,0.0417376503,0.0417376503,2.41455624,787,56.6318278,0.506
105635.727939,-0.399876899,-0.0218361496,0.0373363439,0.0373363439,2.41857248,787,61.1338385,0.506
105635.737966,-0.417295908,-0.0308700775,0.0375968378,0.0375968378,2.42276886,787,67.2583082,0.506
105635.747993,-0.435209334,-0.0333255808,0.0379275026,0.0379275026,2.42714454,787,58.1217495,0.506
105635.758021,-0.436879012,-0.0536343134,0.0361364425,0.0361364425,2.43155486,787,66.0454356,0.506
105635.768048,-0.440824545,-0.0516972082,0.0361951984,0.0361951984,2.43600217,787,62.2622469,0.506
105635.778075,-0.437065337,-0.0248474751,0.0345823873,0.0345823873,2.44038879,787,65.3566646,0.506
105635.788102,-0.438460081,-0.0314450694,0.0357860619,0.0357860619,2.44479504,787,61.6988151,0.506
105635.798130,-0.432039502,-0.0383620762,0.0359248393,0.0359248393,2.44914427,787,66.3527393,0.506
105635.808157,-0.422029137,-0.0250981529,0.033937641,0.033937641,2.45338255,787,65.1486439,0.506
105635.818184,-0.410751963,-0.0182088171,0.0348299122,0.0348299122,2.45750342,787,58.5122669,0.506
105635.828211,-0.40653086,-0.0303998074,0.0353321964,0.0353321964,2.46159303,787,64.3221172,0.506
105635.838239,-0.393523264,-0.0342227,0.037471081,0.037471081,2.46555759,787,71.5109506,0.506
105635.848266,-0.394639362,-0.0406892097,0.0387764941,0.0387764941,2.46953827,787,71.3153658,0.506
105635.858293,-0.410413681,-0.0454285516,0.0382986533,0.0382986533,2.47367901,787,65.1534997,0.506
105635.868320,-0.419098785,-0.0429890046,0.0411794191,0.0411794191,2.47790356,787,65.6737788,0.506
105635.878348,-0.429766788,-0.0314320564,0.0407218496,0.0407218496,2.48222405,787,60.6819242,0.506
105635.888375,-0.436941498,-0.0157113613,0.0422925413,0.0422925413,2.48660164,787,62.0032425,0.506
105635.898402,-0.434789086,0.00948780846,0.0401909446,0.0401909446,2.49093709,787,67.4571698,0.506
105635.908429,-0.442423093,0.00506550973,0.0351095916,0.0351095916,2.49535265,787,66.3868649,0.506
105635.918457,-0.458141239,0.0117904229,0.0342712826,0.0342712826,2.4999197,787,60.1838696,0.506
105635.928484,-0.460429055,-0.00383937574,0.0335146249,0.0335146249,2.50452212,787,67.5972258,0.506
105635.938511,-0.466840186,-0.0240053964,0.0347891157,0.0347891157,2.50920396,787,66.2338465,0.506
105635.948538,-0.465401375,-0.0352682022,0.0339540771,0.0339540771,2.51388032,787,67.2606527,0.506
105635.958566,-0.451012542,-0.048196652,0.0326506242,0.0326506242,2.51842476,787,60.9363561,0.506
105635.968593,-0.45775416,-0.0334422249,0.0357338377,0.0357338377,2.52302413,787,62.9868001,0.506
105635.978620,-0.460903749,-0.0231307823,0.0364231125,0.0364231125,2.52764678,787,64.4195247,0.506
105635.988647,-0.451858185,-0.00707975487,0.0379650739,0.0379650739,2.53216784,787,70.8701204,0.506
105635.998675,-0.455480211,-0.00755609809,0.0347202953,0.0347202953,2.53672595,787,64.6249802,0.506
105636.008702,-0.457343341,-0.00721407709,0.0345965293,0.0345965293,2.54130216,787,64.1437511,0.506
105636.018729,-0.459445398,-0.00269807108,0.0345903517,0.0345903517,2.54589631,787,64.3009547,0.506
105636.028757,-0.457531669,0.00373833332,0.0334873906,0.0334873906,2.55046791,787,65.0900845,0.506
105636.038784,-0.439830551,0.00989551677,0.0342668122,0.0342668122,2.55486015,787,66.7816002,0.506
105636.048811,-0.438987222,-0.00307443453,0.0339621863,0.0339621863,2.55925343,787,63.607222,0.506
105636.058838,-0.423642475,-0.0138581563,0.0351164354,0.0351164354,2.56350215,787,59.6112302,0.506
105636.068866,-0.416679678,-0.0237784319,0.0355259839,0.0355259839,2.56768892,787,60.653794,0.506
105636.078893,-0.427271931,-0.0424081679,0.0348966951,0.0348966951,2.57199254,787,56.9068545,0.506
105636.088920,-0.449340781,-0.0450802085,0.0343458423,0.0343458423,2.57651665,787,58.1258317,0.506
105636.098947,-0.472170886,-0.0381946262,0.033175748,0.033175748,2.58126234,787,56.8251926,0.506
105636.108975,-0.473212074,-0.0240296882,0.037271256,0.037271256,2.58600932,787,55.6020426,0.506
105636.119002,-0.463244308,-0.0183841587,0.0417289171,0.0417289171,2.59065343,787,52.951635,0.506
105636.129029,-0.44908375,-0.0157529562,0.0436613797,0.0436613797,2.59515563,787,51.6746623,0.506
105636.139057,-0.444999335,-0.0107570728,0.0478899688,0.0478899688,2.59961467,787,52.8414277,0.506
105636.149084,-0.43531208,-0.0113367891,0.0484766,0.0484766,2.60397783,787,56.1022276,0.506
105636.159111,-0.432759254,-0.0119781965,0.0579074486,0.0579074486,2.60831623,785,55.3091346,0.506
105636.169138,-0.432311461,-0.0142687031,0.066005849,0.066005849,2.61265175,785,53.5872638,0.506
105636.179166,-0.413077789,-0.00730109411,0.052814154,0.052814154,2.61679282,787,61.0456938,0.506
105636.189193,-0.40235438,-0.0070369861,0.0508191755,0.0508191755,2.62082716,787,60.0117814,0.506
105636.199220,-0.393535169,-0.0159996617,0.0455948171,0.0455948171,2.62477964,787,63.2550565,0.506
105636.209247,-0.386718282,-0.016550858,0.0444347472,0.0444347472,2.62866485,787,59.9929628,0.506
105636.219275,-0.383919303,-0.011687318,0.0410420999,0.0410420999,2.63251971,787,62.0417687,0.506
105636.229302,-0.393346812,-0.0128584912,0.0368867493,0.0368867493,2.63646827,787,65.4433495,0.506
105636.239329,-0.386446418,-0.00934741654,0.0384501435,0.0384501435,2.64034634,787,65.202297,0.506
105636.249357,-0.383341204,-0.00593329584,0.0391524907,0.0391524907,2.64419203,787,68.5124383,0.506
105636.259384,-0.38132633,0.00915062709,0.0424067863,0.0424067863,2.64800874,787,63.4305054,0.506
105636.269411,-0.394209926,0.0267478175,0.046471243,0.046471243,2.65194382,787,74.7818441,0.506
105636.279438,-0.39976732,0.0297241072,0.0562390004,0.0562390004,2.65593345,785,70.7912335,0.506
105636.289466,-0.404143105,0.0313670088,0.0645475163,0.0645475163,2.65996717,785,71.9463702,0.506
105636.299493,-0.407484257,0.0327476975,0.0719030369,0.0719030369,2.66403415,785,74.8012373,0.506
105636.309520,-0.409375063,0.0338310646,0.0785743102,0.0785743102,2.66812061,785,74.4582564,0.506
105636.319548,-0.408579256,0.0329827327,0.0847237177,0.0847237177,2.67220117,785,76.2533697,0.506
105636.329575,-0.409012391,0.00119898078,0.057111559,0.057111559,2.67629985,787,76.8778205,0.506
105636.339602,-0.411292917,0.00344014412,0.0539776103,0.0539776103,2.68042035,787,77.0254386,0.506
105636.349629,-0.419291075,0.00414354619,0.0498603228,0.0498603228,2.68462007,787,75.9310266,0.506
105636.359657,-0.429473531,-0.00698714451,0.0505435224,0.0505435224,2.6889258,787,70.2465718,0.506
105636.369684,-0.448490526,-0.0197795305,0.0447199894,0.0447199894,2.69342485,787,68.2015243,0.506
105636.379711,-0.453494707,-0.0170928352,0.0402971954,0.0402971954,2.69797251,787,65.1699037,0.506
105636.389739,-0.443903442,0.00670070238,0.0360452468,0.0360452468,2.70241627,787,68.9029913,0.506
105636.399766,-0.438430008,0.010865792,0.0363034275,0.0363034275,2.70680402,787,71.6552993,0.506
105636.409793,-0.4307222,0.00595193083,0.0403632542,0.0403632542,2.71111742,787,71.1759633,0.506
105636.419820,-0.429167124,0.00990015035,0.0435046948,0.0435046948,2.71541423,787,61.1373207,0.506
105636.429848,-0.41886614,0.0143598866,0.0464002371,0.0464002371,2.71960804,787,67.2244231,0.506
105636.439875,-0.41259597,0.0115928685,0.0484676833,0.0484676833,2.72374046,787,64.5382801,0.506
105636.449902,-0.408088334,0.0012067804,0.0468224761,0.0468224761,2.72783169,787,73.3022066,0.506
105636.459930,-0.405077459,-0.00927300949,0.0478213308,0.0478213308,2.7318968,787,74.8728907,0.506
105636.469957,-0.403803882,-0.00476595776,0.0442339639,0.0442339639,2.73594741,787,74.605797,0.506
105636.479984,-0.405300954,-0.00393257541,0.0443218578,0.0443218578,2.7400126,787,69.6343894,0.506
105636.490012,-0.408882155,-4.81187531e-05,0.04271476,0.04271476,2.74411256,787,75.5058043,0.506
105636.500039,-0.410426031,0.000632533772,0.0391456002,0.0391456002,2.74822727,787,69.7461692,0.506
105636.510066,-0.411526758,-0.00126315861,0.039703616,0.039703616,2.75235351,787,70.9662002,0.506
105636.520093,-0.403120144,0.014077221,0.0366973989,0.0366973989,2.756392,787,66.0944455,0.506
105636.530121,-0.395962815,0.0243570164,0.0354098952,0.0354098952,2.76035738,787,68.1991198,0.506
105636.540148,-0.398949017,0.00735233904,0.0332510874,0.0332510874,2.76435678,787,70.3227743,0.506
105636.550175,-0.398429751,0.00821564997,0.0325898209,0.0325898209,2.76835092,787,70.4424764,0.506
105636.560203,-0.383089872,0.0107185551,0.0358070476,0.0358070476,2.77219269,787,72.9429189,0.506
105636.570230,-0.38576153,0.00567160455,0.0391061551,0.0391061551,2.77606185,787,80.4462412,0.506
105636.580257,-0.392253224,0.00283831854,0.0446738595,0.0446738595,2.77999612,787,75.6855715,0.506
105636.590285,-0.403166362,0.00613324278,0.048498826,0.048498826,2.78403841,787,80.9565682,0.506
105636.600312,-0.422060298,0.0150474349,0.0483335601,0.0483335601,2.78826605,787,80.0628312,0.506
105636.610339,-0.437629522,0.0171763457,0.0499963981,0.0499963981,2.79264809,787,76.5316209,0.506
105636.620366,-0.456024243,0.0253929253,0.0456447165,0.0456447165,2.79721161,787,75.1297997,0.506
105636.630394,-0.465895412,0.0236577255,0.0440247876,0.0440247876,2.80187445,787,71.5845689,0.506
105636.640421,-0.468356912,0.00278210623,0.0405132416,0.0405132416,2.80656502,787,66.5153338,0.506
105636.650448,-0.463460397,0.000163745608,0.0352448821,0.0352448821,2.81120753,787,63.7297809,0.506
105636.660476,-0.470621226,0.00445360615,0.0345702526,0.0345702526,2.81592104,787,71.9508337,0.506
105636.670503,-0.475504231,0.00791110586,0.033753834,0.033753834,2.82068223,787,70.6728478,0.506
105636.680530,-0.463854863,0.0211089417,0.0360294367,0.0360294367,2.82532621,787,75.3131163,0.506
105636.690558,-0.462712886,0.0265062388,0.0368923275,0.0368923275,2.8299591,787,74.3520827,0.506
105636.700585,-0.44837123,0.0254182409,0.0351297334,0.0351297334,2.83444979,787,74.92345,0.506
105636.710612,-0.439703374,0.00010779223,0.0351377471,0.0351377471,2.83885724,787,72.9178212,0.506
105636.720640,-0.43493858,-0.0104817019,0.0330905519,0.0330905519,2.84321891,787,68.4402114,0.506
105636.730667,-0.44472479,-0.0181248404,0.0343369563,0.0343369563,2.84767815,787,72.5375967,0.506
105636.740694,-0.452490653,-0.0187555839,0.035987957,0.035987957,2.85221467,787,66.427575,0.506
105636.750722,-0.463232639,-0.00841506845,0.0396608618,0.0396608618,2.8568572,787,71.153084,0.506
105636.760749,-0.466916815,-0.000405680302,0.0409820268,0.0409820268,2.861535,787,70.528972,0.506
105636.770776,-0.476267727,0.0235951626,0.0389989727,0.0389989727,2.86630318,787,83.5915414,0.506
105636.780803,-0.47464708,0.0446676164,0.0393704245,0.0393704245,2.87105399,787,83.4032959,0.506
105636.790831,-0.458768214,0.0466432301,0.0365577865,0.0365577865,2.87564865,787,77.5754334,0.506
105636.800858,-0.453830582,0.0378494942,0.0388328987,0.0388328987,2.88019529,787,78.8420678,0.506
105636.810885,-0.451836382,0.0307743122,0.0403502785,0.0403502785,2.88472303,787,85.9482445,0.506
105636.820913,-0.441213235,0.0228561518,0.0392858707,0.0392858707,2.88914632,787,79.1191003,0.506
105636.830940,-0.433958698,0.0166404246,0.0404459209,0.0404459209,2.89349742,787,73.7944719,0.506
105636.840967,-0.43760152,0.0159439669,0.0372329093,0.0372329093,2.89788481,787,77.538685,0.506
105636.850995,-0.442750426,0.0261991911,0.037521592,0.037521592,2.90232403,787,78.7731506,0.506
105636.861022,-0.443373505,0.0242394938,0.0389183851,0.0389183851,2.90676924,787,76.8936179,0.506
105636.871049,-0.451444599,0.0108699364,0.0384438301,0.0384438301,2.91129441,787,81.3908425,0.506
105636.881077,-0.448457408,0.00377855204,0.0403420542,0.0403420542,2.91579022,787,82.6980932,0.506
105636.891104,-0.441291339,-0.00069604831,0.03902557,0.03902557,2.92021432,787,81.3538451,0.506
105636.901131,-0.434466923,-0.0196187382,0.0404592143,0.0404592143,2.9245702,787,80.5688946,0.506
105636.911159,-0.431742735,-0.0270094843,0.0388807924,0.0388807924,2.92889959,787,84.3222936,0.506
105636.921186,-0.424054074,-0.0267882741,0.0359064376,0.0359064376,2.93315254,787,86.7276238,0.506
105636.931213,-0.426273266,-0.0260002035,0.0360968117,0.0360968117,2.93742781,787,81.9304507,0.506
105636.941241,-0.431766987,-0.0191957752,0.0348598352,0.0348598352,2.94175817,787,84.1792906,0.506
105636.951268,-0.429367885,0.00115489689,0.0360861431,0.0360861431,2.94606386,787,80.7872488,0.506
105636.961295,-0.426373037,0.000537580403,0.033701746,0.033701746,2.95033982,787,75.9943209,0.506
105636.971323,-0.421318716,-0.00797257175,0.0322186553,0.0322186553,2.95456621,787,76.732365,0.506
105636.981350,-0.421958784,-0.00690026336,0.0329340659,0.0329340659,2.9587985,787,77.8768917,0.506
105636.991377,-0.418054202,-0.0124994256,0.0337319797,0.0337319797,2.96299219,787,76.5051806,0.506
105637.001405,-0.424328712,-0.0154032536,0.036999407,0.036999407,2.96724874,787,75.6282105,0.506
105637.011432,-0.431811275,-0.00258681791,0.0391376494,0.0391376494,2.97157868,787,81.0573495,0.506
105637.021459,-0.441910023,0.009860955,0.0381558215,0.0381558215,2.97600842,787,79.1403932,0.506
105637.031487,-0.447448378,0.00423756248,0.0391871502,0.0391871502,2.98049384,787,85.2860963,0.506
105637.041514,-0.454736788,-0.00555885268,0.0364734203,0.0364734203,2.98505153,787,77.6931059,0.506
105637.051541,-0.454761494,-0.0152731816,0.036642043,0.036642043,2.98960987,787,77.6438033,0.506
105637.061569,-0.463198599,-0.0311324891,0.0347567471,0.0347567471,2.99425336,787,75.406166,0.506
105637.071596,-0.470358525,-0.0206135574,0.0348823094,0.0348823094,2.99896723,787,77.7493104,0.506
105637.081623,-0.470256123,-0.00501116272,0.0345949041,0.0345949041,3.00367927,787,85.3471806,0.506
105637.091651,-0.48292451,-0.00246010919,0.0345600419,0.0345600419,3.00851747,787,91.4907152,0.506
105637.101678,-0.486816123,-0.0193727616,0.0400872341,0.0400872341,3.01339503,787,86.2333776,0.506
105637.111705,-0.479337973,-0.0315903356,0.0435755504,0.0435755504,3.01819952,787,82.8888951,0.506
105637.121733,-0.469519509,-0.0306808621,0.0484949529,0.0484949529,3.02290735,787,85.2672702,0.506
105637.131760,-0.460371557,-0.023460393,0.0539171455,0.0539171455,3.0275235,787,90.2571697,0.506
105637.141787,-0.443512995,-0.00323752752,0.0488812502,0.0488812502,3.03197034,787,92.6029279,0.506
105637.151815,-0.436856408,-0.00444061183,0.0478788275,0.0478788275,3.03635166,787,91.7811664,0.506
105637.161842,-0.42752188,-0.0136956764,0.0426504689,0.0426504689,3.04064082,787,92.5319462,0.506
105637.171870,-0.417066154,-0.0163979043,0.0410942766,0.0410942766,3.04482691,787,92.7544686,0.506
105637.181897,-0.427413125,-0.00934917919,0.0372918418,0.0372918418,3.04911451,787,89.5808154,0.506
105637.191924,-0.438563196,-0.0141111904,0.0342970244,0.0342970244,3.05351335,787,82.4242456,0.506
105637.201952,-0.447308967,-0.000377930996,0.0365919777,0.0365919777,3.05799788,787,85.4724703,0.506
105637.211979,-0.449013919,0.0501643486,0.0347792304,0.0347792304,3.06249378,787,80.8477371,0.506
105637.222006,-0.45528705,0.0447499253,0.0347151348,0.0347151348,3.06705367,787,75.2619499,0.506
105637.232034,-0.459578923,0.0320862907,0.0386851987,0.0386851987,3.07165832,787,75.8703738,0.506
105637.242061,-0.459298502,0.0126440458,0.0400649728,0.0400649728,3.07626111,787,78.2827972,0.506
105637.252088,-0.451512937,-0.0118029997,0.0425202653,0.0425202653,3.08078785,787,83.916416,0.506
105637.262116,-0.448822199,-0.0206706746,0.0411581843,0.0411581843,3.08528889,787,96.1612531,0.506
105637.272143,-0.458387045,-0.00827785577,0.0447604732,0.0447604732,3.08988381,787,86.3283313,0.506
105637.282170,-0.467041141,0.0119314826,0.0459159325,0.0459159325,3.0945635,787,86.9759393,0.506
105637.292198,-0.487800413,0.0237909063,0.04243146,0.04243146,3.09944939,787,79.7000136,0.506
105637.302225,-0.494352606,0.0144467149,0.042355057,0.042355057,3.10440054,787,80.1331123,0.506
105637.312252,-0.500207282,-0.000430010808,0.037350568,0.037350568,3.10941052,787,73.2510003,0.506
105637.322280,-0.481221994,0.00400464028,0.0364677461,0.0364677461,3.11423244,787,75.4148432,0.506
105637.332307,-0.481102592,-0.00296983486,0.0373058727,0.0373058727,3.119053,787,77.8363438,0.506
105637.342335,-0.491416249,-0.0178901019,0.0370391708,0.0370391708,3.12397707,787,79.2366663,0.506
105637.352362,-0.493334465,-0.0150444821,0.0399371421,0.0399371421,3.12891977,787,71.5188726,0.506
105637.362389,-0.505982846,-0.0171542155,0.0391138463,0.0391138463,3.13398831,787,72.5577896,0.506
105637.372417,-0.512145355,-0.0112012369,0.0413668341,0.0413668341,3.13911841,787,74.9198139,0.506
105637.382444,-0.51023752,0.000469572452,0.0429124782,0.0429124782,3.14422854,787,73.7820828,0.506
105637.392471,-0.512750185,0.0182445728,0.04028481,0.04028481,3.14936287,787,84.2746414,0.506
105637.402499,-0.511869914,0.033275499,0.0397778151,0.0397778151,3.15448876,787,82.6180954,0.506
105637.412526,-0.510115676,0.0329788178,0.0346111103,0.0346111103,3.15959738,787,88.561534,0.506
105637.422554,-0.512417256,0.0302489043,0.0333239143,0.0333239143,3.16472996,787,84.9504418,0.506
105637.432581,-0.529086733,0.0293525808,0.0326851209,0.0326851209,3.17002803,787,85.2569878,0.506
105637.442608,-0.543118286,0.0152980803,0.0346062118,0.0346062118,3.17546564,787,87.2333127,0.506
105637.452636,-0.539843771,0.0191900588,0.0370275897,0.0370275897,3.18087162,787,83.2830729,0.506
105637.462663,-0.542727113,0.0232545138,0.0374480083,0.0374480083,3.18630612,787,80.1722941,0.506
105637.472690,-0.552996181,0.0245981702,0.0415011833,0.0415011833,3.19184298,787,80.3333827,0.506
105637.482718,-0.553607026,0.0250772403,0.0434155764,0.0434155764,3.19738687,787,78.0603802,0.506
105637.492745,-0.550418449,0.0179913905,0.0475924326,0.0475924326,3.20289851,787,76.9915491,0.506
105637.502772,-0.542028213,0.005078092,0.0499577161,0.0499577161,3.20832629,787,78.3389785,0.506
105637.512800,-0.528085451,-0.0126446361,0.0484922125,0.0484922125,3.21361531,787,78.1797654,0.506
105637.522827,-0.510345096,-0.0140340312,0.0498290961,0.0498290961,3.21872781,787,82.095373,0.506
105637.532855,-0.49217989,-0.0119495396,0.0462410044,0.0462410044,3.22366074,787,87.7718315,0.506
105637.542882,-0.482674845,-0.0107519185,0.0447837586,0.0447837586,3.22849896,787,87.6016136,0.506
105637.552909,-0.487302411,-0.0097680559,0.0408690311,0.0408690311,3.23338325,787,83.6137352,0.506
105637.562937,-0.48921556,-0.00653893676,0.0350218784,0.0350218784,3.23828719,787,88.7543516,0.506
105637.572964,-0.509928939,-0.0222978562,0.0335844817,0.0335844817,3.24339603,787,84.6249342,0.506
105637.582991,-0.491346433,-0.00787422066,0.0324874564,0.0324874564,3.24832082,787,76.2773762,0.506
105637.593019,-0.494772275,-0.019503136,0.034286353,0.034286353,3.2532801,787,77.6582038,0.506
105637.603046,-0.507278859,-0.0451300273,0.0376600702,0.0376600702,3.25836346,787,86.0621075,0.506
105637.613074,-0.516072867,-0.0464741167,0.0379204428,0.0379204428,3.26353558,787,81.0637427,0.506
105637.623101,-0.531664016,-0.0436638346,0.0401930831,0.0401930831,3.26886275,787,79.3401566,0.506
105637.633128,-0.538161437,-0.0245239649,0.0382592896,0.0382592896,3.27425404,787,82.203092,0.506
105637.643156,-0.544136017,0.00950009571,0.0387999854,0.0387999854,3.27970346,787,82.3073203,0.506
105637.653183,-0.560880648,0.0255057226,0.0370674215,0.0370674215,3.28531806,787,79.0885165,0.506
105637.663211,-0.559712824,0.0365028081,0.038265752,0.038265752,3.2909218,787,78.1622674,0.506
105637.673238,-0.559169636,0.0425284216,0.0432210144,0.0432210144,3.29652027,787,72.6158989,0.506
105637.683265,-0.55434611,0.0311102189,0.0449923726,0.0449923726,3.30207167,787,78.1758763,0.506
105637.693293,-0.557499547,0.0203716881,0.0478926222,0.0478926222,3.3076553,787,78.5348388,0.506
105637.703320,-0.557144561,0.00259085022,0.0481002782,0.0481002782,3.31323484,787,76.8040771,0.506
105637.713347,-0.547999851,-0.0323225396,0.0439473337,0.0439473337,3.31872348,787,82.9367827,0.506
105637.723375,-0.543639053,-0.07208153,0.040462007,0.040462007,3.32417071,787,83.9806872,0.506
105637.733402,-0.543971345,-0.063799219,0.0332846479,0.0332846479,3.32962235,787,84.2118696,0.506
105637.743430,-0.543724665,-0.0367584187,0.0363277215,0.0363277215,3.33507174,787,83.9727351,0.506
105637.753457,-0.556039855,0.003819483,0.0365151086,0.0365151086,3.34064049,787,85.2460245,0.506
105637.763484,-0.574655995,0.00876183991,0.0340198077,0.0340198077,3.34639391,787,84.5273082,0.506
105637.773512,-0.575727387,-0.00581964387,0.0379017374,0.0379017374,3.35215959,787,83.2806217,0.506
105637.783539,-0.564305064,-0.020792591,0.0386173313,0.0386173313,3.3578124,787,82.648871,0.506
105637.793567,-0.548306609,-0.0255188073,0.0405728622,0.0405728622,3.36330751,787,84.1360731,0.506
105637.803594,-0.52000562,-0.0178864995,0.0372990395,0.0372990395,3.36852076,787,85.8315958,0.506
105637.813621,-0.512516177,-0.0336081825,0.0380318037,0.0380318037,3.37366117,787,88.7751168,0.506
105637.823649,-0.523363985,-0.0451849619,0.0364538482,0.0364538482,3.37891137,787,84.9826894,0.506
105637.833676,-0.525947593,-0.0470040418,0.0339286782,0.0339286782,3.38418758,787,76.9311887,0.506
105637.843704,-0.519351077,-0.0385435591,0.0361147417,0.0361147417,3.38939836,787,78.0731801,0.506
105637.853731,-0.513073245,-0.0283602989,0.0367205448,0.0367205448,3.39454522,787,79.34718,0.506
105637.863758,-0.512039834,-0.015696263,0.0397993379,0.0397993379,3.39968012,787,82.7936763,0.506
105637.873786,-0.516707121,-0.0111450472,0.0404175073,0.0404175073,3.40486123,787,79.9270111,0.506
105637.883813,-0.519711677,-0.0259014908,0.0388572436,0.0388572436,3.41007395,787,85.9921141,0.506
105637.893841,-0.51419781,-0.0267748503,0.0411899398,0.0411899398,3.41523275,787,83.2880563,0.506
105637.903868,-0.501571391,-0.0202786018,0.0414784314,0.0414784314,3.42026475,787,85.4188787,0.506
105637.913895,-0.497603321,-0.0218588446,0.045918678,0.045918678,3.42525769,787,97.68007,0.506
105637.923923,-0.500896051,-0.0258153537,0.0494025704,0.0494025704,3.43028458,787,89.6785298,0.506
105637.933950,-0.501515821,-0.0270675492,0.05868525,0.05868525,3.43531746,785,83.9070159,0.506
105637.943978,-0.501795784,-0.0305224555,0.0666904304,0.0666904304,3.44035442,785,78.8654904,0.506
105637.954005,-0.50204359,-0.0347088213,0.0738333711,0.0738333711,3.44539436,785,71.8852451,0.506
105637.964032,-0.518271655,-0.0147452192,0.0600314826,0.0600314826,3.45059141,787,79.7288462,0.506
105637.974060,-0.519911304,-0.00586939976,0.0529014116,0.0529014116,3.45580347,787,79.0173272,0.506
105637.984087,-0.523959161,-0.00697459889,0.0452310257,0.0452310257,3.46105546,787,80.8763369,0.506
105637.994115,-0.518238254,-0.00563063877,0.0445785282,0.0445785282,3.46625095,787,84.9423259,0.506
105638.004142,-0.518584286,-0.0275872974,0.0415194047,0.0415194047,3.47145387,787,78.9211574,0.506
105638.014169,-0.521936033,-0.0455619637,0.0430580536,0.0430580536,3.4766941,787,70.8982342,0.506
105638.024197,-0.520001431,-0.050807544,0.0434585048,0.0434585048,3.48191737,787,72.8956418,0.506
105638.034224,-0.520474476,-0.0283965427,0.0408245556,0.0408245556,3.4871399,787,81.8751593,0.506
105638.044252,-0.524745155,-0.0248846863,0.040305853,0.040305853,3.4924046,787,87.083081,0.506
105638.054279,-0.536653462,-0.0323052965,0.0359432869,0.0359432869,3.49778893,787,77.1018071,0.506
105638.064307,-0.544070208,-0.0659548191,0.0340504379,0.0340504379,3.50325664,787,83.2588234,0.506
105638.074334,-0.526920451,-0.05648288,0.034672763,0.034672763,3.50855192,787,90.6415278,0.506
105638.084361,-0.522659818,-0.0429069286,0.035834854,0.035834854,3.51380149,787,83.2001551,0.506
105638.094389,-0.511015615,-0.0197618505,0.0375458416,0.0375458416,3.51892922,787,86.2976545,0.506
105638.104416,-0.492275955,-0.00862347668,0.0340380249,0.0340380249,3.52386713,787,93.9937482,0.506
105638.114444,-0.484676063,-0.0211652634,0.0332449853,0.0332449853,3.52873385,787,82.9672503,0.506
105638.124471,-0.471037731,-0.0504611048,0.0330705134,0.0330705134,3.53347382,787,86.2812765,0.506
105638.134499,-0.452110964,-0.0516869977,0.033137075,0.033137075,3.53802727,787,81.3827474,0.506
105638.144526,-0.45642225,-0.0510784145,0.037208308,0.037208308,3.54262326,787,78.3572626,0.506
105638.154553,-0.460608658,-0.053242161,0.0382675415,0.0382675415,3.54726195,787,77.2765199,0.506
105638.164581,-0.465386161,-0.0619318071,0.0414229928,0.0414229928,3.55195221,787,73.6225032,0.506
105638.174608,-0.483803439,-0.067717399,0.0416061136,0.0416061136,3.55682769,787,78.1648073,0.506
105638.184636,-0.480281809,-0.037688824,0.0447248097,0.0447248097,3.56165733,787,81.9478781,0.506
105638.194663,-0.470686123,-0.00488325465,0.0413144713,0.0413144713,3.56637813,787,87.7652827,0.506
105638.204690,-0.473976627,-0.0103750113,0.0331295309,0.0331295309,3.57113375,787,89.9270139,0.506
105638.214718,-0.480910556,-0.0236950726,0.0324508509,0.0324508509,3.57596386,787,90.9032817,0.506
105638.224745,-0.480830495,-0.0399097129,0.0330393157,0.0330393157,3.58079916,787,90.6510771,0.506
105638.234773,-0.476880347,-0.0506180146,0.0350931271,0.0350931271,3.58560032,787,88.7505814,0.506
105638.244800,-0.469391448,-0.0373925449,0.037547007,0.037547007,3.59032142,787,82.0712653,0.506
105638.254828,-0.462855034,-0.00490042982,0.0376439143,0.0376439143,3.59496443,787,84.3604406,0.506
105638.264855,-0.460046089,0.00427761301,0.0401756961,0.0401756961,3.59957537,787,83.2515526,0.506
105638.274882,-0.458687614,0.00287393667,0.0399395423,0.0399395423,3.60417353,787,75.7730781,0.506
105638.284910,-0.457317078,0.00178087136,0.0424730767,0.0424730767,3.60875909,787,76.9107288,0.506
105638.294937,-0.448496412,0.000205235991,0.043295551,0.043295551,3.61325736,787,73.2183631,0.506
105638.304965,-0.430756584,0.0204835664,0.0401053163,0.0401053163,3.6175725,787,66.4499725,0.506
105638.314992,-0.424454108,0.0238527724,0.0401182717,0.0401182717,3.6218239,787,61.5678436,0.506
105638.325020,-0.427148731,0.0298626077,0.0381089607,0.0381089607,3.6261009,787,56.0832762,0.506
105638.335047,-0.432836083,0.0374818229,0.0410948477,0.0410948477,3.63043215,787,55.0961283,0.506
105638.345075,-0.433398775,0.0286746396,0.043839029,0.043839029,3.63477298,787,52.1888701,0.506
105638.355102,-0.429554238,0.0122026651,0.0426031634,0.0426031634,3.63908051,787,50.5098267,0.506
105638.365129,-0.433034976,0.0102584438,0.0446480776,0.0446480776,3.64342325,787,51.8728255,0.506
105638.375157,-0.439471143,-0.000969715211,0.0428208798,0.0428208798,3.64783348,787,57.1482041,0.506
105638.385184,-0.446526082,-0.00578979632,0.0439522251,0.0439522251,3.65231454,787,57.5446725,0.506
105638.395212,-0.455105864,-0.00678963232,0.0425651937,0.0425651937,3.65688143,787,65.625671,0.506
105638.405239,-0.475533311,-0.00131636984,0.038629735,0.038629735,3.6616491,787,59.8638563,0.506
105638.415267,-0.480980809,0.03829211,0.0371115804,0.0371115804,3.66646134,787,66.2045764,0.506
105638.425294,-0.479709313,0.0492539667,0.0377467146,0.0377467146,3.67125906,787,63.8100487,0.506
105638.435322,-0.47048065,0.043178506,0.0426965704,0.0426965704,3.6759683,787,65.3251807,0.506
105638.445349,-0.462593161,0.0314424794,0.0456872995,0.0456872995,3.68060197,787,61.9523752,0.506
105638.455376,-0.454521351,0.00902807157,0.044270669,0.044270669,3.68515993,787,68.7909095,0.506
105638.465404,-0.453951617,-0.0040546206,0.0456890491,0.0456890491,3.689715,787,73.3166316,0.506
105638.475431,-0.456238392,-0.00747807619,0.0436608664,0.0436608664,3.69429285,787,70.499584,0.506
105638.485459,-0.448558662,-0.00969744117,0.0454713855,0.0454713855,3.69879524,787,78.8889028,0.506
105638.495486,-0.441631881,-0.0182397325,0.0426637488,0.0426637488,3.70322988,787,78.2490555,0.506
105638.505514,-0.434625119,-0.0288451591,0.0419519163,0.0419519163,3.70759731,787,87.1968024,0.506
105638.515541,-0.447013682,-0.0313248517,0.0384631498,0.0384631498,3.71208787,787,74.5235073,0.506
105638.525569,-0.451488726,-0.0369413163,0.0357533915,0.0357533915,3.7166246,787,79.1559234,0.506
105638.535596,-0.450143963,-0.0280466,0.0383905719,0.0383905719,3.72114586,787,75.1992641,0.506
105638.545623,-0.448434591,-0.0268885206,0.03731818,0.03731818,3.72564998,787,72.2143613,0.506
105638.555651,-0.445341805,-0.0207634448,0.0396512088,0.0396512088,3.73012251,787,69.0091729,0.506
105638.565678,-0.446711681,-0.0121420617,0.0398154223,0.0398154223,3.73460621,787,66.5340015,0.506
105638.575706,-0.432029378,-0.0036181505,0.0379455919,0.0379455919,3.73894262,787,72.8500386,0.506
105638.585733,-0.428432646,-0.0148470089,0.0388916103,0.0388916103,3.74324535,787,66.0368052,0.506
105638.595761,-0.424778637,-0.0280937594,0.0403413949,0.0403413949,3.74751522,787,73.3524354,0.506
105638.605788,-0.427532011,-0.0130244474,0.0451372777,0.0451372777,3.75180845,787,77.9004619,0.506
105638.615816,-0.434062072,0.00309074381,0.0475294692,0.0475294692,3.75616307,787,82.7873879,0.506
105638.625843,-0.443144539,0.0113345014,0.045993308,0.045993308,3.76060557,787,89.0690822,0.506
105638.635871,-0.445723493,0.00366124763,0.0477985211,0.0477985211,3.76507589,787,85.1650955,0.506
105638.645898,-0.452215465,-0.0165543257,0.0458517775,0.0458517775,3.76961457,787,87.6703993,0.506
105638.655925,-0.46165404,-0.0225087581,0.0461887853,0.0461887853,3.77424823,787,84.9788756,0.506
105638.665953,-0.463378006,-0.0119399284,0.0446842008,0.0446842008,3.77889713,787,81.6738513,0.506
105638.675980,-0.468861043,-0.00993737034,0.0400739671,0.0400739671,3.78359952,787,81.1264932,0.506
105638.686008,-0.474008222,-0.01093484,0.0389673967,0.0389673967,3.7883537,787,75.6075202,0.506
105638.696035,-0.474833056,-0.00722907381,0.0345357707,0.0345357707,3.79311478,787,75.7009127,0.506
105638.706063,-0.471142739,-0.00299504186,0.0337112448,0.0337112448,3.79783878,787,74.7450385,0.506
105638.716090,-0.46507463,-0.0190494851,0.0327280937,0.0327280937,3.80250562,787,78.1566289,0.506
105638.726118,-0.462016219,-0.0139304866,0.0323323874,0.0323323874,3.80714144,787,82.3481501,0.506
105638.736145,-0.463145811,-0.00404234475,0.0325858902,0.0325858902,3.81178579,787,79.7987816,0.506
105638.746173,-0.461630267,-0.00928923734,0.0323775882,0.0323775882,3.81641672,787,74.7765629,0.506
105638.756200,-0.468087575,-0.0391746231,0.0334099579,0.0334099579,3.82111805,787,82.1568804,0.506
105638.766228,-0.46099881,-0.047173208,0.0326726093,0.0326726093,3.82575179,787,80.6575148,0.506
105638.776255,-0.468127087,-0.0471924226,0.0325210983,0.0325210983,3.83045634,787,73.673788,0.506
105638.786283,-0.466715617,-0.0483549476,0.034295561,0.034295561,3.83514818,787,71.5545681,0.506
105638.796310,-0.475284924,-0.0694402819,0.0353714566,0.0353714566,3.83993137,787,70.7023869,0.506
105638.806337,-0.478001902,-0.079680488,0.0402722239,0.0402722239,3.84474616,787,74.4250296,0.506
105638.816365,-0.479318635,-0.0751467338,0.0447248106,0.0447248106,3.84957462,787,78.6504972,0.506
105638.826392,-0.485609472,-0.07046784,0.0459990273,0.0459990273,3.85446469,787,75.0929482,0.506
105638.836420,-0.484574524,-0.0731420661,0.0558504165,0.0558504165,3.85934721,785,69.5441465,0.506
105638.846447,-0.482855724,-0.0738345013,0.0642085619,0.0642085619,3.86421372,785,63.7360112,0.506
105638.856475,-0.481322672,-0.0721549704,0.0715997463,0.0715997463,3.869066,785,71.3563869,0.506
105638.866502,-0.479020447,-0.0698454997,0.0782970195,0.0782970195,3.87389498,785,71.9753541,0.506
105638.876530,-0.475239825,-0.0673835016,0.0844667441,0.0844667441,3.87868673,785,70.2344417,0.506
105638.886557,-0.470370835,-0.0673609011,0.090216024,0.090216024,3.88343055,785,73.5006065,0.506
105638.896585,-0.465124118,-0.0704557823,0.0956217473,0.0956217473,3.88812522,785,68.3168066,0.506
105638.906612,-0.461888862,-0.0754854018,0.100738291,0.100738291,3.89279093,785,66.4397125,0.506
105638.916640,-0.462938028,-0.0794676076,0.105608678,0.105608678,3.89747079,785,64.8853695,0.506
105638.926667,-0.43274598,-0.0738520767,0.0626876777,0.0626876777,3.90184884,787,73.4891864,0.506
105638.936695,-0.438154463,-0.0604546552,0.0486255332,0.0486255332,3.90627381,787,71.3628072,0.506
105638.946722,-0.449415965,-0.053480371,0.0387827957,0.0387827957,3.91080612,787,76.7391881,0.506
105638.956750,-0.455450015,-0.0497302743,0.0366807059,0.0366807059,3.9153966,787,75.4359533,0.506
105638.966777,-0.457383986,-0.0152345986,0.0342842773,0.0342842773,3.91998463,787,80.2183426,0.506
105638.976805,-0.448099203,0.000758187664,0.0366854206,0.0366854206,3.9244715,787,71.3254113,0.506
105638.986832,-0.437712644,-0.00529139632,0.0407501988,0.0407501988,3.92885883,787,67.4224339,0.506
105638.996860,-0.42095128,-0.025472039,0.0403285266,0.0403285266,3.93309241,787,66.3594276,0.506
105639.006887,-0.411391305,-0.0364431925,0.0424211303,0.0424211303,3.93723724,787,73.0381317,0.506
105639.016915,-0.417293913,-0.0588943607,0.0402936892,0.0402936892,3.94145454,787,76.846039,0.506
105639.026942,-0.420104312,-0.0531739391,0.0410747557,0.0410747557,3.94569607,787,85.8687743,0.506
105639.036970,-0.430030803,-0.0428187318,0.0422506533,0.0422506533,3.95003009,787,88.4681571,0.506
105639.046997,-0.446362556,-0.0222071003,0.0415753603,0.0415753603,3.95451256,787,79.4863174,0.506
105639.057025,-0.461574961,-0.0322507959,0.0441536186,0.0441536186,3.95915248,787,75.7018356,0.506
105639.067052,-0.474869569,-0.0348417533,0.0410993388,0.0410993388,3.96392529,787,68.664185,0.506
105639.077080,-0.468154457,-0.0504987019,0.0415382297,0.0415382297,3.96864201,787,78.8704482,0.506
105639.087107,-0.463741185,-0.0814984395,0.0395738116,0.0395738116,3.97333495,787,84.1504174,0.506
105639.097134,-0.462856866,-0.0982331856,0.0345210627,0.0345210627,3.97803168,787,79.7984679,0.506
105639.107162,-0.456120354,-0.0850373983,0.0396650435,0.0396650435,3.98265461,787,76.7426266,0.506
105639.117189,-0.457884301,-0.0649820044,0.0420926524,0.0420926524,3.98728111,787,78.3822031,0.506
105639.127217,-0.459260687,-0.0500611833,0.0465073052,0.0465073052,3.99191117,787,77.1838773,0.506
105639.137244,-0.45836288,-0.0371153951,0.0496850712,0.0496850712,3.99652249,787,71.8490828,0.506
105639.147272,-0.459068696,-0.0325008853,0.0589238785,0.0589238785,4.00113787,785,78.797626,0.506
105639.157299,-0.462837541,-0.0269271686,0.0668995579,0.0668995579,4.00578604,785,75.7104327,0.506
105639.167327,-0.468712561,-0.0193755474,0.0740228791,0.0740228791,4.01048741,785,80.3182389,0.506
105639.177354,-0.447100445,-0.0131893118,0.059973585,0.059973585,4.01496998,787,91.9266368,0.506
105639.187382,-0.439151587,-0.0292836135,0.0510809371,0.0510809371,4.0193858,787,93.6044186,0.506
105639.197409,-0.438619352,-0.03770764,0.0406163424,0.0406163424,4.02380188,787,89.8643956,0.506
105639.207437,-0.448518317,-0.0440629764,0.0379306414,0.0379306414,4.02832097,787,83.9924385,0.506
105639.217465,-0.454458134,-0.0352838341,0.0372709307,0.0372709307,4.03289257,787,77.5880346,0.506
105639.227492,-0.463044375,-0.0169393209,0.0407628932,0.0407628932,4.03753556,787,83.0345853,0.506
105639.237519,-0.470580025,0.0014021727,0.0399731045,0.0399731045,4.0422404,787,76.8152473,0.506
105639.247547,-0.468407066,0.0244635995,0.0408017972,0.0408017972,4.04690903,787,81.8872589,0.506
105639.257574,-0.460518732,0.0322512381,0.0391968145,0.0391968145,4.05149534,787,89.3300391,0.506
105639.267602,-0.451441745,0.0334221264,0.0393720669,0.0393720669,4.05599307,787,98.7049902,0.506
105639.277630,-0.448002971,0.0312293,0.0449171898,0.0449171898,4.06045962,787,100.400013,0.506
105639.287657,-0.453409906,0.0351691911,0.0549621706,0.0549621706,4.06497847,785,103.4309,0.506
105639.297684,-0.458834391,0.0378635092,0.0634378169,0.0634378169,4.06955121,785,97.9826318,0.506
105639.307712,-0.463778769,0.0398224478,0.0709097103,0.0709097103,4.07417411,785,91.8553281,0.506
105639.317740,-0.468826633,0.0398194223,0.0776673664,0.0776673664,4.07884881,785,93.8209717,0.506
105639.327767,-0.474585306,0.0384214388,0.0838828887,0.0838828887,4.0835825,785,88.8555847,0.506
105639.337795,-0.481225868,0.0365322399,0.0896701328,0.0896701328,4.08838495,785,96.9211904,0.506
105639.347822,-0.489168963,0.0359293151,0.0951062608,0.0951062608,4.09326741,785,105.719184,0.506
105639.357850,-0.497269225,0.0374258806,0.100249489,0.100249489,4.09823155,785,104.573574,0.506
105639.367877,-0.504652567,0.0407083594,0.105141949,0.105141949,4.1032687,785,92.8504257,0.506
105639.377905,-0.535493951,0.0553122831,0.0631916796,0.0631916796,4.10860907,787,86.0032576,0.506
105639.387932,-0.547625629,0.0571434142,0.0482270223,0.0482270223,4.11407116,787,80.8168676,0.506
105639.397960,-0.548385088,0.0526867721,0.0460670216,0.0460670216,4.11954499,787,76.6834719,0.506
105639.407987,-0.541392698,0.0549979621,0.0445534771,0.0445534771,4.12495039,787,78.6415186,0.506
105639.418015,-0.53692443,0.0589588362,0.0424897199,0.0424897199,4.13031322,787,76.1489791,0.506
105639.428042,-0.535389244,0.0639325666,0.0448915962,0.0448915962,4.13566157,787,74.0027161,0.506
105639.438070,-0.532885381,0.0539776533,0.0439672231,0.0439672231,4.14098951,787,71.3763377,0.506
105639.448097,-0.530063295,0.0359129313,0.0457165621,0.0457165621,4.14629305,787,82.7415459,0.506
105639.458125,-0.529403893,0.0300351558,0.044738952,0.044738952,4.15159217,787,76.061413,0.506
105639.468152,-0.529014705,0.0242655872,0.0408888793,0.0408888793,4.15688818,787,78.7819456,0.506
105639.478180,-0.528510986,0.0258133274,0.040990318,0.040990318,4.16218004,787,80.4919611,0.506
105639.488207,-0.537668687,0.0141990644,0.0361790586,0.0361790586,4.16756379,787,75.8526545,0.506
105639.498235,-0.545130026,-0.00845009271,0.03468792,0.03468792,4.17302436,787,79.9383048,0.506
105639.508262,-0.538985851,-0.000846856848,0.0395713856,0.0395713856,4.17842284,787,68.6029184,0.506
105639.518290,-0.538026422,0.0239827674,0.0382019242,0.0382019242,4.18381041,787,68.6764691,0.506
105639.528317,-0.534903049,0.0238364978,0.0408128325,0.0408128325,4.18916689,787,67.1928755,0.506
105639.538345,-0.537826994,0.0165180714,0.0417541096,0.0417541096,4.19455375,787,61.7857276,0.506
105639.548373,-0.543028514,0.00920469426,0.0463155181,0.0463155181,4.19999288,787,66.0498561,0.506
105639.558400,-0.538057386,0.00930753893,0.0561103855,0.0561103855,4.20538229,785,73.3039586,0.506
105639.568428,-0.533839312,0.0125386594,0.0644354418,0.0644354418,4.21073038,785,73.9832088,0.506
105639.578455,-0.530173834,0.016308722,0.0718023785,0.0718023785,4.21604159,785,70.5166144,0.506
105639.588483,-0.526758727,0.0174985286,0.0784828249,0.0784828249,4.2213196,785,71.9509638,0.506
105639.598510,-0.524133028,0.016893484,0.0846383667,0.0846383667,4.22657124,785,71.776274,0.506
105639.608538,-0.523061313,0.0149858221,0.0903774048,0.0903774048,4.23181299,785,71.7075928,0.506
105639.618565,-0.524524128,0.0116975261,0.0957737449,0.0957737449,4.23706893,785,68.4946115,0.506
105639.628593,-0.527384915,0.00827185681,0.100883327,0.100883327,4.24235393,785,69.4848217,0.506
105639.638620,-0.531088701,0.00671674112,0.105746731,0.105746731,4.24767528,785,64.7257769,0.506
105639.648648,-0.534736816,0.00698377398,0.110397409,0.110397409,4.25303347,785,61.5865971,0.506
105639.658675,-0.501473278,0.023697564,0.0560699263,0.0560699263,4.2580611,787,66.7858307,0.506
105639.668703,-0.501618073,0.0263689155,0.0502159534,0.0502159534,4.26309096,787,69.0177446,0.506
105639.678730,-0.496575907,0.0358905558,0.0462024598,0.0462024598,4.26807083,787,69.1034097,0.506
105639.688758,-0.488242615,0.0462228414,0.0408831034,0.0408831034,4.27296944,787,72.2970565,0.506
105639.698786,-0.486960074,0.0409428661,0.0415582827,0.0415582827,4.27785571,787,74.0667202,0.506
105639.708813,-0.478320853,0.0210212348,0.0371808117,0.0371808117,4.28265472,787,74.5873591,0.506
105639.718841,-0.466800811,0.0312119921,0.0350060797,0.0350060797,4.28734076,787,71.3368017,0.506
105639.728868,-0.468719847,0.047626395,0.0369973439,0.0369973439,4.29204726,787,73.3779544,0.506
105639.738896,-0.471421782,0.0608647122,0.0383342017,0.0383342017,4.29678337,787,72.2226306,0.506
105639.748923,-0.469349966,0.0691340883,0.0424163409,0.0424163409,4.30150082,787,75.2321481,0.506
105639.758951,-0.466156772,0.0670950887,0.0432519178,0.0432519178,4.3061882,787,74.1908498,0.506
105639.768978,-0.46030326,0.0622551021,0.0466410986,0.0466410986,4.3108174,787,76.61925,0.506
105639.779006,-0.45574775,0.0500176876,0.0487427951,0.0487427951,4.31540029,787,90.0904295,0.506
105639.789033,-0.452659288,0.0225147212,0.0475815533,0.0475815533,4.31994655,787,94.5472298,0.506
105639.799061,-0.457466572,0.00553013052,0.0491411497,0.0491411497,4.32453726,787,91.9575679,0.506
105639.809089,-0.462157596,0.0161022698,0.0472110412,0.0472110412,4.32917677,787,89.8064925,0.506
105639.819116,-0.464397312,0.045195344,0.0484122324,0.0484122324,4.33384458,787,87.5917542,0.506
105639.829144,-0.462511685,0.0781107251,0.0458554144,0.0458554144,4.33850285,787,84.7380923,0.506
105639.839171,-0.465840474,0.0910811362,0.0440079851,0.0440079851,4.34319915,787,75.2244774,0.506
105639.849199,-0.46187305,0.0856830655,0.0463319487,0.0463319487,4.34785721,787,75.6490904,0.506
105639.859226,-0.466778922,0.0548270632,0.0460611879,0.0460611879,4.35255494,787,75.6885391,0.506
105639.869254,-0.468707392,0.0234188771,0.0462493708,0.0462493708,4.35726204,787,83.5733097,0.506
105639.879281,-0.480302799,-0.00410249654,0.0399316439,0.0399316439,4.36207449,787,86.0542309,0.506
105639.889309,-0.496524874,-0.00463739659,0.0337044276,0.0337044276,4.36704839,787,84.5916765,0.506
105639.899336,-0.491571718,0.0126203163,0.0365475647,0.0365475647,4.3719783,787,87.3041737,0.506
105639.909364,-0.496659898,0.0174137984,0.0354338297,0.0354338297,4.37696074,787,90.454954,0.506
105639.919392,-0.497464562,-0.000507107775,0.0370234649,0.0370234649,4.38194551,787,84.558968,0.506
105639.929419,-0.495710135,-0.0110277359,0.0377285852,0.0377285852,4.38690928,787,85.2585301,0.506
105639.939447,-0.482534897,-0.0218864985,0.0412128083,0.0412128083,4.39173992,787,87.6863258,0.506
105639.949474,-0.469934625,-0.022635977,0.0426604038,0.0426604038,4.39644533,787,86.2337362,0.506
105639.959502,-0.441515749,-0.025593844,0.0399452729,0.0399452729,4.40086884,787,78.0609727,0.506
105639.969529,-0.423843201,-0.028487794,0.0405017932,0.0405017932,4.40511626,787,69.8166742,0.506
105639.979557,-0.417090327,-0.0360310013,0.0415920141,0.0415920141,4.40929587,787,81.9952757,0.506
105639.989585,-0.419004115,-0.0411517374,0.0474019265,0.0474019265,4.41349414,787,89.8084479,0.506
105639.999612,-0.420237476,-0.0438609258,0.0570107732,0.0570107732,4.41770463,785,92.0504238,0.506
105640.009640,-0.420940656,-0.0477578045,0.0652213698,0.0652213698,4.42192286,785,103.09065,0.506
105640.019667,-0.420158508,-0.0512543107,0.0725088604,0.0725088604,4.42613354,785,99.5453728,0.506
105640.029695,-0.418569774,-0.0531524873,0.0791299367,0.0791299367,4.43032988,785,100.751591,0.506
105640.039722,-0.416843435,-0.0533094612,0.0852388195,0.0852388195,4.43450992,785,92.7693335,0.506
105640.049750,-0.415090658,-0.0520989484,0.0909398782,0.0909398782,4.43867428,785,90.7749314,0.506
105640.059777,-0.4135941,-0.0496038981,0.0963045397,0.0963045397,4.4428246,785,85.9172715,0.506
105640.069805,-0.412351002,-0.0466307747,0.101387229,0.101387229,4.44696405,785,78.0462128,0.506
105640.079833,-0.476719987,-0.0144651477,0.05726751,0.05726751,4.4517438,787,76.6601523,0.506
105640.089860,-0.48608377,0.000911458508,0.0530781953,0.0530781953,4.45661637,787,77.6136931,0.506
105640.099888,-0.491786378,0.0187226606,0.050307481,0.050307481,4.46154645,787,81.1821244,0.506
105640.109915,-0.49907147,0.04809745,0.0437652503,0.0437652503,4.46654963,787,85.2794494,0.506
105640.119943,-0.502982774,0.056277834,0.0407007189,0.0407007189,4.47159361,787,94.3719267,0.506
105640.129970,-0.501600341,0.0695050196,0.0353717046,0.0353717046,4.47662578,787,93.1250105,0.506
105640.139998,-0.496042054,0.0711656236,0.035909393,0.035909393,4.48160527,787,89.1882106,0.506
105640.150026,-0.493303752,0.0591584385,0.0383734972,0.0383734972,4.48655764,787,76.0097795,0.506
105640.160053,-0.501624716,0.0409814511,0.0386738487,0.0386738487,4.49159037,787,82.8899748,0.506
105640.170081,-0.516540636,0.0437409213,0.0396293587,0.0396293587,4.49677266,787,84.9158838,0.506
105640.180108,-0.525535921,0.0611409215,0.0360311071,0.0360311071,4.5020476,787,85.0110369,0.506
105640.190136,-0.53838615,0.0588197048,0.0366090315,0.0366090315,4.5074513,787,83.3097284,0.506
105640.200163,-0.542818466,0.0535175052,0.0369840697,0.0369840697,4.51289828,787,81.3991161,0.506
105640.210191,-0.526879536,0.0546717854,0.0377630957,0.0377630957,4.51818869,787,72.8418834,0.506
105640.220219,-0.516510266,0.0487415489,0.0416379981,0.0416379981,4.52337543,787,73.2181516,0.506
105640.230246,-0.512237045,0.0232490603,0.0406411004,0.0406411004,4.52851293,787,83.2973422,0.506
105640.240274,-0.512328131,-0.00308408006,0.0404457562,0.0404457562,4.53364501,787,83.4643679,0.506
105640.250301,-0.517100079,-0.0351607185,0.0374795001,0.0374795001,4.53881626,787,87.5160816,0.506
105640.260329,-0.52948654,-0.0428806917,0.0369718187,0.0369718187,4.54411029,787,74.656672,0.506
105640.270357,-0.538878875,-0.048558618,0.0424403835,0.0424403835,4.54949776,787,71.4392211,0.506
105640.280384,-0.559550804,-0.0485751839,0.0451695536,0.0451695536,4.55509142,787,67.5781202,0.506
105640.290412,-0.564412098,-0.0573298627,0.0551689398,0.0551689398,4.56073415,785,74.505437,0.506
105640.300439,-0.57052155,-0.062491839,0.063616364,0.063616364,4.56643826,785,83.0285595,0.506
105640.310467,-0.576978936,-0.0637222949,0.0710688287,0.0710688287,4.57220902,785,85.2410994,0.506
105640.320494,-0.582740277,-0.0616464308,0.0778114461,0.0778114461,4.57803859,785,86.0633917,0.506
105640.330522,-0.588560848,-0.0544740395,0.0840164816,0.0840164816,4.58392865,785,86.3678161,0.506
105640.340550,-0.568939331,0.0140007905,0.0625186478,0.0625186478,4.5896272,787,82.6728983,0.506
105640.350577,-0.543485445,0.0545798706,0.0504787309,0.0504787309,4.59507483,787,74.9964987,0.506
105640.360605,-0.537373137,0.0650049024,0.0495864501,0.0495864501,4.60046431,787,83.218057,0.506
105640.370632,-0.540314195,0.0449264543,0.0496743217,0.0496743217,4.60588186,787,80.9741533,0.506
105640.380660,-0.53572021,0.0162118777,0.0446406078,0.0446406078,4.61125185,787,88.2590113,0.506
105640.390688,-0.532820676,-0.00470717522,0.0433684017,0.0433684017,4.61659096,787,87.534362,0.506
105640.400715,-0.536002242,-0.00665427096,0.0419954012,0.0419954012,4.62196104,787,91.9804536,0.506
105640.410743,-0.543088874,0.00283641621,0.0465333935,0.0465333935,4.62740304,787,90.1991606,0.506
105640.420770,-0.547658625,0.00187442369,0.0562903681,0.0562903681,4.63288985,785,98.195192,0.506
105640.430798,-0.55147813,0.000949628653,0.0645922717,0.0645922717,4.63841514,785,94.0107974,0.506
105640.440826,-0.553822681,0.000261380179,0.0719439186,0.0719439186,4.64396375,785,93.7115072,0.506
105640.450853,-0.554511189,0.00115639783,0.0786117293,0.0786117293,4.64951883,785,95.6195829,0.506
105640.460881,-0.553498493,0.00365077698,0.0847584112,0.0847584112,4.65506472,785,89.3074599,0.506
105640.470908,-0.586236342,0.0270368938,0.0617082539,0.0617082539,4.66093735,787,87.492795,0.506
105640.480936,-0.616549358,0.0257594819,0.0474183483,0.0474183483,4.66711172,787,107.075515,0.506
105640.490964,-0.640265009,0.0446715028,0.0387893483,0.0387893483,4.67352411,787,99.2691456,0.506
105640.500991,-0.626914339,0.072189507,0.0324988611,0.0324988611,4.6798079,849,81.7925341,0.506
105640.511019,-0.62597675,0.0975135531,0.0392029232,0.0392029232,4.68608911,787,84.4890122,0.506
105640.521046,-0.618522692,0.107044904,0.0455741289,0.0455741289,4.69230078,787,92.5700135,0.506
105640.531074,-0.617435787,0.111288741,0.0555007441,0.0555007441,4.69850687,785,100.145855,0.506
105640.541102,-0.614881338,0.114325091,0.0639051518,0.0639051518,4.70469213,785,92.612565,0.506
105640.551129,-0.6106224,0.114089613,0.0713267824,0.0713267824,4.71083814,785,74.1846559,0.506
105640.561157,-0.560100675,0.0262275632,0.0544987637,0.0544987637,4.71645692,787,95.1465391,0.506
105640.571184,-0.547650408,-0.00722589861,0.0415570389,0.0415570389,4.72194092,787,96.5988952,0.506
105640.581212,-0.567434651,0.00436553081,0.0362578031,0.0362578031,4.72762566,787,96.0647553,0.506
105640.591240,-0.588655254,0.0122717514,0.0389322018,0.0389322018,4.73352359,787,91.8235319,0.506
105640.601267,-0.611502605,0.0293476565,0.0401632881,0.0401632881,4.73965308,787,92.7383569,0.506
105640.611295,-0.620496615,0.0308729927,0.0455850044,0.0455850044,4.74587311,787,101.233038,0.506
105640.621322,-0.618745851,0.0298064124,0.0555087773,0.0555087773,4.75207504,785,98.4959751,0.506
105640.631350,-0.617603254,0.0327309064,0.0639121411,0.0639121411,4.7582674,785,93.6812847,0.506
105640.641378,-0.617906732,0.0376930708,0.0713337687,0.0713337687,4.76446463,785,97.70461,0.506
105640.651405,-0.618145514,0.0421711552,0.0780535827,0.0780535827,4.77066539,785,85.1490074,0.506
105640.661433,-0.515146634,0.020899633,0.0504249479,0.0504249479,4.77583769,787,98.6330399,0.506
105640.671460,-0.49110809,0.0202523779,0.0328277589,0.0328277589,4.78077068,849,87.7143172,0.506
105640.681488,-0.492841695,0.0107960984,0.0393325449,0.0393325449,4.78571805,787,89.7394159,0.506
105640.691516,-0.500597764,0.00961862823,0.0457661929,0.0457661929,4.79074193,787,93.4446564,0.506
105640.701543,-0.498250136,0.00549806126,0.0556578163,0.0556578163,4.79574059,785,94.2757212,0.506
105640.711571,-0.495045199,0.000641920093,0.0640417955,0.0640417955,4.80070633,785,93.1263451,0.506
105640.721599,-0.492463232,-0.00406249411,0.0714500923,0.0714500923,4.80564495,785,88.4651697,0.506
105640.731626,-0.491337057,-0.0089734259,0.078159973,0.078159973,4.81057043,785,88.3328861,0.506
105640.741654,-0.49081148,-0.0150859852,0.0843394743,0.0843394743,4.8154895,785,82.7021142,0.506
105640.751681,-0.491199606,-0.0197038523,0.0900966728,0.0900966728,4.82041085,785,76.7435649,0.506
105640.761709,-0.561725948,0.0190478627,0.0626127387,0.0626127387,4.82604392,787,90.3233162,0.506
105640.771737,-0.581434442,0.0559991033,0.0472915691,0.0472915691,4.83188355,787,89.8582099,0.506
105640.781764,-0.579683657,0.0797765976,0.0419061676,0.0419061676,4.83771348,787,93.4193543,0.506
105640.791792,-0.568879779,0.0681247221,0.0357241805,0.0357241805,4.84343423,787,88.3236365,0.506
105640.801820,-0.558191448,0.0653422042,0.0331577925,0.0331577925,4.84904886,787,85.932417,0.506
105640.811847,-0.556596227,0.0548385937,0.034276105,0.034276105,4.85464398,787,84.0736184,0.506
105640.821875,-0.564301917,0.0357906026,0.034486271,0.034486271,4.86030933,787,86.9767126,0.506
105640.831902,-0.582803231,0.0271837753,0.0339352423,0.0339352423,4.86615453,787,87.4277162,0.506
105640.841930,-0.591767119,0.02218662,0.032356681,0.032356681,4.87208745,787,89.4955268,0.506
105640.851958,-0.588332257,0.0366457506,0.0341841432,0.0341841432,4.87799192,787,80.0919806,0.506
105640.861985,-0.585981304,0.0403229385,0.0389681542,0.0389681542,4.88387408,787,77.853584,0.506
105640.872013,-0.570311698,0.0580631992,0.0399119213,0.0399119213,4.88960866,787,73.4562055,0.506
105640.882040,-0.557855026,0.0599616908,0.0420101713,0.0420101713,4.89522039,787,71.9228795,0.506
105640.892068,-0.566851278,0.0392653768,0.0426892611,0.0426892611,4.90091364,787,72.0125752,0.506
105640.902096,-0.587181124,0.0304591292,0.0418003628,0.0418003628,4.90680495,787,76.6768789,0.506
105640.912123,-0.599251431,0.0262250531,0.0458647634,0.0458647634,4.9128137,787,78.6895074,0.506
105640.922151,-0.606582716,0.0227692884,0.0497712418,0.0497712418,4.91889443,787,63.7099296,0.506
105640.932179,-0.609852106,0.0194440815,0.0589965302,0.0589965302,4.92500632,785,75.186271,0.506
105640.942206,-0.613326795,0.0155670038,0.0669635068,0.0669635068,4.93115058,785,74.9472144,0.506
105640.952234,-0.616494657,0.00974592783,0.0740806112,0.0740806112,4.93732466,785,71.7673696,0.506
105640.962262,-0.618132762,0.00285746428,0.0805727407,0.0805727407,4.94351242,785,70.6703552,0.506
105640.972289,-0.61841224,-0.00389249026,0.0865800247,0.0865800247,4.94969999,785,79.3371871,0.506
105640.982317,-0.618088446,-0.00922489567,0.092198389,0.092198389,4.95588335,785,82.1706934,0.506
105640.992344,-0.616744924,-0.0122485135,0.0974940876,0.0974940876,4.96205216,785,85.775928,0.506
105641.002372,-0.614320965,-0.0121019581,0.102518122,0.102518122,4.96819814,785,82.1970076,0.506
105641.012400,-0.56666852,0.0171619814,0.0613056757,0.0613056757,4.97388203,787,77.0434418,0.506
105641.022427,-0.542574782,0.022147814,0.0450049135,0.0450049135,4.97932808,787,80.6498303,0.506
105641.032455,-0.525439925,0.0316916604,0.0400424092,0.0400424092,4.98460805,787,80.9076459,0.506
105641.042483,-0.508829973,0.0184495899,0.0343975741,0.0343975741,4.98971841,787,75.34176,0.506
105641.052510,-0.504688966,0.0237982417,0.0381703168,0.0381703168,4.99478901,787,70.5841685,0.506
105641.062538,-0.509461228,0.0242132455,0.0432491936,0.0432491936,4.99990754,787,73.2161263,0.506
105641.072566,-0.507723003,0.0267633688,0.0464401082,0.0464401082,5.00500968,787,85.0619958,0.506
105641.082593,-0.505636901,0.0293353688,0.056213251,0.056213251,5.01009152,785,91.2770316,0.506
105641.092621,-0.502168369,0.0316681882,0.0645250474,0.0645250474,5.01514027,785,88.5323161,0.506
105641.102649,-0.496855515,0.0339884967,0.0718835263,0.0718835263,5.02013715,785,90.5966868,0.506
105641.112676,-0.490525999,0.0359701603,0.0785563977,0.0785563977,5.0250715,785,85.072286,0.506
105641.122704,-0.48480379,0.0365623807,0.0847070231,0.0847070231,5.02994978,785,78.4658914,0.506
105641.132731,-0.478718075,0.0354112052,0.0904409017,0.0904409017,5.03476674,785,80.4375967,0.506
105641.142759,-0.557614709,0.0275009784,0.0562737021,0.0562737021,5.0403637,787,68.6836373,0.506
105641.152787,-0.573591141,0.0260904643,0.0474036393,0.0474036393,5.04611864,787,85.9492666,0.506
105641.162814,-0.582048482,0.0466990292,0.0382237772,0.0382237772,5.05196535,787,79.4409212,0.506
105641.172842,-0.573203694,0.0605792219,0.0330590105,0.0330590105,5.057731,787,72.165059,0.506
105641.182870,-0.571751801,0.0521668829,0.0390922842,0.0390922842,5.06347911,787,65.0884392,0.506
105641.192897,-0.573214662,0.0433683203,0.0431280577,0.0431280577,5.06923759,787,71.5197654,0.506
105641.202925,-0.574720265,0.0415611893,0.0535099893,0.0535099893,5.07501095,785,71.7483537,0.506
105641.212953,-0.578575779,0.0413351015,0.0621837598,0.0621837598,5.08082259,785,67.0453255,0.506
105641.222980,-0.584707159,0.0437612075,0.0697884776,0.0697884776,5.08669571,785,63.2317421,0.506
105641.233008,-0.590476281,0.0462173093,0.0766442825,0.0766442825,5.09262795,785,68.9969323,0.506
105641.243036,-0.593505667,0.0455066236,0.082936465,0.082936465,5.0985901,785,73.8105104,0.506
105641.253063,-0.594561709,0.043444627,0.0887844041,0.0887844041,5.10456135,785,78.8262931,0.506
105641.263091,-0.596015945,0.0413093361,0.0942718988,0.0942718988,5.11054676,785,78.5359726,0.506
105641.273119,-0.597617507,0.0389140158,0.0994581176,0.0994581176,5.11654703,785,76.953011,0.506
105641.283146,-0.597584405,0.0373006823,0.104387492,0.104387492,5.12254572,785,70.6603102,0.506
105641.293174,-0.596224212,0.0359590505,0.109095767,0.109095767,5.12853096,785,64.6751468,0.506
105641.303202,-0.515206597,0.0163226641,0.0648181027,0.0648181027,5.13370323,787,73.2296421,0.506
105641.313229,-0.484273805,0.00722781924,0.0484280334,0.0484280334,5.1385638,787,77.0433825,0.506
105641.323257,-0.45528806,-0.00525725334,0.0338640226,0.0338640226,5.14313144,787,76.9069229,0.506
105641.333285,-0.455424877,-0.0162203893,0.0383186123,0.0383186123,5.14769546,787,83.2300063,0.506
105641.343312,-0.456463933,-0.0130703949,0.0440214208,0.0440214208,5.15227104,787,87.0182205,0.506
105641.353340,-0.454150836,-0.0154811434,0.0542328526,0.0542328526,5.15682331,785,91.0868257,0.506
105641.363367,-0.451210099,-0.0184335791,0.0628062826,0.0628062826,5.16134499,785,92.7487432,0.506
105641.373395,-0.447365371,-0.0213137911,0.0703446036,0.0703446036,5.16582812,785,87.7737913,0.506
105641.383423,-0.443188148,-0.0230835284,0.0771511474,0.0771511474,5.1702695,785,83.8527033,0.506
105641.393450,-0.439539061,-0.0227526342,0.0834046398,0.0834046398,5.17467476,785,91.6278964,0.506
105641.403478,-0.437189442,-0.0207561205,0.0892225807,0.0892225807,5.17905824,785,93.0839618,0.506
105641.413506,-0.435589913,-0.0181430925,0.0946847772,0.0946847772,5.18342705,785,82.9520935,0.506
105641.423533,-0.49259727,0.0296824819,0.0632407324,0.0632407324,5.18837777,787,89.9567972,0.506
105641.433561,-0.504379374,0.0459831685,0.0524542239,0.0524542239,5.19345175,787,83.8931617,0.506
105641.443589,-0.51429244,0.0606520286,0.0445192368,0.0445192368,5.19862983,787,83.7356449,0.506
105641.453616,-0.516405743,0.0608713361,0.0442093374,0.0442093374,5.20382904,787,90.1923544,0.506
105641.463644,-0.526556748,0.0600211103,0.0412007862,0.0412007862,5.20912971,787,80.3492642,0.506
105641.473672,-0.536780281,0.0631693136,0.0419673937,0.0419673937,5.21453366,787,79.2816517,0.506
105641.483699,-0.548734276,0.0668459689,0.0408302444,0.0408302444,5.22005787,787,72.7384328,0.506
105641.493727,-0.560218326,0.0674093549,0.0378361774,0.0378361774,5.22569751,787,74.8137493,0.506
105641.503755,-0.563094811,0.0622319857,0.0391295995,0.0391295995,5.23136394,787,73.2806231,0.506
105641.513783,-0.558233028,0.0569989695,0.0378718247,0.0378718247,5.23698018,787,70.7656745,0.506
105641.523810,-0.555899884,0.0498413348,0.0401761769,0.0401761769,5.24256961,787,72.2909613,0.506
105641.533838,-0.55952129,0.0430730029,0.0409917104,0.0409917104,5.24819239,787,73.8468,0.506
105641.543866,-0.548260006,0.0475032218,0.0397501042,0.0397501042,5.25370585,787,69.6550467,0.506
105641.553893,-0.53829113,0.049659484,0.0418859255,0.0418859255,5.25912118,787,72.941541,0.506
105641.563921,-0.535218974,0.0427835906,0.0402750709,0.0402750709,5.26450323,787,72.6834148,0.506
105641.573949,-0.534472293,0.0312105381,0.0407106684,0.0407106684,5.26987197,787,85.8054268,0.506
105641.583976,-0.533611734,0.0260724071,0.0390871044,0.0390871044,5.27522899,787,79.8595927,0.506
105641.594004,-0.534936573,0.0346399088,0.036116649,0.036116649,5.28060411,787,78.60367,0.506
105641.604032,-0.538293369,0.0340119465,0.0374000823,0.0374000823,5.2860122,787,79.0030765,0.506
105641.614059,-0.53742337,0.0280028618,0.0368977224,0.0368977224,5.29140802,787,82.2371682,0.506
105641.624087,-0.538979934,0.0106105117,0.0386783102,0.0386783102,5.29681084,787,84.5080417,0.506
105641.634115,-0.536874586,-0.0111493928,0.038346359,0.038346359,5.30218195,787,87.0809272,0.506
105641.644142,-0.543727207,-0.012708916,0.0386313729,0.0386313729,5.30762026,787,75.4422381,0.506
105641.654170,-0.546219953,-0.00643159986,0.0434459718,0.0434459718,5.31308737,787,73.3947432,0.506
105641.664198,-0.550113191,0.0316520021,0.0439629668,0.0439629668,5.3186113,787,77.4586677,0.506
105641.674225,-0.552397915,0.0650385755,0.0456894449,0.0456894449,5.32417348,787,75.2946353,0.506
105641.684253,-0.541208933,0.0719797309,0.0454406424,0.0454406424,5.32962931,787,75.9084148,0.506
105641.694281,-0.523968245,0.0623079237,0.0436664607,0.0436664607,5.3349099,787,77.3953014,0.506
105641.704308,-0.517988277,0.0313064635,0.0445037155,0.0445037155,5.34011483,787,83.9323586,0.506
105641.714336,-0.498280365,0.00912939046,0.0369462743,0.0369462743,5.34511337,787,90.163124,0.506
105641.724364,-0.491061586,0.00757044316,0.0329759471,0.0329759471,5.35003956,787,88.7777031,0.506
105641.734391,-0.528657114,0.0279212608,0.0337705422,0.0337705422,5.35534832,787,83.6016873,0.506
105641.744419,-0.555053606,0.0460624208,0.0347579165,0.0347579165,5.3609286,787,84.7135672,0.506
105641.754447,-0.556642558,0.0669234304,0.0329196322,0.0329196322,5.36653572,787,79.3412116,0.506
105641.764475,-0.556022945,0.0545084219,0.0327441623,0.0327441623,5.37213057,787,72.4718747,0.506
105641.774502,-0.532622243,0.0543411978,0.0352991238,0.0352991238,5.37749304,787,77.7235018,0.506
105641.784530,-0.527910719,0.0533068683,0.0347687563,0.0347687563,5.382809,787,75.8183848,0.506
105641.794558,-0.528141103,0.0275527944,0.0361095507,0.0361095507,5.38811306,787,75.8747858,0.506
105641.804585,-0.534854415,0.0099889392,0.0344870241,0.0344870241,5.39347347,787,76.5608992,0.506
105641.814613,-0.526291528,0.0170900342,0.0331420782,0.0331420782,5.3987535,787,78.1448752,0.506
105641.824641,-0.521846116,0.0484338904,0.035135304,0.035135304,5.40400652,787,70.540219,0.506
105641.834668,-0.527712789,0.0663526382,0.0327256155,0.0327256155,5.40932732,787,73.6976871,0.506
105641.844696,-0.538459456,0.0554946833,0.0334962841,0.0334962841,5.41474942,787,71.986199,0.506
105641.854724,-0.537554829,0.0571100297,0.0360189681,0.0360189681,5.42016372,787,65.2740533,0.506
105641.864752,-0.547372888,0.0423187692,0.0377711387,0.0377711387,5.42566689,787,64.1331739,0.506
105641.874779,-0.540790612,0.0370368182,0.041004695,0.041004695,5.43110124,787,68.495738,0.506
105641.884807,-0.528130996,0.0441665983,0.0406573839,0.0406573839,5.43641488,787,60.6007986,0.506
105641.894835,-0.518825,0.0463316534,0.0435889117,0.0435889117,5.44163762,787,66.3200563,0.506
105641.904862,-0.519955731,0.0402994507,0.0451487143,0.0451487143,5.44686747,787,61.9938116,0.506
105641.914890,-0.52527603,0.0372206278,0.0428390458,0.0428390458,5.45214872,787,65.6262464,0.506
105641.924918,-0.535422429,0.0395429931,0.0445824244,0.0445824244,5.45753192,787,61.9628558,0.506
105641.934945,-0.541680608,0.0484080813,0.0439444945,0.0439444945,5.46298203,787,61.8893437,0.506
105641.944973,-0.543601315,0.0456349998,0.0474107298,0.0474107298,5.46845011,787,63.7921906,0.506
105641.955001,-0.542556234,0.0429396413,0.0493745415,0.0493745415,5.47390623,787,70.9959787,0.506
105641.965029,-0.54326405,0.0381717649,0.0475477131,0.0475477131,5.47936646,787,58.6326835,0.506
105641.975056,-0.545105948,0.0380131887,0.0495395396,0.0495395396,5.48484431,787,65.4676572,0.506
105641.985084,-0.542063662,0.0341180431,0.0482499941,0.0482499941,5.49029017,787,61.4430016,0.506
105641.995112,-0.540061691,0.0299458106,0.0499087588,0.0499087588,5.49571362,787,59.8777489,0.506
105642.005139,-0.534468433,0.0299486172,0.050074964,0.050074964,5.50108111,787,60.664895,0.506
105642.015167,-0.529830508,0.0308375665,0.0471277271,0.0471277271,5.50640373,787,62.4240883,0.506
105642.025195,-0.523942149,0.0260691304,0.0475278309,0.0475278309,5.51166505,787,63.7015289,0.506
105642.035222,-0.495914606,0.0187076323,0.0433636224,0.0433636224,5.51664359,787,57.5113318,0.506
105642.045250,-0.482824901,-0.005907652,0.0456857571,0.0456857571,5.52147804,787,76.4402479,0.506
105642.055278,-0.487056679,-0.0183335281,0.0476672665,0.0476672665,5.52634754,787,79.9925568,0.506
105642.065306,-0.491398314,-0.0101477302,0.047652688,0.047652688,5.53126542,787,84.4709942,0.506
105642.075333,-0.491818411,-0.00974526733,0.0572197703,0.0572197703,5.53618765,785,83.9164039,0.506
105642.085361,-0.492879735,-0.00958608576,0.0654045323,0.0654045323,5.54112141,785,91.1570369,0.506
105642.095389,-0.49408219,-0.0123907618,0.072674806,0.072674806,5.54606604,785,87.3526558,0.506
105642.105416,-0.496672137,-0.0166939549,0.0792818788,0.0792818788,5.55103414,785,86.9243572,0.506
105642.115444,-0.501314639,-0.0214945447,0.085380829,0.085380829,5.556047,785,93.9792708,0.506
105642.125472,-0.506964806,-0.0256807893,0.0910732157,0.0910732157,5.56111467,785,89.6444979,0.506
105642.135500,-0.513113264,-0.0297399496,0.0964310875,0.0964310875,5.56624236,785,87.2163532,0.506
105642.145527,-0.520496003,-0.0324701978,0.101506988,0.101506988,5.5714426,785,76.3701284,0.506
105642.155555,-0.528360119,-0.0320367955,0.106342293,0.106342293,5.57672268,785,72.1401052,0.506
105642.165583,-0.535594988,-0.0294839033,0.110968028,0.110968028,5.58207663,785,68.0319056,0.506
105642.175611,-0.542382628,-0.0243131356,0.115409418,0.115409418,5.58750083,785,63.8141521,0.506
105642.185638,-0.548742551,-0.0173713616,0.119686619,0.119686619,5.59299087,785,78.5086484,0.506
105642.195666,-0.607217919,0.0496555134,0.0591149775,0.0591149775,5.59908637,787,79.6767038,0.506
105642.205694,-0.608592153,0.0669259324,0.0409275524,0.0409275524,5.60520257,787,78.0083222,0.506
105642.215721,-0.593825397,0.0599842658,0.0370926755,0.0370926755,5.61116972,787,75.6011166,0.506
105642.225749,-0.600623118,0.0410006319,0.0340477937,0.0340477937,5.61719771,787,71.3056182,0.506
105642.235777,-0.583108871,0.0345541605,0.0345156061,0.0345156061,5.62304952,787,71.8172908,0.506
105642.245805,-0.574753395,0.0418154715,0.0366887827,0.0366887827,5.6288216,787,70.7964368,0.506
105642.255832,-0.584430371,0.0132287382,0.0354410516,0.0354410516,5.63467731,787,65.3219495,0.506
105642.265860,-0.595256259,0.000207370359,0.0401428883,0.0401428883,5.64063585,787,62.045336,0.506
105642.275888,-0.60466695,-0.00166182581,0.0446816849,0.0446816849,5.64668734,787,52.2479034,0.506
105642.285915,-0.619698896,0.0262493981,0.0466191543,0.0466191543,5.65289864,787,65.0793388,0.506
105642.295943,-0.632929342,0.056243552,0.0479890735,0.0479890735,5.65925402,787,67.5943063,0.506
105642.305971,-0.64348363,0.0831096483,0.0428272934,0.0428272934,5.66572596,787,68.7187018,0.506
105642.315999,-0.647519225,0.0789409582,0.0445366301,0.0445366301,5.67223739,787,71.2959236,0.506
105642.326026,-0.652367735,0.0639219661,0.047236644,0.047236644,5.67879044,787,74.6426896,0.506
105642.336054,-0.656046042,0.0394028701,0.0475149293,0.0475149293,5.68536984,787,82.1104728,0.506
105642.346082,-0.652719991,0.0204555363,0.0500918689,0.0500918689,5.69190776,787,86.4007665,0.506
105642.356110,-0.641845322,-0.00731559572,0.0481359332,0.0481359332,5.69832556,787,85.6527098,0.506
105642.366137,-0.629972305,-0.0179405232,0.0489964013,0.0489964013,5.70462102,787,88.3515908,0.506
105642.376165,-0.623976179,-0.00771971964,0.048256193,0.048256193,5.71086272,787,85.2621078,0.506
105642.386193,-0.600832271,0.00174583672,0.0419281877,0.0419281877,5.71687918,787,85.1859419,0.506
105642.396221,-0.593736632,-0.0148810174,0.0370344213,0.0370344213,5.72281891,787,90.6686443,0.506
105642.406248,-0.601344719,-0.00389311428,0.0356513674,0.0356513674,5.72883832,787,90.5508772,0.506
105642.416276,-0.608497611,-0.000904720569,0.0392269644,0.0392269644,5.73493077,787,96.4314594,0.506
105642.426304,-0.62437011,0.00575471054,0.0387287169,0.0387287169,5.74118347,787,91.4605111,0.506
105642.436331,-0.638217112,0.0108847268,0.0398924472,0.0398924472,5.74757502,787,88.8180802,0.506
105642.446359,-0.635528273,0.0267158375,0.0385052927,0.0385052927,5.7539465,787,95.3590833,0.506
105642.456387,-0.626870058,0.0375027233,0.0351320028,0.0351320028,5.7602362,787,90.262269,0.506
105642.466415,-0.618522213,0.0332741108,0.0376435753,0.0376435753,5.76644167,787,97.1900943,0.506
105642.476442,-0.617675809,0.0170795759,0.0382117838,0.0382117838,5.77263217,787,91.0804847,0.506
105642.486470,-0.612248219,-0.00183302832,0.0399076618,0.0399076618,5.7787626,787,87.3634393,0.506
105642.496498,-0.606877612,-0.0118326599,0.0378975271,0.0378975271,5.78483648,787,88.328229,0.506
105642.506526,-0.579911947,-0.0075027054,0.0366461429,0.0366461429,5.79064471,787,85.7571451,0.506
105642.516553,-0.573398139,-0.0189772551,0.0412377087,0.0412377087,5.7963842,787,79.8557001,0.506
105642.526581,-0.574264579,-0.031840636,0.0427612636,0.0427612636,5.80212931,787,77.1858461,0.506
105642.536609,-0.573425066,-0.0282898543,0.0468501975,0.0468501975,5.80786801,787,72.9751832,0.506
105642.546637,-0.573745328,-0.0344667368,0.0487703801,0.0487703801,5.81360888,787,70.6881992,0.506
105642.556664,-0.581193707,-0.0340955761,0.0476772461,0.0476772461,5.81942408,787,73.3421624,0.506
105642.566692,-0.584179448,-0.0178622033,0.0484370965,0.0484370965,5.82527438,787,81.9816627,0.506
105642.576720,-0.59897592,0.0103747043,0.0424805519,0.0424805519,5.83127884,787,86.0893837,0.506
105642.586748,-0.606203671,0.0290301248,0.0370354564,0.0370354564,5.83735977,787,88.374755,0.506
105642.596775,-0.590707839,0.0251558951,0.0362366291,0.0362366291,5.84328543,787,82.0031675,0.506
105642.606803,-0.568681685,0.00798219728,0.0391514858,0.0391514858,5.8489887,787,80.3054011,0.506
105642.616831,-0.560384228,-0.00225504989,0.0430681014,0.0430681014,5.85460705,787,82.5402575,0.506
105642.626859,-0.546142121,-0.00435628122,0.0422168477,0.0422168477,5.86008358,787,77.2912748,0.506
105642.636886,-0.543117221,-0.00732244042,0.0431751099,0.0431751099,5.8655289,787,86.5063746,0.506
105642.646914,-0.540173372,-0.00862670336,0.0415932501,0.0415932501,5.87094533,787,79.045497,0.506
105642.656942,-0.540606057,0.000759119839,0.0382338904,0.0382338904,5.87636824,787,80.5531437,0.506
105642.666970,-0.547867,0.0158929286,0.0397381278,0.0397381278,5.88186659,787,78.1204596,0.506
105642.676997,-0.557978246,0.0543646686,0.0375945452,0.0375945452,5.88747368,787,75.6442442,0.506
105642.687025,-0.56320336,0.0736445515,0.0385662101,0.0385662101,5.89313871,787,67.5559418,0.506
105642.697053,-0.555914401,0.072391027,0.041928614,0.041928614,5.89873224,787,66.4609697,0.506
105642.707081,-0.54519331,0.0658003349,0.0432934809,0.0432934809,5.90421848,787,74.0985917,0.506
105642.717108,-0.54092736,0.0517690837,0.0468316875,0.0468316875,5.90965827,787,67.5877272,0.506
105642.727136,-0.522180453,0.0177898265,0.0443694455,0.0443694455,5.91490219,787,68.6796951,0.506
105642.737164,-0.514636767,-0.00983839664,0.0421416202,0.0421416202,5.9200627,787,77.9223374,0.506
105642.747192,-0.526937486,-0.0184678277,0.0379734991,0.0379734991,5.9253429,787,69.7984277,0.506
105642.757219,-0.531144913,-0.00152743464,0.0375077616,0.0375077616,5.93066941,787,67.131125,0.506
105642.767247,-0.540521964,-0.00331042194,0.0413287671,0.0413287671,5.93608906,787,68.3221886,0.506
105642.777275,-0.560804101,-0.00358388559,0.0401458574,0.0401458574,5.94171003,787,69.0003784,0.506
105642.787303,-0.562278454,0.00966587892,0.0402482443,0.0402482443,5.94734927,787,76.8528418,0.506
105642.797331,-0.546022173,0.0139266879,0.036986126,0.036986126,5.9528283,787,69.8813004,0.506
105642.807358,-0.544368044,-0.000329197697,0.0383366824,0.0383366824,5.95828655,787,74.0965551,0.506
105642.817386,-0.542711087,-0.00637257846,0.0395881799,0.0395881799,5.96372738,787,75.2698862,0.506
105642.827414,-0.543787959,-0.00876864039,0.0398070183,0.0398070183,5.96917842,787,67.0261844,0.506
105642.837442,-0.548657135,-0.00807999764,0.0433724648,0.0433724648,5.97467809,787,62.8108526,0.506
105642.847469,-0.555072442,0.00286717319,0.043734827,0.043734827,5.98024359,787,66.9595764,0.506
105642.857497,-0.55258683,0.0223742683,0.0460359566,0.0460359566,5.9857896,787,69.8819974,0.506
105642.867525,-0.548270814,0.0277577885,0.0438878555,0.0438878555,5.9912941,787,69.3480032,0.506
105642.877553,-0.54235833,0.0171158738,0.0403096123,0.0403096123,5.99673732,787,63.1562602,0.506
105642.887580,-0.537903799,0.0234021816,0.0430928457,0.0430928457,6.00213731,787,68.2994682,0.506
105642.897608,-0.541066743,0.0303902991,0.041139834,0.041139834,6.007571,787,67.2750491,0.506
105642.907636,-0.541325322,0.0269324517,0.0415167325,0.0415167325,6.01300641,787,71.3081416,0.506
105642.917664,-0.542568596,0.0336885773,0.0414647633,0.0414647633,6.01845599,787,76.5817471,0.506
105642.927692,-0.542663374,0.044111895,0.0378870307,0.0378870307,6.02390946,787,77.0612214,0.506
105642.937719,-0.529044159,0.0354126404,0.0359180488,0.0359180488,6.02922502,787,78.2096454,0.506
105642.947747,-0.53247867,0.00973211725,0.0337277624,0.0337277624,6.03456791,787,81.1370751,0.506
105642.957775,-0.532323841,0.0135412044,0.0356436376,0.0356436376,6.03991029,787,79.6009668,0.506
105642.967803,-0.5304957,0.00103805991,0.0361958051,0.0361958051,6.04523099,787,73.6200437,0.506
105642.977830,-0.52694235,-0.0110535735,0.0370193418,0.0370193418,6.05051265,787,78.8468144,0.506
105642.987858,-0.530552349,-0.0175095621,0.0412455258,0.0412455258,6.05582916,787,69.1125104,0.506
105642.997886,-0.530383787,-0.0016964668,0.0420885786,0.0420885786,6.06114823,787,68.8552378,0.506
105643.007914,-0.53513173,0.00967409285,0.0443136239,0.0443136239,6.06651728,787,71.0089657,0.506
105643.017941,-0.534221109,0.0190095417,0.044183219,0.044183219,6.07187905,787,76.3325058,0.506
105643.027969,-0.524481394,0.0180860519,0.042447231,0.042447231,6.07714442,787,68.1995181,0.506
105643.037997,-0.517067023,0.015145076,0.0449586862,0.0449586862,6.08233539,787,69.4905287,0.506
105643.048025,-0.506389381,0.0110863644,0.0431218007,0.0431218007,6.08741927,787,69.7658252,0.506
105643.058053,-0.496846067,0.0135510543,0.0448813713,0.0448813713,6.09240896,787,69.5208739,0.506
105643.068080,-0.485286584,0.0210517196,0.0446261892,0.0446261892,6.09728523,787,77.3492896,0.506
105643.078108,-0.475058873,0.00770133647,0.0411224982,0.0411224982,6.10205692,787,71.7853859,0.506
105643.088136,-0.472447343,-0.00172693691,0.0406106679,0.0406106679,6.10680018,787,73.0102287,0.506
105643.098164,-0.459177437,-0.000858690419,0.036167198,0.036167198,6.11141185,787,70.4509803,0.506
105643.108192,-0.458580098,0.00676645973,0.0348435408,0.0348435408,6.11601932,787,64.6328366,0.506
105643.118219,-0.458796535,0.0360780089,0.0343591249,0.0343591249,6.12063558,787,58.1028487,0.506
105643.128247,-0.439920579,0.0402669448,0.0364385624,0.0364385624,6.1250661,787,56.3229284,0.506
105643.138275,-0.441623104,0.0331625175,0.0425608615,0.0425608615,6.12951169,787,56.07779,0.506
105643.148303,-0.444649378,0.0214548318,0.0446159543,0.0446159543,6.13398404,787,60.1871816,0.506
105643.158330,-0.44469547,0.00697779121,0.0475706287,0.0475706287,6.13845226,787,69.5197533,0.506
105643.168358,-0.44204314,-0.00854907801,0.0454661522,0.0454661522,6.14289027,787,74.7957535,0.506
105643.178386,-0.441344348,-0.00783465153,0.0480193891,0.0480193891,6.14732151,787,75.8624573,0.506
105643.188414,-0.443310441,-0.00734316249,0.0502538509,0.0502538509,6.15177234,787,76.0108043,0.506
105643.198442,-0.439500163,-0.00903031386,0.0594043834,0.0594043834,6.1561849,785,72.5558688,0.506
105643.208469,-0.446864113,0.00702123658,0.0546951224,0.0546951224,6.16067392,787,70.2343505,0.506
105643.218497,-0.452683804,0.033865061,0.0486216015,0.0486216015,6.1652276,787,74.293257,0.506
105643.228525,-0.443684108,0.0401508778,0.0483812602,0.0483812602,6.16969364,787,66.9746383,0.506
105643.238553,-0.431807641,0.0275821525,0.0490563454,0.0490563454,6.17403855,787,70.750165,0.506
105643.248581,-0.430045226,0.00527878909,0.0475655154,0.0475655154,6.17835989,787,77.5446986,0.506
105643.258608,-0.442634439,-0.0124967908,0.0479422311,0.0479422311,6.18280096,787,65.5100753,0.506
105643.268636,-0.459194418,-0.0161481451,0.0414379945,0.0414379945,6.18740603,787,64.3808993,0.506
105643.278664,-0.471356163,-0.0100123537,0.039063693,0.039063693,6.19213345,787,58.9998141,0.506
105643.288692,-0.462437819,0.0259976859,0.0379984245,0.0379984245,6.19678093,787,60.8890008,0.506
105643.298720,-0.445047057,0.078819931,0.0335377516,0.0335377516,6.20126942,787,62.8737271,0.506
105643.308747,-0.432067706,0.0916363562,0.0351563423,0.0351563423,6.20563404,787,59.1578453,0.506
105643.318775,-0.445278888,0.0724706112,0.0396592361,0.0396592361,6.21012619,787,58.3251506,0.506
105643.328803,-0.438989827,0.0451706909,0.0436440477,0.0436440477,6.21454786,787,60.710566,0.506
105643.338831,-0.410623902,0.00334730947,0.0422304881,0.0422304881,6.21867414,787,64.5709192,0.506
105643.348859,-0.414177437,-0.0158543522,0.0374724914,0.0374724914,6.22282936,787,72.1356237,0.506
105643.358886,-0.426504625,-0.0133169236,0.0376670811,0.0376670811,6.22710742,787,69.1030316,0.506
105643.368914,-0.45402786,-0.000462885972,0.0363794441,0.0363794441,6.23166305,787,65.2549494,0.506
105643.378942,-0.47509101,0.0089564679,0.0368106389,0.0368106389,6.23643052,787,62.3196819,0.506
105643.388970,-0.477941214,0.0091498546,0.0379679495,0.0379679495,6.24122629,787,62.65623,0.506
105643.398998,-0.479518074,-0.00140061893,0.0378349622,0.0378349622,6.24603458,787,61.0227193,0.506
105643.409025,-0.478876017,-0.0114078092,0.0391304116,0.0391304116,6.25083322,787,65.0840083,0.506
105643.419053,-0.461501703,-0.037019981,0.0369728113,0.0369728113,6.25545326,787,69.0072542,0.506
105643.429081,-0.464444398,-0.0577674109,0.0357473356,0.0357473356,6.26009841,787,73.1104025,0.506
105643.439109,-0.46367624,-0.0533386008,0.0338157352,0.0338157352,6.26473867,787,66.7520952,0.506
105643.449137,-0.479880384,-0.0360498537,0.0345927478,0.0345927478,6.26954455,787,73.6867639,0.506
105643.459164,-0.505883665,-0.0390602533,0.0360012443,0.0360012443,6.27460833,787,62.2977367,0.506
105643.469192,-0.509842643,-0.0215025922,0.0358595993,0.0358595993,6.27971561,787,65.798973,0.506
105643.479220,-0.501814933,-0.00899638567,0.0372619611,0.0372619611,6.28474545,787,72.4716479,0.506
105643.489248,-0.479526834,-0.0180123158,0.0345579574,0.0345579574,6.28955281,787,69.5103147,0.506
105643.499276,-0.485393976,-0.0396036403,0.0338584367,0.0338584367,6.29441583,787,69.2571747,0.506
105643.509303,-0.492254094,-0.0459482499,0.0334999249,0.0334999249,6.29934659,787,71.6904061,0.506
105643.519331,-0.49925365,-0.0396342697,0.0347112839,0.0347112839,6.30434892,787,64.8066998,0.506
105643.529359,-0.498810337,-0.0322565803,0.0383217847,0.0383217847,6.30934814,787,67.1108374,0.506
105643.539387,-0.524392037,-0.0213416369,0.0380105757,0.0380105757,6.31460255,787,71.200906,0.506
105643.549415,-0.533350707,0.00727834393,0.0398561397,0.0398561397,6.3199479,787,74.4576905,0.506
105643.559443,-0.539318664,0.0523924832,0.0363716565,0.0363716565,6.32535598,787,77.7286174,0.506
105643.569470,-0.534290424,0.0549530228,0.0342269928,0.0342269928,6.33071484,787,68.8007197,0.506
105643.579498,-0.533397523,0.0586846673,0.0404148201,0.0404148201,6.33606686,787,68.8936762,0.506
105643.589526,-0.524489501,0.0387438239,0.0433905946,0.0433905946,6.34132876,787,63.8052828,0.506
105643.599554,-0.522577231,0.0130622798,0.046850332,0.046850332,6.34656841,787,67.1775551,0.506
105643.609582,-0.516761812,-0.0167129691,0.0458962985,0.0458962985,6.35174634,787,72.2639207,0.506
105643.619609,-0.512766941,-0.0298515088,0.038898631,0.038898631,6.35688278,787,80.0619283,0.506
105643.629637,-0.500507119,-0.0410211986,0.0375993986,0.0375993986,6.36189742,787,78.179587,0.506
105643.639665,-0.51525583,-0.0428850663,0.0341675114,0.0341675114,6.36705917,787,74.7951905,0.506
105643.649693,-0.523888873,-0.0634383044,0.0334097347,0.0334097347,6.37230637,787,73.2507494,0.506
105643.659721,-0.503267804,-0.070182634,0.0363300605,0.0363300605,6.3773504,787,62.9504259,0.506
105643.669749,-0.492159234,-0.0671361312,0.0402302263,0.0402302263,6.38228612,787,73.9119832,0.506
105643.679776,-0.478957931,-0.0559061065,0.044947817,0.044947817,6.38709173,787,67.4136423,0.506
105643.689804,-0.465813222,-0.0345366455,0.0439871197,0.0439871197,6.39176755,787,72.287494,0.506
105643.699832,-0.457561713,-0.00433898685,0.0443599488,0.0443599488,6.39636047,787,77.1928176,0.506
105643.709860,-0.465347693,0.0151555105,0.0399824411,0.0399824411,6.40102993,787,74.696931,0.506
105643.719888,-0.465707164,0.0395701144,0.0329295901,0.0329295901,6.40570251,787,76.4317508,0.506
105643.729915,-0.462162022,0.0352153519,0.0342978517,0.0342978517,6.41034,787,74.4851069,0.506
105643.739943,-0.449811543,0.00874658936,0.0370189745,0.0370189745,6.41485555,787,77.9846315,0.506
105643.749971,-0.433125255,-0.0105789611,0.0400819217,0.0400819217,6.41920531,787,82.6793137,0.506
105643.759999,-0.437510574,-0.0212568492,0.0406175524,0.0406175524,6.42359861,787,84.0195284,0.506
105643.770027,-0.44575347,-0.0183876102,0.0389784618,0.0389784618,6.42807378,787,81.9224829,0.506
105643.780055,-0.466010685,-0.00597142756,0.0400652016,0.0400652016,6.43274983,787,73.3360182,0.506
105643.790082,-0.482515347,0.0128894051,0.0357330439,0.0357330439,6.43758891,787,76.84067,0.506
105643.800110,-0.4894917,0.0182543459,0.0329544145,0.0329544145,6.44249776,787,81.4873345,0.506
105643.810138,-0.475355363,0.0130693587,0.0330859293,0.0330859293,6.44726637,787,77.3375155,0.506
105643.820166,-0.45334749,0.0105372065,0.0337470836,0.0337470836,6.45181648,787,68.9969917,0.506
105643.830194,-0.43976744,-8.79838543e-05,0.0364792196,0.0364792196,6.45623165,787,74.1174126,0.506
105643.840222,-0.422421149,-0.0115895338,0.0368659052,0.0368659052,6.46047449,787,84.6106349,0.506
105643.850249,-0.426253409,-0.00736779116,0.0410899482,0.0410899482,6.46475484,787,89.01023,0.506
105643.860277,-0.43189692,-0.00350888014,0.042733808,0.042733808,6.46909153,787,90.443242,0.506
105643.870305,-0.442404971,-0.0018437409,0.0468546079,0.0468546079,6.47353243,787,91.000134,0.506
105643.880333,-0.457186673,-0.00642287467,0.0490079428,0.0490079428,6.47812007,787,87.1928716,0.506
105643.890361,-0.473533705,-0.0211783435,0.0464626823,0.0464626823,6.48287019,787,74.0092,0.506
105643.900389,-0.489789698,-0.0279756598,0.0464700257,0.0464700257,6.48778205,787,63.6666608,0.506
105643.910416,-0.501854149,-0.00742529767,0.0421937685,0.0421937685,6.49281277,787,66.6864246,0.506
105643.920444,-0.51560837,0.0171276009,0.0405848985,0.0405848985,6.49797993,787,68.3542129,0.506
105643.930472,-0.510794402,0.0319324918,0.0370833626,0.0370833626,6.50309929,787,71.169029,0.506
105643.940500,-0.499503179,0.0481725027,0.0371127101,0.0371127101,6.5081071,787,67.9706615,0.506
105643.950528,-0.487795364,0.057240863,0.0414771617,0.0414771617,6.51299989,787,64.4617133,0.506
105643.960556,-0.473816519,0.0712672654,0.0426032553,0.0426032553,6.51775593,787,58.3521923,0.506
105643.970583,-0.462687855,0.0758452979,0.0459066623,0.0459066623,6.52240329,787,66.7961302,0.506
105643.980611,-0.467236036,0.0528483523,0.0477354606,0.0477354606,6.52709569,787,64.2867745,0.506
105643.990639,-0.459270537,-0.0109656288,0.0428645557,0.0428645557,6.53170252,787,69.3348755,0.506
105644.000667,-0.476879611,-0.0344252097,0.0375726111,0.0375726111,6.53648209,787,69.8688325,0.506
105644.010695,-0.494789733,-0.0115881287,0.035931466,0.035931466,6.54144181,787,71.2099574,0.506
105644.020723,-0.506866532,0.0333613671,0.0383086755,0.0383086755,6.54652529,787,64.9998889,0.506
105644.030751,-0.527764823,0.0536706747,0.0338146385,0.0338146385,6.55181883,787,67.8787089,0.506
105644.040778,-0.513944006,0.0446199051,0.0338008717,0.0338008717,6.55697447,787,70.4464327,0.506
105644.050806,-0.498402435,0.0200192156,0.0372440119,0.0372440119,6.56197358,787,65.5216368,0.506
105644.060834,-0.48993309,-0.00129025886,0.0351278683,0.0351278683,6.56688584,787,74.2620251,0.506
105644.070862,-0.482876953,-0.00203613151,0.0341736609,0.0341736609,6.57172798,787,63.749493,0.506
105644.080890,-0.463125945,0.00355840284,0.03287129,0.03287129,6.57637472,787,71.726247,0.506
105644.090918,-0.484193852,0.00675944886,0.0327036627,0.0327036627,6.581231,787,67.2110763,0.506
105644.100945,-0.494753689,-0.00256471986,0.0344496056,0.0344496056,6.58619046,787,68.847788,0.506
105644.110973,-0.513178249,-0.00606419586,0.0338856305,0.0338856305,6.59133299,787,73.2525978,0.506
105644.121001,-0.511051429,-0.00563199788,0.0342724986,0.0342724986,6.59645455,787,73.7788521,0.506
105644.131029,-0.512424523,-0.0112562562,0.0337953456,0.0337953456,6.60158924,787,68.06915,0.506
105644.141057,-0.509202338,-0.0392022398,0.0338516468,0.0338516468,6.6066895,787,62.9842898,0.506
105644.151085,-0.50377275,-0.0335878038,0.0384933899,0.0384933899,6.61173705,787,67.6191903,0.506
105644.161113,-0.499652115,-0.0131212464,0.0390175245,0.0390175245,6.61674553,787,63.5811013,0.506
105644.171140,-0.505103402,-0.00787980769,0.0404510105,0.0404510105,6.62180809,787,64.75508,0.506
105644.181168,-0.498927149,0.00877765031,0.0406790438,0.0406790438,6.62681091,787,72.8437151,0.506
105644.191196,-0.492894311,0.0090458015,0.0381157405,0.0381157405,6.63175387,787,72.8060704,0.506
105644.201224,-0.49452229,0.00664362074,0.0386758825,0.0386758825,6.63671286,787,62.8610472,0.506
105644.211252,-0.490305926,0.00244216932,0.0363078092,0.0363078092,6.64162971,787,63.7252119,0.506
105644.221280,-0.486086394,0.00904591927,0.0378088278,0.0378088278,6.64650511,787,65.8237149,0.506
105644.231308,-0.494812152,0.0131618812,0.0365124895,0.0365124895,6.65146745,787,65.193233,0.506
105644.241335,-0.501093201,0.0366919233,0.0382547298,0.0382547298,6.65649362,787,60.6686403,0.506
105644.251363,-0.502369171,0.048250945,0.0388572377,0.0388572377,6.66153458,787,59.7382688,0.506
105644.261391,-0.503028701,0.0293189429,0.0393646302,0.0393646302,6.66658064,787,58.753536,0.506
105644.271419,-0.499123426,0.0134447065,0.0429101729,0.0429101729,6.67158627,787,65.0086924,0.506
105644.281447,-0.485862311,0.00996417915,0.0409042495,0.0409042495,6.67645986,787,63.1912163,0.506
105644.291475,-0.473595046,0.00775753439,0.0409730243,0.0409730243,6.68121138,787,61.8015167,0.506
105644.301503,-0.468298008,0.00289789992,0.0392427236,0.0392427236,6.6859097,787,66.8099994,0.506
105644.311530,-0.457508699,-0.00338874925,0.0348384265,0.0348384265,6.69049968,787,66.7730502,0.506
105644.321558,-0.446489313,-0.0174067808,0.0344496429,0.0344496429,6.69497915,787,70.8122058,0.506
105644.331586,-0.462642141,-0.0487173891,0.0356714537,0.0356714537,6.69961629,787,62.1241822,0.506
105644.341614,-0.465906909,-0.0493107538,0.0423417356,0.0423417356,6.70428688,787,58.1507791,0.506
105644.351642,-0.474626276,-0.0352321049,0.0478109682,0.0478109682,6.70904573,787,63.9476821,0.506
105644.361670,-0.471011784,-0.0290482597,0.0573525423,0.0573525423,6.71376944,785,65.0879008,0.506
105644.371698,-0.493799505,0.0104170249,0.0531312973,0.0531312973,6.71872097,787,63.9412269,0.506
105644.381726,-0.512492856,0.0510311157,0.0461914957,0.0461914957,6.72386017,787,67.1251888,0.506
105644.391753,-0.516867606,0.0870306301,0.0444878374,0.0444878374,6.72904631,787,67.1184735,0.506
105644.401781,-0.509681849,0.104011517,0.0403032645,0.0403032645,6.73416658,787,71.584296,0.506
105644.411809,-0.508651379,0.12406942,0.0385292108,0.0385292108,6.73928397,787,65.2290658,0.506
105644.421837,-0.503952371,0.133490277,0.0435871303,0.0435871303,6.7443622,787,68.9372745,0.506
105644.431865,-0.499283065,0.12270464,0.0454778807,0.0454778807,6.74939715,787,70.1948658,0.506
105644.441893,-0.497789523,0.114522431,0.0484616902,0.0484616902,6.75441951,787,69.6920939,0.506
105644.451921,-0.49439016,0.107896189,0.0486473649,0.0486473649,6.75940977,787,74.9246146,0.506
105644.461948,-0.491145002,0.102275292,0.0457451001,0.0457451001,6.76436849,787,68.2669137,0.506
105644.471976,-0.485409405,0.0956409282,0.0467846548,0.0467846548,6.76927085,787,73.0369355,0.506
105644.482004,-0.47984516,0.0795619503,0.0431110443,0.0431110443,6.77411322,787,73.5493138,0.506
105644.492032,-0.473531161,0.0862369895,0.0421424983,0.0421424983,6.77889741,787,67.5924184,0.506
105644.502060,-0.480740479,0.0859638788,0.0403585473,0.0403585473,6.78375458,787,68.0162529,0.506
105644.512088,-0.480999196,0.10660064,0.0386946283,0.0386946283,6.78862653,787,72.0850497,0.506
105644.522116,-0.472879322,0.104781579,0.0419141058,0.0419141058,6.79341963,787,73.0811066,0.506
105644.532144,-0.465034921,0.091301062,0.0413473443,0.0413473443,6.79812957,787,72.2685812,0.506
105644.542171,-0.452603374,0.0687303084,0.042180326,0.042180326,6.80270392,787,61.7141422,0.506
105644.552199,-0.427057582,0.0348618488,0.0367108006,0.0367108006,6.80700565,787,72.7915773,0.506
105644.562227,-0.422953438,0.0360639884,0.0367095101,0.0367095101,6.81126735,787,73.3856891,0.506
105644.572255,-0.420928379,0.057533795,0.0390680643,0.0390680643,6.81552204,787,75.2923063,0.506
105644.582283,-0.430522308,0.0750794788,0.0381782331,0.0381782331,6.81988318,787,75.2734382,0.506
105644.592311,-0.429551475,0.0975418659,0.0383986637,0.0383986637,6.82425032,787,72.795552,0.506
105644.602339,-0.420710917,0.123113913,0.0349647487,0.0349647487,6.82854954,787,64.955856,0.506
105644.612367,-0.417858049,0.116537167,0.0362626003,0.0362626003,6.8328191,787,66.3672111,0.506
105644.622395,-0.411076147,0.116860156,0.0371956232,0.0371956232,6.83702464,787,74.075275,0.506
105644.632422,-0.408547967,0.121882553,0.0372406624,0.0372406624,6.84121161,787,71.8515693,0.506
105644.642450,-0.401917367,0.11676791,0.0401226282,0.0401226282,6.84533217,787,74.6914274,0.506
105644.652478,-0.400110139,0.114493612,0.0381537046,0.0381537046,6.84943553,787,68.4395854,0.506
105644.662506,-0.378370947,0.13608113,0.0392049873,0.0392049873,6.85334609,787,83.9990112,0.506
105644.672534,-0.366321501,0.138067039,0.0424639227,0.0424639227,6.85714351,787,91.2831708,0.506
105644.682562,-0.353628272,0.131603476,0.044211136,0.044211136,6.86081322,787,87.9399499,0.506
105644.692590,-0.347455937,0.128952559,0.0483863977,0.0483863977,6.86442283,787,75.9209383,0.506
105644.702618,-0.346546612,0.128911131,0.0578327636,0.0578327636,6.86802676,785,84.8293996,0.506
105644.712646,-0.344014226,0.128124637,0.0659410465,0.0659410465,6.87160809,785,97.5155774,0.506
105644.722673,-0.339325723,0.127108847,0.0731568405,0.0731568405,6.8751448,785,103.806743,0.506
105644.732701,-0.333975833,0.125621163,0.0797241169,0.0797241169,6.87863035,785,105.294553,0.506
105644.742729,-0.328459895,0.121852986,0.0857913575,0.0857913575,6.88205981,785,105.742098,0.506
105644.752757,-0.322941879,0.115864919,0.091458144,0.091458144,6.88542996,785,107.809578,0.506
105644.762785,-0.316546403,0.108746654,0.0967948368,0.0967948368,6.88873014,785,101.238141,0.506
105644.772813,-0.309783727,0.101660855,0.101853326,0.101853326,6.89195617,785,92.0462385,0.506
105644.782841,-0.303782794,0.0936852905,0.106673204,0.106673204,6.89511383,785,94.6282866,0.506
105644.792869,-0.298311923,0.0845750067,0.111285461,0.111285461,6.89820627,785,95.373214,0.506
105644.802897,-0.344458548,0.0627152696,0.0590956032,0.0590956032,6.90172328,787,96.2987931,0.506
105644.812924,-0.352502518,0.04889667,0.0532797517,0.0532797517,6.90530015,787,95.2447166,0.506
105644.822952,-0.363726317,0.0478705744,0.0496481235,0.0496481235,6.9089862,787,88.3032988,0.506
105644.832980,-0.380880156,0.0529489494,0.043476894,0.043476894,6.91284774,787,84.4348192,0.506
105644.843008,-0.382177253,0.0512546112,0.0426704764,0.0426704764,6.91671964,787,73.4822711,0.506
105644.853036,-0.374319222,0.0438436924,0.0402374512,0.0402374512,6.92050409,787,73.0693109,0.506
105644.863064,-0.377685018,0.0367926577,0.042972882,0.042972882,6.92431205,787,71.0576538,0.506
105644.873092,-0.382396428,0.0374092041,0.0454571099,0.0454571099,6.92816718,787,74.2540764,0.506
105644.883120,-0.384290944,0.0433946171,0.0447482016,0.0447482016,6.93204894,787,75.5894925,0.506
105644.893148,-0.389845863,0.0357133245,0.0463809417,0.0463809417,6.93597508,787,72.4964869,0.506
105644.903176,-0.391332798,0.0235011414,0.0441868685,0.0441868685,6.9398998,787,76.8582854,0.506
105644.913203,-0.39557706,0.0275044614,0.0464702218,0.0464702218,6.94387141,787,75.8602071,0.506
105644.923231,-0.394916956,0.031544417,0.0438958641,0.0438958641,6.94784237,787,70.8649981,0.506
105644.933259,-0.394087354,0.0225377889,0.0440722062,0.0440722062,6.95179371,787,72.6803695,0.506
105644.943287,-0.40551488,0.0209103782,0.0438027576,0.0438027576,6.95585583,787,72.3831623,0.506
105644.953315,-0.418822097,0.0173640035,0.0420933344,0.0420933344,6.96004498,787,69.3934509,0.506
105644.963343,-0.42672801,0.0152266342,0.0449638821,0.0449638821,6.96430994,787,71.7114371,0.506
105644.973371,-0.439524472,0.0243320676,0.0445537159,0.0445537159,6.96871276,787,75.7349977,0.506
105644.983399,-0.442175324,0.0306951991,0.0468342698,0.0468342698,6.97314983,787,77.6901883,0.506
105644.993427,-0.442753668,0.0280395156,0.0469316106,0.0469316106,6.97758969,787,77.4771281,0.506
105645.003455,-0.437506094,0.0181300976,0.0431050545,0.0431050545,6.98196642,787,74.4942796,0.506
105645.013482,-0.433914648,0.00641610121,0.0425500649,0.0425500649,6.98629421,787,78.0814277,0.506
105645.023510,-0.438857624,-6.43455647e-06,0.0383931962,0.0383931962,6.99066477,787,75.1806018,0.506
105645.033538,-0.456547358,-0.00528988691,0.0394102155,0.0394102155,6.99520517,787,70.9822186,0.506
105645.043566,-0.472021261,-0.000111083444,0.0405223605,0.0405223605,6.99990543,787,73.0089208,0.506
105645.053594,-0.483861882,0.00267029008,0.0406099574,0.0406099574,7.00472685,787,77.3919719,0.506
105645.063622,-0.494261802,0.00441063661,0.0443047338,0.0443047338,7.00965399,787,76.2966862,0.506
105645.073650,-0.500902456,0.016306818,0.0446858997,0.0446858997,7.01466006,787,79.3018726,0.506
105645.083678,-0.502163309,0.0220955477,0.0477135515,0.0477135515,7.01968516,787,74.0719255,0.506
105645.093706,-0.499605815,0.0246139232,0.0495648874,0.0495648874,7.02468804,787,78.5848867,0.506
105645.103734,-0.491941282,0.0291836376,0.047930125,0.047930125,7.02962015,787,85.6681395,0.506
105645.113762,-0.485118651,0.0351225445,0.0493977619,0.0493977619,7.03449101,787,82.240382,0.506
105645.123789,-0.476467723,0.0406533072,0.0468448645,0.0468448645,7.03928152,787,96.2162534,0.506
105645.133817,-0.464118958,0.0442499046,0.0470836882,0.0470836882,7.04395412,787,96.8557698,0.506
105645.143845,-0.460040699,0.0394162133,0.0448271922,0.0448271922,7.04858173,787,93.8174486,0.506
105645.153873,-0.449939855,0.0465544054,0.0393270379,0.0393270379,7.05311659,787,97.5729693,0.506
105645.163901,-0.450718419,0.0411414236,0.0395402074,0.0395402074,7.05765386,787,91.8883505,0.506
105645.173929,-0.455098838,0.0213226115,0.0375161671,0.0375161671,7.06221514,787,100.928587,0.506
105645.183957,-0.460575604,-0.000996141805,0.0369413745,0.0369413745,7.06680952,787,95.5572785,0.506
105645.193985,-0.464565774,0.0106551574,0.0336467114,0.0336467114,7.07145515,787,98.7534051,0.506
105645.204013,-0.469757289,0.0182645541,0.0321754905,0.0321754905,7.07615964,787,102.077078,0.506
105645.214041,-0.474773936,0.0428031656,0.0333326965,0.0333326965,7.08093658,787,100.174765,0.506
105645.224069,-0.465814408,0.0537066944,0.0344010165,0.0344010165,7.08563508,787,87.8207662,0.506
105645.234097,-0.45843635,0.0472638121,0.0381226804,0.0381226804,7.09025475,787,99.3606871,0.506
105645.244124,-0.452882603,0.0342382707,0.0402936574,0.0402936574,7.09480702,787,96.2561213,0.506
105645.254152,-0.448455133,0.0235168057,0.0387158244,0.0387158244,7.09930616,787,98.0387621,0.506
105645.264180,-0.445123912,0.0210666538,0.0396985019,0.0396985019,7.10377029,787,103.963718,0.506
105645.274208,-0.442923501,0.0108463395,0.0374876062,0.0374876062,7.10820367,787,103.644071,0.506
105645.284236,-0.441518173,0.0099203069,0.038168399,0.038168399,7.1126227,787,105.595269,0.506
105645.294264,-0.444159047,0.0152144465,0.0361117853,0.0361117853,7.11707284,787,93.1282484,0.506
105645.304292,-0.45312229,0.00987382151,0.0376701348,0.0376701348,7.1216073,787,97.8285156,0.506
105645.314320,-0.451811961,0.00553496601,0.0390959982,0.0390959982,7.12612554,787,101.336634,0.506
105645.324348,-0.445861971,0.00139370681,0.0387313879,0.0387313879,7.13058196,787,100.421632,0.506
105645.334376,-0.434015511,-0.00178276127,0.0405885706,0.0405885706,7.13491913,787,98.9252968,0.506
105645.344404,-0.418816832,-0.0277040738,0.0377924649,0.0377924649,7.139086,787,100.748843,0.506
105645.354432,-0.416689665,-0.0511114058,0.0362948431,0.0362948431,7.14321579,787,100.576623,0.506
105645.364460,-0.426914891,-0.0543637666,0.0323141546,0.0323141546,7.14744749,787,91.8574117,0.506
105645.374488,-0.433661939,-0.0376387354,0.0332419254,0.0332419254,7.15176049,787,84.6484164,0.506
105645.384515,-0.432223859,-0.0351103876,0.0351627904,0.0351627904,7.15606244,787,87.1420418,0.506
105645.394543,-0.426323753,-0.0379623512,0.0350422872,0.0350422872,7.16030633,787,97.4157927,0.506
105645.404571,-0.422219467,-0.0424379187,0.0380416955,0.0380416955,7.16450872,787,97.9766951,0.506
105645.414599,-0.420916748,-0.0433905836,0.0408399438,0.0408399438,7.16869966,787,96.84686,0.506
105645.424627,-0.417952237,-0.0468172403,0.0418044638,0.0418044638,7.17286135,787,96.9926872,0.506
105645.434655,-0.419498482,-0.0536787175,0.0459974265,0.0459974265,7.17703705,787,91.5487165,0.506
105645.444683,-0.427954067,-0.0560583998,0.0470278206,0.0470278206,7.18129796,787,92.3735283,0.506
105645.454711,-0.433635384,-0.0567893988,0.0502435253,0.0502435253,7.18561747,787,99.2546627,0.506
105645.464739,-0.43978631,-0.0577463241,0.0515930782,0.0515930782,7.19000017,787,97.3646769,0.506
105645.474767,-0.447795072,-0.0467569109,0.0492226799,0.0492226799,7.19446885,787,96.7897597,0.506
105645.484795,-0.45274856,-0.0370123174,0.0495060667,0.0495060667,7.1989918,787,98.1731655,0.506
105645.494823,-0.458388769,-0.0259319019,0.0447385826,0.0447385826,7.20357553,787,91.4482685,0.506
105645.504851,-0.463937998,-0.0174817249,0.0431232919,0.0431232919,7.2082177,787,83.5152403,0.506
105645.514879,-0.463736853,-0.0264506396,0.0385727186,0.0385727186,7.21285575,787,94.3299946,0.506
105645.524907,-0.465892907,-0.0385969059,0.0345602896,0.0345602896,7.21751269,787,92.5445558,0.506
105645.534934,-0.461072817,-0.0398247357,0.037588382,0.037588382,7.22212223,787,84.7871595,0.506
105645.544962,-0.456148745,-0.0374811396,0.0383209168,0.0383209168,7.22668508,787,84.0740566,0.506
105645.554990,-0.453260557,-0.0449172882,0.0409675096,0.0409675096,7.23121881,787,78.9616356,0.506
105645.565018,-0.44487055,-0.0480113281,0.0416924317,0.0416924317,7.23567003,787,74.4975414,0.506
105645.575046,-0.440381789,-0.0470763214,0.0394761116,0.0394761116,7.24007821,787,65.5205869,0.506
105645.585074,-0.434477387,-0.0343206158,0.0408796501,0.0408796501,7.24443068,787,65.3511124,0.506
105645.595102,-0.423881906,-0.0132251308,0.0369442489,0.0369442489,7.24868113,787,64.6748954,0.506
105645.605130,-0.414859231,-0.0203822704,0.0369604715,0.0369604715,7.25284131,787,64.4059938,0.506
105645.615158,-0.420401551,-0.0228962152,0.0379060504,0.0379060504,7.2570565,787,60.0081542,0.506
105645.625186,-0.420913184,-0.0179804877,0.0417802532,0.0417802532,7.26127748,787,65.2700999,0.506
105645.635214,-0.42668512,-0.006497806,0.0439783125,0.0439783125,7.26555689,787,62.29321,0.506
105645.645242,-0.450630667,0.00854115486,0.0414800648,0.0414800648,7.27007534,787,67.1743479,0.506
105645.655270,-0.476551132,0.0113107008,0.040103278,0.040103278,7.27485142,787,58.4150735,0.506
105645.665298,-0.498490434,0.00594678211,0.0353731479,0.0353731479,7.27984494,787,59.2307939,0.506
105645.675326,-0.495619431,-0.00109330055,0.0347970759,0.0347970759,7.28480943,787,57.6713223,0.506
105645.685354,-0.483364206,-0.00748165618,0.035156222,0.035156222,7.28965183,787,58.8610868,0.506
105645.695382,-0.491702596,-0.00387473075,0.034374936,0.034374936,7.29457743,787,60.8932926,0.506
105645.705410,-0.483674079,-0.00049772795,0.0355677284,0.0355677284,7.2994237,787,61.4656849,0.506
105645.715437,-0.495171334,0.0102534623,0.0355584909,0.0355584909,7.30438455,787,57.7262866,0.506
105645.725465,-0.505082071,0.0275619034,0.0390122921,0.0390122921,7.30944591,787,53.7320257,0.506
105645.735493,-0.49887499,0.0269247897,0.0432030522,0.0432030522,7.31444592,787,53.5658375,0.506
105645.745521,-0.49711143,0.00628921494,0.0451528645,0.0451528645,7.31942657,787,54.8993542,0.506
105645.755549,-0.492359415,-0.00907282486,0.0485546426,0.0485546426,7.32435862,787,53.2980804,0.506
105645.765577,-0.484772769,-0.0236239096,0.0484351276,0.0484351276,7.32921427,787,52.027693,0.506
105645.775605,-0.477319522,-0.023984527,0.0578735237,0.0578735237,7.33399628,785,46.4403174,0.506
105645.785633,-0.472051686,-0.0248224083,0.065976762,0.065976762,7.33872632,785,48.6545297,0.506
105645.795661,-0.468180767,-0.0255762953,0.0731896675,0.0731896675,7.34341826,785,51.7378402,0.506
105645.805689,-0.452504896,0.00457113573,0.0582757285,0.0582757285,7.34795613,787,53.121627,0.506
105645.815717,-0.439840281,0.000733816142,0.0494742918,0.0494742918,7.35236807,787,57.4893454,0.506
105645.825745,-0.436458553,0.0057154817,0.049526012,0.049526012,7.35674665,787,57.0560895,0.506
105645.835773,-0.426528453,0.0165445072,0.0492482694,0.0492482694,7.36102717,787,59.9292129,0.506
105645.845801,-0.410992078,0.0331545034,0.0458651027,0.0458651027,7.36515452,787,57.6993083,0.506
105645.855829,-0.407459087,0.0345094201,0.0500824824,0.0500824824,7.36924723,787,62.8430495,0.506
105645.865857,-0.388509458,0.0203759347,0.0435079334,0.0435079334,7.37315083,787,62.4959447,0.506
105645.875885,-0.380967587,0.0224543825,0.0423362297,0.0423362297,7.37697976,787,61.4240445,0.506
105645.885913,-0.376325344,-0.00437945831,0.0396802894,0.0396802894,7.38075995,787,62.6283108,0.506
105645.895941,-0.369640497,-0.0157726173,0.0340370154,0.0340370154,7.38447266,787,70.5025568,0.506
105645.905969,-0.356084047,0.00216489846,0.0333163649,0.0333163649,7.38805222,787,76.926536,0.506
105645.915997,-0.368879161,-0.00250081537,0.0345268342,0.0345268342,7.39175827,787,82.4705394,0.506
105645.926025,-0.373257815,-0.00642232786,0.0377014737,0.0377014737,7.39550735,787,79.9691775,0.506
105645.936053,-0.375461373,-0.00900892787,0.0401422009,0.0401422009,7.39927803,787,79.0511713,0.506
105645.946081,-0.377712675,-0.0130193887,0.040908354,0.040908354,7.40307074,787,77.4812117,0.506
105645.956109,-0.377633519,-0.00667351364,0.0453125591,0.0453125591,7.40686303,787,72.829742,0.506
105645.966136,-0.37405801,0.0178275874,0.0451052803,0.0451052803,7.41062091,787,81.22658,0.506
105645.976164,-0.371935643,0.0313371743,0.0456424954,0.0456424954,7.41435914,787,83.1775526,0.506
105645.986192,-0.367418772,0.0386521881,0.0406496818,0.0406496818,7.41805347,787,82.9545366,0.506
105645.996220,-0.373166292,0.0375940905,0.0395165023,0.0395165023,7.42180517,787,80.769197,0.506
105646.006248,-0.370336081,0.0253332439,0.0369398082,0.0369398082,7.42552763,787,81.8305645,0.506
105646.016276,-0.380461101,0.00437471706,0.0345338909,0.0345338909,7.42934803,787,77.6956752,0.506
105646.026304,-0.386617119,-0.00405516832,0.0333162713,0.0333162713,7.43322844,787,73.2424998,0.506
105646.036332,-0.381233083,0.00973646328,0.0324247727,0.0324247727,7.43705697,787,68.6183773,0.506
105646.046360,-0.384775813,0.0252585001,0.033674417,0.033674417,7.44092257,787,71.4699168,0.506
105646.056388,-0.390502433,0.00482954192,0.0352513491,0.0352513491,7.44484237,787,69.3792651,0.506
105646.066416,-0.404224746,-0.00886531582,0.0353023208,0.0353023208,7.44889661,787,70.6987973,0.506
105646.076444,-0.400633795,0.0100929426,0.0406313847,0.0406313847,7.45291755,787,75.0887028,0.506
105646.086472,-0.405426355,0.0381569638,0.0429299919,0.0429299919,7.45698981,787,69.0020594,0.506
105646.096500,-0.402501011,0.066131741,0.0469571647,0.0469571647,7.46103803,787,67.1752567,0.506
105646.106528,-0.402714723,0.0715472178,0.0566422046,0.0566422046,7.46509103,785,62.1343057,0.506
105646.116556,-0.403097425,0.0757027867,0.0648992375,0.0648992375,7.46915061,785,69.9688096,0.506
105646.126584,-0.404847991,0.0774662772,0.0722197229,0.0722197229,7.47323005,785,74.5215203,0.506
105646.136612,-0.407680633,0.0773093169,0.0788648877,0.0788648877,7.4773396,785,65.0878118,0.506
105646.146640,-0.370723841,0.0183787909,0.0550398417,0.0550398417,7.48106613,787,61.6237469,0.506
105646.156668,-0.344290632,0.0151705578,0.0445982691,0.0445982691,7.48452929,787,76.4580255,0.506
105646.166696,-0.340587967,0.0149829221,0.0406150487,0.0406150487,7.4879555,787,84.8616921,0.506
105646.176724,-0.354300673,-0.0062567156,0.0438555324,0.0438555324,7.49151135,787,91.9573193,0.506
105646.186752,-0.37383697,-0.0227721997,0.0411133748,0.0411133748,7.49525649,787,93.3292106,0.506
105646.196780,-0.389196021,-0.0207332608,0.0406897817,0.0406897817,7.49915505,787,87.8645624,0.506
105646.206808,-0.397920337,-0.0108482865,0.0394379173,0.0394379173,7.50314307,787,84.7852624,0.506
105646.216836,-0.403546378,-0.00345204851,0.0371243952,0.0371243952,7.50718891,787,77.3905586,0.506
105646.226864,-0.408410992,0.00855055066,0.0379629812,0.0379629812,7.511286,787,81.0679501,0.506
105646.236892,-0.413110594,0.0115053897,0.0352707633,0.0352707633,7.51543045,787,69.0238356,0.506
105646.246920,-0.422880095,0.00730995292,0.0356651412,0.0356651412,7.51967085,787,73.1020236,0.506
105646.256948,-0.426732607,0.0212312915,0.0361185153,0.0361185153,7.52395292,787,68.0527726,0.506
105646.266976,-0.423856149,0.0352739813,0.0342986582,0.0342986582,7.52821012,787,65.088453,0.506
105646.277004,-0.413839981,0.0321775144,0.0335151782,0.0335151782,7.53236736,787,64.5480505,0.506
105646.287032,-0.420237409,0.00681214941,0.0330432129,0.0330432129,7.53658135,787,62.4842103,0.506
105646.297060,-0.422834532,0.000854075637,0.033212635,0.033212635,7.54081957,787,60.5645646,0.506
105646.307088,-0.427933464,0.0104903303,0.0325290538,0.0325290538,7.54511097,787,61.6430873,0.506
105646.317116,-0.43308842,0.0294455793,0.0329029687,0.0329029687,7.54945862,787,62.6486409,0.506
105646.327144,-0.416106457,0.00314498522,0.0342392084,0.0342392084,7.55363071,787,59.6550535,0.506
105646.337172,-0.42349844,0.00126044688,0.0349026808,0.0349026808,7.5578757,787,61.5615206,0.506
105646.347200,-0.426459233,-0.00414591885,0.0365379101,0.0365379101,7.56214875,787,55.5562328,0.506
105646.357228,-0.413280353,-0.000106446554,0.0357010994,0.0357010994,7.56629212,787,62.7098417,0.506
105646.367256,-0.411680543,0.00145465964,0.0391420117,0.0391420117,7.57042004,787,60.8188215,0.506
105646.377284,-0.407773743,-0.00724447156,0.0421686202,0.0421686202,7.57450712,787,63.5359422,0.506
105646.387312,-0.40918045,-0.0320814236,0.0402526036,0.0402526036,7.57860271,787,65.1952921,0.506
105646.397340,-0.408518054,-0.0303274793,0.0372339782,0.0372339782,7.58269287,787,69.8591753,0.506
105646.407368,-0.399871113,-0.0284621203,0.0342147442,0.0342147442,7.5866982,787,64.4056772,0.506
105646.417396,-0.404820277,-0.0256079494,0.0353572182,0.0353572182,7.59075372,787,62.1417513,0.506
105646.427424,-0.406207501,-0.0078505195,0.0368680785,0.0368680785,7.59482626,787,58.7264206,0.506
105646.437452,-0.406975899,0.0189399066,0.0371095114,0.0371095114,7.59891079,787,60.0479598,0.506
105646.447479,-0.411214936,0.0395029205,0.0373334413,0.0373334413,7.60304068,787,53.8990168,0.506
105646.457508,-0.412133556,0.04509841,0.0331312282,0.0331312282,7.6071821,787,56.9375097,0.506
105646.467535,-0.407176847,0.0492264813,0.034138937,0.034138937,7.61127502,787,51.9117762,0.506
105646.477563,-0.396692698,0.0491073861,0.0376691937,0.0376691937,7.61526501,787,45.3157501,0.506
105646.487591,-0.408340043,0.0390348751,0.0409295813,0.0409295813,7.61936878,787,50.3312991,0.506
105646.497619,-0.417957425,0.0296735084,0.043776016,0.043776016,7.62356593,787,52.352238,0.506
105646.507647,-0.430846436,0.0104900697,0.042853261,0.042853261,7.62788612,787,59.2480681,0.506
105646.517675,-0.432621021,-0.000439794402,0.0455448662,0.0455448662,7.63222115,787,59.6650026,0.506
105646.527703,-0.424875023,-0.00666121211,0.0479084741,0.0479084741,7.63647785,787,62.5569393,0.506
105646.537731,-0.42418968,-0.0224998003,0.0479780121,0.0479780121,7.64072419,787,75.4083675,0.506
105646.547760,-0.41822607,-0.0259273238,0.0574922939,0.0574922939,7.64491153,785,80.4782917,0.506
105646.557787,-0.413769375,-0.0305689236,0.0656417976,0.0656417976,7.64905346,785,76.8951073,0.506
105646.567815,-0.409862608,-0.0348815439,0.0728878328,0.0728878328,7.65315697,785,85.2938411,0.506
105646.577844,-0.407085738,-0.0353971757,0.0794778744,0.0794778744,7.65723406,785,88.1234401,0.506
105646.587871,-0.405744999,-0.0341636984,0.0855618735,0.0855618735,7.66129801,785,92.1898377,0.506
105646.597899,-0.387587547,0.00911875845,0.0626038321,0.0626038321,7.66518833,787,93.8518437,0.506
105646.607927,-0.370423894,0.00690571692,0.0508752905,0.0508752905,7.66890789,787,99.9736663,0.506
105646.617956,-0.358561786,-0.00343062664,0.0484266599,0.0484266599,7.67250854,787,92.4564784,0.506
105646.627984,-0.352878865,-0.0304755016,0.0438713156,0.0438713156,7.67604897,787,94.4455946,0.506
105646.638011,-0.350412579,-0.0469737851,0.0350674293,0.0350674293,7.67956341,787,100.237226,0.506
105646.648040,-0.360971914,-0.05287666,0.0324767349,0.0324767349,7.6831841,787,99.4596898,0.506
105646.658067,-0.375566709,-0.0648769551,0.034619607,0.034619607,7.6869499,787,91.3492604,0.506
105646.668096,-0.388110723,-0.0691354574,0.0396009577,0.0396009577,7.69084306,787,82.0509793,0.506
105646.678124,-0.393335738,-0.0571006925,0.0413320933,0.0413320933,7.69478963,787,83.9446547,0.506
105646.688152,-0.396940155,-0.0628130225,0.0435817394,0.0435817394,7.69877379,787,86.1726363,0.506
105646.698180,-0.392323542,-0.072448906,0.0450894616,0.0450894616,7.70271471,787,90.0875673,0.506
105646.708208,-0.390360981,-0.0683071319,0.0457329162,0.0457329162,7.70663791,787,93.1459883,0.506
105646.718236,-0.391419613,-0.0676898929,0.0488432367,0.0488432367,7.71057345,787,89.8778695,0.506
105646.728264,-0.395550154,-0.0551416573,0.0480884107,0.0480884107,7.71454958,787,90.6422733,0.506
105646.738292,-0.397447824,-0.0485462256,0.0503721455,0.0503721455,7.71854437,787,96.7153708,0.506
105646.748320,-0.396117679,-0.0233888951,0.0510221309,0.0510221309,7.72252151,787,97.0487874,0.506
105646.758348,-0.377303292,0.0162171831,0.0442582238,0.0442582238,7.72630404,787,96.9041523,0.506
105646.768376,-0.355499274,0.0337971321,0.039541902,0.039541902,7.72986724,787,101.563226,0.506
105646.778404,-0.332282001,0.0246663879,0.0334917849,0.0334917849,7.73320201,787,113.228435,0.506
105646.788432,-0.328236603,0.00435204336,0.0359416956,0.0359416956,7.7364999,787,115.97168,0.506
105646.798460,-0.337996463,-0.00928079179,0.0375559282,0.0375559282,7.73989663,787,116.408319,0.506
105646.808488,-0.347162905,-0.0162187867,0.0369410868,0.0369410868,7.74338534,787,115.877906,0.506
105646.818516,-0.363116711,-0.0208623721,0.0394423277,0.0394423277,7.74703317,787,110.269726,0.506
105646.828544,-0.398388595,-0.0246346769,0.0374508632,0.0374508632,7.75103186,787,102.721701,0.506
105646.838572,-0.420814301,-0.0179861028,0.0363962632,0.0363962632,7.75525214,787,88.8202463,0.506
105646.848600,-0.426700239,-0.0136659877,0.036765989,0.036765989,7.75953015,787,93.6244998,0.506
105646.858628,-0.423506351,-0.00148818373,0.0393435123,0.0393435123,7.76377429,787,94.1648974,0.506
105646.868656,-0.418287695,0.00940761084,0.0447725785,0.0447725785,7.76796478,787,93.4820467,0.506
105646.878684,-0.401292113,0.0196989798,0.0466176086,0.0466176086,7.77198506,787,92.91129,0.506
105646.888712,-0.385718371,0.0242792589,0.0499851009,0.0499851009,7.77585038,787,85.5722074,0.506
105646.898740,-0.368756614,0.0139516998,0.0510965102,0.0510965102,7.77954908,787,84.5754452,0.506
105646.908768,-0.346369719,0.00162401882,0.0466255821,0.0466255821,7.7830272,787,84.6080788,0.506
105646.918796,-0.321959673,-0.00610910454,0.0436297768,0.0436297768,7.78626388,787,81.3303584,0.506
105646.928824,-0.305239518,-0.0409767318,0.0338692778,0.0338692778,7.78933937,787,93.2752936,0.506
105646.938852,-0.318709147,-0.0417676449,0.0355536632,0.0355536632,7.79254919,787,84.7965232,0.506
105646.948880,-0.327958701,-0.0295962131,0.0421571072,0.0421571072,7.79584912,787,89.6864426,0.506
105646.958908,-0.3414481,-0.0301349545,0.0460947278,0.0460947278,7.79928323,787,80.2481097,0.506
105646.968936,-0.349614465,-0.0283942395,0.0559294987,0.0559294987,7.80279822,785,72.7807812,0.506
105646.978964,-0.359186864,-0.0240132132,0.0642783912,0.0642783912,7.80640746,785,73.9129907,0.506
105646.988992,-0.369749037,-0.0174848736,0.0716625579,0.0716625579,7.8101202,785,81.9612877,0.506
105646.999020,-0.379853398,-0.0102092927,0.0783551632,0.0783551632,7.81393165,785,90.5912707,0.506
105647.009048,-0.390561714,-0.00238607474,0.0845206314,0.0845206314,7.8178477,785,92.4606746,0.506
105647.019076,-0.40259643,0.00529525844,0.0902670307,0.0902670307,7.82188162,785,93.3917621,0.506
105647.029104,-0.454849883,0.0428605492,0.0525883955,0.0525883955,7.82642725,787,96.5816988,0.506
105647.039132,-0.469286667,0.0428108975,0.0469720695,0.0469720695,7.83111765,787,88.3246907,0.506
105647.049160,-0.474671346,0.0421086668,0.0405442556,0.0405442556,7.83586302,787,79.3783779,0.506
105647.059188,-0.488027881,0.0334249172,0.039909887,0.039909887,7.84074329,787,77.9664446,0.506
105647.069216,-0.489263986,0.0389179781,0.0391631078,0.0391631078,7.84563626,787,75.7308701,0.506
105647.079244,-0.4928402,0.0598460228,0.037297953,0.037297953,7.85056453,787,75.5757647,0.506
105647.089272,-0.496343988,0.0862005408,0.0370854638,0.0370854638,7.85552914,787,77.6668453,0.506
105647.099300,-0.510870886,0.075870737,0.0340917777,0.0340917777,7.86064165,787,78.5349602,0.506
105647.109328,-0.510907984,0.0706093104,0.0349778457,0.0349778457,7.86575716,787,75.551336,0.506
105647.119356,-0.513132667,0.0621763282,0.0353556327,0.0353556327,7.87089648,787,70.7539958,0.506
105647.129384,-0.511261478,0.0521202525,0.0351295685,0.0351295685,7.87601796,787,76.0235152,0.506
105647.139412,-0.51321878,0.0408006714,0.036758122,0.036758122,7.88115869,787,77.2473478,0.506
105647.149441,-0.515871952,0.0422611636,0.0354928913,0.0354928913,7.88632724,787,80.9962578,0.506
105647.159469,-0.509451938,0.0634958576,0.0376103266,0.0376103266,7.89143576,787,73.5962297,0.506
105647.169497,-0.507010918,0.0605787393,0.0407524657,0.0407524657,7.89652111,787,80.4684218,0.506
105647.179525,-0.513276483,0.0440717922,0.0422253657,0.0422253657,7.90166657,787,78.3481599,0.506
105647.189553,-0.515173152,0.0265080757,0.0455757959,0.0455757959,7.90682775,787,81.2713247,0.506
105647.199581,-0.520178389,0.00974885482,0.0446444313,0.0446444313,7.91203526,787,83.8881832,0.506
105647.209609,-0.528059487,0.0045396541,0.04712725,0.04712725,7.9173201,787,77.7092601,0.506
105647.219637,-0.534879163,0.0199071338,0.0479957731,0.0479957731,7.9226761,787,74.1267148,0.506
105647.229665,-0.543629703,0.0418537749,0.0439268193,0.0439268193,7.92812411,787,85.3090355,0.506
105647.239693,-0.54034293,0.0495272605,0.0420319337,0.0420319337,7.93354197,787,81.4286299,0.506
105647.249721,-0.528376722,0.0469029387,0.0371768517,0.0371768517,7.93884119,787,85.5381119,0.506
105647.259749,-0.522394315,0.0418697712,0.0368177469,0.0368177469,7.94408034,787,81.7929012,0.506
105647.269777,-0.520541751,0.0324581364,0.036387234,0.036387234,7.94929896,787,85.4444459,0.506
105647.279805,-0.523058791,0.0431592387,0.0352839061,0.0352839061,7.95454597,787,82.8343229,0.506
105647.289833,-0.529565905,0.0566409865,0.0354209658,0.0354209658,7.95986224,787,81.6267958,0.506
105647.299861,-0.540928134,0.0698827212,0.0329869929,0.0329869929,7.96529655,787,79.8093088,0.506
105647.309889,-0.538438399,0.0659303068,0.0350859379,0.0350859379,7.97070613,787,81.8214758,0.506
105647.319917,-0.531308328,0.0510974416,0.0387842437,0.0387842437,7.97604059,787,76.7527831,0.506
105647.329945,-0.533854915,0.024883774,0.0398864055,0.0398864055,7.98139102,787,77.1071059,0.506
105647.339973,-0.528092583,0.0254947824,0.0438790115,0.0438790115,7.98668469,787,74.2260033,0.506
105647.350001,-0.52459702,0.0259999074,0.0440734941,0.0440734941,7.99194403,787,71.0136782,0.506
105647.360029,-0.519734687,0.0212637006,0.0469552625,0.0469552625,7.9971535,787,76.1737977,0.506
105647.370057,-0.510582238,0.0114810131,0.0460569582,0.0460569582,8.0022686,787,71.4345949,0.506
105647.380085,-0.503454121,0.00128656335,0.0476504971,0.0476504971,8.00730936,787,70.6009472,0.506
105647.390114,-0.496712633,0.0111705131,0.0474346977,0.0474346977,8.01228751,787,77.013503,0.506
105647.400142,-0.49535002,0.0205247864,0.0439039481,0.0439039481,8.01725515,787,72.5065187,0.506
105647.410170,-0.488874589,0.0240542857,0.0444931476,0.0444931476,8.0221599,787,76.8004924,0.506
105647.420198,-0.483569691,0.0171135537,0.0412571142,0.0412571142,8.02700953,787,71.5359534,0.506
105647.430226,-0.4800715,0.0110498998,0.0415051372,0.0415051372,8.03182229,787,75.0615801,0.506
105647.440254,-0.484760038,0.0018090491,0.0401714789,0.0401714789,8.03667832,787,80.2714005,0.506
105647.450282,-0.484884091,-0.0126369082,0.0364707104,0.0364707104,8.04153072,787,77.697585,0.506
105647.460310,-0.491296307,-0.0242171532,0.0349948182,0.0349948182,8.04644336,787,82.1122936,0.506
105647.470338,-0.483995204,-0.018597161,0.0328125588,0.0328125588,8.05128605,787,81.4876105,0.506
105647.480366,-0.486773667,-0.0215784344,0.0326345641,0.0326345641,8.05615596,787,74.8154939,0.506
105647.490394,-0.488095666,-0.0294369029,0.0329554812,0.0329554812,8.0610374,787,75.0606128,0.506
105647.500422,-0.492493038,-0.0313626895,0.0339470332,0.0339470332,8.06596284,787,72.2831967,0.506
105647.510450,-0.485695296,-0.0223488217,0.0363408359,0.0363408359,8.07082387,787,73.6706508,0.506
105647.520478,-0.474835491,-0.0128480512,0.0359274495,0.0359274495,8.07557985,787,67.6020797,0.506
105647.530506,-0.48635219,-0.00839553573,0.0379903876,0.0379903876,8.08045143,787,70.0307601,0.506
105647.540534,-0.497246649,-0.00579952118,0.0387688594,0.0387688594,8.08543193,787,73.1188616,0.506
105647.550562,-0.516197408,-0.0169638248,0.0366877076,0.0366877076,8.0905984,787,76.2829691,0.506
105647.560590,-0.534813836,-0.0295502227,0.0365556643,0.0365556643,8.09594771,787,78.0354864,0.506
105647.570618,-0.554274405,-0.0343160124,0.0329808002,0.0329808002,8.1014902,787,78.3838961,0.506
105647.580647,-0.539246537,-0.0301729767,0.0332819806,0.0332819806,8.10688564,787,78.4108219,0.506
105647.590675,-0.544696176,-0.0280100434,0.0348068217,0.0348068217,8.11233572,787,74.5953738,0.506
105647.600703,-0.549065282,-0.0205276672,0.035416928,0.035416928,8.11783079,787,73.7355834,0.506
105647.610731,-0.542890928,0.00553592921,0.0380195222,0.0380195222,8.12326819,787,73.2978715,0.506
105647.620759,-0.542545245,0.00888065228,0.0382490851,0.0382490851,8.12870272,787,67.0521186,0.506
105647.630787,-0.538376895,0.00931917124,0.0423178022,0.0423178022,8.13409606,787,64.8908704,0.506
105647.640815,-0.538516568,-4.5996248e-05,0.0453298099,0.0453298099,8.13948972,787,67.225158,0.506
105647.650843,-0.547301079,-0.0315598276,0.044462076,0.044462076,8.14496706,787,73.0285345,0.506
105647.660871,-0.565176078,-0.0485919162,0.0440781876,0.0440781876,8.15062105,787,80.0583216,0.506
105647.670899,-0.577738359,-0.0532056785,0.0397293227,0.0397293227,8.15640082,787,77.2990002,0.506
105647.680927,-0.579719248,-0.0540609055,0.0389382688,0.0389382688,8.16220173,787,82.5215332,0.506
105647.690955,-0.583579395,-0.051834416,0.0369013167,0.0369013167,8.1680425,787,77.5515175,0.506
105647.700983,-0.592832558,-0.0454949261,0.0342250643,0.0342250643,8.17397647,787,81.9322068,0.506
105647.711011,-0.601760112,-0.0413921526,0.0345861429,0.0345861429,8.18000006,787,80.2483564,0.506
105647.721039,-0.611404338,-0.011376005,0.0335762621,0.0335762621,8.18611951,787,81.4818398,0.506
105647.731067,-0.61475234,-0.0231845142,0.0326097567,0.0326097567,8.19227279,787,91.4896563,0.506
105647.741096,-0.612123108,-0.0584515231,0.0345121981,0.0345121981,8.19840254,787,89.1049125,0.506
105647.751124,-0.613472253,-0.0898842779,0.0350733295,0.0350733295,8.204549,787,80.5779644,0.506
105647.761152,-0.625431334,-0.0894560322,0.0351029548,0.0351029548,8.2108172,787,82.0569343,0.506
105647.771180,-0.618661645,-0.0719889748,0.0359053084,0.0359053084,8.21701852,787,74.4274258,0.506
105647.781208,-0.626743631,-0.0739359057,0.0377159023,0.0377159023,8.22330219,787,77.2968635,0.506
105647.791236,-0.636156953,-0.059703644,0.0363820245,0.0363820245,8.22967842,787,71.0700456,0.506
105647.801264,-0.636415908,-0.0806511209,0.0358628273,0.0358628273,8.23606272,787,71.8352638,0.506
105647.811292,-0.637693931,-0.0756034179,0.0370321384,0.0370321384,8.24246049,787,69.6539285,0.506
105647.821320,-0.631996318,-0.0674332521,0.0375008053,0.0375008053,8.24880124,787,73.2753301,0.506
105647.831348,-0.629426565,-0.0611786271,0.0382444009,0.0382444009,8.25511601,787,70.4946274,0.506
105647.841376,-0.643682116,-0.066656526,0.0365802805,0.0365802805,8.2615748,787,63.4203459,0.506
105647.851404,-0.646128874,-0.0482173508,0.0388691453,0.0388691453,8.26805336,787,63.8263972,0.506
105647.861432,-0.652250835,-0.0380916675,0.0368693587,0.0368693587,8.27459007,787,66.8654535,0.506
105647.871460,-0.661756329,-0.0538950929,0.0349129754,0.0349129754,8.28122652,787,60.091307,0.506
105647.881489,-0.660859057,-0.0398756803,0.0377576989,0.0377576989,8.28785075,787,55.2821296,0.506
105647.891517,-0.667547032,-0.0232998652,0.0362961948,0.0362961948,8.29453558,787,60.7187891,0.506
105647.901545,-0.667454085,-0.023267779,0.037351744,0.037351744,8.30121974,787,60.138285,0.506
105647.911573,-0.678894801,-0.00808558686,0.0377383306,0.0377383306,8.30801274,787,56.997711,0.506
105647.921601,-0.674930899,-0.00788856416,0.0364185194,0.0364185194,8.31476669,787,50.9687218,0.506
105647.931629,-0.682729448,-0.0153989788,0.0395839966,0.0395839966,8.32160072,787,55.7774037,0.506
105647.941657,-0.676951043,-0.0214617945,0.0390131716,0.0390131716,8.32837961,787,49.2976201,0.506
105647.951685,-0.665598789,-0.0242769569,0.0395751439,0.0395751439,8.33504698,787,52.6568879,0.506
105647.961713,-0.663276399,-0.0131299618,0.0375118001,0.0375118001,8.341688,787,52.5903912,0.506
105647.971741,-0.649146802,-0.0197914983,0.0343110808,0.0343110808,8.34819112,787,58.0714668,0.506
105647.981769,-0.632970345,-0.0204807526,0.0350483935,0.0350483935,8.35453411,787,62.0963628,0.506
105647.991797,-0.633435346,-0.0190696719,0.0363928483,0.0363928483,8.36088141,787,65.4523601,0.506
105648.001825,-0.638777156,-0.0225122338,0.0408379554,0.0408379554,8.36728297,787,55.9674801,0.506
105648.011854,-0.64096519,-0.0155993554,0.0445188376,0.0445188376,8.37370486,787,57.0812955,0.506
105648.021882,-0.643889507,-0.0100689624,0.0463909835,0.0463909835,8.38015359,787,56.9706971,0.506
105648.031910,-0.64800687,-0.00886846004,0.0561735383,0.0561735383,8.38664302,785,53.4243293,0.506
105648.041938,-0.652154897,-0.00621467569,0.0644904226,0.0644904226,8.39317302,785,53.9150937,0.506
105648.051966,-0.655618298,-0.00195955737,0.0718524104,0.0718524104,8.39973637,785,57.5778297,0.506
105648.061994,-0.65607552,0.00349056458,0.0785285555,0.0785285555,8.40630297,785,56.3640703,0.506
105648.072022,-0.653233436,0.010251684,0.0846812992,0.0846812992,8.41283983,785,54.006469,0.506
105648.082050,-0.648546837,0.018109407,0.0904176561,0.0904176561,8.41932852,785,54.7491059,0.506
105648.092078,-0.643667218,0.0258524435,0.0958125214,0.0958125214,8.42576741,785,55.7945531,0.506
105648.102106,-0.638727724,0.0340041929,0.100920629,0.100920629,8.43215611,785,57.9623237,0.506
105648.112134,-0.633520486,0.0420031988,0.105783417,0.105783417,8.43849234,785,55.8563262,0.506
105648.122162,-0.628966921,0.0485351014,0.110433174,0.110433174,8.44478327,785,58.7342233,0.506
105648.132191,-0.704467034,0.0579737335,0.059067298,0.059067298,8.45182421,787,52.2985583,0.506
105648.142219,-0.695791236,0.0840573652,0.0400947054,0.0400947054,8.45877655,787,45.5637301,0.506
105648.152247,-0.701012486,0.0807439059,0.0362566741,0.0362566741,8.46578428,787,41.2104992,0.506
105648.162275,-0.708983886,0.0847443266,0.0349648345,0.0349648345,8.47287371,787,37.3266539,0.506
105648.172303,-0.713214279,0.0819436542,0.0384479733,0.0384479733,8.48000823,787,39.3947681,0.506
105648.182331,-0.695811848,0.0850106033,0.0412588246,0.0412588246,8.48697259,787,39.3753797,0.506
105648.192359,-0.689954819,0.0840110435,0.0438083137,0.0438083137,8.49388147,787,40.4658079,0.506
105648.202387,-0.687266109,0.0799601778,0.0459703819,0.0459703819,8.50076599,787,38.4982902,0.506
105648.212415,-0.678911267,0.0645776084,0.0452135107,0.0452135107,8.50756881,787,45.296217,0.506
105648.222443,-0.68189981,0.0579127697,0.0479240067,0.0479240067,8.51440217,787,40.1211887,0.506
105648.232471,-0.671750341,0.055426073,0.0496027654,0.0496027654,8.52113562,787,39.2431048,0.506
105648.242500,-0.662585178,0.0611440456,0.0479874678,0.0479874678,8.52778029,787,41.8932653,0.506
105648.252528,-0.653829976,0.0677368733,0.0494013833,0.0494013833,8.53433929,787,39.4693276,0.506
105648.262556,-0.655853882,0.0828504612,0.0471990522,0.0471990522,8.5409219,787,43.1852118,0.506
105648.272584,-0.654828039,0.0825579255,0.0494843826,0.0494843826,8.54749611,787,46.8769344,0.506
105648.282612,-0.649613257,0.0765739725,0.0507593879,0.0507593879,8.55401912,787,46.9184518,0.506
105648.292640,-0.64470228,0.0705608352,0.0479583139,0.0479583139,8.56049348,787,39.9086955,0.506
105648.302668,-0.640739192,0.0681545863,0.0480729727,0.0480729727,8.56692906,787,42.5450703,0.506
105648.312696,-0.636863236,0.0587330046,0.0439947504,0.0439947504,8.5733248,787,37.8757557,0.506
105648.322724,-0.641721587,0.0680613588,0.0445783695,0.0445783695,8.57977188,787,39.9300552,0.506
105648.332752,-0.654218458,0.0581889775,0.0456141539,0.0456141539,8.58634116,787,38.1826095,0.506
105648.342781,-0.662402534,0.0613588448,0.0438802311,0.0438802311,8.59299386,787,44.7663571,0.506
105648.352809,-0.665962381,0.0617082806,0.0465625726,0.0465625726,8.599682,787,54.88857,0.506
105648.362837,-0.666684503,0.0605359115,0.0471042583,0.0471042583,8.60637761,787,59.2213262,0.506
105648.372865,-0.668049652,0.0587768758,0.0567641399,0.0567641399,8.61308678,785,65.5728081,0.506
105648.382893,-0.670395365,0.0569527104,0.0650056086,0.0650056086,8.61981916,785,69.2143109,0.506
105648.392921,-0.643033544,0.0519581989,0.0518508949,0.0518508949,8.62627876,787,67.8015654,0.506
105648.402949,-0.634270178,0.0403006092,0.0502683693,0.0502683693,8.63264757,787,71.2980386,0.506
105648.412977,-0.635138947,0.0158407316,0.0468002588,0.0468002588,8.63901641,787,77.5105103,0.506
105648.423005,-0.648635234,-0.00714234422,0.0509419116,0.0509419116,8.64551127,787,78.2952342,0.506
105648.433033,-0.682798869,-0.0430847656,0.0418232075,0.0418232075,8.65233371,787,87.0103053,0.506
105648.443062,-0.699654051,-0.0340935695,0.0356812364,0.0356812364,8.65932834,787,86.8044873,0.506
105648.453090,-0.678497414,-0.0134363091,0.0328703287,0.0328703287,8.66611943,787,91.9869467,0.506
105648.463118,-0.662880385,0.00362382222,0.0325978334,0.0325978334,8.67276085,787,88.1908308,0.506
105648.473146,-0.667682875,-0.00238516276,0.0358731853,0.0358731853,8.6794484,787,91.8156334,0.506
105648.483174,-0.66358502,-0.0137678291,0.037465926,0.037465926,8.6860924,787,92.989068,0.506
105648.493202,-0.652239789,-0.030785788,0.0402441018,0.0402441018,8.69261979,787,94.1594445,0.506
105648.503230,-0.629128732,-0.0465316351,0.0391924749,0.0391924749,8.69891476,787,106.328899,0.506
105648.513258,-0.602207405,-0.0693935685,0.0360735211,0.0360735211,8.7049388,787,110.306654,0.506
105648.523286,-0.59167533,-0.0876802638,0.0407433334,0.0407433334,8.71085705,787,96.3984187,0.506
105648.533315,-0.591707596,-0.0986117478,0.0442921858,0.0442921858,8.7167776,787,87.9589845,0.506
105648.543343,-0.590276882,-0.108383026,0.0544528406,0.0544528406,8.72268587,785,94.4808206,0.506
105648.553371,-0.590832752,-0.121121753,0.0629970502,0.0629970502,8.72860288,785,94.0598062,0.506
105648.563399,-0.59159148,-0.133902456,0.0705148588,0.0705148588,8.73453201,785,97.2304131,0.506
105648.573427,-0.592782708,-0.144261879,0.0773063028,0.0773063028,8.74047894,785,93.8954699,0.506
105648.583455,-0.594931368,-0.15176156,0.0835487435,0.0835487435,8.74645416,785,94.171464,0.506
105648.593483,-0.598557469,-0.155076502,0.089357394,0.089357394,8.75247266,785,96.378077,0.506
105648.603511,-0.603040244,-0.153841182,0.0948120659,0.0948120659,8.75854242,785,86.2754358,0.506
105648.613539,-0.606940299,-0.149497015,0.099970672,0.099970672,8.76465657,785,89.3774848,0.506
105648.623568,-0.609631267,-0.141825201,0.104877343,0.104877343,8.77080208,785,91.4508027,0.506
105648.633596,-0.610757765,-0.131006043,0.109565002,0.109565002,8.77696017,785,95.6514158,0.506
105648.643624,-0.703008894,-0.0590575434,0.0632720773,0.0632720773,8.78401574,787,84.7092557,0.506
105648.653652,-0.713151165,-0.0398575054,0.0482669187,0.0482669187,8.79116673,787,76.6755032,0.506
105648.663680,-0.715376018,-0.00900010697,0.0433306001,0.0433306001,8.79833074,787,84.5315836,0.506
105648.673708,-0.707361887,0.0102863085,0.0465772488,0.0465772488,8.80540982,787,93.566985,0.506
105648.683736,-0.690613797,0.0141789484,0.0480949447,0.0480949447,8.81232204,787,83.0797747,0.506
105648.693764,-0.692245962,0.0127817747,0.0575899636,0.0575899636,8.81925131,785,75.7127896,0.506
105648.703793,-0.693530774,0.0121128037,0.0657300184,0.0657300184,8.82619464,785,72.2449578,0.506
105648.713821,-0.694028711,0.0133203861,0.0729683465,0.0729683465,8.83314233,785,68.6916778,0.506
105648.723849,-0.633577522,-0.031197866,0.0579410977,0.0579410977,8.83950134,787,80.9252801,0.506
105648.733877,-0.611490862,-0.0718784672,0.0442085352,0.0442085352,8.84565194,787,80.0707746,0.506
105648.743905,-0.61550998,-0.0916214269,0.0372879492,0.0372879492,8.8518491,787,78.9312838,0.506
105648.753933,-0.627999975,-0.0603464862,0.033028306,0.033028306,8.85816213,787,79.7941199,0.506
105648.763961,-0.635314808,-0.0535582957,0.0334619945,0.0334619945,8.86454612,787,73.9575162,0.506
105648.773989,-0.638590979,-0.0497117487,0.0355449565,0.0355449565,8.87096172,787,71.4762732,0.506
105648.784017,-0.632580312,-0.0285308148,0.036046837,0.036046837,8.87731092,787,71.0648989,0.506
105648.794046,-0.621747542,-0.0124167629,0.0383611576,0.0383611576,8.88354796,787,71.1540037,0.506
105648.804074,-0.604168546,-0.0153865579,0.0370258432,0.0370258432,8.88961089,787,76.9405645,0.506
105648.814102,-0.593874202,-0.0192178492,0.0374148732,0.0374148732,8.89557286,787,76.3520448,0.506
105648.824130,-0.599601158,-0.0266467463,0.0364774255,0.0364774255,8.90159401,787,77.3357167,0.506
105648.834159,-0.595205682,-0.0244411881,0.0344378981,0.0344378981,8.90757138,787,76.9987832,0.506
105648.844187,-0.591182675,-0.0107688092,0.0351077347,0.0351077347,8.91350368,787,81.960946,0.506
105648.854215,-0.587473964,-0.0122719313,0.0344884883,0.0344884883,8.91939962,787,76.6269168,0.506
105648.864243,-0.578277812,-0.00963578234,0.0355574592,0.0355574592,8.92520339,787,69.2123234,0.506
105648.874272,-0.582220676,-0.0151374097,0.0355414808,0.0355414808,8.93104855,787,72.3632825,0.506
105648.884300,-0.581757253,-0.0249601107,0.0351425812,0.0351425812,8.9368916,787,70.1777985,0.506
105648.894328,-0.584584975,-0.0113976048,0.0378975544,0.0378975544,8.94275828,787,63.3929747,0.506
105648.904356,-0.572197017,0.00259208771,0.0370767454,0.0370767454,8.94849757,787,68.3693664,0.506
105648.914384,-0.565227357,-0.0149344989,0.038192337,0.038192337,8.95417312,787,68.3760237,0.506
105648.924412,-0.5728934,-0.0260989947,0.0384998781,0.0384998781,8.95992814,787,69.0872255,0.506
105648.934440,-0.56345803,-0.0165883106,0.0373907132,0.0373907132,8.96558646,787,67.4485188,0.506
105648.944469,-0.566692153,-0.00824745067,0.0393223179,0.0393223179,8.97127472,787,63.0729115,0.506
105648.954497,-0.561485828,-0.000291337764,0.0373126038,0.0373126038,8.97690824,787,65.8023691,0.506
105648.964525,-0.568184448,0.000899172971,0.0385795512,0.0385795512,8.98260786,787,64.4042881,0.506
105648.974553,-0.574374921,0.00941135748,0.0399605388,0.0399605388,8.98836645,787,59.5860169,0.506
105648.984581,-0.58115598,0.0169800563,0.0398213181,0.0398213181,8.99419035,787,56.2087644,0.506
105648.994609,-0.586185645,0.0245157583,0.043020883,0.043020883,9.00006245,787,57.2512019,0.506
105649.004637,-0.596920879,0.0276607181,0.043664626,0.043664626,9.00604077,787,62.9030228,0.506
105649.014665,-0.600600072,0.0362901687,0.0482209498,0.0482209498,9.01205412,787,56.8080397,0.506
105649.024694,-0.60265566,0.0387927374,0.0576952864,0.0576952864,9.01808873,785,54.1648137,0.506
105649.034722,-0.605693866,0.0420064897,0.0658204423,0.0658204423,9.02415309,785,51.4831002,0.506
105649.044750,-0.607707461,0.0453451626,0.0730487422,0.0730487422,9.03023776,785,55.8656942,0.506
105649.054778,-0.608198231,0.049220189,0.079624821,0.079624821,9.03632769,785,54.3149894,0.506
105649.064806,-0.609014376,0.0539006295,0.0856989563,0.0856989563,9.04242616,785,60.4910088,0.506
105649.074834,-0.609850739,0.0566924765,0.0913713678,0.0913713678,9.04853385,785,53.6904022,0.506
105649.084862,-0.613017816,0.0563022591,0.0967128984,0.0967128984,9.05467435,785,56.6158771,0.506
105649.094891,-0.522481158,-0.0209552744,0.0569782895,0.0569782895,9.05992507,787,61.9385767,0.506
105649.104919,-0.53376656,-0.0472871013,0.0399980749,0.0399980749,9.06529029,787,67.255165,0.506
105649.114947,-0.557130527,-0.0479645932,0.0436330062,0.0436330062,9.07088796,787,71.510547,0.506
105649.124975,-0.584551613,-0.00763991048,0.0446571596,0.0446571596,9.07675264,787,66.9415155,0.506
105649.135003,-0.612789068,0.0393684666,0.044711737,0.044711737,9.08289168,787,76.264853,0.506
105649.145031,-0.622319191,0.0649263356,0.0389036327,0.0389036327,9.08912351,787,69.3683679,0.506
105649.155059,-0.611210116,0.0685359617,0.0383359889,0.0383359889,9.09524644,787,67.4098034,0.506
105649.165087,-0.593076123,0.0558412104,0.0439999306,0.0439999306,9.10119168,787,73.961589,0.506
105649.175116,-0.555849013,0.0182099913,0.043857649,0.043857649,9.10677043,787,79.2254241,0.506
105649.185144,-0.528585688,0.00517443468,0.0426353766,0.0426353766,9.11207848,787,70.3693369,0.506
105649.195172,-0.525266814,0.0010233886,0.0422407986,0.0422407986,9.11735363,787,75.3692881,0.506
105649.205200,-0.526260785,-0.0127046122,0.0423447662,0.0423447662,9.12263908,787,72.3757307,0.506
105649.215228,-0.522271164,-0.0143913225,0.0463594016,0.0463594016,9.12788489,787,80.2040193,0.506
105649.225256,-0.529798225,-0.0162499031,0.0475694818,0.0475694818,9.13320543,787,82.8534678,0.506
105649.235285,-0.542999899,-0.0192990336,0.0506074453,0.0506074453,9.13865769,787,78.221717,0.506
105649.245313,-0.550850515,-0.0122772974,0.0508449593,0.0508449593,9.14418689,787,73.0598304,0.506
105649.255341,-0.551684335,-0.00916057225,0.0469931846,0.0469931846,9.14972411,787,71.6603769,0.506
105649.265369,-0.544670437,-0.0110468032,0.0485753842,0.0485753842,9.15519173,787,72.5299754,0.506
105649.275397,-0.533100309,-0.0144718893,0.0482031902,0.0482031902,9.16054463,787,74.6797536,0.506
105649.285425,-0.535113846,-0.0151998051,0.0576795039,0.0576795039,9.16591749,785,74.4911471,0.506
105649.295453,-0.538996568,-0.0147678736,0.0658065945,0.0658065945,9.1713288,785,77.1075408,0.506
105649.305482,-0.54626368,-0.01342174,0.0730369579,0.0730369579,9.17681264,785,76.2158372,0.506
105649.315510,-0.555661295,-0.0113929247,0.079614068,0.079614068,9.18238901,785,81.2441615,0.506
105649.325538,-0.564619752,-0.00921512498,0.0856891421,0.0856891421,9.18805409,785,68.6344192,0.506
105649.335566,-0.633475542,0.0222653058,0.0617696281,0.0617696281,9.19440028,787,74.1033214,0.506
105649.345594,-0.641844077,0.0400455859,0.044519581,0.044519581,9.20082876,787,78.0639354,0.506
105649.355622,-0.630663428,0.0380542301,0.0327960203,0.0327960203,9.20714707,787,71.630542,0.506
105649.365650,-0.612871437,0.045027228,0.0342900531,0.0342900531,9.21328912,787,72.9616414,0.506
105649.375679,-0.588267725,0.0384519195,0.0358644238,0.0358644238,9.21918834,787,64.1480042,0.506
105649.385707,-0.557997885,0.0401959989,0.0384506103,0.0384506103,9.22478692,787,68.7442994,0.506
105649.395735,-0.54141233,0.0319502504,0.0400053054,0.0400053054,9.23022122,787,71.6755342,0.506
105649.405763,-0.527666126,0.0113023254,0.0406488446,0.0406488446,9.23551898,787,70.1727838,0.506
105649.415791,-0.526720139,-0.00674958127,0.0450106765,0.0450106765,9.24080706,787,79.230924,0.506
105649.425819,-0.532875023,-0.0140436205,0.0463992971,0.0463992971,9.24615612,787,78.5037947,0.506
105649.435848,-0.542826643,-0.017225157,0.0500273751,0.0500273751,9.2516045,787,78.465176,0.506
105649.445876,-0.560468095,-0.020331577,0.0513922419,0.0513922419,9.25722754,787,75.2962525,0.506
105649.455904,-0.595491742,-0.0141864566,0.0472829302,0.0472829302,9.26319835,787,76.0328097,0.506
105649.465932,-0.621603176,-0.0104852228,0.0449855835,0.0449855835,9.26942843,787,67.5581909,0.506
105649.475960,-0.637497342,0.0248867217,0.0398713818,0.0398713818,9.27581593,787,69.0947713,0.506
105649.485988,-0.632444547,0.0382197865,0.0431049077,0.0431049077,9.2821536,787,72.3456518,0.506
105649.496016,-0.620594258,0.0423295666,0.0455697075,0.0455697075,9.28837425,787,70.6213619,0.506
105649.506045,-0.614275529,0.0441221299,0.0554979753,0.0554979753,9.29453346,785,69.3137671,0.506
105649.516073,-0.609850785,0.0452099731,0.0639027193,0.0639027193,9.30064882,785,72.2580921,0.506
105649.526101,-0.607594824,0.0439880033,0.0713252842,0.0713252842,9.30674233,785,66.2425777,0.506
105649.536129,-0.607216918,0.0401666908,0.0780464086,0.0780464086,9.31283239,785,73.5809957,0.506
105649.546157,-0.60851479,0.0344687121,0.0842341515,0.0842341515,9.31893532,785,72.4255631,0.506
105649.556185,-0.610717127,0.0269436912,0.0899985875,0.0899985875,9.32505976,785,80.1162911,0.506
105649.566214,-0.612029879,0.0181873559,0.0954169986,0.0954169986,9.3311972,785,80.7333495,0.506
105649.576242,-0.611321704,0.00886800199,0.100544351,0.100544351,9.33732619,785,80.6443852,0.506
105649.586270,-0.608893519,0.000347967914,0.105423595,0.105423595,9.34343031,785,76.3248984,0.506
105649.596298,-0.605437811,-0.00622511403,0.110087733,0.110087733,9.34949956,785,71.8668691,0.506
105649.606326,-0.601557452,-0.0120126612,0.114563076,0.114563076,9.35552986,785,72.8730517,0.506
105649.616354,-0.597632461,-0.0169919086,0.118871044,0.118871044,9.36152093,785,60.7347114,0.506
105649.626383,-0.495953337,-0.0507500769,0.0508137917,0.0508137917,9.36650091,787,67.3283778,0.506
105649.636411,-0.491551714,-0.0473101505,0.0435144844,0.0435144844,9.3714376,787,62.9631019,0.506
105649.646439,-0.487900541,-0.0316848984,0.0374600629,0.0374600629,9.3763391,787,63.8879678,0.506
105649.656467,-0.477540654,-0.0339394487,0.0384139207,0.0384139207,9.38113785,787,57.3542222,0.506
105649.666495,-0.480100573,-0.0253277955,0.0414183089,0.0414183089,9.38596229,787,64.724564,0.506
105649.676523,-0.480786015,-0.0246021838,0.0431771172,0.0431771172,9.39079356,787,67.4652769,0.506
105649.686552,-0.481900927,-0.0248790381,0.047249496,0.047249496,9.3956364,787,70.1718443,0.506
105649.696580,-0.482117677,-0.0128274838,0.0472487036,0.0472487036,9.40048075,787,70.0529555,0.506
105649.706608,-0.505545453,-0.0175017369,0.0488133029,0.0488133029,9.40555767,787,59.6153106,0.506
105649.716636,-0.50782896,0.00955207926,0.0467120003,0.0467120003,9.41065673,787,68.6411777,0.506
105649.726664,-0.535376854,0.00946943686,0.0390506777,0.0390506777,9.41602922,787,56.7023061,0.506
105649.736692,-0.527979615,0.000466431465,0.0393508685,0.0393508685,9.4213283,787,55.9182414,0.506
105649.746721,-0.529874678,0.0150775395,0.0407197292,0.0407197292,9.42664654,787,54.3842136,0.506
105649.756749,-0.526321627,0.0123470233,0.0459871905,0.0459871905,9.43192897,787,54.8247662,0.506
105649.766777,-0.516550931,0.00194441096,0.0491088747,0.0491088747,9.43711431,787,54.4844231,0.506
105649.776805,-0.494572033,-0.0165581878,0.0472656291,0.0472656291,9.44208135,787,59.7271094,0.506
105649.786833,-0.491845815,-0.0304759132,0.0462347654,0.0462347654,9.44702145,787,65.2436643,0.506
105649.796862,-0.480538123,-0.0548795216,0.0401918457,0.0401918457,9.45185064,787,61.2195053,0.506
105649.806890,-0.492032254,-0.0651266971,0.0366292362,0.0366292362,9.45679486,787,71.4136747,0.506
105649.816918,-0.523431339,-0.0548537793,0.0326076545,0.0326076545,9.46205128,787,70.5633927,0.506
105649.826946,-0.548392946,-0.0099669702,0.0339882988,0.0339882988,9.4675526,787,69.4957073,0.506
105649.836973,-0.540229715,-0.00472883218,0.0372577426,0.0372577426,9.47297191,787,67.8547825,0.506
105649.847001,-0.538322141,9.90431525e-06,0.0405827753,0.0405827753,9.47837242,787,66.8414393,0.506
105649.857030,-0.527207447,-0.00670847928,0.0461200716,0.0461200716,9.48366356,787,59.8695784,0.506
105649.867058,-0.493706348,-0.0308991593,0.046209824,0.046209824,9.48862343,787,72.6820955,0.506
105649.877086,-0.467146484,-0.0513538347,0.0457292724,0.0457292724,9.49332172,787,82.6411146,0.506
105649.887114,-0.463053803,-0.0902152481,0.0389370221,0.0389370221,9.49798482,787,82.0740619,0.506
105649.897142,-0.468359002,-0.0955985857,0.0323120195,0.0323120195,9.50270379,787,71.3507165,0.506
105649.907170,-0.4844896,-0.0923702492,0.0372165345,0.0372165345,9.50758485,787,72.9045781,0.506
105649.917199,-0.509051953,-0.0838672762,0.0391615081,0.0391615081,9.51271069,787,71.2541006,0.506
105649.927227,-0.525110917,-0.0796267821,0.0423262801,0.0423262801,9.5179962,787,68.7385587,0.506
105649.937255,-0.525917712,-0.0638911688,0.0429452396,0.0429452396,9.52328709,787,73.5637704,0.506
105649.947283,-0.520405174,-0.060616184,0.0393233912,0.0393233912,9.52852321,787,77.711823,0.506
105649.957311,-0.535942558,-0.0796149847,0.0400964527,0.0400964527,9.53391989,787,74.7271466,0.506
105649.967340,-0.543751876,-0.0904164046,0.0398139272,0.0398139272,9.53939954,787,78.9104894,0.506
105649.977368,-0.541480364,-0.0935351588,0.0440492315,0.0440492315,9.54485908,787,85.6236256,0.506
105649.987396,-0.544586363,-0.0845429955,0.0474423211,0.0474423211,9.55034799,787,83.4402136,0.506
105649.997424,-0.547513291,-0.0645104788,0.0479938901,0.0479938901,9.55585946,787,82.1403048,0.506
105650.007452,-0.559630692,-0.0595443742,0.0575046937,0.0575046937,9.56148979,785,88.2630193,0.506
105650.017481,-0.571134157,-0.0532153857,0.0656542486,0.0656542486,9.56723267,785,90.4463727,0.506
105650.027509,-0.580840164,-0.0463200587,0.0728991786,0.0728991786,9.57306868,785,89.8590558,0.506
105650.037537,-0.588433409,-0.0381437135,0.0794878864,0.0794878864,9.57897673,785,95.4327665,0.506
105650.047565,-0.593835806,-0.0293341066,0.0855720732,0.0855720732,9.58493469,785,106.437489,0.506
105650.057593,-0.596126429,-0.0216741442,0.0912526545,0.0912526545,9.59091218,785,102.633631,0.506
105650.067621,-0.580292412,-0.0142611772,0.0566044839,0.0566044839,9.59672952,787,94.4395678,0.506
105650.077650,-0.573920729,-0.0093271033,0.0524659289,0.0524659289,9.60248224,787,89.5507338,0.506
105650.087678,-0.569566746,-0.0122303884,0.0498741031,0.0498741031,9.60819251,787,91.0764532,0.506
105650.097706,-0.576351727,-0.0111880146,0.0439701816,0.0439701816,9.61396974,787,96.3172198,0.506
105650.107734,-0.580029876,-0.0118469557,0.0420601767,0.0420601767,9.61978383,787,103.018969,0.506
105650.117762,-0.569591911,-0.0141420139,0.0368724795,0.0368724795,9.62549539,787,96.4815068,0.506
105650.127791,-0.549276633,-0.00139891556,0.0375010705,0.0375010705,9.63100092,787,89.6588978,0.506
105650.137819,-0.541233321,-0.00121053101,0.0395405842,0.0395405842,9.63642616,787,90.2436346,0.506
105650.147847,-0.538738341,-0.0141875127,0.0411673611,0.0411673611,9.64183174,787,83.9045998,0.506
105650.157875,-0.538277868,-0.0260627501,0.0451197612,0.0451197612,9.64723732,787,84.4948473,0.506
105650.167903,-0.534527385,-0.044077768,0.0448323399,0.0448323399,9.65261274,787,83.6835967,0.506
105650.177932,-0.530303591,-0.0467050653,0.0477529875,0.0477529875,9.657948,787,77.0359958,0.506
105650.187960,-0.535841179,-0.0429237145,0.0472175995,0.0472175995,9.66333628,787,71.1897067,0.506
105650.197988,-0.53798713,-0.0405416196,0.0489497473,0.0489497473,9.66874496,787,79.4412799,0.506
105650.208016,-0.540304239,-0.0342564264,0.0489744095,0.0489744095,9.67417405,787,78.9550729,0.506
105650.218044,-0.544966518,-0.0198129475,0.044719312,0.044719312,9.67964329,787,85.1736007,0.506
105650.228073,-0.556921885,-0.017727586,0.0434341229,0.0434341229,9.6852308,787,86.9079985,0.506
105650.238101,-0.562446382,-0.00406439601,0.0386737394,0.0386737394,9.6908669,787,93.4016813,0.506
105650.248129,-0.566991389,-0.00845631162,0.0378098341,0.0378098341,9.69655003,787,85.8906359,0.506
105650.258157,-0.55731699,0.0110777455,0.0381062473,0.0381062473,9.7021295,787,84.8262464,0.506
105650.268185,-0.568388985,0.00103127014,0.0379405592,0.0379405592,9.70782308,787,76.1700595,0.506
105650.278214,-0.568921507,-0.00221597131,0.042302211,0.042302211,9.71352398,787,70.5228804,0.506
105650.288242,-0.570400643,-0.0127087373,0.0436197152,0.0436197152,9.71924308,787,77.1852108,0.506
105650.298270,-0.568798105,-0.0249315628,0.0473262313,0.0473262313,9.72495093,787,75.4683008,0.506
105650.308298,-0.566655235,-0.0399325352,0.0498722063,0.0498722063,9.73064328,787,72.843341,0.506
105650.318326,-0.565420937,-0.0466839734,0.0590818248,0.0590818248,9.73632617,785,72.0869564,0.506
105650.328354,-0.56277934,-0.0543064944,0.0670395362,0.0670395362,9.74198615,785,67.7756787,0.506
105650.338383,-0.558700565,-0.0625031947,0.07415013,0.07415013,9.74761002,785,62.6955245,0.506
105650.348411,-0.552247849,-0.0698756619,0.0806367392,0.0806367392,9.75317305,785,58.6933884,0.506
105650.358439,-0.54549287,-0.0748763647,0.086640199,0.086640199,9.75867208,785,57.9282756,0.506
105650.368467,-0.516339546,-0.0723021925,0.0574594795,0.0574594795,9.76388162,787,61.7602132,0.506
105650.378496,-0.512407471,-0.0736103583,0.0656145491,0.0656145491,9.76905405,785,57.7169447,0.506
105650.388524,-0.509171029,-0.0479100199,0.0535019289,0.0535019289,9.77418179,787,55.5191093,0.506
105650.398552,-0.509684885,-0.0457022861,0.0505891374,0.0505891374,9.77931361,787,57.7788078,0.506
105650.408580,-0.511797983,-0.0400134271,0.0481023167,0.0481023167,9.78446356,787,51.3082993,0.506
105650.418608,-0.524359278,-0.0261816935,0.0423607441,0.0423607441,9.78973101,787,54.7343537,0.506
105650.428637,-0.52691871,-0.0116070733,0.0414598043,0.0414598043,9.79501697,787,51.7151272,0.506
105650.438665,-0.531521669,-0.0150238309,0.0376243002,0.0376243002,9.80034978,787,51.9610758,0.506
105650.448693,-0.534801109,-0.0082847954,0.0397185728,0.0397185728,9.80571181,787,57.9055821,0.506
105650.458721,-0.546165599,-0.0158929108,0.0430003939,0.0430003939,9.81119033,787,49.9020699,0.506
105650.468749,-0.5565134,-0.0116069672,0.0444636404,0.0444636404,9.81676945,787,44.6220138,0.506
105650.478778,-0.55592321,-0.00366190108,0.049046196,0.049046196,9.82233959,787,42.8312379,0.506
105650.488806,-0.55750395,0.00262836573,0.0583859959,0.0583859959,9.82792214,785,41.4786613,0.506
105650.498834,-0.561144952,0.00778324932,0.0664268288,0.0664268288,9.83353879,785,46.0445985,0.506
105650.508862,-0.567742343,0.00951269922,0.0735957151,0.0735957151,9.83922053,785,49.2498506,0.506
105650.518890,-0.576904512,0.0077549113,0.0801270905,0.0801270905,9.84499437,785,49.2973495,0.506
105650.528919,-0.561992147,-0.0588436907,0.0594610734,0.0594610734,9.8506497,787,56.2537996,0.506
105650.538947,-0.563844131,-0.0893362745,0.0396871481,0.0396871481,9.85633717,787,59.1566764,0.506
105650.548975,-0.588576846,-0.0492941378,0.0335643536,0.0335643536,9.86225232,787,60.9608641,0.506
105650.559003,-0.615203288,-0.0352812995,0.0327897553,0.0327897553,9.86842514,787,62.7236898,0.506
105650.569032,-0.625479435,-0.0208919136,0.0330962933,0.0330962933,9.87469387,787,58.8500391,0.506
105650.579060,-0.64188645,-0.0168291677,0.0336330052,0.0336330052,9.88112299,787,58.1728999,0.506
105650.589088,-0.63109665,-0.0296409549,0.0355678715,0.0355678715,9.88745123,787,54.8902527,0.506
105650.599116,-0.62883175,-0.0369442553,0.0395463217,0.0395463217,9.89376055,787,54.6637741,0.506
105650.609144,-0.633848155,-0.0536894337,0.0392091568,0.0392091568,9.90012767,787,55.3415896,0.506
105650.619173,-0.621030542,-0.0593363038,0.0409470286,0.0409470286,9.90637137,787,55.9947602,0.506
105650.629201,-0.613975701,-0.0728244966,0.0403933127,0.0403933127,9.91255159,787,56.488991,0.506
105650.639229,-0.610883363,-0.0815767703,0.0360269579,0.0360269579,9.91870639,787,53.7159433,0.506
105650.649257,-0.615309076,-0.0885427169,0.0363355766,0.0363355766,9.92490975,787,56.1759936,0.506
105650.659285,-0.617309403,-0.099956466,0.035478717,0.035478717,9.93114048,787,55.3897448,0.506
105650.669314,-0.621172482,-0.120787678,0.0391144381,0.0391144381,9.93742389,787,56.697478,0.506
105650.679342,-0.61446981,-0.108138246,0.0433430704,0.0433430704,9.94363501,787,64.6742228,0.506
105650.689370,-0.618916389,-0.0846286456,0.0450318097,0.0450318097,9.94987712,787,64.1055783,0.506
105650.699398,-0.625694494,-0.0799836828,0.0475462613,0.0475462613,9.95618421,787,63.7233868,0.506
105650.709427,-0.638252953,-0.0576083358,0.0471925784,0.0471925784,9.96260242,787,65.0442579,0.506
105650.719455,-0.652581532,-0.0471498152,0.0491408392,0.0491408392,9.96915537,787,60.508114,0.506
105650.729483,-0.666067858,-0.0310020503,0.0496033287,0.0496033287,9.97583164,787,60.6336474,0.506
105650.739511,-0.669037992,-0.00410184594,0.0460009246,0.0460009246,9.98252044,787,58.9635511,0.506
105650.749539,-0.669759633,0.0109193442,0.0441752022,0.0441752022,9.98920782,787,57.527354,0.506
105650.759568,-0.671806,0.0291722082,0.0389109445,0.0389109445,9.99590642,787,56.8447614,0.506
105650.769596,-0.650518689,0.0321419048,0.0373037352,0.0373037352,10.0023934,787,61.4619012,0.506
105650.779624,-0.643315235,0.0174217327,0.0362869348,0.0362869348,10.0088188,787,67.6009481,0.506
105650.789652,-0.615277352,0.0208574028,0.0374314958,0.0374314958,10.0149654,787,75.7622091,0.506
105650.799681,-0.596167192,0.0266503095,0.0435781385,0.0435781385,10.0209212,787,74.0291522,0.506
105650.809709,-0.588095071,0.0346705867,0.0538734433,0.0538734433,10.0267935,785,79.5918835,0.506
105650.819737,-0.578857394,0.0426198261,0.0624967854,0.0624967854,10.0325719,785,87.4437245,0.506
105650.829765,-0.571468478,0.0485441417,0.0700682045,0.0700682045,10.038276,785,99.114555,0.506
105650.839794,-0.565791161,0.051016938,0.0768997043,0.0768997043,10.043925,785,96.8955078,0.506
105650.849823,-0.562267245,0.0509161494,0.0831732364,0.0831732364,10.0495411,785,92.6997915,0.506
105650.859851,-0.561536156,0.0487813045,0.0890063755,0.0890063755,10.0551518,785,86.1545257,0.506
105650.869879,-0.562394755,0.045986136,0.0944813687,0.0944813687,10.0607736,785,75.8269368,0.506
105650.879907,-0.659247508,0.0476227824,0.0575443762,0.0575443762,10.0673574,787,74.0708441,0.506
105650.889936,-0.669250572,0.0427447674,0.0464572265,0.0464572265,10.0740444,787,72.938817,0.506
105650.899964,-0.679413265,0.026997497,0.0362956533,0.0362956533,10.0808376,787,64.2319957,0.506
105650.909992,-0.657707981,0.0135203142,0.0336791277,0.0336791277,10.0874198,787,59.97508,0.506
105650.920020,-0.642221429,0.011953492,0.0393137852,0.0393137852,10.0938492,787,65.4857933,0.506
105650.930048,-0.616313492,0.00848821107,0.0413674303,0.0413674303,10.1000227,787,60.4902102,0.506
105650.940077,-0.593530651,0.0147074474,0.0445529566,0.0445529566,10.1059694,787,58.9274285,0.506
105650.950105,-0.580376711,0.0290878771,0.0452365665,0.0452365665,10.1117818,787,55.9689285,0.506
105650.960133,-0.587847468,0.0366504255,0.041915932,0.041915932,10.1176673,787,56.8941087,0.506
105650.970161,-0.591383873,0.0527016958,0.0427991013,0.0427991013,10.1235857,787,59.2748994,0.506
105650.980190,-0.609356881,0.0739615225,0.0398989806,0.0398989806,10.1296809,787,56.5703591,0.506
105650.990218,-0.621028378,0.0753460763,0.0408603875,0.0408603875,10.1358936,787,54.5278011,0.506
105651.000246,-0.624268273,0.0635525775,0.0429241017,0.0429241017,10.1421421,787,56.3554274,0.506
105651.010274,-0.619478175,0.064998348,0.0431875333,0.0431875333,10.1483447,787,55.9925813,0.506
105651.020303,-0.619611728,0.060814253,0.0466393111,0.0466393111,10.1545512,787,56.2956849,0.506
105651.030331,-0.607849321,0.0444704341,0.0465811012,0.0465811012,10.1606425,787,54.3360715,0.506
105651.040359,-0.594881421,0.0292837742,0.0487078385,0.0487078385,10.1666064,787,57.5732616,0.506
105651.050387,-0.576105179,0.0265708095,0.0489093725,0.0489093725,10.1723843,787,57.8544412,0.506
105651.060416,-0.561808416,0.0196144052,0.0453072752,0.0453072752,10.1780212,787,55.5807561,0.506
105651.070444,-0.555417342,0.0156474324,0.0458259819,0.0458259819,10.1835942,787,51.6278297,0.506
105651.080472,-0.532968661,0.0118029673,0.0431133021,0.0431133021,10.1889443,787,51.6306377,0.506
105651.090500,-0.521342868,0.0171240189,0.0439820575,0.0439820575,10.194179,787,51.5859398,0.506
105651.100528,-0.526147698,0.0135605891,0.0436291105,0.0436291105,10.1994613,787,48.2112317,0.506
105651.110557,-0.519545947,0.0118632104,0.0410564844,0.0410564844,10.2046785,787,49.4156909,0.506
105651.120585,-0.514798799,0.00311156079,0.0426878398,0.0426878398,10.209848,787,48.7179301,0.506
105651.130613,-0.503716114,-0.0084649259,0.0401858751,0.0401858751,10.2149072,787,58.7977852,0.506
105651.140641,-0.502714465,-0.0290703683,0.0410887743,0.0410887743,10.2199565,787,58.6872973,0.506
105651.150670,-0.493921388,-0.0126985409,0.0410584268,0.0410584268,10.2249189,787,58.5521234,0.506
105651.160698,-0.504781191,-0.0158572219,0.037701475,0.037701475,10.2299885,787,62.1663656,0.506
105651.170726,-0.51176449,-0.00624772903,0.0404465627,0.0404465627,10.2351272,787,65.0052177,0.506
105651.180754,-0.511179424,0.0336778715,0.0394190575,0.0394190575,10.2402592,787,63.9284087,0.506
105651.190783,-0.542712086,0.044149053,0.0407930968,0.0407930968,10.2457053,787,52.1622758,0.506
105651.200811,-0.556078141,0.0593953455,0.0427018169,0.0427018169,10.2512845,787,49.8139312,0.506
105651.210839,-0.559637224,0.0597885124,0.0482168502,0.0482168502,10.2569001,787,50.1453117,0.506
105651.220867,-0.561180112,0.06459733,0.0576909607,0.0576909607,10.2625325,785,49.4807438,0.506
105651.230896,-0.564015067,0.069726916,0.0658174239,0.0658174239,10.2681952,785,55.1118946,0.506
105651.240924,-0.56814324,0.0743223322,0.073046029,0.073046029,10.2739004,785,43.2099261,0.506
105651.250952,-0.575629606,0.0762250054,0.0796223268,0.0796223268,10.2796817,785,50.5134974,0.506
105651.260980,-0.545270101,0.0172577712,0.0592347563,0.0592347563,10.2851543,787,51.951611,0.506
105651.271009,-0.538003076,-0.0162279341,0.0489181533,0.0489181533,10.2905508,787,56.3851828,0.506
105651.281037,-0.544388769,-0.0154148232,0.0404887965,0.0404887965,10.2960103,787,58.7955443,0.506
105651.291065,-0.553002679,-0.0261697992,0.0396288725,0.0396288725,10.3015542,787,53.6474936,0.506
105651.301093,-0.568104153,-0.00976663524,0.0373013573,0.0373013573,10.3072501,787,51.9255847,0.506
105651.311122,-0.562736259,-0.00056519148,0.0391719286,0.0391719286,10.3128943,787,50.2950532,0.506
105651.321150,-0.548955704,-0.00693543024,0.0385045805,0.0385045805,10.3184004,787,51.6004008,0.506
105651.331178,-0.539603609,-0.0259559327,0.0362083458,0.0362083458,10.323812,787,55.7481467,0.506
105651.341206,-0.533395785,-0.0666314111,0.0360885453,0.0360885453,10.3291592,787,52.6549279,0.506
105651.351235,-0.55339309,-0.0735404409,0.0347852724,0.0347852724,10.3347069,787,54.2791498,0.506
105651.361263,-0.559535455,-0.0919373045,0.0405140647,0.0405140647,10.3403168,787,54.4122814,0.506
105651.371291,-0.568368289,-0.0865051436,0.0462085207,0.0462085207,10.3460172,787,55.3370284,0.506
105651.381319,-0.572632246,-0.0925608337,0.0560233205,0.0560233205,10.3517628,785,58.5801237,0.506
105651.391348,-0.576907318,-0.0978092158,0.0643608736,0.0643608736,10.3575547,785,58.7820578,0.506
105651.401376,-0.580802059,-0.102335096,0.0717366918,0.0717366918,10.3633882,785,61.2654659,0.506
105651.411404,-0.586014368,-0.10415905,0.0784232277,0.0784232277,10.3692768,785,67.164713,0.506
105651.421432,-0.593832537,-0.103482707,0.0845840981,0.0845840981,10.3752461,785,62.3194784,0.506
105651.431461,-0.603982051,-0.100658902,0.0903274294,0.0903274294,10.3813192,785,61.4306463,0.506
105651.441489,-0.616029266,-0.0964553241,0.0957272691,0.0957272691,10.3875129,785,55.297633,0.506
105651.451517,-0.630156942,-0.0907446128,0.100839305,0.100839305,10.3938477,785,58.3926953,0.506
105651.461545,-0.64410993,-0.085285447,0.105705352,0.105705352,10.4003213,785,53.8770465,0.506
105651.471574,-0.656197151,-0.0777373348,0.11035832,0.11035832,10.4069148,785,58.5953913,0.506
105651.481602,-0.666034013,-0.068983322,0.114823272,0.114823272,10.4136037,785,54.9254669,0.506
105651.491630,-0.743377659,-0.0368784248,0.062317865,0.062317865,10.4210501,787,54.2661989,0.506
105651.501658,-0.752406052,-0.00661971423,0.0492122235,0.0492122235,10.4285764,787,52.081031,0.506
105651.511687,-0.735824604,0.0186945181,0.0484604911,0.0484604911,10.4359313,787,59.2543552,0.506
105651.521715,-0.714653418,0.0391868519,0.0467516543,0.0467516543,10.4430702,787,61.5450317,0.506
105651.531743,-0.686014388,0.0620605348,0.0399620625,0.0399620625,10.4499201,787,57.356383,0.506
105651.541771,-0.676379543,0.0446958788,0.0364878755,0.0364878755,10.456681,787,58.4524222,0.506
105651.551800,-0.66326786,0.00637407542,0.0343045352,0.0343045352,10.4633225,787,56.0744707,0.506
105651.561828,-0.642438776,0.0402905613,0.0336426682,0.0336426682,10.4697494,787,62.1822141,0.506
105651.571856,-0.631369719,0.057460333,0.0325823873,0.0325823873,10.476064,787,74.1616437,0.506
105651.581884,-0.630068302,0.0570529986,0.0375692979,0.0375692979,10.4823674,787,72.5871042,0.506
105651.591913,-0.627062346,0.0453820304,0.0431213615,0.0431213615,10.488645,787,74.5892915,0.506
105651.601941,-0.622512841,0.041717568,0.0456268681,0.0456268681,10.4948784,787,67.3641598,0.506
105651.611969,-0.618697953,0.0455276533,0.0555441483,0.0555441483,10.5010743,785,83.2834031,0.506
105651.621998,-0.611468995,0.0495065633,0.0639436319,0.0639436319,10.5071996,785,92.5240912,0.506
105651.632026,-0.600149807,0.0529273486,0.0713619458,0.0713619458,10.5132126,785,78.6451263,0.506
105651.642054,-0.58633597,0.0557749875,0.0780800093,0.0780800093,10.5190894,785,75.7601868,0.506
105651.652082,-0.57069109,0.0561507304,0.0842655297,0.0842655297,10.524812,785,80.3789702,0.506
105651.662111,-0.556422935,0.0575400012,0.0900287625,0.0900287625,10.5303946,785,87.5922237,0.506
105651.672139,-0.683517038,0.0815900116,0.0438813588,0.0438813588,10.5372396,787,70.1920762,0.506
105651.682167,-0.68044505,0.0718890632,0.0343838979,0.0343838979,10.5440561,787,56.5427923,0.506
105651.692195,-0.663632198,0.0619931307,0.0396036256,0.0396036256,10.5507071,787,63.6295893,0.506
105651.702224,-0.644002685,0.0625904914,0.0427345784,0.0427345784,10.557165,787,56.7178208,0.506
105651.712252,-0.64174186,0.0559474263,0.0480239358,0.0480239358,10.5636005,787,55.5093951,0.506
105651.722280,-0.639320589,0.0515595474,0.0575297553,0.0575297553,10.5700125,785,62.8940418,0.506
105651.732308,-0.637186808,0.0427235165,0.0656753479,0.0656753479,10.576403,785,59.3801183,0.506
105651.742337,-0.635707658,0.0274383842,0.0729186859,0.0729186859,10.5827782,785,52.8907549,0.506
105651.752365,-0.631370345,0.0137739128,0.0795054909,0.0795054909,10.5891082,785,57.2090804,0.506
105651.762393,-0.623727753,0.00290419905,0.0855880637,0.0855880637,10.5953611,785,57.1202183,0.506
105651.772421,-0.612298283,-0.00659817252,0.091267278,0.091267278,10.6014994,785,59.6046312,0.506
105651.782450,-0.602391011,-0.0126765015,0.0966148232,0.0966148232,10.6075395,785,64.7394237,0.506
105651.792478,-0.594307523,-0.0165189138,0.101682094,0.101682094,10.6134984,785,71.3831342,0.506
105651.802506,-0.588795791,-0.0192689848,0.106509646,0.106509646,10.6194025,785,70.5789946,0.506
105651.812535,-0.518083528,-0.0414359047,0.0644385158,0.0644385158,10.6246034,787,62.9719267,0.506
105651.822563,-0.501134817,-0.0472506956,0.0434599204,0.0434599204,10.6296356,787,66.3823914,0.506
105651.832590,-0.521162326,-0.066413783,0.0416114073,0.0416114073,10.6348661,787,78.2163266,0.506
105651.842618,-0.537342112,-0.0684997558,0.0456549303,0.0456549303,10.6402591,787,80.4435044,0.506
105651.852647,-0.560764866,-0.0503295369,0.0475477921,0.0475477921,10.6458865,787,76.2641416,0.506
105651.862675,-0.573763604,-0.0388324391,0.0499957067,0.0499957067,10.651643,787,82.5514095,0.506
105651.872703,-0.574370767,-0.0365519332,0.0591860192,0.0591860192,10.6574059,785,65.3658808,0.506
105651.882731,-0.576055435,-0.0314243138,0.0671312364,0.0671312364,10.6631857,785,60.1187673,0.506
105651.892760,-0.576655931,0.0224293423,0.0529072777,0.0529072777,10.6689702,787,67.6174097,0.506
105651.902788,-0.569463172,0.0358267238,0.0499513548,0.0499513548,10.6746826,787,71.1211852,0.506
105651.912816,-0.561381625,0.0252745386,0.0468981051,0.0468981051,10.6803153,787,71.7100889,0.506
105651.922845,-0.54663991,0.00856849355,0.0412618487,0.0412618487,10.6858023,787,70.2202709,0.506
105651.932873,-0.542770338,-0.00642445555,0.0397030334,0.0397030334,10.6912503,787,76.8129698,0.506
105651.942901,-0.546969764,-0.036678254,0.0354202561,0.0354202561,10.6967404,787,70.7263481,0.506
105651.952929,-0.550288908,-0.0681492404,0.0338665825,0.0338665825,10.7022649,787,78.9469638,0.506
105651.962958,-0.543104619,-0.0778484571,0.0331816818,0.0331816818,10.7077206,787,68.134692,0.506
105651.972986,-0.538684222,-0.0947641666,0.0367239237,0.0367239237,10.7131353,787,68.7701084,0.506
105651.983014,-0.533507177,-0.100623748,0.0438368054,0.0438368054,10.7185018,787,66.5735421,0.506
105651.993043,-0.527647134,-0.105489043,0.0540839231,0.0540839231,10.7238143,785,67.3932613,0.506
105652.003071,-0.520541898,-0.109287065,0.062678526,0.062678526,10.7290596,785,70.1628356,0.506
105652.013099,-0.514283236,-0.111908671,0.0702306962,0.0702306962,10.7342464,785,71.8435575,0.506
105652.023127,-0.507670014,-0.115086123,0.0770476052,0.0770476052,10.7393717,785,72.0851585,0.506
105652.033156,-0.501908272,-0.119705279,0.0833105345,0.0833105345,10.7444451,785,66.2571681,0.506
105652.043184,-0.500000588,-0.125580259,0.0891351975,0.0891351975,10.7495045,785,68.1302261,0.506
105652.053212,-0.500846729,-0.131651297,0.0946030766,0.0946030766,10.7545785,785,64.8462513,0.506
105652.063240,-0.503812728,-0.137845419,0.0997728192,0.0997728192,10.7596886,785,65.3905718,0.506
105652.073269,-0.5084841,-0.143565426,0.104689004,0.104689004,10.7648527,785,71.1940958,0.506
105652.083297,-0.511662166,-0.147551136,0.109384782,0.109384782,10.7700545,785,62.4673983,0.506
105652.093325,-0.51382841,-0.148930738,0.113887812,0.113887812,10.7752836,785,66.2964488,0.506
105652.103354,-0.514839673,-0.148507919,0.118220601,0.118220601,10.7805279,785,66.5595223,0.506
105652.113382,-0.589693821,-0.0980426315,0.067769008,0.067769008,10.7864873,787,63.6573624,0.506
105652.123410,-0.618905464,-0.0979927025,0.0497632389,0.0497632389,10.7927375,787,68.4427169,0.506
105652.133438,-0.622109472,-0.0933163596,0.0453086809,0.0453086809,10.7990178,787,65.272281,0.506
105652.143467,-0.615630068,-0.0667122909,0.0404856471,0.0404856471,10.8052181,787,67.8221666,0.506
105652.153495,-0.619117957,-0.0620479258,0.0399744108,0.0399744108,10.8114497,787,71.0004159,0.506
105652.163523,-0.637147367,-0.0541628151,0.0388890208,0.0388890208,10.8178548,787,69.4853342,0.506
105652.173552,-0.640647194,-0.0671293701,0.0354263806,0.0354263806,10.8243041,787,68.4340343,0.506
105652.183580,-0.654215255,-0.0384721681,0.0358356204,0.0358356204,10.8308682,787,69.5690656,0.506
105652.193608,-0.665954865,-0.00923823047,0.0332977681,0.0332977681,10.8375295,849,60.8646575,0.506
105652.203637,-0.718090332,0.0115155315,0.037968725,0.037968725,10.8446953,787,68.35004,0.506
105652.213665,-0.729549431,0.015941785,0.0458173715,0.0458173715,10.8519726,787,54.7722031,0.506
105652.223693,-0.734589883,0.0206229774,0.0557014092,0.0557014092,10.8592987,785,56.3100089,0.506
105652.233721,-0.735751738,0.0180832193,0.0640804831,0.0640804831,10.8666393,785,59.1104756,0.506
105652.243750,-0.732423566,0.00960427103,0.071486193,0.071486193,10.873954,785,64.548206,0.506
105652.253778,-0.725868876,-0.000457291924,0.0781940263,0.0781940263,10.8812094,785,53.5737034,0.506
105652.263806,-0.716258583,-0.0102024015,0.0843711369,0.0843711369,10.8883755,785,56.6008291,0.506
105652.273835,-0.702059979,-0.0182396868,0.0901273814,0.0901273814,10.8954063,785,55.3628679,0.506
105652.283863,-0.600820773,-0.103975868,0.0622034577,0.0622034577,10.9014788,787,52.7178618,0.506
105652.293891,-0.579655329,-0.10557782,0.0698069233,0.0698069233,10.9073441,785,59.421512,0.506
105652.303919,-0.559626007,-0.10253578,0.0766616604,0.0766616604,10.9130107,785,58.5811159,0.506
105652.313948,-0.542461599,-0.0973001593,0.0829541399,0.0829541399,10.918506,785,58.6053421,0.506
105652.323976,-0.551206995,-0.0679308456,0.0608676831,0.0608676831,10.92407,787,63.8604844,0.506
105652.334004,-0.559665993,-0.0749607571,0.0544170426,0.0544170426,10.9297225,787,65.5265931,0.506
105652.344033,-0.551897309,-0.0699342598,0.0629673431,0.0629673431,10.9352958,785,75.7682823,0.506
105652.354061,-0.541378662,-0.066631097,0.0704886152,0.0704886152,10.9407624,785,65.014986,0.506
105652.364089,-0.549514312,0.00510399252,0.050315792,0.050315792,10.9462624,787,69.5525945,0.506
105652.374117,-0.513145652,0.0595211793,0.0423640981,0.0423640981,10.9513684,787,82.000096,0.506
105652.384146,-0.439948006,0.0887632444,0.0343049412,0.0343049412,10.9557347,787,73.2606972,0.506
105652.394174,-0.376608517,0.120141213,0.0410736194,0.0410736194,10.9594597,849,74.464878,0.506
105652.404202,-0.320115135,0.164670341,0.0518680618,0.0518680618,10.9626093,785,80.0397359,0.506
105652.414231,-0.230250254,0.215579288,0.0607770542,0.0607770542,10.9648573,785,85.9983569,0.506
105652.424259,-0.132176877,0.232797747,0.0685387875,0.0685387875,10.966143,785,79.9460405,0.506
105652.434287,-0.0540945257,0.229041325,0.0755106286,0.0755106286,10.9666731,785,83.5624491,0.506
105652.444316,0.00990010921,0.227305051,0.0818958668,0.0818958668,10.9665859,785,80.3339399,0.506
105652.454344,0.0585779112,0.21933738,0.0878203983,0.0878203983,10.9660335,785,86.3317761,0.506
105652.464372,-0.0353470215,0.0125310692,0.0542266767,0.0542266767,10.9664361,787,96.2226655,0.506
105652.474400,-0.0512002667,-0.00597780724,0.0346194702,0.0346194702,10.9669965,787,140.387409,0.506
105652.484429,-0.0918649868,-0.026044462,0.0407608669,0.0407608669,10.9679613,787,175.388356,0.506
105652.494457,-0.119780913,-0.0537963456,0.0516221151,0.0516221151,10.9692052,785,88.62833,0.506
105652.504485,-0.143516255,-0.0799439667,0.0605684575,0.0605684575,10.9706884,785,88.0539114,0.506
105652.514514,-0.161908719,-0.0999894517,0.0683566173,0.0683566173,10.9723594,785,93.1337901,0.506
105652.524542,-0.176008895,-0.109354797,0.07534481,0.07534481,10.9741755,785,90.5362274,0.506
105652.534570,-0.183638136,-0.107112145,0.0817386129,0.0817386129,10.9760707,785,114.515732,0.506
105652.544599,-0.183994813,-0.0972895004,0.0876686652,0.0876686652,10.9779705,785,97.548048,0.506
105652.554627,-0.289037167,0.000368384063,0.0512201996,0.0512201996,10.9808852,787,99.1869424,0.506
105652.564655,-0.285505342,0.0123641917,0.0338783733,0.0338783733,10.983761,787,98.387862,0.506
105652.574684,-0.261252786,0.01346153,0.039361272,0.039361272,10.986396,787,95.2381317,0.506
105652.584712,-0.241143587,0.0193202655,0.0407442237,0.0407442237,10.9888293,787,97.6648859,0.506
105652.594740,-0.237763182,0.0223020789,0.0423162518,0.0423162518,10.9912282,787,101.637835,0.506
105652.604768,-0.244731628,0.0331797316,0.0421712505,0.0421712505,10.9936937,787,98.2399935,0.506
105652.614797,-0.250818794,0.0408385091,0.0410603024,0.0410603024,10.9962185,787,92.8390729,0.506
105652.624825,-0.267431552,0.0238501156,0.0440641995,0.0440641995,10.9989118,787,90.2659444,0.506
105652.634853,-0.266419038,0.0360888417,0.0426090003,0.0426090003,11.0015929,787,88.8926903,0.506
105652.644882,-0.268399209,0.0229618844,0.0451342783,0.0451342783,11.0042965,787,93.6685106,0.506
105652.654910,-0.275557267,0.000661512607,0.0449146715,0.0449146715,11.0070745,787,93.2348841,0.506
105652.664938,-0.290819487,-0.00218609367,0.0414111153,0.0414111153,11.0100042,787,84.0572543,0.506
105652.674967,-0.300682134,0.00604277728,0.0450896246,0.0450896246,11.0130306,787,99.1919729,0.506
105652.684995,-0.30663234,0.0237801806,0.0473273065,0.0473273065,11.0161129,787,90.4727734,0.506
105652.695023,-0.297619812,0.0291193591,0.0569493971,0.0569493971,11.0191051,785,86.0172092,0.506
105652.705052,-0.285823442,0.0361591468,0.0651682359,0.0651682359,11.0219801,785,73.0749719,0.506
105652.715080,-0.273005637,0.0437728846,0.0724614996,0.0724614996,11.0247272,785,77.1523718,0.506
105652.725108,-0.261545115,0.0521050637,0.0790863112,0.0790863112,11.0273608,785,78.6771671,0.506
105652.735136,-0.254324056,0.0619921155,0.0851987916,0.0851987916,11.0299234,785,74.7893159,0.506
105652.745165,-0.253390274,0.0696348766,0.0909029185,0.0909029185,11.0324787,785,74.7080437,0.506
105652.755193,-0.262050623,0.072910705,0.0962703363,0.0962703363,11.0351218,785,72.6122144,0.506
105652.765221,-0.268428176,0.0771122676,0.101355302,0.101355302,11.0378309,785,80.2901773,0.506
105652.775250,-0.273053459,0.0756165414,0.106198918,0.106198918,11.0405886,785,84.7465768,0.506
105652.785278,-0.275468222,0.0740433395,0.110832182,0.110832182,11.0433721,785,91.2099554,0.506
105652.795306,-0.273293928,0.0769997795,0.115281128,0.115281128,11.0461368,785,75.7056155,0.506
105652.805335,-0.274411744,0.0784651277,0.119566297,0.119566297,11.0489156,785,79.3585982,0.506
105652.815363,-0.280643023,0.0758269201,0.123703857,0.123703857,11.0517577,785,80.3612435,0.506
105652.825391,-0.288211666,0.0672059342,0.12770854,0.12770854,11.0546747,785,86.1994757,0.506
105652.835420,-0.183571321,0.0596044508,0.0518930329,0.0518930329,11.0565526,787,89.5843983,0.506
105652.845448,-0.178207375,0.0431211085,0.0450395652,0.0450395652,11.0583725,787,87.3590758,0.506
105652.855476,-0.182302848,0.0279768084,0.0418143776,0.0418143776,11.0602282,787,94.873874,0.506
105652.865505,-0.205764373,0.0434513704,0.0387951594,0.0387951594,11.0623223,787,87.1872782,0.506
105652.875533,-0.205742768,0.0414649159,0.0427859242,0.0427859242,11.0644157,787,85.0109096,0.506
105652.885561,-0.213812246,0.0487343082,0.0441710607,0.0441710607,11.0665923,787,76.4913999,0.506
105652.895590,-0.207010841,0.0548169462,0.0490130653,0.0490130653,11.0687048,787,79.5470232,0.506
105652.905618,-0.205484012,0.0551379492,0.0583593608,0.0583593608,11.0708029,785,78.4233218,0.506
105652.915646,-0.200538276,0.0533003153,0.0664055245,0.0664055245,11.072852,785,77.3754412,0.506
105652.925674,-0.194565679,0.0509860269,0.0735797201,0.0735797201,11.0748414,785,77.6322515,0.506
105652.935703,-0.190643675,0.0492546191,0.0801172307,0.0801172307,11.0767919,785,74.5509911,0.506
105652.945731,-0.190230007,0.0477944436,0.0861614486,0.0861614486,11.0787379,785,81.5464702,0.506
105652.955759,-0.191304718,0.0439403194,0.091809699,0.091809699,11.0806928,785,87.5400694,0.506
105652.965788,-0.192924694,0.0383437097,0.0971312458,0.0971312458,11.0826611,785,97.1192056,0.506
105652.975816,-0.143442904,0.00111110015,0.0567555338,0.0567555338,11.084117,787,105.144701,0.506
105652.985844,-0.141730717,0.00118845482,0.0430768715,0.0430768715,11.0855557,787,100.379538,0.506
105652.995873,-0.147454492,-0.00152140572,0.0418347956,0.0418347956,11.0870493,787,101.410894,0.506
105653.005901,-0.149583021,0.00491726592,0.0391424728,0.0391424728,11.0885673,787,100.357949,0.506
105653.015929,-0.151146103,-0.00867421129,0.0404746603,0.0404746603,11.0900928,787,100.795062,0.506
105653.025958,-0.164727801,-0.0301114466,0.0390544897,0.0390544897,11.0917415,787,93.5345396,0.506
105653.035986,-0.180691078,-0.0834378927,0.0378510435,0.0378510435,11.093523,787,83.0574366,0.506
105653.046014,-0.169456365,-0.0097668746,0.0406531701,0.0406531701,11.0952302,787,89.0205752,0.506
105653.056043,-0.153612424,-0.00765753891,0.0342026422,0.0342026422,11.0967813,787,98.195418,0.506
105653.066071,-0.132490838,-0.0127269728,0.0331897734,0.0331897734,11.0981203,787,95.398488,0.506
105653.076099,-0.141653883,-0.0200431085,0.0322842737,0.0322842737,11.099547,787,100.622275,0.506
105653.086128,-0.128876897,-0.0304667271,0.0323410938,0.0323410938,11.100843,787,102.362889,0.506
105653.096156,-0.122406778,-0.0637155973,0.0358947986,0.0358947986,11.102063,787,108.389484,0.506
105653.106184,-0.117236163,-0.0660036733,0.0398032407,0.0398032407,11.1032338,787,143.047126,0.506
105653.116213,-0.12052513,-0.0588633821,0.0458791151,0.0458791151,11.1044422,787,176.63172,0.506
105653.126241,-0.12381297,-0.0545298611,0.0485049291,0.0485049291,11.1056863,787,206.682623,0.506
105653.136269,-0.128567214,-0.0468479672,0.0482920045,0.0482920045,11.106981,787,162.310844,0.506
105653.146298,-0.132792436,-0.0441341014,0.0506352007,0.0506352007,11.1083196,787,195.192574,0.506
105653.156326,-0.137693903,-0.0282542835,0.0473092265,0.0473092265,11.1097101,787,165.626748,0.506
105653.166354,-0.131394337,-0.00253369802,0.0479762237,0.0479762237,11.1110415,787,112.098583,0.506
105653.176383,-0.127606192,0.00666221112,0.0487293235,0.0487293235,11.1123364,787,103.417055,0.506
105653.186411,-0.130209305,-0.00255930843,0.0468080987,0.0468080987,11.1136555,787,102.376868,0.506
105653.196439,-0.125166219,-0.0186876809,0.0458214371,0.0458214371,11.1149222,787,126.055405,0.506
105653.206468,-0.105261967,-0.0166592637,0.0358367863,0.0358367863,11.1159917,787,137.049417,0.506
105653.216496,-0.109392989,-0.0137200449,0.0338040307,0.0338040307,11.1171023,787,115.260913,0.506
105653.226524,-0.118032941,-4.37409842e-05,0.0354051753,0.0354051753,11.1182998,787,102.646557,0.506
105653.236553,-0.102646475,0.00932192585,0.0366119089,0.0366119089,11.1193452,787,121.136291,0.506
105653.246581,-0.113834867,-0.00241211512,0.0403184242,0.0403184242,11.1205001,787,105.665533,0.506
105653.256609,-0.116315856,-0.0478449944,0.0405063165,0.0405063165,11.121676,787,94.6915478,0.506
105653.266638,-0.112602381,-0.0610790738,0.0471464144,0.0471464144,11.1228166,787,102.743016,0.506
105653.276666,-0.110838194,-0.0594360294,0.0567993608,0.0567993608,11.1239422,785,104.073955,0.506
105653.286694,-0.103800568,-0.0525529469,0.0650367776,0.0650367776,11.125,785,85.6248935,0.506
105653.296723,-0.0940904837,-0.0450894721,0.0723445396,0.0723445396,11.1259624,785,77.3073354,0.506
105653.306751,-0.0841343894,-0.0365379128,0.0789799063,0.0789799063,11.126826,785,81.6134547,0.506
105653.316779,-0.101292891,0.041066641,0.0540479145,0.0540479145,11.1278494,787,82.2156345,0.506
105653.326808,-0.0935668622,0.0503971069,0.0482833738,0.0482833738,11.1287967,787,86.3491951,0.506
105653.336836,-0.0837578151,0.0562598265,0.0577470259,0.0577470259,11.1296484,785,85.92926,0.506
105653.346864,-0.000506451193,0.0300021476,0.0658663383,0.0658663383,11.1296755,785,0,0.506
105653.356893,0.0069791665,0.038793402,0.0730911881,0.0730911881,11.1296289,785,47.9464206,0.506
105653.366921,0.00237308261,0.043240802,0.0796640487,0.0796640487,11.1296294,785,62.8490405,0.506
105653.376949,0.0125602123,0.0337287309,0.0857353955,0.0857353955,11.1295289,785,61.6095708,0.506
105653.386978,-0.00247660363,0.0306010839,0.0914061971,0.0914061971,11.1295779,785,59.4565284,0.506
105653.397006,0.00840854794,0.0121457385,0.096745586,0.096745586,11.1295163,785,79.4266044,0.506
105653.407034,0.023110227,-0.0993859081,0.0456662421,0.0456662421,11.1292961,787,71.1374417,0.506
105653.417063,-0.00871673406,-0.0911544887,0.0486598548,0.0486598548,11.129401,787,55.620958,0.506
105653.427091,-0.00909999035,-0.0985164868,0.0580617704,0.0580617704,11.129519,785,73.8887345,0.506
105653.437119,0.00768762238,-0.0226166519,0.0525348209,0.0525348209,11.1294646,787,74.0220806,0.506
105653.447148,0.0204108125,-0.0204717018,0.0479705956,0.0479705956,11.1292837,787,70.6149485,0.506
105653.457176,0.0384920459,0.00921739984,0.0431213449,0.0431213449,11.1289176,787,78.8940441,0.506
105653.467204,0.0215844518,0.00490277476,0.0409890256,0.0409890256,11.1287198,787,87.577903,0.506
105653.477233,0.0136241769,-0.00104542435,0.0382211538,0.0382211538,11.1286017,787,79.082184,0.506
105653.487261,0.0127272347,-0.00296551419,0.0401705366,0.0401705366,11.1284924,787,77.0393679,0.506
105653.497289,0.0104831654,-0.00656844356,0.0410546425,0.0410546425,11.1284058,787,68.5610393,0.506
105653.507318,0.0107561118,-0.00226671193,0.0402575746,0.0402575746,11.1283153,787,67.956022,0.506
105653.517346,0.0118054811,-0.00511829957,0.0430408016,0.0430408016,11.1282147,787,69.8462541,0.506
105653.527374,0.0253125693,-0.0100713043,0.0423566713,0.0423566713,11.1279807,787,77.4193195,0.506
105653.537403,0.0282542001,-0.0108886361,0.044070003,0.044070003,11.1277174,787,65.2030168,0.506
105653.547431,0.033227649,-0.00203332728,0.0442810941,0.0442810941,11.1274026,787,71.4209074,0.506
105653.557460,0.0301099048,0.0113251295,0.0423696824,0.0423696824,11.1271153,787,67.1459993,0.506
105653.567488,0.031097738,0.0201693868,0.0444268379,0.0444268379,11.1268165,787,63.2957371,0.506
105653.577516,0.028851613,0.0289788002,0.0422650184,0.0422650184,11.1265388,787,73.7842387,0.506
105653.587545,0.0281569541,0.0335732091,0.0436862028,0.0436862028,11.1262685,787,63.7243606,0.506
105653.597573,0.0306162232,0.0252210354,0.0430037641,0.0430037641,11.1259755,787,69.6107201,0.506
105653.607601,0.0284992879,0.0183961747,0.0395766767,0.0395766767,11.1257043,787,68.3856772,0.506
105653.617630,0.0305378441,0.00905923901,0.0406196422,0.0406196422,11.1254131,787,69.8041842,0.506
105653.627658,0.0248992804,0.00483539817,0.0388700602,0.0388700602,11.1251778,787,78.6572139,0.506
105653.637686,0.0301101854,-0.000525283787,0.0403607932,0.0403607932,11.1248906,787,77.0271671,0.506
105653.647715,0.0331701037,-0.00387868455,0.0383366927,0.0383366927,11.1245726,787,79.4912926,0.506
105653.657743,0.0399368902,-0.00661790577,0.0393572866,0.0393572866,11.1241873,787,82.2594878,0.506
105653.667771,0.0296659194,0.00337450099,0.0378586693,0.0378586693,11.1239035,787,81.8997093,0.506
105653.677800,0.0236050754,-0.000312036411,0.0351061934,0.0351061934,11.1236796,787,99.2764463,0.506
105653.687828,0.0200010211,-0.00370555182,0.0350965222,0.0350965222,11.1234914,787,96.0351586,0.506
105653.697856,0.0143771086,-0.00510600997,0.0336047523,0.0336047523,11.1233588,787,100.710697,0.506
105653.707885,0.0154734707,0.000443633349,0.0337171896,0.0337171896,11.123215,787,112.879422,0.506
105653.717913,0.0133734997,-0.003450067,0.0328027555,0.0328027555,11.1230919,787,120.456908,0.506
105653.727941,0.00212973656,0.0012427486,0.0319551636,0.0319551636,11.1230801,787,127.51244,0.506
105653.737970,-0.00388100042,-0.0014223392,0.0320627663,0.0320627663,11.1231279,787,136.165089,0.506
105653.747998,-0.0100816829,-0.00358572326,0.0325606892,0.0325606892,11.1232372,787,128.697695,0.506
105653.758027,-0.00240257021,0.00184140064,0.0326316744,0.0326316744,11.1232699,819,103.249645,0.506
105653.768055,-0.00305714798,0.000256737076,0.0328082659,0.0328082659,11.1233089,819,87.9878372,0.506
105653.778083,-0.00274540727,0.00145765233,0.0328329794,0.0328329794,11.1233446,819,79.333655,0.506
105653.788112,-0.00226537822,0.00130323864,0.032946297,0.032946297,11.1233754,819,71.7726477,0.506
105653.798140,-0.00232562754,0.000294851642,0.0329224891,0.0329224891,11.1234067,819,75.4220909,0.506
105653.808168,-0.000192328866,0.0014798967,0.0329830215,0.0329830215,11.1234166,819,73.7811907,0.506
105653.818197,-0.000576508184,0.000524947571,0.0330240645,0.0330240645,11.1234302,819,59.2648694,0.506
105653.828225,0.000461883812,0.000301317745,0.0330331427,0.0330331427,11.1234334,819,48.998807,0.506
105653.838253,0.000833356166,0.000867400426,0.0330836229,0.0330836229,11.1234327,817,44.8034953,0.506
105653.848282,0.000155029179,0.00637953419,0.0458012229,0.0458012229,11.1234384,817,52.6822025,0.506
105653.858310,0.000773473667,0.00940311496,0.0556873752,0.0556873752,11.123438,817,54.8193879,0.506
105653.868339,0.00348832276,0.00724675757,0.0640681273,0.0640681273,11.1234107,817,55.3943061,0.506
105653.878367,0.0055274094,0.00507494513,0.071473613,0.071473613,11.123363,817,55.9961112,0.506
105653.888395,0.0084286786,0.00334930929,0.078182122,0.078182122,11.1232863,817,53.4071809,0.506
105653.898424,0.0188718324,-0.00258103824,0.0843607496,0.0843607496,11.1231055,817,56.4626676,0.506
105653.908452,0.0343046936,-0.00909524078,0.0901174554,0.0901174554,11.1227711,817,59.4991896,0.506
105653.918480,0.0515875124,-0.0143338981,0.0955290903,0.0955290903,11.1222652,817,58.4573176,0.506
105653.928509,0.0701029048,-0.0195957933,0.100651879,0.100651879,11.1215763,785,57.2351614,0.506
105653.938537,0.0870980729,-0.0257150842,0.105527063,0.105527063,11.1207208,785,60.8773726,0.506
105653.948565,0.101959221,-0.0330274786,0.110188035,0.110188035,11.1197223,785,58.2103465,0.506
105653.958594,0.115261715,-0.0403724724,0.11466134,0.11466134,11.1185997,785,61.4733787,0.506
105653.968622,0.127056403,-0.0465815015,0.11896708,0.11896708,11.1171384,785,66.0250802,0.506
105653.978651,0.137954677,-0.0495046323,0.123123328,0.123123328,11.1153682,785,70.2632963,0.506
105653.988679,0.148159701,-0.0506914542,0.127143874,0.127143874,11.1135528,785,83.2282697,0.506
105653.998707,0.157706086,-0.0526822303,0.131041633,0.131041633,11.1117078,785,80.4748704,0.506
105654.008736,0.165665623,-0.0551904215,0.134827664,0.134827664,11.1098617,785,83.6332789,0.506
105654.018764,0.174088615,-0.0581674669,0.138510433,0.138510433,11.1080303,785,74.8581941,0.506
105654.028792,0.184188922,-0.0602695306,0.142098394,0.142098394,11.106226,785,80.912806,0.506
105654.038821,0.195190666,-0.0604187805,0.145599052,0.145599052,11.1044826,785,75.309904,0.506
105654.048849,0.207797047,-0.0591641354,0.149018024,0.149018024,11.1028623,785,88.628,0.506
105654.058877,0.221864521,-0.0582253908,0.152361127,0.152361127,11.1015048,785,77.4617127,0.506
105654.068906,0.236051891,-0.0573901546,0.155633511,0.155633511,11.1006638,785,82.8929475,0.506
105654.078934,0.248246147,-0.0557736809,0.158838881,0.158838881,11.1006244,785,79.9438103,0.506
105654.088963,0.258254622,-0.0554425523,0.161981801,0.161981801,11.1014703,785,79.8168723,0.506
105654.098991,0.265888073,-0.0559258765,0.16506535,0.16506535,11.1029925,785,78.6903657,0.506
105654.109019,0.270094549,-0.0553099976,0.168093253,0.168093253,11.1049026,785,78.687624,0.506
105654.119048,0.276477455,-0.0558370726,0.17106871,0.17106871,11.1070517,785,78.4977933,0.506
105654.129076,0.284702783,-0.0584870526,0.173993471,0.173993471,11.1093732,785,68.9190111,0.506
105654.139104,0.295149409,-0.0636530283,0.176869965,0.176869965,11.111846,785,77.1521532,0.506
105654.149133,0.306659103,-0.07262315,0.179700833,0.179700833,11.1144643,785,73.4529503,0.506
105654.159161,0.322177835,-0.0881093399,0.182488126,0.182488126,11.1172676,785,73.4591938,0.506
105654.169190,0.333799114,-0.107324326,0.185235119,0.185235119,11.1204832,785,65.0435512,0.506
105654.179218,0.338457025,-0.117351434,0.187942699,0.187942699,11.1240264,785,62.7333802,0.506
105654.189246,0.336633279,-0.11782479,0.190612052,0.190612052,11.1275596,785,67.7557437,0.506
105654.199275,0.332060215,-0.114384027,0.193244678,0.193244678,11.1310412,785,77.4236625,0.506
105654.209303,0.327414503,-0.108486042,0.195841818,0.195841818,11.1344598,785,87.940611,0.506
105654.219331,0.324518808,-0.102502862,0.198405546,0.198405546,11.1378316,785,71.8766583,0.506
105654.229360,0.32451157,-0.0980113794,0.200937493,0.200937493,11.1411896,785,77.2935166,0.506
105654.239388,0.327645071,-0.0951702101,0.203438213,0.203438213,11.1445686,785,77.8980147,0.506
105654.249417,0.333240027,-0.0946978792,0.205909186,0.205909186,11.1480008,785,88.0335261,0.506
105654.259445,0.338480892,-0.0929611216,0.208351043,0.208351043,11.1514779,785,87.6146732,0.506
105654.269473,0.344075849,-0.0955725542,0.210765034,0.210765034,11.1550189,785,87.2373057,0.506
105654.279502,0.349479941,-0.102337344,0.213152415,0.213152415,11.1586361,785,82.875308,0.506
105654.289530,0.353598514,-0.105845897,0.215513583,0.215513583,11.1623051,785,84.7883775,0.506
105654.299558,0.356580454,-0.104150734,0.21784975,0.21784975,11.1659975,785,76.9917281,0.506
105654.309587,0.360881452,-0.104162705,0.220162213,0.220162213,11.1697319,785,70.9833024,0.506
105654.319615,0.365382939,-0.107171526,0.222451757,0.222451757,11.1735193,785,70.6780212,0.506
105654.329644,0.370767107,-0.110344486,0.224720195,0.224720195,11.1773692,785,71.8739304,0.506
105654.339672,0.377077516,-0.114517792,0.226968043,0.226968043,11.1812924,785,72.0473558,0.506
105654.349700,0.383708717,-0.11758521,0.229196425,0.229196425,11.1852886,785,70.7068576,0.506
105654.359729,0.393301942,-0.118032678,0.231406045,0.231406045,11.1893775,785,70.3239359,0.506
105654.369757,0.405071257,-0.117093459,0.233596305,0.233596305,11.1935746,785,68.583928,0.506
105654.379785,0.418174379,-0.115763273,0.235767133,0.235767133,11.1978917,785,65.424944,0.506
105654.389814,0.430860744,-0.114464335,0.237917881,0.237917881,11.2023259,785,64.1259192,0.506
105654.399842,0.442973082,-0.112243156,0.240047185,0.240047185,11.2068684,785,60.7291703,0.506
105654.409871,0.460557705,-0.111619411,0.242156664,0.242156664,11.2115773,785,56.9529371,0.506
105654.419899,0.474137179,-0.110119521,0.244247102,0.244247102,11.2164116,785,50.3218487,0.506
105654.429927,0.484226619,-0.108867715,0.246319197,0.246319197,11.2213401,785,42.8942616,0.506
105654.439956,0.475133921,-0.100489351,0.0606932657,0.0606932657,11.2261605,787,47.8309394,0.506
105654.449984,0.498942941,-0.105927196,0.0484955685,0.0484955685,11.2312248,787,44.8620417,0.506
105654.460013,0.50049431,-0.109646635,0.0579254959,0.0579254959,11.2363175,785,37.4294953,0.506
105654.470041,0.504195367,-0.111158082,0.0660233494,0.0660233494,11.2414512,785,44.4104637,0.506
105654.480069,0.508685835,-0.108892434,0.0732334037,0.0732334037,11.2466232,785,39.1787209,0.506
105654.490098,0.513669723,-0.105000629,0.0797974817,0.0797974817,11.2518344,785,42.7790741,0.506
105654.500126,0.518500477,-0.0967418154,0.0858647532,0.0858647532,11.2570709,785,45.9248957,0.506
105654.510154,0.52112668,-0.0855023881,0.0915371297,0.0915371297,11.2623052,785,49.4316949,0.506
105654.520183,0.524476682,-0.0711339694,0.0968867398,0.0968867398,11.2675378,785,44.9297509,0.506
105654.530211,0.528133565,-0.050293613,0.10196412,0.10196412,11.2727563,785,46.1071779,0.506
105654.540240,0.5339693,-0.0239157795,0.106806192,0.106806192,11.2779729,785,47.0373348,0.506
105654.550268,0.541520528,0.000413875999,0.11144019,0.11144019,11.283214,785,45.2879275,0.506
105654.560296,0.548884945,0.0218577384,0.115890381,0.115890381,11.2884909,785,48.5805228,0.506
105654.570325,0.551379302,0.0388275521,0.120173329,0.120173329,11.2937726,785,49.7217876,0.506
105654.580353,0.542743151,0.0503208274,0.124304983,0.124304983,11.2989648,785,59.8916555,0.506
105654.590382,0.470438777,0.0485579498,0.0508781395,0.0508781395,11.3034751,787,58.7731683,0.506
105654.600410,0.460388569,0.0484140019,0.0501279572,0.0501279572,11.3079011,787,54.2164292,0.506
105654.610438,0.458292856,0.0787422017,0.0516565749,0.0516565749,11.3122666,787,56.6530799,0.506
105654.620467,0.448117308,0.0851789319,0.048812794,0.048812794,11.3165399,787,51.4202551,0.506
105654.630495,0.437731079,0.0958623131,0.0581961122,0.0581961122,11.3207117,785,54.1104979,0.506
105654.640524,0.424933925,0.104759051,0.0662675681,0.0662675681,11.3247636,785,54.4282899,0.506
105654.650552,0.413738973,0.109478423,0.0734584403,0.0734584403,11.328717,785,46.0033236,0.506
105654.660580,0.404707275,0.113614481,0.0800068657,0.0800068657,11.3325942,785,42.2692457,0.506
105654.670609,0.400693767,0.117485102,0.0860601463,0.0860601463,11.3364453,785,46.4645062,0.506
105654.680637,0.401566946,0.120182515,0.0917157158,0.0917157158,11.3403191,785,44.4966851,0.506
105654.690666,0.408410281,0.124701797,0.097044933,0.097044933,11.3442738,785,40.3055343,0.506
105654.700694,0.420868188,0.132797419,0.102098989,0.102098989,11.3483622,785,41.952179,0.506
105654.710722,0.432055933,0.141866717,0.106918634,0.106918634,11.3525733,785,42.9405817,0.506
105654.720751,0.434414503,0.150566252,0.111535437,0.111535437,11.3568222,785,40.1230006,0.506
105654.730779,0.423704788,0.160337314,0.115973201,0.115973201,11.3609798,785,38.8327473,0.506
105654.740807,0.403292346,0.172332587,0.120252397,0.120252397,11.3649516,785,42.4721623,0.506
105654.750836,0.378941776,0.185594012,0.124389507,0.124389507,11.3687011,785,36.8487602,0.506
105654.760864,0.354224106,0.198758617,0.1283966,0.1283966,11.3722275,785,41.8834651,0.506
105654.770893,0.332316607,0.212205766,0.132284141,0.132284141,11.3755631,785,45.8570101,0.506
105654.780921,0.316629577,0.226711882,0.13605898,0.13605898,11.3787733,785,47.8117387,0.506
105654.790950,0.3073786,0.237620189,0.139730002,0.139730002,11.3819261,785,54.4167176,0.506
105654.800978,0.302148368,0.248255011,0.143305335,0.143305335,11.3850641,785,61.7446614,0.506
105654.811006,0.2976256,0.259258258,0.146793205,0.146793205,11.3881984,785,76.3548015,0.506
105654.821035,0.291498315,0.269576487,0.150200967,0.150200967,11.3913164,785,76.7326251,0.506
105654.831063,0.282587798,0.278414166,0.153534658,0.153534658,11.3943921,785,78.6796774,0.506
105654.841093,0.270915158,0.288538976,0.156801755,0.156801755,11.3974037,785,74.3466359,0.506
105654.851121,0.257285226,0.300439609,0.160006167,0.160006167,11.4003368,785,81.4062751,0.506
105654.861149,0.242327427,0.312141016,0.163152121,0.163152121,11.403184,785,82.8682893,0.506
105654.871178,0.226828734,0.323487652,0.166243039,0.166243039,11.4059452,785,84.705147,0.506
105654.881206,0.210815262,0.332808635,0.169279542,0.169279542,11.4086166,785,92.4328418,0.506
105654.891235,0.195534249,0.337870309,0.172262951,0.172262951,11.4112022,785,100.780777,0.506
105654.901263,0.183249903,0.340270197,0.175194066,0.175194066,11.4137277,785,106.221361,0.506
105654.911291,0.174751835,0.340687768,0.178074501,0.178074501,11.4162261,785,83.3899568,0.506
105654.921320,0.169743209,0.336378523,0.180905526,0.180905526,11.4187189,785,79.7357809,0.506
105654.931348,0.167854417,0.327350077,0.183687999,0.183687999,11.4212196,785,71.5863333,0.506
105654.941377,0.169049015,0.313279059,0.186424575,0.186424575,11.4237377,785,76.3432881,0.506
105654.951405,0.172248802,0.294606775,0.189117687,0.189117687,11.42627,785,66.3967643,0.506
105654.961433,0.176101932,0.274617933,0.191771254,0.191771254,11.4288091,785,42.6049319,0.506
105654.971462,0.17851615,0.261646547,0.194388886,0.194388886,11.4313559,785,36.9670782,0.506
105654.981490,0.174365132,0.261755565,0.196973773,0.196973773,11.4338871,785,26.7726687,0.506
105654.991519,0.154656843,0.271812549,0.199531091,0.199531091,11.4362934,785,27.4578486,0.506
105655.001547,0.136401271,0.283763074,0.202063225,0.202063225,11.4386002,785,26.0992483,0.506
105655.011575,0.109559656,0.299941755,0.20457693,0.20457693,11.4407518,785,39.612965,0.506
105655.021604,0.0710017764,0.317056218,0.207077443,0.207077443,11.4426563,785,43.5314111,0.506
105655.031632,0.0375541292,0.332189627,0.209559016,0.209559016,11.4443665,785,48.9640058,0.506
105655.041661,0.0119275308,0.345481541,0.212012669,0.212012669,11.44596,785,53.4499124,0.506
105655.051689,-0.00908564399,0.352735706,0.214433178,0.214433178,11.4474636,785,50.3633344,0.506
105655.061717,-0.0319715995,0.353626245,0.216823914,0.216823914,11.4488407,785,52.8412729,0.506
105655.071746,-0.0559305935,0.351198168,0.219187714,0.219187714,11.450073,785,47.7748601,0.506
105655.081774,-0.0763711765,0.344157039,0.221522279,0.221522279,11.4511728,785,43.7545109,0.506
105655.091803,-0.0909975228,0.333661097,0.223827616,0.223827616,11.4521734,785,33.5374192,0.506
105655.101831,-0.099157779,0.322002787,0.226104082,0.226104082,11.4531205,785,36.4708322,0.506
105655.111859,-0.10169385,0.312676719,0.228353232,0.228353232,11.4540695,785,30.1204259,0.506
105655.121888,-0.0988066107,0.304459961,0.230576139,0.230576139,11.4550659,785,31.120615,0.506
105655.131916,-0.0930498212,0.296055571,0.23277512,0.23277512,11.4561251,785,28.5986837,0.506
105655.141945,-0.0868085678,0.291194214,0.234952854,0.234952854,11.4572663,785,34.8789846,0.506
105655.151973,-0.0815443431,0.289520563,0.237109945,0.237109945,11.4584969,785,31.3249658,0.506
105655.162002,-0.0789274097,0.290308359,0.239247914,0.239247914,11.4598102,785,30.9922415,0.506
105655.172030,-0.0786762078,0.291693814,0.241367065,0.241367065,11.4611912,785,28.161081,0.506
105655.182058,-0.0811391443,0.290588792,0.243468127,0.243468127,11.4626035,785,25.1802126,0.506
105655.192087,-0.0856652515,0.287783151,0.245551264,0.245551264,11.4640205,785,28.6712342,0.506
105655.202115,-0.0895138245,0.281280878,0.247615516,0.247615516,11.46542,785,31.3515089,0.506
105655.212144,-0.0920510913,0.273144872,0.249661675,0.249661675,11.4667974,785,32.4186769,0.506
105655.222172,-0.0948061053,0.267940578,0.25168997,0.25168997,11.4681696,785,30.5720018,0.506
105655.232200,-0.0987950742,0.271576779,0.25370199,0.25370199,11.4695944,785,30.1363473,0.506
105655.242229,-0.10425085,0.279602754,0.255700289,0.255700289,11.4710993,785,31.9942745,0.506
105655.252257,-0.110997637,0.285100346,0.257686079,0.257686079,11.4726614,785,29.718434,0.506
105655.262286,-0.115262877,0.288146144,0.259659212,0.259659212,11.4742805,785,28.5693136,0.506
105655.272314,-0.118336737,0.291549375,0.261619701,0.261619701,11.4759684,785,30.1899704,0.506
105655.282343,-0.124380659,0.294943296,0.263567625,0.263567625,11.4777106,785,29.9522482,0.506
105655.292371,-0.131001502,0.301169974,0.265503275,0.265503275,11.4795306,785,26.2302162,0.506
105655.302399,-0.140361948,0.309018959,0.267426277,0.267426277,11.4814331,785,27.4031238,0.506
105655.312428,-0.151436644,0.316159463,0.269337761,0.269337761,11.4834105,785,28.3416128,0.506
105655.322456,-0.166005118,0.324534924,0.271240082,0.271240082,11.4854645,785,22.239669,0.506
105655.332485,-0.18157552,0.335106844,0.273134827,0.273134827,11.4876213,785,19.5104865,0.506
105655.342513,-0.195292442,0.340508004,0.275019685,0.275019685,11.4898536,785,21.8484841,0.506
105655.352541,-0.201369737,0.345915664,0.276892355,0.276892355,11.4922006,785,18.0876126,0.506
105655.362570,-0.205708594,0.349819883,0.278752624,0.278752624,11.4946576,785,25.6208678,0.506
105655.372598,-0.21622704,0.349130149,0.280598848,0.280598848,11.497161,785,19.9397662,0.506
105655.382627,-0.229678575,0.346871466,0.282431555,0.282431555,11.4996913,785,20.1934531,0.506
105655.392655,-0.243558727,0.346205836,0.284251591,0.284251591,11.5022678,785,21.0883277,0.506
105655.402684,-0.257045195,0.349396246,0.286060312,0.286060312,11.5049359,785,20.3649913,0.506
105655.412712,-0.271207111,0.355876631,0.287858857,0.287858857,11.5077325,785,23.2384532,0.506
105655.422740,-0.286574674,0.364283573,0.289648257,0.289648257,11.5106825,785,19.7826474,0.506
105655.432769,-0.303433259,0.37380365,0.291430122,0.291430122,11.5138039,785,19.3322628,0.506
105655.442797,-0.320743035,0.38318449,0.293205182,0.293205182,11.5171045,785,17.8803036,0.506
105655.452826,-0.33567191,0.390570205,0.294972828,0.294972828,11.5205775,785,15.9901106,0.506
105655.462854,-0.346555549,0.395430913,0.296730653,0.296730653,11.5242071,785,18.2379274,0.506
105655.472883,-0.354072514,0.398321328,0.298478594,0.298478594,11.527978,785,20.2135554,0.506
105655.482911,-0.359811286,0.399184317,0.300215848,0.300215848,11.5318682,785,32.4339021,0.506
105655.492939,-0.364307332,0.398847157,0.30194173,0.30194173,11.5358628,785,37.2088624,0.506
105655.502968,-0.368725579,0.39839701,0.30365675,0.30365675,11.5399569,785,43.0776666,0.506
105655.512996,-0.371511875,0.398259377,0.305361003,0.305361003,11.5441475,785,42.6992439,0.506
105655.523025,-0.371488067,0.397237905,0.307054321,0.307054321,11.5484191,785,41.7848659,0.506
105655.533053,-0.371160449,0.395077075,0.308736663,0.308736663,11.5527521,785,40.5132456,0.506
105655.543082,-0.367348198,0.391021909,0.310406151,0.310406151,11.5571175,785,37.6231531,0.506
105655.553110,-0.361379832,0.384297595,0.312063464,0.312063464,11.5614767,785,40.6497868,0.506
105655.563138,-0.355342948,0.375465825,0.31370896,0.31370896,11.5658012,785,50.6119252,0.506
105655.573167,-0.349430917,0.365699962,0.315343708,0.315343708,11.5700755,785,68.7648038,0.506
105655.583195,-0.344596956,0.356697795,0.31696852,0.31696852,11.5743023,785,79.0400777,0.506
105655.593224,-0.339945309,0.349246488,0.318583865,0.318583865,11.5784931,785,87.7016144,0.506
105655.603252,-0.336903488,0.342938263,0.320190012,0.320190012,11.5826575,785,101.513138,0.506
105655.613281,-0.33488588,0.336607457,0.321788088,0.321788088,11.5867955,785,111.686312,0.506
105655.623309,-0.332182341,0.329467956,0.323377785,0.323377785,11.590894,785,121.872279,0.506
105655.633337,-0.330351635,0.321482747,0.324960193,0.324960193,11.5949454,785,134.235207,0.506
105655.643366,-0.328401151,0.311734464,0.326534802,0.326534802,11.5989315,785,134.780072,0.506
105655.653394,-0.325110967,0.301070478,0.328100506,0.328100506,11.6028369,785,127.860715,0.506
105655.663423,-0.320944385,0.290633985,0.329657732,0.329657732,11.60666,785,128.423653,0.506
105655.673451,-0.317349376,0.279915774,0.331206669,0.331206669,11.6103976,785,135.261494,0.506
105655.683480,-0.315432167,0.270506602,0.332748174,0.332748174,11.6140674,785,139.569093,0.506
105655.693508,-0.316520583,0.261951655,0.334282768,0.334282768,11.6176871,785,141.924559,0.506
105655.703536,-0.317352382,0.253273293,0.335810448,0.335810448,11.6212554,785,131.92474,0.506
105655.713565,-0.318365829,0.243080226,0.337331176,0.337331176,11.6247598,785,127.710144,0.506
105655.723593,-0.317079499,0.233372003,0.338844396,0.338844396,11.6281952,785,114.219114,0.506
105655.733622,-0.313021727,0.225392843,0.340350389,0.340350389,11.6315659,785,118.905028,0.506
105655.743650,-0.308385831,0.21908942,0.341849243,0.341849243,11.6348825,785,112.996506,0.506
105655.753679,-0.3057575,0.213551282,0.343341661,0.343341661,11.6381599,785,103.766585,0.506
105655.763707,-0.304640123,0.208710368,0.344828019,0.344828019,11.6414095,785,94.843497,0.506
105655.773736,-0.304626966,0.201962233,0.346308095,0.346308095,11.64462,785,93.2336247,0.506
105655.783764,-0.30342297,0.195231049,0.347781492,0.347781492,11.6477854,785,90.2993928,0.506
105655.793792,-0.302378068,0.188283359,0.349248311,0.349248311,11.6509048,785,79.4670745,0.506
105655.803821,-0.301002831,0.182787731,0.350709221,0.350709221,11.6539894,785,85.9547574,0.506
105655.813849,-0.298542588,0.179020091,0.352164145,0.352164145,11.6570477,785,75.8708627,0.506
105655.823878,-0.295544706,0.175320657,0.353613569,0.353613569,11.6600772,785,77.4530438,0.506
105655.833906,-0.292625388,0.172648191,0.35505762,0.35505762,11.6630856,785,75.9890279,0.506
105655.843934,-0.29185493,0.169681921,0.35649615,0.35649615,11.6660811,785,73.8283509,0.506
105655.853962,-0.292807674,0.16570594,0.35792943,0.35792943,11.6690642,785,70.5981124,0.506
105655.863990,-0.294372977,0.162199274,0.359357357,0.359357357,11.6720425,785,75.0490051,0.506
105655.874019,-0.297484085,0.156723462,0.360780258,0.360780258,11.6750091,785,70.1940085,0.506
105655.884047,-0.29878095,0.153231562,0.362197836,0.362197836,11.6779704,785,75.0673438,0.506
105655.894076,-0.299078795,0.150195062,0.363610447,0.363610447,11.6809254,785,72.0856995,0.506
105655.904104,-0.29788484,0.148958134,0.365017772,0.365017772,11.6838791,785,64.5376673,0.506
105655.914133,-0.296908675,0.147401716,0.366420522,0.366420522,11.6868304,785,51.4434352,0.506
105655.924161,-0.296338186,0.146435854,0.36781822,0.36781822,11.689785,785,50.8865601,0.506
105655.934190,-0.296444045,0.146349071,0.36921121,0.36921121,11.6927543,785,44.9009271,0.506
105655.944218,-0.297516668,0.147743907,0.370599283,0.370599283,11.6957544,785,49.2348959,0.506
105655.954246,-0.298181228,0.150625908,0.371982421,0.371982421,11.6987944,785,47.8037834,0.506
105655.964275,-0.297864646,0.154688655,0.373360533,0.373360533,11.7018765,785,52.5153461,0.506
105655.974303,-0.297178227,0.158208118,0.374732164,0.374732164,11.7049924,785,48.5331234,0.506
105655.984332,-0.295572027,0.161105552,0.376097348,0.376097348,11.708131,785,47.8099459,0.506
105655.994360,-0.294516114,0.164423819,0.377456622,0.377456622,11.7112974,785,48.1925423,0.506
105656.004389,-0.293826501,0.170700873,0.378810887,0.378810887,11.7145155,785,46.4129637,0.506
105656.014417,-0.294744908,0.180658702,0.380160409,0.380160409,11.7178215,785,51.4637128,0.506
105656.024446,-0.296567495,0.193424389,0.381505717,0.381505717,11.7212414,785,52.5551655,0.506
105656.034474,-0.299258098,0.207907158,0.382847218,0.382847218,11.7247913,785,56.1513337,0.506
105656.044502,-0.302898156,0.223477944,0.384185548,0.384185548,11.7284845,785,60.1811078,0.506
105656.054531,-0.306670392,0.240257117,0.385521291,0.385521291,11.7323298,785,61.8781143,0.506
105656.064559,-0.310043653,0.257382886,0.386854871,0.386854871,11.7363252,785,63.2413513,0.506
105656.074588,-0.313173784,0.273456336,0.388186981,0.388186981,11.7404612,785,60.7219801,0.506
105656.084616,-0.315888814,0.288072854,0.389515665,0.389515665,11.7447226,785,60.5001585,0.506
105656.094645,-0.319280906,0.301458561,0.39084037,0.39084037,11.7491056,785,72.2244265,0.506
105656.104673,-0.322993949,0.31418563,0.392160937,0.392160937,11.7536062,785,76.6489567,0.506
105656.114702,-0.32617648,0.326396295,0.393478068,0.393478068,11.7582178,785,68.5249763,0.506
105656.124730,-0.329161211,0.338279262,0.394791395,0.394791395,11.7629356,785,67.7382295,0.506
105656.134758,-0.331441445,0.349478378,0.396100372,0.396100372,11.7677503,785,72.4533554,0.506
105656.144787,-0.332503895,0.360020743,0.39740476,0.39740476,11.7726492,785,80.4624906,0.506
105656.154815,-0.333173,0.37020214,0.398704381,0.398704381,11.7776262,785,72.6465908,0.506
105656.164844,-0.334686503,0.380285084,0.399999147,0.399999147,11.7826875,785,68.9721589,0.506
105656.174872,-0.337255284,0.391394578,0.401289268,0.401289268,11.7878467,785,55.7025775,0.506
105656.184901,-0.339634668,0.404701575,0.402575401,0.402575401,11.7931198,785,47.1378314,0.506
105656.194929,-0.340647359,0.420106431,0.403857625,0.403857625,11.7985121,785,37.5214983,0.506
105656.204958,-0.340538761,0.43722347,0.405136579,0.405136579,11.8040302,785,38.4662511,0.506
105656.214986,-0.340132386,0.455168743,0.406412296,0.406412296,11.8096779,785,38.7059822,0.506
105656.225015,-0.339478599,0.473032299,0.407685332,0.407685332,11.8154552,785,54.2016399,0.506
105656.235043,-0.338971292,0.489598091,0.408955514,0.408955514,11.8213535,785,57.7641683,0.506
105656.245071,-0.339161018,0.504079971,0.41022257,0.41022257,11.8273638,785,75.0311197,0.506
105656.255100,-0.339828861,0.516642551,0.411486091,0.411486091,11.8334767,785,77.5327708,0.506
105656.265128,-0.340679243,0.526698068,0.412745941,0.412745941,11.839674,785,87.8057978,0.506
105656.275157,-0.340995747,0.535330599,0.414001147,0.414001147,11.8459436,785,103.561018,0.506
105656.285185,-0.341162585,0.544979728,0.415251235,0.415251235,11.8522911,785,100.58168,0.506
105656.295214,-0.342241289,0.55531647,0.416496607,0.416496607,11.8587297,785,122.413382,0.506
105656.305242,-0.342197358,0.564864985,0.417738191,0.417738191,11.8652452,785,129.376417,0.506
105656.315271,-0.344446538,0.573763136,0.418977583,0.418977583,11.8718491,785,132.489407,0.506
105656.325299,-0.349320514,0.582495927,0.420212221,0.420212221,11.8785557,785,139.157514,0.506
105656.335328,-0.355764881,0.59363419,0.421442762,0.421442762,11.8853946,785,116.663247,0.506
105656.345356,-0.029661581,0.424902586,0.0461259666,0.0461259666,11.8889043,787,118.479615,0.506
105656.355385,-0.0405124463,0.4423208,0.0559566955,0.0559566955,11.8926446,785,136.947126,0.506
105656.365413,-0.0512011629,0.458367444,0.0643036326,0.0643036326,11.8966029,785,126.065556,0.506
105656.375441,-0.0593366612,0.472365581,0.0716874929,0.0716874929,11.9007475,785,111.734153,0.506
105656.385470,-0.0603611408,0.483067258,0.0783813639,0.0783813639,11.9050106,785,114.600905,0.506
105656.395498,-0.0517678963,0.48887901,0.0845478764,0.0845478764,11.9092974,785,91.9342242,0.506
105656.405527,-0.0441925845,0.487009449,0.0902954299,0.0902954299,11.913554,785,66.9375104,0.506
105656.415555,-0.0453740576,0.482644154,0.0956985007,0.0956985007,11.9178083,785,57.3850025,0.506
105656.425584,-0.0539548949,0.481638448,0.100813192,0.100813192,11.9221271,785,47.704899,0.506
105656.435612,-0.0664201649,0.484177352,0.105680611,0.105680611,11.9265566,785,28.8473787,0.506
105656.445641,-0.0791166384,0.491752698,0.110334975,0.110334975,11.9311377,785,27.2592419,0.506
105656.455669,-0.0921528439,0.503105829,0.114801754,0.114801754,11.9359005,785,24.19726,0.506
105656.465698,-0.105557143,0.515657649,0.119103125,0.119103125,11.9408558,785,28.9639362,0.506
105656.475726,-0.117707442,0.526714277,0.123255679,0.123255679,11.9459816,785,26.1622156,0.506
105656.485755,-0.130213317,0.535885001,0.127274703,0.127274703,11.9512628,785,25.5223089,0.506
105656.495783,-0.14332902,0.543857335,0.131171352,0.131171352,11.9566889,785,30.2362969,0.506
105656.505812,-0.15706949,0.550519311,0.134956945,0.134956945,11.9622507,785,30.0294728,0.506
105656.515840,-0.172327758,0.556286841,0.138640012,0.138640012,11.9679447,785,33.5437774,0.506
105656.525868,-0.189378537,0.562322365,0.142229092,0.142229092,11.9737801,785,34.7959532,0.506
105656.540911,-0.218011815,0.571707679,0.147457234,0.147457234,11.9828584,785,38.8490917,0.506
105656.550940,-0.238815756,0.577920361,0.150841587,0.150841587,11.9890761,785,41.6951889,0.506
