t,vx_cam,vy_cam,quality,h
105627.999425,0.00350360526,-0.00736050269,29.8348445,0.506
105628.003593,0.00417433197,-0.0244630434,29.8330132,0.506
105628.007762,0.00797321948,0.0017775296,24.902814,0.506
105628.011930,0.0050834488,-0.0159880703,24.862741,0.506
105628.016098,-0.0023535072,-0.0223116241,24.8512022,0.506
105628.020267,-0.00271243954,-0.0090908746,21.5766946,0.506
105628.024435,-0.00626494541,-0.0148129548,21.5757995,0.506
105628.028604,-0.00419446991,-0.00204485355,19.6883648,0.506
105628.032772,-0.00921889482,0.0165650906,19.7244165,0.506
105628.036941,-0.0179812035,0.00973548567,19.7265031,0.506
105628.041109,0.0017898189,-0.00529266553,22.1322698,0.506
105628.045277,-0.0117364193,0.00934925781,22.1595657,0.506
105628.049446,-0.00852220014,0.00281167824,24.605668,0.506
105628.053614,-0.00847450808,0.00845508228,24.6365478,0.506
105628.057783,-0.00328528602,-0.00582729876,29.0125661,0.506
105628.061951,-0.00250789163,-0.00203487236,28.9504236,0.506
105628.066119,-0.0124525942,-0.0060218483,28.9886823,0.506
105628.070288,-0.0099902943,0.0152893746,28.2197104,0.506
105628.074456,-0.0124933681,0.0266588376,28.3118994,0.506
105628.078625,-0.00483144778,0.0123074403,56.8500728,0.506
105628.082793,-0.00528192513,0.0173774544,57.0411276,0.506
105628.086961,-0.00731064345,0.0239391257,57.1082585,0.506
105628.091130,-0.00098664011,0.00303305281,95.287726,0.506
105628.095298,7.87074798e-05,0.0145671968,93.8036626,0.506
105628.099467,0.00845161733,0.0218519928,36.113328,0.506
105628.103635,0.0124699549,0.0359611361,35.693399,0.506
105628.107803,0.00573592676,-0.00313015216,23.779271,0.506
105628.111972,-0.00899024389,-0.0173770641,23.8812233,0.506
105628.116140,0.0288881356,0.0102010327,23.7634573,0.506
105628.120309,-0.0237614051,-0.035324189,26.4096204,0.506
105628.124477,-0.00429883302,-0.0303609249,26.4809515,0.506
105628.128646,-0.00316688998,-0.0157675433,51.1808284,0.506
105628.132814,-0.0113931063,-0.0147289253,51.3444165,0.506
105628.136982,-0.0105374538,-0.0243188754,51.4046845,0.506
105628.141151,-0.00989530337,-0.00117557479,116.602211,0.506
105628.145319,-0.00638018084,-0.00667810295,116.601219,0.506
105628.149488,-0.0022365024,0.013792327,49.6938702,0.506
105628.153656,-0.00712105443,-0.00105864778,49.3281582,0.506
105628.157824,0.00844370168,-0.00222656298,38.2900989,0.506
105628.161993,-0.00530066502,-0.00346968593,38.190873,0.506
105628.166161,-0.00420343489,0.00873690125,38.3316143,0.506
105628.170330,0.0022884375,0.00696870028,39.6036729,0.506
105628.174498,0.00209131973,0.0170232542,39.7144367,0.506
105628.178666,0.00561532663,0.00449237465,45.8035749,0.506
105628.182835,0.00356483633,0.0102432392,45.7778891,0.506
105628.187003,0.00838672428,0.0131450131,45.9442842,0.506
105628.191172,0.00523291659,0.000846267539,52.5256016,0.506
105628.195340,0.00976496328,0.00811768163,52.7740292,0.506
105628.199508,0.00749292739,0.000972238983,70.0898373,0.506
105628.203677,0.00428972235,0.00205806045,69.9140349,0.506
105628.207845,0.00702153752,-0.00390151015,74.2612685,0.506
105628.212014,0.00516403498,-0.00620168303,74.2433975,0.506
105628.216182,0.00298820834,-0.00430112088,74.336501,0.506
105628.220351,0.00296108689,-0.00454671772,73.6382787,0.506
105628.224519,0.00540089708,-0.0018019584,73.1874401,0.506
105628.228687,-0.00083880464,-0.00166181512,79.796541,0.506
105628.232856,0.00226508564,0.00576163996,79.8143571,0.506
105628.237024,-0.000553588516,0.00839085809,79.5354173,0.506
105628.241193,-0.00112336992,0.000768833747,58.91743,0.506
105628.245361,-0.00844006771,0.0233610672,57.9992988,0.506
105628.249529,-0.015176184,0.0184628459,43.1782258,0.506
105628.253698,-0.00336217469,0.0203661562,43.0284218,0.506
105628.257866,0.00251974395,0.00516792832,28.8613174,0.506
105628.262035,0.00177243879,0.0196780181,28.78036,0.506
105628.266203,0.00352854513,0.0229886648,28.739257,0.506
105628.270371,0.00299736228,0.000968744017,21.935687,0.506
105628.274540,0.012774107,0.00518216485,21.945226,0.506
105628.278708,0.00596526841,-0.0030780348,23.825575,0.506
105628.282877,0.0131832079,-0.0114194373,23.8850188,0.506
105628.287045,0.0200253209,-0.0271045566,23.9030844,0.506
105628.291214,0.00756935343,-0.00704789507,31.8283179,0.506
105628.295382,0.019605905,-0.0111569721,31.7541489,0.506
105628.299550,0.0064835229,0.0208589156,29.1405579,0.506
105628.303719,0.0168287162,0.0263533515,29.0081817,0.506
105628.307887,-0.000498583699,0.0121990822,21.3006073,0.506
105628.312055,0.0193869817,0.0177128328,21.2706113,0.506
105628.316224,0.0261229806,0.0328551129,21.2342861,0.506
105628.320392,0.0253698752,0.0349296503,15.2231477,0.506
105628.324561,0.0138903609,0.0293078112,15.2338719,0.506
105628.328729,-0.00348257652,0.0111745556,12.3738012,0.506
105628.332898,0.00905043088,0.0277453167,12.3644352,0.506
105628.337066,-0.0106804828,0.0100811772,12.3842552,0.506
105628.341234,-0.00171242877,0.0101706786,11.714061,0.506
105628.345403,-0.0159131919,0.00720954321,11.7195582,0.506
105628.349571,-0.0190671614,-0.0112854951,12.6388115,0.506
105628.353740,-0.0321162179,0.035834492,12.6129098,0.506
105628.357908,-0.0185153028,0.018323544,12.6247873,0.506
105628.362076,-0.0337267543,-0.0187664533,13.9904304,0.506
105628.366245,-0.0277860992,0.0101413635,13.9668428,0.506
105628.370413,-0.0159726552,-0.00305108369,17.1424678,0.506
105628.374582,-0.0389058678,0.0109110973,17.1419644,0.506
105628.378750,-0.00152838922,0.00771007247,19.2003439,0.506
105628.382919,-0.0169501658,-0.0185493538,19.2230224,0.506
105628.387087,-0.0282323226,0.00938763918,19.1801677,0.506
105628.391255,0.00579040769,0.029704109,20.8125747,0.506
105628.395424,-0.00308817195,0.0100443956,20.8608524,0.506
105628.399592,0.00223726831,0.0223708563,17.8753053,0.506
105628.403761,0.0217627673,0.000548980862,17.8990592,0.506
105628.407929,0.0195373269,-0.000922404909,17.9185914,0.506
105628.412097,0.0168091826,-0.00577354886,19.3993417,0.506
105628.416266,0.0397707109,0.0297210645,19.3173538,0.506
105628.420434,0.0135605835,-0.0070196036,19.6516277,0.506
105628.424603,0.0439967322,-0.00875680744,19.6766075,0.506
105628.428771,0.00291404391,-0.0131164704,17.9255876,0.506
105628.432939,0.0254329368,-0.0196549864,17.9207739,0.506
105628.437108,0.0434958549,-0.0343893167,17.9043284,0.506
105628.441276,0.0031217621,0.0263693527,14.3768334,0.506
105628.445445,0.0131527813,0.0150399985,14.369786,0.506
105628.449613,-0.000890768717,-0.00763724145,12.3751767,0.506
105628.453781,-0.00403524251,-0.00687043025,12.3751598,0.506
105628.457950,0.000979245677,-0.00722544536,12.3720212,0.506
105628.462118,-0.00796452413,0.0406984899,11.7163117,0.506
105628.466287,-0.0138089918,0.0540720899,11.7140628,0.506
105628.470455,-0.0159219788,0.0330214395,13.0254482,0.506
105628.474624,0.00160705783,0.0393288808,13.0121164,0.506
105628.478792,-0.0147184569,0.0367822086,14.117569,0.506
105628.482960,-0.00145814419,0.0699851544,14.0793427,0.506
105628.487129,-0.0402978643,0.102260991,14.071507,0.506
105628.491297,-0.00224070961,0.103389079,14.0302785,0.506
105628.495466,-0.0492878022,0.110978948,14.0372382,0.506
105628.499634,-0.00351399928,0.0636490249,10.127898,0.506
105628.503802,-0.0158372493,0.0621855859,10.131967,0.506
105628.507971,-0.0123418505,0.0830288501,10.1303498,0.506
105628.512139,-0.00786687013,0.0403142684,8.45917779,0.506
105628.516308,-0.00904892454,0.0546590505,8.4600088,0.506
105628.520476,-0.00104412728,0.0539886659,8.03009064,0.506
105628.524644,0.00426914818,0.0301716882,8.02901761,0.506
105628.528813,0.00147352288,0.0336491562,8.22607619,0.506
105628.532981,0.011187522,0.0175697318,8.22630258,0.506
105628.537150,-0.000858626724,-0.00282974841,8.22453799,0.506
105628.541318,0.00894901379,0.042446038,9.85802345,0.506
105628.545486,0.00488121777,0.0408904002,9.85713361,0.506
105628.549655,0.000218743399,0.0378592326,10.3214643,0.506
105628.553823,0.00566548845,0.0368053901,10.322447,0.506
105628.557992,0.0137336668,0.036305512,10.3221564,0.506
105628.562160,0.00728466735,0.0206870211,10.4469895,0.506
105628.566328,0.02228119,0.0276278107,10.452517,0.506
105628.570497,0.0017114699,0.0274748028,10.3904989,0.506
105628.574665,0.0101045375,0.0116965661,10.3809752,0.506
105628.578834,-0.00248197844,0.00692552556,11.2793876,0.506
105628.583002,-0.0137092588,-0.0277252435,11.2945605,0.506
105628.587171,0.0121669921,-0.050729758,11.2971759,0.506
105628.591339,-0.0106753642,-0.0513038678,14.0331162,0.506
105628.595507,0.0595750967,-0.226315272,13.9685185,0.506
105628.599676,0.0177659061,-0.110768338,7.57662876,0.506
105628.603844,-0.014845927,-0.0915211045,7.57692242,0.506
105628.608013,-0.0218661299,-0.0912340094,7.57600126,0.506
105628.612181,-0.00723860285,-0.0416312066,5.16559052,0.506
105628.616349,-0.0304199326,-0.072322245,5.16519502,0.506
105628.620518,-0.00695369468,-0.0249183269,4.42308777,0.506
105628.624686,-0.0225438192,0.00172067888,4.42366594,0.506
105628.628855,-0.0117374408,0.0343407561,4.4606108,0.506
105628.633023,-0.0213302078,0.0627746391,4.46062056,0.506
105628.637192,-0.0325109973,0.0870942656,4.46062756,0.506
105628.641360,-0.0228559434,0.0711550143,5.81258275,0.506
105628.645528,-0.0280381263,0.136948828,5.81211297,0.506
105628.649697,-0.0107047602,0.06098312,10.7828342,0.506
105628.653865,-0.0278569036,0.097323894,10.7961491,0.506
105628.658034,-0.0216215271,0.113056699,10.8032706,0.506
105628.662202,-0.00972046431,0.0200722181,35.7741562,0.506
105628.666370,-0.0126582863,0.0238638516,35.8289442,0.506
105628.670539,-0.00785124999,-0.0112767983,66.5403965,0.506
105628.674707,0.00142638698,-0.0201620772,66.0234625,0.506
105628.678876,0.0134010966,-0.0366083138,37.1002368,0.506
105628.683044,0.021309426,-0.0532031436,36.6314296,0.506
105628.687212,-0.00254448756,-0.0841545973,36.3645741,0.506
105628.691381,-0.00989696229,-0.020793922,18.3580534,0.506
105628.695549,-0.00261290139,-0.0447327385,18.3526361,0.506
105628.699718,-0.0206961568,-0.0196491363,14.225673,0.506
105628.703886,-0.00588916577,-0.0289718402,14.2101032,0.506
105628.708054,-0.00846903479,-0.0227062879,14.2200196,0.506
105628.712223,-0.0177807063,0.00225221743,13.4089591,0.506
105628.716391,-0.00250676529,0.0229848515,13.4208595,0.506
105628.720560,-0.00472696608,-0.000442418215,16.5508947,0.506
105628.724728,0.00100543134,0.00974000298,16.5505256,0.506
105628.728897,0.00755056236,0.00471460778,16.560732,0.506
105628.733065,-0.00189800916,-0.0153073716,20.3441503,0.506
105628.737233,0.00197446772,-0.0024428414,20.3650461,0.506
105628.741402,-0.00223371142,-0.0031308542,20.6245592,0.506
105628.745570,-0.00870922225,0.000168778809,20.6728056,0.506
105628.749739,-0.0019022432,-0.0125908087,20.7280839,0.506
105628.753907,-0.0029276493,-0.00526603125,20.7216328,0.506
105628.758075,-0.00289335138,0.0167689077,20.7842842,0.506
105628.762244,-0.0120527732,0.0208208513,23.5767429,0.506
105628.766412,0.00595578583,0.0321925642,23.6013076,0.506
105628.770581,-0.0131934478,0.00508686588,49.9590577,0.506
105628.774749,-0.000439383747,0.0238386741,50.1648122,0.506
105628.778917,2.0285664e-05,0.0229316947,50.3590491,0.506
105628.783086,-0.011689665,0.00667579702,101.724282,0.506
105628.787254,-0.000304306218,0.0192323388,98.8955192,0.506
105628.791423,-0.001076312,0.00283132462,38.2520755,0.506
105628.795591,-0.00123834255,0.0207422793,37.8504139,0.506
105628.799759,0.00985544353,-0.00187473168,27.6662499,0.506
105628.803928,-0.00237633151,-0.0110921722,27.7340866,0.506
105628.808096,-0.00941625716,-0.0280889378,27.7947882,0.506
105628.812265,0.00203194484,-0.0288458129,35.0371464,0.506
105628.816433,-0.00610161801,-0.0357261753,35.1472617,0.506
105628.820602,0.00162400906,-0.0106920668,301.232977,0.506
105628.824770,0.000576686446,-0.0190464807,289.617134,0.506
105628.828938,0.0124160986,-0.00899568076,295.65393,0.506
105628.833107,0.0181464791,0.0165159068,63.4119993,0.506
105628.837275,0.0732497502,0.0147169796,61.802737,0.506
105628.841444,0.0916510373,-0.0145936153,13.0848045,0.506
105628.845612,0.0939916066,-0.0101294826,13.0762058,0.506
105628.849780,0.0328063974,0.00537247811,7.97695846,0.506
105628.853949,0.0458975895,0.016189116,7.97561212,0.506
105628.858117,0.0177292852,0.0226431657,7.97661117,0.506
105628.862286,-0.0046522607,-0.0100357377,6.55201188,0.506
105628.866454,-0.0381669411,0.02707561,6.55207561,0.506
105628.870622,-0.0230114292,-0.00444216832,6.54825204,0.506
105628.874791,-0.0983413527,0.0060451692,6.54500213,0.506
105628.878959,-0.132478262,-0.0302173061,6.55065086,0.506
105628.883128,-0.104335962,-0.0368582265,8.88311796,0.506
105628.887296,-0.135952487,-0.0635208088,8.88610232,0.506
105628.891465,-0.0633394997,-0.00644849383,21.7323291,0.506
105628.895633,-0.080613378,-0.0143986419,21.7183143,0.506
105628.899801,-0.0319658492,0.00651405601,30.5269569,0.506
105628.903970,-0.0501092849,0.0285287277,30.5532982,0.506
105628.908138,-0.0411962322,0.053778222,30.6088644,0.506
105628.912307,-0.0263154889,0.0475681686,63.1133664,0.506
105628.916475,-0.0365596599,0.120812702,59.5171143,0.506
105628.920643,-0.0445334703,0.0336574976,28.8656857,0.506
105628.924812,-0.0233694558,0.053484629,28.8298775,0.506
105628.928980,0.00258469673,0.0624350184,28.737481,0.506
105628.933149,-0.0391243992,0.0296314428,14.4814775,0.506
105628.937317,-0.0265055457,0.0202158686,14.4797037,0.506
105628.941485,-0.0696598054,0.0162095613,11.692957,0.506
105628.945654,-0.0658844754,0.00866153418,11.6982449,0.506
105628.949822,-0.0879945947,0.0332999269,11.455442,0.506
105628.953991,-0.0906203096,0.0285783554,11.4596683,0.506
105628.958159,-0.0949628255,0.0198360222,11.4584727,0.506
105628.962327,-0.0983906369,0.0314323804,11.8187826,0.506
105628.966496,-0.111504303,0.0212339557,11.8232209,0.506
105628.970664,-0.107727474,0.0449132098,13.5087477,0.506
105628.974833,-0.110207427,0.0296900172,13.5140767,0.506
105628.979001,-0.107638051,0.0411920783,13.5136672,0.506
105628.983170,-0.0960952906,0.0862271572,15.669482,0.506
105628.987338,-0.0941387948,0.0864707988,15.6557716,0.506
105628.991506,-0.108004215,0.063400656,15.8707828,0.506
105628.995675,-0.106656372,0.10112699,15.8458342,0.506
105628.999843,-0.113554109,0.0699927107,14.6529668,0.506
105629.004012,-0.122050547,0.0855300323,14.6338842,0.506
105629.008180,-0.132078749,0.107168132,14.6320759,0.506
105629.012348,-0.126304237,0.0608076781,12.5701922,0.506
105629.016517,-0.144785491,0.0918681634,12.5759851,0.506
105629.020685,-0.118064555,0.0601384773,10.7496354,0.506
105629.024854,-0.13856871,0.0700179361,10.746426,0.506
105629.029022,-0.13247709,0.0730411208,10.743139,0.506
105629.033191,-0.120485133,0.0489736463,9.49312863,0.506
105629.037359,-0.118260355,0.0498548558,9.49373011,0.506
105629.041527,-0.120577022,0.0385368992,9.14060809,0.506
105629.045696,-0.116190531,0.0118849374,9.1357013,0.506
105629.049864,-0.108294191,0.0182270263,10.5173129,0.506
105629.054033,-0.129650674,-0.00553757607,10.5181691,0.506
105629.058201,-0.107555463,-0.0254455665,10.5209692,0.506
105629.062369,-0.120084613,0.0129393741,16.4314284,0.506
105629.066538,-0.128358817,-0.00547744881,16.4529471,0.506
105629.070706,-0.127551282,0.0416901833,24.9290256,0.506
105629.074875,-0.137078283,0.0649482983,24.8153812,0.506
105629.079043,-0.165178961,0.0983963918,24.8276587,0.506
105629.083211,-0.142708132,0.0843632745,15.3415999,0.506
105629.087380,-0.150395607,0.109596205,15.3662917,0.506
105629.091548,-0.12997327,0.0896975225,9.29294712,0.506
105629.095717,-0.138082857,0.0964555781,9.29654797,0.506
105629.099885,-0.165833966,0.115351945,9.29454844,0.506
105629.104053,-0.160277692,0.0587636877,6.72815963,0.506
105629.108222,-0.166801103,0.0732608635,6.7283456,0.506
105629.112390,-0.129016562,0.0473764009,5.74985843,0.506
105629.116559,-0.131061499,0.0274199052,5.74973293,0.506
105629.120727,-0.101837918,0.0258562513,5.84557084,0.506
105629.124896,-0.0820885802,-0.0130740967,5.84439031,0.506
105629.129064,-0.0364198609,-0.0381222009,5.84265933,0.506
105629.133232,-0.0536207634,0.00358424211,8.20189354,0.506
105629.137401,0.00387340621,-0.0474793621,8.20630214,0.506
105629.141569,-0.0476796048,-0.00774834696,19.8033449,0.506
105629.145738,-0.00445574446,-0.0311707127,19.9013998,0.506
105629.149906,0.0227836021,-0.053041638,19.9553576,0.506
105629.154074,-0.0694562671,-0.00322459322,19.5184219,0.506
105629.158243,-0.046451867,-0.0146175934,19.5107102,0.506
105629.162411,-0.113359851,0.0290846722,8.76036635,0.506
105629.166580,-0.0525525494,0.00209954622,8.74955777,0.506
105629.170748,-0.132555152,0.0344179153,6.87068048,0.506
105629.174916,-0.15712039,0.0490644466,6.87294968,0.506
105629.179085,-0.175141265,0.0693774257,6.87514361,0.506
105629.183253,-0.164891095,0.0520093335,8.39852965,0.506
105629.187422,-0.186790203,0.0722367331,8.39773441,0.506
105629.191590,-0.133156868,0.0702696542,14.1859343,0.506
105629.195759,-0.179928246,0.117266832,14.1296901,0.506
105629.199927,-0.17001538,0.146994362,14.1428259,0.506
105629.204095,-0.175242844,0.131510749,11.6833601,0.506
105629.208264,-0.149364123,0.119685517,11.6912414,0.506
105629.212432,-0.108803493,0.110044154,6.92906179,0.506
105629.216601,-0.174469116,0.18545497,6.91942171,0.506
105629.220769,-0.122524559,0.036346191,4.35913182,0.506
105629.224937,-0.171036499,0.0555973275,4.35862822,0.506
105629.229106,-0.191480323,0.0609086965,4.35898968,0.506
105629.233274,-0.166409954,-0.0123453501,3.80471731,0.506
105629.237443,-0.189593605,-0.0311018338,3.80529878,0.506
105629.241611,-0.149726655,-0.0471871471,4.02914938,0.506
105629.245779,-0.18328893,-0.129706183,4.02969614,0.506
105629.249948,-0.205244764,-0.190548545,4.02927356,0.506
105629.254116,-0.165522897,-0.128642042,5.46888713,0.506
105629.258285,-0.148528342,-0.198901222,5.47022492,0.506
105629.262453,-0.125770795,-0.0939856575,8.04317094,0.506
105629.266622,-0.095374682,-0.142077052,8.04171542,0.506
105629.270790,-0.128707563,-0.0699883873,10.5733518,0.506
105629.274958,-0.0829012653,-0.0988478204,10.564558,0.506
105629.279127,-0.0440947406,-0.11400884,10.5517062,0.506
105629.283295,-0.0931263488,-0.0194400083,12.1671676,0.506
105629.287464,-0.0538691396,-0.0741770642,12.1516667,0.506
105629.291632,-0.0802652132,-0.0194629467,12.9831794,0.506
105629.295800,-0.0484618729,0.0135470857,13.0027158,0.506
105629.299969,-0.0202128435,0.026170398,13.017573,0.506
105629.304137,-0.0725231999,-0.000623751291,13.4569672,0.506
105629.308306,-0.0627003111,0.0427388304,13.482281,0.506
105629.312474,-0.114941114,0.00718690234,10.1628798,0.506
105629.316642,-0.104210027,0.0128163967,10.163621,0.506
105629.320811,-0.13444517,-0.0203364016,7.96897921,0.506
105629.324979,-0.136631633,-0.0101214318,7.96906595,0.506
105629.329148,-0.123110567,-0.00615652016,7.96912907,0.506
105629.333316,-0.143606848,-0.0297859788,7.26889337,0.506
105629.337484,-0.142223356,-0.0240246687,7.26935627,0.506
105629.341653,-0.139785901,-0.0189080418,7.51330021,0.506
105629.345821,-0.152945169,-0.0034376791,7.51266619,0.506
105629.349990,-0.167752944,-0.0109936509,7.51360702,0.506
105629.354158,-0.156671947,-0.00106938306,8.37120346,0.506
105629.358327,-0.180092981,0.0120170851,8.3696146,0.506
105629.362495,-0.159175201,-0.0240017888,10.4640084,0.506
105629.366663,-0.168830704,-0.0233190493,10.4649746,0.506
105629.370832,-0.143622667,-0.00581840795,14.7437279,0.506
105629.375000,-0.145248889,-0.0185444754,14.7481647,0.506
105629.379169,-0.140949776,-0.0303609105,14.7549676,0.506
105629.383337,-0.145668878,0.0109468196,15.9381936,0.506
105629.387505,-0.166941277,0.0171209572,15.9244211,0.506
105629.391674,-0.159772294,0.00357794008,15.1086237,0.506
105629.395842,-0.205539859,0.0442615298,15.0740341,0.506
105629.400011,-0.224785138,0.0331810697,15.0577012,0.506
105629.404179,-0.196176825,-0.0344674496,18.811169,0.506
105629.408347,-0.235784245,-0.0637470583,18.7963436,0.506
105629.412516,-0.2098881,-0.0302897468,97.7048396,0.506
105629.416684,-0.216152254,-0.0239138376,96.4115327,0.506
105629.420853,-0.242333892,-0.0591731151,94.2645483,0.506
105629.425021,-0.216901423,-0.0338107365,25.416122,0.506
105629.429190,-0.199799477,-0.0195732369,25.4758794,0.506
105629.433358,-0.180062739,0.0261471677,17.7730946,0.506
105629.437526,-0.205711686,0.0478605628,17.7783443,0.506
105629.441695,-0.17086429,0.00789279011,19.3185948,0.506
105629.445863,-0.179778315,0.0103445632,19.3098188,0.506
105629.450032,-0.152051178,0.0356724742,19.2864398,0.506
105629.454200,-0.14504737,-0.00616876732,23.2727084,0.506
105629.458368,-0.13735756,-0.0371983415,23.2646411,0.506
105629.462537,-0.193839182,0.0063383844,72.1251635,0.506
105629.466705,-0.137336762,0.01533087,71.8437967,0.506
105629.470874,-0.12243267,0.0475358128,69.5491096,0.506
105629.475042,-0.164923129,0.0284795406,28.4460319,0.506
105629.479210,-0.119254057,0.0104672059,28.839955,0.506
105629.483379,-0.179593305,-0.0256445453,13.7294129,0.506
105629.487547,-0.172054422,-0.039409361,13.7504233,0.506
105629.491716,-0.191951224,-0.0322307165,12.958595,0.506
105629.495884,-0.196296746,-0.0496397848,12.9585646,0.506
105629.500053,-0.198441359,-0.0597733723,12.9532198,0.506
105629.504221,-0.235285829,-0.0230422459,12.4253334,0.506
105629.508389,-0.262774218,-0.0529238459,12.4034048,0.506
105629.512558,-0.268803481,0.0293145074,12.114636,0.506
105629.516726,-0.284771239,0.00192573045,12.1213087,0.506
105629.520895,-0.25678639,0.0229148554,12.1155631,0.506
105629.525063,-0.249962165,0.0502181588,16.6147231,0.506
105629.529231,-0.23492195,0.0739704972,16.6250282,0.506
105629.533400,-0.250018171,0.0508236364,28.1968965,0.506
105629.537568,-0.260478366,0.0787378938,28.0662763,0.506
105629.541737,-0.256224208,0.0586835545,25.595175,0.506
105629.545905,-0.26392499,0.0734307685,25.6185335,0.506
105629.550073,-0.244810518,0.0827067537,25.5438702,0.506
105629.554242,-0.244364828,0.0129336394,16.6203644,0.506
105629.558410,-0.25055679,-0.00706361642,16.6419365,0.506
105629.562579,-0.241472994,-0.00253813166,19.0797188,0.506
105629.566747,-0.248863658,-0.0377503082,19.0945332,0.506
105629.570915,-0.243885687,-0.0622145328,19.0744573,0.506
105629.575084,-0.272531963,0.00204627823,16.6395303,0.506
105629.579252,-0.272796998,-0.0084649929,16.6104368,0.506
105629.583421,-0.3047662,-6.61262342e-05,11.8427035,0.506
105629.587589,-0.293540582,-0.0148071823,11.837833,0.506
105629.591758,-0.290019705,0.033566276,9.58254381,0.506
105629.595926,-0.299858387,0.00134075196,9.5791561,0.506
105629.600094,-0.288328702,0.00535782934,9.57829343,0.506
105629.604263,-0.314869761,0.0283690698,8.50895275,0.506
105629.608431,-0.302788578,0.0283639835,8.50552469,0.506
105629.612600,-0.305276138,0.043102217,8.30804592,0.506
105629.616768,-0.292010575,0.0688424165,8.30889482,0.506
105629.620936,-0.300613012,0.0579773747,8.30891432,0.506
105629.625105,-0.304514892,0.0406319143,8.60103492,0.506
105629.629273,-0.314977495,0.0308741596,8.603054,0.506
105629.633442,-0.313910126,0.0435941823,8.32084132,0.506
105629.637610,-0.331981995,0.0408398669,8.32058295,0.506
105629.641778,-0.332492528,0.0491948445,8.35051541,0.506
105629.645947,-0.344384491,0.0458100043,8.35044495,0.506
105629.650115,-0.326070481,0.0701693186,8.35534622,0.506
105629.654284,-0.327061777,0.0722700541,8.44346097,0.506
105629.658452,-0.302499438,0.111812703,8.44729825,0.506
105629.662621,-0.332965675,0.0713067564,9.07801365,0.506
105629.666789,-0.362077664,0.112807036,9.06972169,0.506
105629.670957,-0.3625142,0.132533274,9.06227722,0.506
105629.675126,-0.36521435,0.069677201,9.20463092,0.506
105629.679294,-0.384494296,0.0897133313,9.19945884,0.506
105629.683463,-0.371848758,0.0450459368,9.79053621,0.506
105629.687631,-0.367555964,0.0171140299,9.7950169,0.506
105629.691799,-0.35163722,0.0322951171,11.3876348,0.506
105629.695968,-0.346653272,0.00253878986,11.3971907,0.506
105629.700136,-0.35589338,-0.0136989609,11.3990174,0.506
105629.704305,-0.358446122,0.0390366365,10.7299791,0.506
105629.708473,-0.379408404,0.0224160266,10.727641,0.506
105629.712641,-0.372506534,0.0448269963,10.1336325,0.506
105629.716810,-0.3738049,0.0565572135,10.1346779,0.506
105629.720978,-0.391463956,0.0450550118,10.1289344,0.506
105629.725147,-0.367311591,0.0432084215,11.136704,0.506
105629.729315,-0.379530522,0.0510993512,11.1394268,0.506
105629.733484,-0.376375272,0.0545359306,12.6369178,0.506
105629.737652,-0.398701472,0.0621085707,12.6370384,0.506
105629.741820,-0.376629954,0.0406667487,16.9083767,0.506
105629.745989,-0.378601754,0.0364265867,16.9191605,0.506
105629.750157,-0.391522111,0.015817668,16.9309578,0.506
105629.754326,-0.354968138,0.0221506741,21.9601317,0.506
105629.758494,-0.35418759,0.0229624701,21.9439332,0.506
105629.762662,-0.339037263,0.0206612408,19.3901965,0.506
105629.766831,-0.321975354,0.0298544621,19.4245808,0.506
105629.770999,-0.293631238,0.0366673045,19.3974768,0.506
105629.775168,-0.316399055,0.0151654266,12.6751844,0.506
105629.779336,-0.321719819,0.0109328401,12.6718404,0.506
105629.783504,-0.350918172,0.00457609476,9.11843931,0.506
105629.787673,-0.360625582,-0.00588519421,9.11961485,0.506
105629.791841,-0.363576844,-0.00159885633,9.12285951,0.506
105629.796010,-0.396313871,0.0179609638,8.92619206,0.506
105629.800178,-0.415337663,0.026905088,8.92538301,0.506
105629.804346,-0.398389825,0.0139289613,11.7964684,0.506
105629.808515,-0.424310542,0.0235037679,11.7891886,0.506
105629.812683,-0.384136182,-0.00385020609,18.2435462,0.506
105629.816852,-0.410376016,0.00241390042,18.2537016,0.506
105629.821020,-0.439454032,0.0145252427,18.2114926,0.506
105629.825189,-0.391998847,-0.0179098268,35.2351358,0.506
105629.829357,-0.409513499,-0.0274051348,35.2450676,0.506
105629.833525,-0.374386881,-0.0525679841,81.7875049,0.506
105629.837694,-0.437476606,-0.0540072805,78.8783638,0.506
105629.841862,-0.415381626,-0.107430484,73.6758151,0.506
105629.846031,-0.38669145,-0.0443691424,25.5377151,0.506
105629.850199,-0.360824455,-0.0533430089,25.5213219,0.506
105629.854367,-0.34229035,-0.0191924449,14.7116578,0.506
105629.858536,-0.335012664,0.0223068582,14.7371456,0.506
105629.862704,-0.359939788,-0.00217611723,19.3605866,0.506
105629.866873,-0.332273962,0.0222113853,19.4117378,0.506
105629.871041,-0.331421502,0.0321594848,19.4374805,0.506
105629.875209,-0.354433029,0.00806005789,29.1422053,0.506
105629.879378,-0.344732297,0.0382082858,29.2300534,0.506
105629.883546,-0.393794331,0.0164009483,35.8224955,0.506
105629.887715,-0.372646944,0.016292203,35.640173,0.506
105629.891883,-0.390691768,0.0166606702,35.7693754,0.506
105629.896052,-0.41646582,-0.0118393549,40.5447516,0.506
105629.900220,-0.412414703,-0.0175638132,40.7717975,0.506
105629.904388,-0.415301539,-0.0154509772,53.7663107,0.506
105629.908557,-0.426144556,-0.0261595237,52.8938152,0.506
105629.912725,-0.381426195,-0.0141199995,31.2762185,0.506
105629.916894,-0.40260568,-0.0196368445,31.501545,0.506
105629.921062,-0.398834238,-0.0306404283,31.3489827,0.506
105629.925230,-0.386577998,-0.0195417998,21.0082994,0.506
105629.929399,-0.393925865,-0.0119450555,20.9839457,0.506
105629.933567,-0.379187542,-0.0147606765,17.8966441,0.506
105629.937736,-0.404847326,-0.0109666866,17.9060302,0.506
105629.941904,-0.394379145,-0.00232524061,17.8813519,0.506
105629.946072,-0.365398839,-0.0223159081,16.9525865,0.506
105629.950241,-0.384803772,-0.0248315377,16.9742977,0.506
105629.954409,-0.364622639,-0.00448686743,15.7382599,0.506
105629.958578,-0.35862291,-0.026421202,15.7259805,0.506
105629.962746,-0.379783933,-0.0128438618,15.6749219,0.506
105629.966915,-0.368593289,0.00251058618,15.6969256,0.506
105629.971083,-0.358200702,-0.00808238425,15.6943687,0.506
105629.975251,-0.36962884,-0.0254513396,16.6464465,0.506
105629.979420,-0.375807963,0.000732603788,16.6525061,0.506
105629.983588,-0.365515043,-0.0131205269,15.6313954,0.506
105629.987757,-0.388685616,-0.0112448763,15.6289158,0.506
105629.991925,-0.381778705,-0.0191502435,15.6280074,0.506
105629.996093,-0.369905216,0.00566055916,14.0724276,0.506
105630.000262,-0.380357603,-0.0201737811,14.0571018,0.506
105630.004430,-0.376121488,-0.0167990963,13.4416487,0.506
105630.008599,-0.358782576,-0.0148283407,13.4375685,0.506
105630.012767,-0.354048037,0.010458239,13.5984605,0.506
105630.016935,-0.359669898,0.0299867509,13.5998432,0.506
105630.021104,-0.353535244,0.050713361,13.5956772,0.506
105630.025272,-0.374379455,0.0283916506,16.0472489,0.506
105630.029441,-0.356736026,0.0505546946,16.0319415,0.506
105630.033609,-0.377576013,-0.0129827866,15.4134784,0.506
105630.037778,-0.388590489,0.00666737672,15.4231377,0.506
105630.041946,-0.388558088,-0.0186795812,15.4218222,0.506
105630.046114,-0.394579571,-0.0390922067,12.7496057,0.506
105630.050283,-0.41976786,-0.0611862308,12.7708742,0.506
105630.054451,-0.394464521,-0.0412678884,9.57203645,0.506
105630.058620,-0.401131995,-0.057345275,9.5732232,0.506
105630.062788,-0.382054061,-0.0230948758,7.33191515,0.506
105630.066956,-0.385082473,-0.0515149979,7.33037101,0.506
105630.071125,-0.37142529,-0.061312334,7.33023645,0.506
105630.075293,-0.377574032,-0.00988708286,6.65592233,0.506
105630.079462,-0.365401821,-0.00199992507,6.65377716,0.506
105630.083630,-0.368649941,0.0212585975,6.61139711,0.506
105630.087798,-0.393713135,0.0285819529,6.61015906,0.506
105630.091967,-0.397017208,0.0621371636,6.61268595,0.506
105630.096135,-0.40549697,0.0315556619,6.34122767,0.506
105630.100304,-0.404006905,0.0524596951,6.34066242,0.506
105630.104472,-0.391324206,0.0165213495,5.86840818,0.506
105630.108641,-0.394321357,0.0247459062,5.86917686,0.506
105630.112809,-0.394186933,0.00626542749,5.59139427,0.506
105630.116977,-0.384095323,0.000762117719,5.59202924,0.506
105630.121146,-0.371389748,-0.0182548451,5.59335737,0.506
105630.125314,-0.358186362,-0.0210752985,5.84160017,0.506
105630.129483,-0.3359408,-0.040910468,5.84218706,0.506
105630.133651,-0.363629833,-0.0155478536,6.81990491,0.506
105630.137819,-0.336977682,-0.0310094637,6.81966742,0.506
105630.141988,-0.314987177,-0.037521913,6.82178641,0.506
105630.146156,-0.349092804,-0.00170060533,8.90726141,0.506
105630.150325,-0.317752631,0.00976449284,8.90800782,0.506
105630.154493,-0.36950675,0.026452939,13.4954567,0.506
105630.158661,-0.341746006,0.039381373,13.5003377,0.506
105630.162830,-0.326866701,0.0633200546,13.4990337,0.506
105630.166998,-0.359719307,0.0417392579,29.7000296,0.506
105630.171167,-0.34595375,0.0658806185,29.5599003,0.506
105630.175335,-0.375811145,-0.0102559095,25.2751402,0.506
105630.179503,-0.365380388,-0.00684493341,25.278616,0.506
105630.183672,-0.402496227,-0.013397924,22.8991409,0.506
105630.187840,-0.398438363,-0.0236707112,22.9218553,0.506
105630.192009,-0.403839213,-0.0317227992,22.9466396,0.506
105630.196177,-0.409743659,-0.0249200604,29.8442388,0.506
105630.200346,-0.423219797,-0.0309757696,29.6352727,0.506
105630.204514,-0.414800529,-0.0243375757,46.6705064,0.506
105630.208682,-0.428776527,-0.0432510742,46.4319765,0.506
105630.212851,-0.445334447,-0.0608515026,45.8965788,0.506
105630.217019,-0.427730201,-0.0228266416,52.2502004,0.506
105630.221188,-0.448508196,-0.0316961696,53.5131514,0.506
105630.225356,-0.439416877,-0.00772936374,37.1871186,0.506
105630.229524,-0.441238879,-0.0116597928,36.8824691,0.506
105630.233693,-0.447910763,-0.0161472123,38.6448028,0.506
105630.237861,-0.454089918,0.00552192994,38.805448,0.506
105630.242030,-0.451724822,0.0116021121,39.1085064,0.506
105630.246198,-0.460171609,0.00202290702,36.8665493,0.506
105630.250366,-0.468373349,0.0169427055,36.8995061,0.506
105630.254535,-0.462352749,-0.0006251398,23.6193305,0.506
105630.258703,-0.459738917,0.00285295158,23.6054562,0.506
105630.262872,-0.485794136,0.0297514352,23.586876,0.506
105630.267040,-0.466515953,0.0135527933,15.6775037,0.506
105630.271209,-0.469945405,0.025845055,15.6605526,0.506
105630.275377,-0.461109927,-0.00996635386,11.8338743,0.506
105630.279545,-0.446423483,-0.0165629335,11.8357929,0.506
105630.283714,-0.445681124,-0.00685540072,11.3778049,0.506
105630.287882,-0.441999847,-0.0221363884,11.3833316,0.506
105630.292051,-0.44696602,-0.0315518402,11.3799659,0.506
105630.296219,-0.454973795,0.00225605727,12.2570179,0.506
105630.300387,-0.435247334,-0.0104263617,12.2538598,0.506
105630.304556,-0.432508852,-0.00726576752,13.6219316,0.506
105630.308724,-0.42573747,0.0337514153,13.6126558,0.506
105630.312893,-0.406520981,0.029061164,13.6261945,0.506
105630.317061,-0.438020721,0.0382353118,16.7980452,0.506
105630.321229,-0.406231019,0.0426387757,16.7757822,0.506
105630.325398,-0.43673755,0.00951974628,16.9220613,0.506
105630.329566,-0.428920993,0.0134858734,16.9164182,0.506
105630.333735,-0.453750779,0.0269346823,18.7116863,0.506
105630.337903,-0.446736914,0.0265329668,18.6816663,0.506
105630.342072,-0.445234109,0.0306499564,18.7420119,0.506
105630.346240,-0.464651745,0.00716386845,17.4216793,0.506
105630.350408,-0.462940042,-0.00211263752,17.4571816,0.506
105630.354577,-0.473119597,0.00106589265,20.2080073,0.506
105630.358745,-0.464793638,-0.00278693032,20.1628616,0.506
105630.362914,-0.475981825,-0.0173144182,20.2288072,0.506
105630.367082,-0.466914143,0.0161680103,27.7720192,0.506
105630.371250,-0.468100042,0.036587409,27.7468868,0.506
105630.375419,-0.457113588,0.03219922,23.8977764,0.506
105630.379587,-0.473888889,0.0503335149,23.9350971,0.506
105630.383756,-0.464929626,0.0384065852,17.0671913,0.506
105630.387924,-0.461668521,0.0548295627,17.0654755,0.506
105630.392092,-0.47641249,0.0727659151,17.0766154,0.506
105630.396261,-0.461827197,0.0494989988,12.134047,0.506
105630.400429,-0.470993876,0.0390088575,12.1276609,0.506
105630.404598,-0.45695553,0.0265639188,10.7936453,0.506
105630.408766,-0.454936974,0.0552946495,10.8033242,0.506
105630.412935,-0.464200851,0.0506811412,10.8067461,0.506
105630.417103,-0.454929753,0.0457779868,9.60004485,0.506
105630.421271,-0.441958772,0.0582007583,9.59623264,0.506
105630.425440,-0.445107333,0.0192912835,8.52834924,0.506
105630.429608,-0.434429349,0.00534013176,8.52881445,0.506
105630.433777,-0.447388682,0.0146605425,9.19537621,0.506
105630.437945,-0.427173148,-0.0111741898,9.18990645,0.506
105630.442113,-0.425946586,-0.0291040771,9.1834343,0.506
105630.446282,-0.421573367,0.00124898108,11.6338463,0.506
105630.450450,-0.407263481,-0.0304546602,11.6514768,0.506
105630.454619,-0.43842821,0.00195986552,15.0218922,0.506
105630.458787,-0.411003881,-0.0281394203,15.057248,0.506
105630.462956,-0.405991849,-0.0337839915,15.0361502,0.506
105630.467124,-0.42407396,-0.0214420306,16.6470167,0.506
105630.471292,-0.414628948,-0.0355722559,16.6728189,0.506
105630.475461,-0.427423441,-0.010151121,14.9773211,0.506
105630.479629,-0.411965547,-0.0292589182,14.9820604,0.506
105630.483798,-0.436558176,-0.0156493374,13.5879786,0.506
105630.487966,-0.431652698,-0.0294053822,13.5832264,0.506
105630.492134,-0.439582419,-0.0514229288,13.5877354,0.506
105630.496303,-0.449913484,-0.0378387576,14.2526716,0.506
105630.500471,-0.458673004,-0.0552536589,14.2456243,0.506
105630.504640,-0.435843871,-0.0332936381,17.4216775,0.506
105630.508808,-0.462056259,-0.0482576054,17.3728464,0.506
105630.512976,-0.488093877,-0.0544117022,17.354196,0.506
105630.517145,-0.447298353,-0.0468082756,21.4134911,0.506
105630.521313,-0.462317327,-0.0409113422,21.5132561,0.506
105630.525482,-0.425569445,-0.0355197732,23.4677797,0.506
105630.529650,-0.444418965,-0.0186128065,23.5297244,0.506
105630.533818,-0.452626105,-0.0199910379,23.6109461,0.506
105630.537987,-0.428559747,-0.0218722961,26.8827853,0.506
105630.542155,-0.42746693,-0.00313498278,26.8924448,0.506
105630.546324,-0.42266155,-0.0166195071,24.7076815,0.506
105630.550492,-0.428449035,-0.00236954488,24.7230664,0.506
105630.554661,-0.425621661,-0.034431864,17.350968,0.506
105630.558829,-0.432477973,-0.0240458443,17.3650021,0.506
105630.562997,-0.458238175,-0.0258108831,17.3679115,0.506
105630.567166,-0.449100138,-0.0488935337,11.7975629,0.506
105630.571334,-0.464268608,-0.0626681075,11.7897209,0.506
105630.575503,-0.449276021,-0.0670186988,9.3464392,0.506
105630.579671,-0.466061356,-0.0576853141,9.34087711,0.506
105630.583839,-0.48307081,-0.0761212023,9.34027868,0.506
105630.588008,-0.456519074,-0.0671399564,7.81483625,0.506
105630.592176,-0.484025411,-0.0769198006,7.81520966,0.506
105630.596345,-0.46243356,-0.0945468888,6.76412115,0.506
105630.600513,-0.478123558,-0.0956511269,6.76425591,0.506
105630.604681,-0.462547747,-0.0934628005,5.77216973,0.506
105630.608850,-0.476541528,-0.101019475,5.77221787,0.506
105630.613018,-0.495123132,-0.118834432,5.77179437,0.506
105630.617187,-0.460721631,-0.091081771,4.96568374,0.506
105630.621355,-0.473933107,-0.0821402304,4.96572085,0.506
105630.625524,-0.448791406,-0.0643456893,4.60740669,0.506
105630.629692,-0.452574394,-0.0645526638,4.60693834,0.506
105630.633860,-0.422430951,-0.060067886,4.60727912,0.506
105630.638029,-0.430042427,-0.0485347401,4.8092195,0.506
105630.642197,-0.413391813,-0.0338440378,4.80907672,0.506
105630.646366,-0.422900266,-0.052605592,5.33214194,0.506
105630.650534,-0.401221682,-0.0365595815,5.33140463,0.506
105630.654702,-0.426308275,-0.0586077052,6.40962708,0.506
105630.658871,-0.395536581,-0.0371781881,6.41229961,0.506
105630.663039,-0.363867974,-0.043266916,6.41275223,0.506
105630.667208,-0.391288656,-0.0676186241,8.74884048,0.506
105630.671376,-0.384007847,-0.0876712934,8.75186162,0.506
105630.675544,-0.399263819,-0.0987516791,13.7917147,0.506
105630.679713,-0.383471434,-0.101912648,13.8031355,0.506
105630.683881,-0.353708892,-0.115504618,13.7688783,0.506
105630.688050,-0.384480462,-0.0900165762,27.0222755,0.506
105630.692218,-0.373346307,-0.0912253789,26.8244415,0.506
105630.696386,-0.403749145,-0.07444461,32.0974833,0.506
105630.700555,-0.399778828,-0.0850188641,32.3526535,0.506
105630.704723,-0.424141183,-0.0727453001,20.6667476,0.506
105630.708892,-0.421521426,-0.0844837169,20.6199999,0.506
105630.713060,-0.410981574,-0.0937017125,20.6925188,0.506
105630.717229,-0.420017936,-0.0760520016,16.2164804,0.506
105630.721397,-0.425298226,-0.0890391008,16.2079443,0.506
105630.725565,-0.425749528,-0.0566870277,14.3801253,0.506
105630.729734,-0.416875708,-0.0747322515,14.4018836,0.506
105630.733902,-0.420229672,-0.0724820096,14.4046175,0.506
105630.738071,-0.413852186,-0.061463301,14.1241446,0.506
105630.742239,-0.408644261,-0.0455585476,14.1132724,0.506
105630.746407,-0.381941016,-0.0553413394,14.1564962,0.506
105630.750576,-0.385791722,-0.040684322,14.1210273,0.506
105630.754744,-0.377773126,-0.0365386503,13.1401954,0.506
105630.758913,-0.359266739,-0.0208630889,13.1472013,0.506
105630.763081,-0.348531155,-0.00478858154,13.1715135,0.506
105630.767249,-0.358815159,-0.0190043642,12.2818486,0.506
105630.771418,-0.355700616,-0.00344530123,12.2852184,0.506
105630.775586,-0.358563173,-0.0309604367,11.0305928,0.506
105630.779755,-0.361617752,-0.0213176343,11.0392381,0.506
105630.783923,-0.347919036,-0.021593298,11.0214592,0.506
105630.788091,-0.348472807,-0.00923627854,10.3372335,0.506
105630.792260,-0.337416931,-0.00010079892,10.3393389,0.506
105630.796428,-0.342680911,0.00309942663,9.66958684,0.506
105630.800597,-0.327122365,0.0243419916,9.67437504,0.506
105630.804765,-0.333283764,-0.00377955508,8.66450706,0.506
105630.808934,-0.327605165,0.00587489889,8.66201675,0.506
105630.813102,-0.326953701,0.0123536595,8.6643296,0.506
105630.817270,-0.342532038,-0.00503369716,8.2063299,0.506
105630.821439,-0.344223923,0.00628286087,8.20145732,0.506
105630.825607,-0.332683117,-0.00570776024,8.7756096,0.506
105630.829776,-0.335995773,0.0024692901,8.7695461,0.506
105630.833944,-0.34659954,-0.00250919936,8.76828272,0.506
105630.838112,-0.333719238,-0.00406308419,9.27329235,0.506
105630.842281,-0.338942164,-0.023691972,9.27130097,0.506
105630.846449,-0.333852785,-0.0103655948,10.387723,0.506
105630.850618,-0.345427833,-0.0251591376,10.3961537,0.506
105630.854786,-0.33678813,0.000233406798,11.483465,0.506
105630.858955,-0.333355868,-0.0174299335,11.4752668,0.506
105630.863123,-0.352793385,-0.0337330588,11.4789287,0.506
105630.867291,-0.340098471,-0.00740674395,12.0420522,0.506
105630.871460,-0.352789911,0.0059416824,12.0537242,0.506
105630.875628,-0.330011692,0.00197154553,12.9992722,0.506
105630.879797,-0.361595825,0.00503241159,12.9858007,0.506
105630.883965,-0.378465118,0.0213231217,13.0083407,0.506
105630.888133,-0.357145284,0.000890150291,15.9069093,0.506
105630.892302,-0.380806359,0.0130214953,15.8761256,0.506
105630.896470,-0.343282345,0.0157417974,15.7919474,0.506
105630.900639,-0.377729707,0.0125579995,15.7610673,0.506
105630.904807,-0.392305899,0.0283286627,15.7412321,0.506
105630.908975,-0.361982946,0.0154449934,13.2836697,0.506
105630.913144,-0.364751105,0.055969345,13.3084577,0.506
105630.917312,-0.343314337,0.0601028713,11.5395592,0.506
105630.921481,-0.351182369,0.0631014119,11.5421423,0.506
105630.925649,-0.318552125,0.0400900208,11.700408,0.506
105630.929818,-0.317860879,0.0433288714,11.6975184,0.506
105630.933986,-0.312173878,0.0690299983,11.6883729,0.506
105630.938154,-0.299483385,0.029679013,12.723809,0.506
105630.942323,-0.286114449,0.01753023,12.6909378,0.506
105630.946491,-0.295363504,0.0153764149,16.8856211,0.506
105630.950660,-0.283804163,0.0255984907,16.8926926,0.506
105630.954828,-0.263914919,0.00964624278,16.8675228,0.506
105630.958996,-0.305169255,0.0171537824,32.2544253,0.506
105630.963165,-0.28416982,0.0116807977,32.3836764,0.506
105630.967333,-0.324989845,-0.00209305078,61.5657041,0.506
105630.971502,-0.326658119,-0.00422851728,60.1789309,0.506
105630.975670,-0.328287004,0.0291186277,32.5305916,0.506
105630.979839,-0.329201928,0.0170522432,32.5798823,0.506
105630.984007,-0.358542959,0.00472137229,32.3655935,0.506
105630.988175,-0.347448445,-0.000974919274,23.511541,0.506
105630.992344,-0.360765961,0.00158213398,23.4334514,0.506
105630.996512,-0.355403174,0.0108186944,17.1092315,0.506
105631.000681,-0.378431015,-0.000767514789,17.0092259,0.506
105631.004849,-0.398846224,-0.0107211721,17.0291475,0.506
105631.009017,-0.381999353,0.0244192885,11.4280319,0.506
105631.013186,-0.392228431,0.0263285556,11.4416459,0.506
105631.017354,-0.374899576,0.0456472893,9.47760711,0.506
105631.021523,-0.368833689,0.063702241,9.47773285,0.506
105631.025691,-0.372868153,0.0471177168,9.64504103,0.506
105631.029859,-0.366492754,0.0703014845,9.65355742,0.506
105631.034028,-0.363881041,0.0936132072,9.64944408,0.506
105631.038196,-0.368654817,0.0772172607,11.1721161,0.506
105631.042365,-0.34700901,0.104274256,11.1723108,0.506
105631.046533,-0.353988027,0.0626445491,14.0983364,0.506
105631.050701,-0.354279643,0.0753988117,14.0850029,0.506
105631.054870,-0.327489664,0.115297462,14.0656484,0.506
105631.059038,-0.345291686,0.0752113557,18.1638349,0.506
105631.063207,-0.336284475,0.0791703807,18.1554981,0.506
105631.067375,-0.340366296,0.0553030559,27.989415,0.506
105631.071544,-0.336450533,0.0651484863,28.1636305,0.506
105631.075712,-0.355003788,0.0555229186,50.8603781,0.506
105631.079880,-0.35030402,0.0600516055,50.4877569,0.506
105631.084049,-0.323522018,0.06123512,50.6972393,0.506
105631.088217,-0.371274466,0.0581321025,42.5211262,0.506
105631.092386,-0.352033108,0.0518037406,42.5949834,0.506
105631.096554,-0.368208885,0.0663405449,35.7293407,0.506
105631.100722,-0.371971717,0.0651960315,35.8414892,0.506
105631.104891,-0.361441593,0.0668411789,35.5251414,0.506
105631.109059,-0.357235237,0.0885296918,30.3697042,0.506
105631.113228,-0.357022691,0.0910990949,30.4394896,0.506
105631.117396,-0.360334775,0.0871792928,22.8099199,0.506
105631.121564,-0.348685851,0.109841292,22.7811204,0.506
105631.125733,-0.372666638,0.0949122291,17.4260256,0.506
105631.129901,-0.362326254,0.0973832538,17.4005229,0.506
105631.134070,-0.363156461,0.107582026,17.4541255,0.506
105631.138238,-0.390130251,0.0896269797,14.8641731,0.506
105631.142407,-0.374184538,0.0885490236,14.8375474,0.506
105631.146575,-0.381422505,0.0926619892,13.713751,0.506
105631.150743,-0.368481045,0.0705633584,13.711502,0.506
105631.154912,-0.370853618,0.0637795611,13.7021214,0.506
105631.159080,-0.377968099,0.0770423448,14.1197852,0.506
105631.163249,-0.363923925,0.0585667298,14.1155836,0.506
105631.167417,-0.371003212,0.0905543051,14.0800413,0.506
105631.171585,-0.374350074,0.0927406349,14.089174,0.506
105631.175754,-0.372737679,0.106890801,12.8729306,0.506
105631.179922,-0.37792567,0.112675866,12.8871131,0.506
105631.184091,-0.386330137,0.138770817,12.8928906,0.506
105631.188259,-0.39732695,0.121707961,11.7221729,0.506
105631.192427,-0.395690251,0.146752289,11.7297977,0.506
105631.196596,-0.389918227,0.116972672,10.678767,0.506
105631.200764,-0.385466331,0.130678935,10.6730015,0.506
105631.204933,-0.379508005,0.143132944,10.6680831,0.506
105631.209101,-0.392388644,0.114367087,9.08674874,0.506
105631.213269,-0.380550171,0.123109447,9.08968501,0.506
105631.217438,-0.380197773,0.101612656,8.31785678,0.506
105631.221606,-0.393728298,0.0925140326,8.31489848,0.506
105631.225775,-0.391154486,0.0853782421,8.84417676,0.506
105631.229943,-0.393320989,0.0629600881,8.84031292,0.506
105631.234112,-0.384799218,0.0389400484,8.84083059,0.506
105631.238280,-0.387181905,0.054962442,10.5329887,0.506
105631.242448,-0.383343771,0.0284870609,10.5229871,0.506
105631.246617,-0.361526414,0.0645417564,13.0538666,0.506
105631.250785,-0.361062806,0.0563125676,13.0598608,0.506
105631.254954,-0.349210973,0.0431977458,13.0696444,0.506
105631.259122,-0.373844991,0.0612689264,11.4588926,0.506
105631.263290,-0.378466494,0.0480506811,11.4569051,0.506
105631.267459,-0.382125953,0.0513955971,10.5319733,0.506
105631.271627,-0.398842842,0.0420414008,10.5274281,0.506
105631.275796,-0.395739953,0.0222452103,10.5321242,0.506
105631.279964,-0.404160806,0.0425008449,10.8528097,0.506
105631.284132,-0.422275784,0.0246952719,10.8521844,0.506
105631.288301,-0.410246573,0.0420880756,11.9266322,0.506
105631.292469,-0.427188961,0.0296521631,11.9252661,0.506
105631.296638,-0.414999282,0.0520953937,13.5602076,0.506
105631.300806,-0.41548189,0.0519157656,13.5473506,0.506
105631.304975,-0.438767228,0.0722996859,13.5365268,0.506
105631.309143,-0.403838159,0.0709516556,16.5847417,0.506
105631.313311,-0.408043906,0.0889782667,16.5397588,0.506
105631.317480,-0.403408086,0.0627971279,25.410889,0.506
105631.321648,-0.410452024,0.0735648751,25.4628456,0.506
105631.325817,-0.40519401,0.0831187861,25.4040755,0.506
105631.329985,-0.399099554,0.058234484,37.6071861,0.506
105631.334153,-0.411058243,0.0806418025,37.0025428,0.506
105631.338322,-0.396544613,0.0393754577,40.5441977,0.506
105631.342490,-0.412623426,0.0498774956,40.5119962,0.506
105631.346659,-0.404428239,0.0483501421,43.3684467,0.506
105631.350827,-0.40227937,0.0359204202,44.120158,0.506
105631.354996,-0.42023274,0.0191677178,43.9586298,0.506
105631.359164,-0.409610609,0.0410880352,46.2751207,0.506
105631.363332,-0.412865189,0.0507869197,44.9414032,0.506
105631.367501,-0.402133182,0.0466728919,48.5932047,0.506
105631.371669,-0.409228327,0.052650297,49.3501108,0.506
105631.375838,-0.400410689,0.0393012122,48.9958566,0.506
105631.380006,-0.413572382,0.0415985826,42.8033194,0.506
105631.384174,-0.402481998,0.0331431784,43.0355932,0.506
105631.388343,-0.408680518,0.0404269753,33.2284218,0.506
105631.392511,-0.396144256,0.0177048122,33.446954,0.506
105631.396680,-0.421090489,0.0249615897,23.339173,0.506
105631.400848,-0.394086896,0.0252880593,23.4012131,0.506
105631.405016,-0.39526442,0.00466031802,23.4668249,0.506
105631.409185,-0.416124031,0.0233352523,16.5517614,0.506
105631.413353,-0.406648463,-0.00526168395,16.5348126,0.506
105631.417522,-0.429793141,0.0174475864,12.4171638,0.506
105631.421690,-0.429121558,0.0178653967,12.4162033,0.506
105631.425858,-0.417321593,0.0173985024,12.4066897,0.506
105631.430027,-0.444317275,-0.0030142611,11.0978222,0.506
105631.434195,-0.447998117,0.0276996293,11.0977085,0.506
105631.438364,-0.445706467,0.0318740308,10.8787544,0.506
105631.442532,-0.472503959,0.0469042523,10.8738113,0.506
105631.446701,-0.449969368,0.0365714869,12.7200641,0.506
105631.450869,-0.484733371,0.0418462329,12.7033487,0.506
105631.455037,-0.4924015,0.0460132154,12.6904894,0.506
105631.459206,-0.481258778,0.0211841037,17.4606694,0.506
105631.463374,-0.503687128,0.0168058808,17.4264168,0.506
105631.467543,-0.490022324,0.0102322347,29.9822921,0.506
105631.471711,-0.504480759,0.0148242111,29.905191,0.506
105631.475879,-0.525477273,-0.00233905991,29.8988747,0.506
105631.480048,-0.503822964,0.0198061856,43.5756126,0.506
105631.484216,-0.51909316,0.0132225025,43.32027,0.506
105631.488385,-0.490583259,0.0232352076,30.2786952,0.506
105631.492553,-0.498703005,0.0290668839,30.3558376,0.506
105631.496721,-0.479323652,0.020478205,22.2616278,0.506
105631.500890,-0.491495236,0.0341493616,22.2363597,0.506
105631.505058,-0.490380367,0.0529520214,22.1658777,0.506
105631.509227,-0.498031913,0.0411692314,18.1207689,0.506
105631.513395,-0.497040949,0.0701578632,18.086795,0.506
105631.517564,-0.484631235,0.0394319046,13.4199708,0.506
105631.521732,-0.481440104,0.0693378898,13.3629298,0.506
105631.525900,-0.482486904,0.0824166331,13.3920456,0.506
105631.530069,-0.468539846,0.0393496904,10.3035856,0.506
105631.534237,-0.487829861,0.0603930751,10.3121937,0.506
105631.538406,-0.484343004,0.0282452835,9.24574683,0.506
105631.542574,-0.469381662,0.0424131716,9.25048523,0.506
105631.546742,-0.478598214,0.0396352272,9.26269319,0.506
105631.550911,-0.476023991,0.0111413733,9.24883772,0.506
105631.555079,-0.48149579,0.0176111563,9.25454267,0.506
105631.559248,-0.469919854,0.00146096322,9.37034106,0.506
105631.563416,-0.479596826,-0.0156003826,9.37670007,0.506
105631.567585,-0.481636152,-0.00101904053,10.0651883,0.506
105631.571753,-0.485697049,-0.0210524835,10.0728137,0.506
105631.575921,-0.495086248,-0.0427552334,10.0686808,0.506
105631.580090,-0.483173295,0.000816531068,9.75854183,0.506
105631.584258,-0.479412435,-0.00294718109,9.76407541,0.506
105631.588427,-0.475765968,0.0239744504,8.79610187,0.506
105631.592595,-0.463775556,0.00998703287,8.80194051,0.506
105631.596763,-0.458090183,0.0385121178,8.74327175,0.506
105631.600932,-0.447076799,0.0327003439,8.74064392,0.506
105631.605100,-0.440818044,0.0444885594,8.74258453,0.506
105631.609269,-0.433770872,0.0484502658,9.25554571,0.506
105631.613437,-0.437102339,0.032176649,9.25327801,0.506
105631.617605,-0.426776213,0.0580938498,10.9992609,0.506
105631.621774,-0.419422841,0.0516729634,10.9901781,0.506
105631.625942,-0.391053507,0.0504883202,10.9998657,0.506
105631.630111,-0.415355431,0.0252079245,14.1047226,0.506
105631.634279,-0.408906564,0.0335015138,14.0755745,0.506
105631.638447,-0.404971178,0.0322550194,18.9123349,0.506
105631.642616,-0.422080175,0.031675586,18.9259476,0.506
105631.646784,-0.408416311,0.0258296038,18.9302022,0.506
105631.650953,-0.413063336,0.043278728,22.8328035,0.506
105631.655121,-0.406741476,0.0240941222,22.8169952,0.506
105631.659289,-0.397648186,0.0597735991,25.5865964,0.506
105631.663458,-0.401255645,0.059192887,25.7081857,0.506
105631.667626,-0.418723567,0.0530611643,32.5450614,0.506
105631.671795,-0.397995543,0.0472345826,32.5530249,0.506
105631.675963,-0.379777957,0.0256234028,32.0768528,0.506
105631.680132,-0.386615022,0.0165852229,32.7383553,0.506
105631.684300,-0.379476041,0.00469789397,32.8321849,0.506
105631.688468,-0.406378037,0.0358478017,22.8297826,0.506
105631.692637,-0.361106229,0.0351908576,22.8895908,0.506
105631.696805,-0.3598244,0.0277804258,22.8224586,0.506
105631.700974,-0.387122431,0.0267228281,17.1854902,0.506
105631.705142,-0.373052061,0.0107381759,17.2311557,0.506
105631.709310,-0.396361995,0.0396779872,13.7686128,0.506
105631.713479,-0.387230186,0.0238057126,13.7906857,0.506
105631.717647,-0.373384965,0.0333093479,12.366205,0.506
105631.721816,-0.388015253,0.045210962,12.352019,0.506
105631.725984,-0.380094123,0.071181333,12.3642669,0.506
105631.730153,-0.389136347,0.0710991066,14.2643752,0.506
105631.734321,-0.401299544,0.0901372809,14.2820879,0.506
105631.738489,-0.394938198,0.048479611,27.9815957,0.506
105631.742658,-0.416964204,0.0657142722,27.7659293,0.506
105631.746826,-0.441868597,0.073632705,27.5475947,0.506
105631.750995,-0.412876842,0.0393194749,62.4982162,0.506
105631.755163,-0.459824788,0.043614594,66.8090374,0.506
105631.759331,-0.418883662,0.0331540069,24.4630718,0.506
105631.763500,-0.438042028,0.0385294534,24.464709,0.506
105631.767668,-0.396869035,0.0293446373,12.8677938,0.506
105631.771837,-0.436470733,0.0210072292,12.873316,0.506
105631.776005,-0.442464682,0.0273582854,12.8880425,0.506
105631.780173,-0.402249131,0.0311306986,8.91640242,0.506
105631.784342,-0.415628333,0.0215566709,8.91766066,0.506
105631.788510,-0.387372024,0.0264907246,7.21858749,0.506
105631.792679,-0.399106825,0.0312039119,7.21613207,0.506
105631.796847,-0.396431919,0.0252989438,7.2197288,0.506
105631.801016,-0.375039722,0.0362219007,6.55622821,0.506
105631.805184,-0.380967906,0.0354143823,6.55636452,0.506
105631.809352,-0.362866847,0.0498140834,6.5329542,0.506
105631.813521,-0.363361396,0.0497578954,6.53238352,0.506
105631.817689,-0.358007321,0.0506175563,6.80342615,0.506
105631.821858,-0.35115623,0.0639697798,6.80476222,0.506
105631.826026,-0.362018525,0.0723620755,6.80576367,0.506
105631.830194,-0.355562289,0.0808388747,7.21353178,0.506
105631.834363,-0.335330257,0.0744505746,7.21132984,0.506
105631.838531,-0.356945221,0.0453290412,7.94113712,0.506
105631.842700,-0.365921175,0.0609312777,7.93714587,0.506
105631.846868,-0.345150256,0.0506447101,7.93849051,0.506
105631.851036,-0.35063693,0.045228542,8.89208525,0.506
105631.855205,-0.341283559,0.0426894969,8.89852634,0.506
105631.859373,-0.369270456,0.055417998,10.0853799,0.506
105631.863542,-0.343505901,0.05156625,10.0826826,0.506
105631.867710,-0.357518015,0.0652405757,11.3624527,0.506
105631.871878,-0.356380927,0.0679397227,11.3477692,0.506
105631.876047,-0.339985357,0.0644237501,11.3548682,0.506
105631.880215,-0.357796073,0.0664643758,13.4847378,0.506
105631.884384,-0.333348828,0.0594658485,13.4895675,0.506
105631.888552,-0.371440037,0.066109355,16.7348639,0.506
105631.892721,-0.34158911,0.0641034852,16.7137758,0.506
105631.896889,-0.34163858,0.0667234742,16.692513,0.506
105631.901057,-0.340606818,0.0386129349,19.9308622,0.506
105631.905226,-0.343922236,0.0386180449,19.9247355,0.506
105631.909394,-0.33502954,0.0341339972,25.8206869,0.506
105631.913563,-0.335901335,0.0118242506,25.8535824,0.506
105631.917731,-0.340181006,0.0471998481,42.8919762,0.506
105631.921899,-0.328770804,0.0390677607,43.3613162,0.506
105631.926068,-0.305932035,0.0457607028,43.7898615,0.506
105631.930236,-0.324695818,0.0631396097,67.8903744,0.506
105631.934405,-0.312942821,0.0640800896,69.386841,0.506
105631.938573,-0.320012692,0.0537630709,45.4405625,0.506
105631.942741,-0.313859819,0.0672767727,45.4085091,0.506
105631.946910,-0.299709092,0.0670491079,44.9768608,0.506
105631.951078,-0.326323302,0.0567148588,22.7436318,0.506
105631.955247,-0.30444616,0.0487979464,22.7330552,0.506
105631.959415,-0.324535608,0.042076228,16.9283055,0.506
105631.963584,-0.306084778,0.037288676,16.9159082,0.506
105631.967752,-0.319560876,0.032604296,16.9310595,0.506
105631.971920,-0.327486534,0.0224860989,15.2372984,0.506
105631.976089,-0.332778094,0.0384575757,15.2515602,0.506
105631.980257,-0.322462971,0.0363888944,15.6434439,0.506
105631.984426,-0.329302183,0.0228776143,15.6524764,0.506
105631.988594,-0.328518541,0.0399214461,16.6400252,0.506
105631.992762,-0.315800505,0.0297313342,16.6373693,0.506
105631.996931,-0.320083148,0.0251087042,16.6386493,0.506
105632.001099,-0.321999614,0.0392537919,17.2565654,0.506
105632.005268,-0.322941512,0.0263615101,17.2634547,0.506
105632.009436,-0.316606908,0.0277088096,17.6903562,0.506
105632.013604,-0.305130281,0.0199608702,17.6660054,0.506
105632.017773,-0.324959121,0.0118603583,17.6879251,0.506
105632.021941,-0.300376896,0.0179872439,17.8217057,0.506
105632.026110,-0.299853046,0.0201177061,17.8197041,0.506
105632.030278,-0.302350546,0.0198404334,16.2856536,0.506
105632.034447,-0.296026764,0.00799812613,16.2834053,0.506
105632.038615,-0.311694341,0.0182214596,14.3471221,0.506
105632.042783,-0.298052874,0.0158230296,14.3430642,0.506
105632.046952,-0.306881755,0.0181217848,14.3379333,0.506
105632.051120,-0.314223551,0.0160269446,14.1804499,0.506
105632.055289,-0.328300959,0.0165172841,14.1728591,0.506
105632.059457,-0.317084866,0.0207430634,16.4966974,0.506
105632.063625,-0.323368422,0.0216122501,16.4928594,0.506
105632.067794,-0.333033583,0.0159705617,16.4925424,0.506
105632.071962,-0.32040825,0.00914392174,21.1310086,0.506
105632.076131,-0.333336185,0.00854260365,21.1172267,0.506
105632.080299,-0.317528489,0.033661647,29.6647537,0.506
105632.084467,-0.309750628,0.0345116343,29.6667612,0.506
105632.088636,-0.308260839,0.0224846922,44.7766079,0.506
105632.092804,-0.319475888,0.0446066888,44.1878087,0.506
105632.096973,-0.321243628,0.0468681814,44.1310545,0.506
105632.101141,-0.309776305,0.020074664,31.4806339,0.506
105632.105309,-0.314130851,0.0124696707,31.5772393,0.506
105632.109478,-0.300509895,0.0039895267,29.2790236,0.506
105632.113646,-0.293149266,-0.0140524811,29.2062497,0.506
105632.117815,-0.296154475,-0.0194000495,29.3388274,0.506
105632.121983,-0.298174527,0.000730565345,44.6986503,0.506
105632.126152,-0.276836141,-0.0128254923,44.9725699,0.506
105632.130320,-0.292343523,-0.00909680762,71.3426266,0.506
105632.134488,-0.285276461,-0.0172710952,72.5849761,0.506
105632.138657,-0.300355634,0.00208403029,44.9823191,0.506
105632.142825,-0.292620319,-0.0264817992,44.87445,0.506
105632.146994,-0.29555438,-0.0407475628,44.5321015,0.506
105632.151162,-0.30466893,0.00473828493,22.2074193,0.506
105632.155330,-0.285435127,0.0101266544,22.2927114,0.506
105632.159499,-0.306757295,0.0125470755,18.795276,0.506
105632.163667,-0.291393823,0.0231150997,18.7833718,0.506
105632.167836,-0.294264332,0.0342414348,18.8072703,0.506
105632.172004,-0.314319676,0.0203934125,20.4109785,0.506
105632.176172,-0.299472211,0.0232138837,20.4274388,0.506
105632.180341,-0.294670574,0.0196331888,21.4655304,0.506
105632.184509,-0.306646751,0.0315230486,21.4477085,0.506
105632.188678,-0.309606777,0.00443879424,22.2720612,0.506
105632.192846,-0.303237312,0.0165925278,22.2452753,0.506
105632.197015,-0.304841617,0.0260032895,22.212733,0.506
105632.201183,-0.303001135,0.0102090362,21.6573669,0.506
105632.205351,-0.293755983,0.00659233931,21.6551692,0.506
105632.209520,-0.311690247,-0.00386323668,20.3152912,0.506
105632.213688,-0.286280061,0.00204453512,20.3174914,0.506
105632.217857,-0.282389292,-0.00988825669,20.3250544,0.506
105632.222025,-0.296906934,0.0022450898,17.9485592,0.506
105632.226193,-0.303947496,-0.00475631069,17.9721032,0.506
105632.230362,-0.291656612,-0.00423842438,15.5639303,0.506
105632.234530,-0.30704776,-0.00236018474,15.5565425,0.506
105632.238699,-0.307333308,-0.0134540076,14.9437684,0.506
105632.242867,-0.31979995,-0.0219036798,14.9515736,0.506
105632.247035,-0.320396067,-0.0296895628,14.9478743,0.506
105632.251204,-0.350431035,-0.023680533,17.3677789,0.506
105632.255372,-0.337232386,-0.0379761312,17.3637997,0.506
105632.259541,-0.350204965,-0.0199441613,25.3749847,0.506
105632.263709,-0.358443734,-0.0304192061,25.3636498,0.506
105632.267878,-0.375249005,-0.0338216359,25.389588,0.506
105632.272046,-0.357895177,-0.0196217944,35.5377196,0.506
105632.276214,-0.375109407,-0.0138487941,35.3247091,0.506
105632.280383,-0.347338448,-0.0169844824,28.5655728,0.506
105632.284551,-0.36586114,-0.0045526606,28.4681539,0.506
105632.288720,-0.352867807,-0.0115557811,18.3067292,0.506
105632.292888,-0.377515401,0.00937139975,18.332395,0.506
105632.297056,-0.384421669,0.0194040727,18.3553866,0.506
105632.301225,-0.360832545,0.00539648178,12.5710037,0.506
105632.305393,-0.38854725,0.0111693353,12.5734076,0.506
105632.309562,-0.3626938,-0.00688101049,9.11924851,0.506
105632.313730,-0.363484256,0.007086056,9.11666871,0.506
105632.317898,-0.388011349,0.0282108057,9.11477224,0.506
105632.322067,-0.358058072,0.0208236593,7.18759371,0.506
105632.326235,-0.351073363,0.043337278,7.18528184,0.506
105632.330404,-0.332945765,0.0265299466,6.34253327,0.506
105632.334572,-0.316931014,0.0379878062,6.34121335,0.506
105632.338741,-0.319173376,0.0408085478,6.34477781,0.506
105632.342909,-0.316022691,0.0034333996,6.20683272,0.506
105632.347077,-0.296039204,-0.008779505,6.20820592,0.506
105632.351246,-0.313676242,-0.00665319105,6.71608485,0.506
105632.355414,-0.291794617,-0.0293634078,6.7158716,0.506
105632.359583,-0.322600129,-0.0343666121,8.2422145,0.506
105632.363751,-0.30026681,-0.0430472446,8.24358644,0.506
105632.367919,-0.295627609,-0.0445619163,8.24257342,0.506
105632.372088,-0.338937878,-0.040928894,11.1193089,0.506
105632.376256,-0.30288303,-0.0489864771,11.1183419,0.506
105632.380425,-0.328196834,-0.0167822401,14.5101455,0.506
105632.384593,-0.322634727,-0.0163379054,14.4822009,0.506
105632.388761,-0.32095993,-0.0100363992,14.4915705,0.506
105632.392930,-0.335450947,-0.0075286934,16.3334943,0.506
105632.397098,-0.323665254,-0.011389903,16.3692379,0.506
105632.401267,-0.325723176,-0.00819273445,18.46881,0.506
105632.405435,-0.323011234,-0.0157598472,18.4948267,0.506
105632.409603,-0.332520572,-0.00562473804,21.8359307,0.506
105632.413772,-0.326188062,-0.0109926783,21.8571667,0.506
105632.417940,-0.321203415,-0.00752063504,21.8492453,0.506
105632.422109,-0.32364973,0.0178565734,26.3278215,0.506
105632.426277,-0.310299841,0.0224668982,26.3332928,0.506
105632.430446,-0.322833415,0.00802043599,32.6032837,0.506
105632.434614,-0.317376835,0.00449523685,32.5111332,0.506
105632.438782,-0.315668305,0.00311501438,32.5620959,0.506
105632.442951,-0.315261476,-0.0196838246,35.3206974,0.506
105632.447119,-0.305384982,-0.0344533443,35.3901799,0.506
105632.451288,-0.317357564,-0.00779487889,71.960047,0.506
105632.455456,-0.304347713,-0.00444848905,73.1548035,0.506
105632.459624,-0.300898074,0.00475841415,90.9934695,0.506
105632.463793,-0.296170783,0.0144326566,89.2439037,0.506
105632.467961,-0.295155142,0.0193167544,86.7188597,0.506
105632.472130,-0.30011821,0.0254491604,56.0773903,0.506
105632.476298,-0.302275209,0.0374786213,56.0174066,0.506
105632.480466,-0.314546883,0.0188387507,30.3563527,0.506
105632.484635,-0.299799696,0.0398411821,30.2010259,0.506
105632.488803,-0.286949199,0.0412501628,30.146342,0.506
105632.492972,-0.280558855,0.0117324045,19.2516547,0.506
105632.497140,-0.281767989,0.0419748021,19.1766815,0.506
105632.501309,-0.298039598,0.0271428978,14.1478202,0.506
105632.505477,-0.279299643,0.0248561243,14.1635027,0.506
105632.509645,-0.299145052,0.0151820533,11.7000781,0.506
105632.513814,-0.2896151,0.0236024144,11.6865604,0.506
105632.517982,-0.290033184,0.0110065074,11.6948381,0.506
105632.522151,-0.292026171,0.0050207131,11.6407768,0.506
105632.526319,-0.306437162,0.0201898033,11.6347556,0.506
105632.530487,-0.297731414,0.00797779199,11.6515621,0.506
105632.534656,-0.289470062,-0.00703974791,11.6567351,0.506
105632.538824,-0.321257249,-0.00196970403,11.6591204,0.506
105632.542993,-0.293390703,-0.0167969955,13.14591,0.506
105632.547161,-0.319454854,-0.036025876,13.1654998,0.506
105632.551329,-0.323462078,0.00158805752,17.9886897,0.506
105632.555498,-0.342499254,-0.0356067306,17.9778922,0.506
105632.559666,-0.31281754,-0.00548467956,23.5351211,0.506
105632.563835,-0.358191405,-0.0222840099,23.4698041,0.506
105632.568003,-0.356825974,-0.0575265141,23.3965701,0.506
105632.572172,-0.330317451,-0.0198342751,17.0447991,0.506
105632.576340,-0.338583754,-0.0132469103,17.0121299,0.506
105632.580508,-0.305538879,0.00749798995,13.0414826,0.506
105632.584677,-0.317265415,0.0161530747,13.0409168,0.506
105632.588845,-0.330689672,0.0276485021,13.0332295,0.506
105632.593014,-0.305049326,0.0498537175,12.6377037,0.506
105632.597182,-0.314390582,0.0826516828,12.6434161,0.506
105632.601350,-0.296725408,0.0557985762,17.4111146,0.506
105632.605519,-0.309495121,0.0765312014,17.3909614,0.506
105632.609687,-0.284094487,0.0190134403,20.4208552,0.506
105632.613856,-0.307562,0.0610899411,20.3724542,0.506
105632.618024,-0.296796768,0.0856319321,20.3980984,0.506
105632.622192,-0.288317682,0.0663520152,16.8026676,0.506
105632.626361,-0.284932872,0.0703729296,16.7240361,0.506
105632.630529,-0.289938134,0.0393690054,12.7903201,0.506
105632.634698,-0.275314706,0.0651121968,12.8240773,0.506
105632.638866,-0.26333055,0.0689697849,12.8175054,0.506
105632.643034,-0.269622647,0.0349058016,10.6706959,0.506
105632.647203,-0.249127344,0.041071274,10.6711345,0.506
105632.651371,-0.278152673,0.021064205,10.2779676,0.506
105632.655540,-0.2602151,-0.00254476537,10.2722272,0.506
105632.659708,-0.289470914,0.0226055273,11.4191925,0.506
105632.663877,-0.282116746,-0.0123545585,11.4258851,0.506
105632.668045,-0.266626359,-0.0276089844,11.4392968,0.506
105632.672213,-0.285557858,-0.00100403865,14.2209914,0.506
105632.676382,-0.292995367,-0.0260166982,14.2343417,0.506
105632.680550,-0.301061309,0.0185005045,18.2132785,0.506
105632.684719,-0.3235675,0.00640282449,18.2471476,0.506
105632.688887,-0.326316841,-0.00496917581,18.2455912,0.506
105632.693055,-0.326467233,0.021860981,20.53932,0.506
105632.697224,-0.338277132,0.0246669633,20.5715286,0.506
105632.701392,-0.326009542,0.0466480243,24.9558852,0.506
105632.705561,-0.342215192,0.0539624158,24.9124059,0.506
105632.709729,-0.368751216,0.0592502982,24.8098451,0.506
105632.713898,-0.328776084,0.0614548692,42.7089734,0.506
105632.718066,-0.338505047,0.0803347643,42.3987611,0.506
105632.722234,-0.326071967,0.0526923446,81.3036342,0.506
105632.726403,-0.322764299,0.0797386817,76.9189107,0.506
105632.730571,-0.297963315,0.0322351748,39.4891255,0.506
105632.734740,-0.292914795,0.0421471589,39.0699376,0.506
105632.738908,-0.269228553,0.0405784682,39.6239704,0.506
105632.743076,-0.27952997,0.0183228425,33.9768649,0.506
105632.747245,-0.264423954,0.0336850762,33.7885487,0.506
105632.751413,-0.288692777,0.0248871728,24.7538753,0.506
105632.755582,-0.27834517,0.0126272406,24.8116392,0.506
105632.759750,-0.246921429,-0.0109536751,24.8708173,0.506
105632.763918,-0.2835724,0.0116511527,18.677592,0.506
105632.768087,-0.265542825,-0.00844556086,18.6496532,0.506
105632.772255,-0.295352772,0.0112708277,13.8301863,0.506
105632.776424,-0.267179885,0.0156760036,13.8297255,0.506
105632.780592,-0.29692957,0.032307227,10.4456309,0.506
105632.784760,-0.29878454,0.0376691299,10.437195,0.506
105632.788929,-0.279736139,0.0407385219,10.4445971,0.506
105632.793097,-0.321563111,0.0263142591,9.37202855,0.506
105632.797266,-0.309830573,0.0270778267,9.37112959,0.506
105632.801434,-0.323722695,0.0177689518,9.51796436,0.506
105632.805603,-0.325942281,0.00117229787,9.5171092,0.506
105632.809771,-0.340400813,0.00142933457,9.50918766,0.506
105632.813939,-0.346356275,0.0156534616,9.98470443,0.506
105632.818108,-0.349584456,0.00265338584,9.98249622,0.506
105632.822276,-0.322055196,0.0307124394,10.7259398,0.506
105632.826445,-0.341993759,0.0305893375,10.7327652,0.506
105632.830613,-0.317079905,0.0303665452,12.2178634,0.506
105632.834781,-0.335013519,0.0390960671,12.2157342,0.506
105632.838950,-0.344124183,0.035645528,12.2142279,0.506
105632.843118,-0.326062046,0.0308489203,14.4382873,0.506
105632.847287,-0.345829025,0.0332758531,14.4465996,0.506
105632.851455,-0.324037184,0.0131232155,17.720716,0.506
105632.855623,-0.34239812,0.0231530818,17.7221236,0.506
105632.859792,-0.332610115,0.0159719307,17.7129302,0.506
105632.863960,-0.351155031,0.0102793824,20.6121297,0.506
105632.868129,-0.35617168,0.00932049553,20.6147672,0.506
105632.872297,-0.344579425,0.0149893206,24.1564131,0.506
105632.876466,-0.367188054,0.0014259116,24.0243768,0.506
105632.880634,-0.316629421,0.0191355368,27.2670484,0.506
105632.884802,-0.358367051,0.00978547809,27.0477116,0.506
105632.888971,-0.353764848,0.0126092414,27.1588362,0.506
105632.893139,-0.31818352,0.012118718,28.5103321,0.506
105632.897308,-0.346284833,0.00576605635,28.3199755,0.506
105632.901476,-0.343158291,0.0263094615,29.0695243,0.506
105632.905644,-0.325991205,0.0210763984,29.4160513,0.506
105632.909813,-0.324108768,0.029291424,29.4986282,0.506
105632.913981,-0.335946895,0.0151598833,36.6879379,0.506
105632.918150,-0.334435763,0.0233378176,36.6047302,0.506
105632.922318,-0.317807283,0.00708955175,48.1718798,0.506
105632.926486,-0.333209155,0.0114956682,49.1727128,0.506
105632.930655,-0.324632488,0.0175415337,47.0055157,0.506
105632.934823,-0.330863844,0.0266074465,47.6629209,0.506
105632.938992,-0.321241271,0.0189649719,47.0027334,0.506
105632.943160,-0.334020508,0.000100971575,69.3797843,0.506
105632.947328,-0.305896697,0.0123253805,69.2981207,0.506
105632.951497,-0.34262841,0.00897670534,84.6038647,0.506
105632.955665,-0.309202763,-0.00120581497,89.6533998,0.506
105632.959834,-0.309253249,0.021897009,87.2752566,0.506
105632.964002,-0.338935224,0.0130511014,91.7600875,0.506
105632.968171,-0.329195482,0.00634524875,88.8036574,0.506
105632.972339,-0.315379322,0.0217688295,96.532279,0.506
105632.976507,-0.316917324,0.015294612,93.7689893,0.506
105632.980676,-0.32400944,0.000530883163,63.1632904,0.506
105632.984844,-0.314091536,0.0104939802,63.1710772,0.506
105632.989013,-0.296879399,-0.00347150533,62.9691659,0.506
105632.993181,-0.303424029,-0.00551244669,46.8530359,0.506
105632.997349,-0.302691094,-0.00930228115,46.8047764,0.506
105633.001518,-0.301843041,0.00550025865,30.4175972,0.506
105633.005686,-0.310156576,-0.00197873601,30.6274001,0.506
105633.009855,-0.292990345,0.0164769517,30.5589502,0.506
105633.014023,-0.316674367,0.00828717892,22.4874831,0.506
105633.018191,-0.32458788,0.00228857115,22.4264876,0.506
105633.022360,-0.32512428,0.00195387418,22.0543872,0.506
105633.026528,-0.332612236,0.00860200398,22.0791299,0.506
105633.030697,-0.326763706,-0.000724988353,24.5180697,0.506
105633.034865,-0.30476528,0.00253413241,24.5490799,0.506
105633.039034,-0.327806018,-0.0131406168,24.5320385,0.506
105633.043202,-0.332785771,0.00684756552,28.248742,0.506
105633.047370,-0.323657431,0.00120620717,28.1557781,0.506
105633.051539,-0.324491996,-0.0102839182,33.7486214,0.506
105633.055707,-0.33352553,-0.0068441504,33.7709173,0.506
105633.059876,-0.357296171,-0.0127154693,33.5846959,0.506
105633.064044,-0.325778801,-0.0183471368,53.2953878,0.506
105633.068212,-0.351239025,-0.0366868905,51.7776772,0.506
105633.072381,-0.338224703,-0.00984402612,66.4914782,0.506
105633.076549,-0.360982539,-0.0154892955,68.7827832,0.506
105633.080718,-0.356966105,-0.00779879103,67.5610584,0.506
105633.084886,-0.341743069,0.0020066017,26.4369754,0.506
105633.089054,-0.348944474,0.0192983241,26.4343738,0.506
105633.093223,-0.338778454,0.00987083485,18.8523408,0.506
105633.097391,-0.32495687,0.00397576471,18.8189901,0.506
105633.101560,-0.305352908,-0.0223687919,16.5207345,0.506
105633.105728,-0.304860133,0.00229990593,16.5019429,0.506
105633.109897,-0.305172053,-0.000556874488,16.5384747,0.506
105633.114065,-0.297503882,-0.00633992775,17.4320229,0.506
105633.118233,-0.283605994,-0.0314431452,17.4898055,0.506
105633.122402,-0.280808845,-0.030564089,22.6206235,0.506
105633.126570,-0.258832096,-0.0553422345,22.6059175,0.506
105633.130739,-0.270878125,-0.0917713483,22.591607,0.506
105633.134907,-0.301252921,-0.0582324253,72.405455,0.506
105633.139075,-0.289653368,-0.0753649253,75.6609995,0.506
105633.143244,-0.302532292,-0.0455086756,30.2626986,0.506
105633.147412,-0.316458659,-0.0568628981,30.1329121,0.506
105633.151581,-0.311832339,-0.0224294917,18.5023627,0.506
105633.155749,-0.316322613,-0.028876291,18.4777925,0.506
105633.159917,-0.327440067,-0.0232194815,18.4752087,0.506
105633.164086,-0.308116786,-0.00126509044,18.8587294,0.506
105633.168254,-0.319143824,0.000722739853,18.8855848,0.506
105633.172423,-0.303095026,0.00257603309,26.0010067,0.506
105633.176591,-0.299522888,0.0172394912,26.0857406,0.506
105633.180760,-0.309544655,0.0482197696,26.1619466,0.506
105633.184928,-0.319915502,0.000895797598,60.5371865,0.506
105633.189096,-0.314052361,0.0225061059,60.6535063,0.506
105633.193265,-0.301868018,-0.00960816391,53.8755581,0.506
105633.197433,-0.310140046,-0.000269768989,53.3208014,0.506
105633.201602,-0.307416581,-0.0138625029,37.2293246,0.506
105633.205770,-0.288642773,-0.0174517452,37.2633568,0.506
105633.209938,-0.318382794,-0.00127139618,37.6164725,0.506
105633.214107,-0.28834718,-0.00290802497,38.2008741,0.506
105633.218275,-0.306947024,0.0244380507,37.4944763,0.506
105633.222444,-0.295562608,0.0193769238,26.6140824,0.506
105633.226612,-0.295297848,0.0298806033,26.4830788,0.506
105633.230780,-0.284419198,0.0432665679,26.4099888,0.506
105633.234949,-0.283706433,0.0217270318,16.6077599,0.506
105633.239117,-0.282652282,0.0311563087,16.578999,0.506
105633.243286,-0.288793097,0.0118772194,14.5098862,0.506
105633.247454,-0.28282829,0.0186992409,14.4978178,0.506
105633.251622,-0.274502513,0.00864273339,14.0418625,0.506
105633.255791,-0.303118939,0.0162985664,14.0427137,0.506
105633.259959,-0.287572127,0.011858766,14.0506581,0.506
105633.264128,-0.285243251,0.012520103,15.1693523,0.506
105633.268296,-0.29348831,0.0243790824,15.1566094,0.506
105633.272465,-0.282992805,0.0261809039,15.4589503,0.506
105633.276633,-0.284957658,0.0316617957,15.4625316,0.506
105633.280801,-0.262400701,0.0274688982,15.4643622,0.506
105633.284970,-0.279047535,0.0266108585,14.197736,0.506
105633.289138,-0.274248658,0.0380601287,14.1633921,0.506
105633.293307,-0.29570998,0.0464060758,13.076824,0.506
105633.297475,-0.274330166,0.0306137033,13.076463,0.506
105633.301643,-0.282865958,0.0297366403,11.456612,0.506
105633.305812,-0.287442666,0.0373315511,11.4553471,0.506
105633.309980,-0.292869162,0.0209302429,11.4657012,0.506
105633.314149,-0.293499741,0.0143301361,12.0554929,0.506
105633.318317,-0.294337942,0.00965525141,12.0607803,0.506
105633.322486,-0.292460658,0.027447679,14.5310793,0.506
105633.326654,-0.293713409,-0.00381702278,14.5528103,0.506
105633.330822,-0.303062015,-0.0216907695,14.5717878,0.506
105633.334991,-0.279732464,-0.00446415331,21.0998238,0.506
105633.339159,-0.293119009,-0.0331606446,21.1264658,0.506
105633.343328,-0.294157271,0.0131196477,27.5550172,0.506
105633.347496,-0.303512546,-0.0104509408,27.5056589,0.506
105633.351664,-0.302477108,0.0175391111,23.4549984,0.506
105633.355833,-0.295845346,0.0142546958,23.4713062,0.506
105633.360001,-0.311457474,0.0129067603,23.4290433,0.506
105633.364170,-0.28684858,0.0371379546,21.1000722,0.506
105633.368338,-0.306430844,0.0365619109,21.1375227,0.506
105633.372506,-0.288991965,0.0327811983,28.7224155,0.506
105633.376675,-0.307568532,0.0637238604,28.7114183,0.506
105633.380843,-0.319235333,0.0647234313,28.7524072,0.506
105633.385012,-0.321532877,0.044272889,61.0295138,0.506
105633.389180,-0.326145415,0.045064713,59.1063451,0.506
105633.393348,-0.30938322,0.0215975791,46.2330707,0.506
105633.397517,-0.331631181,0.0240250611,45.5513899,0.506
105633.401685,-0.312564241,0.0158059729,28.0181129,0.506
105633.405854,-0.316723592,0.0133628284,28.0578428,0.506
105633.410022,-0.327902617,-0.00229689875,27.8182517,0.506
105633.414190,-0.319407325,0.0294250851,18.8387874,0.506
105633.418359,-0.317007942,0.0362244303,18.8210322,0.506
105633.422527,-0.304599794,0.0377689715,15.9736325,0.506
105633.426696,-0.315963875,0.0365537101,15.9439804,0.506
105633.430864,-0.302256401,0.0324311614,16.0074062,0.506
105633.435033,-0.302894692,0.0214365154,16.4566308,0.506
105633.439201,-0.302099615,0.00424846737,16.4518937,0.506
105633.443369,-0.31758528,0.0113790941,18.9727577,0.506
105633.447538,-0.320830164,-0.00318130755,18.9532496,0.506
105633.451706,-0.324224013,-0.0123349572,19.0396143,0.506
105633.455875,-0.335706405,-0.00130243899,19.5405048,0.506
105633.460043,-0.352312986,-0.00208041315,19.5325367,0.506
105633.464211,-0.352992171,0.0177136643,16.8699811,0.506
105633.468380,-0.346577871,0.00399786383,16.8613014,0.506
105633.472548,-0.353365047,0.0156922185,14.8813613,0.506
105633.476717,-0.347662179,0.0142497159,14.8626288,0.506
105633.480885,-0.352030901,0.0170875307,14.8518897,0.506
105633.485054,-0.344128181,0.0353855871,13.6092963,0.506
105633.489222,-0.345364104,0.0310900771,13.6160395,0.506
105633.493390,-0.353462603,0.0301772914,13.8150333,0.506
105633.497559,-0.340362855,0.0252947623,13.826118,0.506
105633.501727,-0.336314612,0.0419795733,13.8238282,0.506
105633.505896,-0.345999879,0.0208962514,14.7803767,0.506
105633.510064,-0.343501582,0.0203999938,14.7338745,0.506
105633.514232,-0.340503386,0.025853111,16.7958367,0.506
105633.518401,-0.340145517,0.0125384792,16.7749082,0.506
105633.522569,-0.343572041,0.0189020818,22.2201879,0.506
105633.526738,-0.335183541,0.00918941848,22.2622327,0.506
105633.530906,-0.318731133,0.00245396917,22.3157257,0.506
105633.535074,-0.34692573,0.00536368107,34.9374173,0.506
105633.539243,-0.332686299,0.0178379671,34.9923174,0.506
105633.543411,-0.357102534,0.0102468108,63.105447,0.506
105633.547580,-0.333129977,-0.00501933396,65.8358898,0.506
105633.551748,-0.312757936,-0.010806231,66.7024004,0.506
105633.555916,-0.34946919,0.00873293721,60.6603636,0.506
105633.560085,-0.325536365,-0.00791138468,59.9591055,0.506
105633.564253,-0.337675007,0.00737751839,26.9728894,0.506
105633.568422,-0.338424562,0.0185227153,27.0246246,0.506
105633.572590,-0.349141212,0.0249193257,17.735569,0.506
105633.576759,-0.344454096,0.0190211917,17.7445695,0.506
105633.580927,-0.342498414,0.0268473388,17.7576921,0.506
105633.585095,-0.356712208,0.0271019083,14.9606531,0.506
105633.589264,-0.364745644,0.0225502771,14.9524864,0.506
105633.593432,-0.359737718,0.0225003922,13.5251919,0.506
105633.597601,-0.383309531,0.0288957377,13.5425775,0.506
105633.601769,-0.354858417,0.00836732461,13.5459064,0.506
105633.605937,-0.379794644,0.0215703991,12.9048247,0.506
105633.610106,-0.361093253,0.0213668013,12.9203204,0.506
105633.614274,-0.370847787,0.0256168212,12.6266297,0.506
105633.618443,-0.386601981,0.0282664619,12.6238645,0.506
105633.622611,-0.372409699,0.0231545473,12.1677011,0.506
105633.626779,-0.376150487,0.0193098691,12.1777292,0.506
105633.630948,-0.390107176,0.00668781624,12.1970838,0.506
105633.635116,-0.387253322,0.0252963163,12.5326819,0.506
105633.639285,-0.402388918,-0.00391152697,12.5367442,0.506
105633.643453,-0.387916975,-0.00100948068,13.5060317,0.506
105633.647622,-0.399108763,0.00194512756,13.4889881,0.506
105633.651790,-0.402726497,-0.0226317947,13.4912916,0.506
105633.655958,-0.417116231,-0.00546021719,14.6118296,0.506
105633.660127,-0.406644906,-0.0203836974,14.6157192,0.506
105633.664295,-0.391480886,0.00237258998,15.7740837,0.506
105633.668464,-0.422198854,0.00173523714,15.7620829,0.506
105633.672632,-0.387985809,0.0123995549,16.689038,0.506
105633.676800,-0.416049232,0.0117599915,16.6745824,0.506
105633.680969,-0.410014121,0.0210467053,16.6950773,0.506
105633.685137,-0.397846128,0.017813452,21.8458357,0.506
105633.689306,-0.399737599,0.0185433682,21.7903623,0.506
105633.693474,-0.388348502,-0.00038816272,29.1445048,0.506
105633.697642,-0.38999248,0.00960682698,29.1735982,0.506
105633.701811,-0.389607492,-0.00643878507,29.0403876,0.506
105633.705979,-0.385046828,-0.00706515218,30.9839027,0.506
105633.710148,-0.379064189,-0.025157274,30.8469962,0.506
105633.714316,-0.389676616,-0.0214918677,22.3211531,0.506
105633.718485,-0.39014954,-0.0240984755,22.3471024,0.506
105633.722653,-0.392287351,-0.01178582,16.9332938,0.506
105633.726821,-0.388136074,-0.0305598306,16.9002439,0.506
105633.730990,-0.3987443,-0.0186126186,16.837134,0.506
105633.735158,-0.390239146,-0.0202664032,14.3761629,0.506
105633.739327,-0.398717562,-0.00936045551,14.4051974,0.506
105633.743495,-0.397435283,0.00778163923,14.3303798,0.506
105633.747663,-0.396642444,-0.0037929264,14.309799,0.506
105633.751832,-0.405819142,0.00773467506,14.3206356,0.506
105633.756000,-0.409296207,0.00112179698,17.0583713,0.506
105633.760169,-0.41558922,-0.00632494544,17.0005562,0.506
105633.764337,-0.398172005,-0.00364128878,19.1635291,0.506
105633.768505,-0.421421791,-0.014562965,19.2661746,0.506
105633.772674,-0.406393824,0.00493651555,19.3191379,0.506
105633.776842,-0.417807174,0.00085618251,19.3427213,0.506
105633.781011,-0.422127045,0.00840033572,19.3263012,0.506
105633.785179,-0.41522472,0.00412424019,18.6470008,0.506
105633.789347,-0.42121963,0.0135450262,18.689025,0.506
105633.793516,-0.410555883,-0.00186024688,16.7808356,0.506
105633.797684,-0.431794374,0.00912637322,16.7535462,0.506
105633.801853,-0.446213614,0.0143686034,16.7590582,0.506
105633.806021,-0.424060034,0.0274771933,12.0987108,0.506
105633.810190,-0.437215667,0.0409418095,12.1016774,0.506
105633.814358,-0.403438627,0.0393026698,9.58811334,0.506
105633.818526,-0.399791409,0.0533910385,9.58325447,0.506
105633.822695,-0.40818071,0.0736475386,9.57829558,0.506
105633.826863,-0.380459755,0.0177546354,8.32034869,0.506
105633.831032,-0.381104587,0.0304947578,8.31723789,0.506
105633.835200,-0.380168265,-0.00395607148,8.30391999,0.506
105633.839368,-0.373359732,-0.00590336166,8.30050205,0.506
105633.843537,-0.380399016,0.00182844164,9.02048869,0.506
105633.847705,-0.379061063,-0.00622144604,9.0228258,0.506
105633.851874,-0.360962234,-0.00806205046,9.01413612,0.506
105633.856042,-0.382462735,-0.0269470918,10.1446862,0.506
105633.860211,-0.363646721,-0.0344146338,10.1486116,0.506
105633.864379,-0.396795145,-0.0474748155,13.0268295,0.506
105633.868547,-0.380711043,-0.05975458,13.0299781,0.506
105633.872716,-0.372797899,-0.0873365915,13.0368292,0.506
105633.876884,-0.39681866,-0.062989192,18.6680885,0.506
105633.881053,-0.387813656,-0.089641688,18.6516797,0.506
105633.885221,-0.408564959,-0.0532595755,17.1755561,0.506
105633.889389,-0.402769966,-0.0709174602,17.155881,0.506
105633.893558,-0.393042743,-0.0228390956,12.7705403,0.506
105633.897726,-0.420420206,-0.046219649,12.7398874,0.506
105633.901895,-0.41539553,-0.000680604113,12.7468501,0.506
105633.906063,-0.403098079,-0.0135377471,11.4141425,0.506
105633.910231,-0.449297289,-0.0891821241,11.4173999,0.506
105633.914400,-0.40579116,-0.0218369123,9.64061182,0.506
105633.918568,-0.417986173,-0.0116246863,9.64462934,0.506
105633.922737,-0.436000915,-0.0514596683,9.63144192,0.506
105633.926905,-0.399014418,-0.0443122577,8.25594095,0.506
105633.931073,-0.392554693,-0.0608303938,8.25628858,0.506
105633.935242,-0.37801115,-0.0448727481,7.41038916,0.506
105633.939410,-0.366584771,-0.034097465,7.40647184,0.506
105633.943579,-0.375498731,-0.0546630266,8.00647032,0.506
105633.947747,-0.346576223,-0.0382027464,8.00145417,0.506
105633.951916,-0.325474362,-0.0254040433,8.00900754,0.506
105633.956084,-0.340891395,-0.0440891228,10.1946153,0.506
105633.960252,-0.325913206,-0.0418391753,10.1966924,0.506
105633.964421,-0.346829778,-0.0388481784,14.2576855,0.506
105633.968589,-0.323810706,-0.0205733019,14.2271479,0.506
105633.972758,-0.301240269,-0.0158286064,14.2526505,0.506
105633.976926,-0.33356107,-0.0360262707,23.1002895,0.506
105633.981094,-0.312276795,-0.0167581092,23.2108012,0.506
105633.985263,-0.335630434,-0.0210817923,34.4195905,0.506
105633.989431,-0.320844258,-0.0180002479,34.5575598,0.506
105633.993600,-0.357590185,-0.039711593,25.7569275,0.506
105633.997768,-0.345460914,-0.0240330852,25.672972,0.506
105634.001936,-0.341336368,0.000229578281,25.6476131,0.506
105634.006105,-0.359818853,-0.0392889765,20.6762838,0.506
105634.010273,-0.346302472,-0.0104267437,20.6632228,0.506
105634.014442,-0.359856764,-0.0312858533,19.9461214,0.506
105634.018610,-0.372654191,-0.0313926502,19.9694193,0.506
105634.022779,-0.358376628,-0.0131400417,19.9303216,0.506
105634.026947,-0.34993901,-0.0130014009,20.0352453,0.506
105634.031115,-0.331323932,-0.0154662731,20.0423722,0.506
105634.035284,-0.344978539,-0.0132251291,16.1475136,0.506
105634.039452,-0.336547761,-0.00226302957,16.1584328,0.506
105634.043621,-0.321599512,-0.0122599481,12.4013636,0.506
105634.047789,-0.331917808,-0.00402871305,12.3919664,0.506
105634.051957,-0.310995413,0.00949681731,12.3883543,0.506
105634.056126,-0.327018481,-0.0111308841,10.0447782,0.506
105634.060294,-0.314805119,-0.00443027827,10.0458175,0.506
105634.064463,-0.331431374,-0.0188877188,8.46808612,0.506
105634.068631,-0.324732967,-0.0433426852,8.46156748,0.506
105634.072799,-0.321011606,-0.0841856372,8.47447963,0.506
105634.076968,-0.349614758,-0.0574092119,9.00083254,0.506
105634.081136,-0.337122838,-0.0961425569,8.99658063,0.506
105634.085305,-0.347553807,-0.0354446159,9.94366315,0.506
105634.089473,-0.356175771,-0.0675869983,9.94419309,0.506
105634.093642,-0.343997434,-0.0178754748,9.80827414,0.506
105634.097810,-0.37273422,-0.0119031275,9.80814064,0.506
105634.101978,-0.385036268,-0.036108366,9.80344675,0.506
105634.106147,-0.379102913,-0.00934340474,10.9411275,0.506
105634.110315,-0.380650317,-4.39630394e-05,10.9420226,0.506
105634.114484,-0.365999938,0.00871848503,14.2694557,0.506
105634.118652,-0.367570307,0.00515751222,14.2441412,0.506
105634.122820,-0.389037882,0.026106277,14.2431482,0.506
105634.126989,-0.369621482,0.0271645912,20.9484497,0.506
105634.131157,-0.373565722,0.0379232715,20.91968,0.506
105634.135326,-0.341885027,0.0149820763,47.3680932,0.506
105634.139494,-0.353301928,0.0510530307,46.1751123,0.506
105634.143662,-0.326463313,0.000990402728,44.860411,0.506
105634.147831,-0.350594354,0.0234800357,45.0288134,0.506
105634.151999,-0.341923668,0.0190222626,43.3303781,0.506
105634.156168,-0.333903397,-0.00925604559,26.9287141,0.506
105634.160336,-0.326480278,-0.0025814985,26.9250575,0.506
105634.164504,-0.316908204,0.00274021151,26.7410003,0.506
105634.168673,-0.329464142,0.0160085715,26.5234222,0.506
105634.172841,-0.326099958,0.0206172748,26.5289926,0.506
105634.177010,-0.329316417,0.026535357,21.4569106,0.506
105634.181178,-0.327336467,0.0330887797,21.389565,0.506
105634.185347,-0.310998358,-0.00329412642,16.3788358,0.506
105634.189515,-0.321131873,0.0240180203,16.328581,0.506
105634.193683,-0.31029675,-0.00314405323,16.3939462,0.506
105634.197852,-0.309665109,0.00357124444,14.9625115,0.506
105634.202020,-0.312377197,-0.0158750403,14.9552315,0.506
105634.206189,-0.323994246,-0.0132181735,16.2632021,0.506
105634.210357,-0.323478101,-0.0356002388,16.2815891,0.506
105634.214525,-0.335325206,-0.0130909081,25.5104485,0.506
105634.218694,-0.325745404,-0.0377201757,25.7013715,0.506
105634.222862,-0.332549794,-0.054454128,25.5721387,0.506
105634.227031,-0.346081895,-0.0251801338,38.0925409,0.506
105634.231199,-0.336002139,-0.0173121053,38.3829012,0.506
105634.235367,-0.344130897,-0.00526432703,27.5407387,0.506
105634.239536,-0.353379284,0.00326055657,27.7224295,0.506
105634.243704,-0.350665518,-0.0266303948,27.4365657,0.506
105634.247873,-0.369044364,0.00712828772,22.2562753,0.506
105634.252041,-0.376407682,0.0113925555,22.261042,0.506
105634.256210,-0.374901023,0.0282760032,24.1448538,0.506
105634.260378,-0.379193824,0.0443492126,24.1589071,0.506
105634.264546,-0.355522438,0.0369129455,31.7382992,0.506
105634.268715,-0.365382983,0.0554622227,31.7547791,0.506
105634.272883,-0.370565442,0.0641179303,31.4667802,0.506
105634.277052,-0.349953983,0.0424433436,59.5167046,0.506
105634.281220,-0.348800216,0.0363093681,60.2888721,0.506
105634.285388,-0.348012527,0.0160341252,44.983437,0.506
105634.289557,-0.337584019,0.00625607673,44.8723625,0.506
105634.293725,-0.334120687,0.00479105073,45.0429759,0.506
105634.297894,-0.342205918,-0.0052281889,40.9987104,0.506
105634.302062,-0.339085327,-0.0215721865,40.6003607,0.506
105634.306230,-0.357295057,-0.00452693361,26.8729539,0.506
105634.310399,-0.342849903,-0.0172537618,26.9593165,0.506
105634.314567,-0.371249742,0.00685410458,17.9727594,0.506
105634.318736,-0.365807334,0.00292123483,17.9665078,0.506
105634.322904,-0.376539362,-0.00746199288,17.9411699,0.506
105634.327073,-0.381810755,0.00903473778,15.0916832,0.506
105634.331241,-0.400859912,0.00196502731,15.0445355,0.506
105634.335409,-0.379640042,0.0135410356,14.4829587,0.506
105634.339578,-0.399162427,0.00253441601,14.4758405,0.506
105634.343746,-0.396619078,0.0163489857,14.4880395,0.506
105634.347915,-0.387076722,0.0209738194,13.9903922,0.506
105634.352083,-0.390981902,0.0307821681,14.0161164,0.506
105634.356251,-0.393489418,0.0178106563,14.97081,0.506
105634.360420,-0.395767966,0.043460092,14.9737245,0.506
105634.364588,-0.392192627,0.0267824386,16.9981243,0.506
105634.368757,-0.396060296,0.0284968497,17.0293157,0.506
105634.372925,-0.392235098,0.0574747975,17.0471149,0.506
105634.377093,-0.418249668,0.0234584359,18.6466651,0.506
105634.381262,-0.391447619,0.0459015112,18.639504,0.506
105634.385430,-0.410331713,0.0374761197,18.5970385,0.506
105634.389599,-0.404604594,0.0410628535,18.5913361,0.506
105634.393767,-0.404002018,0.0457762912,18.6280599,0.506
105634.397935,-0.410683208,0.0158928858,17.1806544,0.506
105634.402104,-0.414022149,0.0233942292,17.1811445,0.506
105634.406272,-0.417591609,0.0217260331,16.6016535,0.506
105634.410441,-0.422568337,-0.00219873908,16.5972479,0.506
105634.414609,-0.435674272,0.00502369254,16.7819546,0.506
105634.418778,-0.426901846,0.00768345154,16.8054433,0.506
105634.422946,-0.445305857,-0.00503617002,16.7700432,0.506
105634.427114,-0.441012014,0.0182579559,17.0128915,0.506
105634.431283,-0.472174583,0.0123541094,16.9808468,0.506
105634.435451,-0.454057922,0.0257958704,20.1196892,0.506
105634.439620,-0.461225099,0.0130095673,20.1550319,0.506
105634.443788,-0.497257614,0.0255754986,19.9835256,0.506
105634.447956,-0.472395751,0.0343404868,25.889095,0.506
105634.452125,-0.48290059,0.0298900854,26.0651527,0.506
105634.456293,-0.468446855,0.0262742622,31.4295989,0.506
105634.460462,-0.476289305,0.016665908,32.0163654,0.506
105634.464630,-0.468278121,0.0395539494,30.7836412,0.506
105634.468798,-0.459740932,0.0425417481,30.4477165,0.506
105634.472967,-0.474285153,0.0270263757,30.7328724,0.506
105634.477135,-0.464726483,0.0507810065,35.5113984,0.506
105634.481304,-0.468303441,0.0482902828,35.3971606,0.506
105634.485472,-0.456206473,0.0371272856,55.7472246,0.506
105634.489641,-0.465431423,0.0400094183,54.7702712,0.506
105634.493809,-0.469245751,0.0181753293,54.3808778,0.506
105634.497977,-0.479762203,0.0247111231,62.5122944,0.506
105634.502146,-0.473940306,0.00930685657,64.8552305,0.506
105634.506314,-0.482297676,0.0210204796,51.1550926,0.506
105634.510483,-0.481810135,0.0234697499,51.2517079,0.506
105634.514651,-0.490075599,0.0197606704,41.8630058,0.506
105634.518819,-0.482027283,0.0277032887,41.4058507,0.506
105634.522988,-0.497176146,0.0368386731,42.030175,0.506
105634.527156,-0.490171287,0.0223941146,42.8688456,0.506
105634.531325,-0.491082434,0.0175393721,42.607799,0.506
105634.535493,-0.491786292,0.0219037686,35.892251,0.506
105634.539661,-0.495487603,0.0292724287,35.823992,0.506
105634.543830,-0.501395923,0.0237116162,36.3897319,0.506
105634.547998,-0.477008314,0.0343761578,32.7440816,0.506
105634.552167,-0.509893202,0.0294396803,32.6807115,0.506
105634.556335,-0.472030422,0.00633885018,27.6197859,0.506
105634.560504,-0.493389613,0.0192950256,27.399898,0.506
105634.564672,-0.488387625,-0.00174864522,27.5609283,0.506
105634.568840,-0.474312545,0.010856357,24.6329644,0.506
105634.573009,-0.476995011,0.00753045567,24.570729,0.506
105634.577177,-0.484645797,0.015056479,22.216547,0.506
105634.581346,-0.467338653,0.0201946561,22.2527536,0.506
105634.585514,-0.483437004,0.0278547946,21.7846705,0.506
105634.589682,-0.486759082,0.00585530915,21.8837937,0.506
105634.593851,-0.501048205,0.0352325737,21.9901784,0.506
105634.598019,-0.472658635,0.0156335515,18.4314651,0.506
105634.602188,-0.492694152,0.028606607,18.3448187,0.506
105634.606356,-0.494536141,0.0315488425,14.4567224,0.506
105634.610524,-0.464353644,0.00706781754,14.476059,0.506
105634.614693,-0.480677087,0.0232722037,14.3754876,0.506
105634.618861,-0.459021814,0.00551278981,12.4800335,0.506
105634.623030,-0.490337658,-0.00537395385,12.4898347,0.506
105634.627198,-0.47610397,-0.000550212104,11.2113758,0.506
105634.631367,-0.485674263,-0.0159332956,11.2009176,0.506
105634.635535,-0.466424346,-0.00214030106,9.26414683,0.506
105634.639703,-0.480937983,-0.0379861688,9.26706332,0.506
105634.643872,-0.505365645,-0.0554763488,9.25494001,0.506
105634.648040,-0.492651524,-0.0163319114,7.56454513,0.506
105634.652209,-0.505810989,-0.026148031,7.57465324,0.506
105634.656377,-0.491571438,-0.0116673643,6.13189273,0.506
105634.660545,-0.476933723,-0.0109688128,6.13211905,0.506
105634.664714,-0.471441958,-0.0179182399,6.14008105,0.506
105634.668882,-0.467389207,0.0105794431,5.3613967,0.506
105634.673051,-0.446853321,0.0132283359,5.36272069,0.506
105634.677219,-0.421411488,0.0152205946,5.34385537,0.506
105634.681387,-0.439881055,0.0415824022,5.34825208,0.506
105634.685556,-0.416282548,-0.0228075819,5.73668691,0.506
105634.689724,-0.420297245,-0.0183498763,5.73961198,0.506
105634.693893,-0.415170691,-0.0344611433,5.73965438,0.506
105634.698061,-0.433085469,-0.0500404967,6.13290609,0.506
105634.702229,-0.418974147,-0.0449727826,6.13749659,0.506
105634.706398,-0.439843956,-0.0321859062,6.01027968,0.506
105634.710566,-0.416142475,-0.034495956,6.00189053,0.506
105634.714735,-0.417323291,-0.0273755013,6.01489958,0.506
105634.718903,-0.413062642,-0.0214326539,5.8655777,0.506
105634.723072,-0.400378634,-0.0117342686,5.87346942,0.506
105634.727240,-0.417588226,-0.0147611703,6.30003291,0.506
105634.731408,-0.379451202,-0.0153729132,6.30154812,0.506
105634.735577,-0.38137391,-0.00359235119,7.00993917,0.506
105634.739745,-0.375319018,-0.00824231707,7.00807469,0.506
105634.743914,-0.354177645,-0.00288840406,7.00744959,0.506
105634.748082,-0.380439757,0.00513816454,8.13641431,0.506
105634.752250,-0.350561196,0.0183234516,8.14448579,0.506
105634.756419,-0.352794537,0.0181254018,10.582633,0.506
105634.760587,-0.360421355,0.0233508024,10.5842697,0.506
105634.764756,-0.35339192,0.0459504528,10.5879531,0.506
105634.768924,-0.364056927,0.0122615639,14.3997736,0.506
105634.773092,-0.344033546,0.034665462,14.3732531,0.506
105634.777261,-0.350872498,0.0316760417,17.782128,0.506
105634.781429,-0.341609652,0.0340621687,17.7359808,0.506
105634.785598,-0.355498833,0.0123155969,19.6437018,0.506
105634.789766,-0.327589913,0.0223078288,19.6824381,0.506
105634.793935,-0.307438843,0.0264616777,19.7811372,0.506
105634.798103,-0.340322675,0.0147589041,19.9577979,0.506
105634.802271,-0.309548275,0.0277822294,19.9482226,0.506
105634.806440,-0.325620842,0.0227594635,16.6582764,0.506
105634.810608,-0.297597315,0.0444707357,16.6437655,0.506
105634.814777,-0.288885573,0.0500065866,16.6304026,0.506
105634.818945,-0.295863864,0.0255442782,11.2903783,0.506
105634.823113,-0.302112254,0.0423047073,11.3083604,0.506
105634.827282,-0.315652922,0.022615982,8.44692237,0.506
105634.831450,-0.301902739,0.031286062,8.44367144,0.506
105634.835619,-0.341644442,0.0316231119,7.15429852,0.506
105634.839787,-0.298332003,-0.00443263568,7.15243846,0.506
105634.843955,-0.292801477,0.0108437744,7.15204444,0.506
105634.848124,-0.323581584,0.0207370674,6.42033229,0.506
105634.852292,-0.30229251,-0.00860422308,6.42960828,0.506
105634.856461,-0.33073267,0.0228523405,5.99320341,0.506
105634.860629,-0.309809692,0.000717003664,5.99471527,0.506
105634.864798,-0.316073353,-0.0324352841,5.99848411,0.506
105634.868966,-0.330844743,-0.0257436981,5.82772192,0.506
105634.873134,-0.326794587,-0.0398991205,5.8294214,0.506
105634.877303,-0.322787286,-0.0129417398,6.09418211,0.506
105634.881471,-0.331144051,-0.0294071706,6.09498723,0.506
105634.885640,-0.331540208,-0.0432148846,6.09675803,0.506
105634.889808,-0.326800143,-0.010485165,6.42220934,0.506
105634.893976,-0.347177098,-0.0223923194,6.42115344,0.506
105634.898145,-0.335562967,-0.0125757021,6.80601708,0.506
105634.902313,-0.347443238,-0.0190581848,6.80578376,0.506
105634.906482,-0.33676778,-0.0114843781,7.565546,0.506
105634.910650,-0.366017488,-0.0177122687,7.5633452,0.506
105634.914818,-0.384605466,-0.0210537908,7.56337162,0.506
105634.918987,-0.347716694,-0.010995554,9.30131708,0.506
105634.923155,-0.384075448,-0.0151095984,9.30056526,0.506
105634.927324,-0.364921833,-0.0201125565,13.1971835,0.506
105634.931492,-0.372082703,-0.0210712129,13.202926,0.506
105634.935660,-0.392143698,-0.00995870961,13.2154072,0.506
105634.939829,-0.362439878,-0.0150903615,21.8607928,0.506
105634.943997,-0.369965349,-0.0155252491,21.8757269,0.506
105634.948166,-0.363770678,-0.0180978975,35.3183574,0.506
105634.952334,-0.344580582,0.0021331442,35.0917946,0.506
105634.956503,-0.334825753,-0.0230159466,36.1478973,0.506
105634.960671,-0.345842712,-0.0118874055,36.2076671,0.506
105634.964839,-0.344244423,0.00429404171,35.3534461,0.506
105634.969008,-0.342111343,-0.0354485262,25.3687865,0.506
105634.973176,-0.328130562,-0.0145102719,25.4992672,0.506
105634.977345,-0.326719247,-0.0276653779,20.6772006,0.506
105634.981513,-0.338942141,-0.0338875475,20.7224041,0.506
105634.985681,-0.3053887,-0.0217221378,20.7844784,0.506
105634.989850,-0.321492968,-0.0386962404,18.0108898,0.506
105634.994018,-0.328270701,-0.0442301176,18.0030807,0.506
105634.998187,-0.343547465,-0.0340841411,15.7247641,0.506
105635.002355,-0.334673279,-0.0519695599,15.7373144,0.506
105635.006523,-0.36017189,-0.0277612981,15.2347505,0.506
105635.010692,-0.36917667,-0.0248316546,15.2069848,0.506
105635.014860,-0.359112478,-0.022642272,15.2416817,0.506
105635.019029,-0.355916371,-0.0224179107,14.6457312,0.506
105635.023197,-0.370518817,-0.00593143585,14.6096726,0.506
105635.027366,-0.383580059,-0.0209930392,13.7756143,0.506
105635.031534,-0.384955294,-0.017837185,13.7690826,0.506
105635.035702,-0.385705529,-0.00940882195,13.7539009,0.506
105635.039871,-0.404279493,-0.010771316,13.6902629,0.506
105635.044039,-0.397974914,-0.0132416888,13.7053777,0.506
105635.048208,-0.388296105,-0.0273805077,13.0298465,0.506
105635.052376,-0.393317002,-0.018999991,13.0245635,0.506
105635.056544,-0.393781945,-0.0171430353,12.4780578,0.506
105635.060713,-0.39371092,-0.0193676382,12.4751065,0.506
105635.064881,-0.379637809,-0.0163712737,12.4860267,0.506
105635.069050,-0.387376369,-0.0391310505,11.2683477,0.506
105635.073218,-0.37603202,-0.0506088874,11.2821335,0.506
105635.077386,-0.396844802,-0.0291791125,10.5998822,0.506
105635.081555,-0.38881273,-0.0395813447,10.6050647,0.506
105635.085723,-0.369421728,-0.0514307396,10.6070585,0.506
105635.089892,-0.383123006,-0.0374439872,9.41498029,0.506
105635.094060,-0.372838107,-0.0261065125,9.41748187,0.506
105635.098229,-0.41525713,-0.0316999616,8.1048255,0.506
105635.102397,-0.382807831,-0.0250152693,8.09843362,0.506
105635.106565,-0.402202501,-0.0331721613,7.06734714,0.506
105635.110734,-0.410063559,-0.0344344045,7.06586656,0.506
105635.114902,-0.413753947,-0.039929635,7.06763885,0.506
105635.119071,-0.426611205,-0.0321683209,6.74873232,0.506
105635.123239,-0.447911864,-0.0465732495,6.74513359,0.506
105635.127407,-0.435364574,-0.0331278296,7.12860349,0.506
105635.131576,-0.469745803,-0.0475935231,7.1295376,0.506
105635.135744,-0.463282426,-0.0622533844,7.12321152,0.506
105635.139913,-0.453208387,-0.0224990048,8.2087331,0.506
105635.144081,-0.467946634,-0.0234774058,8.20394845,0.506
105635.148249,-0.434539152,-0.0148740524,9.83384434,0.506
105635.152418,-0.433757171,-0.0140017344,9.83248069,0.506
105635.156586,-0.440844486,-0.0155334369,11.62915,0.506
105635.160755,-0.429941334,-0.0187490605,11.6296186,0.506
105635.164923,-0.457914565,-0.00997523427,11.6228985,0.506
105635.169091,-0.440115242,-0.0230401682,13.5949431,0.506
105635.173260,-0.451293825,-0.0166372663,13.5523925,0.506
105635.177428,-0.431881769,-0.0292677965,16.0158207,0.506
105635.181597,-0.445869054,-0.0363069387,16.011832,0.506
105635.185765,-0.468402583,-0.0484230751,15.9641891,0.506
105635.189934,-0.465071571,-0.0336289056,20.3522478,0.506
105635.194102,-0.4979193,-0.0585498043,20.2338464,0.506
105635.198270,-0.46696463,-0.0219579293,28.7988657,0.506
105635.202439,-0.46840548,-0.0338295701,28.4583474,0.506
105635.206607,-0.461873977,-0.0249201114,36.8802559,0.506
105635.210776,-0.463566338,-0.0181289363,37.4600472,0.506
105635.214944,-0.475483682,-0.0149498265,37.28704,0.506
105635.219112,-0.466085048,-0.0371182676,41.9330375,0.506
105635.223281,-0.46432571,-0.0186262474,42.5059623,0.506
105635.227449,-0.461060691,-0.0331065955,37.7002841,0.506
105635.231618,-0.4612012,-0.0260712144,38.6141429,0.506
105635.235786,-0.471856578,-0.0142023852,38.6448574,0.506
105635.239954,-0.465833244,-0.0267714478,35.4876847,0.506
105635.244123,-0.464883987,-0.0231416688,35.7099827,0.506
105635.248291,-0.464829793,-0.0270335522,39.0145508,0.506
105635.252460,-0.485720168,-0.0445445783,39.0303155,0.506
105635.256628,-0.467128678,-0.0291114899,39.4551668,0.506
105635.260797,-0.489613083,-0.0506912856,31.6467886,0.506
105635.264965,-0.466706771,-0.0517215647,31.2798275,0.506
105635.269133,-0.462633725,-0.0147140466,24.467431,0.506
105635.273302,-0.476869289,-0.0536463785,24.3253684,0.506
105635.277470,-0.463691379,-0.0211109207,22.3564564,0.506
105635.281639,-0.481119001,-0.0152073193,22.5390278,0.506
105635.285807,-0.457776419,0.00291174993,22.5790581,0.506
105635.289975,-0.468038301,0.0123147952,25.4510478,0.506
105635.294144,-0.493386774,0.00434900804,25.5008406,0.506
105635.298312,-0.493031401,-0.00526199488,31.0203863,0.506
105635.302481,-0.476788756,0.0235360212,31.3442369,0.506
105635.306649,-0.485140411,0.0323493802,30.9087039,0.506
105635.310817,-0.494630899,0.0185296828,21.3955245,0.506
105635.314986,-0.496113134,0.027632942,21.4031458,0.506
105635.319154,-0.467413982,-0.0135143836,14.2706019,0.506
105635.323323,-0.474073433,0.0192725889,14.2433299,0.506
105635.327491,-0.468468598,-0.0124832166,11.4561468,0.506
105635.331660,-0.463617551,-0.0313328296,11.4769794,0.506
105635.335828,-0.459642993,-0.0302651762,11.4833817,0.506
105635.339996,-0.46741847,-0.0353899436,11.9392015,0.506
105635.344165,-0.446577416,-0.0599196567,11.9397472,0.506
105635.348333,-0.453032329,-0.0424592871,15.6604968,0.506
105635.352502,-0.439177041,-0.0543250653,15.6373422,0.506
105635.356670,-0.456699353,-0.0639647955,15.6405895,0.506
105635.360838,-0.442126957,-0.0392613424,22.9094122,0.506
105635.365007,-0.453802943,-0.0328663033,22.8325804,0.506
105635.369175,-0.466431228,-0.0314203203,26.8485553,0.506
105635.373344,-0.477921184,-0.0286559676,26.7379932,0.506
105635.377512,-0.489319374,-0.0400159201,26.2169486,0.506
105635.381680,-0.475721724,-0.0439733924,26.2181426,0.506
105635.385849,-0.479157845,-0.061614046,26.1809308,0.506
105635.390017,-0.470940943,-0.0496730408,37.4508837,0.506
105635.394186,-0.479699345,-0.0532377945,37.2172376,0.506
105635.398354,-0.48063104,-0.0285226026,64.990509,0.506
105635.402523,-0.479326425,-0.0171516278,66.2026413,0.506
105635.406691,-0.458670505,-0.0357174522,62.6860201,0.506
105635.410859,-0.50090048,-0.0258663514,46.9318068,0.506
105635.415028,-0.470719691,-0.0353255928,45.8238376,0.506
105635.419196,-0.474631604,-0.0524115945,36.7188822,0.506
105635.423365,-0.484623735,-0.0643104529,36.770073,0.506
105635.427533,-0.461652568,-0.0602370849,60.5658109,0.506
105635.431701,-0.477610179,-0.0606149137,57.012292,0.506
105635.435870,-0.471175801,-0.0870902497,58.7598553,0.506
105635.440038,-0.457076584,-0.0626134516,64.3306451,0.506
105635.444207,-0.470550653,-0.0781082753,62.6555711,0.506
105635.448375,-0.46765751,-0.057905058,38.924062,0.506
105635.452543,-0.47466599,-0.0775506258,38.5450411,0.506
105635.456712,-0.464106309,-0.0707418315,39.0105672,0.506
105635.460880,-0.455520562,-0.055374942,28.2722914,0.506
105635.465049,-0.471338182,-0.060690304,28.2032314,0.506
105635.469217,-0.44742267,-0.0472735579,31.1333047,0.506
105635.473386,-0.461594728,-0.0488848607,31.5008753,0.506
105635.477554,-0.465080214,-0.0418605755,43.0178619,0.506
105635.481722,-0.455667288,-0.0555376029,42.6049791,0.506
105635.485891,-0.464264344,-0.0381845586,43.5207289,0.506
105635.490059,-0.467940406,-0.0490783318,62.4940721,0.506
105635.494228,-0.462558001,-0.0505754334,60.7103448,0.506
105635.498396,-0.463294014,-0.0675565263,58.0208433,0.506
105635.502564,-0.437108996,-0.0545470751,56.7775663,0.506
105635.506733,-0.448242496,-0.0475003204,58.5196491,0.506
105635.510901,-0.456727187,-0.0473263872,55.201565,0.506
105635.515070,-0.43080164,-0.0617480524,53.1473282,0.506
105635.519238,-0.443432318,-0.0612688563,54.6547846,0.506
105635.523406,-0.432703428,-0.0449994419,55.3742611,0.506
105635.527575,-0.43363419,-0.0524963888,52.8689101,0.506
105635.531743,-0.412872266,-0.0278993244,54.9837124,0.506
105635.535912,-0.420306048,-0.0280706779,54.8103303,0.506
105635.540080,-0.437273759,-0.045636141,28.0152668,0.506
105635.544248,-0.404229945,-0.0804552378,28.7317979,0.506
105635.548417,-0.443202025,-0.0647963512,24.7406325,0.506
105635.552585,-0.429503138,-0.0812281518,24.793289,0.506
105635.556754,-0.380744304,-0.0709079467,25.1617863,0.506
105635.560922,-0.446531452,-0.0702699542,24.3330891,0.506
105635.565091,-0.396256657,-0.0761714511,24.4962051,0.506
105635.569259,-0.42421974,-0.0522920797,25.9463324,0.506
105635.573427,-0.428849798,-0.0633732307,25.8590808,0.506
105635.577596,-0.414272336,-0.0745764457,25.7205702,0.506
105635.581764,-0.412878253,-0.0687477706,25.5234794,0.506
105635.585933,-0.432125875,-0.0743749776,25.4226012,0.506
105635.590101,-0.418975596,-0.0504125174,29.9990595,0.506
105635.594269,-0.45449423,-0.0859529965,29.1452105,0.506
105635.598438,-0.440843372,-0.0639739635,38.2556976,0.506
105635.602606,-0.461479811,-0.0887319961,39.2018016,0.506
105635.606775,-0.479061895,-0.100556701,40.3654032,0.506
105635.610943,-0.467638397,-0.101267402,44.1076305,0.506
105635.615111,-0.476329252,-0.111083301,46.7174447,0.506
105635.619280,-0.458606241,-0.0884313759,25.5612456,0.506
105635.623448,-0.491364468,-0.0985857933,25.4640887,0.506
105635.627617,-0.454581455,-0.115780092,25.7482957,0.506
105635.631785,-0.46747452,-0.106454703,17.6340366,0.506
105635.635954,-0.482577809,-0.121519571,17.7299265,0.506
105635.640122,-0.47491949,-0.104076793,12.5248614,0.506
105635.644290,-0.46240497,-0.106919876,12.4943268,0.506
105635.648459,-0.458658642,-0.0805827862,9.75432029,0.506
105635.652627,-0.477458975,-0.0848544449,9.74452408,0.506
105635.656796,-0.460661378,-0.0652971985,9.75260337,0.506
105635.660964,-0.464828054,-0.0591515134,9.26703878,0.506
105635.665132,-0.455421232,-0.0154912287,9.24015315,0.506
105635.669301,-0.476903914,-0.0305486296,10.6483793,0.506
105635.673469,-0.414845675,-0.0198930315,10.6797163,0.506
105635.677638,-0.406860507,0.0258168465,10.7018037,0.506
105635.681806,-0.415926019,-0.0276610251,13.9888816,0.506
105635.685975,-0.404139812,-0.022547811,14.0140017,0.506
105635.690143,-0.411153548,-0.0543827849,14.7276379,0.506
105635.694311,-0.4301606,-0.0629844603,14.6221624,0.506
105635.698480,-0.423035285,-0.0541487478,14.2674011,0.506
105635.702648,-0.406355434,-0.0694689607,14.2077166,0.506
105635.706817,-0.383601509,-0.0453430145,14.2872399,0.506
105635.710985,-0.400800997,-0.0424341941,15.5988943,0.506
105635.715153,-0.386809541,-0.0466285301,15.4852282,0.506
105635.719322,-0.425074938,-0.050398631,20.6318091,0.506
105635.723490,-0.365345532,-0.0155341029,20.4304349,0.506
105635.727659,-0.402084365,-0.0129196934,20.6366294,0.506
105635.731827,-0.428185029,-0.0489973049,23.2965368,0.506
105635.735995,-0.412149431,-0.037897556,23.5950585,0.506
105635.740164,-0.446312097,-0.0363680757,22.6035968,0.506
105635.744332,-0.432833618,-0.0469262423,22.4841903,0.506
105635.748501,-0.436037516,-0.0594623975,23.445672,0.506
105635.752669,-0.434324737,-0.0597947492,23.671558,0.506
105635.756837,-0.433215352,-0.069782569,23.6246105,0.506
105635.761006,-0.440475553,-0.0353389277,28.3482037,0.506
105635.765174,-0.438243714,-0.0704039299,28.0969222,0.506
105635.769343,-0.43126865,-0.0230195034,30.4733303,0.506
105635.773511,-0.437772332,-0.0317402632,30.8469597,0.506
105635.777680,-0.435661986,-0.0100238698,30.7522935,0.506
105635.781848,-0.423955155,-0.0301732931,29.9758336,0.506
105635.786016,-0.454455565,-0.0389741782,29.5004695,0.506
105635.790185,-0.428875233,-0.0397076834,29.235804,0.506
105635.794353,-0.437006893,-0.0408792761,29.5057939,0.506
105635.798522,-0.43165531,-0.0234905558,35.5827648,0.506
105635.802690,-0.427718545,-0.0266760921,35.6333852,0.506
105635.806858,-0.411305874,-0.0198085268,35.5749016,0.506
105635.811027,-0.407915463,-0.0120486044,35.6433226,0.506
105635.815195,-0.410625906,-0.022448261,34.8927726,0.506
105635.819364,-0.425973212,-0.0210542141,25.9630924,0.506
105635.823532,-0.399965863,-0.0397825172,26.6268025,0.506
105635.827700,-0.389138692,-0.0364326264,26.3853713,0.506
105635.831869,-0.384580357,-0.027400016,23.2467093,0.506
105635.836037,-0.386245778,-0.0428298639,23.2927236,0.506
105635.840206,-0.407084139,-0.0400450253,20.294522,0.506
105635.844374,-0.377164953,-0.0492053434,20.2609428,0.506
105635.848542,-0.401932968,-0.0329082499,17.878272,0.506
105635.852711,-0.411085571,-0.0511126303,17.8460554,0.506
105635.856879,-0.428720512,-0.0587875559,17.7733303,0.506
105635.861048,-0.429360459,-0.04015087,15.5652014,0.506
105635.865216,-0.414881157,-0.0424723539,15.6584707,0.506
105635.869385,-0.424334057,-0.027660307,14.1492757,0.506
105635.873553,-0.433822368,-0.0204236377,14.1069225,0.506
105635.877721,-0.437707948,-0.027048513,14.1468506,0.506
105635.881890,-0.434657945,-0.0102510539,14.6262155,0.506
105635.886058,-0.44055421,0.00250121311,14.6524957,0.506
105635.890227,-0.425800467,0.0128934898,18.5307986,0.506
105635.894395,-0.432368962,0.0262193251,18.5444633,0.506
105635.898563,-0.426413936,-0.00187899063,28.1406638,0.506
105635.902732,-0.449654652,-0.00122213197,28.1227203,0.506
105635.906900,-0.442202467,0.00875575548,28.3837574,0.506
105635.911069,-0.444520314,-0.00575798897,40.1514397,0.506
105635.915237,-0.466285522,0.0268501632,39.9832273,0.506
105635.919406,-0.44527954,-0.0183994884,38.6494088,0.506
105635.923574,-0.466729735,0.000701821406,40.0699936,0.506
105635.927742,-0.45372848,-0.00432893009,40.8808047,0.506
105635.931911,-0.467724036,-0.0229387289,35.5693941,0.506
105635.936079,-0.457506746,-0.0350406666,35.3598026,0.506
105635.940248,-0.462333297,-0.0263138707,42.9398823,0.506
105635.944416,-0.458152958,-0.0444811062,43.5057199,0.506
105635.948584,-0.431728651,-0.040235533,57.1183031,0.506
105635.952753,-0.443861204,-0.0392516961,57.2386502,0.506
105635.956921,-0.464308887,-0.0624182384,55.1468718,0.506
105635.961090,-0.460555186,-0.0293324865,29.6119418,0.506
105635.965258,-0.451509421,-0.0228190229,29.2943125,0.506
105635.969426,-0.476557583,-0.0229331733,22.1483311,0.506
105635.973595,-0.43395239,-0.020296513,22.1233494,0.506
105635.977763,-0.467218604,-0.0130339941,22.2596543,0.506
105635.981932,-0.450019123,-0.021189093,22.0432693,0.506
105635.986100,-0.440334976,0.0223273103,22.1664663,0.506
105635.990268,-0.444420741,-0.00545883029,30.278906,0.506
105635.994437,-0.451098306,-0.00343411361,30.0691572,0.506
105635.998605,-0.46923019,-0.0147521581,29.9108875,0.506
105636.002774,-0.451094256,-0.00471057229,37.4262595,0.506
105636.006942,-0.464828473,-0.00901678435,36.9600529,0.506
105636.011111,-0.457027825,-0.013092053,37.4629187,0.506
105636.015279,-0.466625154,0.00988720742,36.9698946,0.506
105636.019447,-0.463751276,-0.00426942945,40.5937599,0.506
105636.023616,-0.443042788,0.0191572256,40.3496266,0.506
105636.027784,-0.47254026,-0.00339915812,39.8877314,0.506
105636.031953,-0.43671807,0.00316429845,39.6268829,0.506
105636.036121,-0.442288378,0.0171269796,39.9185783,0.506
105636.040289,-0.454198333,-0.0081806784,35.3540281,0.506
105636.044458,-0.434490897,-0.010883436,35.0987509,0.506
105636.048626,-0.440608636,0.00661791057,34.9703887,0.506
105636.052795,-0.422422036,-0.0169406847,33.278778,0.506
105636.056963,-0.429234875,-0.0116293758,33.4139299,0.506
105636.061131,-0.422260902,-0.0238536702,31.1629606,0.506
105636.065300,-0.418183959,-0.0226966131,31.2986515,0.506
105636.069468,-0.430576872,-0.0402970099,28.7118781,0.506
105636.073637,-0.422727438,-0.0410842209,28.8484119,0.506
105636.077805,-0.450277198,-0.0432826566,28.5306045,0.506
105636.081974,-0.445029563,-0.0382569883,39.4362003,0.506
105636.086142,-0.474142938,-0.0437140371,39.2326771,0.506
105636.090310,-0.46071998,-0.0356551663,44.6556412,0.506
105636.094479,-0.488888299,-0.0467244575,43.1425994,0.506
105636.098647,-0.49680454,-0.0243525585,46.3200282,0.506
105636.102816,-0.479276416,-0.0135502526,23.2259933,0.506
105636.106984,-0.49448378,-0.0175669368,23.1602108,0.506
105636.111152,-0.466913416,-0.0157217473,14.2839324,0.506
105636.115321,-0.472570067,-0.0120685072,14.2146387,0.506
105636.119489,-0.440729426,-0.0187068025,10.6518518,0.506
105636.123658,-0.476100676,-0.0308533287,10.6634308,0.506
105636.127826,-0.430489818,-0.00175297824,10.6668512,0.506
105636.131994,-0.445758548,-0.00787972245,8.94179949,0.506
105636.136163,-0.46490788,-0.00254814617,8.96301229,0.506
105636.140331,-0.422216671,-0.00420350188,8.0787348,0.506
105636.144500,-0.4337097,-0.0104658763,8.08591692,0.506
105636.148668,-0.441731485,-0.0276218605,8.09088633,0.506
105636.152836,-0.407762504,-0.0112205748,7.82355051,0.506
105636.157005,-0.428264398,-0.0250418578,7.82384846,0.506
105636.161173,-0.422216525,-0.0338706454,7.89184935,0.506
105636.165342,-0.420821987,-0.0228678728,7.90382045,0.506
105636.169510,-0.398736945,-0.0190882508,8.39347608,0.506
105636.173679,-0.411417478,0.0142971011,8.39644415,0.506
105636.177847,-0.385300086,0.00637348687,8.39534895,0.506
105636.182015,-0.387212058,-0.0253015419,9.37530331,0.506
105636.186184,-0.384568651,0.0176827318,9.37339341,0.506
105636.190352,-0.418283833,-0.0234832947,10.7653126,0.506
105636.194521,-0.380163138,-0.00512492058,10.7463297,0.506
105636.198689,-0.35829117,-0.0379250299,10.7556117,0.506
105636.202857,-0.401089268,-0.0121650132,13.2660279,0.506
105636.207026,-0.361664193,-0.0290875061,13.2276051,0.506
105636.211194,-0.396274267,-0.00892773326,17.5058111,0.506
105636.215363,-0.370683583,-0.017089118,17.5680048,0.506
105636.219531,-0.415334652,-0.0101491158,21.6881575,0.506
105636.223699,-0.395794752,-0.0222901346,21.6154431,0.506
105636.227868,-0.380409687,-0.0165819708,21.7114278,0.506
105636.232036,-0.403488073,-0.0171886117,20.8695647,0.506
105636.236205,-0.365737321,-0.00640195179,20.9764406,0.506
105636.240373,-0.388158097,-0.0108177285,16.0261427,0.506
105636.244542,-0.381095205,-0.00804466046,16.1095331,0.506
105636.248710,-0.377283678,-0.00323708495,16.0784113,0.506
105636.252878,-0.393016785,0.00675542827,13.934164,0.506
105636.257047,-0.360440257,0.0345175254,13.8922373,0.506
105636.261215,-0.41122005,0.0326933935,9.93114449,0.506
105636.265384,-0.398905252,0.0644454836,9.94309574,0.506
105636.269552,-0.403230822,-0.0016360145,6.904831,0.506
105636.273720,-0.406722779,0.0284604041,6.90372692,0.506
105636.277889,-0.390757606,0.0104126333,6.9025036,0.506
105636.282057,-0.412413056,-0.00915686992,6.13737727,0.506
105636.286226,-0.406225648,-0.0264418543,6.13738469,0.506
105636.290394,-0.418306848,-0.0171671898,6.58979309,0.506
105636.294562,-0.419373237,-0.0218013295,6.59020075,0.506
105636.298731,-0.393748051,-0.0766130751,6.59178059,0.506
105636.302899,-0.395144177,-0.0249219464,7.60003691,0.506
105636.307068,-0.393681641,-0.0166717641,7.5995807,0.506
105636.311236,-0.392897974,-0.0158570425,7.84922079,0.506
105636.315405,-0.417888864,-0.0126315461,7.85136372,0.506
105636.319573,-0.405688055,-0.00230643502,8.04438821,0.506
105636.323741,-0.411475966,-0.0206172128,8.04794172,0.506
105636.327910,-0.413436987,-0.0138511285,8.04596905,0.506
105636.332078,-0.409478975,0.015620816,8.32725292,0.506
105636.336247,-0.415779926,0.00454264712,8.33386864,0.506
105636.340415,-0.418854919,0.00922893147,8.40604033,0.506
105636.344583,-0.431547454,0.0103254268,8.40486366,0.506
105636.348752,-0.431588366,0.0126855607,8.4030127,0.506
105636.352920,-0.437077733,-0.00734963563,8.80536606,0.506
105636.357089,-0.461279597,-0.0242017487,8.80644789,0.506
105636.361257,-0.440107078,-0.0141282315,11.4420928,0.506
105636.365425,-0.463803578,-0.0184266705,11.4146955,0.506
105636.369594,-0.489216054,-0.0335072829,11.4135847,0.506
105636.373762,-0.451210077,-0.0277762322,18.8318352,0.506
105636.377931,-0.473323338,0.00215426909,18.8692805,0.506
105636.382099,-0.439869979,0.00371013629,29.7871722,0.506
105636.386267,-0.456306106,0.0206758253,29.6413134,0.506
105636.390436,-0.431937525,0.0135416286,22.7063048,0.506
105636.394604,-0.443000642,0.0135418534,22.5790324,0.506
105636.398773,-0.456044865,0.00661019746,22.6563894,0.506
105636.402941,-0.436589289,-0.000371599818,16.3980547,0.506
105636.407110,-0.433931089,-0.000844514638,16.3534879,0.506
105636.411278,-0.42835058,0.0106841178,12.8153956,0.506
105636.417531,-0.455253494,0.0132662487,12.7396802,0.506
105636.423783,-0.41535432,0.0132436,10.4570642,0.506
105636.427952,-0.416602569,0.0235999887,10.4450908,0.506
105636.432120,-0.420947851,-0.00266733064,9.44977694,0.506
105636.436288,-0.399116957,0.00806651888,9.42924547,0.506
105636.440457,-0.401562087,0.00159259931,9.4042078,0.506
105636.444625,-0.406659591,-0.00697669115,9.40580433,0.506
105636.448794,-0.407908323,-0.0259382203,9.42252063,0.506
105636.452962,-0.394231237,-0.00315901422,10.1554473,0.506
105636.457130,-0.400825393,-0.0432147351,10.1734147,0.506
105636.461299,-0.402003789,0.00687307599,11.4238222,0.506
105636.465467,-0.408019805,-0.00421270117,11.4135999,0.506
105636.469636,-0.380323235,-0.00446846445,11.4229059,0.506
105636.473804,-0.39830855,-0.00276944823,13.010046,0.506
105636.477973,-0.397282995,0.000972317274,13.0127217,0.506
105636.482141,-0.410316188,0.0147682932,15.0396426,0.506
105636.486309,-0.399624961,-0.00479634833,15.069979,0.506
105636.490478,-0.411215807,0.0061130018,16.9635935,0.506
105636.494646,-0.414242077,0.00374769415,16.8788763,0.506
105636.498815,-0.399364595,-0.00359633701,16.892168,0.506
105636.502983,-0.416806754,0.00242579566,18.6842882,0.506
105636.507151,-0.404286917,-0.00663810277,18.6895133,0.506
105636.511320,-0.414564094,0.0102938539,22.1466143,0.506
105636.515488,-0.398386369,0.0287168629,21.993493,0.506
105636.519657,-0.386409296,0.0158164336,21.93741,0.506
105636.523825,-0.403098816,0.0308548676,32.0245552,0.506
105636.527993,-0.383951949,0.0212460707,32.4033157,0.506
105636.532162,-0.40925024,0.00336795901,52.5317326,0.506
105636.536330,-0.387059405,0.00870477936,54.3607913,0.506
105636.540499,-0.406825388,0.00787492435,58.5808717,0.506
105636.544667,-0.404603716,0.0172510938,57.4748519,0.506
105636.548836,-0.376865347,0.0002671452,59.0099403,0.506
105636.553004,-0.382010862,0.0141543728,28.9886388,0.506
105636.557172,-0.361296229,0.0071643166,29.1459619,0.506
105636.561341,-0.396752777,0.0133295386,15.4543582,0.506
105636.565509,-0.375074419,-0.00586467698,15.4470414,0.506
105636.569678,-0.360631997,-0.00197142888,15.4675956,0.506
105636.573846,-0.390549002,-0.00391693992,10.6361538,0.506
105636.578014,-0.385988694,0.0024527043,10.6328033,0.506
105636.582183,-0.413621003,0.014882491,8.76459241,0.506
105636.586351,-0.407451749,0.00789223162,8.77173904,0.506
105636.590520,-0.424517575,0.0251870399,8.32441268,0.506
105636.594688,-0.433501753,0.0232691582,8.32860877,0.506
105636.598856,-0.450450889,0.0242829374,8.32742214,0.506
105636.603025,-0.444659693,0.0138725121,8.76846144,0.506
105636.607193,-0.466373926,0.0266267806,8.76433735,0.506
105636.611362,-0.444040544,0.0159378137,10.589413,0.506
105636.615530,-0.463158223,0.0244114381,10.593145,0.506
105636.619699,-0.488285286,0.0530991353,10.5819534,0.506
105636.623867,-0.465984416,0.0182027278,13.7413919,0.506
105636.628035,-0.470694581,0.0274847472,13.7265604,0.506
105636.632204,-0.463221285,0.00407968694,18.328085,0.506
105636.636372,-0.46565355,-0.0132384316,18.3411945,0.506
105636.640541,-0.460081805,0.00265215203,27.6080505,0.506
105636.644709,-0.447972764,0.000171876389,27.7368064,0.506
105636.648877,-0.471656743,0.00693991267,27.4308391,0.506
105636.653046,-0.456153394,0.0122706003,37.3011621,0.506
105636.657214,-0.483011935,0.00506401342,37.7355701,0.506
105636.661383,-0.46289945,0.0122525804,37.1270293,0.506
105636.665551,-0.474811924,0.0161934125,37.3695347,0.506
105636.669719,-0.483503977,0.00509428136,37.1291151,0.506
105636.673888,-0.45646072,0.0279399272,28.3523503,0.506
105636.678056,-0.457131576,0.0304428536,28.319916,0.506
105636.682225,-0.466425189,0.0313322717,25.4100476,0.506
105636.686393,-0.452136518,0.0297742815,25.4693713,0.506
105636.690562,-0.449207086,0.0115741168,27.5872584,0.506
105636.694730,-0.44391854,0.0398422356,27.7757339,0.506
105636.698898,-0.434551955,0.0297696899,27.6555968,0.506
105636.703067,-0.430046694,0.00600894482,33.4967093,0.506
105636.707235,-0.438217917,-0.0114667714,33.4703112,0.506
105636.711404,-0.436311457,0.012830514,46.3744229,0.506
105636.715572,-0.436054568,-0.00341225664,46.1914657,0.506
105636.719740,-0.422862,-0.0342231917,46.3597684,0.506
105636.723909,-0.447778249,-0.00800030178,38.9885035,0.506
105636.728077,-0.439306876,-0.0247895021,39.0887771,0.506
105636.732246,-0.444968388,-0.00391566227,23.474636,0.506
105636.736414,-0.459798598,-0.0181041754,23.4247315,0.506
105636.740582,-0.45013281,-0.0267484336,23.3917213,0.506
105636.744751,-0.464027847,0.00205200671,17.7158452,0.506
105636.748919,-0.474024608,0.00381476682,17.7447637,0.506
105636.753088,-0.460837554,0.000115887975,16.4279186,0.506
105636.757256,-0.478751776,0.0155199635,16.4069445,0.506
105636.761424,-0.484254496,0.0200391945,16.8145021,0.506
105636.765593,-0.481514015,0.0358967732,16.8765786,0.506
105636.769761,-0.481186812,0.0457676139,16.9381116,0.506
105636.773930,-0.466796806,0.0462280933,19.3305921,0.506
105636.778098,-0.487253917,0.0615939139,19.3729711,0.506
105636.782267,-0.454531296,0.0232246892,22.3937764,0.506
105636.786435,-0.455307332,0.0525512028,22.4498467,0.506
105636.790603,-0.465179061,0.0553897128,22.375941,0.506
105636.794772,-0.46365454,0.0252087845,19.8108926,0.506
105636.798940,-0.449707596,0.0321201821,19.8940548,0.506
105636.803109,-0.460869222,0.02336008,17.285901,0.506
105636.807277,-0.452210297,0.0231974818,17.3335065,0.506
105636.811445,-0.443349541,0.0162990917,16.2484766,0.506
105636.815614,-0.440453681,0.0147386447,16.2288082,0.506
105636.819782,-0.432150693,0.0212767134,16.2455809,0.506
105636.823951,-0.441722734,0.0188049004,17.3006812,0.506
105636.828119,-0.417843327,0.00338514435,17.2387025,0.506
105636.832287,-0.446942064,0.0239938041,20.6514206,0.506
105636.836456,-0.431153075,0.0143407896,20.6472467,0.506
105636.840624,-0.440580754,0.00728796248,20.6211033,0.506
105636.844793,-0.441025254,0.0274846584,23.5905947,0.506
105636.848961,-0.452400401,0.0320017867,23.7176356,0.506
105636.853130,-0.448140498,0.0281844365,19.9481333,0.506
105636.857298,-0.447403505,0.0186830869,19.9534724,0.506
105636.861466,-0.458745694,0.0151909697,17.5708522,0.506
105636.865635,-0.45418117,0.00791534768,17.5333545,0.506
105636.869803,-0.471223938,-0.00120582924,17.5669344,0.506
105636.873972,-0.451820564,0.00423385893,17.2140987,0.506
105636.878140,-0.458468229,0.000666851552,17.1912523,0.506
105636.882308,-0.446864712,0.0171227333,16.7196366,0.506
105636.886477,-0.451394562,-0.00447939524,16.7187455,0.506
105636.890645,-0.437407707,-0.00699471898,16.6811169,0.506
105636.894814,-0.43326044,-0.0198795975,17.1909122,0.506
105636.898982,-0.44042541,-0.0290666612,17.1373366,0.506
105636.903150,-0.439603474,-0.0137030734,20.8036792,0.506
105636.907319,-0.432062467,-0.0298386465,20.840432,0.506
105636.911487,-0.427293505,-0.012496781,24.4820935,0.506
105636.915656,-0.428538008,-0.0165867903,24.5785649,0.506
105636.919824,-0.420440172,-0.0270294356,24.6519271,0.506
105636.923993,-0.428533238,-0.0161451404,28.6567095,0.506
105636.928161,-0.4276308,-0.0189384113,28.5465294,0.506
105636.932329,-0.43698771,-0.0111803131,28.9454203,0.506
105636.936498,-0.429560634,-0.0226754754,28.9620266,0.506
105636.940666,-0.432155094,-0.00190843104,29.1089673,0.506
105636.944835,-0.434042085,0.00116007791,28.4028946,0.506
105636.949003,-0.422043702,0.0201852048,28.3657744,0.506
105636.953171,-0.423592242,0.00714771573,46.6875115,0.506
105636.957340,-0.425358435,-0.00681357469,46.278025,0.506
105636.961508,-0.422519511,-0.00487436109,77.3340733,0.506
105636.965677,-0.427410184,-0.00139255246,76.5171048,0.506
105636.969845,-0.410575639,-0.0232952155,76.2783467,0.506
105636.974013,-0.433321255,-0.00131601619,59.4228143,0.506
105636.978182,-0.411402044,-0.0186018977,60.6069943,0.506
105636.982350,-0.427225452,-0.00648978827,37.1939309,0.506
105636.986519,-0.417522244,-0.0204134238,37.2624936,0.506
105636.990687,-0.409892739,-0.024358284,37.1249343,0.506
105636.994855,-0.431013248,-0.0156163606,24.4384755,0.506
105636.999024,-0.424871267,-0.0257114996,24.2700652,0.506
105637.003192,-0.434581116,0.003061633,19.2532406,0.506
105637.007361,-0.439160586,0.00140839662,19.2870717,0.506
105637.011529,-0.439842221,-0.00066756068,18.2066866,0.506
105637.015698,-0.438920367,0.0178322204,18.2530543,0.506
105637.019866,-0.456673618,0.0199794998,18.1773837,0.506
105637.024034,-0.440546808,-0.00128584679,19.5000222,0.506
105637.028203,-0.457133098,0.00247195397,19.5385668,0.506
105637.032371,-0.455559579,0.00742427825,22.6136735,0.506
105637.036540,-0.452666489,-0.012201726,22.6422884,0.506
105637.040708,-0.461012188,-0.0134276657,22.6658229,0.506
105637.044876,-0.454498544,-0.0183327295,26.5045387,0.506
105637.049045,-0.455252715,-0.00961434507,26.4587835,0.506
105637.053213,-0.450365975,-0.0249250663,29.7411405,0.506
105637.057382,-0.460033429,-0.0259771902,29.7017066,0.506
105637.061550,-0.483288731,-0.0351772273,29.6182733,0.506
105637.065718,-0.464796678,-0.0146915747,35.1470496,0.506
105637.069887,-0.481430547,-0.00991010449,35.0222031,0.506
105637.074055,-0.4617441,-0.00411513278,37.2712037,0.506
105637.078224,-0.483440025,0.00903252037,37.2082284,0.506
105637.082392,-0.462703983,0.000245166623,30.488327,0.506
105637.086560,-0.491034383,0.00385928297,30.6122011,0.506
105637.090729,-0.513779173,-0.000572208601,30.6828534,0.506
105637.094897,-0.487697462,-0.0309478493,16.184099,0.506
105637.099066,-0.513076238,-0.0321036143,16.1783322,0.506
105637.103234,-0.461036002,-0.0280279679,10.2713388,0.506
105637.107403,-0.488412091,-0.0418852536,10.2598525,0.506
105637.111571,-0.489259656,-0.047107112,10.2657777,0.506
105637.115739,-0.449610903,-0.00818469561,8.29109394,0.506
105637.119908,-0.449984586,-0.028053808,8.29343387,0.506
105637.124076,-0.440026809,0.0129289712,7.99600555,0.506
105637.128245,-0.414892727,0.0146152227,8.00136569,0.506
105637.132413,-0.43953943,-0.00395682494,8.97152782,0.506
105637.136581,-0.422641552,0.0236514387,8.97325224,0.506
105637.140750,-0.408801122,0.0152563389,8.97234194,0.506
105637.144918,-0.425813476,-0.018007141,10.6880952,0.506
105637.149087,-0.423036906,-0.0101228839,10.6929373,0.506
105637.153255,-0.439234586,-0.0183314936,12.9774433,0.506
105637.157423,-0.414223342,-0.0244388319,12.9745044,0.506
105637.161592,-0.406078588,-0.0332944253,12.9726379,0.506
105637.165760,-0.421790867,-0.0345817776,17.0362142,0.506
105637.169929,-0.391814778,-0.0157681428,17.0675077,0.506
105637.174097,-0.425635154,-0.0142690989,25.237956,0.506
105637.178266,-0.428378241,-0.00958605377,25.187568,0.506
105637.182434,-0.44131663,-0.0115750648,32.8984672,0.506
105637.186602,-0.439994294,-0.0190257423,32.9244383,0.506
105637.190771,-0.430185175,-0.0237426664,32.6093793,0.506
105637.194939,-0.448177196,-0.0100773924,25.9790956,0.506
105637.199108,-0.444475958,0.01108502,26.1872263,0.506
105637.203276,-0.448154703,0.0409841965,29.6143857,0.506
105637.207444,-0.449008986,0.0579885344,29.5900176,0.506
105637.211613,-0.433066518,0.0722484247,29.4107716,0.506
105637.215781,-0.451782242,0.0252494659,36.5091128,0.506
105637.219950,-0.445835118,0.0572344417,36.0787044,0.506
105637.224118,-0.452724295,0.025203189,19.5533906,0.506
105637.228286,-0.452118966,0.0202118194,19.5796286,0.506
105637.232455,-0.459294718,0.0221699126,14.5345293,0.506
105637.236623,-0.44475317,0.00304726608,14.5324018,0.506
105637.240792,-0.440508159,-0.0201068981,14.5788306,0.506
105637.244960,-0.434176019,-0.0323343783,14.0758188,0.506
105637.249129,-0.429635953,-0.0379475168,14.0781496,0.506
105637.253297,-0.443403816,-0.0115516932,13.7953917,0.506
105637.257465,-0.451641113,-0.0312991454,13.8129947,0.506
105637.261634,-0.424284091,-0.0332884418,13.8260728,0.506
105637.265802,-0.448579541,0.0097490764,11.4427045,0.506
105637.269971,-0.474312156,0.00388579569,11.4431341,0.506
105637.274139,-0.469519338,0.0234536724,11.3913804,0.506
105637.278307,-0.467803763,0.04095457,11.3953484,0.506
105637.282476,-0.477012139,0.0295015837,12.9138408,0.506
105637.286644,-0.504100844,0.0235959977,12.88692,0.506
105637.290813,-0.500355062,0.0326524649,12.8934801,0.506
105637.294981,-0.49221878,0.00612006577,15.0674568,0.506
105637.299149,-0.496642288,0.00859214941,15.0538933,0.506
105637.303318,-0.505116265,0.00361372752,20.5929476,0.506
105637.307486,-0.500910434,-0.00623788322,20.6240646,0.506
105637.311655,-0.495152805,-0.00323577385,20.6330917,0.506
105637.315823,-0.468989677,0.00671735216,27.4817939,0.506
105637.319992,-0.479987182,0.010236677,27.2694096,0.506
105637.324160,-0.499760219,0.0120948021,24.1238368,0.506
105637.328328,-0.458972057,-0.0145886455,24.1391764,0.506
105637.332497,-0.487953141,-0.00431409188,20.5928235,0.506
105637.336665,-0.493791505,-0.0216496017,20.5787356,0.506
105637.340834,-0.499583265,-0.0292072546,20.6731407,0.506
105637.345002,-0.496147611,-0.00828336669,17.550776,0.506
105637.349170,-0.48740785,-0.00738745278,17.5057887,0.506
105637.353339,-0.501509156,-0.00234952259,16.481327,0.506
105637.357507,-0.507741519,-0.0102065411,16.4682252,0.506
105637.361676,-0.514269812,-0.0338347387,16.4428335,0.506
105637.365844,-0.506894138,0.00463491179,15.56376,0.506
105637.370012,-0.520302666,-0.0122552986,15.594289,0.506
105637.374181,-0.503126424,0.00336745942,13.9465215,0.506
105637.378349,-0.505160912,0.0201052169,13.9554302,0.506
105637.382518,-0.512311295,0.00543927479,15.0853931,0.506
105637.386686,-0.508949543,0.0218088067,15.1041515,0.506
105637.390855,-0.506751362,0.0452988552,15.1365437,0.506
105637.395023,-0.503326259,0.0314275321,18.8629814,0.506
105637.399191,-0.508667825,0.046093655,18.8334184,0.506
105637.403360,-0.489508643,0.0180685803,30.8786264,0.506
105637.407528,-0.517412465,0.0298954619,30.9185154,0.506
105637.411697,-0.507962548,0.0460873611,31.0916472,0.506
105637.415865,-0.491189776,0.0186245625,51.4798327,0.506
105637.420033,-0.522876129,0.0410462168,52.5914787,0.506
105637.424202,-0.510013756,0.0309373448,54.5621398,0.506
105637.428370,-0.539338547,0.0328547305,56.2574481,0.506
105637.432539,-0.52730575,0.0198505629,55.2511563,0.506
105637.436707,-0.543095224,0.0212560493,36.6269517,0.506
105637.440875,-0.541683775,0.000150590527,36.6841823,0.506
105637.445044,-0.527473665,0.0161500301,24.5797593,0.506
105637.449212,-0.541897231,0.0265905146,24.5003839,0.506
105637.453381,-0.510944502,0.0212798019,19.4912125,0.506
105637.457549,-0.556179968,0.0348915772,19.482878,0.506
105637.461717,-0.554611828,0.0201208259,19.3869503,0.506
105637.465886,-0.557576651,0.0221554174,14.7136841,0.506
105637.470054,-0.562811161,0.0320254792,14.7231899,0.506
105637.474223,-0.541201227,0.0266302428,10.8680936,0.506
105637.478391,-0.558124065,0.0300417107,10.8607103,0.506
105637.482560,-0.555561948,0.0286093972,10.8680369,0.506
105637.486728,-0.544902065,0.0115572785,9.15858989,0.506
105637.490896,-0.53989843,0.00781256396,9.15015147,0.506
105637.495065,-0.524396379,-0.00110731143,8.55099277,0.506
105637.499233,-0.534487237,-0.0227371346,8.5492458,0.506
105637.503402,-0.516930674,-0.0147219003,8.53077953,0.506
105637.507570,-0.521373726,-0.0169938518,8.52798018,0.506
105637.511738,-0.522371995,-0.0467185563,8.52835622,0.506
105637.515907,-0.496191022,-0.00266369488,8.95229794,0.506
105637.520075,-0.492096835,-0.010940994,8.95380749,0.506
105637.524244,-0.505491779,0.00592533126,10.0917075,0.506
105637.528412,-0.484532388,-0.012485316,10.0990034,0.506
105637.532580,-0.464555567,-0.00265578636,10.1112973,0.506
105637.536749,-0.482439724,-0.00488940728,13.0101964,0.506
105637.540917,-0.475802357,0.00426045123,13.0298692,0.506
105637.545086,-0.495192202,-0.00688922406,17.8941834,0.506
105637.549254,-0.485695571,0.00566342688,17.8808354,0.506
105637.553423,-0.490467682,0.00501039079,28.6184129,0.506
105637.557591,-0.489875647,0.000979351242,28.8075993,0.506
105637.561759,-0.481343479,-0.00445440076,28.8168462,0.506
105637.565928,-0.521433422,-0.0230862961,48.1067155,0.506
105637.570096,-0.494490337,-0.0122917937,47.7526642,0.506
105637.574265,-0.506528637,-0.00138799959,64.4080173,0.506
105637.578433,-0.481808119,-0.00145033749,62.1725284,0.506
105637.582601,-0.464058171,0.00146911265,59.8432268,0.506
105637.586770,-0.499887452,-0.0244038575,39.587893,0.506
105637.590938,-0.475690017,-0.0054415016,39.1672909,0.506
105637.595107,-0.49658073,-0.0444502867,22.3138138,0.506
105637.599275,-0.516656265,-0.0564164843,22.3244598,0.506
105637.603443,-0.509197073,-0.0230382079,18.4014156,0.506
105637.607612,-0.517470386,-0.0517966343,18.4667761,0.506
105637.611780,-0.518363107,-0.0460832083,18.4523759,0.506
105637.615949,-0.536773737,-0.0353690432,17.3119484,0.506
105637.620117,-0.537388491,-0.0396228631,17.3212574,0.506
105637.624286,-0.533136862,-0.0276609596,18.141013,0.506
105637.628454,-0.530833125,-0.0285302896,18.2105695,0.506
105637.632622,-0.542999518,-0.000733568879,18.2146856,0.506
105637.636791,-0.535088996,0.0120440355,20.4212927,0.506
105637.640959,-0.549122127,0.0285368919,20.482885,0.506
105637.645128,-0.553975757,-0.00560343004,25.6082139,0.506
105637.649296,-0.571388199,0.0458835983,25.3698891,0.506
105637.653464,-0.554310826,0.0154991139,17.5041869,0.506
105637.657633,-0.558195332,0.0303862436,17.5274235,0.506
105637.661801,-0.555405808,0.0400407791,17.5519905,0.506
105637.665970,-0.544096419,0.0281401537,12.307795,0.506
105637.670138,-0.559973348,0.0308712078,12.29878,0.506
105637.674306,-0.541736415,0.00151956956,9.73475671,0.506
105637.678475,-0.537840302,0.00370901048,9.72751524,0.506
105637.682643,-0.544310958,0.00695746709,9.72933429,0.506
105637.686812,-0.553583314,-0.00297199153,9.48056473,0.506
105637.690980,-0.548117331,-0.010433264,9.48055491,0.506
105637.695149,-0.537326808,-0.0127175247,10.2261224,0.506
105637.699317,-0.556508505,-0.0237615319,10.2343086,0.506
105637.703485,-0.536385877,-0.0234011456,11.7129592,0.506
105637.707654,-0.547628071,-0.0374052562,11.7383879,0.506
105637.711822,-0.52099885,-0.076230757,11.737693,0.506
105637.715991,-0.538602593,-0.0607358464,18.4322266,0.506
105637.720159,-0.534834493,-0.0956988726,18.3880957,0.506
105637.724327,-0.547314344,-0.0442527584,43.9751901,0.506
105637.728496,-0.536926619,-0.0511972208,43.5016281,0.506
105637.732664,-0.544615106,-0.0623148843,43.3083025,0.506
105637.736833,-0.54612411,-0.0215389151,26.8352175,0.506
105637.741001,-0.539170831,-0.00541702636,26.8849638,0.506
105637.745169,-0.567539643,0.00597745787,26.9351251,0.506
105637.749338,-0.554051642,0.0445962672,26.9463649,0.506
105637.753506,-0.568491411,-0.0033506432,34.8302216,0.506
105637.757675,-0.585694046,0.00589584912,35.0817901,0.506
105637.761843,-0.583877965,0.0358201737,34.9025798,0.506
105637.766012,-0.568469093,-0.0204341506,21.5177544,0.506
105637.770180,-0.592105772,-0.00428147234,21.4518993,0.506
105637.774348,-0.552147005,-0.0308746537,16.9630245,0.506
105637.778517,-0.570814847,-0.031900376,16.9893403,0.506
105637.782685,-0.566619635,-0.0265630685,16.9858357,0.506
105637.786854,-0.543307039,-0.0428793323,16.8173742,0.506
105637.791022,-0.54288429,-0.0281116411,16.8275411,0.506
105637.795190,-0.530725194,-0.0218672453,20.517866,0.506
105637.799359,-0.515443149,-0.0295887867,20.4501824,0.506
105637.803527,-0.510087209,-0.0173527966,20.4960349,0.506
105637.807696,-0.518612625,-0.040126033,22.1728686,0.506
105637.811864,-0.518177279,-0.0604562164,22.1660278,0.506
105637.816032,-0.536082191,-0.0510130104,27.6057181,0.506
105637.820201,-0.53546107,-0.0586493959,27.5533189,0.506
105637.824369,-0.525712773,-0.0271585994,36.1391098,0.506
105637.828538,-0.534443321,-0.0491925019,36.007888,0.506
105637.832706,-0.540346538,-0.0732501065,35.0826405,0.506
105637.836874,-0.525636913,-0.0255816767,28.0544428,0.506
105637.841043,-0.521796925,-0.0430274305,27.9478008,0.506
105637.845211,-0.522630646,-0.0262112006,21.3094013,0.506
105637.849380,-0.500833264,-0.0230483304,21.2881516,0.506
105637.853548,-0.522291068,-0.0111313878,21.314717,0.506
105637.857717,-0.505628994,-0.00751697268,17.6687634,0.506
105637.861885,-0.522209919,0.00903816662,17.7375324,0.506
105637.866053,-0.515612127,-0.00277058748,17.4728,0.506
105637.870222,-0.527664273,-0.0031564641,17.4834034,0.506
105637.874390,-0.527179573,-0.0326056225,17.0445552,0.506
105637.878559,-0.513169103,-0.0267868142,17.0268622,0.506
105637.882727,-0.528218857,-0.0292877131,17.0348586,0.506
105637.886895,-0.524818118,-0.0320447063,15.8038933,0.506
105637.891064,-0.497193243,-0.0209072333,15.7842509,0.506
105637.895232,-0.505227997,-0.00650910772,13.0898241,0.506
105637.899401,-0.485948333,-0.0179983962,13.1203307,0.506
105637.903569,-0.480967301,-0.0290417979,13.0872656,0.506
105637.907737,-0.489600268,-0.0276499404,10.1715967,0.506
105637.911906,-0.483187284,-0.0319546309,10.1725174,0.506
105637.916074,-0.516866598,-0.0302715886,8.41751734,0.506
105637.920243,-0.491160492,-0.0443651628,8.41823489,0.506
105637.924411,-0.520976176,-0.0300715296,7.57743123,0.506
105637.928579,-0.51291766,-0.0411839272,7.57462724,0.506
105637.932748,-0.527765536,-0.0579232585,7.57743955,0.506
105637.936916,-0.527885906,-0.0337778422,7.22531782,0.506
105637.941085,-0.565179026,-0.0568170774,7.22665749,0.506
105637.945253,-0.545011625,-0.0271682035,7.41066597,0.506
105637.949422,-0.533985725,-0.0201868304,7.41498714,0.506
105637.953590,-0.560258546,-0.01456632,7.41188354,0.506
105637.957758,-0.528563054,0.000919364618,8.01837334,0.506
105637.961927,-0.537989,0.0204967782,8.0260259,0.506
105637.966095,-0.515491227,0.00277865699,9.46010628,0.506
105637.970264,-0.527924537,0.016377441,9.45540267,0.506
105637.974432,-0.519783774,-0.0109811335,11.3332388,0.506
105637.978600,-0.522299652,-0.00638725801,11.325771,0.506
105637.982769,-0.539707872,0.00660972087,11.3274636,0.506
105637.986937,-0.505297559,-0.00359512575,12.9786459,0.506
105637.991106,-0.52268089,0.00131042719,13.0015273,0.506
105637.995274,-0.520547406,-0.030595189,13.7408533,0.506
105637.999442,-0.519039875,-0.0335315447,13.7361871,0.506
105638.003611,-0.516321722,-0.0406726268,13.7193003,0.506
105638.007779,-0.524567904,-0.0522800914,13.8043756,0.506
105638.011948,-0.527967447,-0.0570826372,13.7920265,0.506
105638.016116,-0.519402073,-0.0500317204,13.7226236,0.506
105638.020285,-0.523512809,-0.0442291819,13.7549588,0.506
105638.024453,-0.51414224,-0.0201065705,14.4170053,0.506
105638.028621,-0.517945287,-0.0218104022,14.429341,0.506
105638.032790,-0.533010315,0.00824198628,14.4693359,0.506
105638.036958,-0.515992342,-0.0215553447,17.9701268,0.506
105638.041127,-0.536007405,-0.0163811227,17.966313,0.506
105638.045295,-0.519855056,-0.0350715429,24.6984208,0.506
105638.049463,-0.52627663,-0.0269925038,24.7083139,0.506
105638.053632,-0.569946125,-0.0317335913,24.4875262,0.506
105638.057800,-0.537867764,-0.0629621026,42.5059916,0.506
105638.061969,-0.552470406,-0.0734027069,42.2777563,0.506
105638.066137,-0.523650175,-0.0485607202,36.1250317,0.506
105638.070305,-0.522082052,-0.0564998286,36.7877002,0.506
105638.074474,-0.518503078,-0.0491315094,24.1366216,0.506
105638.078642,-0.519588013,-0.039700674,24.0542619,0.506
105638.082811,-0.525418516,-0.0255829887,24.1209254,0.506
105638.086979,-0.505248565,-0.0177606725,23.1247701,0.506
105638.091148,-0.511568744,-0.00222506098,23.2485447,0.506
105638.095316,-0.493634597,-0.0132488145,34.9240684,0.506
105638.099484,-0.498235895,-0.0110762163,34.580955,0.506
105638.103653,-0.492168365,-0.00198141607,35.2078463,0.506
105638.107821,-0.499920982,-0.0249553432,54.1561791,0.506
105638.111990,-0.478949066,-0.0220080527,52.6361002,0.506
105638.116158,-0.484822765,-0.0511521375,56.5328977,0.506
105638.120326,-0.468606323,-0.0550460904,57.1889115,0.506
105638.124495,-0.471564405,-0.0418979097,45.4487532,0.506
105638.128663,-0.468942285,-0.0564102158,45.0319994,0.506
105638.132832,-0.435350349,-0.0531941394,45.2554902,0.506
105638.137000,-0.467739252,-0.0400910826,23.4257873,0.506
105638.141169,-0.475292576,-0.0583706189,23.3589853,0.506
105638.145337,-0.47907586,-0.0457653048,17.5705247,0.506
105638.149505,-0.474993419,-0.047435639,17.5633466,0.506
105638.153674,-0.475329348,-0.0717706269,17.5297653,0.506
105638.157842,-0.484860638,-0.0581387597,15.1835129,0.506
105638.162011,-0.491310613,-0.08287582,15.1747181,0.506
105638.166179,-0.500598631,-0.0701023025,12.9768266,0.506
105638.170347,-0.51161314,-0.073099961,12.984893,0.506
105638.174516,-0.524279622,-0.0713714672,12.9994371,0.506
105638.178684,-0.484486791,-0.0182642753,11.6512347,0.506
105638.182853,-0.49734145,0.0188719332,11.6761082,0.506
105638.187021,-0.467231819,-0.00307613107,17.159625,0.506
105638.191189,-0.474095823,0.023342872,17.1687982,0.506
105638.195358,-0.467462906,-0.0238431564,45.6842272,0.506
105638.199526,-0.4754032,-0.00574593183,46.4292754,0.506
105638.203695,-0.484960666,-0.00531689939,46.2321419,0.506
105638.207863,-0.477629073,-0.0292363927,78.9148905,0.506
105638.212031,-0.490680347,-0.0213165654,77.1522199,0.506
105638.216200,-0.473953814,-0.0363073075,46.9583901,0.506
105638.220368,-0.494828132,-0.0411918245,46.5246193,0.506
105638.224537,-0.482628566,-0.0500997779,47.2423417,0.506
105638.228705,-0.47106348,-0.0436960833,33.1499457,0.506
105638.232874,-0.485268174,-0.0664645142,33.3872553,0.506
105638.237042,-0.476184547,-0.0318458072,23.000755,0.506
105638.241210,-0.461382029,-0.037398142,22.8951609,0.506
105638.245379,-0.460353769,-0.00739284943,19.0699702,0.506
105638.249547,-0.453096924,0.0105592456,19.0999843,0.506
105638.253716,-0.472579655,0.00554360046,19.0568739,0.506
105638.257884,-0.46979196,0.00166605191,17.2516235,0.506
105638.262052,-0.448417972,0.00392621691,17.2608276,0.506
105638.266221,-0.455011117,-0.020938118,15.1270041,0.506
105638.270389,-0.466139106,0.00403695962,15.0931566,0.506
105638.274558,-0.456316267,0.000218807922,15.0831073,0.506
105638.278726,-0.449082705,-0.0146026135,14.1110723,0.506
105638.282894,-0.464400927,-0.0015892504,14.0986592,0.506
105638.287063,-0.432390131,-0.0208984261,13.7696209,0.506
105638.291231,-0.445007613,0.00138539204,13.782954,0.506
105638.295400,-0.431822722,0.0170807426,15.4497165,0.506
105638.299568,-0.416024581,0.0271711592,15.4689608,0.506
105638.303736,-0.408511344,0.0256158025,15.4185107,0.506
105638.307905,-0.429888034,0.0110437005,18.1425582,0.506
105638.312073,-0.401389435,0.0278059509,18.1134434,0.506
105638.316242,-0.444076701,0.0141517958,18.6132052,0.506
105638.320410,-0.425647171,0.0311742695,18.4940926,0.506
105638.324579,-0.403652512,0.0350502338,18.3934244,0.506
105638.328747,-0.431271284,0.0286871057,15.6877798,0.506
105638.332915,-0.438403823,0.0454456737,15.6961743,0.506
105638.337084,-0.453585069,0.0286876708,12.5983231,0.506
105638.341252,-0.411055671,-0.00413683859,12.6054105,0.506
105638.345421,-0.438311392,-0.00605336477,12.2909183,0.506
105638.349589,-0.420224476,-0.00781930125,12.3401873,0.506
105638.353757,-0.414372365,0.00287348261,12.3191635,0.506
105638.357926,-0.428631874,0.00495659343,12.1312163,0.506
105638.362094,-0.436668658,0.00527898106,12.0994549,0.506
105638.366263,-0.443111417,-0.00541504864,12.2516163,0.506
105638.370431,-0.433674204,-0.0134576378,12.2387212,0.506
105638.374600,-0.442965676,-0.00876743657,12.2323427,0.506
105638.378768,-0.442378546,0.00115434781,13.0479688,0.506
105638.382936,-0.455030054,-0.0158684893,13.0297212,0.506
105638.387105,-0.464997225,-0.00227279804,15.1250771,0.506
105638.391273,-0.450822951,-0.00322378515,15.2086198,0.506
105638.395442,-0.459465502,0.00609336037,17.7788191,0.506
105638.399610,-0.477240799,-0.00225785812,17.8651826,0.506
105638.403778,-0.510940326,0.00651677948,17.8705893,0.506
105638.407947,-0.45921149,0.0595639153,25.1323036,0.506
105638.412115,-0.511317664,0.0476835036,25.483194,0.506
105638.416284,-0.464402341,0.0280005631,18.7343818,0.506
105638.420452,-0.49093555,0.0669339285,18.6672101,0.506
105638.424620,-0.499013116,0.0631352756,18.7810736,0.506
105638.428789,-0.473083573,0.0375325566,12.8811154,0.506
105638.432957,-0.467968919,0.0240054435,12.8628964,0.506
105638.437126,-0.474394885,0.0208938277,10.9359746,0.506
105638.441294,-0.455751925,0.00772839811,10.9350259,0.506
105638.445462,-0.449623004,0.0202761886,10.9842316,0.506
105638.449631,-0.46069999,-0.0163571407,10.9874701,0.506
105638.453799,-0.460811468,-0.022797498,10.9928126,0.506
105638.457968,-0.462033559,-0.0131298482,11.4778955,0.506
105638.462136,-0.459138539,-0.0120650991,11.4855332,0.506
105638.466305,-0.459978399,0.00794275758,11.5677255,0.506
105638.470473,-0.450210179,-0.0104550166,11.5824596,0.506
105638.474641,-0.467823172,-0.00148731357,11.5746635,0.506
105638.478810,-0.434121032,0.00438806298,11.514329,0.506
105638.482978,-0.435658014,-0.00244163836,11.5279392,0.506
105638.487147,-0.437277181,-0.000512177726,12.5602516,0.506
105638.491315,-0.431632594,-0.0158584084,12.5789047,0.506
105638.495483,-0.430454121,-0.0255151003,12.5546707,0.506
105638.499652,-0.438598818,-0.0212433268,15.69379,0.506
105638.503820,-0.417491183,-0.032390808,15.7367648,0.506
105638.507989,-0.447939295,-0.0127886886,22.1498498,0.506
105638.512157,-0.456838468,-0.0397506445,22.1097227,0.506
105638.516325,-0.451286796,-0.0206260314,25.0428036,0.506
105638.520494,-0.449485726,-0.0310399226,25.098237,0.506
105638.524662,-0.46336964,-0.0502446031,25.193501,0.506
105638.528831,-0.449277038,-0.0189982842,20.6816441,0.506
105638.532999,-0.45551679,-0.0188558451,20.7514343,0.506
105638.537168,-0.452318169,-0.0114595378,20.0305173,0.506
105638.541336,-0.447306508,-0.0340639902,20.1115944,0.506
105638.545504,-0.446429774,-0.0262348995,20.052693,0.506
105638.549673,-0.455600373,-0.0163911119,18.2007695,0.506
105638.553841,-0.432458489,-0.0120434541,18.2642422,0.506
105638.558010,-0.454756481,-0.00996149913,18.6317758,0.506
105638.562178,-0.4404855,-0.000917740824,18.5690253,0.506
105638.566346,-0.45391365,-0.00952845683,18.7605985,0.506
105638.570515,-0.424729718,0.0160569902,18.7885153,0.506
105638.574683,-0.39713089,-0.00808049632,18.8753457,0.506
105638.578852,-0.431793924,-0.00612900172,20.2359644,0.506
105638.583020,-0.415893018,-0.0337377676,20.0448116,0.506
105638.587188,-0.437936629,-0.0424428592,14.1308986,0.506
105638.591357,-0.419242387,-0.0226365304,14.1907944,0.506
105638.595525,-0.401902535,-0.0394429354,14.1706923,0.506
105638.599694,-0.429220168,0.00416736689,10.6155687,0.506
105638.603862,-0.422800824,0.0190980187,10.6204153,0.506
105638.608030,-0.434117914,0.0236916424,9.88836962,0.506
105638.612199,-0.434516118,0.0282253412,9.88378635,0.506
105638.616367,-0.442801145,0.00837525757,9.86615864,0.506
105638.620536,-0.439704533,0.00763959593,9.86552434,0.506
105638.624704,-0.453034983,0.0429434015,9.86826777,0.506
105638.628873,-0.43649501,-0.00990232131,9.92261518,0.506
105638.633041,-0.454345591,-0.000237143148,9.91963644,0.506
105638.637209,-0.450597511,-0.0217477849,10.0283861,0.506
105638.641378,-0.458191874,-0.0172585226,10.037299,0.506
105638.645546,-0.461717557,-0.0539969622,10.0359252,0.506
105638.649715,-0.469956206,-0.030625046,11.4444718,0.506
105638.653883,-0.471813063,-0.0231133265,11.4366465,0.506
105638.658051,-0.456717159,0.00397636567,13.1227076,0.506
105638.662220,-0.467885627,-0.00907873547,13.1129276,0.506
105638.666388,-0.449639022,-0.0185600936,15.7142406,0.506
105638.670557,-0.464515243,-0.00777921796,15.7234,0.506
105638.674725,-0.487772561,-0.00384172544,15.7059926,0.506
105638.678894,-0.465301963,-0.0165513913,20.5119632,0.506
105638.683062,-0.480729896,-0.00460749833,20.5518705,0.506
105638.687230,-0.465862558,-0.0173199333,31.2726047,0.506
105638.691399,-0.47301212,0.00299189377,31.5232133,0.506
105638.695567,-0.47677164,0.0015151864,31.2643037,0.506
105638.699736,-0.464366237,-0.00871619559,46.1039066,0.506
105638.703904,-0.467395452,0.0121600186,46.1657844,0.506
105638.708072,-0.458651256,-0.0153147222,66.5706836,0.506
105638.712241,-0.46159159,-0.0136110341,66.1381629,0.506
105638.716409,-0.455859419,-0.0125884424,68.0378283,0.506
105638.720578,-0.464334991,-0.00916819155,69.4469996,0.506
105638.724746,-0.455105788,-0.00242544742,70.8500004,0.506
105638.728914,-0.458750002,-0.0028572232,71.1466923,0.506
105638.733083,-0.460574469,0.00342542053,71.8962297,0.506
105638.737251,-0.457977575,-0.00795526149,66.9170489,0.506
105638.741420,-0.454044319,0.000632867893,67.4085194,0.506
105638.745588,-0.458582556,-0.0123186938,66.8886011,0.506
105638.749756,-0.453140828,-0.0418688122,49.0536143,0.506
105638.753925,-0.476718772,-0.0372565385,51.2562132,0.506
105638.758093,-0.457441304,-0.0392045222,67.7692834,0.506
105638.762262,-0.46341558,-0.0474526475,68.8764503,0.506
105638.766430,-0.472851881,-0.0345113956,62.365947,0.506
105638.770599,-0.465337854,-0.0484253501,59.9722763,0.506
105638.774767,-0.469277324,-0.0504306444,59.9319896,0.506
105638.778935,-0.4604529,-0.0489336379,39.3385332,0.506
105638.783104,-0.475977921,-0.0405957934,39.2632416,0.506
105638.787272,-0.483047075,-0.056030067,26.1225323,0.506
105638.791441,-0.477873708,-0.0688518002,25.9549256,0.506
105638.795609,-0.484290121,-0.0881291022,26.0300616,0.506
105638.799777,-0.479146815,-0.0758110831,16.1497229,0.506
105638.803946,-0.496815586,-0.0918605098,16.1781625,0.506
105638.808114,-0.472377728,-0.0375564303,11.11038,0.506
105638.812283,-0.504318424,-0.0814954236,11.1245932,0.506
105638.816451,-0.480370806,-0.0480741249,9.22162101,0.506
105638.820619,-0.490622504,-0.0584272805,9.22450549,0.506
105638.824788,-0.518887423,-0.0648943113,9.22018964,0.506
105638.828956,-0.492732455,-0.0558820073,7.7149235,0.506
105638.833125,-0.525451294,-0.049605861,7.71281488,0.506
105638.837293,-0.487648266,-0.0149868152,6.56686217,0.506
105638.841462,-0.511695865,0.00378824243,6.56323318,0.506
105638.845630,-0.52305974,0.0161960147,6.56961313,0.506
105638.849798,-0.496740075,-0.0173649338,6.17289511,0.506
105638.853967,-0.512188067,0.0313995499,6.17675751,0.506
105638.858135,-0.49238546,0.000774401302,5.57153581,0.506
105638.862304,-0.503464582,0.023031195,5.57294291,0.506
105638.866472,-0.517037337,0.0451288358,5.5714209,0.506
105638.870640,-0.477943631,-0.0132087631,4.92396787,0.506
105638.874809,-0.4819661,0.00799432576,4.9224154,0.506
105638.878977,-0.468476768,-0.0442974277,4.57008686,0.506
105638.883146,-0.444369014,-0.0459608564,4.57090541,0.506
105638.887314,-0.452757441,-0.0563179078,4.72451139,0.506
105638.891482,-0.434780778,-0.0896875029,4.72206744,0.506
105638.895651,-0.412472338,-0.0807080156,4.72212017,0.506
105638.899819,-0.429232732,-0.046259863,5.3960094,0.506
105638.903988,-0.407871762,-0.08114752,5.39523559,0.506
105638.908156,-0.42725702,-0.061427076,6.71889439,0.506
105638.912324,-0.418736476,-0.0813803065,6.71584964,0.506
105638.916493,-0.379216009,-0.0900555772,6.71220899,0.506
105638.920661,-0.431331621,-0.0626599604,8.97862032,0.506
105638.924830,-0.401851636,-0.0696192837,8.98359138,0.506
105638.928998,-0.438224624,-0.0501821136,12.4084956,0.506
105638.933167,-0.425701894,-0.0450505854,12.382322,0.506
105638.937335,-0.458904785,-0.056207423,18.2623517,0.506
105638.941503,-0.435559672,-0.0522529995,18.3119733,0.506
105638.945672,-0.43824371,-0.0410523919,18.3690308,0.506
105638.949840,-0.450578089,-0.0643756885,26.8714522,0.506
105638.954009,-0.45352838,-0.0328369456,26.8521849,0.506
105638.958177,-0.461312158,-0.0291131661,32.6451644,0.506
105638.962345,-0.454141138,-0.0177931638,32.8645273,0.506
105638.966514,-0.455851157,0.00618232445,32.9718623,0.506
105638.970682,-0.456930391,-0.018092756,25.8477583,0.506
105638.974851,-0.436116643,0.0166132434,25.5762178,0.506
105638.979019,-0.436825002,-0.0287683115,15.7892672,0.506
105638.983188,-0.433300228,-0.0172322137,15.7586508,0.506
105638.987356,-0.438616012,-0.0420560727,14.6162781,0.506
105638.991524,-0.417310212,-0.0485250466,14.6336927,0.506
105638.995693,-0.408757165,-0.0532675402,14.6120368,0.506
105638.999861,-0.429245334,-0.0526389774,14.3065178,0.506
105639.004030,-0.406351678,-0.0634718265,14.3263613,0.506
105639.008198,-0.44049628,-0.0630615189,14.9816454,0.506
105639.012366,-0.427574583,-0.072364009,15.0109052,0.506
105639.016535,-0.420339406,-0.0925926617,15.0306884,0.506
105639.020703,-0.44007925,-0.0569970489,16.4046659,0.506
105639.024872,-0.413188023,-0.0455686609,16.4956683,0.506
105639.029040,-0.450981644,-0.0442775833,14.8072529,0.506
105639.033208,-0.423344169,-0.019648412,14.8243939,0.506
105639.037377,-0.452162489,-0.013795939,13.2116734,0.506
105639.041545,-0.443899367,-0.00898303881,13.2199151,0.506
105639.045714,-0.457867341,0.00929731102,13.2002628,0.506
105639.049882,-0.463720528,-0.0433295416,12.3660273,0.506
105639.054051,-0.479753227,-0.0308877838,12.3708517,0.506
105639.058219,-0.46247338,-0.0305924705,14.2177338,0.506
105639.062387,-0.478987381,-0.0338901945,14.1827454,0.506
105639.066556,-0.500001133,-0.0260802474,14.1804158,0.506
105639.070724,-0.456851117,-0.0506397367,15.8870772,0.506
105639.074893,-0.478308425,-0.0618299622,15.9588281,0.506
105639.079061,-0.461846755,-0.0842940277,19.5355472,0.506
105639.083229,-0.479472747,-0.0965027963,19.5925443,0.506
105639.087398,-0.459472753,-0.0697697193,31.5528808,0.506
105639.091566,-0.46646692,-0.0958001053,31.6144476,0.506
105639.095735,-0.488060256,-0.122704475,31.3846721,0.506
105639.099903,-0.458763359,-0.0607845707,17.1041732,0.506
105639.104071,-0.4722806,-0.074508341,17.1063671,0.506
105639.108240,-0.456667373,-0.0563032897,11.9005419,0.506
105639.112408,-0.477998958,-0.0493673444,11.9130098,0.506
105639.116577,-0.485483013,-0.0293193674,11.9209151,0.506
105639.120745,-0.471282457,-0.0332360989,9.7665232,0.506
105639.124913,-0.475867902,-0.0241107048,9.75832224,0.506
105639.129082,-0.447898634,-0.0330897653,8.39163771,0.506
105639.133250,-0.475035676,-0.013050208,8.39027961,0.506
105639.137419,-0.454944543,-0.0405642532,7.67552276,0.506
105639.141587,-0.45786988,-0.0298403569,7.67437108,0.506
105639.145756,-0.466222384,-0.0208615471,7.67610866,0.506
105639.149924,-0.443709338,-0.0245259515,7.10683803,0.506
105639.154092,-0.448023495,-0.0164349125,7.10393264,0.506
105639.158261,-0.435720554,-0.00099567753,7.0828019,0.506
105639.162429,-0.417005004,-0.00619679226,7.08539713,0.506
105639.166598,-0.414015234,-0.0283832192,7.08325466,0.506
105639.170766,-0.420990324,-0.0161760233,8.05912844,0.506
105639.174934,-0.409315117,-0.0276374445,8.06357362,0.506
105639.179103,-0.437605548,-0.0421009496,10.5017932,0.506
105639.183271,-0.404298296,-0.0611739021,10.5013863,0.506
105639.187440,-0.455418475,-0.035412782,15.7504046,0.506
105639.191608,-0.426380694,-0.0347570948,15.7565512,0.506
105639.195776,-0.410975174,-0.0687715258,15.7464381,0.506
105639.199945,-0.455228228,-0.0376758534,23.2702855,0.506
105639.204113,-0.432721811,-0.0634176181,23.2235952,0.506
105639.208282,-0.451902288,-0.0301410191,20.1413336,0.506
105639.212450,-0.454421556,-0.0306839684,20.1185054,0.506
105639.216619,-0.442970871,-0.0453287361,20.0553163,0.506
105639.220787,-0.470621309,-0.00738582564,15.978163,0.506
105639.224955,-0.462735888,-0.00336640845,15.9893044,0.506
105639.229124,-0.471033456,-0.0123394032,15.1703006,0.506
105639.233292,-0.485462055,0.0134136832,15.1847342,0.506
105639.237461,-0.463606206,0.0226826078,15.1634131,0.506
105639.241629,-0.47001069,0.0161340225,16.8016157,0.506
105639.245797,-0.460590335,0.0503897066,16.8624393,0.506
105639.249966,-0.458181046,0.0106190895,20.1453655,0.506
105639.254134,-0.447845951,0.0440167419,20.2349205,0.506
105639.258303,-0.460396095,0.0156551138,15.8215293,0.506
105639.262471,-0.437784261,0.0222540346,15.844234,0.506
105639.266639,-0.419455004,0.0373110456,15.8691711,0.506
105639.270808,-0.444035174,0.0137241858,10.4441113,0.506
105639.274976,-0.410150356,0.00947272847,10.4388784,0.506
105639.279145,-0.45385197,0.00046350245,7.26275571,0.506
105639.283313,-0.421386829,-0.00135872797,7.26442747,0.506
105639.287481,-0.409012986,-0.0154491319,7.26516332,0.506
105639.291650,-0.450522236,-0.00594412937,5.72305796,0.506
105639.295818,-0.440057284,-0.0160003966,5.7235401,0.506
105639.299987,-0.475802166,-2.1981826e-06,5.02636345,0.506
105639.304155,-0.479737715,0.00122687338,5.02538662,0.506
105639.308324,-0.490308857,0.0128931199,4.73298585,0.506
105639.312492,-0.476562318,-0.00141449343,4.73263871,0.506
105639.316660,-0.484006165,-0.0240130936,4.73257412,0.506
105639.320829,-0.494565754,0.00243047031,4.62464155,0.506
105639.324997,-0.501623844,-0.0162298962,4.62482937,0.506
105639.329166,-0.500953897,0.0190858626,4.6053395,0.506
105639.333334,-0.506392958,0.033683463,4.60583364,0.506
105639.337502,-0.529093872,0.0456068681,4.60650768,0.506
105639.341671,-0.536534089,0.0584199287,4.95126176,0.506
105639.345839,-0.538151803,0.0773454843,4.95174174,0.506
105639.350008,-0.540848719,0.0539827972,5.82041892,0.506
105639.354176,-0.545737328,0.0740649233,5.82132036,0.506
105639.358344,-0.52517946,0.0589754913,7.34431591,0.506
105639.362513,-0.538401151,0.0655207259,7.34227877,0.506
105639.366681,-0.553085282,0.0684548512,7.34023309,0.506
105639.370850,-0.529193474,0.0434524,8.83960689,0.506
105639.375018,-0.545678696,0.0667320669,8.83395511,0.506
105639.379187,-0.524565727,0.0429663445,10.395184,0.506
105639.383355,-0.546515986,0.0509729104,10.3837909,0.506
105639.387523,-0.557544051,0.0623686645,10.376817,0.506
105639.391692,-0.526937304,0.0394822902,12.1948012,0.506
105639.395860,-0.537589483,0.0442429632,12.1672051,0.506
105639.400029,-0.53121482,0.0519396659,13.2302522,0.506
105639.404197,-0.504982289,0.0560398076,13.2330071,0.506
105639.408365,-0.522210259,0.0629510217,12.5785113,0.506
105639.412534,-0.513193339,0.0519775568,12.5972247,0.506
105639.416702,-0.524555993,0.0643027672,12.584873,0.506
105639.420871,-0.518610242,0.0678372616,11.7837096,0.506
105639.425039,-0.521858944,0.0690941287,11.786056,0.506
105639.429207,-0.526817322,0.0488948636,11.1134505,0.506
105639.433376,-0.526685103,0.0585160652,11.1099257,0.506
105639.437544,-0.529112256,0.0328773544,11.1195511,0.506
105639.441713,-0.537174303,0.0296643758,11.3328216,0.506
105639.445881,-0.519804419,0.00356383084,11.3705159,0.506
105639.450049,-0.539872668,0.0388882922,12.9448425,0.506
105639.454218,-0.526816315,0.0232842095,12.9305624,0.506
105639.458386,-0.53003655,0.0477774796,14.5691685,0.506
105639.462555,-0.521961576,0.0265291707,14.5705921,0.506
105639.466723,-0.551283464,0.00807907697,14.574133,0.506
105639.470892,-0.5341088,0.0400749206,16.7539478,0.506
105639.475060,-0.537039557,0.031854913,16.7819438,0.506
105639.479228,-0.549625252,0.0345976897,23.9838647,0.506
105639.483397,-0.544180204,0.00974925895,23.8648046,0.506
105639.487565,-0.543478885,0.0172336504,23.7794639,0.506
105639.491734,-0.550245141,-0.00486190122,36.6895218,0.506
105639.495902,-0.556920232,-0.00162715173,36.8787348,0.506
105639.502155,-0.545416665,0.0212746087,24.5954356,0.506
105639.508407,-0.527749382,0.0235807399,18.2132572,0.506
105639.512576,-0.547139662,0.047144677,18.224161,0.506
105639.516744,-0.553745577,0.0629095641,18.1595626,0.506
105639.520913,-0.522865534,0.0385528074,16.2597864,0.506
105639.525081,-0.546227703,0.0341406211,16.2100626,0.506
105639.529249,-0.523944628,0.0186646384,12.6634337,0.506
105639.533418,-0.539444355,0.0198029567,12.6536761,0.506
105639.537586,-0.56755037,0.0159469349,12.6395813,0.506
105639.541755,-0.555590782,0.00466714913,9.83572001,0.506
105639.545923,-0.574255319,0.00434111304,9.82797305,0.506
105639.550091,-0.555840205,0.0127861812,7.27645597,0.506
105639.554260,-0.576481745,0.00721012131,7.27881128,0.506
105639.558428,-0.534597276,0.0221294195,5.88444131,0.506
105639.562597,-0.5368219,0.0337425057,5.88582188,0.506
105639.566765,-0.54606935,0.0357400672,5.88712682,0.506
105639.570933,-0.531302582,0.0338660993,5.41437166,0.506
105639.575102,-0.516543611,0.00731914679,5.41484929,0.506
105639.579270,-0.524790902,0.00367744991,5.38732471,0.506
105639.583439,-0.513822174,-0.0205791673,5.38716014,0.506
105639.587607,-0.509856905,-0.0242176123,5.38651465,0.506
105639.591775,-0.529574536,-0.0222130077,5.52085782,0.506
105639.595944,-0.501229106,-0.0401316354,5.51959965,0.506
105639.600112,-0.531875813,0.00603205229,5.56968848,0.506
105639.604281,-0.515383548,-0.0116795335,5.56848849,0.506
105639.608449,-0.508389916,-0.0123631483,5.568219,0.506
105639.612618,-0.524727904,0.00247307994,5.63358932,0.506
105639.616786,-0.510218624,0.0114351398,5.63390253,0.506
105639.620954,-0.50858454,0.010164429,5.78834735,0.506
105639.625123,-0.51203145,0.0404653793,5.78856534,0.506
105639.629291,-0.50693994,0.0252267376,6.51421814,0.506
105639.633460,-0.475655022,0.0473374257,6.51388327,0.506
105639.637628,-0.473435111,0.067337768,6.51127843,0.506
105639.641796,-0.50401088,0.0251723915,7.82978837,0.506
105639.645965,-0.494858412,0.0437399724,7.82297323,0.506
105639.650133,-0.510991086,0.0142584417,9.05732442,0.506
105639.654302,-0.488440609,0.0353811148,9.06640572,0.506
105639.658470,-0.473369654,0.0261642937,9.06836963,0.506
105639.662638,-0.490978486,0.0167047414,10.4310009,0.506
105639.666807,-0.502045741,0.0257010521,10.4455857,0.506
105639.670975,-0.500975433,0.0215527196,12.4894978,0.506
105639.675144,-0.476679156,0.0423509267,12.480573,0.506
105639.679312,-0.508991737,0.0324898095,14.7789796,0.506
105639.683481,-0.480265375,0.0369339147,14.8247372,0.506
105639.687649,-0.459004712,0.0442634856,14.8163625,0.506
105639.691817,-0.502272239,0.0322150819,15.7917352,0.506
105639.695986,-0.475065994,0.00604628468,15.863342,0.506
105639.700154,-0.490384651,0.0123549114,20.8974862,0.506
105639.704323,-0.474706175,-0.00663420085,20.9306149,0.506
105639.708491,-0.476170228,0.00130400726,20.9982984,0.506
105639.712659,-0.479189652,0.0125053733,35.1090993,0.506
105639.716828,-0.46035267,0.0351957318,34.3671141,0.506
105639.720996,-0.487109791,0.0401619917,24.7640171,0.506
105639.725165,-0.464895061,0.0536122296,24.7682902,0.506
105639.729333,-0.488589898,0.0515831932,17.3732363,0.506
105639.733501,-0.471694073,0.0591031415,17.3727522,0.506
105639.737670,-0.47399821,0.0776552829,17.3401085,0.506
105639.741838,-0.474162988,0.0694827903,13.5670587,0.506
105639.746007,-0.471100988,0.08521981,13.5740411,0.506
105639.750175,-0.490630617,0.0684304474,11.2834984,0.506
105639.754344,-0.445883064,0.0684179487,11.2877602,0.506
105639.758512,-0.469048347,0.0620483974,11.2770414,0.506
105639.762680,-0.446663182,0.0696988641,10.0968611,0.506
105639.766849,-0.474113104,0.0491936997,10.0922473,0.506
105639.771017,-0.476268799,0.0484234249,9.26858039,0.506
105639.775186,-0.441016019,0.0300378298,9.28096837,0.506
105639.779354,-0.461136406,0.0349241869,8.91007718,0.506
105639.783522,-0.475067451,0.00920189944,8.90851215,0.506
105639.787691,-0.443547387,-0.0328275203,8.91233172,0.506
105639.791859,-0.480327497,-0.0040248958,9.23816614,0.506
105639.796028,-0.485329126,-0.0144208704,9.23788145,0.506
105639.800196,-0.469139554,0.0276499613,9.25695956,0.506
105639.804364,-0.483126991,0.0329265792,9.26027969,0.506
105639.808533,-0.491648056,0.0335729727,9.25571845,0.506
105639.812701,-0.469613704,0.0753463352,9.7561302,0.506
105639.816870,-0.491769249,0.100658126,9.74952178,0.506
105639.821038,-0.446909567,0.0849172328,12.441528,0.506
105639.825206,-0.483180253,0.123088334,12.4167601,0.506
105639.829375,-0.471767078,0.0777050425,13.8208947,0.506
105639.835628,-0.469584698,0.120631883,13.7860091,0.506
105639.841880,-0.453601142,0.0651074817,10.700348,0.506
105639.846049,-0.468034841,0.0896997452,10.7109007,0.506
105639.850217,-0.461004605,0.0383659872,9.55223473,0.506
105639.854385,-0.476143944,0.0309151221,9.55681797,0.506
105639.858554,-0.498837772,-0.000119207839,9.56171839,0.506
105639.862722,-0.475722294,0.0105285577,11.4325262,0.506
105639.866891,-0.483957386,-0.0256837624,11.4493957,0.506
105639.871059,-0.47035056,0.00740409369,19.7603266,0.506
105639.875227,-0.510092157,-0.0242801635,19.8019184,0.506
105639.879396,-0.484350678,0.0102805873,38.2653756,0.506
105639.883564,-0.499597353,-0.00010745932,38.3057549,0.506
105639.887733,-0.518981256,0.000504203296,38.4316457,0.506
105639.891901,-0.49376443,0.0257963026,26.127942,0.506
105639.896070,-0.482777328,0.0413544798,26.0137953,0.506
105639.900238,-0.492743587,0.0270496813,26.2037954,0.506
105639.904406,-0.501198498,0.0234386375,26.1954422,0.506
105639.908575,-0.487866025,0.0434412556,26.1085916,0.506
105639.912743,-0.492124754,0.0111951163,24.8304542,0.506
105639.916912,-0.497631693,0.00210111372,24.7788001,0.506
105639.921080,-0.496689394,0.00415861691,18.743362,0.506
105639.925248,-0.483924089,0.00268195635,18.7446049,0.506
105639.929417,-0.503641426,-0.0116603373,18.7674517,0.506
105639.933585,-0.475786539,-0.00782663379,15.3415185,0.506
105639.937754,-0.467089314,-0.0224953902,15.3392758,0.506
105639.941922,-0.466446992,-0.0152309744,14.2543369,0.506
105639.946090,-0.455176883,-0.00723326918,14.2626412,0.506
105639.950259,-0.458267469,-0.0177871166,15.5872535,0.506
105639.954427,-0.426791764,-0.0181292512,15.5971261,0.506
105639.958596,-0.404919987,-0.0267840365,15.559275,0.506
105639.962764,-0.433832627,-0.0247275403,17.4004749,0.506
105639.966932,-0.39279197,-0.0249225018,17.3238219,0.506
105639.971101,-0.417290988,-0.025927965,12.7616119,0.506
105639.975269,-0.411810259,-0.0368417095,12.7865246,0.506
105639.979438,-0.402186624,-0.0472435713,12.8071612,0.506
105639.983606,-0.433189445,-0.0499514276,8.50158831,0.506
105639.987775,-0.407179651,-0.0432857518,8.50423561,0.506
105639.991943,-0.459299003,-0.041012702,6.32089881,0.506
105639.996111,-0.448722541,-0.057785492,6.32033757,0.506
105640.000280,-0.477715987,-0.0371446605,5.2567396,0.506
105640.004448,-0.476831965,-0.0601796721,5.25595698,0.506
105640.008617,-0.455514092,-0.0673057156,5.25776346,0.506
105640.012785,-0.487378903,-0.0379912165,4.74792892,0.506
105640.016953,-0.498089187,-0.0593640927,4.74841033,0.506
105640.021122,-0.492744398,-0.0324865247,4.61324089,0.506
105640.025290,-0.509118256,-0.0335090289,4.61264804,0.506
105640.029459,-0.51936636,-0.040504057,4.61417319,0.506
105640.033627,-0.514399011,-0.0231470339,4.78569915,0.506
105640.037795,-0.520325128,-0.00759423002,4.7863422,0.506
105640.041964,-0.496596894,-0.00248769575,5.2592116,0.506
105640.046132,-0.507333066,0.0195613423,5.25855965,0.506
105640.050301,-0.491430533,-0.00185324153,6.24319254,0.506
105640.054469,-0.498543433,0.018476023,6.24334844,0.506
105640.058638,-0.516768539,0.0288419117,6.24238935,0.506
105640.062806,-0.49709738,-0.00518555997,7.58443773,0.506
105640.066974,-0.493946814,0.00856736218,7.57958243,0.506
105640.071143,-0.491133832,-0.0120538506,8.54464187,0.506
105640.075311,-0.489423363,-0.0068969145,8.53984019,0.506
105640.079480,-0.506345897,-0.0098433007,8.54226185,0.506
105640.083648,-0.501870483,3.5589356e-05,8.87493199,0.506
105640.087816,-0.489270787,0.0163899052,8.88122707,0.506
105640.091985,-0.497373717,0.0106439498,9.78938453,0.506
105640.096153,-0.486998399,0.039559801,9.79545753,0.506
105640.100322,-0.488893107,0.0376457371,12.2161428,0.506
105640.104490,-0.493568449,0.0541890654,12.2310865,0.506
105640.108658,-0.502288757,0.0632299737,12.2364312,0.506
105640.112827,-0.491875298,0.0368453111,17.9544848,0.506
105640.116995,-0.498271147,0.0570279282,17.967547,0.506
105640.121164,-0.496717942,0.0430014923,27.0991972,0.506
105640.125332,-0.489283873,0.0678871654,26.9385087,0.506
105640.129501,-0.494590631,0.074303583,27.0391077,0.506
105640.133669,-0.48824868,0.0585867764,29.3102199,0.506
105640.137837,-0.484432843,0.0664228991,29.3782592,0.506
105640.142006,-0.487652407,0.0466022267,20.8691943,0.506
105640.146174,-0.481082687,0.0431280145,20.7663738,0.506
105640.150343,-0.496497915,0.0317421975,16.9888439,0.506
105640.154511,-0.497094516,0.0318261189,16.9455628,0.506
105640.158679,-0.510167434,0.0200213246,16.982622,0.506
105640.162848,-0.511691446,0.0460854621,18.6853997,0.506
105640.167016,-0.535381283,0.0400912732,18.7291408,0.506
105640.171185,-0.512925482,0.0552802531,24.131439,0.506
105640.175353,-0.527355958,0.0637954872,24.2762661,0.506
105640.179521,-0.541487179,0.071175598,24.2395776,0.506
105640.183690,-0.545236556,0.0575368836,26.4597423,0.506
105640.187858,-0.541166304,0.0595531682,26.5448687,0.506
105640.192027,-0.531155869,0.051502389,25.2677694,0.506
105640.196195,-0.55971454,0.0577374228,25.2530734,0.506
105640.200363,-0.524968663,0.050048868,18.7007909,0.506
105640.204532,-0.518874568,0.0618089456,18.6739033,0.506
105640.208700,-0.5128284,0.0639622857,18.613534,0.506
105640.212869,-0.517340456,0.051124027,14.595209,0.506
105640.217037,-0.489832263,0.0469309885,14.6322384,0.506
105640.221206,-0.514505329,0.0299702989,14.3178916,0.506
105640.225374,-0.497275406,0.0164041515,14.3439074,0.506
105640.229542,-0.51455304,-0.00377440721,14.373566,0.506
105640.233711,-0.499252929,0.00657327141,17.6701055,0.506
105640.237879,-0.527093986,-0.0286829594,17.6529106,0.506
105640.242048,-0.515500034,-0.0216021469,24.4687361,0.506
105640.246216,-0.524396529,-0.0481570423,24.5514259,0.506
105640.250384,-0.526655497,-0.00792376863,20.9286815,0.506
105640.254553,-0.527106678,-0.0163233878,20.8692206,0.506
105640.258721,-0.54752029,-0.0681856684,20.7219508,0.506
105640.262890,-0.542939269,-0.0219101882,12.9207973,0.506
105640.267058,-0.555553398,-0.033011486,12.9124365,0.506
105640.271226,-0.552240677,-0.0122867207,9.34703109,0.506
105640.275395,-0.580887638,-0.0204720811,9.32762486,0.506
105640.279563,-0.612249049,-0.0295842918,9.34398963,0.506
105640.283732,-0.568344493,-0.0108873997,7.27486215,0.506
105640.287900,-0.592351281,-0.00252204011,7.27499662,0.506
105640.292068,-0.550224885,-0.000262442397,6.51800664,0.506
105640.296237,-0.556627603,0.0136735192,6.5207487,0.506
105640.300405,-0.564508085,0.0120114653,6.52340604,0.506
105640.304574,-0.545350153,-0.00440382969,6.41605373,0.506
105640.308742,-0.550064529,0.0118512655,6.41750775,0.506
105640.312911,-0.54619558,0.0188910066,6.75701552,0.506
105640.317079,-0.547410435,0.018766193,6.75513486,0.506
105640.321247,-0.547760435,0.0068491762,7.16458729,0.506
105640.325416,-0.540793387,0.0369095247,7.16256723,0.506
105640.329584,-0.531694399,0.0636441452,7.16307509,0.506
105640.333753,-0.553882097,0.0334840941,8.05170382,0.506
105640.337921,-0.533180371,0.0573275713,8.05023793,0.506
105640.342089,-0.536995793,0.0379109576,9.14064515,0.506
105640.346258,-0.509873378,0.0630263692,9.13180131,0.506
105640.350426,-0.492794583,0.0890332029,9.14115779,0.506
105640.354595,-0.521755085,0.0527690964,9.70829041,0.506
105640.358763,-0.498763163,0.0606506559,9.70868912,0.506
105640.362932,-0.542536029,0.0126869899,9.40357589,0.506
105640.367100,-0.513542276,-0.0141429995,9.3975273,0.506
105640.371268,-0.556773103,0.00602176773,11.3597167,0.506
105640.375437,-0.516387523,-0.00440500761,11.3526561,0.506
105640.379605,-0.499448677,-0.0294362315,11.3745892,0.506
105640.383774,-0.539043082,-0.0179689708,14.2953559,0.506
105640.387942,-0.507359315,-0.0320220865,14.2700185,0.506
105640.392110,-0.55270771,0.00498243393,12.924745,0.506
105640.396279,-0.526298838,-0.0215736935,12.9208806,0.506
105640.400447,-0.514722931,-0.00931306527,12.926922,0.506
105640.404616,-0.555399784,0.0221686849,9.69329644,0.506
105640.408784,-0.531095752,0.0249910941,9.68616058,0.506
105640.412952,-0.566301216,0.0360307354,7.95688143,0.506
105640.417121,-0.558364262,0.0410995277,7.95796554,0.506
105640.421289,-0.568480046,0.0278605115,7.05245726,0.506
105640.425458,-0.576805151,0.0280886975,7.05127257,0.506
105640.429626,-0.5781069,0.0191942631,7.05006898,0.506
105640.433794,-0.587490159,0.0244072147,6.69875321,0.506
105640.437963,-0.574316014,0.0175541115,6.69955848,0.506
105640.442131,-0.604282834,0.0197700614,6.84775829,0.506
105640.446300,-0.592059147,0.0193077156,6.84859589,0.506
105640.450468,-0.610843831,0.0127760366,6.84777938,0.506
105640.454637,-0.611269922,0.0363575004,7.38633114,0.506
105640.458805,-0.618319581,0.0443446748,7.38632151,0.506
105640.462973,-0.608312097,0.0430607311,8.34144685,0.506
105640.467142,-0.620143772,0.032818553,8.33882102,0.506
105640.471310,-0.615161499,0.0345213695,10.7279606,0.506
105640.475479,-0.633405117,0.0279826672,10.7373511,0.506
105640.479647,-0.676830932,0.00215561174,10.7454684,0.506
105640.483815,-0.641329769,0.0399562051,22.2913001,0.506
105640.487984,-0.674282052,0.051640281,22.2342584,0.506
105640.492152,-0.624162481,0.0605948435,76.9650372,0.506
105640.496321,-0.641147896,0.0784608,75.1301831,0.506
105640.500489,-0.678000408,0.110798308,68.5854552,0.506
105640.504658,-0.611752335,0.0890753687,17.1845861,0.506
105640.508826,-0.644078883,0.140688059,17.2497539,0.506
105640.512994,-0.591163731,0.0934091321,9.46928468,0.506
105640.517163,-0.610182023,0.133617084,9.47721249,0.506
105640.521331,-0.586032221,0.0794992808,6.73006262,0.506
105640.525500,-0.581431747,0.0963227629,6.72990711,0.506
105640.529668,-0.591636048,0.0820171648,6.73196197,0.506
105640.533836,-0.566167224,0.0659589007,6.02405601,0.506
105640.538005,-0.554989728,0.0268729454,6.02309448,0.506
105640.542173,-0.556888834,0.0494622875,6.83438353,0.506
105640.546342,-0.536413703,-0.0119384894,6.82864356,0.506
105640.550510,-0.519871061,-0.034754357,6.82751716,0.506
105640.554678,-0.545218686,-0.00417410358,9.98473233,0.506
105640.558847,-0.527564983,-0.0400140485,9.99539465,0.506
105640.563015,-0.551660193,0.00914681834,18.2677912,0.506
105640.567184,-0.543396469,-0.0240491135,18.2961061,0.506
105640.571352,-0.574487019,0.0262195776,23.6687485,0.506
105640.575520,-0.56926414,0.018592287,23.7245724,0.506
105640.579689,-0.572250048,0.0118129133,23.6616721,0.506
105640.583857,-0.587458672,0.0372850072,19.5208478,0.506
105640.588026,-0.615584767,0.0309381525,19.5035648,0.506
105640.592194,-0.595225262,0.0489723435,14.4505309,0.506
105640.596363,-0.626160815,0.0559861809,14.4445656,0.506
105640.600531,-0.658744605,0.059357483,14.463784,0.506
105640.604699,-0.622996205,0.0445908093,9.96470518,0.506
105640.608868,-0.656430927,0.0517598464,9.9686071,0.506
105640.613036,-0.60252142,0.0471742266,7.11543743,0.506
105640.617205,-0.618322236,0.0540760165,7.1162767,0.506
105640.621373,-0.578102045,0.0521220474,6.01844982,0.506
105640.625541,-0.578151545,0.0625956199,6.01945,0.506
105640.629710,-0.552909075,0.0691179416,6.01875149,0.506
105640.633878,-0.540544801,0.0486503231,6.19401303,0.506
105640.638047,-0.511022592,0.0426355182,6.19518623,0.506
105640.642215,-0.537281073,0.0358070297,7.59974287,0.506
105640.646383,-0.498051481,0.0273648851,7.59525045,0.506
105640.650552,-0.453667977,0.00385646751,7.593819,0.506
105640.654720,-0.512800107,0.0101136257,12.4574717,0.506
105640.658889,-0.444725372,0.00642589281,12.4697224,0.506
105640.663057,-0.508504739,0.0200662563,64.6451,0.506
105640.667226,-0.467087392,0.0155049793,64.1912297,0.506
105640.671394,-0.42515005,0.00815659356,61.8095174,0.506
105640.675562,-0.505626604,0.00928577891,17.0585218,0.506
105640.679731,-0.479125996,-0.00597524638,17.0742786,0.506
105640.683899,-0.532629619,0.0099053662,9.29211978,0.506
105640.688068,-0.511349631,0.0148597891,9.29317191,0.506
105640.692236,-0.558765244,0.0140433076,7.17092499,0.506
105640.696404,-0.531825916,0.00872060698,7.17069281,0.506
105640.700573,-0.547065959,-0.0025617747,7.17082842,0.506
105640.704741,-0.566166288,-0.00612239577,6.37342592,0.506
105640.708910,-0.554322549,0.00703058607,6.3736481,0.506
105640.713078,-0.570994668,0.0223561961,6.05352991,0.506
105640.717246,-0.554863608,0.0397947821,6.05346443,0.506
105640.721415,-0.567753836,0.0176610759,6.05297348,0.506
105640.725583,-0.568586365,0.0298386469,6.20986118,0.506
105640.729752,-0.577607061,0.0112586095,6.21066565,0.506
105640.733920,-0.577651674,0.012886487,6.57005485,0.506
105640.738089,-0.586778334,0.00512890531,6.56741348,0.506
105640.742257,-0.583145918,0.0109229552,7.38730481,0.506
105640.746425,-0.593591538,0.0119435445,7.38611555,0.506
105640.750594,-0.623382986,0.00916310677,7.3892206,0.506
105640.754762,-0.581690523,0.0421763085,8.3808459,0.506
105640.758931,-0.613079796,0.0449627653,8.38648033,0.506
105640.763099,-0.571597035,0.0533726257,10.8837863,0.506
105640.767267,-0.592927647,0.072000246,10.8915747,0.506
105640.771436,-0.585292531,0.0861614805,10.8896688,0.506
105640.775604,-0.568643161,0.0672223987,16.7876089,0.506
105640.779773,-0.570179856,0.0997658055,16.7857374,0.506
105640.783941,-0.554548077,0.0425964,31.6301672,0.506
105640.788109,-0.567801015,0.073223541,31.2605347,0.506
105640.792278,-0.543508204,0.0416554338,45.8648079,0.506
105640.796446,-0.560607484,0.0558758202,45.0049265,0.506
105640.800615,-0.554852982,0.0748875085,44.7274807,0.506
105640.804783,-0.562127755,0.0457187913,39.7432006,0.506
105640.808951,-0.542139653,0.0462196092,39.4847739,0.506
105640.813120,-0.562396192,0.0374946005,31.0247389,0.506
105640.817288,-0.554160518,0.0331186977,30.9991989,0.506
105640.821457,-0.57274099,0.0173254265,31.08027,0.506
105640.825625,-0.579357348,0.0222287263,43.4161147,0.506
105640.829793,-0.590655498,0.0317432173,43.3472081,0.506
105640.833962,-0.583649597,0.030834651,81.8457744,0.506
105640.838130,-0.603725546,0.0186218043,85.3052936,0.506
105640.842299,-0.562939786,0.0521420875,32.8803734,0.506
105640.846467,-0.600267866,0.0416837343,32.9966496,0.506
105640.850636,-0.610544962,0.0371446678,32.9113291,0.506
105640.854804,-0.586106085,0.0478535414,18.588159,0.506
105640.858972,-0.592935704,0.053650893,18.6565226,0.506
105640.863141,-0.575619825,0.0530076937,14.8791562,0.506
105640.867309,-0.562302835,0.0773013543,14.8646629,0.506
105640.871478,-0.551377582,0.093512463,14.8681806,0.506
105640.875646,-0.546062927,0.0617213586,14.8168952,0.506
105640.879814,-0.54517611,0.0700472711,14.7888413,0.506
105640.883983,-0.565341075,0.0344610073,14.4638063,0.506
105640.888151,-0.580550857,0.0144582659,14.4678557,0.506
105640.892320,-0.576273742,0.0358283335,13.0111992,0.506
105640.896488,-0.602325701,0.0196248004,13.0203581,0.506
105640.900656,-0.618193106,0.025503588,13.0367892,0.506
105640.904825,-0.595423057,0.0173258532,10.3693013,0.506
105640.908993,-0.628700213,0.030398593,10.378901,0.506
105640.913162,-0.596014052,0.0222360545,8.07150355,0.506
105640.919414,-0.628405805,0.0267563342,8.05039099,0.506
105640.925667,-0.617979109,0.0346486278,6.57861066,0.506
105640.929835,-0.609677523,0.04334097,6.57792244,0.506
105640.934004,-0.604449001,0.0464027567,5.75732012,0.506
105640.938172,-0.593834337,0.0298361667,5.75818784,0.506
105640.942341,-0.588042014,0.0197843291,5.44994356,0.506
105640.946509,-0.592679233,0.0155826052,5.4528088,0.506
105640.950677,-0.581367638,0.0254249452,5.45285285,0.506
105640.954846,-0.580935277,-0.00200507943,5.47775424,0.506
105640.959014,-0.587252415,0.00454454226,5.47547683,0.506
105640.963183,-0.581593585,0.00357211934,5.73549595,0.506
105640.967351,-0.585192826,-0.00912688184,5.73579175,0.506
105640.971519,-0.571733283,-0.0224949287,5.73651938,0.506
105640.975688,-0.578593373,-0.00582040151,6.22022559,0.506
105640.979856,-0.565087892,-0.0145050977,6.21994723,0.506
105640.984025,-0.580911177,-0.019485044,6.88649796,0.506
105640.988193,-0.565142928,-0.0178586134,6.88757997,0.506
105640.992362,-0.586555991,0.00825714141,7.73637259,0.506
105640.996530,-0.568002852,0.00580754719,7.73646226,0.506
105641.000698,-0.549204891,0.0123825615,7.73383121,0.506
105641.004867,-0.56136306,0.0261012345,9.25790434,0.506
105641.009035,-0.546316091,0.0224668039,9.25791209,0.506
105641.013204,-0.564339937,0.0108885373,12.3058201,0.506
105641.017372,-0.538505866,0.0155891658,12.3307705,0.506
105641.021540,-0.511245823,0.0308175801,12.3367098,0.506
105641.025709,-0.538725221,0.0219817082,19.3648268,0.506
105641.029877,-0.507045874,0.0364027445,19.3658873,0.506
105641.034046,-0.540164137,0.0137607573,32.599225,0.506
105641.038214,-0.506249544,0.0115485202,32.399796,0.506
105641.042382,-0.482951849,0.00881883741,32.2328768,0.506
105641.046551,-0.530332746,0.0165826021,20.9070142,0.506
105641.050719,-0.481969707,0.0220333244,20.7711914,0.506
105641.054888,-0.538042589,0.0167158627,12.212363,0.506
105641.059056,-0.503195481,0.00881005111,12.2237158,0.506
105641.063225,-0.527749105,0.016403874,8.41444473,0.506
105641.067393,-0.507740885,0.0307667852,8.4192365,0.506
105641.071561,-0.488047622,0.0149961222,8.42436716,0.506
105641.075730,-0.521229272,0.00975386867,6.50559766,0.506
105641.079898,-0.516268714,0.00485952342,6.50881831,0.506
105641.084067,-0.541723581,0.0168029518,5.62535777,0.506
105641.088235,-0.531401876,0.000106505436,5.6252645,0.506
105641.092403,-0.538530848,-0.00830540448,5.6262451,0.506
105641.096572,-0.552960677,0.0188747331,5.317712,0.506
105641.100740,-0.555682425,0.0139711294,5.31810144,0.506
105641.104909,-0.559487429,0.0176490395,5.39374424,0.506
105641.109077,-0.579428895,0.00378702094,5.39324989,0.506
105641.113245,-0.558769522,0.0474804911,5.83534562,0.506
105641.117414,-0.57691558,0.0453205012,5.83409973,0.506
105641.121582,-0.590781519,0.0402495305,5.83270501,0.506
105641.125751,-0.578180379,0.0458121493,6.82914494,0.506
105641.129919,-0.575403749,0.0409755615,6.8281609,0.506
105641.134088,-0.577687551,0.0111064828,8.52255319,0.506
105641.138256,-0.595662422,0.0249413181,8.51557242,0.506
105641.142424,-0.611791395,0.0471742812,8.51118596,0.506
105641.146593,-0.584296843,0.027382612,12.4698466,0.506
105641.150761,-0.606912358,0.0301138434,12.5256957,0.506
105641.154930,-0.584486253,0.0541497165,23.5615474,0.506
105641.159098,-0.602550382,0.0517222672,23.5994366,0.506
105641.163266,-0.546699451,0.0516265504,47.441934,0.506
105641.167435,-0.578783715,0.0724837727,47.7846319,0.506
105641.171603,-0.613789976,0.0612383863,46.2687145,0.506
105641.175772,-0.564622785,0.0464007896,17.816377,0.506
105641.179940,-0.590134145,0.0471101986,17.764325,0.506
105641.184108,-0.55293656,0.0397752194,10.443336,0.506
105641.188277,-0.574615248,0.0453891117,10.4511725,0.506
105641.192445,-0.604881393,0.0303433021,10.4721754,0.506
105641.196614,-0.553093582,0.0353599532,7.81351,0.506
105641.200782,-0.550768246,0.0659348986,7.81557174,0.506
105641.204950,-0.54566332,0.0590656036,6.61085168,0.506
105641.209119,-0.562432096,0.0613059116,6.60809544,0.506
105641.213287,-0.525978283,0.0595581038,6.14844378,0.506
105641.217456,-0.519364861,0.0741160811,6.15167431,0.506
105641.221624,-0.533172466,0.0783704375,6.147557,0.506
105641.225793,-0.522892792,0.048699131,6.03068961,0.506
105641.229961,-0.51419499,0.0321922459,6.03098837,0.506
105641.234129,-0.531864111,0.014249251,6.29476257,0.506
105641.238298,-0.543465622,-0.0107462905,6.29593598,0.506
105641.242466,-0.557882645,-0.0543784155,6.29527727,0.506
105641.246635,-0.546615211,0.0159874236,6.55924125,0.506
105641.250803,-0.552949434,-0.0182165554,6.56181767,0.506
105641.254971,-0.550600676,0.0290108569,6.49204153,0.506
105641.259140,-0.550704331,0.0475225104,6.48827623,0.506
105641.263308,-0.535067791,0.0379473364,6.5501737,0.506
105641.267477,-0.542222064,0.0546973544,6.54829374,0.506
105641.271645,-0.527079198,0.0809424687,6.54873632,0.506
105641.275813,-0.531927974,0.069434925,6.81249979,0.506
105641.279982,-0.520161859,0.0656610515,6.81180076,0.506
105641.284150,-0.539060477,0.0542012939,7.40031681,0.506
105641.288319,-0.503879813,0.0426911928,7.39051467,0.506
105641.292487,-0.506085278,0.057714848,7.39387752,0.506
105641.296655,-0.509199337,0.0126752128,8.54801348,0.506
105641.300824,-0.467603627,0.0081348086,8.56121316,0.506
105641.304992,-0.494555526,0.0152674499,12.7209701,0.506
105641.309161,-0.45159419,-0.0061463567,12.7544978,0.506
105641.313329,-0.493793912,0.0160837106,37.5864068,0.506
105641.317498,-0.458060416,-0.0059638555,37.2995684,0.506
105641.321666,-0.413346936,-0.0218348887,37.0476815,0.506
105641.325834,-0.481264615,-0.0182194164,20.131369,0.506
105641.330003,-0.43794147,-0.02312167,20.2991041,0.506
105641.334171,-0.498001221,0.0007673514,9.10558382,0.506
105641.338340,-0.461532803,0.0013143666,9.10399647,0.506
105641.342508,-0.435513996,-0.0122407175,9.10549257,0.506
105641.346676,-0.501275988,0.00168859403,6.57666515,0.506
105641.350845,-0.465899719,0.00987591819,6.57795906,0.506
105641.355013,-0.511937383,0.00860492154,5.5813803,0.506
105641.359182,-0.498190202,0.0148070123,5.58134925,0.506
105641.363350,-0.489524901,0.00613363417,5.58161521,0.506
105641.367519,-0.53057991,0.00463136751,5.24813999,0.506
105641.371687,-0.533463459,-0.00250102035,5.2482405,0.506
105641.375855,-0.521274534,0.0176977422,5.28653031,0.506
105641.380024,-0.540391985,0.0167789513,5.28559729,0.506
105641.384192,-0.507853132,0.022038655,5.6470306,0.506
105641.388361,-0.535213348,0.0338710691,5.64637643,0.506
105641.392529,-0.541647732,0.0436047864,5.64739638,0.506
105641.396697,-0.525987977,0.0439853438,6.36762234,0.506
105641.400866,-0.529959889,0.0375037238,6.36634443,0.506
105641.405034,-0.527033259,0.027967793,7.305529,0.506
105641.409203,-0.510372006,0.0387386401,7.30887956,0.506
105641.413371,-0.543788981,0.0357086421,7.3032258,0.506
105641.417539,-0.5248419,0.0433735515,8.4309222,0.506
105641.421708,-0.519804231,0.0533735968,8.43519654,0.506
105641.425876,-0.513214594,0.0469299295,10.1553219,0.506
105641.430045,-0.508748156,0.0549743524,10.145895,0.506
105641.434213,-0.521056069,0.0626167218,11.8416221,0.506
105641.438381,-0.501728596,0.0528885394,11.8585752,0.506
105641.442550,-0.522242287,0.0695432544,11.8477099,0.506
105641.446718,-0.516473589,0.057013229,13.2163506,0.506
105641.450887,-0.504518322,0.0481089002,13.231111,0.506
105641.455055,-0.523602451,0.0451160888,14.0726819,0.506
105641.459224,-0.526351103,0.0568955029,14.0696752,0.506
105641.463392,-0.524729861,0.0625968886,14.0759336,0.506
105641.467560,-0.531534007,0.0649929075,15.2721967,0.506
105641.471729,-0.541656311,0.0618099849,15.2918669,0.506
105641.475897,-0.533072036,0.0628743612,17.3495119,0.506
105641.480066,-0.562809579,0.0734084946,17.2984452,0.506
105641.484234,-0.541248408,0.0617428321,19.243284,0.506
105641.488402,-0.559111947,0.069345214,19.2053368,0.506
105641.492571,-0.571389363,0.0712389658,19.2420093,0.506
105641.496739,-0.542456255,0.0519308757,19.5604776,0.506
105641.500908,-0.570122305,0.0685125396,19.5500441,0.506
105641.505076,-0.536320294,0.0581985632,18.8703714,0.506
105641.509245,-0.54392965,0.0517815058,18.8577192,0.506
105641.513413,-0.567835407,0.0598892493,18.8220174,0.506
105641.517581,-0.545440483,0.0525319706,17.3104806,0.506
105641.521750,-0.550853506,0.0431070281,17.3571682,0.506
105641.525918,-0.558366621,0.0419648874,16.5619056,0.506
105641.530087,-0.559795724,0.0413070407,16.5582998,0.506
105641.534255,-0.536248969,0.0502462326,15.6111965,0.506
105641.538423,-0.548828599,0.0589916658,15.5570957,0.506
105641.542592,-0.534969232,0.0479028286,15.5722625,0.506
105641.546760,-0.519932836,0.0592354445,14.9285043,0.506
105641.550929,-0.534400456,0.0518416481,14.9588495,0.506
105641.555097,-0.548950251,0.0494736488,14.9206094,0.506
105641.559265,-0.531854404,0.0346817435,14.9530953,0.506
105641.563434,-0.52021769,0.044472732,14.9279062,0.506
105641.567602,-0.547614622,0.0280883648,17.0693723,0.506
105641.571771,-0.525795885,0.0272016178,17.0939379,0.506
105641.575939,-0.535006419,0.0157655612,20.4266215,0.506
105641.580107,-0.538688886,0.0405732334,20.3936792,0.506
105641.584276,-0.548939889,0.0329524211,23.8433795,0.506
105641.588444,-0.537732946,0.0453424993,23.8367555,0.506
105641.592613,-0.530098252,0.0428336842,23.8220891,0.506
105641.596781,-0.547991147,0.036655629,23.7342383,0.506
105641.600949,-0.540669242,0.0341487405,23.7296349,0.506
105641.605118,-0.549906575,0.0302583266,21.0632325,0.506
105641.609286,-0.53916819,0.020379581,21.0047885,0.506
105641.613455,-0.536983602,0.0268776807,21.0352726,0.506
105641.617623,-0.541157154,0.0154469332,20.3058,0.506
105641.621792,-0.549326589,-0.0117680736,20.3897008,0.506
105641.625960,-0.534299942,0.00138781869,21.692723,0.506
105641.630128,-0.545802648,-0.0429759872,21.6972721,0.506
105641.634297,-0.544995547,0.00556953435,17.0904248,0.506
105641.638465,-0.543134673,-0.0252678347,17.0368668,0.506
105641.642634,-0.562258481,-0.0201113118,17.0275294,0.506
105641.646802,-0.545109139,-0.00325179462,12.1388738,0.506
105641.650970,-0.556468867,0.0189670789,12.1410944,0.506
105641.655139,-0.529245944,0.0765537192,10.7906687,0.506
105641.659307,-0.560478685,0.055742726,10.7947204,0.506
105641.663476,-0.56718265,0.0869757481,10.7891929,0.506
105641.667644,-0.55327027,0.0785588738,11.3836949,0.506
105641.671813,-0.553456472,0.132710628,11.3758805,0.506
105641.675981,-0.534453285,0.0630776183,12.171922,0.506
105641.680149,-0.516652247,0.0898775927,12.1676331,0.506
105641.684318,-0.527652713,0.0582223193,11.5174578,0.506
105641.688486,-0.510247347,0.0517774963,11.5200226,0.506
105641.692654,-0.485921167,0.0462721116,11.5287339,0.506
105641.696823,-0.529706866,-0.0043480411,12.623021,0.506
105641.700991,-0.493594872,-0.0106320685,12.6370528,0.506
105641.705160,-0.513424435,0.0197618677,21.9009614,0.506
105641.709328,-0.495633825,-0.0128396188,21.9243794,0.506
105641.713497,-0.471152083,-0.00744038988,22.00595,0.506
105641.717665,-0.50041037,0.0165862616,60.0056146,0.506
105641.721833,-0.478798997,-0.00818775281,59.2045193,0.506
105641.726002,-0.526566155,0.0379194824,36.608205,0.506
105641.730170,-0.528236493,0.0190556866,36.7831589,0.506
105641.734339,-0.548440613,0.032039553,36.9984606,0.506
105641.738507,-0.552463182,0.0396725344,35.652581,0.506
105641.742675,-0.566532883,0.0585048404,35.8766855,0.506
105641.746844,-0.540787439,0.0616375163,60.9566796,0.506
105641.751012,-0.568277186,0.0731915866,60.6386583,0.506
105641.755181,-0.545792994,0.0439366221,53.7121522,0.506
105641.759349,-0.548998225,0.0482762195,54.8475972,0.506
105641.763518,-0.56730823,0.0695777646,52.5007215,0.506
105641.767686,-0.536784552,0.0549981486,31.6692466,0.506
105641.771854,-0.50754392,0.0551381434,32.1246734,0.506
105641.776023,-0.534635064,0.0437798211,29.5107451,0.506
105641.780191,-0.511128167,0.0596169402,29.1770336,0.506
105641.784360,-0.527323899,0.0558382479,29.5326269,0.506
105641.788528,-0.518964592,0.0299284489,28.3567499,0.506
105641.792696,-0.539934081,0.0108694481,28.1635549,0.506
105641.796865,-0.522323692,0.0192056882,38.2825786,0.506
105641.801033,-0.554964963,-0.00106237132,38.4058861,0.506
105641.805202,-0.51326714,0.0336070935,45.0548097,0.506
105641.809370,-0.532977546,0.0223211521,45.3509653,0.506
105641.813538,-0.535336321,0.00319786846,45.592017,0.506
105641.817707,-0.508413138,0.0538259011,33.4157607,0.506
105641.821875,-0.532587573,0.0660634056,32.6321114,0.506
105641.826044,-0.532175597,0.0418672233,53.3649465,0.506
105641.830212,-0.524730439,0.0810885815,54.6202857,0.506
105641.834381,-0.525363267,0.089304971,55.1508583,0.506
105641.838549,-0.549157865,0.0559069508,48.5697701,0.506
105641.842717,-0.531539294,0.0591861466,49.1755554,0.506
105641.846886,-0.548818288,0.0538452843,28.3614476,0.506
105641.851054,-0.528884619,0.0681143669,28.2687311,0.506
105641.855223,-0.559369939,0.0341673443,18.4195148,0.506
105641.859391,-0.543782819,0.037449235,18.4623331,0.506
105641.863559,-0.565435619,0.0476128372,18.362327,0.506
105641.867728,-0.532470874,0.0387648258,15.722543,0.506
105641.871896,-0.548800091,0.0360210706,15.7334259,0.506
105641.876065,-0.521903221,0.0340923267,14.2135929,0.506
105641.880233,-0.520087117,0.054339949,14.1798467,0.506
105641.884401,-0.529408151,0.0671091505,14.17412,0.506
105641.888570,-0.506245006,0.048230618,12.7591964,0.506
105641.892738,-0.512078595,0.0576462385,12.7905907,0.506
105641.896907,-0.52254247,0.033727893,11.8558347,0.506
105641.901075,-0.520960053,0.0370865801,11.8626116,0.506
105641.905244,-0.515233545,0.0419933287,12.2934115,0.506
105641.909412,-0.538969147,0.0408453663,12.330152,0.506
105641.913580,-0.537006276,0.021097482,12.3288523,0.506
105641.917749,-0.55166001,0.0383133473,12.2913961,0.506
105641.921917,-0.544043912,0.0409043338,12.2584791,0.506
105641.926085,-0.543767333,0.0401865138,11.0553619,0.506
105641.930254,-0.542771907,0.052900614,11.0831584,0.506
105641.934422,-0.550374201,0.0658400171,11.0684675,0.506
105641.938591,-0.541744134,0.0409758459,9.56015426,0.506
105641.942759,-0.546622929,0.0366428672,9.56066624,0.506
105641.946928,-0.54925173,0.0451925018,8.97579817,0.506
105641.951096,-0.52768677,0.0398732251,8.98973299,0.506
105641.955264,-0.538757627,0.0422520509,9.06701563,0.506
105641.959433,-0.538993333,0.0376008872,9.0700613,0.506
105641.963601,-0.54638442,0.0300520272,9.04966512,0.506
105641.967770,-0.557091221,0.0468471923,8.88216132,0.506
105641.971938,-0.533298395,0.0400891092,8.89259916,0.506
105641.976106,-0.545875544,0.038564458,8.61306506,0.506
105641.980275,-0.537090791,0.0409116468,8.60664889,0.506
105641.984443,-0.53031554,0.0252780556,8.60368616,0.506
105641.988612,-0.54130426,0.0349998451,8.81774333,0.506
105641.992780,-0.534930218,0.0258014433,8.80598613,0.506
105641.996949,-0.542693985,0.0389738529,9.18226681,0.506
105642.001117,-0.50998351,0.0295750101,9.17465174,0.506
105642.005285,-0.545181575,0.0320302908,9.49047887,0.506
105642.009454,-0.520590622,0.0495961132,9.49412009,0.506
105642.013622,-0.504479429,0.0238539155,9.49058663,0.506
105642.017791,-0.522489293,0.0253648995,10.529482,0.506
105642.021959,-0.496796916,0.0221688714,10.5186647,0.506
105642.026127,-0.498124467,0.0285077147,12.2059101,0.506
105642.030296,-0.463716042,6.09955494e-05,12.1991417,0.506
105642.034464,-0.454316021,0.0188108453,12.1775655,0.506
105642.038633,-0.472783971,-0.0190739272,11.15032,0.506
105642.042801,-0.445855371,-0.04936496,11.211621,0.506
105642.046969,-0.505475296,-0.0120796545,9.94261537,0.506
105642.051138,-0.476972649,-0.0479585184,9.9426219,0.506
105642.055306,-0.489207488,0.00842821617,8.62616135,0.506
105642.059475,-0.509141711,-0.00451524984,8.62560484,0.506
105642.063643,-0.497760515,0.00832955654,8.62652999,0.506
105642.067811,-0.506705548,0.00416131925,7.40465209,0.506
105642.071980,-0.518252678,0.00447614618,7.40727209,0.506
105642.076148,-0.507160016,0.0231951094,6.71813139,0.506
105642.080317,-0.528913173,0.0049501799,6.71426497,0.506
105642.084485,-0.507072115,0.0140884282,6.71881811,0.506
105642.088654,-0.504469697,-0.00285475778,6.23628123,0.506
105642.092822,-0.558388035,-0.0211710335,6.23484157,0.506
105642.096990,-0.531363581,0.000275703375,5.78618365,0.506
105642.101159,-0.532610712,0.011536642,5.78527012,0.506
105642.105327,-0.508886055,0.0280723738,5.78604253,0.506
105642.109496,-0.528252437,0.00900411192,5.65495087,0.506
105642.113664,-0.553367338,0.0185531574,5.65565527,0.506
105642.117832,-0.530774195,0.0211290812,5.69934518,0.506
105642.122001,-0.576181451,-0.00375039226,5.69984204,0.506
105642.126169,-0.5463625,0.0128882952,6.01667062,0.506
105642.130338,-0.577925877,-0.0248781548,6.01531131,0.506
105642.134506,-0.573740708,-0.0144312522,6.01603493,0.506
105642.138675,-0.568985423,-0.00927673353,6.40092964,0.506
105642.142843,-0.579711777,-0.0187987949,6.39976224,0.506
105642.147011,-0.568361812,-0.00588598722,6.53653144,0.506
105642.151180,-0.587666321,-0.0255815598,6.53519408,0.506
105642.155348,-0.586653054,-0.0186757023,6.53625165,0.506
105642.159517,-0.573770245,-0.00363352713,6.39162524,0.506
105642.163685,-0.605880577,0.0118585616,6.38908835,0.506
105642.167853,-0.575468298,0.0208114484,6.55343609,0.506
105642.172022,-0.59451178,0.0457066185,6.55874207,0.506
105642.176190,-0.587267936,0.0500771019,7.54881256,0.506
105642.180359,-0.603873124,0.0602080169,7.54828938,0.506
105642.184527,-0.623028401,0.0932190033,7.55390008,0.506
105642.188695,-0.596705803,0.0453248764,10.2962991,0.506
105642.192864,-0.63294644,0.0651479959,10.3061769,0.506
105642.197032,-0.588369914,0.0412339323,16.0300057,0.506
105642.201201,-0.609507502,0.0687326245,16.0196996,0.506
105642.205369,-0.625461371,0.0813134458,15.9880902,0.506
105642.209537,-0.595310547,0.0471287423,25.8378902,0.506
105642.213706,-0.581679483,0.0584055894,25.8111406,0.506
105642.217874,-0.593539518,0.0438848788,42.9376509,0.506
105642.222043,-0.609029331,0.028237557,42.2547023,0.506
105642.226211,-0.577243713,0.0211452352,30.9095682,0.506
105642.230380,-0.591003442,0.0472258015,30.694755,0.506
105642.234548,-0.572793082,0.0273213881,30.7841572,0.506
105642.238716,-0.568520987,0.0495440824,25.8047718,0.506
105642.242885,-0.575309735,0.0383750431,25.7350432,0.506
105642.247053,-0.583330296,0.0304409725,26.2093618,0.506
105642.251222,-0.583596114,-0.000999325233,26.1380288,0.506
105642.255390,-0.596534979,-0.00295714391,26.1140239,0.506
105642.259558,-0.5922672,-0.00242976384,16.4719497,0.506
105642.263727,-0.6207004,-0.0103654611,16.4636866,0.506
105642.267895,-0.601836663,0.0194663187,11.1400333,0.506
105642.272064,-0.633810913,-0.0129303999,11.0920309,0.506
105642.276232,-0.63825984,0.051253056,8.67594506,0.506
105642.280400,-0.604076902,0.0730682106,8.68464354,0.506
105642.284569,-0.640619766,0.103456068,8.69525071,0.506
105642.288737,-0.636076982,0.0914618349,9.9423145,0.506
105642.292906,-0.620450742,0.128177874,9.95332451,0.506
105642.297074,-0.633270543,0.0884879485,12.8077,0.506
105642.301243,-0.620267974,0.0919208505,12.8199166,0.506
105642.305411,-0.637957435,0.128872862,12.7975739,0.506
105642.309579,-0.619601083,0.070777326,12.328925,0.506
105642.313748,-0.636069945,0.0915127526,12.3233569,0.506
105642.317916,-0.649325343,0.0565565734,9.95115713,0.506
105642.322085,-0.627701431,0.0377644434,9.96939036,0.506
105642.326253,-0.646482954,0.020210175,8.62407878,0.506
105642.330421,-0.658413788,0.0218511471,8.62649811,0.506
105642.334590,-0.647993133,0.00168472505,8.63396086,0.506
105642.338758,-0.642816581,-0.000519097729,8.40911904,0.506
105642.342927,-0.643269362,-0.0153533299,8.4132239,0.506
105642.347095,-0.634960637,-0.00745971504,8.79593429,0.506
105642.351263,-0.641168352,-0.0249175732,8.79346028,0.506
105642.355432,-0.62278009,-0.0578231004,8.79471135,0.506
105642.359600,-0.63183587,-0.0176627172,9.53257733,0.506
105642.363769,-0.605760869,-0.03111678,9.53208574,0.506
105642.367937,-0.62896025,0.0144929316,10.4010508,0.506
105642.372105,-0.610397471,0.00840851595,10.395445,0.506
105642.376274,-0.615396201,0.0225598441,13.8204456,0.506
105642.380442,-0.586768602,0.00261447529,13.7977111,0.506
105642.384611,-0.56161412,0.0045537484,13.8405085,0.506
105642.388779,-0.598653561,0.00134129461,26.1632806,0.506
105642.392948,-0.579824867,-0.0301128659,26.227268,0.506
105642.397116,-0.613303213,0.0140823969,25.3671774,0.506
105642.401284,-0.603877998,0.000832989596,25.2442248,0.506
105642.405453,-0.583763792,-0.0064944984,25.2829419,0.506
105642.409621,-0.609640728,0.00435656664,18.5891718,0.506
105642.413790,-0.609396576,0.00519883504,18.588042,0.506
105642.417958,-0.622170114,0.00803173218,17.0515572,0.506
105642.422126,-0.636751285,0.018117625,17.0487444,0.506
105642.426295,-0.630600659,0.006540051,17.0477745,0.506
105642.430463,-0.637181391,0.0122704567,18.1800875,0.506
105642.434632,-0.655298485,0.0167787643,18.175078,0.506
105642.438800,-0.6390113,0.0257087012,21.5791823,0.506
105642.442968,-0.628142145,0.0396261276,21.5978598,0.506
105642.447137,-0.631201032,0.0197845723,27.9191116,0.506
105642.451305,-0.610945316,0.0345897459,27.9388508,0.506
105642.455474,-0.631260042,0.0582461708,27.8418314,0.506
105642.459642,-0.611501938,0.0229158784,22.6624787,0.506
105642.463811,-0.620792875,0.0324657317,22.6624169,0.506
105642.467979,-0.618469352,0.0117038462,17.7550688,0.506
105642.472147,-0.61759699,0.00253067807,17.7789649,0.506
105642.476316,-0.632655659,0.00563899451,17.7963663,0.506
105642.480484,-0.617521152,-0.0166855583,17.9784523,0.506
105642.484653,-0.619741135,-0.0139346657,17.9985283,0.506
105642.488821,-0.622778038,-0.0125797376,23.1267533,0.506
105642.492989,-0.602928523,-0.0191672463,23.2502094,0.506
105642.497158,-0.589571435,0.00168205317,21.8958306,0.506
105642.501326,-0.580187892,-0.00254545282,21.8959968,0.506
105642.505495,-0.561529513,-0.0158629915,21.8645501,0.506
105642.509663,-0.574009125,-0.0190507903,14.8589089,0.506
105642.513831,-0.577345619,-0.0326263358,14.8348869,0.506
105642.518000,-0.587311049,-0.0217010222,11.5364658,0.506
105642.522168,-0.572482109,-0.0215445121,11.5203791,0.506
105642.526337,-0.600357166,-0.0635855971,11.5400597,0.506
105642.530505,-0.59312816,-0.016609227,9.67321454,0.506
105642.534673,-0.588968719,0.000208789032,9.66570695,0.506
105642.538842,-0.586780903,-0.0157196721,9.3181488,0.506
105642.543010,-0.598399949,-0.0406367316,9.3232893,0.506
105642.547179,-0.596187367,-0.026865436,8.84697323,0.506
105642.551347,-0.60127398,-0.0192529344,8.84632537,0.506
105642.555516,-0.626365697,-0.0185375334,8.84970123,0.506
105642.559684,-0.598967239,0.0103214103,9.86802924,0.506
105642.563852,-0.629833201,0.0168304624,9.8805496,0.506
105642.568021,-0.605531901,-0.0078626097,13.2211218,0.506
105642.572189,-0.628305424,0.0187706377,13.2476105,0.506
105642.576358,-0.642266085,0.0638269046,13.24344,0.506
105642.580526,-0.614344615,0.0239544596,26.2173716,0.506
105642.584694,-0.636058229,0.0412718073,26.3453872,0.506
105642.588863,-0.593808858,0.00655917354,28.2631759,0.506
105642.593031,-0.608113185,0.0373485549,28.2417955,0.506
105642.597200,-0.564103834,-0.0123902464,15.4732649,0.506
105642.601368,-0.56144605,-0.000146222914,15.5078041,0.506
105642.605536,-0.576252947,-0.00394402243,15.512183,0.506
105642.609705,-0.558671881,-0.0107474012,12.9152778,0.506
105642.613873,-0.559516536,-0.0245883045,12.9241587,0.506
105642.618042,-0.542036311,-0.00890818582,12.6217212,0.506
105642.622210,-0.537156703,-0.00495651688,12.5916488,0.506
105642.626379,-0.531131788,-0.0112759325,12.5880423,0.506
105642.630547,-0.538559574,-0.0170625473,13.8483142,0.506
105642.634715,-0.533433042,-0.0161200789,13.8692482,0.506
105642.638884,-0.524194755,-0.0146205647,16.4174281,0.506
105642.643052,-0.540324338,-0.0230533941,16.3563974,0.506
105642.647221,-0.543446794,-0.00151797406,18.4945766,0.506
105642.651389,-0.525763374,-0.00348410992,18.4786576,0.506
105642.655557,-0.540702681,-0.00631537823,18.4767082,0.506
105642.659726,-0.553506398,0.0212379666,18.3637093,0.506
105642.663894,-0.542372482,0.00994411177,18.3272783,0.506
105642.668063,-0.548897747,0.0276616311,19.6511368,0.506
105642.672231,-0.566053124,0.0532436589,19.6314324,0.506
105642.676399,-0.561673971,0.10310985,19.5541723,0.506
105642.680568,-0.563265903,0.065825651,20.8755036,0.506
105642.684736,-0.567133184,0.0912395017,20.8025704,0.506
105642.688905,-0.549449427,0.0584381463,14.446178,0.506
105642.693073,-0.547972163,0.0665527271,14.4482487,0.506
105642.697242,-0.541579076,0.0443924731,11.1174651,0.506
105642.701410,-0.540144911,0.0474054518,11.1004296,0.506
105642.705578,-0.526290361,0.0677473682,11.1228209,0.506
105642.709747,-0.535950537,0.0311436476,9.90786828,0.506
105642.713915,-0.533772765,0.0198046568,9.90560665,0.506
105642.718084,-0.52795906,0.00785105045,11.1158646,0.506
105642.722252,-0.508531344,-0.00451329581,11.1212308,0.506
105642.726420,-0.487101926,-0.0269445766,11.125758,0.506
105642.730589,-0.527609338,-0.00611148301,15.8280164,0.506
105642.734757,-0.48837992,-0.0406779272,15.889497,0.506
105642.738926,-0.537176852,0.00258385869,23.5005866,0.506
105642.743094,-0.516316671,-0.0336738707,23.3500365,0.506
105642.747263,-0.535115576,0.018756248,19.5107504,0.506
105642.751431,-0.526773134,0.0101689676,19.4933897,0.506
105642.755599,-0.518133938,0.00666888437,19.4903644,0.506
105642.759768,-0.546462561,0.00409003412,15.0397162,0.506
105642.763936,-0.539614298,0.00647128204,15.0552657,0.506
105642.768104,-0.561323683,0.0142333934,15.0335707,0.506
105642.772273,-0.567311548,0.0048208126,15.0259596,0.506
105642.776441,-0.582053713,-0.00331357582,15.0002745,0.506
105642.780610,-0.564972988,0.0270209939,17.870544,0.506
105642.784778,-0.563075885,0.0231637539,17.916691,0.506
105642.788947,-0.541033508,0.00838751426,21.2805017,0.506
105642.793115,-0.553433886,0.0301229515,21.3285688,0.506
105642.797283,-0.533246362,0.0149027955,21.2274186,0.506
105642.801452,-0.557031928,0.00477507036,21.2418268,0.506
105642.805620,-0.534938599,-0.0168920036,21.2596669,0.506
105642.809789,-0.547635198,-0.000620423972,18.6841651,0.506
105642.813957,-0.54420456,-0.0217487683,18.7024403,0.506
105642.818125,-0.545814673,0.00172810238,15.1955172,0.506
105642.822294,-0.552783169,-0.0136496519,15.1989971,0.506
105642.826462,-0.543540304,-0.025927604,15.171706,0.506
105642.830631,-0.55749031,-0.00607069761,12.7700229,0.506
105642.834799,-0.556873652,-0.0149284546,12.7238523,0.506
105642.838967,-0.568794196,-0.00446107805,10.9937683,0.506
105642.843136,-0.552103735,0.00866590917,11.001213,0.506
105642.847304,-0.565820694,0.0186887762,11.0177615,0.506
105642.851473,-0.548242538,0.0371719748,10.9229207,0.506
105642.855641,-0.546209947,0.0409225227,10.9305604,0.506
105642.859810,-0.53784093,0.0342806454,13.9971678,0.506
105642.863978,-0.550106621,0.0132970045,13.9802772,0.506
105642.868146,-0.534221629,0.0260369955,15.2631441,0.506
105642.872315,-0.54549438,0.00505716424,15.2614462,0.506
105642.876483,-0.550201365,-0.00638988912,15.2009709,0.506
105642.880652,-0.53724422,0.022804398,13.3286123,0.506
105642.884820,-0.546297262,0.0272099077,13.3368479,0.506
105642.888988,-0.541899041,0.0261698165,13.9510415,0.506
105642.893157,-0.54319141,0.0249537508,13.9541318,0.506
105642.897325,-0.559886448,0.0446813563,13.9390205,0.506
105642.901494,-0.554531422,0.0206949903,15.955722,0.506
105642.905662,-0.533847659,0.0292297214,15.9824106,0.506
105642.909830,-0.540526776,0.0301640342,16.150061,0.506
105642.913999,-0.548256109,0.0486448193,16.1672416,0.506
105642.918167,-0.557839801,0.043648278,19.1953339,0.506
105642.922336,-0.536437429,0.0436812664,19.1801583,0.506
105642.926504,-0.53179838,0.0534671378,19.2721856,0.506
105642.930673,-0.53841995,0.0256680566,29.8154093,0.506
105642.934841,-0.513887034,0.0439032831,29.8874153,0.506
105642.939009,-0.535705781,0.0205464124,37.4603055,0.506
105642.943178,-0.538706181,0.00687447424,37.6370824,0.506
105642.947346,-0.533848311,0.00217669155,37.918683,0.506
105642.951515,-0.530215253,0.021169083,30.2665078,0.506
105642.955683,-0.544961256,0.0145328191,30.2284969,0.506
105642.959851,-0.53153162,0.00673503612,28.2448761,0.506
105642.964020,-0.540256742,-0.0055589676,27.9644914,0.506
105642.968188,-0.520203457,-0.00552649734,20.3362764,0.506
105642.972357,-0.541675253,-0.0151056258,20.4659642,0.506
105642.976525,-0.533338721,-0.00722455746,20.5018301,0.506
105642.980693,-0.540731864,-0.0143231068,15.0154258,0.506
105642.984862,-0.540022814,-0.01274906,14.974734,0.506
105642.989030,-0.521330857,0.0160625402,12.3520932,0.506
105642.993199,-0.537714136,0.0248845024,12.3452494,0.506
105642.997367,-0.539146278,0.0222433417,12.3177321,0.506
105643.001536,-0.529747907,0.0243943596,12.34658,0.506
105643.005704,-0.551456501,0.0392406536,12.3502174,0.506
105643.009872,-0.537639238,0.0230168201,13.1807941,0.506
105643.014041,-0.532484114,0.0431649364,13.2148445,0.506
105643.018209,-0.509671231,0.016150823,12.5728243,0.506
105643.022378,-0.53163022,0.0215466317,12.5650461,0.506
105643.026546,-0.523053117,0.0203431589,12.5500198,0.506
105643.030714,-0.521699771,0.00481115606,11.6874929,0.506
105643.034883,-0.507193174,0.0134717389,11.6950202,0.506
105643.039051,-0.506523844,0.00919904689,11.9838638,0.506
105643.043220,-0.505060686,0.0024794136,11.9827375,0.506
105643.047388,-0.502362052,0.00159473629,11.9781025,0.506
105643.051556,-0.503574817,0.00472015098,12.0154968,0.506
105643.055725,-0.481721026,0.0156886698,12.0142242,0.506
105643.059893,-0.494659345,0.0256443436,12.8219708,0.506
105643.064062,-0.463359191,0.018760533,12.8579141,0.506
105643.068230,-0.476910686,0.00334887183,14.2504576,0.506
105643.072399,-0.471653033,0.00327233016,14.2362884,0.506
105643.076567,-0.472666981,-0.010526194,14.2512123,0.506
105643.080735,-0.469674536,0.00255930546,17.4573175,0.506
105643.084904,-0.481704982,-0.0185465903,17.5271334,0.506
105643.089072,-0.466447193,0.0131226322,23.8413098,0.506
105643.093241,-0.463758344,-0.00430678231,23.9291194,0.506
105643.097409,-0.450631178,-0.00806643498,23.8452582,0.506
105643.101577,-0.460016346,0.0140282609,35.8567128,0.506
105643.105746,-0.461651403,0.00174469819,35.4455897,0.506
105643.109914,-0.468495,0.0322364992,39.4778701,0.506
105643.114083,-0.448900023,0.0465387967,38.9323105,0.506
105643.118251,-0.465752043,0.0300044414,21.8818538,0.506
105643.122419,-0.425503635,0.0258726579,21.7710787,0.506
105643.126588,-0.394629353,0.0570893527,21.806903,0.506
105643.130756,-0.450943061,0.0179811071,12.4239094,0.506
105643.134925,-0.420366901,0.00525349179,12.464677,0.506
105643.139093,-0.4702351,0.0200661762,9.89850533,0.506
105643.143261,-0.436537857,-0.0151359796,9.9182601,0.506
105643.147430,-0.42425278,-0.0119177779,9.922457,0.506
105643.151598,-0.445459537,-0.0212407719,9.65067139,0.506
105643.155767,-0.436067933,-0.0381437647,9.66070574,0.506
105643.159935,-0.449113305,-0.0187795982,10.2985235,0.506
105643.164104,-0.442383556,-0.0120056146,10.3092199,0.506
105643.168272,-0.421355835,-0.0552846823,10.3113677,0.506
105643.172440,-0.450216954,-0.007347674,9.53020514,0.506
105643.176609,-0.430728749,-0.0144341879,9.53237416,0.506
105643.180777,-0.458191079,-0.0104791406,8.45288087,0.506
105643.184946,-0.444811077,-0.00135111217,8.45173305,0.506
105643.189114,-0.466891608,0.0119451798,7.98196312,0.506
105643.193282,-0.478772815,0.0268440585,7.9755237,0.506
105643.197451,-0.478002199,0.0187135323,7.97846592,0.506
105643.201619,-0.4755325,0.00929819,8.38331992,0.506
105643.205788,-0.462345327,0.0576280718,8.38070416,0.506
105643.209956,-0.466008824,0.0321752202,9.24131138,0.506
105643.214124,-0.469451276,0.0631311248,9.24674957,0.506
105643.218293,-0.46355241,0.0884728975,9.24375148,0.506
105643.222461,-0.451714119,0.0456176964,10.2012444,0.506
105643.226630,-0.431686776,0.0646307795,10.1831328,0.506
105643.230798,-0.438365811,0.00743250627,9.55412751,0.506
105643.234967,-0.417058178,0.0263893296,9.55824,0.506
105643.239135,-0.438229819,0.00965802703,8.97309109,0.506
105643.243303,-0.437632632,-0.0123868279,8.9812181,0.506
105643.247472,-0.454758529,-0.0307518307,9.00502628,0.506
105643.251640,-0.465231091,-0.0180401956,10.285952,0.506
105643.255809,-0.490221253,-0.0445291664,10.2656617,0.506
105643.259977,-0.457649664,-0.00572217347,14.3733095,0.506
105643.264145,-0.466200942,-0.00688409148,14.3395918,0.506
105643.268314,-0.503752375,-0.0395347782,14.339525,0.506
105643.272482,-0.473474639,-0.00397551962,20.6837967,0.506
105643.276651,-0.492576932,-0.0154260541,20.573249,0.506
105643.280819,-0.445076516,0.0187895399,22.7917645,0.506
105643.284987,-0.478272451,0.0527344316,22.6439685,0.506
105643.289156,-0.43415884,0.0509121976,40.0954473,0.506
105643.293324,-0.446185853,0.0860961377,39.9150142,0.506
105643.297493,-0.451385727,0.0948164083,40.1014316,0.506
105643.301661,-0.421689482,0.0812655621,32.6548855,0.506
105643.305829,-0.4370815,0.0899766264,33.3174267,0.506
105643.309998,-0.456886385,0.0553699938,14.2010437,0.506
105643.314166,-0.45486255,0.0525512454,14.2081134,0.506
105643.318335,-0.47292314,0.0362873152,14.2048774,0.506
105643.322503,-0.435684214,0.013992055,12.2956833,0.506
105643.326672,-0.438771561,-0.00201994125,12.3155239,0.506
105643.330840,-0.398918948,-0.00904821556,15.5244376,0.506
105643.335008,-0.384625638,-0.0319871921,15.5931467,0.506
105643.339177,-0.406742191,-0.00643067853,20.1935597,0.506
105643.343345,-0.423126068,-0.00837183987,20.3311993,0.506
105643.347514,-0.405219428,-0.0238086,20.3768247,0.506
105643.351682,-0.420713641,-0.00405548978,23.2797928,0.506
105643.355850,-0.429231287,0.00454386393,23.2601356,0.506
105643.360019,-0.440862964,-0.00157335133,22.6738252,0.506
105643.364187,-0.439135821,0.00819576911,22.6139029,0.506
105643.368356,-0.477461923,0.0391101615,22.8109314,0.506
105643.372524,-0.45739653,0.0129307491,25.8815724,0.506
105643.376692,-0.485061364,0.0370776228,25.7778518,0.506
105643.380861,-0.450248042,0.0217260981,22.1735101,0.506
105643.385029,-0.483949489,0.020208429,22.2553043,0.506
105643.389198,-0.451006186,0.00233088498,18.7061328,0.506
105643.393366,-0.484416886,-0.000642890424,18.7352959,0.506
105643.397535,-0.478649399,0.00426728817,18.6738174,0.506
105643.401703,-0.45814138,-0.00996937839,19.5090552,0.506
105643.405871,-0.486626027,-0.0166005337,19.5905957,0.506
105643.410040,-0.45684449,-0.0344256152,21.0838401,0.506
105643.414208,-0.435983796,-0.0378722039,21.1166788,0.506
105643.418377,-0.46549167,-0.0541463532,21.207758,0.506
105643.422545,-0.480852736,-0.0538435127,30.3235317,0.506
105643.426713,-0.444607277,-0.059548629,30.6645607,0.506
105643.430882,-0.447697862,-0.0466405158,45.1573836,0.506
105643.435050,-0.471488149,-0.0457388223,44.8643023,0.506
105643.439219,-0.470501615,-0.0199500603,30.0943135,0.506
105643.443387,-0.487584477,-0.0293524595,30.0029164,0.506
105643.447555,-0.473167538,-0.0265967835,30.6315497,0.506
105643.451724,-0.512184383,-0.0267773472,29.093229,0.506
105643.455892,-0.501927051,-0.038020467,28.308571,0.506
105643.460061,-0.49569832,-0.010026832,24.2817984,0.506
105643.464229,-0.495641462,-0.0260989831,24.343087,0.506
105643.468398,-0.523439119,0.00202891604,24.2053438,0.506
105643.472566,-0.488837574,-0.00961530061,24.1014879,0.506
105643.476734,-0.492210735,0.00794658252,24.1188464,0.506
105643.480903,-0.48358749,-0.0123331992,30.9156735,0.506
105643.485071,-0.457706813,-0.0161512176,31.0788157,0.506
105643.489240,-0.464835743,-0.025056889,31.0279244,0.506
105643.493408,-0.489033306,-0.0385076653,44.2614701,0.506
105643.497576,-0.472456162,-0.044480541,44.3412695,0.506
105643.501745,-0.494279285,-0.0340385859,48.5682883,0.506
105643.505913,-0.484303986,-0.0573334411,49.4184968,0.506
105643.510082,-0.492783122,-0.0296516751,29.7004527,0.506
105643.514250,-0.498990798,-0.041543873,29.287272,0.506
105643.518418,-0.491955693,-0.0468577525,29.3135958,0.506
105643.522587,-0.494924933,-0.0236309848,20.4925779,0.506
105643.526755,-0.478609763,-0.0374611041,20.5807551,0.506
105643.530924,-0.516388286,-0.0305862427,18.3587629,0.506
105643.535092,-0.544645661,-0.0188895722,18.3300681,0.506
105643.539260,-0.511452744,-0.0118481442,18.4324401,0.506
105643.543429,-0.527935254,0.0140625532,18.0084618,0.506
105643.547597,-0.52891681,0.0218740869,18.0510594,0.506
105643.551766,-0.534743207,0.0417240435,28.1693655,0.506
105643.555934,-0.533236717,0.0675015549,28.3559948,0.506
105643.560102,-0.529858734,0.0178185866,33.5397826,0.506
105643.564271,-0.552859718,0.0503193263,33.171644,0.506
105643.568439,-0.506102803,0.0741807494,32.9522331,0.506
105643.572608,-0.534630935,0.0425293638,15.2858576,0.506
105643.576776,-0.521938576,0.0603085136,15.3426821,0.506
105643.580945,-0.512619728,-0.00166967885,10.5869539,0.506
105643.585113,-0.501239937,0.0210885361,10.5881697,0.506
105643.589281,-0.518441092,0.0116036696,10.561581,0.506
105643.593450,-0.515573463,-0.019585426,9.9239083,0.506
105643.597618,-0.524214381,-0.0348944391,9.92974921,0.506
105643.601787,-0.503552614,-0.0328976434,12.0046966,0.506
105643.605955,-0.53008762,-0.0454582664,12.0158119,0.506
105643.610123,-0.512740758,-0.017066649,17.7381099,0.506
105643.614292,-0.524264432,-0.0266028011,17.7856496,0.506
105643.618460,-0.517752746,-0.0367491887,17.8787619,0.506
105643.622629,-0.488773444,-0.0307124468,23.76576,0.506
105643.626797,-0.523041024,-0.0447343533,23.8840908,0.506
105643.630966,-0.523167992,-0.0211535631,33.8970628,0.506
105643.635134,-0.538800526,-0.0400565199,33.947035,0.506
105643.639302,-0.524255594,-0.0515005822,33.7180394,0.506
105643.643471,-0.532867089,-0.0571756442,49.3068733,0.506
105643.647639,-0.54442488,-0.065896938,51.6732865,0.506
105643.651808,-0.505899483,-0.0534309553,27.0922919,0.506
105643.655976,-0.524309011,-0.0844470268,26.6864843,0.506
105643.660144,-0.51118474,-0.0571666296,13.5572316,0.506
105643.664313,-0.500405626,-0.0652433249,13.6071743,0.506
105643.668481,-0.511297502,-0.0624164906,13.64016,0.506
105643.672650,-0.478478016,-0.0291350213,10.8219096,0.506
105643.676818,-0.492770277,-0.0400268431,10.7968152,0.506
105643.680986,-0.484642274,-0.0302131367,11.112362,0.506
105643.685155,-0.454320926,-0.00564444134,11.1061603,0.506
105643.689323,-0.463643459,-0.012488356,11.1017276,0.506
105643.693492,-0.477237581,0.00168810993,12.8931832,0.506
105643.697660,-0.435956956,0.038223899,12.8999868,0.506
105643.701829,-0.476744328,0.00787688934,19.3081386,0.506
105643.705997,-0.464803618,0.0211863695,19.4051483,0.506
105643.710165,-0.473379124,0.0161212867,49.709263,0.506
105643.714334,-0.452172034,0.0267155639,50.2683141,0.506
105643.718502,-0.473861993,0.0540924488,49.6026963,0.506
105643.722671,-0.461801761,0.0236788246,39.7483961,0.506
105643.726839,-0.462685954,0.0243468925,38.9682182,0.506
105643.731007,-0.468616562,-0.00286243377,19.9844058,0.506
105643.735176,-0.432886454,-0.0100538865,19.9306702,0.506
105643.739344,-0.437477235,-0.0295563806,20.029443,0.506
105643.743513,-0.430285884,-0.0308984778,17.2364956,0.506
105643.747681,-0.417730122,-0.0377272428,17.2136824,0.506
105643.751849,-0.4474226,-0.0338454616,17.1992767,0.506
105643.756018,-0.441734389,-0.0296328269,17.1867889,0.506
105643.760186,-0.442696033,-0.0171312682,16.8689873,0.506
105643.764355,-0.461008294,-0.0165682234,16.8528036,0.506
105643.768523,-0.457903331,-0.0183821325,16.8243677,0.506
105643.772691,-0.486727295,-0.009776522,17.903649,0.506
105643.776860,-0.483124554,0.0182100731,17.9166036,0.506
105643.781028,-0.481784982,0.011144908,25.348652,0.506
105643.785197,-0.500481456,0.00874174801,25.3993044,0.506
105643.789365,-0.483948535,0.0386095773,25.4847033,0.506
105643.793534,-0.489770048,0.00780893075,60.3678412,0.506
105643.797702,-0.493440454,0.0361254329,59.653291,0.506
105643.801870,-0.476629366,0.00887640203,57.2970691,0.506
105643.806039,-0.472610539,0.0212237443,55.7015916,0.506
105643.810207,-0.460504132,0.0140880188,37.466103,0.506
105643.814376,-0.461198026,0.000967610801,37.400772,0.506
105643.818544,-0.424194403,0.016211965,36.3450842,0.506
105643.822712,-0.444328492,0.00254071406,26.264027,0.506
105643.826881,-0.418668528,-0.0142916751,26.4739354,0.506
105643.831049,-0.4345997,-0.0101502756,20.8873301,0.506
105643.835218,-0.410617371,-0.0157744487,20.9734632,0.506
105643.839386,-0.393693549,-0.0269527631,20.9773969,0.506
105643.843554,-0.432169716,0.00769666863,15.2001399,0.506
105643.847723,-0.41217073,-0.0194031002,15.2237595,0.506
105643.851891,-0.431838179,-0.00197148082,11.5168601,0.506
105643.856060,-0.420417147,-0.000599481326,11.5301799,0.506
105643.860228,-0.425528827,-0.0022734093,11.5282193,0.506
105643.864397,-0.454210841,-0.00318833926,9.65092849,0.506
105643.868565,-0.43615691,0.00883209041,9.65511519,0.506
105643.872733,-0.460011882,-0.00394858158,9.1140046,0.506
105643.876902,-0.479955128,-0.01136101,9.11124105,0.506
105643.881070,-0.451275585,-0.00526093577,9.79556767,0.506
105643.885239,-0.478183403,-0.0257262352,9.79063624,0.506
105643.889407,-0.516610968,-0.046392132,9.77376928,0.506
105643.893575,-0.480840783,-0.00977891886,11.3581641,0.506
105643.897744,-0.531172432,-0.0390607633,11.3140252,0.506
105643.901912,-0.472239462,0.0115960097,13.2571782,0.506
105643.906081,-0.5190738,0.00432961505,13.2399932,0.506
105643.910249,-0.539440072,0.0118445397,13.2622815,0.506
105643.914417,-0.521438529,0.0203620485,17.8076448,0.506
105643.918586,-0.534721548,0.0417836407,17.8055292,0.506
105643.922754,-0.48948423,0.0186843803,25.7503923,0.506
105643.926923,-0.538513626,0.0449871837,25.8434674,0.506
105643.931091,-0.477241288,0.0268954271,20.3804003,0.506
105643.935259,-0.506618967,0.0469715844,20.3975025,0.506
105643.939428,-0.517769918,0.0625900683,20.315209,0.506
105643.943596,-0.488332434,0.0313425505,14.6387463,0.506
105643.947765,-0.474875898,0.0651749991,14.6039746,0.506
105643.951933,-0.473352048,0.0503894371,11.7894406,0.506
105643.956102,-0.468578001,0.0741532924,11.7923611,0.506
105643.960270,-0.449085898,0.0654388681,11.7533476,0.506
105643.964438,-0.445022546,0.0659771331,10.6512068,0.506
105643.968607,-0.431693832,0.0513609281,10.6511023,0.506
105643.972775,-0.457689733,0.0190737742,9.95487848,0.506
105643.976944,-0.45503468,-0.00729576901,9.94846156,0.506
105643.981112,-0.45217863,-0.00802080456,12.7074024,0.506
105643.985280,-0.438719564,-0.0495706193,12.7355721,0.506
105643.989449,-0.432583343,-0.0789955055,12.7505437,0.506
105643.993617,-0.459443706,-0.0112107478,24.5818792,0.506
105643.997786,-0.482874678,-0.055214269,24.7648002,0.506
105644.001954,-0.474755617,-0.00433341259,24.274967,0.506
105644.006123,-0.511460107,0.0107328374,24.2290429,0.506
105644.010291,-0.484219735,-0.00101519612,24.325163,0.506
105644.014459,-0.487892913,0.0481456737,21.0294745,0.506
105644.018628,-0.525803723,0.0798080978,20.9691679,0.506
105644.022796,-0.531409681,0.0438435809,45.141217,0.506
105644.026965,-0.526074239,0.071697793,45.6222241,0.506
105644.031133,-0.508724011,0.0408773613,36.5998432,0.506
105644.035301,-0.517293499,0.0478645508,36.1249445,0.506
105644.039470,-0.518031229,0.0430028536,37.1218039,0.506
105644.043638,-0.496513156,0.00894346022,23.6139122,0.506
105644.047807,-0.496076959,0.00185358259,23.4155674,0.506
105644.051975,-0.516268832,0.0147663219,27.4435642,0.506
105644.056143,-0.481912756,-0.00484035777,27.7340794,0.506
105644.060312,-0.479078712,-0.02700171,28.047157,0.506
105644.064480,-0.479728977,0.00409863907,41.7672957,0.506
105644.068649,-0.484483534,-0.00648971258,40.2234335,0.506
105644.072817,-0.471963391,-0.00334446334,60.634917,0.506
105644.076985,-0.444284344,0.0164978803,63.4230771,0.506
105644.081154,-0.502613813,0.00778974455,55.2024684,0.506
105644.085322,-0.461709759,0.0253821196,54.4089955,0.506
105644.089491,-0.471570692,0.0042968153,54.8429601,0.506
105644.093659,-0.474088634,0.00471011975,38.1130482,0.506
105644.097828,-0.505537013,0.00354126871,37.7954145,0.506
105644.101996,-0.502246893,-0.000849812665,35.765744,0.506
105644.106164,-0.515968053,-0.00955711533,35.3339468,0.506
105644.110333,-0.511771268,0.0141203159,36.5735981,0.506
105644.114501,-0.492658409,0.00864758744,39.5132119,0.506
105644.118670,-0.519392383,-0.00405083398,40.1186213,0.506
105644.122838,-0.521131398,0.00774779212,45.3936098,0.506
105644.127006,-0.500834876,-0.017464375,44.6370361,0.506
105644.131175,-0.506389794,-0.0147922022,36.5351734,0.506
105644.135343,-0.502135869,-0.0318653231,36.4062097,0.506
105644.139512,-0.518726443,-0.0668955337,35.4243539,0.506
105644.143680,-0.496071029,-0.0265205123,19.7464375,0.506
105644.147848,-0.506995536,-0.020587127,19.7085345,0.506
105644.152017,-0.497849359,0.00239464074,16.3281803,0.506
105644.156185,-0.520917062,-0.00106235688,16.3032215,0.506
105644.160354,-0.480077979,0.00148728794,16.3696112,0.506
105644.164522,-0.515948626,-0.00356517116,17.1960774,0.506
105644.168690,-0.510600641,-0.0050200417,17.1579794,0.506
105644.172859,-0.518362185,0.0163616596,17.1461793,0.506
105644.177027,-0.483394666,0.0177332562,17.2294727,0.506
105644.181196,-0.479945947,-0.0164633267,18.5167309,0.506
105644.185364,-0.513895807,0.0187461037,18.555879,0.506
105644.189533,-0.488120032,0.0115472529,18.67789,0.506
105644.193701,-0.513215275,-0.00363394875,20.795694,0.506
105644.197869,-0.47749305,0.00232392677,20.6316205,0.506
105644.202038,-0.488888249,0.00779080514,23.2043863,0.506
105644.206206,-0.492664049,-0.00958304502,23.0781956,0.506
105644.210375,-0.48453547,-0.0115784095,23.0429313,0.506
105644.214543,-0.482001982,-0.00502581677,22.4880333,0.506
105644.218711,-0.485635831,0.0161925278,22.5682185,0.506
105644.222880,-0.487849722,-0.00116047352,22.2987273,0.506
105644.227048,-0.503747106,0.0175772546,22.2506859,0.506
105644.231217,-0.499981973,0.0114887639,22.321212,0.506
105644.235385,-0.504685635,0.0245211052,21.388138,0.506
105644.239554,-0.50644383,0.0637796322,21.2649327,0.506
105644.243722,-0.501088024,0.041172832,20.3455054,0.506
105644.247890,-0.511565136,0.0608851725,20.2820379,0.506
105644.252059,-0.493646965,0.00631466821,15.7913219,0.506
105644.256227,-0.513230097,0.0190181654,15.7644678,0.506
105644.260396,-0.515077003,0.0261792999,15.7862417,0.506
105644.264564,-0.496876801,0.00195146129,13.2400912,0.506
105644.268732,-0.499891719,-0.0113280655,13.2369974,0.506
105644.272901,-0.496906453,0.00520749409,14.2580922,0.506
105644.277069,-0.477094394,0.0124222024,14.1883453,0.506
105644.281238,-0.462719278,0.0118142801,14.2433136,0.506
105644.285406,-0.463559488,0.00448376424,16.8546543,0.506
105644.289574,-0.463697062,0.0134174375,16.7484517,0.506
105644.293743,-0.490969662,-0.00143208286,20.1225213,0.506
105644.297911,-0.44523569,0.00788157382,20.142266,0.506
105644.302080,-0.4867908,0.00448549144,29.4813611,0.506
105644.306248,-0.469972622,-0.00761743315,29.8023734,0.506
105644.310416,-0.422213497,-0.00921557689,29.361978,0.506
105644.314585,-0.464043656,-0.0111803138,38.3648555,0.506
105644.318753,-0.4379291,-0.0313455451,38.499029,0.506
105644.322922,-0.494315107,-0.0338176856,24.9811812,0.506
105644.327090,-0.46983487,-0.0546501304,24.6220603,0.506
105644.331259,-0.467336958,-0.0937360761,24.6019305,0.506
105644.335427,-0.448921573,-0.0328612954,12.3820434,0.506
105644.339595,-0.53297723,-0.086357826,12.4140002,0.506
105644.343764,-0.509732413,-0.0280159526,8.42395019,0.506
105644.347932,-0.522014805,-0.0107914478,8.42661001,0.506
105644.352101,-0.507373786,0.00468062926,7.88621283,0.506
105644.356269,-0.514193579,0.0236808761,7.88514296,0.506
105644.360437,-0.547357716,0.04390814,7.88688908,0.506
105644.364606,-0.520424268,0.0427591834,8.86494987,0.506
105644.368774,-0.532709898,0.0526620099,8.86366024,0.506
105644.372943,-0.511480353,0.0397617578,10.6273291,0.506
105644.377111,-0.522359086,0.0820215656,10.6436642,0.506
105644.381279,-0.538878516,0.0865909121,10.6384666,0.506
105644.385448,-0.505846976,0.10137589,13.3596143,0.506
105644.389616,-0.524457878,0.110619171,13.311559,0.506
105644.393785,-0.492252513,0.0829233682,18.8071379,0.506
105644.397953,-0.503955179,0.115377722,18.7879106,0.506
105644.402121,-0.483951754,0.0847151179,17.6490024,0.506
105644.406290,-0.510429823,0.112890179,17.6429988,0.506
105644.410458,-0.503833653,0.154896833,17.6753448,0.506
105644.414627,-0.499297512,0.108237852,11.8818241,0.506
105644.418795,-0.470311544,0.13146979,11.8906596,0.506
105644.422963,-0.49299986,0.0952729617,9.3786653,0.506
105644.427132,-0.48715406,0.0729129248,9.38802035,0.506
105644.431300,-0.479028252,0.0856069238,9.37592446,0.506
105644.435469,-0.49607819,0.0748225575,9.11827125,0.506
105644.439637,-0.492686539,0.0723133194,9.11729364,0.506
105644.443806,-0.497671634,0.0711114026,9.91454563,0.506
105644.447974,-0.489176408,0.0950273035,9.93034164,0.506
105644.452142,-0.496879708,0.101958322,10.2815091,0.506
105644.456311,-0.479962419,0.0865568239,10.2814047,0.506
105644.460479,-0.497267139,0.0791934245,10.272636,0.506
105644.464648,-0.480441479,0.0760425516,10.812576,0.506
105644.468816,-0.484180377,0.0914092013,10.8182779,0.506
105644.472984,-0.486854966,0.0831575869,12.3038698,0.506
105644.477153,-0.497451468,0.0605036326,12.3329832,0.506
105644.481321,-0.456095757,0.069409393,12.338132,0.506
105644.485490,-0.48084895,0.0898675887,15.5883344,0.506
105644.489658,-0.466682613,0.10300809,15.5135612,0.506
105644.493827,-0.494174755,0.0777677419,18.1947735,0.506
105644.497995,-0.482517169,0.100759612,18.2018985,0.506
105644.502163,-0.477698329,0.1235006,17.3663125,0.506
105644.506332,-0.485980134,0.10957625,17.3285411,0.506
105644.510500,-0.48833263,0.121544119,17.3218557,0.506
105644.514669,-0.469872426,0.112657475,14.5180626,0.506
105644.518837,-0.470451748,0.0980796069,14.5219601,0.506
105644.523005,-0.479764949,0.0902099278,13.4476117,0.506
105644.527174,-0.463560739,0.0924355085,13.4168763,0.506
105644.531342,-0.462367245,0.0706605038,13.4406807,0.506
105644.535511,-0.461747754,0.060595181,15.0226872,0.506
105644.539679,-0.452265077,0.048395543,14.9824335,0.506
105644.543847,-0.438848492,0.0520932453,22.2018217,0.506
105644.548016,-0.442187375,0.0300773827,22.37503,0.506
105644.552184,-0.414895338,0.0104679554,22.4356165,0.506
105644.556353,-0.435666819,0.0492419649,26.2673103,0.506
105644.560521,-0.429651155,0.0306081295,26.311339,0.506
105644.564690,-0.428358981,0.078563075,19.3468646,0.506
105644.568858,-0.440106162,0.0679831029,19.3333058,0.506
105644.573026,-0.446747469,0.0777344891,18.160197,0.506
105644.577195,-0.449947958,0.0770695778,18.1283166,0.506
105644.581363,-0.453922668,0.0850660347,18.170029,0.506
105644.585532,-0.442502358,0.0936527395,21.4578709,0.506
105644.589700,-0.449984922,0.110377239,21.400179,0.506
105644.593868,-0.42809849,0.0980259679,28.9478717,0.506
105644.598037,-0.430418797,0.121190774,28.913014,0.506
105644.602205,-0.438067086,0.144420798,28.4003994,0.506
105644.606374,-0.425069335,0.100837559,27.7315277,0.506
105644.610542,-0.435773481,0.113531905,27.5442508,0.506
105644.614710,-0.41847167,0.103707043,24.4106287,0.506
105644.618879,-0.422990628,0.11388453,24.480119,0.506
105644.623047,-0.417819876,0.10941559,20.0519152,0.506
105644.627216,-0.419416448,0.104720828,19.9756223,0.506
105644.631384,-0.416980358,0.132810027,20.0759334,0.506
105644.635552,-0.405817903,0.0973442302,17.2361945,0.506
105644.639721,-0.412882814,0.109406165,17.2094178,0.506
105644.643889,-0.410313555,0.0991266724,18.4288032,0.506
105644.648058,-0.407593419,0.10668638,18.4215341,0.506
105644.652226,-0.406220593,0.112456646,18.3625927,0.506
105644.656394,-0.377482212,0.134864299,19.4420143,0.506
105644.660563,-0.366981885,0.146310389,19.5147062,0.506
105644.664731,-0.363880273,0.13497439,13.8279095,0.506
105644.668900,-0.34938299,0.130532808,13.8667299,0.506
105644.673068,-0.362766961,0.12372,10.2863695,0.506
105644.677237,-0.352733801,0.125811271,10.2954026,0.506
105644.681405,-0.305037588,0.11367335,10.2894174,0.506
105644.685573,-0.36056955,0.115519511,8.69202087,0.506
105644.689742,-0.308446239,0.128604158,8.67887102,0.506
105644.693910,-0.35112847,0.115307311,7.08170066,0.506
105644.698079,-0.319514229,0.0953407898,7.084923,0.506
105644.702247,-0.303476916,0.0784537746,7.08462482,0.506
105644.706415,-0.333432555,0.0948175859,5.77935477,0.506
105644.710584,-0.334516408,0.104528256,5.77943542,0.506
105644.714752,-0.35589456,0.0978418264,5.22740876,0.506
105644.718921,-0.354513485,0.116873434,5.22728917,0.506
105644.723089,-0.361341486,0.103892633,4.94746102,0.506
105644.727258,-0.362487779,0.126037962,4.94792802,0.506
105644.731426,-0.353591139,0.109399707,4.94800095,0.506
105644.735594,-0.355151364,0.103714548,4.7803804,0.506
105644.739763,-0.350774606,0.111132451,4.78019893,0.506
105644.743931,-0.362674767,0.0839823889,4.71895023,0.506
105644.748100,-0.36155503,0.0738480983,4.71908944,0.506
105644.752268,-0.369623604,0.0566963321,4.71922006,0.506
105644.756436,-0.364133183,0.0701708468,5.00535489,0.506
105644.760605,-0.377572195,0.044982736,5.00475973,0.506
105644.764773,-0.357605458,0.0977662437,5.6036627,0.506
105644.768942,-0.366570821,0.0634198917,5.60453787,0.506
105644.773110,-0.340487596,0.0704935554,6.41882864,0.506
105644.777278,-0.364880679,0.0583532949,6.42039601,0.506
105644.781447,-0.375683843,0.0358993626,6.41754426,0.506
105644.785615,-0.361613711,0.0755306617,7.4148267,0.506
105644.789784,-0.35688051,0.0482731366,7.41600778,0.506
105644.793952,-0.354648851,0.0797599788,8.27372227,0.506
105644.798121,-0.357849863,0.0760792213,8.27718577,0.506
105644.802289,-0.374380142,0.0514505847,8.2765299,0.506
105644.806457,-0.367638748,0.0589601704,9.09532121,0.506
105644.810626,-0.373653261,0.050208943,9.09307233,0.506
105644.814794,-0.38393679,0.0690311947,10.3055086,0.506
105644.818963,-0.381650712,0.0651196054,10.3043928,0.506
105644.823131,-0.365930746,0.0630916777,12.4059206,0.506
105644.827299,-0.393684692,0.072793001,12.4134141,0.506
105644.831468,-0.417386092,0.069404921,12.400212,0.506
105644.835636,-0.372450672,0.0573491562,14.9138686,0.506
105644.839805,-0.386646059,0.0679610715,14.8888873,0.506
105644.843973,-0.35427976,0.0495858658,15.1341068,0.506
105644.848141,-0.358872765,0.0616113809,15.1489751,0.506
105644.852310,-0.376320967,0.0449419052,15.1290995,0.506
105644.856478,-0.36429155,0.0507488463,13.4796083,0.506
105644.860647,-0.369246496,0.0396794494,13.4784598,0.506
105644.864815,-0.361750113,0.0512700881,11.3051301,0.506
105644.868984,-0.373732543,0.052729108,11.2946199,0.506
105644.873152,-0.349280055,0.058423889,10.5008874,0.506
105644.877320,-0.379359995,0.0619739989,10.5004609,0.506
105644.881489,-0.369337933,0.0565442688,10.497961,0.506
105644.885657,-0.37067097,0.039025777,10.917021,0.506
105644.889826,-0.367431544,0.0424550736,10.8939641,0.506
105644.893994,-0.370972304,0.0394864842,11.2001885,0.506
105644.898162,-0.370021028,0.0180155344,11.2024882,0.506
105644.902331,-0.369869337,0.0246402487,11.2111342,0.506
105644.906499,-0.371663244,0.0411305865,10.613207,0.506
105644.910668,-0.375346753,0.0490440658,10.6305598,0.506
105644.914836,-0.381212557,0.0333898066,11.5055751,0.506
105644.919004,-0.371156854,0.0405242878,11.4996974,0.506
105644.923173,-0.373097487,0.0405305832,11.4828427,0.506
105644.927341,-0.372069857,0.0236250443,13.2112561,0.506
105644.931510,-0.377290398,0.00878978595,13.2179744,0.506
105644.935678,-0.392722229,0.0313961777,13.5962014,0.506
105644.939846,-0.410962167,0.00910195002,13.589054,0.506
105644.944015,-0.405912883,0.0194324407,12.9016089,0.506
105644.948183,-0.425966526,0.0143787429,12.8896779,0.506
105644.952352,-0.421785643,0.0120797837,12.8970479,0.506
105644.956520,-0.417732123,0.0150041757,11.5513943,0.506
105644.960689,-0.434238677,0.0158717002,11.5610734,0.506
105644.964857,-0.4240066,0.024680754,10.5700038,0.506
105644.969025,-0.449622958,0.0407556278,10.571712,0.506
105644.973194,-0.456518808,0.0460166274,10.5708618,0.506
105644.977362,-0.439295658,0.035271622,10.3676835,0.506
105644.981531,-0.434952617,0.0581760606,10.381953,0.506
105644.985699,-0.445147892,0.0343135799,10.9960107,0.506
105644.989867,-0.421679918,0.030308632,10.9957302,0.506
105644.994036,-0.440149871,0.0259030869,12.3650833,0.506
105644.998204,-0.424764308,0.0176509081,12.3634862,0.506
105645.002373,-0.407036133,0.0122779704,12.339255,0.506
105645.006541,-0.428672439,0.0141264343,14.9664315,0.506
105645.010709,-0.406800704,-0.00439366373,14.9698916,0.506
105645.014878,-0.438975089,0.00489808982,18.332533,0.506
105645.019046,-0.42396891,0.00102824053,18.2895451,0.506
105645.023215,-0.426483787,-0.00463402101,18.2929101,0.506
105645.027383,-0.456449844,-0.00227544617,19.128703,0.506
105645.031552,-0.456519582,-0.0147718129,19.05876,0.506
105645.035720,-0.469904594,0.00247245717,17.1906339,0.506
105645.039888,-0.479128702,-0.00135103306,17.1447616,0.506
105645.044057,-0.470878376,0.000735440387,14.128611,0.506
105645.048225,-0.488129749,3.29825282e-05,14.1640236,0.506
105645.052394,-0.502228484,-0.00147170661,14.160376,0.506
105645.056562,-0.504276957,-0.000514881684,11.8033308,0.506
105645.060730,-0.505393385,-0.00142110675,11.8070128,0.506
105645.064899,-0.49745436,0.00931684423,10.293134,0.506
105645.069067,-0.494413515,0.0255644666,10.2991246,0.506
105645.073236,-0.523586063,0.0329066053,10.2944258,0.506
105645.077404,-0.495241698,0.0255049684,9.54667749,0.506
105645.081572,-0.508270679,0.0284149882,9.53607483,0.506
105645.085741,-0.486439009,0.0263202308,8.92169905,0.506
105645.089909,-0.499564864,0.0251335194,8.92208135,0.506
105645.094078,-0.480776275,0.0192701162,8.83199495,0.506
105645.098246,-0.482036203,0.0286645563,8.83175809,0.506
105645.102414,-0.487259697,0.0450459563,8.83304512,0.506
105645.106583,-0.471172872,0.0356418158,9.13464791,0.506
105645.110751,-0.480293414,0.0420226856,9.13018549,0.506
105645.114920,-0.482125765,0.0322203115,9.56743972,0.506
105645.119088,-0.475292176,0.0349894709,9.57452063,0.506
105645.123257,-0.454337487,0.056777157,9.57591155,0.506
105645.127425,-0.457831364,0.0480496027,10.8517229,0.506
105645.131593,-0.441611053,0.0397601724,10.8580669,0.506
105645.135762,-0.463864723,0.0256006384,13.1824548,0.506
105645.139930,-0.448394327,0.0354164542,13.1711112,0.506
105645.144099,-0.461365027,0.0309499909,16.9116583,0.506
105645.148267,-0.442914669,0.0494190921,16.9239675,0.506
105645.152435,-0.436618059,0.0536163932,16.9238495,0.506
105645.156604,-0.457244154,0.0333403025,19.0471302,0.506
105645.160772,-0.450397828,0.0327100086,19.1159684,0.506
105645.164941,-0.469979852,0.0249610666,19.7718872,0.506
105645.169109,-0.464337422,0.0215302324,19.7359039,0.506
105645.173277,-0.445017244,-0.00735770997,19.8115897,0.506
105645.177446,-0.469194219,3.65869406e-05,25.6229557,0.506
105645.181614,-0.462365633,-0.0128421951,25.6558813,0.506
105645.185783,-0.46579244,0.0142351687,46.7942356,0.506
105645.189951,-0.470203277,0.0178404361,47.9160921,0.506
105645.194119,-0.467379497,0.0226768561,79.8040993,0.506
105645.198288,-0.479156172,0.0163205663,80.788328,0.506
105645.202456,-0.474004544,0.0270234789,79.5052327,0.506
105645.206625,-0.47410849,0.0369092846,51.4727158,0.506
105645.210793,-0.485832037,0.0586123432,51.4820801,0.506
105645.214962,-0.473294466,0.0434282397,31.6033583,0.506
105645.219130,-0.462683581,0.0529533392,31.538369,0.506
105645.223298,-0.470731149,0.0741241703,31.2479762,0.506
105645.227467,-0.463708731,0.0473433164,20.964453,0.506
105645.231635,-0.457566839,0.0416419987,20.995898,0.506
105645.235804,-0.455302818,0.0279056312,17.1769376,0.506
105645.239972,-0.457476782,0.0220725025,17.1978551,0.506
105645.244140,-0.450669816,0.0288996722,17.2684674,0.506
105645.248309,-0.452931637,0.0142510026,17.2877414,0.506
105645.252477,-0.453549979,0.0120670479,17.3002231,0.506
105645.256646,-0.443969191,0.0261237893,18.5292785,0.506
105645.260814,-0.452815618,0.0141761187,18.6202629,0.506
105645.264982,-0.448176113,0.0191010886,19.8724074,0.506
105645.269151,-0.440035975,0.0112347332,19.8557691,0.506
105645.273319,-0.448264738,-0.00224044808,19.8859001,0.506
105645.277488,-0.443785191,0.0193009594,21.859064,0.506
105645.281656,-0.445343013,0.00652240656,21.8400001,0.506
105645.285825,-0.453068987,0.0171576043,23.7747917,0.506
105645.289993,-0.445295409,0.020472129,23.7087329,0.506
105645.294161,-0.444857459,0.0223496851,23.6412182,0.506
105645.298330,-0.459671588,0.019764023,22.866191,0.506
105645.302498,-0.457984665,0.00906674758,22.9049128,0.506
105645.306667,-0.441764524,0.0144501429,19.600842,0.506
105645.310835,-0.462806888,0.0119456581,19.5631258,0.506
105645.315003,-0.448096269,0.00294902854,17.017416,0.506
105645.319172,-0.442219261,0.018048098,17.0163988,0.506
105645.323340,-0.440980681,0.00854107572,17.0165734,0.506
105645.327509,-0.425058894,0.0070816809,16.8413509,0.506
105645.331677,-0.424809148,0.0108208408,16.819999,0.506
105645.335845,-0.423117265,-0.0162726261,19.2847256,0.506
105645.340014,-0.422607361,-0.0161484041,19.2802764,0.506
105645.344182,-0.398527994,-0.0421443467,19.3074067,0.506
105645.348351,-0.430063986,-0.0348061416,28.1621204,0.506
105645.352519,-0.407290522,-0.0548189708,28.1914865,0.506
105645.356687,-0.429084059,-0.0408916825,86.2937407,0.506
105645.360856,-0.430152263,-0.0511680607,86.9851679,0.506
105645.365024,-0.437053368,-0.0273950482,43.035005,0.506
105645.369193,-0.440662335,-0.0259976281,43.8330104,0.506
105645.373361,-0.432796546,-0.0349211271,43.3821746,0.506
105645.377530,-0.437262355,-0.0271781299,32.7328379,0.506
105645.381698,-0.429347971,-0.0322557589,33.0070106,0.506
105645.385866,-0.443038475,-0.0477713805,27.6586313,0.506
105645.390035,-0.417802604,-0.0295599445,27.8609378,0.506
105645.394203,-0.413497387,-0.0304608622,28.0256737,0.506
105645.398372,-0.423605031,-0.040673074,21.4524882,0.506
105645.402540,-0.413881769,-0.0464130449,21.4354315,0.506
105645.406708,-0.424709275,-0.0384153472,16.1339407,0.506
105645.410877,-0.414592972,-0.0514290822,16.1265427,0.506
105645.415045,-0.432169153,-0.041176184,12.5971896,0.506
105645.419214,-0.412086422,-0.0501385002,12.5942159,0.506
105645.423382,-0.405989548,-0.0561441554,12.5919396,0.506
105645.427550,-0.424035396,-0.0631612221,10.2228765,0.506
105645.431719,-0.425503372,-0.0592804976,10.2223045,0.506
105645.435887,-0.442756599,-0.0499081584,8.7012295,0.506
105645.440056,-0.445284592,-0.0541382789,8.70408182,0.506
105645.444224,-0.437729517,-0.0560975928,8.69696248,0.506
105645.448393,-0.447738409,-0.0536327575,8.10269555,0.506
105645.452561,-0.449253594,-0.0503770892,8.10487497,0.506
105645.456729,-0.444394051,-0.0491749746,8.13516492,0.506
105645.460898,-0.462049896,-0.0574698601,8.13411869,0.506
105645.465066,-0.450778382,-0.0208482441,8.37284474,0.506
105645.469235,-0.458775322,-0.0376313869,8.37614357,0.506
105645.473403,-0.467026904,-0.0360041515,8.37316563,0.506
105645.477571,-0.455720055,-0.0220509315,9.43142159,0.506
105645.481740,-0.471121508,-0.0273143733,9.43380945,0.506
105645.485908,-0.448120827,-0.0311503464,11.252783,0.506
105645.490077,-0.463083014,-0.0170998049,11.2523885,0.506
105645.494245,-0.480155392,-0.013452507,11.2530699,0.506
105645.498413,-0.463707833,-0.020717794,14.6169186,0.506
105645.502582,-0.472331965,-0.00552797834,14.6214231,0.506
105645.506750,-0.453528661,-0.0322817356,22.0501625,0.506
105645.510919,-0.472375841,-0.0268248817,22.1274599,0.506
105645.515087,-0.44504801,-0.0364599805,31.1775907,0.506
105645.519256,-0.465583436,-0.042433684,31.168275,0.506
105645.523424,-0.485602251,-0.0370078882,31.1268316,0.506
105645.527592,-0.454835815,-0.0409888453,22.6867467,0.506
105645.531761,-0.457538112,-0.0319246742,22.5933674,0.506
105645.535929,-0.433516155,-0.0394043594,17.5368813,0.506
105645.540097,-0.460791301,-0.0409493739,17.5370555,0.506
105645.544266,-0.449942221,-0.018008447,17.5162059,0.506
105645.548434,-0.442530056,-0.0465536703,16.0044635,0.506
105645.552603,-0.438259088,-0.0477257116,15.9927724,0.506
105645.556771,-0.420406882,-0.037187037,15.6386736,0.506
105645.560940,-0.429519535,-0.0591191567,15.6399084,0.506
105645.565108,-0.429200655,-0.0329874097,16.2131158,0.506
105645.569276,-0.420065657,-0.0479362589,16.1848242,0.506
105645.573445,-0.430517118,-0.0553904518,16.1069695,0.506
105645.577613,-0.415956348,-0.029615014,16.5332633,0.506
105645.581782,-0.412118671,-0.0246068365,16.5497865,0.506
105645.585950,-0.429851015,-0.0255852277,21.5298321,0.506
105645.590118,-0.397391818,-0.0157659309,21.4129402,0.506
105645.594287,-0.398784115,0.00775666902,21.5272521,0.506
105645.598455,-0.394752147,-0.018022758,25.4484684,0.506
105645.602624,-0.4048023,-0.0376013819,25.4179378,0.506
105645.606792,-0.424879526,-0.0258572681,18.3402941,0.506
105645.610961,-0.421756452,-0.0229628926,18.305064,0.506
105645.615129,-0.394074177,-0.0397690322,18.3066949,0.506
105645.619297,-0.418264109,-0.0244933233,14.4151248,0.506
105645.623466,-0.404869912,-0.0178022034,14.4465767,0.506
105645.627634,-0.428860286,-0.00651469494,12.6573244,0.506
105645.631803,-0.420229311,0.00227048754,12.6723183,0.506
105645.635971,-0.460725517,-0.000683005114,13.663107,0.506
105645.640139,-0.462491656,0.0135990366,13.6544041,0.506
105645.644308,-0.455180111,0.0237197088,13.7076931,0.506
105645.648476,-0.486917007,0.00785460688,18.5002044,0.506
105645.652645,-0.486384375,0.00870606559,18.5256566,0.506
105645.656813,-0.491660511,-0.016009077,26.633639,0.506
105645.660981,-0.499832915,0.0157988289,27.176304,0.506
105645.665150,-0.509462299,0.00662224114,27.0485621,0.506
105645.669318,-0.484697524,-0.00398663643,35.8158434,0.506
105645.673487,-0.503208303,-0.00494154602,35.8369125,0.506
105645.677655,-0.48970724,-0.00932523664,33.2020734,0.506
105645.681824,-0.468872711,-0.0102900598,33.4027664,0.506
105645.685992,-0.50072974,-0.00393785298,31.9941349,0.506
105645.690160,-0.484713694,-0.0117061178,31.610554,0.506
105645.694329,-0.48361177,0.000325696118,32.2620471,0.506
105645.698497,-0.480490552,-0.00461718998,30.6905748,0.506
105645.702666,-0.471296213,-0.000946895002,30.9554403,0.506
105645.706834,-0.482128935,0.000821582185,25.4658756,0.506
105645.711002,-0.50681469,0.0160293895,25.3165943,0.506
105645.715171,-0.490049718,0.0114110796,25.5270598,0.506
105645.719339,-0.498652693,0.0165257252,19.118494,0.506
105645.723508,-0.517840885,0.0501133239,19.0155064,0.506
105645.727676,-0.500713461,0.0112887213,12.6702295,0.506
105645.731844,-0.481781133,0.0210145865,12.6568642,0.506
105645.736013,-0.488514314,-0.00892804669,9.58017715,0.506
105645.740181,-0.491705273,-0.0227784699,9.56682423,0.506
105645.744350,-0.527645212,-0.0425266612,9.57977838,0.506
105645.748518,-0.48739571,-0.0262002692,8.91107657,0.506
105645.752687,-0.520931216,-0.0580260855,8.9007944,0.506
105645.756855,-0.490461294,-0.0278949888,8.27485964,0.506
105645.761023,-0.487732216,-0.0448841787,8.2640688,0.506
105645.765192,-0.504541819,-0.0585575115,8.26958499,0.506
105645.769360,-0.500047451,-0.0274026465,7.56771823,0.506
105645.773529,-0.489235336,-0.00548322706,7.55176364,0.506
105645.777697,-0.456233294,0.00945015384,7.34887792,0.506
105645.781865,-0.463274576,0.00285761964,7.34146147,0.506
105645.786034,-0.465973877,0.0159533986,7.80280972,0.506
105645.790202,-0.460399404,0.0399330053,7.81627938,0.506
105645.794371,-0.43323086,0.0562681906,7.81582723,0.506
105645.798539,-0.45251769,0.0194716036,8.60683688,0.506
105645.802707,-0.434743453,0.0417371885,8.59828323,0.506
105645.806876,-0.436997921,-0.00697835599,9.2051633,0.506
105645.811044,-0.426996061,-0.00705540517,9.21263759,0.506
105645.815213,-0.436753258,0.00631384364,9.21939892,0.506
105645.819381,-0.454622049,0.00490626867,9.48239234,0.506
105645.823549,-0.421007527,0.0140142806,9.49261546,0.506
105645.827718,-0.436635022,0.0224466384,9.72490037,0.506
105645.831886,-0.40600622,0.0212297369,9.72178943,0.506
105645.836055,-0.432306721,0.0161806172,10.3019584,0.506
105645.840223,-0.403164856,0.0413611815,10.2727912,0.506
105645.844392,-0.38774399,0.0549181885,10.2972403,0.506
105645.850644,-0.425050942,0.0239955923,10.9999941,0.506
105645.856897,-0.409199176,0.0162647125,12.4400758,0.506
105645.861065,-0.397432303,0.00417467157,12.4257114,0.506
105645.865234,-0.369737984,0.00312562428,12.4462689,0.506
105645.869402,-0.392524886,0.0139481366,15.3751644,0.506
105645.873570,-0.393745425,0.0267012456,15.3740322,0.506
105645.877739,-0.392630786,-0.0119256484,19.4887876,0.506
105645.881907,-0.389982094,-0.0234506385,19.5694895,0.506
105645.886076,-0.391087644,0.00659285508,34.6669003,0.506
105645.890244,-0.370114747,-0.0286840241,35.3696073,0.506
105645.894412,-0.385511306,-0.027887734,35.4155455,0.506
105645.898581,-0.378702803,0.00582895183,51.7952538,0.506
105645.902749,-0.354471405,0.000880590061,52.3739063,0.506
105645.906918,-0.404014063,0.00188612707,30.3965703,0.506
105645.911086,-0.391929717,0.000562411658,30.4852967,0.506
105645.915254,-0.355417052,-0.0160462366,30.8784314,0.506
105645.919423,-0.390301668,-0.00975338386,22.292448,0.506
105645.923591,-0.388706216,-0.00879498001,22.2660226,0.506
105645.927760,-0.391526886,-0.0020963458,17.3401718,0.506
105645.931928,-0.387312988,-0.0171494937,17.3510121,0.506
105645.936097,-0.37890005,-0.00506838124,13.6173713,0.506
105645.940265,-0.387999271,-0.00619545774,13.6369355,0.506
105645.944433,-0.399099421,-0.0294103548,13.6387162,0.506
105645.948602,-0.384855277,0.00234736202,10.6536057,0.506
105645.952770,-0.392909056,0.0124217929,10.655104,0.506
105645.956939,-0.378547225,0.0280577998,10.135132,0.506
105645.961107,-0.376970904,0.0399070276,10.1446006,0.506
105645.965275,-0.37143742,0.0616954713,10.1556861,0.506
105645.969444,-0.371298846,0.036558151,11.7891234,0.506
105645.973612,-0.377204089,0.0559663185,11.7887425,0.506
105645.977781,-0.374362524,0.022963546,15.0386786,0.506
105645.981949,-0.362030002,0.0406735746,15.0385318,0.506
105645.986117,-0.378267061,0.0591302525,15.0351581,0.506
105645.990286,-0.379333004,0.0318261537,19.4760525,0.506
105645.994454,-0.390688153,0.0394429007,19.4736478,0.506
105645.998623,-0.369988048,0.0276270015,26.0001343,0.506
105646.002791,-0.382784062,0.0145845047,26.1571276,0.506
105646.006959,-0.39124129,0.0159944029,31.1156911,0.506
105646.011128,-0.374918206,-0.00356359777,31.131243,0.506
105646.015296,-0.392587487,-0.00446368574,31.1177884,0.506
105646.019465,-0.386404927,-0.00461838986,52.3079795,0.506
105646.023633,-0.390895562,0.00156666094,52.017141,0.506
105646.027802,-0.363921644,0.0131243635,68.0889898,0.506
105646.031970,-0.40028586,0.0116242791,63.2007442,0.506
105646.036138,-0.375797573,0.0159040446,63.2578584,0.506
105646.040307,-0.382705411,0.0403671219,45.069638,0.506
105646.044475,-0.376987977,0.0178989668,47.3721069,0.506
105646.048644,-0.382130084,-0.00945510592,32.4776998,0.506
105646.052812,-0.388072208,0.00827439336,32.4152385,0.506
105646.056980,-0.390947095,0.0195208015,26.5871763,0.506
105646.061149,-0.392152648,-0.0081690052,26.5683676,0.506
105646.065317,-0.425852245,-0.04252295,26.5085304,0.506
105646.069486,-0.36770267,0.0422767151,15.3627319,0.506
105646.073654,-0.415052933,0.0137344255,15.4368021,0.506
105646.077822,-0.382241716,0.0300865269,11.1574407,0.506
105646.081991,-0.416748151,0.0485462565,11.1836662,0.506
105646.086159,-0.427083553,0.0957238518,11.1696339,0.506
105646.090328,-0.385534018,0.0993760801,9.62627138,0.506
105646.094496,-0.410098898,0.119307245,9.62270995,0.506
105646.098665,-0.355466699,0.0748561251,7.96823775,0.506
105646.102833,-0.388275413,0.109566705,7.96112088,0.506
105646.107001,-0.375105458,0.0738370461,6.88768694,0.506
105646.111170,-0.366561127,0.0831819793,6.89144768,0.506
105646.115338,-0.346241026,0.0868489463,6.89065618,0.506
105646.119507,-0.359916426,0.0279273238,6.54070818,0.506
105646.123675,-0.322141984,0.0360491543,6.54156153,0.506
105646.127843,-0.360132088,0.0216492947,7.76614659,0.506
105646.132012,-0.342500736,0.00248037458,7.75632702,0.506
105646.136180,-0.336203917,0.00168599181,7.75625589,0.506
105646.140349,-0.354168586,0.00518832109,10.3150805,0.506
105646.144517,-0.338731582,-0.0164744581,10.3239174,0.506
105646.148685,-0.336215133,0.0247952322,14.7655988,0.506
105646.152854,-0.310435212,0.0160404049,14.827891,0.506
105646.157022,-0.350043709,0.0279823676,14.8737676,0.506
105646.161191,-0.333452755,0.0246490765,14.9360556,0.506
105646.165359,-0.304992602,0.0142013597,14.9596708,0.506
105646.169528,-0.369023313,0.000410852786,12.3851474,0.506
105646.173696,-0.353023579,-0.0381284322,12.4145209,0.506
105646.177864,-0.377389524,-0.0106609357,14.1062855,0.506
105646.182033,-0.383797691,-0.0249102277,14.1290726,0.506
105646.186201,-0.388352765,-0.0317100994,14.1367773,0.506
105646.190370,-0.378061063,-0.00288181798,17.3714913,0.506
105646.194538,-0.418391046,-0.022503251,17.3280815,0.506
105646.198706,-0.392670122,0.0119701588,19.6750408,0.506
105646.202875,-0.407383838,-0.01395571,19.6229465,0.506
105646.207043,-0.396428627,0.00213198307,20.7858365,0.506
105646.211212,-0.40483534,-0.00437222037,20.7986469,0.506
105646.215380,-0.405377556,0.00725249697,20.7232278,0.506
105646.219548,-0.409459929,0.0156553364,22.2700153,0.506
105646.223717,-0.402660987,0.014047028,22.3654923,0.506
105646.227885,-0.39138911,0.0202494887,27.3441381,0.506
105646.232054,-0.422016126,0.0119979361,27.1695198,0.506
105646.236222,-0.414525922,0.00340261618,26.922422,0.506
105646.240391,-0.414484722,0.0141167763,30.2917747,0.506
105646.244559,-0.427582095,-0.00134268754,30.7691251,0.506
105646.248727,-0.414274266,0.0246595296,28.4133789,0.506
105646.252896,-0.431838455,0.0249641454,28.4899112,0.506
105646.257064,-0.421575165,0.0209419654,33.1279576,0.506
105646.261233,-0.400717752,0.0285575536,32.2958264,0.506
105646.265401,-0.428701645,0.0587832351,32.5353334,0.506
105646.269569,-0.402110645,0.0276052897,48.3329853,0.506
105646.273738,-0.406981515,0.0345052703,49.3778256,0.506
105646.277906,-0.412466359,0.0238574533,46.0127465,0.506
105646.282075,-0.413540913,-0.00234726517,47.2059908,0.506
105646.286243,-0.41228036,-0.00475399612,47.7607556,0.506
105646.290411,-0.414801325,-0.0106790148,54.2655188,0.506
105646.294580,-0.418532907,0.0133933772,53.4708782,0.506
105646.298748,-0.415383607,-0.0074440074,58.9433482,0.506
105646.302917,-0.431564823,0.0257181916,61.7864592,0.506
105646.307085,-0.419364556,0.017133744,60.9656159,0.506
105646.311253,-0.418344482,0.0198311784,60.3324883,0.506
105646.315422,-0.435411666,0.0426098322,61.5358117,0.506
105646.319590,-0.3982703,0.000214803852,39.9436586,0.506
105646.323759,-0.416735277,-0.00053316927,39.8961087,0.506
105646.327927,-0.4133867,-0.023094517,28.475221,0.506
105646.332096,-0.441198269,0.025234561,28.3610533,0.506
105646.336264,-0.412569618,0.0113379605,28.4987302,0.506
105646.340432,-0.425404087,-0.0227005795,26.8895598,0.506
105646.344601,-0.427686395,0.0204310256,26.0580432,0.506
105646.348769,-0.439155757,-0.0101338681,24.6854607,0.506
105646.352938,-0.387704444,0.00527823797,25.3489383,0.506
105646.357106,-0.403017979,0.0130750188,24.9998386,0.506
105646.361274,-0.408838611,0.00665577164,18.7968416,0.506
105646.365443,-0.415533919,0.00255189034,18.8198417,0.506
105646.369611,-0.407201153,-0.003988919,14.2286824,0.506
105646.373780,-0.40912251,-0.0235356613,14.3348228,0.506
105646.377948,-0.417362285,-0.0289347668,15.0068659,0.506
105646.382116,-0.419077546,-0.0357823039,15.0104857,0.506
105646.386285,-0.407146038,-0.0628131749,15.0478181,0.506
105646.390453,-0.4163034,-0.0268185282,25.1296081,0.506
105646.394622,-0.412470871,-0.0250969371,25.3543167,0.506
105646.398790,-0.404604908,-0.00657508472,34.0145089,0.506
105646.402959,-0.396677353,-0.0408657942,33.119554,0.506
105646.407127,-0.408641197,-0.0299309546,33.1746594,0.506
105646.411295,-0.407838775,-0.0143851527,32.2417572,0.506
105646.415464,-0.411224721,-0.0313197458,31.6699162,0.506
105646.419632,-0.404963691,0.0125962019,25.3601922,0.506
105646.423801,-0.419254719,-0.0142391857,25.3231744,0.506
105646.427969,-0.407504712,0.015314129,20.2637263,0.506
105646.432137,-0.426645356,0.0316420327,20.3563163,0.506
105646.436306,-0.405675704,0.028985211,20.3658064,0.506
105646.440474,-0.412178542,0.036830047,24.3743562,0.506
105646.444643,-0.424938175,0.0447217923,24.0497333,0.506
105646.448811,-0.411250101,0.0202005108,45.7730172,0.506
105646.452979,-0.418776917,0.0460460204,45.0323323,0.506
105646.457148,-0.41985283,0.0506564206,46.6803942,0.506
105646.461316,-0.437138048,0.045718027,41.8405476,0.506
105646.465485,-0.383418354,0.0381558501,40.020128,0.506
105646.469653,-0.406578211,0.0334699065,22.5821598,0.506
105646.473822,-0.386053766,0.04558475,21.8962281,0.506
105646.477990,-0.452959498,0.0516320064,12.9696828,0.506
105646.482158,-0.395240236,0.0135439666,12.8542826,0.506
105646.486327,-0.425102041,0.00795173659,12.9473579,0.506
105646.490495,-0.415542326,-0.00149006707,12.6502623,0.506
105646.494664,-0.454177359,0.0417009478,12.5987219,0.506
105646.498832,-0.401754789,-0.0198755385,12.0282959,0.506
105646.503000,-0.465108128,0.0329693506,11.9874918,0.506
105646.507169,-0.471751342,-0.0104359558,12.0687347,0.506
105646.511337,-0.428092816,-0.00893196927,11.1533001,0.506
105646.515506,-0.458170398,-0.00390580638,11.1601919,0.506
105646.519674,-0.432323141,-0.01808485,9.67463174,0.506
105646.523842,-0.416572596,0.017932859,9.65421666,0.506
105646.528011,-0.42932723,-0.0350376294,8.43607018,0.506
105646.532179,-0.433627458,-0.0231932085,8.44752098,0.506
105646.536348,-0.446418249,-0.0397783531,8.45129759,0.506
105646.540516,-0.434869653,-0.010151803,7.59616457,0.506
105646.544684,-0.415832549,0.00283511323,7.60120602,0.506
105646.548853,-0.428300422,-0.0277046103,7.12919014,0.506
105646.553021,-0.412705406,-0.0208649861,7.12608323,0.506
105646.557190,-0.421456056,-0.0499782035,7.12678639,0.506
105646.561358,-0.397412087,-0.0282901935,6.79939935,0.506
105646.565527,-0.390300739,0.00706806071,6.80194916,0.506
105646.569695,-0.412640405,0.00825105466,6.46156623,0.506
105646.573863,-0.397149681,0.0404468378,6.46451846,0.506
105646.578032,-0.382304093,0.0327831112,7.11077335,0.506
105646.582200,-0.375677263,0.0220058998,7.11136067,0.506
105646.586369,-0.352260283,0.0494714374,7.11124934,0.506
105646.590537,-0.379482917,0.0392153943,8.12656158,0.506
105646.594705,-0.377972512,0.0340364787,8.12624431,0.506
105646.598874,-0.372622527,-0.00826417719,8.95076318,0.506
105646.603042,-0.36716087,0.00757148308,8.95280169,0.506
105646.607211,-0.347669784,0.0115887835,8.95561598,0.506
105646.611379,-0.360354588,-0.0183417994,10.7222925,0.506
105646.615547,-0.340897269,-0.0101802904,10.7105135,0.506
105646.619716,-0.356237241,-0.0321586004,14.5155419,0.506
105646.623884,-0.350424689,-0.0527552052,14.520365,0.506
105646.628053,-0.378121859,-0.0213068558,28.6837776,0.506
105646.632221,-0.346494305,-0.042763966,28.8987012,0.506
105646.636390,-0.334402536,-0.0601459371,28.818938,0.506
105646.640558,-0.366432926,-0.0339041605,76.9746786,0.506
105646.644726,-0.361795141,-0.0563779985,76.9911815,0.506
105646.648895,-0.377831257,-0.0458784435,29.8177093,0.506
105646.653063,-0.382266047,-0.0578704248,29.7905203,0.506
105646.657232,-0.387034083,-0.0648716071,29.7893546,0.506
105646.661400,-0.402183693,-0.0568166065,17.3126253,0.506
105646.665568,-0.410056837,-0.0522293384,17.2857555,0.506
105646.669737,-0.400048252,-0.0322694982,12.9082745,0.506
105646.673905,-0.408279796,-0.0347689281,12.8900224,0.506
105646.678074,-0.399555403,-0.0351426574,12.9054921,0.506
105646.682242,-0.399549409,-0.0436909359,13.0213794,0.506
105646.686410,-0.406654771,-0.0706873142,13.0337893,0.506
105646.690579,-0.391920114,-0.0637807954,11.920169,0.506
105646.694747,-0.385687833,-0.081095136,11.9312574,0.506
105646.698916,-0.38949942,-0.058408095,9.54497078,0.506
105646.703084,-0.383895327,-0.0535561262,9.54054882,0.506
105646.707253,-0.396485722,-0.0516889191,9.54550645,0.506
105646.711421,-0.398675663,-0.0799152196,8.86039782,0.506
105646.715589,-0.388979088,-0.0423288923,8.85649523,0.506
105646.719758,-0.40050229,-0.0569905773,8.5760771,0.506
105646.723926,-0.407971106,-0.0290537066,8.5766966,0.506
105646.728095,-0.397223359,-0.0287317762,8.56919755,0.506
105646.732263,-0.421524438,-0.0701543981,8.38193083,0.506
105646.736431,-0.378432372,-0.0210756139,8.376407,0.506
105646.740600,-0.381815986,0.0105540095,8.59242954,0.506
105646.744768,-0.402710464,-0.00435183893,8.59860953,0.506
105646.748937,-0.356099173,0.0156423789,11.8846777,0.506
105646.753105,-0.379512636,0.0159950252,11.8882581,0.506
105646.757273,-0.367074072,0.0500986382,11.8850979,0.506
105646.761442,-0.344413282,0.0240519437,20.1627402,0.506
105646.765610,-0.358121907,0.0322186267,20.2110716,0.506
105646.769779,-0.353594491,0.000655090789,40.5235757,0.506
105646.773947,-0.33685342,0.0233351695,40.7422055,0.506
105646.778115,-0.316793706,0.0162633439,40.9521994,0.506
105646.782284,-0.3479365,-0.0127166401,28.6332328,0.506
105646.786452,-0.322278508,-0.0171524301,28.728598,0.506
105646.790621,-0.362781759,-0.0203806892,23.1899313,0.506
105646.794789,-0.339232324,-0.0338802946,23.1844843,0.506
105646.798958,-0.365393426,-0.0132649166,20.9332344,0.506
105646.803126,-0.347286156,-0.0321518036,20.9562914,0.506
105646.807294,-0.353039214,-0.0322608983,20.9402433,0.506
105646.811463,-0.37632967,-0.0301208833,18.5900073,0.506
105646.815631,-0.372898285,-0.0240628045,18.5322297,0.506
105646.819800,-0.389553007,-0.0160150115,19.9206487,0.506
105646.823968,-0.404018691,-0.0323517458,19.9366345,0.506
105646.828136,-0.430226527,-0.0260633342,19.900213,0.506
105646.832305,-0.41545487,-0.00712483554,27.7907192,0.506
105646.836473,-0.432908673,-0.0200731167,27.581248,0.506
105646.840642,-0.410090626,-0.00769330261,25.9550506,0.506
105646.844810,-0.441255528,-0.00803536082,26.0440089,0.506
105646.848978,-0.398292923,0.0124255015,15.2977068,0.506
105646.853147,-0.416027601,0.00270124474,15.2836252,0.506
105646.857315,-0.443021167,0.0220656965,15.2799892,0.506
105646.861484,-0.408672027,0.024185538,10.6208244,0.506
105646.865652,-0.414670952,0.044460585,10.6209243,0.506
105646.869821,-0.389601792,0.0132785694,8.71471895,0.506
105646.873989,-0.38292389,0.0213301531,8.71178591,0.506
105646.878157,-0.378548626,0.067040553,8.71084888,0.506
105646.882326,-0.366939895,0.0281054644,8.17128126,0.506
105646.886494,-0.361899988,0.0327373286,8.16992993,0.506
105646.890663,-0.350125817,0.000403785222,8.42590121,0.506
105646.894831,-0.350493474,-0.0162651567,8.42392338,0.506
105646.898999,-0.355078552,-0.0086820977,10.0248173,0.506
105646.903168,-0.337132234,-0.00282681321,10.0269492,0.506
105646.907336,-0.306578618,-0.0108013798,10.0238908,0.506
105646.911505,-0.32324104,0.00383710943,14.4242064,0.506
105646.915673,-0.284918422,-0.023526972,14.4326817,0.506
105646.919841,-0.334489456,-0.0257467595,36.5637642,0.506
105646.924010,-0.291427483,-0.0544156335,37.1680021,0.506
105646.928178,-0.280023109,-0.0497438479,37.2011664,0.506
105646.932347,-0.33841734,-0.0428949647,30.843823,0.506
105646.936515,-0.297695841,-0.0377170736,30.690443,0.506
105646.940684,-0.343642685,-0.0127474995,12.6565806,0.506
105646.944852,-0.308791039,-0.0111256939,12.6580894,0.506
105646.949020,-0.363321791,-0.00787414944,8.38206761,0.506
105646.953189,-0.327510428,-0.0382835119,8.37178913,0.506
105646.957357,-0.337564967,-0.0601126725,8.37684922,0.506
105646.961526,-0.371721055,-0.0164242609,6.32077751,0.506
105646.965694,-0.358045938,-0.0257492419,6.31926075,0.506
105646.969862,-0.370545339,0.0234596648,5.42123021,0.506
105646.974031,-0.370244402,0.0232904646,5.42129603,0.506
105646.978199,-0.383081881,0.0344037985,5.42103723,0.506
105646.982368,-0.395654318,0.0488793302,5.26628697,0.506
105646.986536,-0.41018885,0.0587988746,5.26719412,0.506
105646.990704,-0.416904512,0.0380299633,5.69222928,0.506
105646.994873,-0.42401295,0.0648496811,5.6951141,0.506
105646.999041,-0.43106967,0.025650445,6.60331396,0.506
105647.003210,-0.441335153,0.0513594758,6.60133245,0.506
105647.007378,-0.448068224,0.0771713372,6.60254498,0.506
105647.011546,-0.438288517,0.0457267843,7.89294476,0.506
105647.015715,-0.455575169,0.0648049525,7.8911455,0.506
105647.019883,-0.429947039,0.0399447993,9.73770178,0.506
105647.024052,-0.462881219,0.0447021888,9.74032089,0.506
105647.028220,-0.470594664,0.0496451297,9.74297853,0.506
105647.032389,-0.453405185,0.042474533,12.2618809,0.506
105647.036557,-0.469132278,0.0275265502,12.2527952,0.506
105647.040725,-0.446058253,0.0494371494,15.385656,0.506
105647.044894,-0.450465735,0.0398491697,15.380169,0.506
105647.049062,-0.486149152,0.0259008105,15.3431257,0.506
105647.053231,-0.473551518,0.0290077428,18.6664523,0.506
105647.057399,-0.481012367,0.0238968509,18.6383692,0.506
105647.061567,-0.460317171,0.0410790039,20.0994254,0.506
105647.065736,-0.482769431,0.0436682636,20.0018293,0.506
105647.069904,-0.468456861,0.060280542,20.2974363,0.506
105647.074073,-0.470848346,0.0685753872,20.1767252,0.506
105647.078241,-0.489850936,0.0757024308,20.3091381,0.506
105647.082409,-0.479051252,0.100311331,25.0731333,0.506
105647.086578,-0.477225321,0.0921990403,25.1015056,0.506
105647.090746,-0.49015622,0.0700197305,34.3808461,0.506
105647.094915,-0.491123501,0.075852206,34.2413638,0.506
105647.099083,-0.512667651,0.0776606814,34.6031559,0.506
105647.103252,-0.506331034,0.0711712586,34.34933,0.506
105647.107420,-0.487546298,0.068867855,34.2337286,0.506
105647.111588,-0.507266313,0.0657685708,32.4363304,0.506
105647.115757,-0.493087527,0.0548768007,31.8617622,0.506
105647.119925,-0.504970718,0.056087288,27.4103335,0.506
105647.124094,-0.495232502,0.0493973944,27.4581001,0.506
105647.128262,-0.496601676,0.0458130483,27.4167066,0.506
105647.132430,-0.509814285,0.0505357243,25.7012092,0.506
105647.136599,-0.494035753,0.0266140326,25.6701444,0.506
105647.140767,-0.508418596,0.0434334085,25.9796044,0.506
105647.144936,-0.508171276,0.0486461563,26.0057035,0.506
105647.149104,-0.505938987,0.0436866179,25.8532444,0.506
105647.153272,-0.498755072,0.0734528798,22.9173458,0.506
105647.157441,-0.496882927,0.0788654545,22.844333,0.506
105647.161609,-0.504264682,0.0603305224,16.088023,0.506
105647.165778,-0.489050752,0.0599473747,16.1798181,0.506
105647.169946,-0.522827869,0.0404512691,12.0419455,0.506
105647.174115,-0.509848152,0.0321566427,12.0474553,0.506
105647.178283,-0.508191131,0.0246379411,12.0452651,0.506
105647.182451,-0.507375843,0.0176134888,10.8848468,0.506
105647.186620,-0.525964619,-0.0048397536,10.883936,0.506
105647.190788,-0.519205586,0.0139458091,10.6168933,0.506
105647.194957,-0.532936765,-0.00527721255,10.6118197,0.506
105647.199125,-0.525354163,-0.0110248262,10.6306674,0.506
105647.203293,-0.538233146,0.00728524783,10.107362,0.506
105647.207462,-0.548472066,-0.000284300641,10.1126633,0.506
105647.211630,-0.551582253,0.0500762506,10.104676,0.506
105647.215799,-0.549217304,0.0415177238,10.0936798,0.506
105647.219967,-0.547121189,0.049277091,11.714095,0.506
105647.224135,-0.549132707,0.0651567127,11.7372777,0.506
105647.228304,-0.569198081,0.0598469876,11.7466469,0.506
105647.232472,-0.538091754,0.0548039943,15.926373,0.506
105647.236641,-0.553237777,0.0529679305,15.8990988,0.506
105647.240809,-0.520269668,0.039617592,20.9291024,0.506
105647.244978,-0.53922027,0.0486903438,21.0470627,0.506
105647.249146,-0.537633202,0.0455680278,21.0897789,0.506
105647.253314,-0.525588992,0.0404468217,25.9606042,0.506
105647.257483,-0.53212025,0.0360378008,26.0428201,0.506
105647.261651,-0.519070864,0.0314625368,27.540181,0.506
105647.265820,-0.534071411,0.024878156,27.6186597,0.506
105647.269988,-0.525410887,0.0514291567,26.8709324,0.506
105647.274156,-0.522608655,0.0327693779,26.7707094,0.506
105647.278325,-0.531828666,0.0530444256,26.879823,0.506
105647.282493,-0.526334832,0.0585662018,31.8371115,0.506
105647.286662,-0.537318727,0.0638698109,31.8612407,0.506
105647.290830,-0.534386044,0.0535614283,48.7952599,0.506
105647.294998,-0.534195871,0.0736868185,47.7116819,0.506
105647.299167,-0.554007432,0.0890712505,48.3982864,0.506
105647.303335,-0.524962229,0.0643315265,33.3052708,0.506
105647.307504,-0.547257512,0.0686660708,33.2976808,0.506
105647.311672,-0.530346224,0.0463515332,19.4953894,0.506
105647.315840,-0.520858113,0.0423881226,19.4152354,0.506
105647.320009,-0.535468876,0.0256825517,14.8834402,0.506
105647.324177,-0.529991361,0.00748564843,14.8570351,0.506
105647.328346,-0.545362201,0.00846671108,14.8628331,0.506
105647.332514,-0.532702429,0.0350130073,12.0765413,0.506
105647.336683,-0.514742932,0.0369291664,12.0753399,0.506
105647.340851,-0.521840875,0.0459413341,10.7885665,0.506
105647.345019,-0.518298396,0.0193863971,10.7842244,0.506
105647.349188,-0.528664547,0.0340947673,10.779967,0.506
105647.353356,-0.518010299,0.0255430055,10.0749459,0.506
105647.357525,-0.514390194,0.0221088001,10.080755,0.506
105647.361693,-0.508959347,0.0307392609,9.70067582,0.506
105647.365861,-0.510820238,-0.00869710783,9.69470823,0.506
105647.370030,-0.501673163,0.00816357318,9.69677544,0.506
105647.374198,-0.492728934,0.00699574164,10.0878622,0.506
105647.378367,-0.508471885,-0.0148175487,10.0743775,0.506
105647.382535,-0.492346952,0.0309008699,10.7527586,0.506
105647.386703,-0.495334527,0.0291832709,10.7623318,0.506
105647.390872,-0.506029104,0.0220429797,11.6649768,0.506
105647.395040,-0.50283206,0.0402187877,11.6575307,0.506
105647.399209,-0.481781731,0.0310103726,11.6569628,0.506
105647.403377,-0.480993086,0.0371470113,12.7079908,0.506
105647.407546,-0.482454761,0.0271633194,12.7223106,0.506
105647.411714,-0.493797168,0.0129399946,14.0637858,0.506
105647.415882,-0.467942256,0.0178189718,14.0572159,0.506
105647.420051,-0.47972282,0.016798,14.0275242,0.506
105647.424219,-0.475607251,0.0017857943,16.0225606,0.506
105647.428388,-0.483612614,0.0176053025,16.0197546,0.506
105647.432556,-0.489441927,0.00566777953,18.3721911,0.506
105647.436724,-0.488762407,-0.00334185051,18.4089861,0.506
105647.440893,-0.493300581,-0.00890560985,22.8600695,0.506
105647.445061,-0.48390333,-0.015310054,22.7349073,0.506
105647.449230,-0.481293253,-0.0106952618,22.8096181,0.506
105647.453398,-0.512793176,-0.0285827078,34.4075343,0.506
105647.457566,-0.476598537,-0.0119750456,34.9554373,0.506
105647.461735,-0.495503874,-0.0117639206,51.8456743,0.506
105647.465903,-0.484515612,-0.00492621702,52.5593885,0.506
105647.470072,-0.475794922,-0.0178869288,52.0128275,0.506
105647.474240,-0.49791218,-0.0171159987,71.230847,0.506
105647.478409,-0.477545246,-0.0125576551,68.1013155,0.506
105647.482577,-0.491823002,-0.0181985215,59.7814823,0.506
105647.486745,-0.488229685,-0.0265514059,59.3525531,0.506
105647.490914,-0.51097673,-0.00900112336,35.5171832,0.506
105647.495082,-0.488761533,-0.0251698642,34.8583216,0.506
105647.499251,-0.485617064,-0.0394687882,34.8712201,0.506
105647.503419,-0.475492701,-0.017506634,27.0165409,0.506
105647.507587,-0.493898694,-0.00502013391,27.0054761,0.506
105647.511756,-0.476848491,-0.00522180715,24.094323,0.506
105647.515924,-0.471441353,-0.0173425244,24.0416872,0.506
105647.520093,-0.467277113,0.0106614563,24.092842,0.506
105647.524261,-0.498055368,-0.00949419208,21.9192861,0.506
105647.528429,-0.481186861,0.00720023533,21.8484006,0.506
105647.532598,-0.496833687,-0.0128429034,20.3715395,0.506
105647.536766,-0.500851305,0.00843464223,20.5307935,0.506
105647.540935,-0.516800049,-0.0200285347,21.932995,0.506
105647.545103,-0.507709261,-0.0218033931,21.8586205,0.506
105647.549271,-0.527195079,-0.0193313717,21.9350194,0.506
105647.553440,-0.532989704,-0.0272192252,26.8303734,0.506
105647.557608,-0.537252578,-0.0394446347,26.9179149,0.506
105647.561777,-0.516727552,-0.0242919233,48.2486801,0.506
105647.565945,-0.563051021,-0.0576440133,48.6768496,0.506
105647.570114,-0.569854828,-0.0231066125,48.6795355,0.506
105647.574282,-0.52805388,-0.0150815942,52.2653415,0.506
105647.578450,-0.534855982,-0.041848068,52.8642975,0.506
105647.582619,-0.54720178,-0.0237615162,35.4354034,0.506
105647.586787,-0.530866306,-0.0290928291,35.1436271,0.506
105647.590956,-0.530379272,-0.0212357139,26.0515256,0.506
105647.595124,-0.541153328,-0.0206649791,25.8903232,0.506
105647.599292,-0.564664611,-0.0155580264,25.8542151,0.506
105647.603461,-0.509095943,0.0235967575,21.7149814,0.506
105647.607629,-0.557324692,0.00992237501,21.5544886,0.506
105647.611798,-0.536655535,-0.0148663579,17.8328571,0.506
105647.615966,-0.513395507,0.0270085915,17.7892813,0.506
105647.620134,-0.555712411,0.0114974572,17.7225768,0.506
105647.624303,-0.517140564,0.0131748524,13.6820482,0.506
105647.628471,-0.528620574,-0.000956544662,13.7040383,0.506
105647.632640,-0.531723761,-0.0190713998,11.2037189,0.506
105647.636808,-0.518382907,-0.00796960379,11.2092559,0.506
105647.640977,-0.541361019,-0.0468739057,10.7302789,0.506
105647.645145,-0.528017737,-0.0382764738,10.7358799,0.506
105647.649313,-0.555258417,-0.0906357365,10.7411096,0.506
105647.653482,-0.563152634,-0.0594072834,13.3544174,0.506
105647.657650,-0.566643622,-0.0640054465,13.3760636,0.506
105647.661819,-0.558192614,-0.0372102183,16.1710845,0.506
105647.665987,-0.568115183,-0.0497413997,16.1314259,0.506
105647.670155,-0.576152271,-0.0722877008,16.159841,0.506
105647.674324,-0.564944382,-0.0432199461,20.4712759,0.506
105647.678492,-0.558332478,-0.0556741152,20.5568272,0.506
105647.682661,-0.573759029,-0.0317316622,26.1208925,0.506
105647.686829,-0.557726968,-0.0600337172,26.070214,0.506
105647.690997,-0.578432617,-0.0249169497,33.1695084,0.506
105647.695166,-0.574459704,-0.0319119825,33.3554582,0.506
105647.699334,-0.583733549,-0.0607168754,33.4255958,0.506
105647.703503,-0.580051958,-0.0364266611,37.4305641,0.506
105647.707671,-0.598021842,-0.0301295233,36.9349833,0.506
105647.711839,-0.59951174,-0.0203071771,39.1463138,0.506
105647.716008,-0.600996281,0.00945141114,39.5495474,0.506
105647.720176,-0.600448601,0.00385702775,38.8783095,0.506
105647.724345,-0.603527463,-0.0208815247,71.5524081,0.506
105647.728513,-0.609792336,-0.0177491827,69.9595791,0.506
105647.732682,-0.595014671,-0.0319523306,30.5656568,0.506
105647.736850,-0.602262022,-0.0684875316,30.574143,0.506
105647.741018,-0.620761063,-0.0721444603,30.5361101,0.506
105647.745187,-0.625122501,-0.0947031895,34.0989567,0.506
105647.749355,-0.599309419,-0.0812216103,33.4211452,0.506
105647.753524,-0.629531533,-0.0652239182,33.7874227,0.506
105647.757692,-0.630922383,-0.0979730504,33.6100934,0.506
105647.761860,-0.618148575,-0.0629863632,24.014567,0.506
105647.766029,-0.614493594,-0.0285959419,23.9692672,0.506
105647.770197,-0.628019038,-0.0862815877,23.7771254,0.506
105647.774366,-0.640979185,-0.0654265662,22.6258894,0.506
105647.778534,-0.629682991,-0.0719237461,22.7433148,0.506
105647.782702,-0.629336129,-0.0557644857,22.7484961,0.506
105647.786871,-0.64489356,-0.0509617723,22.7524174,0.506
105647.791039,-0.654729516,-0.0486170883,22.5977774,0.506
105647.795208,-0.62943515,-0.0809965356,29.8025039,0.506
105647.799376,-0.651294391,-0.0876756014,29.8050458,0.506
105647.803545,-0.636544896,-0.0707744843,24.9127882,0.506
105647.807713,-0.649334979,-0.0733543345,24.8794511,0.506
105647.811881,-0.638415301,-0.0684472016,19.2904506,0.506
105647.816050,-0.630647469,-0.0631610637,19.3402622,0.506
105647.820218,-0.627788737,-0.0639719052,19.3382539,0.506
105647.824387,-0.630418678,-0.0625179131,21.6483599,0.506
105647.828555,-0.624834924,-0.0574043603,21.648737,0.506
105647.832723,-0.637791733,-0.0667803465,22.2103867,0.506
105647.836892,-0.649923564,-0.0891501936,22.1769097,0.506
105647.841060,-0.648167045,-0.0532652328,22.066835,0.506
105647.845229,-0.643777734,-0.0471090143,19.7840362,0.506
105647.849397,-0.639801253,-0.0352113866,19.764669,0.506
105647.853565,-0.641614955,-0.0405123897,26.0875687,0.506
105647.857734,-0.65101386,-0.0370615426,26.3000924,0.506
105647.861902,-0.643418929,-0.0741908412,29.0600909,0.506
105647.866071,-0.671014906,-0.0468736504,28.8629731,0.506
105647.870239,-0.651234104,-0.059677301,28.5484906,0.506
105647.874407,-0.656675571,-0.0475258396,22.3314118,0.506
105647.878576,-0.640751281,-0.0303990817,22.1550952,0.506
105647.882744,-0.645288462,-0.0388490895,22.7342903,0.506
105647.886913,-0.67481401,-0.0334958356,23.1790272,0.506
105647.891081,-0.654532866,-0.00591331196,23.0712977,0.506
105647.895250,-0.64465215,-0.0384330975,23.8642508,0.506
105647.899418,-0.665660856,-0.0257738302,24.013384,0.506
105647.903586,-0.669606736,-0.0215477967,23.0242359,0.506
105647.907755,-0.674114452,0.000723554275,23.0357914,0.506
105647.911923,-0.656424651,-0.0316258424,22.9176879,0.506
105647.916092,-0.658746378,-0.00980974694,22.3843762,0.506
105647.920260,-0.676022873,-0.00440214658,22.4428435,0.506
105647.924428,-0.670388928,-0.0349377015,17.9992758,0.506
105647.928597,-0.685384883,-0.0237683619,18.1242506,0.506
105647.932765,-0.655155912,-0.0390827009,16.6266579,0.506
105647.936934,-0.683727138,-0.039771829,16.6757492,0.506
105647.941102,-0.665796941,-0.0120560132,16.4352982,0.506
105647.945270,-0.655294326,-0.0251584864,18.881925,0.506
105647.949439,-0.653280683,-0.0373399307,18.9577817,0.506
105647.953607,-0.670307755,-0.00123060718,23.9588066,0.506
105647.957776,-0.647356453,-0.0263454593,24.5135184,0.506
105647.961944,-0.653009066,-0.0281624734,32.8535881,0.506
105647.966113,-0.649336816,-0.0260898503,32.4178751,0.506
105647.970281,-0.630856103,-0.0181014315,32.9617276,0.506
105647.974449,-0.640410643,-0.0251725026,33.780702,0.506
105647.978618,-0.61269187,-0.0211523403,33.97208,0.506
105647.982786,-0.661024187,-0.0272504345,22.0665449,0.506
105647.986955,-0.631177631,-0.0159346697,22.0756179,0.506
105647.991123,-0.604039004,-0.0198448875,22.2615186,0.506
105647.995291,-0.658808322,-0.0389741233,15.5031142,0.506
105647.999460,-0.629195008,-0.0202425542,15.4683694,0.506
105648.003628,-0.647161873,-0.00487233618,11.6321228,0.506
105648.007797,-0.634726355,-0.0135964681,11.6126329,0.506
105648.011965,-0.655739505,6.4213689e-05,8.83509354,0.506
105648.016133,-0.649890952,-0.0127602875,8.82952364,0.506
105648.020302,-0.612717656,-0.00155753426,8.83604467,0.506
105648.024470,-0.66318909,-0.0107870819,7.24253905,0.506
105648.028639,-0.63929174,-0.00237443292,7.24307036,0.506
105648.032807,-0.679050482,0.00640981045,6.42912753,0.506
105648.036975,-0.656820752,0.0269863753,6.42729679,0.506
105648.041144,-0.641698169,0.0144485704,6.43456062,0.506
105648.045312,-0.646045233,0.0296759538,5.85093943,0.506
105648.049481,-0.655972149,0.015939326,5.85451254,0.506
105648.053649,-0.65484139,-0.00634416112,5.45162168,0.506
105648.057818,-0.654841651,-0.0108429762,5.44965333,0.506
105648.061986,-0.672900964,-0.0294891617,5.45065019,0.506
105648.066154,-0.660245454,0.000349740766,5.367774,0.506
105648.070323,-0.662061126,-0.0266240024,5.36499064,0.506
105648.074491,-0.669901492,0.0176065514,5.23092623,0.506
105648.078660,-0.652036385,-0.00758298005,5.23137329,0.506
105648.082828,-0.660359549,0.0195716818,5.03320002,0.506
105648.086996,-0.66836378,0.0158826641,5.03091893,0.506
105648.091165,-0.656786437,0.0252542813,5.03197441,0.506
105648.095333,-0.680652357,0.0287903933,5.06816464,0.506
105648.099502,-0.699239227,0.0412474441,5.06817866,0.506
105648.103670,-0.690062521,0.0382624638,5.57183213,0.506
105648.107839,-0.723512079,0.0498861666,5.56669588,0.506
105648.112007,-0.747818472,0.0643875871,5.56945824,0.506
105648.116175,-0.732987608,0.0469111667,6.96622839,0.506
105648.120344,-0.75934004,0.0599745748,6.96474336,0.506
105648.124512,-0.711237838,0.0506503494,10.1266664,0.506
105648.128681,-0.744076989,0.0544420175,10.1229946,0.506
105648.132849,-0.679414174,0.0686407955,17.3127668,0.506
105648.137017,-0.697943957,0.0801065178,17.0050213,0.506
105648.141186,-0.707541287,0.100860572,16.9200841,0.506
105648.145354,-0.685787833,0.0735951278,29.2738304,0.506
105648.149523,-0.717824623,0.074059553,28.2662498,0.506
105648.153691,-0.698140811,0.0693302895,29.4275736,0.506
105648.157859,-0.711266687,0.0767696523,28.5639833,0.506
105648.162028,-0.722543808,0.0956670514,27.3084609,0.506
105648.166196,-0.70783536,0.0700979704,20.3972005,0.506
105648.170365,-0.7242404,0.0772544823,20.1772756,0.506
105648.174533,-0.67046348,0.0791160525,15.4461461,0.506
105648.178701,-0.687434163,0.0816241912,15.6123073,0.506
105648.184954,-0.693957726,0.0790341906,12.7448669,0.506
105648.191207,-0.667858189,0.0748912726,12.6583774,0.506
105648.195375,-0.690781057,0.0726673083,11.0505137,0.506
105648.199544,-0.67795784,0.0731359662,10.9958612,0.506
105648.203712,-0.675895717,0.0677741872,10.1218191,0.506
105648.207880,-0.686701564,0.0588916261,10.2154756,0.506
105648.212049,-0.661674225,0.0290172851,10.249528,0.506
105648.216217,-0.700487375,0.0653205339,9.52525342,0.506
105648.220386,-0.691384029,0.0402747353,9.537466,0.506
105648.224554,-0.652240001,0.0641957684,8.95842185,0.506
105648.228722,-0.678830126,0.056666298,8.95967487,0.506
105648.232891,-0.686008448,0.0702264742,8.7883441,0.506
105648.237059,-0.648423515,0.0694044877,8.80762876,0.506
105648.241228,-0.644166948,0.0880923993,8.80684289,0.506
105648.245396,-0.660770862,0.0697333064,9.14838788,0.506
105648.249564,-0.631426093,0.108620602,9.14677527,0.506
105648.253733,-0.663693709,0.0876349472,9.26723555,0.506
105648.257901,-0.669252961,0.107375719,9.35011402,0.506
105648.262070,-0.65570805,0.119151968,9.33127467,0.506
105648.266238,-0.66593614,0.0931724635,8.80449101,0.506
105648.270406,-0.660926481,0.0806764548,8.82877099,0.506
105648.274575,-0.647862925,0.0612002234,8.51437201,0.506
105648.278743,-0.660567125,0.0793603168,8.54009991,0.506
105648.282912,-0.649750479,0.0719155081,9.04846649,0.506
105648.287080,-0.648714634,0.0687044187,9.05628748,0.506
105648.291249,-0.64562274,0.0603179084,9.01230815,0.506
105648.295417,-0.654570977,0.073187939,10.279007,0.506
105648.299585,-0.627914467,0.0635293487,10.2682705,0.506
105648.303754,-0.640301671,0.0695380455,11.6930449,0.506
105648.307922,-0.614992945,0.0565407501,11.6733029,0.506
105648.312091,-0.656797071,0.0430581374,11.6807245,0.506
105648.316259,-0.656818445,0.0820883048,12.654628,0.506
105648.320427,-0.645512147,0.0881536161,12.6303395,0.506
105648.324596,-0.686873212,0.0663928,11.6852355,0.506
105648.328764,-0.657539661,0.0456287755,11.6340513,0.506
105648.332933,-0.656737772,0.0756427354,11.3289782,0.506
105648.337101,-0.669391554,0.0756313179,11.3354225,0.506
105648.341269,-0.688490249,0.0683503878,11.3796408,0.506
105648.345438,-0.668545234,0.0600084128,10.4046128,0.506
105648.349606,-0.6826558,0.0865864979,10.4281624,0.506
105648.353775,-0.662745069,0.0609139284,8.77046596,0.506
105648.357943,-0.651600125,0.0578673952,8.78434581,0.506
105648.362112,-0.69028866,0.0785793882,8.78545602,0.506
105648.366280,-0.655289895,0.0619658598,7.79442869,0.506
105648.370448,-0.633988364,0.0477021404,7.79899449,0.506
105648.374617,-0.658678666,0.047511362,7.88590215,0.506
105648.378785,-0.635329896,0.0317285451,7.8893358,0.506
105648.382954,-0.644111847,0.0363144173,8.72217332,0.506
105648.387122,-0.623889886,0.0589501226,8.72532529,0.506
105648.391290,-0.581687747,0.0692721911,8.72359857,0.506
105648.395459,-0.607446902,0.040676738,9.53519561,0.506
105648.399627,-0.594945411,0.0413886196,9.54269823,0.506
105648.403796,-0.630541984,0.034349969,9.76463028,0.506
105648.407964,-0.612376951,-0.000351559555,9.75406213,0.506
105648.412132,-0.601501887,0.0060212878,9.76515076,0.506
105648.418385,-0.651689041,-0.0199382542,10.4807523,0.506
105648.424638,-0.666994215,-0.0159657816,14.2668648,0.506
105648.428806,-0.690023334,-0.0400987169,14.2857744,0.506
105648.432975,-0.70943232,-0.0582756688,14.265938,0.506
105648.437143,-0.69131028,-0.00853329117,31.6489022,0.506
105648.441311,-0.705862097,-0.0230962991,31.6547021,0.506
105648.445480,-0.676668569,-0.00484762744,61.699497,0.506
105648.449648,-0.670733768,0.0104483682,62.8037402,0.506
105648.453817,-0.672320507,-0.00727105006,58.0379936,0.506
105648.457985,-0.661890562,0.00961489227,58.917006,0.506
105648.462153,-0.644716457,0.0494954029,57.3381219,0.506
105648.466322,-0.67567976,-0.00375589231,28.6568607,0.506
105648.470490,-0.667699581,0.0166771108,28.8207324,0.506
105648.474659,-0.667105812,-0.00262176469,19.1343665,0.506
105648.478827,-0.673487462,-0.012839891,19.144526,0.506
105648.482995,-0.669479229,-0.0230449728,19.1627196,0.506
105648.487164,-0.658487898,-0.041834997,17.0587578,0.506
105648.491332,-0.659084667,-0.0392712146,17.0611103,0.506
105648.495501,-0.636396632,-0.0418930474,20.0436441,0.506
105648.499669,-0.627277358,-0.0638658414,20.0936313,0.506
105648.503837,-0.639167897,-0.0590067013,23.9531749,0.506
105648.508006,-0.604798103,-0.0758632215,24.0322121,0.506
105648.512174,-0.575634632,-0.0836501027,24.0267298,0.506
105648.516343,-0.616719139,-0.0809678381,15.5450296,0.506
105648.520511,-0.573301521,-0.114359588,15.5142242,0.506
105648.524680,-0.62383264,-0.0643757202,9.70424913,0.506
105648.528848,-0.606045403,-0.10671936,9.69275436,0.506
105648.533016,-0.5791916,-0.126403204,9.69461966,0.506
105648.537185,-0.61787139,-0.080265485,6.9321211,0.506
105648.541353,-0.593948919,-0.101097403,6.93350486,0.506
105648.545522,-0.633097774,-0.0785703764,5.63334286,0.506
105648.551774,-0.625654332,-0.107044373,5.63303543,0.506
105648.558027,-0.647652314,-0.0909150441,5.057274,0.506
105648.562195,-0.643853421,-0.107205044,5.05706133,0.506
105648.566364,-0.645946961,-0.0907488117,4.80065793,0.506
105648.570532,-0.658877013,-0.0980139022,4.80029019,0.506
105648.574700,-0.650697464,-0.0763281132,4.69813573,0.506
105648.578869,-0.653216977,-0.059872117,4.69746566,0.506
105648.583037,-0.666099319,-0.0592750791,4.69778665,0.506
105648.587206,-0.660832628,-0.049361377,4.92325423,0.506
105648.591374,-0.659506991,-0.0420934842,4.92309567,0.506
105648.595543,-0.652959207,-0.0637288081,5.38061904,0.506
105648.599711,-0.667826133,-0.0511737145,5.38096351,0.506
105648.603879,-0.65750572,-0.0848967108,5.77631541,0.506
105648.608048,-0.674116225,-0.0797912954,5.77573621,0.506
105648.612216,-0.684416343,-0.0897172968,5.77713142,0.506
105648.616385,-0.677947721,-0.0796464943,6.20927247,0.506
105648.620553,-0.701630747,-0.0839439373,6.2105469,0.506
105648.624721,-0.678392045,-0.0816000791,7.05311157,0.506
105648.628890,-0.712216298,-0.0745669288,7.05304133,0.506
105648.633058,-0.745002719,-0.0556529141,7.05221905,0.506
105648.637227,-0.709435806,-0.0572844021,8.9496106,0.506
105648.641395,-0.761211738,-0.0416687838,8.94076729,0.506
105648.645563,-0.703002211,-0.047296211,12.7120036,0.506
105648.649732,-0.744186459,-0.0396730645,12.688878,0.506
105648.653900,-0.696517614,-0.0343822182,12.3256148,0.506
105648.658069,-0.722628881,-0.000187147249,12.3490142,0.506
105648.662237,-0.747616072,0.0317825951,12.3594871,0.506
105648.666406,-0.688754568,0.0155131412,10.1934773,0.506
105648.670574,-0.7030917,0.0463981477,10.1970084,0.506
105648.674742,-0.660504189,-0.0116072629,8.03490563,0.506
105648.678911,-0.666607444,0.0225910205,8.03343727,0.506
105648.683079,-0.65517402,0.042837914,8.03009112,0.506
105648.687248,-0.641924076,-0.00797563996,6.767344,0.506
105648.691416,-0.636318974,-0.00937597124,6.76665149,0.506
105648.695584,-0.621695737,-0.0139173029,6.7448584,0.506
105648.699753,-0.604349633,0.00245262436,6.74530249,0.506
105648.703921,-0.624054638,-0.0193984112,7.25551379,0.506
105648.708090,-0.607158058,-0.0248405755,7.2534523,0.506
105648.712258,-0.562892503,-0.0400503786,7.25335387,0.506
105648.716426,-0.596640337,-0.0498739513,8.6976575,0.506
105648.720595,-0.58541363,-0.0932096455,8.72108498,0.506
105648.724763,-0.621232036,-0.0677312563,12.6710839,0.506
105648.728932,-0.606389531,-0.0917412983,12.6744332,0.506
105648.733100,-0.609033396,-0.118534586,12.6861151,0.506
105648.737268,-0.630117107,-0.0904710419,25.786456,0.506
105648.741437,-0.626222273,-0.107435165,25.6825755,0.506
105648.745605,-0.638984597,-0.0499510201,56.8401503,0.506
105648.749774,-0.63948141,-0.0670631906,59.8822542,0.506
105648.753942,-0.635670437,-0.0516482942,40.9468839,0.506
105648.758111,-0.651278443,-0.0478528029,39.906906,0.506
105648.762279,-0.652503065,-0.0578584913,40.3057879,0.506
105648.766447,-0.649189793,-0.0476186987,30.7849066,0.506
105648.770616,-0.652031676,-0.045939962,30.6208451,0.506
105648.774784,-0.627229195,-0.0209837609,23.5401865,0.506
105648.778953,-0.644035652,-0.025719882,23.3773375,0.506
105648.783121,-0.648581132,-0.0125602084,23.4940346,0.506
105648.787289,-0.631013546,-0.00857354729,20.88749,0.506
105648.791458,-0.612337318,0.00440248248,20.9114525,0.506
105648.795626,-0.61179608,-0.0273253654,20.8363507,0.506
105648.799795,-0.589204764,-0.0172520712,20.8503631,0.506
105648.803963,-0.600568227,-0.0088518194,20.8719988,0.506
105648.808131,-0.589518604,-0.0315467952,24.0062937,0.506
105648.812300,-0.591779304,-0.0186623531,23.8621031,0.506
105648.816468,-0.596524988,-0.036943763,27.2926086,0.506
105648.820637,-0.608660733,-0.0361305399,27.4105377,0.506
105648.824805,-0.592262098,-0.0329597567,31.702804,0.506
105648.828974,-0.598902498,-0.0313559232,31.7917921,0.506
105648.833142,-0.599747418,-0.0340018283,31.6521717,0.506
105648.837310,-0.594438647,-0.0177109153,33.4455469,0.506
105648.841479,-0.594598442,-0.0176057103,33.6030626,0.506
105648.845647,-0.59350034,-0.0190776588,31.2652866,0.506
105648.849816,-0.585843492,-0.0264389976,31.0933245,0.506
105648.853984,-0.596399852,-0.0205021021,31.1094202,0.506
105648.858152,-0.581848268,-0.0166572248,31.156086,0.506
105648.862321,-0.58128434,-0.0161224246,30.6562965,0.506
105648.866489,-0.59292572,-0.0196337279,31.2163756,0.506
105648.870658,-0.585083386,-0.0211676962,31.297708,0.506
105648.874826,-0.58357933,-0.0312656594,27.2193817,0.506
105648.878994,-0.582812468,-0.0244797191,27.4705469,0.506
105648.883163,-0.59551427,-0.0281508191,27.492531,0.506
105648.887331,-0.58905901,-0.00778451583,22.0180157,0.506
105648.891500,-0.594189194,0.00158506214,21.7773496,0.506
105648.895668,-0.583195102,0.00189765462,20.5582834,0.506
105648.899837,-0.56916498,0.016414226,20.6158209,0.506
105648.904005,-0.561941411,0.00939769966,20.7007537,0.506
105648.908173,-0.575326794,-0.017342302,21.6308252,0.506
105648.912342,-0.554543605,-0.0227236136,21.7049734,0.506
105648.916510,-0.589687293,-0.0266300082,21.0630757,0.506
105648.920679,-0.569950491,-0.0291348037,21.2846039,0.506
105648.924847,-0.565758758,-0.0101420932,19.8827119,0.506
105648.929015,-0.561553111,-0.00646433386,19.9224469,0.506
105648.933184,-0.562269287,-0.0161934768,19.897562,0.506
105648.937352,-0.570078955,-0.00947783356,19.0085517,0.506
105648.941521,-0.571741588,0.00265209084,18.9540113,0.506
105648.945689,-0.551892016,-0.00230292447,20.2914363,0.506
105648.949857,-0.57132073,0.00345060784,20.2178829,0.506
105648.954026,-0.560120513,-0.00268465147,20.2432604,0.506
105648.958194,-0.575705239,-0.0108068136,20.7539349,0.506
105648.962363,-0.573537766,0.00262994741,20.6916232,0.506
105648.966531,-0.579066288,-0.000433351904,18.0139289,0.506
105648.970699,-0.584508157,0.0126316096,17.9799531,0.506
105648.974868,-0.5754893,-8.05744645e-05,15.2731047,0.506
105648.979036,-0.577428028,0.0164313003,15.2894014,0.506
105648.983205,-0.611102244,0.0165665386,15.1821191,0.506
105648.987373,-0.581909309,0.0239904233,13.251424,0.506
105648.991542,-0.607257539,0.0154222141,13.2581807,0.506
105648.995710,-0.578236304,0.0218033555,10.9783709,0.506
105648.999878,-0.613995378,0.0155916618,10.9885446,0.506
105649.004047,-0.631774205,0.0291075358,11.0130204,0.506
105649.008215,-0.600473268,0.0244386155,8.61673064,0.506
105649.012384,-0.613582892,0.0699235451,8.61181151,0.506
105649.016552,-0.599694242,0.0620856615,7.17150422,0.506
105649.020720,-0.598911627,0.0736673592,7.16533594,0.506
105649.024889,-0.588170917,0.0646378724,5.99975976,0.506
105649.029057,-0.593536834,0.0797901925,5.99841127,0.506
105649.033226,-0.597850136,0.127632186,5.99712715,0.506
105649.037394,-0.584823181,0.0599491215,5.10631132,0.506
105649.041562,-0.589391884,0.0924932546,5.10684291,0.506
105649.045731,-0.55110901,0.0546534439,4.62499976,0.506
105649.051983,-0.556618473,0.0801107057,4.62607797,0.506
105649.058236,-0.545021758,0.0447853509,4.61322654,0.506
105649.062405,-0.508675525,0.0457564821,4.61287753,0.506
105649.066573,-0.514029536,0.0409363645,5.11184504,0.506
105649.070741,-0.496700448,0.0181797588,5.11054742,0.506
105649.074910,-0.551250946,0.025886078,6.53362338,0.506
105649.079078,-0.492996587,-0.0326844146,6.54352545,0.506
105649.083247,-0.469727159,-0.046497518,6.54325365,0.506
105649.087415,-0.50575782,-0.0192888087,10.3873266,0.506
105649.091583,-0.466403417,-0.0589443467,10.4405916,0.506
105649.095752,-0.536765134,-0.00665697078,17.0698317,0.506
105649.099920,-0.520260741,-0.0442469508,17.0769955,0.506
105649.104089,-0.522450612,-0.0788663482,17.0945349,0.506
105649.108257,-0.553736077,-0.0138447898,12.4573614,0.506
105649.112425,-0.58141344,-0.0424523676,12.4618644,0.506
105649.116594,-0.589256459,0.0498019199,10.1600514,0.506
105649.120762,-0.612922754,0.035130192,10.1619612,0.506
105649.124931,-0.593311441,0.0733322838,10.1516889,0.506
105649.129099,-0.640707993,0.0829801803,12.6728296,0.506
105649.133267,-0.620956503,0.111487765,12.6896604,0.506
105649.137436,-0.618150716,0.0589183111,21.6262382,0.506
105649.141604,-0.631733694,0.093854049,21.584176,0.506
105649.145773,-0.608913275,0.0450971052,17.781735,0.506
105649.149941,-0.620377072,0.0607978413,17.787648,0.506
105649.154110,-0.610916486,0.0966012804,17.7770896,0.506
105649.158278,-0.585252214,0.0211247398,11.179485,0.506
105649.162446,-0.578611357,0.027223722,11.2059395,0.506
105649.166615,-0.566039321,0.00154688386,11.0104486,0.506
105649.170783,-0.523007743,-0.0184955986,11.0236482,0.506
105649.174952,-0.523055638,-0.0478289723,11.0495889,0.506
105649.179120,-0.513236501,-0.010332971,15.0542641,0.506
105649.183288,-0.528540415,-0.00594755941,15.0400237,0.506
105649.187457,-0.54277432,-0.00366421344,15.2794488,0.506
105649.191625,-0.517425923,-0.00174255091,15.2869715,0.506
105649.195794,-0.551445957,-0.00745675921,12.2719573,0.506
105649.199962,-0.528033545,-0.0185155172,12.2676989,0.506
105649.204130,-0.508354479,-0.0259479058,12.2609304,0.506
105649.208299,-0.521386978,-0.00260213768,10.0318659,0.506
105649.212467,-0.508521218,0.00174302247,10.0435189,0.506
105649.216636,-0.529553571,0.0011509378,8.37052544,0.506
105649.220804,-0.53645805,0.0074634567,8.37378421,0.506
105649.224973,-0.548525071,-0.00913081986,8.37187612,0.506
105649.229141,-0.559854067,-0.000797068699,8.00049352,0.506
105649.233309,-0.585928753,8.83269577e-05,8.00009831,0.506
105649.237478,-0.551465178,0.0209824098,8.7987415,0.506
105649.241646,-0.583921358,0.00954581004,8.78897894,0.506
105649.245815,-0.550958554,0.0117664807,9.72411908,0.506
105649.249983,-0.569102382,-0.00426017348,9.71178071,0.506
105649.254151,-0.545959791,-0.000831209666,9.7256596,0.506
105649.258320,-0.567148353,0.000422855132,9.53002641,0.506
105649.262488,-0.506084639,-0.00856960834,9.55050848,0.506
105649.266657,-0.538535992,0.00441192454,8.43269666,0.506
105649.270825,-0.520491959,-0.0151749249,8.43858934,0.506
105649.274993,-0.494920981,-0.0291316804,8.43531829,0.506
105649.279162,-0.553438595,-0.0196934763,6.99506133,0.506
105649.283330,-0.512667313,-0.0251648131,6.99896423,0.506
105649.287499,-0.528560416,-0.0115050066,6.03748234,0.506
105649.291667,-0.531788774,-0.00898912437,6.03619538,0.506
105649.295835,-0.556874764,-0.00287787252,5.50399928,0.506
105649.300004,-0.547541807,-0.00325844203,5.50384195,0.506
105649.304172,-0.559672758,0.00845684546,5.50365868,0.506
105649.308341,-0.568653255,0.0121030568,5.46591031,0.506
105649.312509,-0.585700106,0.0320224503,5.46758215,0.506
105649.316678,-0.589200824,0.00982063763,6.12211427,0.506
105649.320846,-0.638540256,0.0288214965,6.11873448,0.506
105649.325014,-0.681728877,0.0312963314,6.11963383,0.506
105649.329183,-0.634297077,0.0214069085,8.37933138,0.506
105649.333351,-0.696548114,0.0549413133,8.37986022,0.506
105649.337520,-0.622442672,0.0288521846,15.6007055,0.506
105649.341688,-0.656098561,0.0554749538,15.5785949,0.506
105649.345856,-0.617737762,0.0321264836,54.3698608,0.506
105649.350025,-0.620950912,0.0308107202,53.4071547,0.506
105649.354193,-0.648803088,0.0410685542,51.7379996,0.506
105649.358362,-0.606960997,0.0453876212,39.1584884,0.506
105649.362530,-0.614939261,0.0385518222,39.6720287,0.506
105649.366698,-0.592524086,0.0152460912,24.043724,0.506
105649.370867,-0.582350359,0.0289029819,23.875597,0.506
105649.375035,-0.577040308,0.048126614,23.8225145,0.506
105649.379204,-0.566930947,0.0394560256,20.5860726,0.506
105649.383372,-0.521157209,0.029937174,20.6099065,0.506
105649.387541,-0.55275701,0.0267059792,17.8545692,0.506
105649.391709,-0.517183159,0.0168201083,17.8789833,0.506
105649.395877,-0.552533761,0.013690221,13.9645,0.506
105649.400046,-0.53949794,-0.00516819725,13.9712508,0.506
105649.404214,-0.480421201,-0.017921687,13.98587,0.506
105649.408383,-0.548377995,-0.0259184502,10.9057425,0.506
105649.412551,-0.523340201,-0.0359094082,10.9289642,0.506
105649.416719,-0.558622181,-0.011302712,8.95853608,0.506
105649.420888,-0.531669524,-0.0138665953,8.96253201,0.506
105649.425056,-0.558292793,-0.0253508612,8.95329457,0.506
105649.429225,-0.566369178,-0.013967108,8.04800786,0.506
105649.433393,-0.588409031,-0.0145049143,8.04900652,0.506
105649.437561,-0.592791794,-0.00367147049,8.21690511,0.506
105649.441730,-0.619803325,-0.0306848706,8.21594689,0.506
105649.445898,-0.606119273,-0.00942516006,9.60013548,0.506
105649.450067,-0.631817731,-0.00229343871,9.61159136,0.506
105649.454235,-0.67056593,-0.00165363435,9.61242428,0.506
105649.458404,-0.634839877,-0.00366258141,13.0693837,0.506
105649.462572,-0.675994757,-0.00643255997,13.0388641,0.506
105649.466740,-0.603422307,0.0173983654,16.0993298,0.506
105649.470909,-0.654106726,0.0350273002,16.0422037,0.506
105649.475077,-0.705117813,0.0651868833,16.0638197,0.506
105649.479246,-0.628999727,0.0443852018,13.1458323,0.506
105649.483414,-0.656443979,0.0573215186,13.1597585,0.506
105649.487582,-0.602393708,0.0308463455,9.16546591,0.506
105649.491751,-0.628445651,0.036946961,9.15418347,0.506
105649.495919,-0.630390525,0.063403573,9.16181342,0.506
105649.500088,-0.604590096,0.0217165355,7.02309933,0.506
105649.504256,-0.606112326,0.0477767822,7.02263487,0.506
105649.508424,-0.593881876,0.0118165004,6.12693905,0.506
105649.512593,-0.582730727,0.0157070984,6.13256461,0.506
105649.516761,-0.576880479,-0.00415581372,5.93162008,0.506
105649.520930,-0.563568841,-0.00850553392,5.92792609,0.506
105649.525098,-0.575260919,-0.0166942708,5.92843868,0.506
105649.529266,-0.568668752,-0.0172340785,6.09171152,0.506
105649.533435,-0.570123273,-0.0213804737,6.09175294,0.506
105649.537603,-0.565838755,-0.0107818062,6.19953352,0.506
105649.541772,-0.575374971,-0.0215339082,6.20067092,0.506
105649.545940,-0.57845548,-0.0101145154,6.1985591,0.506
105649.550108,-0.569767967,-0.0110366558,6.21439173,0.506
105649.554277,-0.573074347,-0.0150190896,6.21534715,0.506
105649.558445,-0.58874237,-0.00940688923,6.0454094,0.506
105649.562614,-0.571989093,-0.0233002799,6.044049,0.506
105649.566782,-0.579490412,-0.0139434186,5.87300475,0.506
105649.570951,-0.574837197,-0.024162324,5.87392181,0.506
105649.575119,-0.578037708,-0.0385761124,5.87361266,0.506
105649.579287,-0.568512493,-0.0176771832,5.67886956,0.506
105649.583456,-0.562804806,-0.0162582127,5.67949095,0.506
105649.587624,-0.552876997,-0.0260233755,5.78422049,0.506
105649.591793,-0.5362501,-0.0375489914,5.78155126,0.506
105649.595961,-0.539724512,-0.0308456624,5.78114581,0.506
105649.600129,-0.520785779,-0.0582011609,6.43175562,0.506
105649.604298,-0.510279989,-0.0469531929,6.43011108,0.506
105649.608466,-0.505529656,-0.0590195135,7.95533999,0.506
105649.612635,-0.505639011,-0.0628394837,7.95933885,0.506
105649.616803,-0.51689801,-0.0414111031,10.9419684,0.506
105649.620971,-0.478129045,-0.0472599454,10.9513522,0.506
105649.625140,-0.466774826,-0.063697616,10.9746918,0.506
105649.629308,-0.531730217,-0.0418863507,15.3372623,0.506
105649.633477,-0.456255063,-0.0448417463,15.3514155,0.506
105649.637645,-0.532875046,-0.0125957234,20.5230856,0.506
105649.641814,-0.470895839,-0.0466147645,20.4271504,0.506
105649.645982,-0.464740319,-0.0251595787,20.5539835,0.506
105649.650150,-0.488008475,-0.0352805116,21.2563635,0.506
105649.654319,-0.458836315,-0.0360535966,21.1239916,0.506
105649.658487,-0.496135954,-0.0225325157,15.2081625,0.506
105649.662656,-0.468802325,-0.0165932952,15.2755844,0.506
105649.666824,-0.519895812,-0.0231829193,11.0904845,0.506
105649.670992,-0.453510052,-0.0278386356,11.1244073,0.506
105649.675161,-0.472705703,-0.0286756693,11.1060078,0.506
105649.679329,-0.492957022,-0.0305064284,9.41363189,0.506
105649.683498,-0.483336318,-0.02505306,9.41946924,0.506
105649.687666,-0.487137718,-0.0163128237,8.83100174,0.506
105649.691834,-0.490883174,-0.00449615148,8.83092343,0.506
105649.696003,-0.486458562,0.0229703378,8.83096585,0.506
105649.700171,-0.549831376,-0.0234588403,9.41776129,0.506
105649.704340,-0.560639188,-0.0289590467,9.40973614,0.506
105649.708508,-0.529135618,0.0200675132,11.6888068,0.506
105649.712677,-0.51561333,0.0485339716,11.7331939,0.506
105649.716845,-0.527515259,-0.0150423866,17.7410105,0.506
105649.721013,-0.546195067,0.00383713138,17.5984884,0.506
105649.725182,-0.593621173,0.0280747321,17.5619554,0.506
105649.729350,-0.522073957,-0.0304480143,19.4407711,0.506
105649.733519,-0.552299309,0.00649335442,19.3818866,0.506
105649.737687,-0.538213556,0.0223030866,13.7002076,0.506
105649.741855,-0.520167211,0.0191984348,13.7118018,0.506
105649.746024,-0.571154915,0.0198407912,13.7165986,0.506
105649.750192,-0.532422663,0.0147071718,9.7459525,0.506
105649.754361,-0.52380356,-0.0186362131,9.73304307,0.506
105649.758529,-0.491973756,-0.0289958675,8.71176236,0.506
105649.762697,-0.499523283,-0.0107503115,8.71021637,0.506
105649.766866,-0.493113019,-0.0139640483,9.19172441,0.506
105649.771034,-0.474799062,-0.0271979915,9.21262013,0.506
105649.775203,-0.432760991,-0.059339941,9.23133695,0.506
105649.779371,-0.508768787,-0.0411899815,11.7864637,0.506
105649.783539,-0.456924025,-0.0415516231,11.7779369,0.506
105649.787708,-0.489058956,-0.0482821836,15.8048247,0.506
105649.791876,-0.482449852,-0.0534486796,15.7955187,0.506
105649.796045,-0.444132778,-0.0794687716,15.7044635,0.506
105649.800213,-0.493019696,-0.0530385639,27.2026715,0.506
105649.804381,-0.495037258,-0.0726338232,27.4452399,0.506
105649.808550,-0.512923455,-0.0384472278,59.5226375,0.506
105649.812718,-0.534643926,-0.0656786205,54.9336875,0.506
105649.816887,-0.534817738,-0.0491491988,59.7340538,0.506
105649.821055,-0.555625816,0.00107864433,42.199102,0.506
105649.825224,-0.558497466,0.000496949971,42.6656621,0.506
105649.829392,-0.528464654,0.00520908352,23.6260593,0.506
105649.833560,-0.558431814,-0.00489986107,23.4312808,0.506
105649.837729,-0.54068967,-0.0239938261,13.3259676,0.506
105649.841897,-0.541796833,0.0136314026,13.3270515,0.506
105649.846066,-0.555191273,0.0344892732,13.3290537,0.506
105649.850234,-0.512825344,-0.002028524,9.52386942,0.506
105649.854402,-0.519603827,-0.0166727516,9.49655511,0.506
105649.858571,-0.467846634,-0.0482078146,9.38078935,0.506
105649.862739,-0.472920821,-0.0430603889,9.38956489,0.506
105649.866908,-0.441168667,-0.0664933453,9.39237487,0.506
105649.871076,-0.438311495,-0.0423285572,11.9975978,0.506
105649.875244,-0.445053929,-0.0839820744,12.0230443,0.506
105649.879413,-0.467258781,-0.0882657009,21.6754901,0.506
105649.883581,-0.455001973,-0.104947793,21.7136878,0.506
105649.887750,-0.49329224,-0.0771507189,74.8459622,0.506
105649.891918,-0.448513526,-0.0948558864,68.8063096,0.506
105649.896087,-0.457094964,-0.103572036,69.2271589,0.506
105649.900255,-0.500633447,-0.0797275996,22.9694946,0.506
105649.904423,-0.483518628,-0.0873973415,23.117599,0.506
105649.908592,-0.513118565,-0.0616045933,15.7395053,0.506
105649.912760,-0.530115015,-0.0820355285,15.7613033,0.506
105649.916929,-0.521686808,-0.0707482063,15.7532976,0.506
105649.921097,-0.538764674,-0.0776784132,14.0603813,0.506
105649.925265,-0.53435222,-0.0553164551,14.0255639,0.506
105649.929434,-0.521376346,-0.050460059,14.2096676,0.506
105649.933602,-0.516208477,-0.0360927993,14.2003139,0.506
105649.937771,-0.5094798,-0.0612191614,16.6571185,0.506
105649.941939,-0.514770692,-0.0556941997,16.6148256,0.506
105649.946107,-0.506849589,-0.0489026282,16.6561444,0.506
105649.950276,-0.544989903,-0.0803260326,17.9420439,0.506
105649.954444,-0.528792429,-0.0948224782,17.9604683,0.506
105649.958613,-0.541646006,-0.0775831208,15.2847621,0.506
105649.962781,-0.54102973,-0.0938867507,15.2982549,0.506
105649.966950,-0.537381855,-0.108950719,15.2927261,0.506
105649.971118,-0.517979705,-0.0939352748,11.8040804,0.506
105649.975286,-0.523800972,-0.101137889,11.8225161,0.506
105649.979455,-0.524364784,-0.0668150943,9.57087778,0.506
105649.983623,-0.521765497,-0.0756791304,9.56747274,0.506
105649.987792,-0.533262846,-0.0506804971,8.31923216,0.506
105649.991960,-0.520751847,-0.0540125321,8.3270599,0.506
105649.996128,-0.520955048,-0.0230850698,8.32578507,0.506
105650.000297,-0.533160618,-0.0251068829,7.71163352,0.506
105650.004465,-0.526960336,-0.0100148093,7.72048266,0.506
105650.008634,-0.535572296,-0.02319974,7.76906191,0.506
105650.012802,-0.529544128,-0.020397539,7.77066905,0.506
105650.016970,-0.530423671,-0.00160126405,7.77381154,0.506
105650.021139,-0.545004191,-0.0314289291,7.74686367,0.506
105650.025307,-0.543282301,-0.0163319384,7.7468986,0.506
105650.029476,-0.550916135,-0.0182481227,7.71194166,0.506
105650.033644,-0.542854352,-0.00237105166,7.71175449,0.506
105650.037812,-0.561469619,-0.0140244783,7.78439378,0.506
105650.041981,-0.570038317,-0.00437261898,7.78295776,0.506
105650.046149,-0.556806898,0.0034296758,7.78692867,0.506
105650.050318,-0.576465725,-0.0275722298,7.97005367,0.506
105650.054486,-0.57420269,-0.0173696533,7.96879996,0.506
105650.058655,-0.575218112,-0.0233198339,8.44613686,0.506
105650.062823,-0.57874782,-0.0188038185,8.44640595,0.506
105650.066991,-0.57577516,-0.0218982948,8.44273789,0.506
105650.071160,-0.569752629,-0.0165336705,9.11344272,0.506
105650.075328,-0.582879552,-0.0161506444,9.11367703,0.506
105650.079497,-0.578311844,-0.0237524225,9.96582484,0.506
105650.083665,-0.580141255,-0.0259775082,9.96925145,0.506
105650.087833,-0.579344647,-0.0117532244,11.9751974,0.506
105650.092002,-0.58809496,-0.00488152581,11.9803886,0.506
105650.096170,-0.612093544,-0.0292034021,11.9889642,0.506
105650.100339,-0.585348967,-0.0184492089,15.8718107,0.506
105650.104507,-0.597020183,-0.00921922531,15.892494,0.506
105650.108675,-0.569942209,-0.00798453734,21.8496911,0.506
105650.112844,-0.563897504,-0.01894696,21.8473449,0.506
105650.117012,-0.570448552,-0.0101263333,21.868377,0.506
105650.121181,-0.552527181,-0.00441929938,23.6805351,0.506
105650.125349,-0.522427003,0.0219860903,23.5718895,0.506
105650.129518,-0.546536771,0.000687315498,18.5642122,0.506
105650.133686,-0.514477035,0.0129763668,18.5001143,0.506
105650.137854,-0.543661507,-0.0194145172,13.1152845,0.506
105650.142023,-0.538313406,-0.0139859815,13.1163877,0.506
105650.146191,-0.523101063,-0.0228292489,13.1093848,0.506
105650.150360,-0.550359963,-0.029202039,11.0054954,0.506
105650.154528,-0.538749856,-0.0521807962,10.9997134,0.506
105650.158696,-0.545998485,-0.0328490521,10.354916,0.506
105650.162865,-0.54427656,-0.0780607728,10.3442327,0.506
105650.167033,-0.542481344,-0.0746433222,10.346899,0.506
105650.171202,-0.54832259,-0.0477981588,9.56563845,0.506
105650.175370,-0.550283622,-0.0658530783,9.55104389,0.506
105650.179538,-0.558671146,-0.0372186889,8.97204949,0.506
105650.183707,-0.560956201,-0.039722658,8.96396903,0.506
105650.187875,-0.571218608,-0.05825533,8.96469735,0.506
105650.192044,-0.55598508,-0.0423789986,9.2803707,0.506
105650.196212,-0.57754252,-0.0451178065,9.28942296,0.506
105650.200380,-0.546349678,-0.0252827239,9.78688503,0.506
105650.204549,-0.577544667,-0.0304468657,9.78764595,0.506
105650.208717,-0.53950787,-0.0151221502,11.1695183,0.506
105650.212886,-0.556243026,-0.0103633153,11.1903326,0.506
105650.217054,-0.572697747,-0.00103135899,11.1937693,0.506
105650.221223,-0.559589061,-0.0150062152,14.2130786,0.506
105650.225391,-0.579104208,-0.0131020834,14.2297349,0.506
105650.229559,-0.549103497,-0.0147631953,17.850291,0.506
105650.233728,-0.564448367,-0.00743037318,17.8736159,0.506
105650.237896,-0.575763283,0.032091082,17.9371183,0.506
105650.242065,-0.550746774,0.00318929451,23.15333,0.506
105650.246233,-0.577166014,-0.0184255054,23.157618,0.506
105650.250401,-0.535203463,0.0295395438,22.1608173,0.506
105650.254570,-0.554528708,0.0118490538,22.0525197,0.506
105650.258738,-0.55488418,-0.0302883767,18.4733224,0.506
105650.262907,-0.551730556,0.0121178845,18.5425445,0.506
105650.267075,-0.58909576,0.00995611535,18.4497551,0.506
105650.271243,-0.54847813,-0.00448951058,13.6000765,0.506
105650.275412,-0.566054744,-0.000388087246,13.5779379,0.506
105650.279580,-0.554194229,-0.01570403,10.8593272,0.506
105650.283749,-0.547919489,-0.0125774444,10.8386639,0.506
105650.287917,-0.580663376,-0.0273686701,10.8805598,0.506
105650.292085,-0.547078345,-0.0393617085,9.5156096,0.506
105650.296254,-0.562159817,-0.0414723537,9.51989974,0.506
105650.300422,-0.558016445,-0.0474224568,8.52898232,0.506
105650.304591,-0.560685143,-0.0612833483,8.53070602,0.506
105650.308759,-0.545301404,-0.0512225907,7.66125815,0.506
105650.312928,-0.556453532,-0.0512306398,7.66339863,0.506
105650.317096,-0.554303819,-0.0640667472,7.66272446,0.506
105650.321264,-0.523732577,-0.0410786779,7.16345773,0.506
105650.325433,-0.527686241,-0.0574194649,7.16021323,0.506
105650.329601,-0.529191415,-0.0562951938,7.39128278,0.506
105650.333770,-0.511506201,-0.0518831662,7.39465103,0.506
105650.337938,-0.504897305,-0.0805378247,7.38991637,0.506
105650.342106,-0.522646957,-0.0711125927,7.81363869,0.506
105650.346275,-0.505922895,-0.0757719316,7.80918641,0.506
105650.350443,-0.524296494,-0.0659285102,7.95895796,0.506
105650.354612,-0.518472695,-0.0752980816,7.96042772,0.506
105650.358780,-0.526597967,-0.0797325733,8.02191749,0.506
105650.362948,-0.520533063,-0.0505892758,8.02073016,0.506
105650.367117,-0.48866334,-0.065021672,8.03330884,0.506
105650.371285,-0.537210027,-0.0931527645,7.94430563,0.506
105650.375454,-0.514999746,-0.0635339614,7.95763708,0.506
105650.379622,-0.523899611,-0.0328472784,8.0765081,0.506
105650.383791,-0.51593089,-0.0278670618,8.07145932,0.506
105650.387959,-0.487582606,-0.0272483429,8.07498483,0.506
105650.392127,-0.511461813,-0.0499842811,9.6820688,0.506
105650.396296,-0.505960756,-0.046665628,9.69400464,0.506
105650.400464,-0.513856904,-0.0474893714,10.9263962,0.506
105650.404633,-0.505555252,-0.0335202273,10.9015756,0.506
105650.408801,-0.525900178,-0.0390590385,13.3287472,0.506
105650.412969,-0.539142809,-0.0256121631,13.2973548,0.506
105650.417138,-0.519589672,-0.0109193642,13.3286691,0.506
105650.421306,-0.525655569,-0.0289181749,16.4446659,0.506
105650.425475,-0.522001853,0.013050485,16.3419979,0.506
105650.429643,-0.523119278,-0.0285833481,19.9583321,0.506
105650.433811,-0.530359953,-0.0239722151,19.8241856,0.506
105650.437980,-0.528803428,-0.00707185667,19.6843894,0.506
105650.442148,-0.536124053,-0.00900071381,18.07598,0.506
105650.446317,-0.526636826,-0.0078492585,18.3050919,0.506
105650.450485,-0.554315636,-0.0296383352,13.2211699,0.506
105650.454654,-0.555152548,-0.0325733534,13.2684517,0.506
105650.458822,-0.553889275,-0.0207717471,10.2109221,0.506
105650.462990,-0.55611387,-0.022425922,10.1699201,0.506
105650.467159,-0.5934518,-0.00313772142,10.1649648,0.506
105650.471327,-0.552062022,-0.019058946,8.14557806,0.506
105650.475496,-0.557093271,0.00779085044,8.14507613,0.506
105650.479664,-0.578851311,0.0168990134,7.01159169,0.506
105650.483832,-0.556280457,0.0512887316,7.00345317,0.506
105650.488001,-0.562355692,0.0413230444,6.99924325,0.506
105650.492169,-0.553655857,4.82897342e-05,5.90760761,0.506
105650.496338,-0.5426902,0.000703645448,5.910413,0.506
105650.500506,-0.548259995,-0.00690121989,5.78343899,0.506
105650.504674,-0.512009694,-0.0244305886,5.7934122,0.506
105650.508843,-0.507198282,-0.0573912348,5.79250453,0.506
105650.513011,-0.537085649,-0.0683318174,6.47521731,0.506
105650.517180,-0.479684529,-0.0941753446,6.4852478,0.506
105650.521348,-0.546243441,-0.0755438068,8.74307844,0.506
105650.525516,-0.522011265,-0.11556544,8.75393669,0.506
105650.529685,-0.541523325,-0.0607517546,17.6205029,0.506
105650.533853,-0.541456977,-0.0914416354,17.7358218,0.506
105650.538022,-0.567480602,-0.120062281,17.6842366,0.506
105650.542190,-0.564743905,-0.0205350453,48.7448712,0.506
105650.546359,-0.591560941,-0.0651930528,48.9288316,0.506
105650.550527,-0.585496543,-0.0341003216,53.4668066,0.506
105650.554695,-0.608751505,-0.0416949246,50.3253313,0.506
105650.558864,-0.618074952,-0.0223852472,53.8388561,0.506
105650.563032,-0.593504913,-0.022023614,56.4501022,0.506
105650.567201,-0.633333503,-0.0119702483,56.1141921,0.506
105650.571369,-0.619366422,-0.0131933344,47.9998165,0.506
105650.575537,-0.650471004,-0.0128704374,45.8473715,0.506
105650.579706,-0.625739199,-0.0438344598,25.162423,0.506
105650.583874,-0.614912676,-0.0244582926,25.022671,0.506
105650.588043,-0.622020099,-0.0184182386,24.8312876,0.506
105650.592211,-0.610788906,-0.0339324463,17.9021823,0.506
105650.596379,-0.636072568,-0.037835629,17.7383311,0.506
105650.600548,-0.646440976,-0.049097079,16.1408139,0.506
105650.604716,-0.623534289,-0.0609668534,16.2359764,0.506
105650.608885,-0.650328169,-0.0597235371,16.2592976,0.506
105650.613053,-0.621347238,-0.0481053161,16.3864254,0.506
105650.617221,-0.616019717,-0.0665580484,16.291839,0.506
105650.621390,-0.623792465,-0.0547730843,17.8470783,0.506
105650.625558,-0.61172746,-0.0945156378,17.8306749,0.506
105650.629727,-0.624296144,-0.0664347641,24.5326453,0.506
105650.633895,-0.613172697,-0.0814020108,24.5121181,0.506
105650.638064,-0.614640811,-0.0874962409,23.9735449,0.506
105650.642232,-0.618395046,-0.0795548744,27.4025153,0.506
105650.646400,-0.629413381,-0.0936070207,27.8032164,0.506
105650.650569,-0.627437548,-0.0801797551,25.8980487,0.506
105650.654737,-0.626030414,-0.108332748,25.9286144,0.506
105650.658906,-0.615870371,-0.107332626,25.9692108,0.506
105650.663074,-0.617715833,-0.12689768,18.7965618,0.506
105650.667242,-0.638178259,-0.135564179,18.7905531,0.506
105650.671411,-0.610876863,-0.0726790662,12.4982091,0.506
105650.675579,-0.596035123,-0.105891011,12.508841,0.506
105650.679748,-0.632359179,-0.07635391,9.730945,0.506
105650.683916,-0.621069818,-0.0511851394,9.71410129,0.506
105650.688084,-0.598194929,-0.0486291888,9.7377944,0.506
105650.692253,-0.643831227,-0.0699601836,9.8349101,0.506
105650.696421,-0.596727611,-0.0841496229,9.83018294,0.506
105650.700590,-0.64498393,-0.0508594958,8.94014682,0.506
105650.704758,-0.639314078,-0.0398780156,8.93942708,0.506
105650.708927,-0.618306556,-0.0241983947,8.94354977,0.506
105650.713095,-0.654056758,-0.0656071179,9.11573293,0.506
105650.717263,-0.637865722,-0.0218162023,9.10597243,0.506
105650.721432,-0.668206601,-0.0303721838,9.3244235,0.506
105650.725600,-0.636956032,-0.0161765497,9.33795368,0.506
105650.729769,-0.649415285,-0.0239121603,10.2559304,0.506
105650.733937,-0.655659062,-0.00224912191,10.228873,0.506
105650.738105,-0.634968043,0.0372035632,10.2528471,0.506
105650.742274,-0.649869695,-0.00898272213,13.6379035,0.506
105650.746442,-0.649678925,0.0212742203,13.6534974,0.506
105650.750611,-0.6531929,-9.58774731e-05,17.6220008,0.506
105650.754779,-0.654108637,0.0289998331,17.5775715,0.506
105650.758947,-0.685652585,0.0364396838,17.4669452,0.506
105650.763116,-0.632814807,0.0136834576,24.8143419,0.506
105650.767284,-0.650696341,0.0212777555,24.6687315,0.506
105650.771453,-0.662825382,-0.00105445744,27.8277095,0.506
105650.775621,-0.626604653,-0.00155852314,28.3794424,0.506
105650.779790,-0.636396124,0.00679053268,19.3255552,0.506
105650.783958,-0.607017782,0.00184531169,19.2970079,0.506
105650.788126,-0.585408916,0.0200034488,19.3805988,0.506
105650.792295,-0.593645809,0.0119594623,11.3489757,0.506
105650.796463,-0.563149686,0.0148420272,11.3496373,0.506
105650.800632,-0.599951785,0.0233780551,7.60911868,0.506
105650.804800,-0.567462782,0.0259218503,7.61555415,0.506
105650.808968,-0.583066311,0.0285929896,7.61234732,0.506
105650.813137,-0.585339332,0.0128593049,5.99446501,0.506
105650.817305,-0.602170247,0.0191039704,5.99580169,0.506
105650.821474,-0.601107619,0.0254731285,5.23264462,0.506
105650.825642,-0.568504936,0.0102431915,5.23383076,0.506
105650.829810,-0.623750554,0.0275905849,4.71989497,0.506
105650.833979,-0.598255148,0.0228109976,4.71890397,0.506
105650.838147,-0.615571592,0.017380176,4.72004404,0.506
105650.842316,-0.6313572,0.00745495298,4.590359,0.506
105650.846484,-0.645109001,0.0192878896,4.5903355,0.506
105650.850652,-0.645324916,0.0231723069,4.99589699,0.506
105650.854821,-0.662532974,0.0416633086,4.99498654,0.506
105650.858989,-0.699473051,0.0554346593,4.99508068,0.506
105650.863158,-0.667126865,0.0543990062,6.14252595,0.506
105650.867326,-0.695768782,0.0658249814,6.14158677,0.506
105650.871495,-0.666784155,0.0470829091,8.28000566,0.506
105650.875663,-0.678299912,0.0572790521,8.28152187,0.506
105650.879831,-0.731927469,0.0543664273,8.27438566,0.506
105650.884000,-0.659745562,0.0358101648,13.4366895,0.506
105650.888168,-0.693960816,0.0492739269,13.4270259,0.506
105650.892337,-0.669848898,0.00898240731,29.8740632,0.506
105650.896505,-0.705436295,0.0368081593,29.0965373,0.506
105650.900673,-0.633991197,0.015542639,38.7415029,0.506
105650.904842,-0.6724159,0.0166112654,38.066204,0.506
105650.909010,-0.690464753,-0.00873624207,37.9025974,0.506
105650.913179,-0.656430641,0.00584801634,17.5451757,0.506
105650.917347,-0.642405692,-0.00250221519,17.5365523,0.506
105650.921515,-0.623865679,0.00385946264,12.7956474,0.506
105650.925684,-0.595461444,0.00766048386,12.7679252,0.506
105650.929852,-0.617020343,-0.0221516663,12.7610344,0.506
105650.934021,-0.568569722,0.018450872,11.780557,0.506
105650.938189,-0.588499108,0.006221231,11.7946832,0.506
105650.942358,-0.57515189,0.0266942395,12.0705615,0.506
105650.946526,-0.570963703,0.0445390129,12.0563848,0.506
105650.950694,-0.597450935,0.0342004778,13.3666716,0.506
105650.954863,-0.5798596,0.042032138,13.3785053,0.506
105650.959031,-0.600507561,0.0313368058,13.36139,0.506
105650.963200,-0.591162429,0.0736851525,14.2792332,0.506
105650.967368,-0.589874944,0.0507490912,14.2876527,0.506
105650.971536,-0.619645022,0.0753528762,15.6658357,0.506
105650.975705,-0.606950877,0.0733331625,15.6884854,0.506
105650.979873,-0.610879119,0.0926151864,15.6847008,0.506
105650.984042,-0.621340666,0.0545158892,16.7214132,0.506
105650.988210,-0.625367743,0.094562364,16.6901854,0.506
105650.992378,-0.620014661,0.0552538512,13.779488,0.506
105650.996547,-0.628272481,0.0502160657,13.7565587,0.506
105651.000715,-0.611454616,0.0541190691,11.4824027,0.506
105651.004884,-0.637130108,0.073612693,11.4870995,0.506
105651.009052,-0.597411135,0.0773512203,11.4557481,0.506
105651.013221,-0.6285683,0.0594153775,10.0789399,0.506
105651.017389,-0.625317747,0.057257867,10.068149,0.506
105651.021557,-0.599583546,0.0331116606,9.21284823,0.506
105651.025726,-0.620218714,0.0294697466,9.20506298,0.506
105651.029894,-0.600289191,0.0296679679,9.20574167,0.506
105651.034063,-0.595766228,0.0148247083,9.27988963,0.506
105651.038231,-0.591143891,0.00667434857,9.29131056,0.506
105651.042399,-0.570569336,0.0363547689,9.75993377,0.506
105651.046568,-0.57154161,0.0233792919,9.78591658,0.506
105651.050736,-0.571864323,0.0265001245,10.6501483,0.506
105651.054905,-0.567196475,0.0277319986,10.7015247,0.506
105651.059073,-0.565527969,0.0081344501,10.6912595,0.506
105651.063241,-0.575472481,0.0329925095,11.6564392,0.506
105651.067410,-0.567130757,0.0137709723,11.6540157,0.506
105651.071578,-0.539928157,0.0381371018,12.1941841,0.506
105651.075747,-0.551769273,0.0197250542,12.1047462,0.506
105651.079915,-0.516155488,0.0035175108,12.1639474,0.506
105651.084083,-0.527441712,0.0487423388,13.0831422,0.506
105651.088252,-0.530723102,0.0263591153,13.1036441,0.506
105651.092420,-0.545814826,0.0218319867,13.7784497,0.506
105651.096589,-0.54380114,0.0233622802,13.7873513,0.506
105651.100757,-0.532109233,0.0124748043,14.1395791,0.506
105651.104926,-0.533257764,0.023623643,14.1733771,0.506
105651.109094,-0.510455339,0.0254538369,14.1669806,0.506
105651.113262,-0.522958958,0.0140757243,14.1878769,0.506
105651.117431,-0.516453712,0.000141073378,14.1524758,0.506
105651.121599,-0.549405676,-0.0041888876,15.1289039,0.506
105651.125768,-0.482478133,0.0129471767,15.2560577,0.506
105651.129936,-0.484247239,-0.0204735974,15.2681794,0.506
105651.134104,-0.544733934,-0.0264736078,16.3485749,0.506
105651.138273,-0.472347912,-0.045571575,16.4435109,0.506
105651.142441,-0.498191672,0.0082549919,16.7375318,0.506
105651.146610,-0.489959654,0.00153777738,16.6821241,0.506
105651.150778,-0.536187361,-0.0111456812,19.5451516,0.506
105651.154946,-0.509096761,-0.0060196531,19.6079116,0.506
105651.159115,-0.493187309,-0.0209969875,19.5822447,0.506
105651.163283,-0.529860529,-0.0214339096,16.6713305,0.506
105651.167452,-0.515514385,0.0244572585,16.8237318,0.506
105651.171620,-0.504207758,0.0255765836,16.0290723,0.506
105651.175789,-0.516900618,0.0500901693,15.9824915,0.506
105651.179957,-0.529365792,0.0743222701,16.0704695,0.506
105651.184125,-0.550894295,0.0321028549,16.7649991,0.506
105651.188294,-0.593159526,0.0601646476,16.5944808,0.506
105651.192462,-0.555605792,0.0540158022,11.4915381,0.506
105651.196631,-0.591661892,0.072036253,11.4860946,0.506
105651.200799,-0.563203712,0.0751465575,11.4694439,0.506
105651.204967,-0.571971279,0.0145497326,8.1664584,0.506
105651.209136,-0.557475566,0.0652939369,8.15805122,0.506
105651.213304,-0.548158079,0.0349561608,6.76978751,0.506
105651.217473,-0.5348198,0.0156920716,6.7586224,0.506
105651.221641,-0.521266772,0.0233989885,6.36874324,0.506
105651.225809,-0.517433056,0.0147830006,6.36695749,0.506
105651.229978,-0.529060791,0.0291760146,6.37960148,0.506
105651.234146,-0.518548463,0.0348073437,6.62133622,0.506
105651.238315,-0.501289227,0.0309131675,6.60486398,0.506
105651.242483,-0.490028143,-0.00412454496,7.03028995,0.506
105651.246652,-0.519579077,-0.0126681495,7.03820084,0.506
105651.250820,-0.496904821,-0.0373497986,7.03959487,0.506
105651.254988,-0.500584386,-0.0172466636,8.78690442,0.506
105651.259157,-0.520989556,-0.0147492659,8.79167358,0.506
105651.263325,-0.510160011,-0.0155240433,11.7764755,0.506
105651.267494,-0.521818993,-0.0423469021,11.8086856,0.506
105651.271662,-0.541309187,0.0143449135,15.5887835,0.506
105651.275830,-0.527055032,-0.011513948,15.7380223,0.506
105651.279999,-0.531481266,-0.0203078526,15.7370611,0.506
105651.284167,-0.529571465,-0.0247201414,19.3237756,0.506
105651.288336,-0.557426045,-0.0156161626,19.0810517,0.506
105651.292504,-0.566900134,0.00750182977,20.4518842,0.506
105651.296672,-0.575248813,-0.00427959999,20.2853731,0.506
105651.300841,-0.549414351,0.0163224089,20.259419,0.506
105651.305009,-0.550118248,0.0085249758,19.3044657,0.506
105651.309178,-0.552813435,0.0241217477,19.2845402,0.506
105651.313346,-0.528547363,0.00748252887,21.441508,0.506
105651.317514,-0.54463554,-0.0167209089,21.3918297,0.506
105651.321683,-0.534840721,-0.0246848681,23.480714,0.506
105651.325851,-0.544530031,-0.0158597588,23.4695541,0.506
105651.330020,-0.52411164,-0.0375896909,23.3142544,0.506
105651.334188,-0.557286034,-0.0516048138,28.9295066,0.506
105651.338357,-0.503332682,-0.0945811288,28.5026259,0.506
105651.342525,-0.573699783,-0.0507260587,29.3687347,0.506
105651.346693,-0.544196913,-0.0605807901,29.3191835,0.506
105651.350862,-0.548839679,-0.0933459948,29.6430638,0.506
105651.355030,-0.550850296,-0.0701357281,15.35745,0.506
105651.359199,-0.568771016,-0.129231086,15.4213613,0.506
105651.363367,-0.569841636,-0.0552609405,9.36058964,0.506
105651.367535,-0.58089732,-0.0591849028,9.37024127,0.506
105651.371704,-0.618124086,-0.075418152,7.61148865,0.506
105651.375872,-0.589333579,-0.078396408,7.62078031,0.506
105651.380041,-0.615458803,-0.103464952,7.61814292,0.506
105651.384209,-0.602016773,-0.0669612184,6.55282231,0.506
105651.388377,-0.62822437,-0.0774965386,6.55486324,0.506
105651.392546,-0.621136976,-0.0621823241,6.21970768,0.506
105651.396714,-0.635191246,-0.068850206,6.22122122,0.506
105651.400883,-0.631826964,-0.094894602,6.21780375,0.506
105651.405051,-0.624303875,-0.086380813,5.82872804,0.506
105651.409220,-0.621007807,-0.0675774812,5.83116417,0.506
105651.413388,-0.635449349,-0.0545738161,5.3098028,0.506
105651.417556,-0.623398849,-0.0635160112,5.30817104,0.506
105651.421725,-0.633921379,-0.0306593227,5.22961911,0.506
105651.425893,-0.619233833,-0.0253214733,5.22864513,0.506
105651.430062,-0.595057624,0.0146974639,5.22940261,0.506
105651.434230,-0.638725581,-0.0172298814,5.46295186,0.506
105651.438398,-0.63208645,-0.00559124544,5.45771685,0.506
105651.442567,-0.656108913,-0.0218196712,5.6580136,0.506
105651.446735,-0.658841785,-0.00898911829,5.65995347,0.506
105651.450904,-0.656615527,-0.00851127086,5.65964318,0.506
105651.455072,-0.624506345,0.00996542647,5.82315372,0.506
105651.459240,-0.671108158,-0.00791158475,5.81881586,0.506
105651.463409,-0.714430223,-0.0346173118,6.17938071,0.506
105651.467577,-0.715031589,-0.0172826292,6.17820722,0.506
105651.471746,-0.703593315,-0.0264442247,7.41756506,0.506
105651.475914,-0.73062436,-0.0278318309,7.42259565,0.506
105651.480082,-0.757845176,-0.0258865112,7.41355558,0.506
105651.484251,-0.732068704,-0.0268898296,9.31642502,0.506
105651.488419,-0.783735901,-0.0509772088,9.32108972,0.506
105651.492588,-0.726845395,0.00742538032,9.75732924,0.506
105651.496756,-0.757730863,-0.00711457043,9.78413006,0.506
105651.500925,-0.778869211,-0.00170316305,9.76731974,0.506
105651.505093,-0.705127894,0.0161704166,10.250639,0.506
105651.509261,-0.726734048,0.0547481237,10.3175151,0.506
105651.513430,-0.705097365,0.0399635742,11.5744813,0.506
105651.517598,-0.69333976,0.0517596737,11.6061333,0.506
105651.521767,-0.682374238,0.0385036808,16.2076653,0.506
105651.525935,-0.688824979,0.0654498079,16.1581758,0.506
105651.530103,-0.67125967,0.0786232663,16.1543129,0.506
105651.534272,-0.674263679,0.0379925504,27.7248322,0.506
105651.538440,-0.689602736,0.0342339343,27.9185261,0.506
105651.542609,-0.686941689,0.00886926465,33.1249412,0.506
105651.546777,-0.664936673,0.00539732559,32.3089876,0.506
105651.550945,-0.653421613,-0.00953086223,32.5780845,0.506
105651.555114,-0.652644923,0.0341789485,46.5222876,0.506
105651.559282,-0.630410938,0.0575430019,47.5069241,0.506
105651.563451,-0.656705843,0.0355657345,58.005881,0.506
105651.567619,-0.622567077,0.062992399,57.6466504,0.506
105651.571788,-0.60131616,0.076421459,60.4162592,0.506
105651.575956,-0.639464001,0.0457544807,21.9730055,0.506
105651.580124,-0.602651464,0.0654701428,21.9358935,0.506
105651.584293,-0.630207617,0.0148579995,12.1202259,0.506
105651.588461,-0.599126139,0.0326496874,12.1285171,0.506
105651.592630,-0.643084469,0.0328342388,9.11752267,0.506
105651.596798,-0.62778703,0.0279773485,9.11721433,0.506
105651.600966,-0.577871103,0.0301928751,9.10386031,0.506
105651.605135,-0.623090345,0.000531637455,6.80780732,0.506
105651.609303,-0.583753939,-0.0240583962,6.81622797,0.506
105651.613472,-0.626138976,-0.00615981568,5.55469096,0.506
105651.617640,-0.621153338,-0.0413379728,5.55570232,0.506
105651.621808,-0.584509261,-0.0534968183,5.55574164,0.506
105651.625977,-0.641209936,-0.0230995923,4.78943784,0.506
105651.630145,-0.631012649,-0.0383164562,4.78849357,0.506
105651.634314,-0.649810044,0.0296026812,4.51661229,0.506
105651.638482,-0.697827766,-0.00929154463,4.51511453,0.506
105651.642650,-0.676177068,0.0381337453,5.02106374,0.506
105651.646819,-0.711070056,0.0570982892,5.02151847,0.506
105651.650987,-0.755801828,0.0941400078,5.02268508,0.506
105651.655156,-0.690177537,0.0814864704,7.14846869,0.506
105651.659324,-0.748902466,0.0861194566,7.15120944,0.506
105651.663493,-0.674156907,0.0576301561,14.3361348,0.506
105651.667661,-0.724064881,0.0827650553,14.3206741,0.506
105651.671829,-0.742336834,0.102049399,14.2903535,0.506
105651.675998,-0.675377249,0.0713449437,40.8016667,0.506
105651.680166,-0.709324614,0.066891571,39.6488814,0.506
105651.684335,-0.647970128,0.0682614113,17.0962818,0.506
105651.688503,-0.678850093,0.034509662,17.2702633,0.506
105651.692671,-0.612795396,0.0560989225,11.1109215,0.506
105651.696840,-0.639364186,0.0617841921,11.0950184,0.506
105651.701008,-0.645425567,0.0741251198,11.0893815,0.506
105651.705177,-0.631086223,0.0470529341,8.38867647,0.506
105651.709345,-0.662203933,0.0448057805,8.38506987,0.506
105651.713513,-0.617183971,0.0324230908,6.88952848,0.506
105651.717682,-0.656976466,0.0282206934,6.89429362,0.506
105651.721850,-0.673255249,0.00673183523,6.89790272,0.506
105651.726019,-0.700065791,0.00841581572,5.69041136,0.506
105651.730187,-0.676924454,0.112459289,5.69394492,0.506
105651.734355,-0.506298506,0.0598528863,4.30573312,0.506
105651.738524,-0.650770833,0.00994796663,4.3014392,0.506
105651.742692,-0.574907381,0.0440549488,4.42536404,0.506
105651.746861,-0.597155589,0.0104011284,4.42403902,0.506
105651.751029,-0.631522054,0.0217827162,4.42417606,0.506
105651.755198,-0.57545206,-0.0111817172,4.16468742,0.506
105651.759366,-0.583293167,-0.0272449811,4.16494435,0.506
105651.763534,-0.597137022,-0.000810476374,4.2901496,0.506
105651.767703,-0.569062315,-0.0215699382,4.29032516,0.506
105651.771871,-0.562862719,-0.0507764538,4.29179604,0.506
105651.776040,-0.550777453,-0.0134167405,4.60048014,0.506
105651.780208,-0.541483544,-0.053280361,4.60162809,0.506
105651.784376,-0.562206733,-0.0354520715,5.16133076,0.506
105651.788545,-0.527187084,-0.0572436176,5.16226095,0.506
105651.792713,-0.559846011,-0.0248829433,6.26448244,0.506
105651.796882,-0.520715492,-0.038909235,6.26592236,0.506
105651.801050,-0.484636722,-0.0562492582,6.26742949,0.506
105651.805219,-0.51799211,-0.0449503757,8.56772873,0.506
105651.809387,-0.470102908,-0.048232084,8.56969172,0.506
105651.813555,-0.527020521,-0.0375440146,13.7341203,0.506
105651.817724,-0.499272521,-0.0394442627,13.7975559,0.506
105651.821892,-0.463864226,-0.0582915172,13.7654321,0.506
105651.826061,-0.545810309,-0.0564214769,16.3848947,0.506
105651.830229,-0.520838078,-0.0900812039,16.4666177,0.506
105651.834397,-0.558167837,-0.0553325442,10.5401594,0.506
105651.838566,-0.568524609,-0.0779826562,10.5451611,0.506
105651.842734,-0.584629512,-0.0198686545,8.20641274,0.506
105651.846903,-0.583207654,-0.0112885459,8.2022323,0.506
105651.851071,-0.631006598,-0.0264269471,8.20171788,0.506
105651.855239,-0.597745658,-0.012758147,8.49800084,0.506
105651.859408,-0.61021999,-0.0171961495,8.50896999,0.506
105651.863576,-0.598292784,-0.0267792883,7.62049624,0.506
105651.867745,-0.593140423,-0.00725873303,7.61838901,0.506
105651.871913,-0.624791423,0.0118766194,7.61239448,0.506
105651.876081,-0.603180204,0.0334917244,7.23391452,0.506
105651.880250,-0.591426273,0.0634865208,7.23181907,0.506
105651.884418,-0.570274399,0.0223171631,8.44889974,0.506
105651.888587,-0.577259525,0.0351068984,8.45895357,0.506
105651.892755,-0.568777777,0.0876703324,8.45184872,0.506
105651.896924,-0.552851457,0.0457589287,10.0067854,0.506
105651.901092,-0.553462412,0.0388791091,10.0100597,0.506
105651.905260,-0.552948375,-9.17590775e-05,11.7903695,0.506
105651.909429,-0.53871323,0.0247399911,11.8101571,0.506
105651.913597,-0.536616347,-0.00428030928,14.4430093,0.506
105651.917766,-0.536934589,0.0114084182,14.4230506,0.506
105651.921934,-0.529938511,0.00458335037,14.4039036,0.506
105651.926102,-0.543838304,-0.0029640893,19.2240683,0.506
105651.930271,-0.530028474,-0.0124908825,19.2575951,0.506
105651.934439,-0.563622012,-0.0273949557,26.7563754,0.506
105651.938608,-0.543391935,-0.0348430585,26.748115,0.506
105651.942776,-0.53054404,-0.0393047712,26.5697387,0.506
105651.946944,-0.556118982,-0.050117281,44.1978459,0.506
105651.951113,-0.545204603,-0.0715040549,44.5024107,0.506
105651.955281,-0.556633039,-0.0586169943,56.2416209,0.506
105651.959450,-0.530302591,-0.0767083229,53.0036697,0.506
105651.963618,-0.54679673,-0.0523289387,20.5167783,0.506
105651.967787,-0.549394878,-0.0979272608,20.6034179,0.506
105651.971955,-0.528908239,-0.120804347,20.6092623,0.506
105651.976123,-0.539540327,-0.0619916357,10.5335444,0.506
105651.980292,-0.533185694,-0.129984047,10.5464064,0.506
105651.984460,-0.565835724,-0.0702910087,7.44589996,0.506
105651.988629,-0.550840198,-0.0929950081,7.45195367,0.506
105651.992797,-0.558917976,-0.0816315716,7.45348347,0.506
105651.996965,-0.584966745,-0.0606130601,6.44950769,0.506
105652.001134,-0.591192503,-0.0604446092,6.45155103,0.506
105652.005302,-0.595135028,-0.0910944891,6.40546611,0.506
105652.009471,-0.592800033,-0.0870710665,6.4063691,0.506
105652.013639,-0.580687581,-0.0704053151,6.29650106,0.506
105652.017807,-0.585652484,-0.0397109276,6.29515067,0.506
105652.021976,-0.580285259,-0.0400158448,6.29692752,0.506
105652.026144,-0.586118797,-0.0464967409,6.88756292,0.506
105652.030313,-0.571124179,-0.0360123919,6.88313391,0.506
105652.034481,-0.573916714,-0.0528887574,7.5200524,0.506
105652.038649,-0.572988677,-0.060593301,7.52071867,0.506
105652.042818,-0.554964691,-0.0796223513,7.52223906,0.506
105652.046986,-0.561602796,-0.0710458639,7.47815527,0.506
105652.051155,-0.542952587,-0.0728762391,7.4799969,0.506
105652.055323,-0.563906669,-0.0580952418,6.75746015,0.506
105652.059492,-0.556912084,-0.0574833778,6.75654413,0.506
105652.063660,-0.570932387,-0.0499785693,6.27318833,0.506
105652.067828,-0.56446802,-0.0346906713,6.27758387,0.506
105652.071997,-0.56577153,-0.0195779514,6.27838589,0.506
105652.076165,-0.590067589,-0.0481742487,6.44684996,0.506
105652.080334,-0.586458162,-0.0192291739,6.44625309,0.506
105652.084502,-0.588450436,-0.0511091693,6.9884411,0.506
105652.088670,-0.580775295,-0.034061353,6.98899505,0.506
105652.092839,-0.605202143,-0.0348410234,6.99123752,0.506
105652.097007,-0.599050251,-0.0619343945,7.4425365,0.506
105652.101176,-0.614761618,-0.0552809392,7.44441176,0.506
105652.105344,-0.595896195,-0.0868858674,8.13803447,0.506
105652.109512,-0.637870402,-0.0749947846,8.14264094,0.506
105652.113681,-0.619526965,-0.0919836758,9.91085805,0.506
105652.117849,-0.630145401,-0.0911764828,9.91491501,0.506
105652.122018,-0.652819435,-0.106038949,9.92730657,0.506
105652.126186,-0.613897445,-0.0880274755,13.2476905,0.506
105652.130355,-0.631962001,-0.0818346467,13.2559506,0.506
105652.134523,-0.601171591,-0.0661626503,15.1873129,0.506
105652.138691,-0.603461524,-0.0461398441,15.2526719,0.506
105652.142860,-0.618936661,-0.0502120272,15.2086861,0.506
105652.147028,-0.621407986,-0.0812731808,18.4824828,0.506
105652.151197,-0.607336614,-0.0471498787,18.5390663,0.506
105652.155365,-0.621964871,-0.05429553,20.7452676,0.506
105652.159533,-0.652862637,-0.0566029357,20.6308538,0.506
105652.163702,-0.612136042,-0.0746776126,26.7280367,0.506
105652.167870,-0.639849226,-0.0716949681,26.4151453,0.506
105652.172039,-0.642580997,-0.0787259286,26.5447385,0.506
105652.176207,-0.635919545,-0.057320329,29.7617196,0.506
105652.180375,-0.657078337,-0.0143538824,29.6648707,0.506
105652.184544,-0.641689058,-0.0402677258,54.2617307,0.506
105652.188712,-0.674515141,0.0132805199,51.044075,0.506
105652.192881,-0.721551795,0.0504341203,52.3523336,0.506
105652.197049,-0.704087083,-0.00929257136,21.0199711,0.506
105652.201218,-0.773230605,0.0245119796,20.9849139,0.506
105652.205386,-0.724627661,-0.0141583092,8.37088785,0.506
105652.209554,-0.753201605,-0.00106471299,8.35980193,0.506
105652.213723,-0.681928149,-0.0369232393,4.9442381,0.506
105652.217891,-0.727599181,-0.028979969,4.94753226,0.506
105652.222060,-0.743501679,-0.0355848097,4.94469475,0.506
105652.226228,-0.693838352,-0.0617891568,3.82359951,0.506
105652.230396,-0.680150947,-0.0468780198,3.82447785,0.506
105652.234565,-0.639950536,-0.0605498052,3.51489822,0.506
105652.238733,-0.62571413,-0.0926312075,3.51500366,0.506
105652.242902,-0.608700051,-0.137559087,3.51467455,0.506
105652.247070,-0.573905763,-0.0778785048,3.894502,0.506
105652.251238,-0.558763541,-0.145949685,3.89461239,0.506
105652.255407,-0.592776605,-0.0874092277,5.08521981,0.506
105652.259575,-0.538223694,-0.171553548,5.0842221,0.506
105652.263744,-0.504853703,-0.184747773,5.08491362,0.506
105652.267912,-0.563028008,-0.129191419,7.377815,0.506
105652.272080,-0.536180939,-0.174900617,7.37783735,0.506
105652.276249,-0.580081403,-0.126170681,8.50454291,0.506
105652.280417,-0.569219933,-0.15786593,8.49758018,0.506
105652.284586,-0.612901816,-0.0876743783,6.75361129,0.506
105652.288754,-0.589927974,-0.0903926442,6.7627612,0.506
105652.292923,-0.586459598,-0.115624873,6.76456171,0.506
105652.297091,-0.601905314,-0.0492680452,6.2347128,0.506
105652.301259,-0.593445533,-0.0353179917,6.23622122,0.506
105652.305428,-0.592473787,-0.056239208,7.20171201,0.506
105652.309596,-0.59969134,-0.0369993974,7.1966978,0.506
105652.313765,-0.60476033,-0.0390935372,7.19663412,0.506
105652.317933,-0.579027237,-0.0566843965,8.48292783,0.506
105652.322101,-0.576926053,-0.0600803846,8.48268348,0.506
105652.326270,-0.573140531,-0.0830498489,8.77574023,0.506
105652.330438,-0.596868194,-0.109699469,8.78234039,0.506
105652.334607,-0.582714073,-0.0629694336,7.3648619,0.506
105652.338775,-0.578938604,-0.0576040666,7.36755477,0.506
105652.342943,-0.59672371,-0.0425335183,7.37512575,0.506
105652.347112,-0.581382599,-0.0253930149,7.97469653,0.506
105652.351280,-0.590686882,-0.0068177514,7.96798817,0.506
105652.355449,-0.573035038,-0.0178772275,9.83363545,0.506
105652.359617,-0.57518824,0.0230432969,9.81707838,0.506
105652.363785,-0.559422671,0.0796072955,9.84072064,0.506
105652.367954,-0.522585575,0.0480468777,16.6538877,0.506
105652.372122,-0.511820753,0.0910004909,16.681956,0.506
105652.376291,-0.47765663,0.047424658,41.5088639,0.506
105652.380459,-0.429188098,0.107150378,40.0374137,0.506
105652.384628,-0.415335242,0.0722117259,13.9547419,0.506
105652.388796,-0.309062049,0.131531341,14.0393701,0.506
105652.392964,-0.159994982,0.205801595,13.9955918,0.506
105652.397133,-0.178296852,0.14772418,5.45307887,0.506
105652.401301,-0.127669278,0.17396442,5.45249271,0.506
105652.405470,-0.319709103,-0.00807698312,3.02473128,0.506
105652.409638,-0.373123513,0.00858663639,3.02490652,0.506
105652.413806,-0.470619935,0.0322320539,3.02464166,0.506
105652.417975,-0.577287234,0.0465624251,3.02674297,0.506
105652.422143,-0.654272869,-0.00858444639,3.02760792,0.506
105652.426312,-0.447503836,-0.0107648487,4.90422663,0.506
105652.430480,-0.441230258,-0.00516635251,4.90512336,0.506
105652.434648,-0.277460743,0.0573425372,6.29161312,0.506
105652.438817,-0.289843046,0.0428425691,6.29143826,0.506
105652.442985,-0.233147741,0.0535738666,6.29087793,0.506
105652.447154,-0.137088976,0.0620258231,5.7538359,0.506
105652.451322,-0.0996040471,-0.00334024052,5.75405054,0.506
105652.455490,-0.148560045,-0.0135228007,9.07538622,0.506
105652.459659,-0.0936595845,-0.0538737257,9.08219025,0.506
105652.463827,-0.0395845556,-0.0719775344,9.0877573,0.506
105652.467996,-0.0810145414,0.0105206819,38.5462051,0.506
105652.472164,-0.0116716159,0.00190398354,39.6169116,0.506
105652.476333,-0.11032347,0.00498382065,14.8052258,0.506
105652.480501,-0.0621083007,-0.00854603182,14.8016038,0.506
105652.484669,-0.158002492,0.00415644028,5.96870953,0.506
105652.488838,-0.0655937752,-0.0230825786,5.96594468,0.506
105652.493006,-0.0334354301,-0.0799533487,5.96211813,0.506
105652.497175,-0.144955159,-0.077805551,4.0857697,0.506
105652.501343,-0.121988212,-0.114181174,4.08638607,0.506
105652.505511,-0.201364557,-0.0619321819,3.38826717,0.506
105652.509680,-0.216565768,-0.0822915665,3.3884016,0.506
105652.513848,-0.24756711,-0.100060322,3.3881497,0.506
105652.518017,-0.263820893,-0.0343164409,3.34295748,0.506
105652.522185,-0.307003387,-0.00463120839,3.3428569,0.506
105652.526353,-0.271001036,0.0260472421,3.87924421,0.506
105652.530522,-0.318402046,0.0495308168,3.87990857,0.506
105652.534690,-0.264829006,0.0265444792,5.70788352,0.506
105652.538859,-0.301497177,0.0423806452,5.70770817,0.506
105652.543027,-0.377030642,0.0508614532,5.70477392,0.506
105652.547196,-0.301820957,-0.00227323921,12.4854022,0.506
105652.551364,-0.349851131,0.0280331217,12.4839734,0.506
105652.555532,-0.274529624,-0.0125119225,37.0553715,0.506
105652.559701,-0.285328368,0.0172983476,37.474466,0.506
105652.563869,-0.323501022,0.0124133297,37.3933945,0.506
105652.568038,-0.246048191,0.0103255475,17.5376092,0.506
105652.572206,-0.246744612,-0.000741795757,17.509894,0.506
105652.576374,-0.222937417,0.0217870679,13.6798564,0.506
105652.580543,-0.225142484,0.00995276494,13.6732928,0.506
105652.584711,-0.215520998,0.0138643514,13.6707379,0.506
105652.588880,-0.215598074,0.0151275933,14.6051566,0.506
105652.593048,-0.218969564,0.0186172872,14.6213366,0.506
105652.597216,-0.226530429,0.0245321999,15.3075054,0.506
105652.601385,-0.233444525,0.0481036608,15.2878462,0.506
105652.605553,-0.226223105,0.0353680904,13.8869469,0.506
105652.609722,-0.250096803,0.0375438126,13.868355,0.506
105652.613890,-0.233794512,0.0501039816,13.866176,0.506
105652.618058,-0.257859684,-0.00147166439,12.3003329,0.506
105652.622227,-0.266089931,-0.00687036837,12.2879945,0.506
105652.626395,-0.248085863,0.0450191326,12.3603658,0.506
105652.630564,-0.243109523,0.0415794025,12.3571697,0.506
105652.634732,-0.240648819,0.0496921009,12.354845,0.506
105652.638901,-0.247005476,0.00184332902,11.5459662,0.506
105652.643069,-0.237665499,0.0183140733,11.5412092,0.506
105652.647237,-0.26105946,0.00566202818,12.5849513,0.506
105652.651406,-0.267323022,-0.0335877439,12.5887494,0.506
105652.655574,-0.279533852,0.00609825271,13.9462535,0.506
105652.659743,-0.291665722,-0.00641539806,13.9317415,0.506
105652.663911,-0.302716278,0.0163926095,13.9013051,0.506
105652.668079,-0.295432593,0.0332867905,11.1380776,0.506
105652.672248,-0.340191158,0.0289603206,11.1437224,0.506
105652.676416,-0.29653847,0.0494458646,8.21877887,0.506
105652.680585,-0.322610042,0.0506305896,8.22396199,0.506
105652.684753,-0.367494312,0.0523904457,8.21719033,0.506
105652.688921,-0.331562236,0.039992781,5.94635608,0.506
105652.693090,-0.358369454,0.024395052,5.94527248,0.506
105652.697258,-0.295105171,0.0340203594,4.48771875,0.506
105652.701427,-0.323473299,0.054055518,4.48646322,0.506
105652.705595,-0.270346484,0.0433412411,3.70013378,0.506
105652.709764,-0.291116322,0.0607509263,3.69963099,0.506
105652.713932,-0.303952385,0.0496533139,3.70042744,0.506
105652.718100,-0.253434836,0.0562355565,3.29933017,0.506
105652.722269,-0.255158582,0.0172504756,3.2998957,0.506
105652.726437,-0.237801043,0.0490838474,3.12553428,0.506
105652.730606,-0.236943587,0.05988633,3.12516386,0.506
105652.734774,-0.241550676,0.0520636322,3.12518366,0.506
105652.738942,-0.302760267,0.0503301859,3.07064154,0.506
105652.743111,-0.237904812,0.120209243,3.07026906,0.506
105652.747279,-0.173015483,0.180375315,3.02058002,0.506
105652.751448,-0.203474944,0.0908472504,3.02058224,0.506
105652.755616,-0.160514316,0.0849255259,3.21074666,0.506
105652.759784,-0.160235674,0.062872706,3.2107274,0.506
105652.763953,-0.129846959,0.0509134482,3.21093335,0.506
105652.768121,-0.203263804,0.0922233852,3.90650019,0.506
105652.772290,-0.181630764,0.0933349822,3.906761,0.506
105652.776458,-0.204294788,0.0927130017,4.1417342,0.506
105652.780627,-0.196638399,0.0904259556,4.141822,0.506
105652.784795,-0.194849762,0.0593562091,4.14145927,0.506
105652.788963,-0.217589259,0.0284634695,4.29757889,0.506
105652.793132,-0.196240777,0.0194154366,4.29667892,0.506
105652.797300,-0.195341361,0.0814400073,4.95337862,0.506
105652.801469,-0.197859537,0.0663633863,4.9534871,0.506
105652.805637,-0.198744868,0.0746890792,5.69267893,0.506
105652.809805,-0.184291904,0.0572774993,5.69017513,0.506
105652.813974,-0.124099624,0.0292358299,5.69411432,0.506
105652.818142,-0.172521564,0.0487645841,7.45452246,0.506
105652.822311,-0.134556254,0.0477255055,7.45858729,0.506
105652.826479,-0.182158056,0.0757149761,10.6386284,0.506
105652.830647,-0.16177219,0.0683199763,10.6383916,0.506
105652.834816,-0.152319947,0.0675924464,10.6407832,0.506
105652.838984,-0.173339792,0.0540532732,13.9079704,0.506
105652.843153,-0.172788375,0.0445162657,13.8945352,0.506
105652.847321,-0.195567134,0.0463081856,16.460875,0.506
105652.851490,-0.198462109,0.0195297949,16.498695,0.506
105652.855658,-0.233420105,0.0662226638,17.4068288,0.506
105652.859826,-0.223421294,0.0472629415,17.4127148,0.506
105652.863995,-0.24183066,0.0595897264,17.401886,0.506
105652.868163,-0.216992028,0.0424254018,13.1991651,0.506
105652.872332,-0.246290646,0.0405929476,13.188623,0.506
105652.876500,-0.210900845,0.0514144973,10.4256911,0.506
105652.880668,-0.222641343,0.0485253635,10.4174003,0.506
105652.884837,-0.283137049,0.0491390741,10.4078389,0.506
105652.889005,-0.204434216,0.0570134306,8.04482103,0.506
105652.893174,-0.19293645,0.0667368136,8.04680202,0.506
105652.897342,-0.191091522,0.0279871872,7.15269971,0.506
105652.901510,-0.18312592,0.0512777836,7.15563308,0.506
105652.905679,-0.196291208,0.0422802264,6.63973161,0.506
105652.909847,-0.180603379,0.0654257697,6.64244793,0.506
105652.914016,-0.202090625,0.0633956778,6.64072664,0.506
105652.918184,-0.206034542,0.0212834869,6.06994816,0.506
105652.922352,-0.212303055,0.0498052349,6.07090005,0.506
105652.926521,-0.186987064,0.0385803236,5.67670672,0.506
105652.930689,-0.191195665,0.0236714316,5.67448855,0.506
105652.934858,-0.159139982,-0.0123894085,5.67649611,0.506
105652.939026,-0.142904564,-0.00777015344,5.87061919,0.506
105652.943195,-0.157525988,-0.0276710654,5.87240902,0.506
105652.947363,-0.145137773,0.00901279238,6.62157555,0.506
105652.951531,-0.114010181,0.0116019352,6.61979729,0.506
105652.955700,-0.0989356663,0.00248279306,6.62241851,0.506
105652.959868,-0.120692848,0.0110692069,7.9539292,0.506
105652.964037,-0.0969090547,0.000294199288,7.95986269,0.506
105652.968205,-0.130988066,0.00140408172,10.5023844,0.506
105652.972373,-0.127242875,-0.00948487283,10.50968,0.506
105652.976542,-0.159820861,0.0078180153,13.5643181,0.506
105652.980710,-0.133861922,0.00583190719,13.573274,0.506
105652.984879,-0.140945276,0.00499934138,13.5584594,0.506
105652.989047,-0.176713283,-0.00352476422,15.9967109,0.506
105652.993215,-0.140878164,0.0112609067,16.0004008,0.506
105652.997384,-0.159593169,0.0116382576,16.7815711,0.506
105653.001552,-0.175726418,0.00249076686,16.7567793,0.506
105653.005721,-0.141935295,0.0254508964,16.7780273,0.506
105653.009889,-0.168655632,-0.00783546464,17.1777001,0.506
105653.014058,-0.152264165,-0.0267809068,17.1713007,0.506
105653.018226,-0.175490877,-0.0278798716,20.4797237,0.506
105653.022394,-0.174429743,-0.055284462,20.3877156,0.506
105653.026563,-0.211540227,-0.110696901,23.0319747,0.506
105653.030731,-0.0569420692,-0.0311309461,23.3882771,0.506
105653.034900,-0.164239773,-0.089257362,23.2233614,0.506
105653.039068,-0.157179004,0.0492926053,16.4158856,0.506
105653.043236,-0.175097324,0.0651127225,16.4004758,0.506
105653.047405,-0.173104215,-0.0102203473,33.7441993,0.506
105653.051573,-0.149170338,0.0115203372,34.0006657,0.506
105653.055742,-0.155772362,-0.00811737603,33.9905795,0.506
105653.059910,-0.145454802,-0.00915270906,54.8709724,0.506
105653.064078,-0.124805043,-0.00909240901,54.1337674,0.506
105653.068247,-0.165722486,-0.0193794347,89.3494542,0.506
105653.072415,-0.127437508,-0.0166479005,87.7173012,0.506
105653.076584,-0.157983338,-0.0228807269,69.6862322,0.506
105653.080752,-0.115508746,-0.0308547502,68.2866128,0.506
105653.084920,-0.131480905,-0.0230172638,69.0867195,0.506
105653.089089,-0.127803707,-0.0497478751,28.6361374,0.506
105653.093257,-0.127357696,-0.0786579866,28.4597513,0.506
105653.097426,-0.130362669,-0.0444389112,14.1953446,0.506
105653.101594,-0.109946828,-0.0653249191,14.1825182,0.506
105653.105763,-0.108740707,-0.0437761117,14.2002573,0.506
105653.109931,-0.142769647,-0.0274608628,9.40444266,0.506
105653.114099,-0.149955037,0.00382895695,9.40926199,0.506
105653.118268,-0.170365589,-0.024929264,9.22481109,0.506
105653.122436,-0.152681148,-0.00876278143,9.22440421,0.506
105653.126605,-0.158841017,-0.0373148661,8.35981399,0.506
105653.130773,-0.162047537,-0.0290823725,8.3576698,0.506
105653.134941,-0.147571332,-0.0363406568,8.35668176,0.506
105653.139110,-0.162658905,-0.0598020489,8.23594194,0.506
105653.143278,-0.165685144,-0.0653506481,8.23688938,0.506
105653.147447,-0.152857526,-0.0417955192,9.46468608,0.506
105653.151615,-0.161138115,-0.0332078987,9.46403099,0.506
105653.155783,-0.158538549,-0.0179155427,9.45816282,0.506
105653.159952,-0.133184013,-0.0103829156,10.1784053,0.506
105653.164120,-0.142200279,0.0363003644,10.164317,0.506
105653.168289,-0.129438083,-0.0255916695,9.71635147,0.506
105653.172457,-0.140373168,0.0198915932,9.70900223,0.506
105653.176626,-0.13740146,-0.0312090292,9.47963666,0.506
105653.180794,-0.14112446,-0.0142650783,9.46566592,0.506
105653.184962,-0.139657468,-0.0522050513,9.47635773,0.506
105653.189131,-0.117887933,-0.0458709642,12.0680336,0.506
105653.193299,-0.127689983,-0.0713825325,12.0808024,0.506
105653.197468,-0.101675705,-0.0183025248,25.5961653,0.506
105653.201636,-0.110417322,-0.03192873,25.5591239,0.506
105653.205804,-0.0970717057,-0.0395248388,25.7406935,0.506
105653.209973,-0.105461624,-0.0237044942,45.1814667,0.506
105653.214141,-0.108690969,-0.0233215005,45.1539442,0.506
105653.218310,-0.109298109,-0.00108554752,31.6205638,0.506
105653.222478,-0.116856829,-0.00631070168,31.5313882,0.506
105653.226646,-0.0912467724,0.0214467621,21.5134059,0.506
105653.230815,-0.0936656099,0.000708422734,21.4720076,0.506
105653.234983,-0.0742451963,0.00621310161,21.509571,0.506
105653.239152,-0.113502131,-0.00439175904,16.6020204,0.506
105653.243320,-0.104262894,-0.0122353471,16.5819497,0.506
105653.247488,-0.119487068,-0.0134733361,14.276963,0.506
105653.251657,-0.110246469,-0.0787581021,14.2428721,0.506
105653.255825,-0.101897704,-0.108466167,14.2538174,0.506
105653.259994,-0.0928684178,-0.0871967905,8.20766646,0.506
105653.264162,-0.0912840418,-0.0709139599,8.20774386,0.506
105653.268330,-0.111104971,0.0086026599,5.41524765,0.506
105653.272499,-0.124825862,-0.0245082652,5.41458122,0.506
105653.276667,-0.140387008,0.0145237001,5.07125262,0.506
105653.280836,-0.146510444,0.00341332904,5.06909804,0.506
105653.285004,-0.202176408,0.0618557785,5.06830088,0.506
105653.289173,-0.128444582,0.060170987,5.59503956,0.506
105653.293341,-0.176615888,0.0929230055,5.59260873,0.506
105653.297509,-0.132788923,0.0846800857,7.91433605,0.506
105653.301678,-0.117282635,0.0845548017,7.91361,0.506
105653.305846,-0.187206992,0.143464919,7.92290999,0.506
105653.310015,-0.116721376,0.0679648144,10.7609314,0.506
105653.314183,-0.129742888,0.0565738121,10.7383721,0.506
105653.318351,-0.0994609922,0.0326169193,9.35895472,0.506
105653.322520,-0.111868741,0.0553125696,9.35975041,0.506
105653.326688,-0.100531001,0.0425328875,9.36225864,0.506
105653.330857,-0.0916524413,0.0339850886,7.97168981,0.506
105653.335025,-0.0989513405,0.0163386657,7.9753633,0.506
105653.339193,1.27159969,-1.17147474,6.78632374,0.506
105653.343362,-1.69026277,2.61809983,0,0.506
105653.347530,0.0160387541,-1.08593182,5.62323689,0.506
105653.351699,0.880028331,-0.643562662,5.68986401,0.506
105653.355867,-1.1582791,-0.119531323,5.69915369,0.506
105653.360036,0.15710044,0.106114963,5.08633212,0.506
105653.364204,0.498979619,-0.431524363,5.08494471,0.506
105653.368372,-0.335417811,0.340893081,4.83917949,0.506
105653.372541,-0.0217742701,0.198190238,4.84293642,0.506
105653.376709,0.0840899163,-0.181098325,4.84067505,0.506
105653.380878,0.0562259369,0.247683319,5.76849814,0.506
105653.385046,-0.191630589,-0.00108591415,5.75989521,0.506
105653.389214,0.119611663,0.111039784,6.96359443,0.506
105653.393383,0.123792098,0.309256893,6.96026284,0.506
105653.397551,0.0735426725,-0.094068825,13.2544024,0.506
105653.401720,-0.0543752431,-0.0811294771,13.1839933,0.506
105653.405888,0.0398869974,-0.148453631,13.1707257,0.506
105653.410056,-0.107055129,-0.131967456,9.02787655,0.506
105653.414225,0.000950302829,-0.0102025144,8.97992495,0.506
105653.418393,-0.0066140604,-0.0247138916,6.24569687,0.506
105653.422562,0.0509826634,0.16155848,6.25707171,0.506
105653.426730,0.0635922416,0.184519766,6.2594024,0.506
105653.430898,-0.0135891891,0.0409234823,9.33167417,0.506
105653.435067,0.0526129892,0.0778392756,9.34908211,0.506
105653.439235,0.0250448048,-0.0353483256,11.4314218,0.506
105653.443404,0.0330934485,-0.0185054614,11.4250134,0.506
105653.447572,0.0341530721,0.0268153167,12.5008374,0.506
105653.451741,0.0523396999,0.00676851386,12.5188077,0.506
105653.455909,0.0623647426,0.0518197836,12.4991111,0.506
105653.460077,-0.00161386111,0.00271846785,17.2644078,0.506
105653.464246,0.0253764432,0.00657462013,17.4073639,0.506
105653.468414,0.0102202314,-0.00641580398,18.4690138,0.506
105653.472583,-0.000975110698,-0.0108007865,18.3656745,0.506
105653.476751,0.0192932567,0.00283852562,18.4059239,0.506
105653.480919,0.00752360732,-0.00231334336,17.4518451,0.506
105653.485088,0.0155904069,-0.00640026884,17.4758708,0.506
105653.489256,0.00834430505,0.00399423863,16.4750531,0.506
105653.493425,0.00885080614,-0.0196863974,16.4246852,0.506
105653.497593,0.0126679287,0.00749273527,14.7925015,0.506
105653.501761,0.0194925846,0.00221440808,14.8123617,0.506
105653.505930,-0.00232462709,-0.00906022615,14.7792588,0.506
105653.510098,0.00944623907,-0.0103100147,13.3772739,0.506
105653.514267,0.0142161698,-0.00632411435,13.4012244,0.506
105653.518435,0.0335644728,-0.0188777234,12.4201681,0.506
105653.522604,0.0289819634,-0.00102295008,12.4127965,0.506
105653.526772,0.0418150196,-0.01849495,12.460453,0.506
105653.530940,0.0326875393,-0.0197400896,12.7746356,0.506
105653.535109,0.02888775,-0.00352407975,12.7152875,0.506
105653.539277,0.042484174,0.00788711562,12.9985557,0.506
105653.543446,0.0322705523,0.00453176225,13.0293508,0.506
105653.547614,0.0243708147,0.0205038963,12.6724785,0.506
105653.551782,0.0465404181,0.0242570724,12.6735355,0.506
105653.555951,0.0114261498,0.0172259938,12.66686,0.506
105653.560119,0.0438843816,0.0274540242,12.3271993,0.506
105653.564288,0.0187250775,0.0344537823,12.2836639,0.506
105653.568456,0.0220009008,0.0343919163,12.8180455,0.506
105653.572624,0.0297615652,0.0338851047,12.7761029,0.506
105653.576793,0.0285564741,0.0335136425,12.8568994,0.506
105653.580961,0.0257389676,0.0414675782,13.2257194,0.506
105653.585130,0.0273786366,0.0325227273,13.1815944,0.506
105653.589298,0.0394716869,0.0100241002,14.4888947,0.506
105653.593466,0.0241636083,0.0259093456,14.5260516,0.506
105653.597635,0.0151055882,0.0105984139,16.2753416,0.506
105653.601803,0.0492413364,0.0275411895,16.2012421,0.506
105653.605972,0.0166534213,0.00778268908,16.208963,0.506
105653.610140,0.0367598419,0.0082949159,17.0531244,0.506
105653.614309,0.0259879517,-0.00295796856,17.0306443,0.506
105653.618477,0.00148924283,0.00395021538,16.998732,0.506
105653.622645,0.0440244993,0.000504194658,17.0622103,0.506
105653.626814,0.0202999352,0.00540535537,17.0934482,0.506
105653.630982,0.0289637543,-0.00629842562,17.2869941,0.506
105653.635151,0.0371669395,-0.00264177762,17.3202162,0.506
105653.639319,0.0322710803,0.0147664502,18.0847122,0.506
105653.643487,0.0288906383,-0.0182351987,18.0443185,0.506
105653.647656,0.0405075738,-0.0125534917,18.0575955,0.506
105653.651824,0.03242706,-0.0031944879,19.1832904,0.506
105653.655993,0.0547279914,-0.0120064201,19.2025593,0.506
105653.660161,0.0184280112,0.00554306312,23.1496529,0.506
105653.664329,0.0320157849,0.00854676351,23.2012133,0.506
105653.668498,0.0161901692,-0.00162892412,27.7331444,0.506
105653.672666,0.0294051095,-0.00153821074,27.9817992,0.506
105653.676835,0.0209561008,0.000123083216,28.1301073,0.506
105653.681003,0.0125912242,-0.00203009822,33.7983825,0.506
105653.685171,0.0255211869,-0.00583064488,33.6953024,0.506
105653.689340,0.00144728778,-0.00940305675,38.7282844,0.506
105653.693508,0.0159239681,-0.00678575129,39.044107,0.506
105653.697677,0.0227467237,0.00120353834,39.0044035,0.506
105653.701845,0.0123868759,-0.000535649265,45.5910183,0.506
105653.706014,0.0182152921,0.00286465396,46.2309256,0.506
105653.710182,0.0126246834,-0.00618154217,63.3721649,0.506
105653.714350,0.0134620797,-0.00142341251,64.6198088,0.506
105653.718519,0.00109857068,-0.0116489279,106.933744,0.506
105653.722687,0.00377262399,0.00245063966,107.629222,0.506
105653.726856,0.000294735019,0.0134975294,107.23904,0.506
105653.731024,-0.00334209553,-0.00591693379,112.529589,0.506
105653.735192,-0.00452869073,0.00400285662,110.889616,0.506
105653.739361,-0.019743235,-0.00173925638,59.8485248,0.506
105653.743529,0.00129496897,-0.00457804038,58.9458005,0.506
105653.747698,-0.0128958735,-0.00448549752,59.1042164,0.506
105653.751866,-0.0109712645,0.0129991406,41.2785286,0.506
105653.756035,-0.000892726583,-0.00179924467,40.5775102,0.506
105653.760203,-0.0118356187,-0.0017976216,29.3005822,0.506
105653.764371,-0.0179189236,0.00588477873,29.1902909,0.506
105653.768540,-0.0213107917,0.00290928349,22.5461825,0.506
105653.772708,-0.00956598846,0.00542487591,22.6356179,0.506
105653.776877,-0.0147657545,0.0130688485,22.542749,0.506
105653.781045,-0.029446572,0.0160035528,19.6823366,0.506
105653.785213,-0.0140811413,0.00703754185,19.5500359,0.506
105653.789382,-0.0260123996,0.00394130616,17.4701599,0.506
105653.793550,-0.0195580778,-0.00284750606,17.4020007,0.506
105653.797719,-0.013358075,0.00714142306,17.5035673,0.506
105653.801887,-0.0142251293,0.0164387928,16.4700142,0.506
105653.806055,-0.00115116759,0.018619722,16.4689968,0.506
105653.810224,-0.0522309901,-0.00118357603,12.6961039,0.506
105653.814392,-0.00634437596,-0.00266058171,12.6121128,0.506
105653.818561,-0.0375784429,-0.0122502853,9.40931572,0.506
105653.822729,0.0153409137,0.00556677892,9.37162864,0.506
105653.826897,0.00854578844,-0.0160997751,9.35057858,0.506
105653.831066,-0.0252246859,-0.0121080742,7.25273909,0.506
105653.835234,0.0167197047,0.0669279111,7.24280644,0.506
105653.839403,-0.0286294466,-0.018444859,5.46132785,0.506
105653.843571,0.0227897964,-0.0355729688,5.47553321,0.506
105653.847740,0.0459370593,-0.0111320866,5.479538,0.506
105653.851908,-0.0228507454,-0.0301151937,5.02238854,0.506
105653.856076,0.0304421068,-0.00295155483,5.02786197,0.506
105653.860245,-0.00443481885,0.0233517806,4.84042667,0.506
105653.864413,0.0172192535,0.0301890359,4.84023821,0.506
105653.868582,0.0155868072,0.0302689419,4.34411459,0.506
105653.872750,0.0398869183,0.0335764682,4.34621905,0.506
105653.876918,0.0271068796,0.020097144,4.34645844,0.506
105653.881087,0.0635737875,-0.0106134696,4.00928195,0.506
105653.885255,0.0994964614,-0.00679497815,4.00903403,0.506
105653.889424,0.0252542788,-0.00219318931,3.77629224,0.506
105653.893592,0.0450488942,-0.00247143173,3.77755275,0.506
105653.897760,0.0337787117,0.0249186905,3.77751594,0.506
105653.901929,0.038592386,0.0034897057,3.79171863,0.506
105653.906097,0.021744646,-0.0133004101,3.79158979,0.506
105653.910266,0.0284051159,-0.00634377869,3.91143506,0.506
105653.914434,0.0330760093,-0.0317788233,3.9107804,0.506
105653.918602,0.0451998819,-0.0164898684,4.33798339,0.506
105653.922771,0.0384280891,-0.0210050745,4.33952312,0.506
105653.926939,0.0372514947,-0.0489811827,4.33861885,0.506
105653.931108,0.078952978,-0.0148076237,4.67611259,0.506
105653.935276,0.0741575935,-0.0273564723,4.67786434,0.506
105653.939445,0.0923671749,-0.0223503937,4.71287107,0.506
105653.943613,0.101502707,-0.00602242377,4.70768026,0.506
105653.947781,0.115545035,-0.0149412664,4.71036359,0.506
105653.951950,0.105248805,-0.0238931792,4.55705031,0.506
105653.956118,0.112147456,-0.0245542478,4.55671882,0.506
105653.960287,0.118988862,-0.0301305968,4.57150639,0.506
105653.964455,0.130940746,-0.0247280372,4.57093254,0.506
105653.968623,0.132013938,-0.0304435486,4.56999855,0.506
105653.972792,0.129559164,-0.0240694227,4.56881526,0.506
105653.976960,0.154687378,-0.0381246042,4.5698164,0.506
105653.981129,0.144551602,-0.0438365227,4.53589577,0.506
105653.985297,0.161406296,-0.0291436506,4.53728915,0.506
105653.989465,0.144006605,-0.0640528508,4.43831516,0.506
105653.993634,0.170111984,-0.0298007371,4.43698578,0.506
105653.997802,0.190210998,-0.0362669765,4.43746051,0.506
105654.001971,0.193696718,-0.0414515768,4.26885099,0.506
105654.006139,0.198055332,-0.0290142463,4.26892383,0.506
105654.010308,0.198351343,-0.0153336815,3.99627021,0.506
105654.014476,0.194974863,-0.0424626722,3.99716288,0.506
105654.018644,0.218347239,-0.0238966708,3.99646583,0.506
105654.022813,0.195319604,-0.0331887391,3.77117357,0.506
105654.026981,0.213472738,-0.04179227,3.77130459,0.506
105654.031150,0.210901596,-0.0376271785,3.68672433,0.506
105654.035318,0.212843855,-0.0582320592,3.68622554,0.506
105654.039486,0.227791629,-0.0546807749,3.70874507,0.506
105654.043655,0.227166911,-0.069093313,3.70909562,0.506
105654.047823,0.231529519,-0.0724039764,3.70961061,0.506
105654.051992,0.230230875,-0.0652867646,3.80090976,0.506
105654.056160,0.22885471,-0.0546230013,3.8002272,0.506
105654.060328,0.261118192,-0.0510279221,3.91654814,0.506
105654.064497,0.251244351,-0.0544888403,3.91637375,0.506
105654.068665,0.250913991,-0.059187582,3.91621695,0.506
105654.072834,0.269296947,-0.0470797587,3.98429278,0.506
105654.077002,0.287166391,-0.0446672539,3.98410834,0.506
105654.081171,0.270798396,-0.0256930751,3.92571102,0.506
105654.085339,0.295651368,-0.0162979642,3.92537121,0.506
105654.089507,0.299057468,-0.0139808429,3.72782616,0.506
105654.093676,0.303542613,0.00957580374,3.72859714,0.506
105654.097844,0.324621437,0.0143998235,3.72910324,0.506
105654.102013,0.326981288,-0.0138062897,3.46380627,0.506
105654.106181,0.318910336,-0.0246944976,3.46328741,0.506
105654.110349,0.325694954,-0.0316871393,3.25741881,0.506
105654.114518,0.339492082,-0.0406154738,3.25711642,0.506
105654.118686,0.352676097,-0.0471194799,3.2571782,0.506
105654.122855,0.325540265,-0.0653064232,3.09738226,0.506
105654.127023,0.333191791,-0.0783037902,3.0969219,0.506
105654.131191,0.304491602,-0.0685834612,3.09414177,0.506
105654.135360,0.31911656,-0.106341893,3.09475742,0.506
105654.139528,0.331889832,-0.0801252828,3.23792074,0.506
105654.143697,0.322910168,-0.140781247,3.23757924,0.506
105654.147865,0.381881767,-0.250376129,3.23742513,0.506
105654.152033,0.357061899,-0.144466506,3.36633377,0.506
105654.156202,0.34973432,-0.211918989,3.36645995,0.506
105654.160370,0.317071221,-0.0669348845,3.1606822,0.506
105654.164539,0.25617721,-0.0739507626,3.16027378,0.506
105654.168707,0.241812029,-0.0832084293,3.16012371,0.506
105654.172876,0.277417338,-0.0572872919,3.71936475,0.506
105654.177044,0.26849497,-0.0445762789,3.71908512,0.506
105654.181212,0.282017964,-0.0772909539,4.40623302,0.506
105654.185381,0.240252412,-0.0707274364,4.40790421,0.506
105654.189549,0.296325415,-0.0791044692,5.74644134,0.506
105654.193718,0.279737404,-0.0668758281,5.74861396,0.506
105654.197886,0.252879249,-0.0316558126,5.74934112,0.506
105654.202054,0.297589594,-0.0423626242,7.11806667,0.506
105654.206223,0.284270198,-0.00593659225,7.12163692,0.506
105654.210391,0.33367766,-0.0371300919,7.84755167,0.506
105654.214560,0.303230804,-0.00220226743,7.84221114,0.506
105654.218728,0.307889398,0.0278380047,7.84005772,0.506
105654.222896,0.344548919,-0.00541973586,6.75350395,0.506
105654.227065,0.340803205,0.0166927536,6.75200522,0.506
105654.231233,0.358959105,-0.0264332439,5.28432496,0.506
105654.235402,0.364262355,-0.027152735,5.28297418,0.506
105654.239570,0.349697642,-0.0523222597,4.57082582,0.506
105654.243739,0.362904532,-0.0270964304,4.57140139,0.506
105654.247907,0.372438169,-0.0100143176,4.57223738,0.506
105654.252075,0.357248102,-0.101340932,4.29515615,0.506
105654.256244,0.374588165,-0.0279233938,4.2952192,0.506
105654.260412,0.358267902,-0.0662349375,4.09731058,0.506
105654.264581,0.362254107,-0.0792657708,4.09713707,0.506
105654.268749,0.368493602,-0.056017024,4.0972702,0.506
105654.272917,0.343660688,-0.0357461448,4.0408985,0.506
105654.277086,0.344684587,-0.0368047798,4.04090278,0.506
105654.281254,0.346297276,-0.0413054948,4.06924102,0.506
105654.285423,0.331443981,-0.0549377262,4.06946372,0.506
105654.289591,0.354677167,-0.043035407,4.24778998,0.506
105654.293759,0.329917109,-0.0998271594,4.24663597,0.506
105654.297928,0.327917665,-0.0796535653,4.24692307,0.506
105654.302096,0.324248774,-0.0375902819,4.77916619,0.506
105654.306265,0.311783634,-0.0325184407,4.77800278,0.506
105654.310433,0.337626349,-0.0297727018,4.81413731,0.506
105654.314601,0.306241425,-0.0317063125,4.8153743,0.506
105654.318770,0.281725476,-0.0314400455,4.81386545,0.506
105654.322938,0.323686978,-0.0504321505,4.76140508,0.506
105654.327107,0.30201176,-0.0476172673,4.76217106,0.506
105654.331275,0.323341845,-0.0478566155,4.78612005,0.506
105654.335443,0.302941362,-0.0521075706,4.78600795,0.506
105654.339612,0.297754458,-0.0681955098,4.78541896,0.506
105654.343780,0.343239569,-0.0461433818,4.96837957,0.506
105654.347949,0.335963835,-0.0709809193,4.96725413,0.506
105654.352117,0.351734391,-0.0263894231,5.20228733,0.506
105654.356286,0.357813321,-0.0252020207,5.20362185,0.506
105654.360454,0.365817052,-0.0255550397,5.20769275,0.506
105654.364622,0.354769051,-0.0253734699,5.20652652,0.506
105654.368791,0.345411277,-0.013823217,5.20599916,0.506
105654.372959,0.386971526,0.0103815547,4.97875186,0.506
105654.377128,0.363265099,-0.0223950805,4.98006681,0.506
105654.381296,0.38346156,-0.0102371461,4.86113579,0.506
105654.385464,0.39884044,0.00276898153,4.86103692,0.506
105654.389633,0.451299234,-0.0413074509,4.86065328,0.506
105654.393801,0.472828995,-0.0365127484,5.3765789,0.506
105654.397970,0.456863684,-0.0142741865,5.37639904,0.506
105654.402138,0.398142249,0.00163760077,5.90719103,0.506
105654.406307,0.396862815,0.00448627246,5.90349463,0.506
105654.410475,0.384025159,-0.00782934517,5.62201967,0.506
105654.414643,0.421492724,-0.0271933165,5.62110393,0.506
105654.418812,0.403584066,-0.0398318196,5.61443213,0.506
105654.422980,0.442730256,-0.063767691,6.10278036,0.506
105654.427149,0.408480886,-0.132073351,6.09604679,0.506
105654.431317,0.421371233,-0.0489596625,8.68787122,0.506
105654.435485,0.46061998,-0.102406678,8.70759244,0.506
105654.439654,0.520944161,-0.144477472,8.77208869,0.506
105654.443822,0.491253735,-0.100590204,12.2862185,0.506
105654.447991,0.527063123,-0.108808393,12.2421084,0.506
105654.452159,0.48841704,-0.0401672003,7.39462328,0.506
105654.456327,0.521094045,-0.063972197,7.38515597,0.506
105654.460496,0.485546187,-0.0529642387,5.10989079,0.506
105654.464664,0.507593804,-0.0948418783,5.10843244,0.506
105654.468833,0.576970152,-0.168689505,5.11960802,0.506
105654.473001,0.540781893,-0.0662020069,3.76216618,0.506
105654.477169,0.579142962,-0.101250288,3.76041679,0.506
105654.481338,0.518799944,-0.0415527919,2.91543384,0.506
105654.485506,0.550739165,-0.003445164,2.91583924,0.506
105654.489675,0.623453716,-0.0331740638,2.91673061,0.506
105654.493843,0.54732201,-0.0705196921,2.53660745,0.506
105654.498012,0.533259413,-0.11291486,2.53622984,0.506
105654.502180,0.50116866,-0.0451592889,2.31402613,0.506
105654.506348,0.481084488,-0.000870109824,2.31397026,0.506
105654.510517,0.496074391,-0.00849602103,2.34897496,0.506
105654.514685,0.48307433,0.0599701358,2.34790348,0.506
105654.518854,0.450798086,0.140144006,2.34793908,0.506
105654.523022,0.481962239,0.0671722999,2.59245308,0.506
105654.527190,0.435074603,0.0879744095,2.59183579,0.506
105654.531359,0.53690564,0.0556510406,2.82944404,0.506
105654.535527,0.491974884,0.0776740473,2.82949305,0.506
105654.539696,0.484101964,0.179028703,2.82930027,0.506
105654.543864,0.508185469,0.13141017,2.97810896,0.506
105654.548032,0.456962994,0.156298113,2.97772782,0.506
105654.552201,0.485615534,0.0783189369,3.25451556,0.506
105654.556369,0.460799266,0.0856907866,3.25534634,0.506
105654.560538,0.42791692,0.0697224213,3.73361973,0.506
105654.564706,0.279955696,-0.0200425979,3.73396327,0.506
105654.568874,0.309114088,-0.0393743656,3.73477081,0.506
105654.573043,0.494975466,0.0643228155,6.19344845,0.506
105654.577211,0.344071492,0.0343617204,6.20050361,0.506
105654.581380,0.48980643,0.0668682853,10.9775259,0.506
105654.585548,0.48137487,0.037668373,11.0041973,0.506
105654.589717,0.40288028,0.00443228264,10.9915699,0.506
105654.593885,0.439614704,0.0535647878,9.4119615,0.506
105654.598053,0.400837924,0.0181424937,9.39405902,0.506
105654.602222,0.442918743,0.130335645,8.05638845,0.506
105654.606390,0.434292859,0.112047293,8.05354861,0.506
105654.610559,0.44558107,0.104802696,8.66026454,0.506
105654.614727,0.438287033,0.0796683054,8.63914987,0.506
105654.618895,0.444771053,0.0358404463,8.63877877,0.506
105654.623064,0.463439081,0.0451404239,6.9331439,0.506
105654.627232,0.475576166,0.0189086785,6.93239882,0.506
105654.631401,0.475743495,0.0385072797,4.98718077,0.506
105654.635569,0.489737494,0.0203775052,4.98813199,0.506
105654.639737,0.503794455,-0.0221850848,4.98552517,0.506
105654.643906,0.501887025,0.0459209833,3.68406055,0.506
105654.648074,0.528836387,0.0762060091,3.68187011,0.506
105654.652243,0.469115371,0.0600423734,3.04494759,0.506
105654.656411,0.495761722,0.00346853666,3.04479259,0.506
105654.660580,0.527337499,0.0591684896,3.0450025,0.506
105654.664748,0.482557755,0.0983859525,2.63993849,0.506
105654.668916,0.53700489,0.0857765225,2.64032808,0.506
105654.673085,0.485205646,0.0859814632,2.46188758,0.506
105654.677253,0.51519189,0.0436554025,2.46209648,0.506
105654.681422,0.495181469,0.107727432,2.16400569,0.506
105654.685590,0.468473681,0.0956388647,2.16351612,0.506
105654.689758,0.523998118,0.07803048,2.16358271,0.506
105654.693927,0.454358276,0.0990776532,2.04428853,0.506
105654.698095,0.470944147,0.0700388204,2.04443799,0.506
105654.702264,0.44234905,0.0753034452,2.017912,0.506
105654.706432,0.428049721,0.0793515502,2.01778583,0.506
105654.710600,0.418411866,0.0554220847,2.01795185,0.506
105654.714769,0.393818998,0.126921495,1.97353313,0.506
105654.718937,0.396855601,0.108873023,1.97340558,0.506
105654.723106,0.412199715,0.102917302,2.03535804,0.506
105654.727274,0.43958675,0.102232032,2.03485831,0.506
105654.731443,0.387892454,0.106063822,2.10185404,0.506
105654.735611,0.452769586,0.145022484,2.10177255,0.506
105654.739779,0.432835872,0.104749436,2.10236463,0.506
105654.743948,0.414329531,0.110584049,2.16907116,0.506
105654.748116,0.386772584,0.141558588,2.16875381,0.506
105654.752285,0.416016427,0.109205764,2.31988084,0.506
105654.756453,0.395697013,0.121993799,2.31825267,0.506
105654.760621,0.402807842,0.161468519,2.31981315,0.506
105654.764790,0.34401283,0.101916084,2.52168876,0.506
105654.768958,0.40232029,0.0436492609,2.52271212,0.506
105654.773127,0.35999605,0.0759565391,2.51092639,0.506
105654.777295,0.347256681,0.0673636772,2.51154826,0.506
105654.781463,0.332459094,0.129969809,2.54441353,0.506
105654.785632,0.28186534,0.132879834,2.54511146,0.506
105654.789800,0.272774887,0.08700949,2.54538005,0.506
105654.793969,0.278824934,0.111669282,2.70777906,0.506
105654.798137,0.221002457,0.161408555,2.70843359,0.506
105654.802305,0.220981343,0.163617969,2.94065792,0.506
105654.806474,0.21780431,0.173623807,2.94120274,0.506
105654.810642,0.162352405,0.24111239,2.94197141,0.506
105654.814811,0.202947614,0.129649718,3.17403112,0.506
105654.818979,0.18365877,0.160336405,3.17465452,0.506
105654.823148,0.283582533,0.163620793,3.21436809,0.506
105654.827316,0.214127856,0.172346053,3.21412284,0.506
105654.831484,0.297234619,0.150343383,3.16954029,0.506
105654.835653,0.257079845,0.185741258,3.1696265,0.506
105654.839821,0.232714526,0.143311986,3.16914653,0.506
105654.843990,0.251941674,0.134157376,3.08747602,0.506
105654.848158,0.205841836,0.25757879,3.08772728,0.506
105654.852326,0.252857424,0.282031599,3.08181131,0.506
105654.856495,0.246361698,0.297377331,3.0818332,0.506
105654.860663,0.224859043,0.273962674,3.0819132,0.506
105654.864832,0.183418511,0.322274366,3.27823123,0.506
105654.869000,0.245221901,0.285227434,3.27820579,0.506
105654.873168,0.255130093,0.261164698,3.50338505,0.506
105654.877337,0.200146699,0.275355765,3.50376185,0.506
105654.881505,0.249639114,0.252410399,3.51060803,0.506
105654.885674,0.235777832,0.245678488,3.51015659,0.506
105654.889842,0.223813557,0.257653931,3.51043021,0.506
105654.894011,0.253846697,0.205417433,3.52296603,0.506
105654.898179,0.268701109,0.237472523,3.52333067,0.506
105654.902347,0.250064194,0.165374162,3.33498388,0.506
105654.906516,0.239504839,0.111326949,3.33506684,0.506
105654.910684,0.202168822,0.103115724,3.33486178,0.506
105654.914853,0.246180374,0.143326204,2.83791776,0.506
105654.919021,0.200399026,0.0353696803,2.83788919,0.506
105654.923189,0.200938851,0.0789981757,2.42266112,0.506
105654.927358,0.211357552,0.0762360645,2.42246331,0.506
105654.931526,0.214234838,0.0504436569,2.01757702,0.506
105654.935695,0.17659935,0.0346375346,2.01759813,0.506
105654.939863,0.146046247,-0.0801585918,2.01774892,0.506
105654.944031,0.219879694,0.0319247419,1.68197441,0.506
105654.948200,0.144827855,-0.0318768749,1.68195983,0.506
105654.952368,0.186368554,0.0643141415,1.44480529,0.506
105654.956537,0.155271722,0.00803950372,1.44457398,0.506
105654.960705,0.141596977,0.0610814701,1.44435841,0.506
105654.964873,0.1628057,0.116185085,1.30563127,0.506
105654.969042,0.0608253923,0.212158727,1.30558476,0.506
105654.973210,0.12073847,0.1638176,1.30028237,0.506
105654.977379,0.0398213931,0.30226992,1.29992399,0.506
105654.981547,0.699343561,0.858787107,1.39128332,0.506
105654.985716,0.721355735,0.830340904,1.391226,0.506
105654.989884,0.671741548,0.839044145,1.39184402,0.506
105654.994052,0.679257996,0.513433227,1.67161472,0.506
105654.998221,0.498763425,0.502930383,1.67089177,0.506
105655.002389,0.667575744,0.226380439,2.08340049,0.506
105655.006558,0.641015035,0.221123699,2.08302389,0.506
105655.010726,0.652454475,0.222316358,2.08415327,0.506
105655.014894,0.518562871,0.0462550835,2.64296186,0.506
105655.019063,0.536080094,0.0436073478,2.64311233,0.506
105655.023231,0.404025769,0.0428261418,3.45268775,0.506
105655.027400,0.38766938,0.0472216794,3.45296172,0.506
105655.031568,0.404156606,0.0688401948,3.45288815,0.506
105655.035736,0.335597474,0.05184938,4.29068827,0.506
105655.039905,0.326953417,0.0797766143,4.29100005,0.506
105655.044073,0.283368835,0.0467878101,4.88766894,0.506
105655.048242,0.282982933,0.0401278387,4.88897919,0.506
105655.052410,0.283770287,0.0220147261,4.72806857,0.506
105655.056579,0.284756208,0.0434055215,4.7283865,0.506
105655.060747,0.312392972,0.0373776663,4.72789776,0.506
105655.064915,0.301165142,0.028121012,4.87165783,0.506
105655.069084,0.262874792,0.0419305401,4.86905038,0.506
105655.073252,0.274912533,0.0893354814,4.65362707,0.506
105655.077421,0.276862022,0.0697890855,4.64936097,0.506
105655.081589,0.294433695,0.0709091272,4.64884833,0.506
105655.085757,0.297755895,0.126682661,4.05440918,0.506
105655.089926,0.291350498,0.117538182,4.04376143,0.506
105655.094094,0.371937615,0.174797454,3.49892233,0.506
105655.098263,0.352827332,0.158009136,3.49787028,0.506
105655.102431,0.37857835,0.195929925,3.20030494,0.506
105655.106599,0.377922132,0.193354481,3.19888068,0.506
105655.110768,0.425290558,0.191272553,3.19553273,0.506
105655.114936,0.397220406,0.260460691,2.86194643,0.506
105655.119105,0.434455243,0.244747912,2.86446032,0.506
105655.123273,0.458942441,0.256642665,2.64844607,0.506
105655.127441,0.456860131,0.276750506,2.6483769,0.506
105655.131610,0.419129708,0.266488142,2.64913406,0.506
105655.135778,0.479249047,0.259264974,2.64495584,0.506
105655.139947,0.477068802,0.290504536,2.64686789,0.506
105655.144115,0.486210506,0.260858897,2.56833843,0.506
105655.148284,0.503340517,0.253752678,2.56999493,0.506
105655.152452,0.545503598,0.200811963,2.58669046,0.506
105655.156620,0.496603943,0.220909163,2.58610658,0.506
105655.160789,0.519298357,0.207612295,2.58619542,0.506
105655.164957,0.473720237,0.177713337,2.63901294,0.506
105655.169126,0.533194497,0.169012958,2.63846519,0.506
105655.173294,0.493240381,0.158293719,2.70137384,0.506
105655.177462,0.494928395,0.168268865,2.70335196,0.506
105655.181631,0.483921568,0.207735474,2.69789733,0.506
105655.185799,0.491460779,0.220694889,2.75571834,0.506
105655.189968,0.492196496,0.175536181,2.75352056,0.506
105655.194136,0.492183473,0.163781634,2.75056007,0.506
105655.198304,0.504380907,0.162651162,2.75205545,0.506
105655.202473,0.556139302,0.117928983,2.59239659,0.506
105655.206641,0.625113441,0.0989307649,2.5915774,0.506
105655.210810,0.623694467,0.100227924,2.59163128,0.506
105655.214978,0.651987306,0.0331774063,2.39139925,0.506
105655.219147,0.665031749,0.00413876042,2.39106266,0.506
105655.223315,0.692658995,-0.0523593655,2.24080742,0.506
105655.227483,0.70607069,-0.0556013335,2.23955278,0.506
105655.231652,0.719638676,-0.026742442,2.24027289,0.506
105655.235820,0.784146463,-0.0668830923,2.01031707,0.506
105655.239989,0.800107388,-0.0675449482,2.01005139,0.506
105655.244157,0.924137708,-0.131961466,1.79289579,0.506
105655.248325,0.877670391,-0.109959709,1.79291172,0.506
105655.252494,0.980044031,-0.22540167,1.60014406,0.506
105655.256662,1.01059662,-0.200483098,1.60040869,0.506
105655.260831,0.97948609,-0.207314855,1.59991182,0.506
105655.264999,1.05033042,-0.206196524,1.50943683,0.506
105655.269167,1.04505686,-0.238496126,1.50935835,0.506
105655.273336,1.04395084,-0.190545157,1.48732607,0.506
105655.277504,1.04651216,-0.178109732,1.4874959,0.506
105655.281673,1.0676149,-0.213758896,1.48759316,0.506
105655.285841,1.07216384,-0.0880259236,1.46984635,0.506
105655.290010,1.07719345,-0.128440434,1.46918149,0.506
105655.294178,1.08636944,0.0403614361,1.43963982,0.506
105655.298346,1.14118857,0.0330282069,1.43934582,0.506
105655.302515,1.16104528,0.148350865,1.40445321,0.506
105655.306683,1.11565735,0.133600902,1.40445838,0.506
105655.310852,1.11630471,0.164195141,1.40495044,0.506
105655.315020,1.10603598,0.190185999,1.38656829,0.506
105655.319188,1.11148419,0.168504365,1.38714655,0.506
105655.323357,1.09644343,0.223696958,1.40700582,0.506
105655.327525,1.08286845,0.226654917,1.40659047,0.506
105655.331694,-0.035867657,0.223400919,1.40598164,0.506
105655.335862,1.02024723,0.142268219,1.5070822,0.506
105655.340030,-0.0797005854,0.150500892,1.50705092,0.506
105655.344199,-0.0358531585,0.291012447,1.64385088,0.506
105655.348367,0.933078206,0.118073579,1.64566408,0.506
105655.352536,1.01184995,0.142759159,1.64410709,0.506
105655.356704,0.0328518235,0.159126621,1.85921613,0.506
105655.360872,-0.047042054,0.187151525,1.86051609,0.506
105655.365041,-0.0908797974,0.228597687,2.16731868,0.506
105655.369209,-0.104612202,0.0466412385,2.16486891,0.506
105655.373378,-0.0528901178,0.0150379583,2.42836959,0.506
105655.377546,-0.159130701,0.124585073,2.42520246,0.506
105655.381714,-0.0689470595,0.167578728,2.42280658,0.506
105655.385883,0.478032458,0.108822317,2.61453254,0.506
105655.390051,-0.10559563,0.0656704567,2.61649369,0.506
105655.394220,0.431822395,0.0418820875,2.81792132,0.506
105655.398388,0.460017322,0.00665913569,2.80983262,0.506
105655.402557,0.0218488536,0.0104674057,2.81066336,0.506
105655.406725,0.405950794,-0.032810027,2.94687096,0.506
105655.410893,0.453376541,0.0341129692,2.95791352,0.506
105655.415062,0.418163337,0.0239260272,3.02960781,0.506
105655.419230,0.427598174,0.0796102869,3.02573803,0.506
105655.423399,0.420352018,0.0548986787,3.01269697,0.506
105655.427567,0.417763547,0.040395299,3.00690813,0.506
105655.431735,0.439943961,0.0294317166,3.01235591,0.506
105655.435904,0.496572264,-0.0144946166,2.84963157,0.506
105655.440072,0.488960881,-0.041690063,2.84847794,0.506
105655.444241,0.591788158,-0.0679543541,2.57732497,0.506
105655.448409,-0.308950702,0.291100636,2.57426492,0.506
105655.452577,0.655856787,-0.0859478248,2.56852159,0.506
105655.456746,0.691040819,-0.151949898,2.28713971,0.506
105655.460914,-0.315202892,0.223498246,2.28437174,0.506
105655.465083,0.707946027,-0.224376273,2.08018259,0.506
105655.469251,-0.280377292,0.182420188,2.08124402,0.506
105655.473420,-0.248168344,0.223876653,1.95547185,0.506
105655.477588,-0.221603298,0.288351982,1.95825366,0.506
105655.481756,-0.223925375,0.231786425,1.95997831,0.506
105655.485925,-0.203382961,0.258909401,1.90239151,0.506
105655.490093,-0.270840258,0.251578519,1.90262907,0.506
105655.494262,-0.211873319,0.222032625,1.90692873,0.506
105655.498430,-0.195073026,0.218091233,1.90694066,0.506
105655.502598,-0.171759236,0.193089398,1.90724838,0.506
105655.506767,-0.187628694,0.209367802,1.94877954,0.506
105655.510935,-0.244943714,0.167197826,1.94885858,0.506
105655.515104,-0.231266062,0.148228062,2.01800246,0.506
105655.519272,-0.235690378,0.134086776,2.01780566,0.506
105655.523440,-0.274665552,0.158776878,2.10589596,0.506
105655.527609,-0.290299662,0.103757591,2.10570628,0.506
105655.531777,-0.272615743,0.10108322,2.10587435,0.506
105655.535946,-0.288051979,0.229034215,2.19384179,0.506
105655.540114,-0.339411296,0.177780061,2.19316723,0.506
105655.544283,-0.311773679,0.174477057,2.19516833,0.506
105655.548451,-0.330514876,0.209898903,2.19588089,0.506
105655.552619,-0.339600119,0.307916851,2.19564645,0.506
105655.556788,-0.283367458,0.171343648,2.19317837,0.506
105655.560956,-0.351175619,0.156404955,2.19360317,0.506
105655.565125,-0.290365752,0.192917717,2.24300834,0.506
105655.569293,-0.331981328,0.146878349,2.24365652,0.506
105655.573461,-0.309653898,0.156388059,2.32347401,0.506
105655.577630,-0.31248866,0.147453789,2.32379773,0.506
105655.581798,-0.281138649,0.178880568,2.32384297,0.506
105655.585967,-0.295377468,0.177423593,2.41625023,0.506
105655.590135,-0.275124421,0.18155312,2.41628431,0.506
105655.594303,-0.287331792,0.144306114,2.55037059,0.506
105655.598472,-0.234663308,0.178605828,2.5505197,0.506
105655.602640,-0.228222384,0.164789706,2.55064624,0.506
105655.606809,-0.240253413,0.117130313,2.7357794,0.506
105655.610977,-0.209371654,0.145742378,2.73587249,0.506
105655.615145,-0.255055118,0.128928401,2.94078409,0.506
105655.619314,-0.228227886,0.133620153,2.94092215,0.506
105655.623482,-0.222529673,0.141452613,3.13031853,0.506
105655.627651,-0.243572649,0.084499887,3.13033406,0.506
105655.631819,-0.195087263,0.109116182,3.13042829,0.506
105655.635988,-0.201821847,0.15219792,3.35314101,0.506
105655.640156,-0.184281783,0.102809673,3.35317191,0.506
105655.644324,-0.198127723,0.144045479,3.61972786,0.506
105655.648493,-0.168051889,0.140490606,3.61973617,0.506
105655.652661,-0.140117653,0.121320976,3.61971005,0.506
105655.656830,-0.175050782,0.159751634,3.90733272,0.506
105655.660998,-0.144365532,0.103305813,3.90751544,0.506
105655.665166,-0.176377365,0.111557388,4.21774802,0.506
105655.669335,-0.136749655,0.175571146,4.21765579,0.506
105655.673503,-0.228972254,0.0937039421,4.36848258,0.506
105655.677672,-0.159167616,0.127964999,4.36864067,0.506
105655.681840,-0.163148864,0.163590203,4.36837629,0.506
105655.686008,-0.147321895,0.16494601,4.21840673,0.506
105655.690177,-0.198364832,0.141324081,4.21850554,0.506
105655.694345,-0.158996575,0.117498916,3.97615943,0.506
105655.698514,-0.193199973,0.0975526678,3.97591034,0.506
105655.702682,-0.175760981,0.133465967,3.97580235,0.506
105655.706850,-0.17611301,0.10070481,3.9161925,0.506
105655.711019,-0.181372933,0.102276103,3.9161278,0.506
105655.717271,-0.145776284,0.144472441,3.95370101,0.506
105655.723524,-0.168459137,0.115320168,3.95418424,0.506
105655.727693,-0.179716611,0.113906936,3.90610393,0.506
105655.731861,-0.174556443,0.0893675106,3.90635357,0.506
105655.736029,-0.157752605,0.153142212,3.90076566,0.506
105655.740198,-0.19256947,0.106704993,3.90048059,0.506
105655.744366,-0.163885034,0.112189132,3.88431377,0.506
105655.748535,-0.140324561,0.112454945,3.8846502,0.506
105655.752703,-0.178964702,0.168129518,3.8839222,0.506
105655.756871,-0.186258766,0.113286344,3.71057874,0.506
105655.761040,-0.209126434,0.19516998,3.71033289,0.506
105655.765208,-0.169521421,0.149562304,3.4641658,0.506
105655.769377,-0.197247023,0.132220409,3.46387611,0.506
105655.773545,-0.167042155,0.226233238,3.4643592,0.506
105655.777713,-0.225024874,0.127244819,3.32745206,0.506
105655.781882,-0.164582424,0.206316648,3.32762781,0.506
105655.786050,-0.197964893,0.208543205,3.12992763,0.506
105655.790219,-0.140463969,0.15456875,3.12949201,0.506
105655.794387,-0.177174712,0.201145765,3.18491325,0.506
105655.798555,-0.163506915,0.156639671,3.18468284,0.506
105655.802724,-0.14095911,0.169681543,3.18498455,0.506
105655.806892,-0.127544192,0.193330845,3.24866099,0.506
105655.811061,-0.16598915,0.133118175,3.24808255,0.506
105655.815229,-0.194580215,0.192513426,3.42849581,0.506
105655.819398,-0.152586845,0.191318099,3.42878706,0.506
105655.823566,-0.145825332,0.175560113,3.4286988,0.506
105655.827734,-0.14138866,0.20231015,3.57029787,0.506
105655.831903,-0.0786074544,0.111671927,3.57033118,0.506
105655.836071,-0.122425638,0.224285096,3.63799259,0.506
105655.840240,-0.0714836991,0.0838361181,3.63795233,0.506
105655.844408,-0.105276026,0.205195143,3.85548819,0.506
105655.848576,-0.114182446,0.135543103,3.85503267,0.506
105655.852745,-0.0124427318,0.00577596547,3.8554728,0.506
105655.856913,-0.159405288,0.173261577,4.1409442,0.506
105655.861082,-0.0775962443,0.108593353,4.14044498,0.506
105655.865250,-0.0323056473,0.0301397539,4.67975863,0.506
105655.869418,-0.000894212994,0.119545667,4.68039773,0.506
105655.873587,-0.13160554,0.268802623,4.67852916,0.506
105655.877755,-0.130615689,0.283635494,4.46292611,0.506
105655.881924,-0.0760225841,0.251008612,4.46203546,0.506
105655.886092,-0.0997476952,0.330253002,3.51079284,0.506
105655.890261,-0.0719398041,0.264237179,3.51114779,0.506
105655.894429,-0.165050263,0.298421243,3.01573629,0.506
105655.898597,-0.105975108,0.310433092,3.01521318,0.506
105655.902766,-0.107252915,0.358195162,3.01498948,0.506
105655.906934,-0.153649798,0.276261672,2.76042613,0.506
105655.911103,-0.0785679076,0.292791415,2.75915387,0.506
105655.915271,-0.0177851115,0.200527907,2.63693456,0.506
105655.919439,-0.0802787397,0.294644021,2.63660919,0.506
105655.923608,-0.109401137,0.273370123,2.63690263,0.506
105655.927776,-0.0793136021,0.278894155,2.57674642,0.506
105655.931945,-0.260107644,0.285150042,2.57585763,0.506
105655.936113,-0.0443665069,0.272356232,2.61466287,0.506
105655.940281,-0.125183217,0.258711377,2.61506214,0.506
105655.944450,-0.0832654748,0.238304589,2.69982464,0.506
105655.948618,-0.0750606731,0.248038942,2.69962615,0.506
105655.952787,-0.141572723,0.221507143,2.6994724,0.506
105655.956955,-0.191651134,0.218468451,2.73669429,0.506
105655.961123,-0.146873801,0.269474961,2.73631748,0.506
105655.965292,-0.118692763,0.253564343,2.62914474,0.506
105655.969460,-0.0895041187,0.269590874,2.62950352,0.506
105655.973629,-0.103491727,0.318288301,2.6286923,0.506
105655.977797,-0.124507209,0.293719431,2.43139355,0.506
105655.981966,-0.173256093,0.298000409,2.43123511,0.506
105655.986134,-0.130805921,0.2138645,2.4016837,0.506
105655.990302,-0.12521877,0.232211253,2.40161623,0.506
105655.994471,-0.136293632,0.201701916,2.55099671,0.506
105655.998639,-0.0927772416,0.180867594,2.55093713,0.506
105656.002808,-0.105528711,0.168376791,2.55052847,0.506
105656.006976,-0.0874074183,0.0728174485,2.85832205,0.506
105656.011144,-0.0881653633,0.0843087972,2.85849377,0.506
105656.015313,-0.0803196481,0.105864749,3.19920273,0.506
105656.019481,-0.0179409465,0.0782852681,3.19838365,0.506
105656.023650,-0.0470508322,0.0442279046,3.19850045,0.506
105656.027818,0.0521513949,0.0739675571,3.50950927,0.506
105656.031986,-0.00698286259,-0.00650714289,3.50952858,0.506
105656.036155,-0.0367874081,0.0549200273,3.86092835,0.506
105656.040323,0.0129780766,0.0347337132,3.86034844,0.506
105656.044492,0.0314599157,0.00124233557,3.86256835,0.506
105656.048660,-0.0606352121,0.0328861334,4.22690703,0.506
105656.052828,-0.0317338137,0.00504186354,4.22670041,0.506
105656.056997,-0.0320789736,-0.0124081929,4.45985631,0.506
105656.061165,-0.0333582946,0.0234272731,4.46112338,0.506
105656.065334,-0.0529173188,0.0254315103,4.62793946,0.506
105656.069502,-0.0898855943,-0.00577374132,4.62744649,0.506
105656.073671,-0.0217417801,0.00973222544,4.62588592,0.506
105656.077839,-0.0685743395,-0.00839237986,4.90924325,0.506
105656.082007,-0.0391782508,0.0525544021,4.91014351,0.506
105656.086176,-0.0420060815,0.0828483137,5.0139017,0.506
105656.090344,-0.072074617,0.107930904,5.01169682,0.506
105656.094513,-0.0241912761,0.163279416,5.01560974,0.506
105656.098681,-0.0304451753,0.115162981,4.46705981,0.506
105656.102849,-0.0407505906,0.162195654,4.46738435,0.506
105656.107018,-0.0329693905,0.133782,3.83036255,0.506
105656.111186,-0.107916845,0.157847904,3.82982096,0.506
105656.115355,-0.0530347137,0.132446748,3.52512546,0.506
105656.119523,-0.0964651638,0.137198169,3.52565854,0.506
105656.123691,-0.128043709,0.138138929,3.52608766,0.506
105656.127860,-0.082760461,0.162505515,3.47571984,0.506
105656.132028,-0.167436489,0.186522103,3.47589039,0.506
105656.136197,-0.0828512489,0.177034395,3.45568703,0.506
105656.140365,-0.146139202,0.202721088,3.45569845,0.506
105656.144534,-0.163486858,0.185673005,3.45586605,0.506
105656.148702,-0.145448185,0.184261852,3.30024856,0.506
105656.152870,-0.195486239,0.238286741,3.29984389,0.506
105656.157039,-0.128583121,0.233082756,3.04743622,0.506
105656.161207,-0.172125088,0.22817358,3.04694974,0.506
105656.165376,-0.134985372,0.198490422,2.81538244,0.506
105656.169544,-0.194184316,0.183184227,2.81505047,0.506
105656.173712,-0.277667664,0.246976399,2.81486178,0.506
105656.177881,-0.152882548,0.179076741,2.74890967,0.506
105656.182049,-0.252395801,0.24156063,2.74814927,0.506
105656.186218,-0.172911761,0.201082793,2.74674713,0.506
105656.190386,-0.26990957,0.190757957,2.74550347,0.506
105656.194554,-0.258930955,0.221004294,2.74447996,0.506
105656.198723,-0.233750473,0.221274985,2.74893402,0.506
105656.202891,-0.233135273,0.270725191,2.74839562,0.506
105656.207060,-0.208228913,0.279619669,2.75687362,0.506
105656.211228,-0.217088733,0.283324968,2.75797254,0.506
105656.215396,-0.188199506,0.307566794,2.74733091,0.506
105656.219565,-0.221176664,0.284116458,2.74697091,0.506
105656.223733,-0.197161481,0.233486912,2.74878125,0.506
105656.227902,-0.190613215,0.259484455,2.8103421,0.506
105656.232070,-0.201147229,0.241159167,2.81062786,0.506
105656.236239,-0.202748923,0.220464938,2.93757642,0.506
105656.240407,-0.153988893,0.240519066,2.93803474,0.506
105656.244575,-0.184594539,0.196042549,2.9383343,0.506
105656.248744,-0.173381079,0.207307064,3.09269515,0.506
105656.252912,-0.139915954,0.213438801,3.09314698,0.506
105656.257081,-0.149212975,0.243708722,3.26476572,0.506
105656.261249,-0.158515467,0.233479802,3.26492859,0.506
105656.265417,-0.163853344,0.243951293,3.53158946,0.506
105656.269586,-0.138178636,0.212210775,3.53212901,0.506
105656.273754,-0.121725748,0.221522294,3.53215731,0.506
105656.277923,-0.165313889,0.227825474,3.81326091,0.506
105656.282091,-0.0785925979,0.238359585,3.81283925,0.506
105656.286259,-0.105586365,0.250816246,3.96305073,0.506
105656.290428,-0.113209678,0.207624559,3.96351785,0.506
105656.294596,-0.11555179,0.273509266,3.96415401,0.506
105656.298765,-0.11052976,0.100569896,4.19033943,0.506
105656.302933,-0.162950098,-0.205672393,4.19002103,0.506
105656.307102,-0.123894897,-0.104948326,6.76015713,0.506
105656.311270,-0.117557131,-0.163424372,6.75976772,0.506
105656.315438,-0.0639446912,0.109177498,5.24979562,0.506
105656.319607,-0.0651613226,0.0871553705,5.2501572,0.506
105656.323775,-0.0266418427,0.187263627,5.25008062,0.506
105656.327944,-0.0397580334,0.243170706,6.42812457,0.506
105656.332112,-0.0164967546,0.367577514,6.42687326,0.506
105656.336280,-0.0504076734,0.314149532,13.7315695,0.506
105656.340449,-0.0137008859,0.442088987,13.7402983,0.506
105656.344617,0.00297969182,0.465118795,13.7183696,0.506
105656.348786,0.0470478867,0.351483325,6.55983206,0.506
105656.352954,0.0566145248,0.403529571,6.56045636,0.506
105656.357122,0.0379424908,0.283038397,4.50022553,0.506
105656.361291,0.051833861,0.362753485,4.49967546,0.506
105656.365459,0.055823799,0.299001105,3.5942747,0.506
105656.369628,0.132687972,0.388666971,3.59418787,0.506
105656.373796,0.191549851,0.428027633,3.59404228,0.506
105656.377965,0.147547826,0.432064905,2.85679795,0.506
105656.382133,0.16759777,0.474888816,2.856788,0.506
105656.386301,0.0358256006,0.440566112,2.25807914,0.506
105656.390470,0.022706148,0.444999717,2.25798303,0.506
105656.394638,-0.0952528948,0.344386291,2.25786857,0.506
105656.398807,-0.0668831562,0.225625488,2.14073902,0.506
105656.402975,-0.187669006,0.0713110439,2.1404159,0.506
105656.407143,-0.0627001906,0.0645283975,3.13350563,0.506
105656.411312,-0.17943259,-0.104910278,3.13282369,0.506
105656.415480,-0.18295389,-0.293931905,3.13295664,0.506
105656.419649,-0.0655477043,-0.0174008936,6.86746776,0.506
105656.423817,-0.0802563768,-0.00437198525,6.85150364,0.506
105656.427985,-0.0287070082,0.154223304,7.48997856,0.506
105656.432154,-0.0166907966,-0.0638644754,7.40504416,0.506
105656.436322,0.0501038093,-0.290937394,4.12546379,0.506
105656.440491,0.0175084956,-0.322496767,4.12475844,0.506
105656.444659,0.0159186557,-0.326614952,4.12864966,0.506
105656.448827,0.0254192137,-0.473104088,2.99144965,0.506
105656.452996,0.0417292803,-0.505463777,2.98819955,0.506
105656.457164,0.117145948,-0.468482558,2.82789773,0.506
105656.461333,0.138058131,-0.5382423,2.82077195,0.506
105656.465501,0.0509466779,-0.499938231,2.82856193,0.506
105656.469670,0.106261246,-0.454930386,2.98035774,0.506
105656.473838,0.0913279335,-0.420232159,2.97828643,0.506
105656.478006,0.143405203,-0.445096148,3.13079903,0.506
105656.482175,0.105983755,-0.443275204,3.1245083,0.506
105656.486343,0.0871439153,-0.426049801,3.13446182,0.506
105656.490512,0.0860578698,-0.443992422,3.13601146,0.506
105656.494680,0.052048954,-0.426082842,3.13619026,0.506
105656.498848,0.049723175,-0.432004002,3.1919385,0.506
105656.503017,0.0474534783,-0.414030304,3.19478949,0.506
105656.507185,-0.0276658938,-0.34954593,3.4748307,0.506
105656.511354,-0.0182511779,-0.370512882,3.48076504,0.506
105656.515522,-0.0439519367,-0.365326018,3.47851944,0.506
105656.519690,-0.116231414,-0.284329371,3.86709333,0.506
105656.523859,-0.0718183708,-0.317245987,3.86893541,0.506
105656.528027,-0.167640271,-0.236832747,4.13909925,0.506
105656.532196,-0.142207521,-0.2697015,4.14452619,0.506
105656.536364,-0.12906462,-0.278576821,4.14948991,0.506
105656.540533,-0.136490345,-0.259062283,4.14708065,0.506
105656.544701,-0.257029301,-0.19220313,4.15972324,0.506
105656.548869,-0.216843813,-0.204408402,4.16114244,0.506
