t,ax,ay,az,gx,gy,gz
105628.007018,0.000941445569,0.00756106464,-0.169252989,0.062157914,0.109119684,0.00440227659
105628.017045,0.0650521718,-0.0748578735,-0.211098911,0.0996307135,0.105332136,0.0100138234
105628.027072,0.0180694348,-0.0255828609,-0.124853876,0.123956829,0.0998380333,0.0106974561
105628.037100,0.0352991673,-0.0779725897,0.00786883368,0.111614674,0.0869464725,0.0166956931
105628.047127,0.0375643723,-0.0537777035,0.0366524451,0.0996256545,0.0792656466,0.0187103748
105628.057154,0.0458668482,-0.0701629024,-0.0195201085,0.0863924101,0.0641993508,0.0241014138
105628.067182,0.0626449645,-0.0937184678,-0.127846628,0.0971640944,0.0535637513,0.0301430598
105628.077209,0.0348566477,-0.0177367962,-0.0390729502,0.0433666483,0.0329042785,0.0255299322
105628.087236,-0.06035236,0.185635275,0.331615635,-0.0153728323,0.0277361497,0.00861699507
105628.097263,-0.0866391862,0.208575932,0.380498616,-0.0803971067,0.0297074206,-0.00702960882
105628.107291,-0.0326265506,0.120380676,0.407167427,-0.126912683,0.0338198766,-0.0177485645
105628.117318,-0.0282674786,0.032541594,0.164341252,-0.111178987,0.0416804627,-0.0156579837
105628.127345,0.0595741787,-0.0756430965,-0.232242822,-0.0474567302,0.0378484391,-0.0164888911
105628.137373,0.0875011733,-0.140719206,-0.390120431,0.0100805964,0.0232218243,-0.0047992114
105628.147400,0.0291765563,-0.00394050865,-0.376514515,0.0623533912,0.00509342086,-0.00483090337
105628.157427,0.0299656973,0.00312009565,-0.376451971,0.0780468583,-0.0219219513,-0.0077739628
105628.167454,0.00470810463,0.089728704,-0.16942367,0.0662306845,-0.0421033837,-0.0159424096
105628.177482,0.00509293922,0.0829047946,0.0404910003,0.046189867,-0.0497562438,-0.0232847445
105628.187509,0.0129943965,0.0327432175,0.132286656,0.027761057,-0.0521512255,-0.0261018388
105628.197536,0.0462002814,-0.00746668262,0.235451847,0.00816365238,-0.0431175157,-0.0244892947
105628.207564,0.088582758,-0.147130224,0.276375393,-0.0138103552,-0.0389302298,-0.0113354074
105628.217591,0.130887822,-0.242086463,0.0780167211,-0.0134614818,-0.0393752418,0.00642761029
105628.227618,0.119751,-0.16460783,0.0599824673,-0.0115527939,-0.0362494923,0.0169489607
105628.237645,0.0463829445,-0.0632939938,0.196222829,-0.0388595164,-0.034532018,0.0210355818
105628.247673,0.00437883614,0.0542015184,0.255374691,-0.0643038899,-0.0296435207,0.0116607221
105628.257700,-0.048073674,0.206188014,0.309423092,-0.105210312,-0.0232753716,-0.00862404425
105628.267727,-0.0737870842,0.220101699,0.342779418,-0.141209319,-0.018955458,-0.0284480825
105628.277755,-0.0694278296,0.203823367,0.21021453,-0.13120915,-0.000168452738,-0.048469726
105628.287782,-0.0409491559,0.205756728,0.251257319,-0.091432184,0.0356473364,-0.0670418069
105628.297809,-0.0377316917,0.098899131,0.448399601,-0.0623256937,0.0870671123,-0.073408097
105628.307836,0.00661558221,0.0481912177,0.632651422,-0.0687473789,0.129909396,-0.0844114795
105628.317864,-0.0835190814,0.209694342,0.761566556,-0.10824845,0.174983129,-0.101740137
105628.327891,-0.0095841497,0.0390231745,0.746753018,-0.152959988,0.202778801,-0.10280513
105628.337918,0.0516911339,-0.0799193216,0.291370133,-0.169487029,0.208175704,-0.0983129144
105628.347945,0.071531743,-0.170309951,-0.103816933,-0.161291689,0.189797223,-0.0844357163
105628.357973,0.121601815,-0.221999258,-0.468286789,-0.179019555,0.136296719,-0.0688210651
105628.368000,0.0989569621,-0.204319627,-0.692255119,-0.166177794,0.0767098144,-0.0532892533
105628.378027,0.118910494,-0.192181975,-0.76480773,-0.16292581,0.00996221229,-0.0414925106
105628.388055,0.0701880003,-0.00818378138,-0.680920655,-0.146001682,-0.0336640924,-0.0452768654
105628.398082,-0.0573167187,0.139440437,-0.123465052,-0.167498454,-0.0509442799,-0.0608901791
105628.408109,-0.089226207,0.26781328,0.310059636,-0.160217911,-0.021183189,-0.0881367102
105628.418136,-0.123545168,0.257002767,0.618572628,-0.154039636,0.0402082652,-0.106722377
105628.428164,-0.0588782689,0.106680725,1.04597503,-0.111639716,0.135167807,-0.120078392
105628.438191,-0.0122886229,0.0120321274,0.839455267,-0.0239087958,0.217464268,-0.116656505
105628.448218,0.064268474,-0.0767878004,0.412580684,-0.0114491973,0.254335195,-0.117893539
105628.458245,-0.0236052224,0.0984666944,-0.00212882872,0.0353585221,0.266602516,-0.125500873
105628.468273,0.0113661743,0.0670216452,-0.0150134447,-0.0101775378,0.241451368,-0.136647001
105628.478300,-0.143420629,0.405297505,-0.0159539405,-0.0493374541,0.217218205,-0.176248193
105628.488327,-0.231698449,0.547958876,-0.00607610504,-0.150197491,0.165514261,-0.217973545
105628.498355,-0.180363947,0.474234007,0.0384942736,-0.294427276,0.100225724,-0.262635618
105628.508382,-0.197970258,0.493754006,0.0871814398,-0.366189331,0.0700979158,-0.298748612
105628.518409,-0.0290220233,0.191268312,0.0118862526,-0.38837719,0.0596767031,-0.310440958
105628.528436,0.0540369481,-0.104625509,0.0315928236,-0.377001226,0.0700369328,-0.305833429
105628.538464,0.0131052182,0.00408259314,0.0517307718,-0.306757957,0.0895437896,-0.309272617
105628.548491,-0.0179007271,0.0381218235,0.0324263518,-0.287221551,0.103069715,-0.315731317
105628.558518,-0.0401277017,0.109158038,0.186267837,-0.275317758,0.122075096,-0.329935551
105628.568545,-0.0106931339,0.0162212131,0.376408716,-0.258696705,0.157630429,-0.323772192
105628.578573,0.151986414,-0.329911023,0.250843477,-0.208506227,0.18522504,-0.294922978
105628.588600,0.243962559,-0.517018379,-0.197677704,-0.0874597058,0.206828341,-0.251336098
105628.598627,0.38007597,-0.728344524,-1.07057171,0.324227184,0.261170924,-0.184705108
105628.608654,0.584814224,-1.18660618,-1.87436881,0.563387871,0.237533525,-0.0782199502
105628.618682,0.460175343,-0.897037176,-0.805327372,0.682081759,0.211910442,-0.022210747
105628.628709,0.201811553,-0.285649747,-0.615469986,0.687205136,0.172016025,0.00777831022
105628.638736,0.0752825469,-0.037737683,0.218984696,0.527815461,0.128720492,0.00698841643
105628.648763,0.00643914794,0.110114681,0.811792184,0.279220015,0.086570099,0.00485682255
105628.658791,0.0860526459,-0.121136499,0.89672263,0.0680324212,0.0551269576,0.0208112877
105628.668818,0.184480113,-0.34014907,0.422221788,0.00531657413,0.046066884,0.0470586047
105628.678845,0.239758221,-0.391021727,0.00906768807,0.0564508624,0.0608836487,0.0795683488
105628.688872,0.184921153,-0.408204259,-0.344393283,0.156939119,0.0658749416,0.110985927
105628.698900,0.184079771,-0.270374107,-0.513847348,0.215729207,0.0463672876,0.128161713
105628.708927,-0.0102583957,0.0681777382,-0.344615986,0.232925758,0.0273477901,0.119581811
105628.718954,-0.0523669325,0.148598251,0.0925122795,0.189162299,0.0155920638,0.106874533
105628.728981,-0.0672431881,0.175836459,0.365619611,0.151826918,0.0246473439,0.0896305665
105628.739009,-0.0659008701,0.160744908,0.234495569,0.14759995,0.0352943987,0.0762436539
105628.749036,-0.0267817929,0.104710265,0.0925637174,0.147293687,0.0338224694,0.0636160076
105628.759063,-0.0761596357,0.240558449,0.0715121615,0.128858492,0.0340853222,0.0450567044
105628.769090,-0.0406556437,0.154331022,0.346471843,0.0553312711,0.0281142481,0.0315776505
105628.779118,-0.0423780973,0.154103789,0.355232657,0.00423506415,0.0297094807,0.0145999976
105628.789145,-0.0498488122,0.155851382,0.495381717,-0.0760350078,0.0294807144,0.00662010163
105628.799172,0.0396722404,-0.0463792181,0.203393744,-0.111840673,0.0157143027,0.00682649622
105628.809199,0.0552835643,-0.0730365946,-0.177067462,-0.0892288387,0.0060784542,0.0150463432
105628.819227,0.0866370947,-0.214524922,-0.392360903,-0.00482341181,-0.00332410214,0.0313355662
105628.829254,0.0578356417,-0.181278705,-0.520676902,0.0344142728,0.0345700197,0.0429751799
105628.839281,-0.232466456,-0.25840878,-0.139209149,-0.0317564942,0.238528743,0.0334314741
105628.849308,-0.92103611,-0.351016501,-0.597085603,-0.041052524,0.393597126,-0.0184785947
105628.859336,-0.637795069,-0.155653631,-0.543427078,-0.103830956,0.470700443,-0.116164133
105628.869363,-0.198752311,-0.0522863415,-0.659511956,-0.145098493,0.459897876,-0.16817674
105628.879390,0.0343524245,0.22609325,-0.806617996,-0.113292895,0.337048918,-0.0438912772
105628.889417,0.0235199279,1.14965833,-0.892348068,0.0266847126,0.14256227,0.146343917
105628.899445,-0.59779777,1.38682582,-0.617802813,0.102267087,-0.00410254439,0.190937221
105628.909472,-1.27881728,0.776637211,-0.325018136,0.0295249727,-0.037411496,0.123936348
105628.919499,-1.17928139,0.46362983,-0.114572136,-0.0991219506,0.0407200567,0.0641475767
105628.929526,-1.01096685,0.755903342,-0.32052024,-0.148686305,0.15796572,0.0541066602
105628.939554,-0.956790291,0.547991975,-0.649102206,-0.113977328,0.244217783,0.0734609216
105628.949581,-0.982870489,0.358615651,-0.814580938,-0.0515166149,0.270534873,0.0460066535
105628.959608,-0.857998347,0.221793196,-0.506857635,-0.0153993573,0.266618669,0.00289593684
105628.969635,-0.865398394,0.0757943506,-0.268916894,0.0290810242,0.231886283,-0.0386397876
105628.979663,-0.91746322,0.0266085689,-0.107014268,0.0268484969,0.199160829,-0.097164616
105628.989690,-0.756691936,-0.248818091,0.309759192,-0.0318438448,0.195630014,-0.137443587
105628.999717,-0.342258171,-0.157272318,0.522214779,-0.114756308,0.180877164,-0.154955745
105629.009744,-0.243668654,-0.111052364,0.765243783,-0.201221958,0.14813599,-0.162810996
105629.019771,-0.19527057,-0.171475159,0.766594613,-0.279212892,0.0883349776,-0.16490078
105629.029799,-0.0806303742,-0.154325579,0.811657744,-0.328838229,0.0443326347,-0.165306121
105629.039826,-0.0148634783,-0.157068704,0.927521673,-0.343710661,0.0264449771,-0.143933982
105629.049853,0.186435083,-0.253275673,0.931741921,-0.298570335,0.0159294866,-0.105704837
105629.059880,0.277692467,-0.346496868,0.756557788,-0.189823627,-0.00704427203,-0.0542509742
105629.069908,0.288880399,-0.233664269,0.620422055,-0.108111449,-0.0590579361,-0.0344825946
105629.079935,0.0959639908,0.0211739767,1.13274614,-0.16714254,-0.116331346,-0.061789047
105629.089962,-0.160540398,0.00185852388,1.78284554,-0.2899867,-0.175690278,-0.106255315
105629.099989,-0.190875203,0.0492936077,2.12771462,-0.402762532,-0.240654901,-0.142307326
105629.110017,-0.026041948,0.190263008,1.94703949,-0.431012005,-0.34048751,-0.156019136
105629.120044,0.11710401,0.412336135,1.8844296,-0.402911127,-0.359864116,-0.151344493
105629.130071,0.169322986,0.296963862,1.75582894,-0.278067201,-0.265035093,-0.098450385
105629.140098,0.220230258,0.00881553994,1.51369075,-0.140289366,-0.072047241,-0.0485584661
105629.150125,0.160090463,-0.151238171,1.5106676,-0.0105406856,0.161188409,0.00622994825
105629.160153,0.0311882066,-0.414017658,1.03646136,0.102409303,0.345788598,0.0949558243
105629.170180,-0.0564301634,-0.566827316,0.709868517,0.141595587,0.437332898,0.178701326
105629.180207,-0.163275102,-0.793093255,-0.0547866522,0.0907023102,0.365210235,0.203716397
105629.190234,-0.237961674,-0.689312417,-0.692991032,-0.0533238351,0.215276688,0.142630398
105629.200262,-0.15113851,-0.485042913,-0.60652797,-0.231691986,0.137046859,0.100456588
105629.210289,-0.264662817,-0.333103389,-0.230859843,-0.445927829,0.0930144191,0.0471938923
105629.220316,-0.882834244,-0.315273645,0.613553338,-0.724344552,0.0179082155,-0.0443301648
105629.230343,-0.015599501,-0.44362055,0.919115663,-0.828356922,-0.0575945303,-0.0997058004
105629.240370,0.296455693,-0.821698295,0.508558594,-0.768064559,-0.158399165,-0.0890611485
105629.250398,0.156316789,-1.22655869,-0.325767493,-0.509047687,-0.272342265,-0.0620692186
105629.260425,0.449139021,-1.04281971,-1.21103817,-0.195921198,-0.339930624,-0.00761928875
105629.270452,0.656037778,-0.6123756,-1.40130297,0.0548087582,-0.292695194,0.0947483629
105629.280479,0.596059913,-0.277444557,-1.45379946,0.201166242,-0.161431178,0.234845817
105629.290507,0.570566503,0.139992335,-1.56322196,0.241644681,-0.00304447021,0.354079515
105629.300534,0.247257198,0.415480278,-1.29967858,0.16369237,0.167022333,0.430798531
105629.310561,0.0323711876,0.256215307,-1.00230073,0.0669413209,0.303443283,0.415012389
105629.320588,-0.0756269034,0.212534278,-0.798060595,-0.0370348766,0.39474231,0.345402151
105629.330615,-0.0705587333,0.271748683,-0.22382746,-0.0763250291,0.427932739,0.30167383
105629.340643,-0.502194831,0.339145446,-0.0589478635,-0.0576677173,0.416570634,0.294468373
105629.350670,-0.743632547,0.344468321,0.0412777668,-0.0728288293,0.370322436,0.281837016
105629.360697,-0.716814683,0.462987952,-0.241263748,-0.114420481,0.279197603,0.255037099
105629.370724,-0.507147485,0.368349328,-0.781045748,-0.0667166039,0.203242391,0.26289928
105629.380752,-0.39733913,0.35899654,-0.965728946,-0.0152038811,0.197312593,0.287793428
105629.390779,-0.355809617,0.403667164,-0.692882311,-0.0228026789,0.207452312,0.300346792
105629.400806,-0.667689272,0.282395969,-0.583783054,-0.0960009918,0.136253774,0.257703722
105629.410833,-0.584238652,-0.203768715,-0.716191291,0.00426249485,0.0218030885,0.207163587
105629.420860,-0.46839277,-0.830919567,-1.04708796,0.099015899,-0.070235759,0.202297732
105629.430888,-0.507286528,-0.649652826,-0.733004478,0.131247878,-0.117495947,0.154728338
105629.440915,-0.354847494,-0.567883474,-0.61452949,0.0292213727,-0.159256712,0.127708182
105629.450942,-0.259267315,-0.485277014,-0.734559306,-0.0587601475,-0.120052315,0.115223549
105629.460969,-0.150236921,-0.509868946,-1.22133102,-0.0175663717,-0.031871058,0.139906526
105629.470996,-0.340051053,0.0454136976,-1.21494395,-0.0842676386,0.0662299395,0.183965057
105629.481024,-0.598069134,0.6600107,-0.411496981,-0.147129431,0.175575346,0.231285974
105629.491051,-0.624474107,0.869988644,-0.540927078,-0.0785602182,0.230320886,0.254903942
105629.501078,-0.896294102,0.572841316,-0.722179717,0.0538363382,0.247535825,0.268087208
105629.511105,-0.833574611,0.391500779,-0.776810887,0.163211823,0.201517195,0.257526457
105629.521132,-1.07881837,0.53363809,-0.700054979,0.148413435,0.116316825,0.155657068
105629.531160,-1.50759973,0.389052144,0.206249133,0.0381356739,0.102514461,0.0635300651
105629.541187,-1.14578105,0.0275526814,0.741739573,-0.0585309491,0.104591995,0.0304932855
105629.551214,-1.22843807,0.249678087,0.728443454,-0.149285093,0.114076577,0.00428937934
105629.561241,-1.12103941,0.414512529,0.382604064,-0.0889759436,0.137634888,0.0166038368
105629.571268,-0.780830425,0.344004941,-0.239418997,0.0717719272,0.17437613,0.0628562868
105629.581296,-0.631379502,0.281513779,-0.164831081,0.156744346,0.21405457,0.102572806
105629.591323,-0.793161498,0.273324116,0.128649761,0.229039043,0.235428035,0.12175449
105629.601350,-0.909958251,-0.0123500707,0.187329913,0.283776879,0.237840056,0.127589479
105629.611377,-0.774861506,-0.0935056014,0.316350261,0.291947991,0.242194861,0.0731065273
105629.621404,-0.802072535,0.0205850343,0.61247548,0.247103795,0.270307183,0.00652164128
105629.631432,-0.94560846,0.0624040684,0.743835084,0.238195255,0.29464981,-0.0360433981
105629.641459,-0.991789854,0.0573117137,0.749872026,0.242930621,0.288798839,-0.0635418668
105629.651486,-1.05187995,0.22420265,0.775523185,0.225189716,0.298051208,-0.0888035446
105629.661513,-1.27046417,0.45455374,1.09445937,0.0974085778,0.333600402,-0.102939606
105629.671540,-1.27650199,0.415980848,1.19018184,-0.0300476421,0.340790659,-0.145943806
105629.681568,-1.16981264,0.196980881,0.712816261,-0.0950980186,0.3071118,-0.234141573
105629.691595,-0.926365781,-0.114262339,0.466126981,-0.0301645547,0.27468729,-0.285065711
105629.701622,-0.517104888,-0.0706781949,0.410194081,0.0809563696,0.28223893,-0.296436876
105629.711649,-0.19406967,-0.0143769735,0.54716568,0.119601764,0.287195355,-0.307803005
105629.721676,-0.036969329,-0.156410459,0.524399722,0.106304869,0.26198107,-0.312793493
105629.731704,0.142629552,-0.226030596,0.501295909,0.0792117342,0.23588796,-0.319381893
105629.741731,0.432258321,-0.370386168,0.597426964,0.0213519,0.183758438,-0.303758979
105629.751758,0.498562758,-0.422815005,0.355745867,0.0252971053,0.139373407,-0.303780019
105629.761785,0.507122789,-0.457077413,0.364523632,0.0417953879,0.155511364,-0.304284155
105629.771812,0.30997247,-0.433395143,0.47277884,0.0230190381,0.247194678,-0.322991788
105629.781839,0.0118131874,-0.355667322,0.535629556,0.0226368755,0.34508875,-0.333778411
105629.791867,-0.26805487,-0.554786238,-0.144791917,0.05092071,0.34980467,-0.293234169
105629.801894,-0.367225,-0.675263506,-0.671276629,0.00868164469,0.266862929,-0.256773353
105629.811921,-0.304837664,-0.563565684,-0.645329702,-0.032517191,0.167932078,-0.243281797
105629.821948,-0.0343712023,-0.413887821,-0.567407089,-0.048171252,0.0699045882,-0.255923271
105629.831975,0.217518569,-0.206298964,-0.17504677,-0.0251050815,-0.00229131477,-0.261620581
105629.842003,0.373569109,-0.315622093,-0.269360546,0.101243801,-0.0630513355,-0.254101694
105629.852030,0.218619224,-0.161529848,-0.513472669,0.2023523,-0.0635248423,-0.206627384
105629.862057,0.16411928,0.382816245,0.0248784207,0.160174489,-0.00141513464,-0.164396569
105629.872084,0.157045542,0.347573228,-0.0999801311,0.0860193074,0.0599334463,-0.1428231
105629.882111,-0.101437198,0.218278959,-0.493076363,0.00658680126,0.0835255906,-0.141653448
105629.892139,-0.187094497,0.232983046,-0.612428718,-0.0475693792,0.0542936698,-0.16126816
105629.902166,-0.205802559,0.164099187,-0.828539905,-0.0456798635,-0.0200034659,-0.156222805
105629.912193,-0.307869287,-0.078951737,-0.696893885,-0.00236221892,-0.0955818444,-0.129249766
105629.922220,-0.267330648,-0.0235855313,-0.220676887,0.0394864269,-0.142169058,-0.107710928
105629.932247,0.0140467917,0.123658894,0.183899354,0.0560946986,-0.164688215,-0.103124693
105629.942274,0.213967306,0.169392252,0.264394448,0.0490442477,-0.176915854,-0.114157639
105629.952302,0.341882689,-0.058710986,-0.0598351678,0.0872315764,-0.178300694,-0.0996231735
105629.962329,0.477660621,0.0204299168,-0.0809030902,0.111612551,-0.164507926,-0.0855518281
105629.972356,0.532477595,0.222436152,0.049013914,0.111361943,-0.150024593,-0.0605247691
105629.982383,0.506586929,0.143538045,-0.0870230344,0.113037609,-0.164585695,-0.0208074525
105629.992410,0.507583831,0.0614223639,-0.271896202,0.12214189,-0.186072335,-0.000861707143
105630.002438,0.351778644,0.0132891052,-0.16538287,0.121085413,-0.198591322,-0.012852856
105630.012465,-0.0440440897,-0.186823717,-0.0464291582,0.11956954,-0.196836039,-0.0451689847
105630.022492,-0.274567175,-0.258844267,0.245845815,0.0357947536,-0.190936863,-0.0893191323
105630.032519,-0.185442127,-0.177362135,0.598475012,-0.0844685435,-0.183646992,-0.145552844
105630.042546,-0.14850502,-0.248905714,0.547812746,-0.100746579,-0.223822385,-0.153220356
105630.052573,0.0412874845,-0.301266089,0.151951726,-0.00729625719,-0.328432947,-0.131920651
105630.062601,0.354036433,-0.103145609,0.330448344,0.100668021,-0.41786322,-0.0696799234
105630.072628,0.532394374,0.274123669,0.639916445,0.191206172,-0.433478922,0.0368806124
105630.082655,0.439899338,0.568325373,0.71355159,0.181282714,-0.441096634,0.139597133
105630.092682,0.165057657,0.627772418,0.570626635,0.0934652388,-0.488435119,0.188876003
105630.102709,-0.0471715741,0.564518601,0.511499908,-0.0129104666,-0.537463129,0.182866842
105630.112736,-0.170698731,0.184761086,0.485022236,-0.0709708408,-0.559904814,0.177109897
105630.122764,-0.349403293,-0.17359869,0.20363632,-0.0458564311,-0.538380563,0.202253059
105630.132791,-0.462025245,-0.323862829,-0.0971545523,0.0374903902,-0.460936397,0.250593692
105630.142818,-0.393065325,-0.317609102,-0.371490549,0.0967334658,-0.34006989,0.292028755
105630.152845,-0.374252232,-0.194083114,-0.359875514,0.0961307958,-0.211331353,0.324667931
105630.162872,-0.379372461,-0.0821082282,-0.21551439,0.00660491083,-0.100409359,0.330951929
105630.172899,-0.300136683,-0.019750264,0.294499664,-0.120405771,-0.00329106511,0.34246558
105630.182927,-0.203951451,-0.147288995,0.27047406,-0.126426116,0.0446146764,0.370010108
105630.192954,-0.222162851,-0.309336948,0.156043964,-0.0826304257,0.0586021319,0.39634344
105630.202981,-0.361765749,-0.410280298,0.358514163,-0.0314439386,0.0505034588,0.413008451
105630.213008,-0.585372515,-0.377958722,0.354011591,0.0449813269,0.020946363,0.412023604
105630.223035,-0.689821901,-0.376291812,0.499080572,0.0788207799,-0.00226947665,0.393329293
105630.233062,-0.728447034,-0.436273183,0.448802337,0.0673129931,-0.0329379067,0.339480966
105630.243090,-0.682213033,-0.458466456,0.223496036,0.0333619565,-0.0724735931,0.27230674
105630.253117,-0.618162367,-0.49965048,-0.146039287,-0.0160860196,-0.12934275,0.195269451
105630.263144,-0.535259006,-0.356905266,-0.42126551,-0.0638823062,-0.188809261,0.106647976
105630.273171,-0.404569227,-0.124867174,-0.507553801,-0.119910955,-0.236630857,0.034443818
105630.283198,-0.262622543,0.116281862,-0.574157732,-0.114270382,-0.251162648,0.00517248362
105630.293225,-0.201838295,0.326440059,-0.652715136,-0.0596915558,-0.248990059,0.0159652103
105630.303253,-0.159729593,0.596886062,-0.594955605,-0.045733396,-0.225392848,0.024665758
105630.313280,-0.235509934,0.718324942,-0.316226927,-0.0893959254,-0.162625074,0.0175473951
105630.323307,-0.448028284,0.591225698,0.0131599258,-0.159710035,-0.091043286,0.00429257518
105630.333334,-0.516007887,0.357364335,-0.0811824917,-0.160661846,-0.0388312154,0.000516478904
105630.343361,-0.392897311,0.164863522,-0.0313841493,-0.176854134,-0.0246371012,-0.00489559676
105630.353388,-0.278884234,0.11794848,0.00867079771,-0.149522647,-0.0348870717,-0.0279785469
105630.363415,-0.137888275,-0.0711884826,-0.153483173,-0.0949763134,-0.0559731834,-0.0416544117
105630.373443,-0.0657584569,-0.116532914,0.0892705211,-0.105413243,-0.0740706921,-0.0776731297
105630.383470,-0.0767766214,0.0984541637,0.456978629,-0.167177811,-0.0741183683,-0.136220068
105630.393497,-0.062246284,0.167466471,0.529154223,-0.244117856,-0.0866123214,-0.181491137
105630.403524,0.0327384865,0.165480485,0.414279889,-0.274927944,-0.0966628194,-0.22592625
105630.413551,0.108860845,0.316263021,0.414907666,-0.313594401,-0.0973083749,-0.249201998
105630.423578,0.175130722,0.331219475,0.451835421,-0.360286266,-0.0823182389,-0.261277288
105630.433606,0.180153227,0.196452619,0.494816484,-0.340054214,-0.0417186134,-0.250818282
105630.443633,0.217480794,-0.155886727,0.37183717,-0.269332916,0.00575436093,-0.212856516
105630.453660,0.269340526,-0.46599919,0.433212553,-0.19464086,0.0732865334,-0.1852137
105630.463687,0.246746929,-0.507825384,0.631579993,-0.125743538,0.13915503,-0.17542845
105630.473714,0.262349681,-0.634425008,0.676181352,-0.0681425631,0.197805017,-0.140396968
105630.483741,0.315875921,-0.776375053,0.670037442,-0.0228845384,0.229929939,-0.0923072025
105630.493769,0.521191135,-0.84981694,0.509371079,0.0228600483,0.218657568,-0.0746696219
105630.503796,0.787145891,-0.975685765,0.318855522,0.0859648511,0.156032383,-0.0913108885
105630.513823,0.97379491,-1.03414709,0.16785832,0.128936008,0.0607330315,-0.123596385
105630.523850,0.964745707,-0.907163798,0.140958038,0.128458768,-0.0163329933,-0.154994264
105630.533877,0.745016038,-0.705018958,0.168701785,0.0859190449,-0.0732133165,-0.16095601
105630.543904,0.451845102,-0.570266862,-0.087225279,0.0180025771,-0.122598715,-0.151966512
105630.553931,0.124442628,-0.402531803,-0.126843588,-0.0803306475,-0.160488829,-0.15947929
105630.563959,-0.162563903,-0.224188256,-0.230425543,-0.147723004,-0.22158362,-0.180592835
105630.573986,-0.360786053,-0.129758087,-0.473639256,-0.135479927,-0.308545679,-0.194773361
105630.584013,-0.594118205,-0.106507633,-0.511426258,-0.117439665,-0.385745674,-0.182810441
105630.594040,-0.865851398,-0.108879258,-0.520347816,-0.0881845728,-0.45778659,-0.169564947
105630.604067,-0.948822673,-0.20644809,-0.972802245,-0.00820825342,-0.546613932,-0.155425161
105630.614094,-0.781080892,-0.304375526,-1.25939508,0.0731976554,-0.631526411,-0.148067385
105630.624121,-0.433285472,-0.249768322,-1.12048872,0.116507851,-0.675406516,-0.143574893
105630.634149,-0.135415456,-0.110857645,-0.714646984,0.0972478688,-0.649173319,-0.138008624
105630.644176,0.0679843299,0.0374503905,-0.358947878,0.0572016425,-0.589123011,-0.110969543
105630.654203,0.349866856,0.186834385,-0.292415259,0.00545030041,-0.491750121,-0.10807389
105630.664230,0.482425351,0.353700479,0.205942844,-0.0538761429,-0.355614126,-0.0957197547
105630.674257,0.516378109,0.120455129,0.334136093,-0.027313238,-0.224527746,-0.0581004769
105630.684284,0.435144837,0.00701097474,0.355635393,0.0502329506,-0.0965378135,-0.0146965394
105630.694311,0.368558112,0.00863075796,0.806108877,0.0876434445,0.0165043157,0.0108636813
105630.704339,0.254426195,0.0232373024,0.899367591,0.115716092,0.0910597742,0.011553973
105630.714366,0.229171561,0.0829758779,0.811153301,0.152120158,0.115067378,0.00298738247
105630.724393,0.40302671,0.221736187,0.662111325,0.18559663,0.109996714,-0.0147862891
105630.734420,0.62839318,0.431852444,0.44002574,0.19852069,0.0955088511,-0.0457745641
105630.744447,0.803210818,0.496451611,0.222124163,0.194953918,0.102444261,-0.0630960315
105630.754474,0.899963731,0.637149537,0.335734176,0.180872709,0.153944463,-0.0655397475
105630.764501,0.955662821,0.795140324,0.501390017,0.123422213,0.223485202,-0.0737444162
105630.774529,1.08990573,0.875494402,0.486171406,0.0729486495,0.2751441,-0.0783689916
105630.784556,1.25770874,0.875828676,0.228415957,0.0741590559,0.294531405,-0.0748658702
105630.794583,1.30764605,0.937857992,0.342238151,0.0471751094,0.321684182,-0.0743244514
105630.804610,1.10459425,0.960476871,0.771008338,-0.0364121981,0.361702174,-0.0774507374
105630.814637,0.922471111,0.722081372,0.659379855,-0.0638310313,0.378721893,-0.059008345
105630.824664,0.876359129,0.567547009,0.213920399,-0.0490294546,0.355497539,-0.0350217856
105630.834691,0.814271726,0.541307894,0.167339849,-0.0500630289,0.335589081,-0.00947541278
105630.844719,0.668070161,0.36624315,0.0357481897,0.00428143889,0.302300632,0.0334337056
105630.854746,0.52790393,0.23725349,-0.0991501101,0.0779796317,0.26200062,0.0789894685
105630.864773,0.3955993,0.122744409,-0.017623335,0.147390127,0.214175582,0.111864068
105630.874800,0.221573233,0.0190985221,0.0213514156,0.186446443,0.151882648,0.115041748
105630.884827,0.124049318,-0.0244066384,0.0259054256,0.184428841,0.0649741143,0.101250567
105630.894854,0.13775937,-0.158895115,-0.107124158,0.193158403,-0.0360230729,0.0927329808
105630.904881,0.0663682593,-0.150373225,-0.256633751,0.191300854,-0.135209307,0.0885859057
105630.914908,-0.00470467056,0.0717306266,-0.198500127,0.157719985,-0.22107628,0.080189757
105630.924936,-0.0853405978,0.331164384,0.0127519295,0.0662249699,-0.259568036,0.0722303689
105630.934963,-0.142839231,0.490362501,0.184275202,0.00390273752,-0.24553369,0.0739931166
105630.944990,-0.0659998096,0.400816377,0.174520116,-0.00342814601,-0.183402404,0.0857714787
105630.955017,0.000464293044,0.330721681,0.346822556,-0.00352215581,-0.0916756839,0.0884037465
105630.965044,-0.0722290046,0.117768301,0.362395388,0.0286602825,-0.0259573925,0.101848185
105630.975071,-0.215825922,-0.124587699,0.126913146,0.0900844932,-0.00842553563,0.124222726
105630.985098,-0.27575496,-0.146253514,0.128929162,0.128225222,-0.0170113016,0.14139159
105630.995125,-0.361747007,-0.163546375,-0.0213595989,0.171501577,-0.0569270253,0.163579196
105631.005153,-0.435619688,-0.200853631,-0.416878674,0.242892414,-0.125263467,0.168881282
105631.015180,-0.460309856,-0.0236211141,-0.587388385,0.268459558,-0.194010049,0.157753527
105631.025207,-0.622335926,0.274761675,-0.490569348,0.230306581,-0.230205864,0.135546491
105631.035234,-0.787631775,0.50022207,-0.438035443,0.155444592,-0.233912185,0.129170358
105631.045261,-0.813963536,0.617452099,-0.447916786,0.0693517849,-0.210051864,0.134458587
105631.055288,-0.598470299,0.73183105,-0.546499325,-0.00589822792,-0.169125199,0.150023699
105631.065315,-0.243541301,0.77203432,-0.445738857,-0.0402026735,-0.0974030793,0.157357246
105631.075343,-0.109271271,0.797316426,-0.184127318,-0.0498837978,-0.0128221493,0.15371111
105631.085370,-0.0547499004,0.613924948,-0.0276221664,-0.0452621467,0.0477178954,0.156494915
105631.095397,0.0834255762,0.317881343,0.0099924017,-0.0189186875,0.0799895525,0.147666007
105631.105424,0.10504368,0.1032989,0.0641857642,-0.00881385617,0.0979658887,0.124666944
105631.115451,-0.163808387,0.0382369378,0.327041166,-0.0373256616,0.129139781,0.082079269
105631.125478,-0.367515727,0.0383040117,0.391941801,-0.0768935755,0.160501167,0.0421534255
105631.135505,-0.338023346,0.122655635,0.131820208,-0.119439438,0.172714964,0.00732993288
105631.145532,-0.287108713,0.184712717,-0.115254857,-0.135464221,0.183502629,-0.00599812251
105631.155560,-0.239075115,0.155359342,-0.407219449,-0.103390962,0.195759028,0.00134927221
105631.165587,-0.130348327,0.265424814,-0.479475123,-0.0630928054,0.212303385,0.0287731737
105631.175614,-0.117534767,0.363118296,-0.298317761,-0.0669977963,0.233153,0.0549640283
105631.185641,-0.167080285,0.455480134,-0.032016602,-0.122103661,0.238015667,0.0569249168
105631.195668,-0.11501829,0.413829223,-0.00597965893,-0.196563795,0.218994841,0.0498859137
105631.205695,-0.0732843954,0.249975316,0.156712072,-0.268130392,0.219060093,0.0419952348
105631.215722,-0.0953829213,-0.0366939461,0.343666138,-0.309548914,0.218220651,0.0387435146
105631.225749,-0.0394287779,-0.299093567,0.241357272,-0.287515521,0.209530503,0.0226982366
105631.235777,0.00814045369,-0.538217819,0.343368616,-0.218202233,0.202740774,0.00988496933
105631.245804,-0.0412833928,-0.876475449,0.334220264,-0.100491844,0.217272043,0.0106948372
105631.255831,-0.107937922,-0.896216726,0.795607357,-0.0461242124,0.269823104,0.00369791407
105631.265858,-0.201464128,-0.842741668,0.943793593,-0.00650809193,0.298207611,-0.0080226576
105631.275885,-0.249714218,-0.743197517,0.608327128,0.0416426584,0.286198348,-0.0122482954
105631.285912,-0.150744286,-0.679999156,0.352461439,0.0983826369,0.243697256,0.0144112781
105631.295939,-0.0873492707,-0.551724293,-0.0766074389,0.151401103,0.173783422,0.0251366273
105631.305966,-0.185491702,-0.266617896,-0.244359961,0.14716801,0.116493233,0.00541139161
105631.315993,-0.256083241,-0.0838164935,-0.0731757108,0.0842484459,0.0838814899,-0.0248306692
105631.326021,-0.25774606,0.0402383408,-0.0865735371,0.0274682511,0.0702429116,-0.0535794944
105631.336048,-0.262037912,0.0346618558,-0.0799871444,-0.0120266937,0.0667986423,-0.0712740645
105631.346075,-0.302741678,-0.0447143902,-0.144452895,-0.00822662935,0.0615929663,-0.0792006999
105631.356102,-0.312961824,-0.113903369,-0.119873749,0.0189788919,0.0552589037,-0.0862061456
105631.366129,-0.406480687,-0.124250795,0.000293429989,0.00738881528,0.0521786921,-0.098844178
105631.376156,-0.484135333,-0.25949484,0.066731357,-0.00406916905,0.0645522699,-0.122612089
105631.386183,-0.471504984,-0.351495809,0.0260731834,0.00379354786,0.0878360197,-0.1441544
105631.396210,-0.43890481,-0.430367831,0.0995586909,0.0326116122,0.126442268,-0.145511806
105631.406238,-0.430563025,-0.429292092,0.168440504,0.0727949888,0.173426285,-0.142037719
105631.416265,-0.455336268,-0.388044793,0.246156781,0.111873947,0.226272985,-0.139708519
105631.426292,-0.482096229,-0.50362954,0.103411275,0.134334236,0.248926908,-0.106593974
105631.436319,-0.518770337,-0.450657025,-0.245176538,0.153329507,0.244521499,-0.0809605122
105631.446346,-0.527407087,-0.206843008,-0.229832838,0.0992963687,0.225176573,-0.0628132001
105631.456373,-0.675184011,-0.104290322,-0.259704829,0.0323338434,0.174083829,-0.0433492251
105631.466400,-0.702411406,-0.186110089,-0.591694558,0.0350385495,0.0925516784,-0.0147569934
105631.476427,-0.54331938,-0.191792957,-0.797545632,0.063235037,0.000281136599,-0.00827299524
105631.486454,-0.446536291,-0.0251206319,-0.646568304,0.0653426647,-0.0739534125,-0.0211046375
105631.496482,-0.263426042,0.0844278303,-0.497477228,0.049320817,-0.128389493,-0.0221014582
105631.506509,-0.0183071525,0.130076067,-0.476375403,0.000707674539,-0.170905352,-0.0220330581
105631.516536,0.124577616,0.222002437,-0.363940864,-0.0800846368,-0.21817486,-0.0422531106
105631.526563,0.156734247,0.342674789,-0.23203707,-0.176638886,-0.246829137,-0.0612550341
105631.536590,0.155303922,0.308746727,0.00566401711,-0.231029153,-0.248635828,-0.0388029851
105631.546617,0.28765009,0.172017851,0.0554892475,-0.244567066,-0.23476395,-0.00457444135
105631.556644,0.255169158,0.137705831,0.122203653,-0.23267898,-0.240663126,0.00791897997
105631.566671,0.176757849,0.00554945082,-0.0163444011,-0.156895801,-0.269369066,0.0271041244
105631.576699,0.197255789,-0.157959807,-0.111952308,-0.0502854697,-0.317667097,0.0535983182
105631.586726,0.277510718,-0.0966744407,0.0454103366,0.0104527129,-0.357165754,0.0583624467
105631.596753,0.2798438,0.135750021,0.298815773,0.028932387,-0.358317316,0.0545581207
105631.606780,0.377740768,0.177575704,0.344592021,0.0286335815,-0.337901801,0.0641180724
105631.616807,0.570890401,0.353687254,0.481142179,0.00235084514,-0.284670264,0.0676587448
105631.626834,0.728322166,0.488191952,0.599059534,-0.0207696538,-0.219466761,0.0817908049
105631.636861,0.815494911,0.470511991,0.614342443,-0.0056913686,-0.16143541,0.113358051
105631.646888,0.884273483,0.38167482,0.546518615,0.0384699665,-0.125626817,0.148731232
105631.656915,0.915770445,0.24259412,0.610257804,0.0588463433,-0.0985560492,0.178253695
105631.666943,0.825717395,0.126022189,0.78350074,0.0624115206,-0.0581793264,0.195000723
105631.676970,0.655803457,0.0193755855,0.78282211,0.0820597932,-0.0182316452,0.199497476
105631.686997,0.579906395,-0.211264112,0.636404053,0.128076285,0.0287276078,0.203615248
105631.697024,0.540628716,-0.425347738,0.534281649,0.159602508,0.0796805322,0.224311471
105631.707051,0.559989104,-0.489779586,0.285758723,0.194817498,0.114395104,0.252428591
105631.717078,0.628302871,-0.439753134,0.00579845715,0.220325515,0.12395665,0.282904744
105631.727105,0.584676386,-0.353163742,0.00467851321,0.185446888,0.114430793,0.318690419
105631.737132,0.545506113,-0.303505758,0.0830775117,0.0664691105,0.0830723345,0.321885139
105631.747159,0.471642493,-0.287518865,0.0725567022,-0.0250355061,0.00239480264,0.327657819
105631.757187,0.498384881,-0.409046519,-0.196144503,-0.0533563606,-0.111443616,0.338160783
105631.767214,0.571828595,-0.29347602,-0.05865268,-0.0687760562,-0.232789218,0.351350367
105631.777241,0.603126929,-0.222086462,-0.021056232,-0.053520143,-0.348805308,0.361986756
105631.787268,0.479070414,-0.0628994507,0.0425865113,-0.0336686745,-0.435446471,0.343740106
105631.797295,0.36032008,0.114677423,0.199593767,-0.01679755,-0.480776668,0.30608514
105631.807322,0.252289438,0.17425657,0.375845237,-0.00856332202,-0.482805729,0.278225809
105631.817350,0.051624818,0.19494638,0.322510537,-0.000556527986,-0.463583827,0.257429481
105631.827377,0.0147347739,0.430978584,0.125250181,-0.0312776901,-0.436027288,0.236449629
105631.837404,0.0177908325,0.529047036,0.119087567,-0.0891543031,-0.386762261,0.241946131
105631.847431,-0.14605285,0.259550662,-0.206481773,-0.0857947245,-0.343404144,0.278652191
105631.857459,-0.216340685,-0.0100941085,-0.523054737,-0.0658961162,-0.304820806,0.313643456
105631.867486,-0.063528515,-0.120333695,-0.503698294,-0.0552986041,-0.270870298,0.335617483
105631.877513,0.0631269393,-0.168864355,-0.38650867,-0.0677640587,-0.221667588,0.342725992
105631.887540,0.11473087,-0.136082906,-0.0535217468,-0.0816697553,-0.166520447,0.353205532
105631.897567,0.210011262,-0.223581523,0.00197919112,-0.0843462273,-0.128703833,0.381368458
105631.907594,0.394182346,-0.262294846,0.0250718974,-0.0630476028,-0.099424772,0.412919998
105631.917621,0.505495845,-0.264798134,0.0264461084,0.0192675106,-0.0625690222,0.428266197
105631.927648,0.534601236,-0.159988317,0.390295787,0.0340392664,-0.00507722842,0.417275846
105631.937675,0.366745254,-0.249503022,0.86014968,-0.00470999395,0.0627140701,0.370468944
105631.947703,0.134774153,-0.39166123,0.92707276,-0.0447452962,0.127948195,0.290666252
105631.957730,0.0412406953,-0.504428362,0.976447324,-0.0586464629,0.174874693,0.203194469
105631.967757,0.0472807381,-0.655661199,0.781469526,-0.0423998497,0.201209888,0.122943036
105631.977784,0.121720656,-0.690492786,0.50163727,-0.0168276429,0.199620783,0.050367903
105631.987811,0.210783379,-0.602395108,0.259656314,0.0032624451,0.188245624,-0.00583598111
105631.997838,0.310392558,-0.433987702,0.0926888051,0.000126306491,0.181246832,-0.0374916457
105632.007865,0.407735655,-0.32215281,-0.105621352,0.000647753477,0.1769903,-0.0358956121
105632.017892,0.488108803,-0.291179579,-0.492573674,0.020949563,0.174370825,-0.0197011977
105632.027919,0.54594476,-0.299138576,-0.631316959,0.0296272058,0.19013834,0.00443130406
105632.037947,0.498356787,-0.302679974,-0.464649894,0.0397847705,0.215463132,0.0399813093
105632.047974,0.401147144,-0.385269922,-0.416001891,0.0550697148,0.214664444,0.0650347322
105632.058001,0.277942588,-0.303063494,-0.277835529,0.0472107269,0.183955804,0.0444002934
105632.068028,0.218213164,-0.232614432,0.0664040248,0.0316807702,0.144009992,0.0225940626
105632.078055,0.140767027,-0.320139205,0.160769823,0.0376419909,0.0959351361,-0.00244870689
105632.088082,-0.0464773995,-0.200865321,0.372966467,-0.0135056162,0.0636019632,-0.0571468361
105632.098109,-0.216276826,-0.0580365939,0.615339637,-0.0894914567,0.0336962678,-0.107679255
105632.108136,-0.264369186,-0.0163335144,0.336802097,-0.103667997,0.00235885009,-0.142369315
105632.118163,-0.158852829,0.0308295842,0.141314012,-0.0636739731,-0.00327267079,-0.146339029
105632.128191,-0.111673236,0.0710308078,0.162500008,-0.027339939,0.022591684,-0.137400389
105632.138218,-0.185811764,0.0412567971,0.0911871684,0.0285872426,0.0582000129,-0.118320458
105632.148245,-0.176370329,-0.0431231024,-0.193747964,0.107466616,0.0886428654,-0.0983033329
105632.158272,-0.0500956996,-0.074285864,-0.24342531,0.118284106,0.116257988,-0.0943498686
105632.168299,-0.035035895,-0.104966907,-0.178717568,0.0751219913,0.132520318,-0.1170424
105632.178326,-0.0641375411,-0.19131058,-0.36408641,0.0451353267,0.137663141,-0.137803867
105632.188353,-0.0281538987,-0.150567797,-0.406975119,0.00376817957,0.139361441,-0.167092249
105632.198380,-0.00813276358,-0.0476208522,-0.317338103,-0.0353296883,0.138961971,-0.190719545
105632.208407,-0.00158030973,-0.0960418418,-0.351235112,-0.0495256707,0.14498204,-0.203841209
105632.218435,0.0250329171,-0.162287388,-0.322799875,-0.0457751378,0.167937949,-0.197442427
105632.228462,0.0209824909,-0.261644784,-0.177612821,-0.0477557331,0.195651084,-0.17490676
105632.238489,-0.0841320074,-0.316321839,-0.229294493,-0.0486217923,0.204177722,-0.1471425
105632.248516,-0.0944464259,-0.345413128,-0.415842316,-0.0178297907,0.179117382,-0.108974889
105632.258543,-0.0460718327,-0.351551704,-0.695196433,0.0324251242,0.116483554,-0.0669608563
105632.268570,-0.0351683075,-0.2557265,-0.895949307,0.0779563934,0.02757366,-0.0377161503
105632.278597,-0.0757564481,-0.0799053844,-0.843780729,0.0836225376,-0.0624587648,-0.0101662809
105632.288624,-0.133274535,-0.0339765769,-0.808404879,0.0709131286,-0.153335407,0.00825187471
105632.298651,-0.238801925,0.0146797558,-0.693390845,0.0211948399,-0.24859722,0.0139955143
105632.308678,-0.259175563,0.0515922401,-0.634852732,-0.0352711007,-0.343403339,0.00501480233
105632.318706,-0.183768513,0.0356251479,-0.686531481,-0.0790452063,-0.431383014,-0.00980781857
105632.328733,-0.111505003,0.0800653973,-0.446317534,-0.161966458,-0.469851583,-0.0422344692
105632.338760,-0.103746772,0.209722508,0.0859434225,-0.247454733,-0.44374299,-0.0923578292
105632.348787,-0.0564150571,0.224664788,0.17859891,-0.264454216,-0.387975335,-0.117685027
105632.358814,0.0786124585,0.032068113,0.206499309,-0.208694026,-0.320147574,-0.102593683
105632.368841,0.129672391,0.0740577544,0.351391179,-0.126895294,-0.252377838,-0.0890738815
105632.378868,0.0225211809,-0.00477349801,0.427562565,-0.0579391271,-0.20757468,-0.0708296299
105632.388895,-0.197198707,-0.0726768214,0.441720269,-0.0313133746,-0.187902972,-0.0569841154
105632.398922,-0.260793775,0.0583024052,0.568002132,-0.0326841064,-0.16445145,-0.0625490621
105632.408950,-0.225883059,0.101911538,0.616029958,-0.0194457974,-0.140082717,-0.0623538531
105632.418977,-0.188136261,0.062030632,0.421674091,0.000718593481,-0.115534768,-0.0622598417
105632.429004,-0.149719053,0.266771114,0.513029017,-0.0437263697,-0.0809775889,-0.082534492
105632.439031,0.00450222049,0.429238243,0.468750315,-0.0680881664,-0.04987799,-0.0913159996
105632.449058,0.306459566,0.293381181,-0.0296346753,-0.00703147147,-0.0325381458,-0.0720134079
105632.459085,0.514968826,0.196414991,-0.188620538,0.0213122852,0.00245791953,-0.0587551184
105632.469112,0.592868935,0.277312747,0.007089666,0.00136094796,0.0487127677,-0.0614861958
105632.479139,0.636510143,0.278852816,0.0841477712,-0.0503826737,0.0867525563,-0.0700400025
105632.489166,0.514676565,0.31446379,0.259051334,-0.0988109261,0.127772689,-0.0751697868
105632.499193,0.362739233,0.327536476,0.425688003,-0.133286878,0.176440105,-0.0599570088
105632.509221,0.37113863,0.30681196,0.607978753,-0.15951243,0.215943977,-0.0408366211
105632.519248,0.312277532,0.241671087,0.469783165,-0.148081332,0.225360379,-0.0220168643
105632.529275,0.282102923,0.159160854,0.507798715,-0.13837491,0.231471807,-0.0138606662
105632.539302,0.244137915,0.0505608512,0.621499913,-0.0978293568,0.217844412,0.00703209825
105632.549329,0.203992185,-0.187667036,0.390563498,-0.0113272239,0.173365891,0.027499292
105632.559356,0.18132196,-0.335282194,0.260443665,0.0814495832,0.102458701,0.0524501801
105632.569383,0.0937448991,-0.428801386,0.116352005,0.180793494,0.0229130052,0.0781406313
105632.579410,0.0648012566,-0.501156866,0.073366265,0.236793637,-0.0396438465,0.102623068
105632.589438,0.146293782,-0.393896953,0.188759069,0.228926122,-0.0955396071,0.102332257
105632.599465,0.280622,-0.0856149212,0.363272171,0.118945561,-0.133485124,0.0720561072
105632.609492,0.291502345,0.169229608,0.483496049,-0.0174956378,-0.150053978,0.0326964483
105632.619519,0.193503049,0.380453608,0.422941335,-0.117742881,-0.142296717,0.0147307646
105632.629546,0.117674001,0.615191826,0.373560341,-0.21614188,-0.113852829,-0.00240667723
105632.639573,0.0125334713,0.863422345,0.403522348,-0.28990081,-0.0505561493,-0.00732606743
105632.649600,-0.16896029,0.801515266,0.311312851,-0.30408746,0.031606894,0.0232408959
105632.659627,-0.443324965,0.594765197,0.113870125,-0.248646021,0.11607118,0.0578782372
105632.669654,-0.635298064,0.344189212,-0.0641734892,-0.146301016,0.164514616,0.0893176496
105632.679681,-0.656383668,0.0439180522,-0.266816707,-0.0249660704,0.169346124,0.111058101
105632.689709,-0.523610873,-0.113312418,-0.285161926,0.048534248,0.143319309,0.122455366
105632.699736,-0.262363856,-0.239363029,-0.242798118,0.0843974352,0.0905780718,0.13697651
105632.709763,0.00344640499,-0.229848036,-0.3257219,0.0609869212,0.0276321266,0.136469439
105632.719790,0.240148846,-0.0499471763,-0.229986567,-0.00545681734,-0.0181356277,0.128297269
105632.729817,0.382622293,0.00630626054,0.0277566065,-0.0710387602,-0.0172919389,0.135863572
105632.739844,0.319002529,-0.0671348963,0.255280583,-0.081367828,0.0314569585,0.159302592
105632.749871,0.114102947,-0.17470541,0.421893287,-0.0675553456,0.10416685,0.179449663
105632.759898,0.0142194265,-0.308818185,0.486926023,-0.0218554977,0.166054979,0.181196168
105632.769925,-0.116630465,-0.35473764,0.470960977,0.0478719212,0.221985891,0.159596607
105632.779953,-0.280235229,-0.345150897,0.805019913,0.090317376,0.28788048,0.13206324
105632.789980,-0.442389291,-0.274879748,0.988918683,0.0717681944,0.328668386,0.0802202895
105632.800007,-0.481224012,-0.15539193,0.760960407,0.0632894859,0.325131983,0.0241306573
105632.810034,-0.354163603,-0.156614968,0.339216173,0.106996492,0.296600997,-0.0146454992
105632.820060,-0.219162482,-0.0885616422,0.165825353,0.142022118,0.256373703,-0.0365571901
105632.830087,-0.23515659,-0.0379062445,0.160308051,0.122960806,0.226079434,-0.0525321625
105632.840114,-0.209274363,-0.0643458501,0.13102292,0.0864531323,0.199328512,-0.0625855923
105632.850141,-0.116825833,-0.202145205,-0.0496539655,0.0607301928,0.165517554,-0.0543521643
105632.860168,-0.057724167,-0.35899654,-0.148414199,0.0574047044,0.139214844,-0.0379630737
105632.870196,-0.0166295016,-0.433554864,-0.29318975,0.0816999227,0.0979750007,-0.0295434892
105632.880223,-0.00328917774,-0.348451911,-0.301415142,0.102314651,0.0458899625,-0.0295592025
105632.890250,-0.0179203086,-0.273424654,-0.0391296489,0.105931759,0.00963954348,-0.0356583707
105632.900277,-0.154443579,-0.203886642,0.163556824,0.102489889,-0.00961830653,-0.0523374826
105632.910304,-0.168198402,-0.179547443,0.272779999,0.0776934624,-0.0186213888,-0.0718280971
105632.920331,-0.161789522,-0.163006131,0.368748557,0.0530443117,-0.0191681366,-0.102391332
105632.930358,-0.188853177,-0.201544609,0.248250538,0.0524762571,-0.0268236585,-0.139553085
105632.940385,-0.18133502,-0.144537431,0.283864288,0.0250675362,-0.0206232872,-0.180350587
105632.950413,-0.163585575,-0.0664644497,0.368489029,0.0169669986,-0.00477694627,-0.207475677
105632.960440,-0.119514634,-0.014998101,0.192039991,0.0145150265,0.00160771608,-0.229816407
105632.970467,0.0289794262,0.11740429,-0.076211133,-0.00565602211,-0.00161124661,-0.26043874
105632.980494,0.151547018,0.179949886,-0.138838562,-0.0369207337,0.0136076538,-0.274529278
105632.990521,0.224874741,0.0919032807,-0.285914206,-0.0292969029,0.0524077825,-0.271159291
105633.000548,0.290175736,-0.0188472507,-0.44823009,-0.00125408289,0.0993036479,-0.253210664
105633.010575,0.291602006,-0.0890759484,-0.475759317,-0.00304372725,0.137629196,-0.24453409
105633.020602,0.218323712,-0.0808295135,-0.59101885,-0.0186341386,0.138994068,-0.25089106
105633.030629,0.234018563,-0.115112307,-0.696824911,-0.0420566387,0.11864832,-0.248076096
105633.040657,0.274260155,-0.113052159,-0.669946841,-0.0339630246,0.102816358,-0.238444507
105633.050684,0.270074138,-0.0644631929,-0.693566202,-0.0405290499,0.0793821439,-0.217409
105633.060711,0.278581087,-0.0615158143,-0.726935387,-0.0328788534,0.0393353887,-0.187378928
105633.070738,0.28631285,-0.139241444,-0.880489288,0.0034594459,-0.0318455808,-0.164474681
105633.080765,0.213164246,-0.155250767,-0.983168741,0.0166934915,-0.113120459,-0.156590655
105633.090792,0.169372414,-0.103953565,-0.672113079,-0.0175560899,-0.163469389,-0.152261689
105633.100819,0.166383571,-0.105255514,-0.39210196,-0.0514413528,-0.181059301,-0.138906479
105633.110846,0.209415306,-0.113829939,-0.132343355,-0.0832645297,-0.157268748,-0.116257615
105633.120873,0.282692906,-0.156737061,0.0549491493,-0.0864203796,-0.106199175,-0.0833819509
105633.130901,0.299556691,-0.210366652,0.0908066446,0.00638013473,-0.0295781661,-0.0469610952
105633.140928,0.331256592,-0.312126579,0.174357034,0.0969047025,0.023158282,0.00701372279
105633.150955,0.142768266,-0.425874685,0.110869189,0.16540575,0.0294396132,0.0393751226
105633.160982,-0.0166835699,-0.299207184,0.119241296,0.164015576,0.0124992458,0.046247147
105633.171009,-0.032399683,-0.12431385,0.272712779,0.117395863,-0.00455244211,0.0392105393
105633.181036,-0.117075241,0.0415060957,0.285740019,0.0358376279,-0.0231413059,0.0194080733
105633.191063,-0.0390476697,0.266047768,0.278912803,-0.0393229015,-0.0319297351,-0.00393932592
105633.201090,0.109832978,0.408055754,0.164018011,-0.071641162,-0.0332557224,-0.00642378908
105633.211118,0.216215049,0.541574655,0.0463309585,-0.0697529837,-0.0332679749,-0.00511218235
105633.221145,0.295577084,0.74321856,0.270093537,-0.112831481,-0.0192829184,-0.0143517526
105633.231172,0.185411366,0.857239491,0.585046206,-0.187452182,0.00471402705,-0.0267402455
105633.241199,0.193523836,0.832313578,0.5681091,-0.212615594,0.0338202491,-0.0379606746
105633.251226,0.320121888,0.795882229,0.557511133,-0.211295724,0.0693995506,-0.0508615598
105633.261253,0.339823308,0.62698156,0.423895274,-0.188536093,0.0818551555,-0.0584435761
105633.271280,0.264641884,0.560641394,0.324660409,-0.177339628,0.0962719098,-0.0736073554
105633.281307,0.258278925,0.45051009,0.609015695,-0.181843832,0.124460407,-0.0676341504
105633.291335,0.146621325,0.27227848,0.676487641,-0.187532604,0.148677856,-0.0503616855
105633.301362,0.117391065,0.160077676,0.768356362,-0.21051462,0.174806401,-0.0365052558
105633.311389,0.173729696,0.0253276257,0.755872144,-0.194641918,0.172503829,-0.027391389
105633.321416,0.199007345,-0.0613169308,0.539304445,-0.152766109,0.151744485,-0.0072746696
105633.331443,0.192546625,-0.134580612,0.491184265,-0.0730063021,0.12824662,0.0331004523
105633.341470,0.113218273,-0.151999145,0.341073783,0.0229663011,0.10935282,0.0725221559
105633.351497,0.132074036,-0.238396011,0.307045842,0.098344408,0.0877726972,0.1036641
105633.361524,0.0575189998,-0.287293605,0.206009479,0.138142437,0.0496926904,0.108726233
105633.371552,-0.016289456,-0.236866463,0.364901234,0.102672048,0.0274499655,0.0873604938
105633.381579,-0.102741413,-0.219426814,0.451529716,0.0418150909,-0.0107253827,0.0513899773
105633.391606,-0.28365291,-0.181624541,0.357959452,-0.0199918188,-0.0569887497,0.0135400649
105633.401633,-0.340327239,-0.19274602,0.269639948,-0.0206149984,-0.105804756,0.00650505908
105633.411660,-0.406152259,-0.274333001,0.0116050976,0.00169989537,-0.164123461,0.0098806154
105633.421687,-0.472795207,-0.186347332,0.0646633186,-0.0248526204,-0.192707434,0.00352764502
105633.431714,-0.448431713,-0.0374281056,0.268029005,-0.061019145,-0.178407326,-0.00956711825
105633.441741,-0.495265726,-0.00328011765,0.255592133,-0.0576182865,-0.151384234,-0.0105061485
105633.451769,-0.570198765,-0.0437836852,-0.0596498743,-0.0118721062,-0.157406703,0.00364242727
105633.461796,-0.565317167,-0.0449397964,-0.310766323,0.0225710887,-0.182207122,0.0185611881
105633.471823,-0.510126136,-0.0743929777,-0.324112127,0.0400512815,-0.205710322,0.0409948602
105633.481850,-0.503247482,-0.137965213,-0.477190811,0.0456966497,-0.22480838,0.0782255828
105633.491877,-0.358753598,-0.140623984,-0.420150827,0.0183710176,-0.22526671,0.110030383
105633.501904,-0.313219196,-0.00215805482,-0.181924255,-0.0185877997,-0.210208669,0.120407127
105633.511931,-0.245540658,-0.00251592834,-0.0478548071,-0.0245350674,-0.182518154,0.126089931
105633.521958,-0.284332216,0.0330704219,0.387990433,-0.031342376,-0.132395595,0.126008704
105633.531986,-0.338255767,-0.0657981678,0.619490327,-0.0141418166,-0.0806591734,0.123180702
105633.542013,-0.306453958,-0.0718690852,0.603655629,-0.00218635332,-0.031816259,0.102903925
105633.552040,-0.266350861,-0.0990379549,0.579876694,0.0316493735,0.0212818421,0.0858045667
105633.562067,-0.340870224,-0.146662972,0.509113305,0.0735187978,0.0847098157,0.0763101354
105633.572094,-0.287827657,-0.0938612099,0.484469862,0.0963460803,0.146241888,0.0660825297
105633.582121,-0.324415238,-0.00640241439,0.340786199,0.0860114172,0.190115601,0.0383134782
105633.592148,-0.338784065,0.131329794,0.350491015,0.0513040349,0.225326598,0.00579095539
105633.602176,-0.283336903,0.0765618462,0.145768653,0.0541770533,0.23649402,-0.0153521458
105633.612203,-0.265175991,0.0928912689,-0.0325379955,0.0458544083,0.244058728,-0.0329199545
105633.622230,-0.229474051,0.0698473701,0.0692564916,0.0164432582,0.256893814,-0.0349072069
105633.632257,-0.20024518,-0.0370410791,-0.0815250215,0.00702312402,0.249879867,-0.0314773209
105633.642284,-0.142191197,-0.19621618,-0.298192673,0.0367109776,0.228980184,-0.030348409
105633.652311,-0.0600719357,-0.321349457,-0.299558701,0.0764208436,0.198868081,-0.0224595927
105633.662338,-0.0549229189,-0.480396475,-0.326937121,0.12980549,0.148717836,-0.0138096428
105633.672365,-0.0601495675,-0.438312215,-0.309815891,0.159390017,0.0955408886,-0.0251957253
105633.682393,0.0235710644,-0.375765011,-0.109509592,0.129141033,0.052336961,-0.0419288985
105633.692420,0.0732196596,-0.337283232,-0.0267214182,0.0973610133,0.0285400227,-0.0503245108
105633.702447,0.123780401,-0.375060882,0.0733645114,0.0883970782,0.0334511548,-0.0470011532
105633.712474,0.00834591314,-0.389865725,0.0378530531,0.127585486,0.0443794355,-0.0470616072
105633.722501,-0.124484056,-0.344217415,-0.0604097528,0.175887242,0.0468047783,-0.0567890666
105633.732528,-0.0923059433,-0.260136352,-0.0671633187,0.211671337,0.039517574,-0.0680880621
105633.742555,-0.128879551,-0.145428827,-0.0639881958,0.214544356,0.0293307137,-0.0927651748
105633.752583,-0.21871388,-0.0644820437,-0.103594815,0.179383963,0.0104646152,-0.122764625
105633.762610,-0.213310998,-0.0161135149,-0.30738954,0.15719451,-0.0221846737,-0.155060247
105633.772637,-0.129863776,0.041920887,-0.488718167,0.142882943,-0.068340987,-0.189913839
105633.782664,-0.0997765349,0.135533821,-0.488662053,0.11282146,-0.120091267,-0.221812919
105633.792691,-0.0704676209,0.207791687,-0.440220971,0.072305724,-0.170215145,-0.247291654
105633.802718,0.0605409414,0.125796125,-0.7235399,0.0514608957,-0.253599793,-0.27390939
105633.812745,0.14549707,0.308901699,-0.870339065,-0.0278030317,-0.326528877,-0.331179351
105633.822773,0.110622923,0.513135473,-0.573994066,-0.150927901,-0.346449047,-0.380297631
105633.832800,0.0174174371,0.45289494,-0.545878563,-0.21040374,-0.314797908,-0.381294459
105633.842827,-0.0606412782,0.254457795,-0.766335085,-0.208005026,-0.279257476,-0.343108445
105633.852854,0.0038903037,0.153455993,-0.735111095,-0.195485786,-0.239270642,-0.293072432
105633.862881,0.0573320441,-0.017051088,-0.524607811,-0.149215221,-0.187548861,-0.227575198
105633.872908,0.151661803,-0.317897783,-0.412193146,-0.0497701168,-0.156777635,-0.135732621
105633.882935,0.287106722,-0.63584145,-0.408878323,0.0789841339,-0.16137132,-0.0532558523
105633.892963,0.345759055,-0.700834512,-0.318337635,0.162269428,-0.183015898,-0.0171577707
105633.902990,0.371019826,-0.673938614,-0.0509416672,0.162582085,-0.220182166,-0.0128969783
105633.913017,0.385949319,-0.629402138,-0.0345581032,0.181241795,-0.270371318,-0.0344597958
105633.923044,0.46310029,-0.757401253,-0.301097747,0.170642674,-0.3405568,-0.0199618116
105633.933071,0.499817909,-0.738348835,-0.475987281,0.203804627,-0.372648686,-0.0190289058
105633.943098,0.49236204,-0.378548651,-0.280136207,0.19640103,-0.34011659,-0.0220486671
105633.953125,0.420354716,-0.268297082,-0.0799538267,0.169984341,-0.256054699,-0.0192153268
105633.963153,0.29719431,-0.105247769,-0.0439338343,0.14938505,-0.157079369,-0.0137521187
105633.973180,0.225586122,0.0721206488,0.0615624299,0.116752818,-0.0573410615,-0.0140003255
105633.983207,0.164346988,0.216269519,0.259531811,0.0710108951,0.0416504964,-0.0317052864
105633.993234,0.175298663,0.363018635,0.46351826,0.0116303926,0.116228595,-0.0542990156
105634.003261,0.180000721,0.347568041,0.477180874,-0.0353243351,0.143617347,-0.0668646023
105634.013288,0.217572838,0.444642806,0.554434794,-0.0647674426,0.139493182,-0.0904271901
105634.023316,0.265580224,0.505489489,0.612496523,-0.0833011791,0.12846449,-0.11592669
105634.033343,0.240977077,0.538646712,0.806959941,-0.112270243,0.155486524,-0.123517223
105634.043370,0.207231094,0.609752923,0.992221232,-0.162800536,0.191981688,-0.107483938
105634.053397,0.303066508,0.607265198,0.972462054,-0.200501308,0.2389175,-0.0859876946
105634.063424,0.403352399,0.585343801,1.16057289,-0.230372384,0.290914118,-0.0449015163
105634.073451,0.355748461,0.354469564,1.12782797,-0.147985905,0.316278845,0.0110933091
105634.083478,0.292777461,0.163012561,0.917988121,0.0049815448,0.315326512,0.0715702325
105634.093506,0.280937861,0.0644730567,1.11300976,0.121710561,0.295592755,0.11592678
105634.103533,0.126971105,0.161763218,1.23145026,0.156400353,0.239396602,0.116794445
105634.113560,0.058691642,0.176997101,1.1040315,0.144559145,0.16335164,0.0997291729
105634.123587,0.0723205919,0.0692868867,0.809744019,0.116702482,0.0872299671,0.0775120184
105634.133614,0.133998648,0.112793582,0.586291822,0.0448860824,0.028918989,0.036978703
105634.143641,0.310967472,0.16672011,0.4258014,-0.0563212298,-0.00273401104,-0.0075892983
105634.153669,0.4392899,0.158544768,0.222647895,-0.108129561,-0.0177747458,-0.0364521071
105634.163696,0.509023435,0.120020537,-0.0304874927,-0.107363373,-0.0270348229,-0.031509012
105634.173723,0.522770513,0.21847587,-0.0466875169,-0.13842383,-0.0231133178,-0.0245003738
105634.183750,0.354558521,0.323684038,0.129098674,-0.187581256,-0.012703022,-0.0194369033
105634.193777,0.0542350097,0.275653363,0.141415719,-0.20618929,0.0160026588,0.0112845246
105634.203804,-0.0554859961,0.20469014,0.13953765,-0.185130611,0.0424670205,0.0584850572
105634.213831,-0.132486307,0.108202454,-0.175271227,-0.100516118,0.0603333712,0.0986814871
105634.223859,-0.253734888,0.0787964003,-0.382398896,0.00193994842,0.0732457042,0.142165571
105634.233886,-0.35499567,0.0711649555,-0.5044798,0.076062113,0.0756793022,0.180977687
105634.243913,-0.418474053,0.0718851596,-0.696799192,0.119839422,0.0632644445,0.200647518
105634.253940,-0.401547139,0.0317317937,-0.854129104,0.121619746,0.0224682819,0.212028801
105634.263967,-0.402556609,0.0631582478,-1.04753103,0.0866838694,-0.0250939112,0.210140631
105634.273994,-0.36226957,0.184515587,-0.856140444,-0.00488173822,-0.0295970496,0.208063632
105634.284022,-0.268469333,0.0910853154,-0.71841072,-0.0555276051,-0.00619984884,0.226636246
105634.294049,-0.245111765,0.0362489789,-0.6025427,-0.0449444689,0.048232235,0.26292634
105634.304076,-0.215139273,-0.1192912,-0.346730202,0.0210268237,0.108808763,0.3059569
105634.314103,-0.373723569,-0.237277528,-0.0837432821,0.0862218067,0.148102105,0.329881132
105634.324130,-0.489436764,-0.269973198,0.171824301,0.129795909,0.159616292,0.324251205
105634.334157,-0.523095836,-0.266762858,0.179396782,0.155289292,0.147985205,0.303464442
105634.344185,-0.616123116,-0.240922022,0.266303497,0.17115587,0.141937956,0.274804562
105634.354212,-0.799777775,-0.176144064,0.341496393,0.153634131,0.139636189,0.226697236
105634.364239,-0.868452009,-0.0420993854,0.333469738,0.108621657,0.145656794,0.168847516
105634.374266,-0.854101778,0.0187047005,0.231551332,0.0771769136,0.146537766,0.108969808
105634.384293,-0.811109389,0.115839306,0.206034029,0.0266897697,0.163327664,0.0548232123
105634.394320,-0.822483089,0.192943077,0.327070977,-0.0204889271,0.179049909,0.0203035846
105634.404348,-0.832599702,0.104162531,0.211250887,-0.0240136199,0.185489699,0.0111353872
105634.414375,-0.824476309,0.0292079743,0.0583002133,0.0255739056,0.182206288,-0.000820874237
105634.424402,-0.798893393,0.0598001695,0.0249094003,0.069811143,0.166830793,-0.0196784511
105634.434429,-0.798519445,0.0267740982,0.0923912834,0.0842627883,0.125140592,-0.0370702259
105634.444456,-0.820585585,0.0125712392,0.025513796,0.0871421993,0.0711644441,-0.0754362568
105634.454483,-0.764163587,0.0456317973,0.0133849668,0.089209877,0.0177337136,-0.117224716
105634.464511,-0.720077046,-0.0104719288,0.0513432337,0.0937313884,-0.0120129967,-0.160005212
105634.474538,-0.765929573,-0.0707991179,0.179725284,0.0771343037,-0.0143842753,-0.200368077
105634.484565,-0.775959165,-0.034769554,0.250684487,0.0379658602,-0.00201415853,-0.23162134
105634.494592,-0.626062984,-0.0603546616,0.155110482,0.0224052761,0.00863715447,-0.252049655
105634.504619,-0.510260685,-0.0818370831,-0.0468476759,0.0438389294,0.00129934645,-0.274889439
105634.514646,-0.379299359,-0.090023093,-0.144146021,0.0610364005,-0.0131278224,-0.289850593
105634.524674,-0.259069125,-0.0587506605,-0.0701134007,0.0497690961,-0.0344040804,-0.305866569
105634.534701,-0.224651051,0.0241837895,-0.0973597195,0.0406245999,-0.0658205971,-0.330456614
105634.544728,-0.144882116,0.0934718452,-0.239628256,0.020596832,-0.0855508894,-0.361551136
105634.554755,0.014332769,0.0202340289,-0.235203425,-0.00402569026,-0.106505975,-0.369294822
105634.564782,0.120684773,0.0124049427,-0.290479322,0.00826399866,-0.121020205,-0.360744476
105634.574810,0.247525293,0.00962320307,-0.260659938,0.0398205929,-0.12911807,-0.348016173
105634.584837,0.29025187,0.101647115,-0.0129617729,0.00425993605,-0.137243912,-0.365998358
105634.594864,0.278268806,0.243854861,-0.13041677,-0.0234941952,-0.163196415,-0.394242257
105634.604891,0.349133281,0.113601829,-0.476809118,-0.0549264215,-0.20556064,-0.403270096
105634.614918,0.375911178,0.114981739,-0.77780925,-0.0815622881,-0.234418392,-0.414214611
105634.624945,0.476568405,0.128620827,-0.926901495,-0.0912269056,-0.261935234,-0.395093918
105634.634973,0.665830054,-0.119678446,-1.31793027,-0.0562763773,-0.332257062,-0.343646437
105634.645000,0.86769951,-0.212365936,-1.49623225,0.0117498105,-0.41294232,-0.296637386
105634.655027,1.11735999,-0.264641482,-1.27351362,0.0808697641,-0.505424857,-0.239364758
105634.665054,1.23891387,-0.341600291,-0.937821533,0.133822456,-0.571331978,-0.18157497
105634.675081,1.12402756,-0.270570141,-0.109964934,0.113520384,-0.577472925,-0.132593304
105634.685108,1.05241077,-0.217229815,0.530650014,0.0686562359,-0.543173313,-0.0892301351
105634.695136,0.945748892,-0.244720464,0.721201228,0.0949669406,-0.502696693,-0.0508875325
105634.705163,0.830137038,-0.42111843,0.412525155,0.16849415,-0.494588196,-0.00382894557
105634.715190,0.639105494,-0.474481187,0.0402870022,0.208303869,-0.49363026,0.0246242657
105634.725217,0.367076386,-0.200861522,0.122424018,0.186881408,-0.462837994,0.0289809331
105634.735244,0.397861473,-0.0494748826,-0.00681844784,0.157405272,-0.420392781,0.0437148735
105634.745272,0.556630113,0.214773947,-0.110460609,0.129846081,-0.363616586,0.057686612
105634.755299,0.63713887,0.589135156,0.0797124191,0.0848533213,-0.283490866,0.0775380805
105634.765326,0.80629154,0.784555875,0.230845814,0.017182393,-0.215331778,0.0930893421
105634.775353,0.934751186,0.942101402,0.227076817,-0.050805714,-0.164818272,0.0956864581
105634.785380,0.941705242,0.919145401,0.333446357,-0.119031899,-0.0970730558,0.0837898478
105634.795408,0.811408445,0.734010367,0.385339042,-0.151191443,-0.0220078658,0.0686894655
105634.805435,0.769100458,0.578540916,0.46441024,-0.171553969,0.0695902258,0.0590051413
105634.815462,0.667308894,0.535390779,0.767072167,-0.213182107,0.175891101,0.0550953597
105634.825489,0.55298624,0.419086413,0.878731046,-0.251573145,0.273890644,0.0665107295
105634.835516,0.52493255,0.184468606,0.73665774,-0.259017497,0.355226249,0.0808598399
105634.845544,0.501267925,-0.0138709236,0.752501206,-0.247082293,0.423487842,0.0907494873
105634.855571,0.323019108,-0.216360924,0.903262261,-0.232743561,0.471734732,0.0957929865
105634.865598,0.1688466,-0.532883838,0.905963921,-0.204355329,0.501453519,0.111962363
105634.875625,0.0576993293,-0.746890746,0.776237471,-0.135947779,0.499902189,0.134450644
105634.885652,-0.0234921425,-0.949284957,0.692423461,-0.0732100829,0.486210346,0.148090288
105634.895679,-0.173446861,-0.995498207,0.795242031,-0.0382449143,0.46224618,0.132768586
105634.905707,-0.322367548,-1.04561774,0.712377285,-0.0198272895,0.416392654,0.11623434
105634.915734,-0.277972764,-1.0710877,0.426778136,-0.00372981327,0.338298917,0.100948595
105634.925761,-0.162467457,-0.889275163,0.123920394,0.000669462373,0.236731544,0.0730945989
105634.935788,-0.0462260551,-0.637719081,-0.0706377168,-0.00449041231,0.139714465,0.0523746684
105634.945815,0.00457194756,-0.359119728,-0.0137993928,-0.0291398317,0.0751088262,0.0511014163
105634.955843,-0.143550667,-0.146278795,-0.0117564888,-0.066354312,0.0399013087,0.0515613407
105634.965870,-0.280943706,-0.036764308,-0.0555541294,-0.110156648,0.0419695191,0.054459393
105634.975897,-0.456880868,0.0121068366,-0.132591776,-0.131646231,0.0662263855,0.0468664542
105634.985924,-0.683131536,0.0977975995,-0.249322551,-0.129601195,0.112847686,0.0431137979
105634.995951,-0.862705575,0.126407316,-0.320588045,-0.108553961,0.165144712,0.0654409379
105635.005979,-0.944663289,0.0972686072,-0.466648374,-0.0608173348,0.195158005,0.106539637
105635.016006,-0.921825215,0.156553594,-0.422141709,-0.0478016697,0.207670078,0.127777025
105635.026033,-0.914419103,0.181228308,-0.114131991,-0.0678483397,0.216196448,0.130352035
105635.036060,-0.825762768,-0.00957929086,-0.0491688123,-0.0816946477,0.212685078,0.129502743
105635.046087,-0.719917764,-0.0981854297,0.125822428,-0.112234183,0.211579323,0.117804013
105635.056115,-0.647231882,-0.157982238,0.232767722,-0.119265728,0.220260173,0.102129713
105635.066142,-0.559734508,-0.259217192,0.323329452,-0.130794287,0.245319709,0.0975245684
105635.076169,-0.390269338,-0.268443578,0.352038829,-0.0887304544,0.282666028,0.0886184275
105635.086196,-0.392589853,-0.219721924,0.430277669,-0.0522241145,0.330074549,0.0855685771
105635.096224,-0.469728513,-0.231076701,0.562480154,-0.0300000329,0.38756901,0.0820774361
105635.106251,-0.512918835,-0.118736927,0.731726713,-0.0308375955,0.445087433,0.0735798255
105635.116278,-0.460106442,-0.132309891,0.634930473,-0.00646647764,0.467332274,0.0657788962
105635.126305,-0.329948505,-0.122663818,0.394991836,0.0268065259,0.441241801,0.0530849397
105635.136332,-0.231335571,-0.0509530654,0.0992798739,0.0642713457,0.378030896,0.0192052666
105635.146360,-0.200217087,0.0309948577,0.172557292,0.0577119738,0.314231932,-0.00103901792
105635.156387,-0.230597685,0.0548635899,0.261812031,0.0312484112,0.267548054,-0.0203690398
105635.166414,-0.285953734,0.0912681977,0.317605229,-0.00224563363,0.229356989,-0.0364510715
105635.176441,-0.26616555,0.0522047459,0.231727273,-0.0028578944,0.19313933,-0.0465745479
105635.186468,-0.27588571,-0.00663885349,0.11630232,0.0185150392,0.148255214,-0.0543067679
105635.196496,-0.319816403,-0.021937618,-0.0498532874,0.0575599074,0.0808564574,-0.0613907799
105635.206523,-0.397564171,-0.0172228644,0.00987023663,0.0635259226,0.0314558893,-0.0904128402
105635.216550,-0.56172159,-0.0357424176,0.138992291,0.0573660284,0.00195605564,-0.127645418
105635.226577,-0.584947275,-0.0355948258,0.0612473726,0.0606369227,-0.0291699059,-0.156735405
105635.236604,-0.495862048,-0.0141756787,0.0763350517,0.0575785488,-0.0463201292,-0.176199645
105635.246632,-0.470012371,0.0254574627,0.200149647,0.046110712,-0.0476469174,-0.194048688
105635.256659,-0.46924314,0.0168700324,-0.00644260027,0.067724131,-0.0556774139,-0.204801455
105635.266686,-0.383293434,-0.0216791132,-0.245938754,0.0998522416,-0.0678051859,-0.211397305
105635.276713,-0.278033098,0.0403409974,-0.271840673,0.118436843,-0.0604870804,-0.218882397
105635.286741,-0.170210802,0.13425686,-0.289521875,0.0947203264,-0.0674736202,-0.235423014
105635.296768,0.0616406097,0.227282788,-0.176663558,0.0133106895,-0.0911003873,-0.274741411
105635.306795,0.185219862,0.233150584,-0.0555588056,-0.0734929144,-0.120664403,-0.319393575
105635.316822,0.291506912,0.139993723,0.173614107,-0.169641286,-0.135926172,-0.371029854
105635.326849,0.276404912,0.186770745,0.30487785,-0.24004595,-0.128002465,-0.410435587
105635.336877,0.212357972,0.073797496,0.0597054039,-0.240011334,-0.104344286,-0.416452736
105635.346904,0.072529595,-0.0695681879,-0.298314254,-0.188608587,-0.0606010631,-0.376255512
105635.356931,0.0235492179,-0.0313907252,-0.492387211,-0.131248623,-0.0164810084,-0.304819942
105635.366958,0.0532470215,0.125877447,-0.536079054,-0.11013668,0.0165517759,-0.232352391
105635.376986,0.040519788,0.20338388,-0.584950344,-0.111495689,0.0230416339,-0.171949506
105635.387013,0.0279081438,0.085087171,-0.817402425,-0.0733925104,0.0117508955,-0.11367023
105635.397040,0.00593194733,-0.0886369724,-0.889147811,-0.0267283395,-0.000152102672,-0.0686015487
105635.407067,0.110231111,-0.0909380159,-0.561679943,-0.054399915,0.00305966963,-0.0511325449
105635.417094,0.198251997,-0.117574386,-0.315383462,-0.0752061233,0.00152835203,-0.0353080407
105635.427122,0.301521598,-0.365535148,-0.447203085,-0.0310069732,-0.00251299469,-0.00743380003
105635.437149,0.346413099,-0.563904049,-0.421385922,0.0192721765,0.0030223853,0.0226274282
105635.447176,0.321002763,-0.672286829,-0.322699922,0.062836431,0.0200402513,0.046092011
105635.457203,0.228188651,-0.657286389,-0.232841957,0.095040977,0.0307834428,0.0558964387
105635.467231,0.178831038,-0.535577461,-0.191819041,0.0827560797,0.0281391907,0.0577183068
105635.477258,0.175123343,-0.342130745,-0.114791916,0.0521955043,0.0165978484,0.0518425703
105635.487285,0.23031726,-0.169595665,-0.126610948,0.01582711,-0.00300727738,0.0414767489
105635.497312,0.374137264,-0.122108669,-0.138391987,0.00309853163,-0.0247735586,0.0398397073
105635.507340,0.433950804,-0.0513779397,0.129715929,-0.0145728737,-0.0219162535,0.0362460352
105635.517367,0.41811428,-0.0782934192,0.310496859,-0.00404588692,-0.022880068,0.0491370596
105635.527394,0.380261884,0.0135613462,0.543022589,-0.0276276451,-0.00592105789,0.0393965468
105635.537421,0.323361674,0.129855922,1.02548696,-0.0953888446,0.0294523798,0.027079694
105635.547448,0.246961741,0.058527227,0.940353682,-0.100300513,0.0598534271,0.0217909217
105635.557476,0.14672895,-0.0282984582,0.817097889,-0.0783028081,0.0891354159,0.0346864834
105635.567503,0.104169984,-0.0735631758,0.733340578,-0.0456194282,0.102075718,0.0449114218
105635.577530,0.0427654481,-0.0829891027,0.709679132,-0.0494812764,0.101716727,0.0501461327
105635.587557,0.0407036202,-0.149964351,0.66158584,-0.033546254,0.0857145861,0.0615508519
105635.597585,0.109503965,-0.232292871,0.586539075,0.00332334591,0.0587050728,0.0828710496
105635.607612,0.172448424,-0.217233176,0.54132163,0.039796669,0.00877000391,0.100666836
105635.617639,0.238199319,-0.22961335,0.453286204,0.104035579,-0.0324674509,0.132381886
105635.627666,0.32486901,-0.287739303,0.460274748,0.161940947,-0.0578947775,0.17299962
105635.637694,0.288625511,-0.279889612,0.288807005,0.232717916,-0.0845266506,0.200575054
105635.647721,0.338924642,-0.329480815,-0.0965203461,0.295713931,-0.123511866,0.208239093
105635.657748,0.437772555,-0.247517621,-0.265239082,0.292771935,-0.167922214,0.188582838
105635.667775,0.371804145,-0.0293936331,-0.17665479,0.214004144,-0.196738943,0.139997721
105635.677803,0.206050834,0.173082119,-0.00886310541,0.086038202,-0.202011198,0.072993651
105635.687830,0.191744588,0.243512477,-0.204550513,0.00610395242,-0.208028078,0.0312424805
105635.697857,0.35558337,0.315657822,-0.541587588,-0.00444269786,-0.21475549,0.0210340507
105635.707884,0.364029054,0.46143327,-0.580437835,0.00405278616,-0.196374357,0.0427340195
105635.717912,0.115364565,0.671271149,-0.30528117,-0.0346658453,-0.140003487,0.066697143
105635.727939,-0.130691496,0.745300115,-0.060495093,-0.0975976735,-0.0788924694,0.0929553807
105635.737966,-0.256240112,0.614199966,-0.296245046,-0.116849929,-0.0562529378,0.114403948
105635.747993,-0.185319962,0.48628115,-0.511441456,-0.108728088,-0.0616498329,0.133235425
105635.758021,-0.155490604,0.292647898,-0.504285739,-0.064786464,-0.076739572,0.155934617
105635.768048,-0.13762904,0.0933331674,-0.487042343,-0.0285014287,-0.0861367956,0.175872639
105635.778075,-0.0652492652,0.0892104615,-0.204324303,-0.0543833598,-0.0768431649,0.176817
105635.788102,0.0681093674,0.0544718141,-0.156167882,-0.0602953099,-0.0746878684,0.168928981
105635.798130,0.279479168,-0.0321085911,-0.0870680426,-0.049471423,-0.0556531958,0.170959637
105635.808157,0.311466909,-0.0284456847,0.278123698,-0.0713402405,-0.0142306527,0.169930592
105635.818184,0.141800882,0.0135285399,0.575552986,-0.100649126,0.0426027998,0.174158096
105635.828211,0.00669065675,-0.094580391,0.558650951,-0.0928809494,0.0885820165,0.172158331
105635.838239,-0.070156911,-0.0806802413,0.664397975,-0.0638215989,0.135342598,0.17044431
105635.848266,-0.136634111,0.00509103953,0.782746122,-0.00285864994,0.171138674,0.163758188
105635.858293,-0.184052901,-0.0189258689,0.638170478,0.0778801367,0.179988354,0.164439946
105635.868320,-0.189308922,0.00973002444,0.645203445,0.129282862,0.174729154,0.155087471
105635.878348,-0.217082516,0.0495378648,0.580576367,0.156339258,0.139743462,0.123350039
105635.888375,-0.246285229,0.139252769,0.482013701,0.124897443,0.106196694,0.066624701
105635.898402,-0.244123594,0.243367662,0.508217818,0.0634023994,0.0782446861,0.00741438009
105635.908429,-0.307312968,0.273360576,0.408311921,0.0053595989,0.0588659272,-0.0470360778
105635.918457,-0.399710243,0.294170578,0.359283978,-0.0473693907,0.0393790454,-0.0910309702
105635.928484,-0.412381143,0.231084884,0.169494397,-0.0731141716,0.0192870926,-0.125596657
105635.938511,-0.40601022,0.143009783,0.0288841492,-0.0553676635,-0.00262273289,-0.140231803
105635.948538,-0.383357658,-0.00810877991,-0.0622685324,0.00604642835,-0.0236324109,-0.13475661
105635.958566,-0.322823183,-0.0831789262,-0.0509790766,0.0887130797,-0.0355106443,-0.130442023
105635.968593,-0.244456991,-0.0603789923,0.0579337181,0.12464232,-0.0472655706,-0.125960186
105635.978620,-0.146605616,0.0435130516,0.186346747,0.126817048,-0.0477057919,-0.13703467
105635.988647,-0.0945307797,0.121861416,0.362270301,0.0858049095,-0.0376733951,-0.143474191
105635.998675,-0.0524956917,0.136381962,0.307190803,0.0626489893,-0.031053843,-0.156617701
105636.008702,0.0698095224,0.0923293241,0.114640525,0.0558584593,-0.0421549641,-0.156094924
105636.018729,0.215706003,0.119088225,0.116422147,0.0302324574,-0.0548667647,-0.169465318
105636.028757,0.270409763,0.18952209,0.245539526,-0.0174407884,-0.0610615425,-0.194173858
105636.038784,0.302089388,0.213853471,0.282759542,-0.0595978275,-0.046397645,-0.223005772
105636.048811,0.429152026,0.0823185831,0.092739074,-0.076464422,-0.0171707831,-0.234617159
105636.058838,0.534503329,-0.0364616718,-0.056035191,-0.0818240345,0.0281735286,-0.228752345
105636.068866,0.476018151,-0.115289709,-0.23661563,-0.0740542635,0.0609245487,-0.202642441
105636.078893,0.46255968,-0.278444382,-0.652416445,-0.0207649469,0.0557260588,-0.14378126
105636.088920,0.601021372,-0.308794146,-1.20463999,0.0393127725,-0.0042744251,-0.0723459572
105636.098947,0.799288895,-0.176992278,-1.50920688,0.0664061755,-0.104863882,-0.0140597522
105636.108975,0.904822642,-0.0257156021,-1.49809453,0.0602297746,-0.205646947,0.0407182761
105636.119002,0.89011724,0.0902240955,-1.23308107,0.0583732836,-0.284118593,0.0990042239
105636.129029,0.793267516,0.180522279,-0.948220177,0.0373486914,-0.345665336,0.147284135
105636.139057,0.668304773,0.131178256,-0.676412238,-0.00672209729,-0.386672944,0.164316118
105636.149084,0.512937686,0.0570995323,-0.378009137,-0.0304165091,-0.398934126,0.159101918
105636.159111,0.313154132,-0.084566435,-0.16819442,-0.0400014892,-0.393664002,0.155176684
105636.169138,0.103198143,-0.244333949,-0.102678284,-0.04330514,-0.370542973,0.14523536
105636.179166,-0.0149709938,-0.184119865,0.0987245781,-0.0974919498,-0.318621725,0.133251935
105636.189193,-0.049417709,-0.127905518,0.0771902072,-0.131836608,-0.257974893,0.125187889
105636.199220,-0.0368484243,-0.0136209675,0.055636547,-0.136209518,-0.189245075,0.12297906
105636.209247,0.0954581785,0.190169375,0.202735572,-0.135387674,-0.107092418,0.119654372
105636.219275,0.12284186,0.24883864,0.291849441,-0.129161194,-0.0468386635,0.137034431
105636.229302,0.159428692,0.234118406,0.240157833,-0.14262934,0.00533931982,0.153467461
105636.239329,0.173618327,0.262514699,0.525111085,-0.179669648,0.0653123781,0.164730772
105636.249357,0.0933998394,0.194690797,0.595350158,-0.191634431,0.112244733,0.170875475
105636.259384,-0.0587167582,0.223468344,0.73667586,-0.267734766,0.166324481,0.144019097
105636.269411,-0.38637971,0.357316843,1.10937111,-0.395701259,0.226458386,0.104282871
105636.279438,-0.50027095,0.308303294,0.994103977,-0.430395603,0.279770613,0.0893025845
105636.289466,-0.383070658,0.169159027,0.684417265,-0.373440713,0.298100591,0.103440508
105636.299493,-0.280414732,0.138509768,0.574421936,-0.274101317,0.31014502,0.113492087
105636.309520,-0.136710245,0.0987369992,0.709353553,-0.223297283,0.332592785,0.137398481
105636.319548,0.130636039,-0.0994251276,0.812061648,-0.186921164,0.343244374,0.150249839
105636.329575,0.123751796,-0.088703681,0.801467774,-0.156751275,0.343081653,0.14252986
105636.339602,-0.0221922869,-0.154962306,0.939740518,-0.168873996,0.333690286,0.142729059
105636.349629,0.0431593062,-0.29608591,0.934980756,-0.18972069,0.301504403,0.132119298
105636.359657,0.16209055,-0.364073697,0.636996173,-0.163852602,0.218530685,0.111310154
105636.369684,0.281912862,-0.360383026,0.181895613,-0.121431366,0.104796134,0.100112632
105636.379711,0.507968665,-0.206117616,0.159185184,-0.0960772783,0.006571298,0.0870455652
105636.389739,0.568708161,0.000908931538,0.233176888,-0.108642332,-0.07568416,0.0767383277
105636.399766,0.582501563,0.0887893134,0.10558102,-0.119061157,-0.145731151,0.0704079941
105636.409793,0.65946556,0.125551503,-0.147028883,-0.114456549,-0.214080647,0.0726386607
105636.419820,0.709091249,0.125407126,-0.369420757,-0.123680405,-0.272280842,0.0982904881
105636.429848,0.566206554,0.105582043,-0.408952557,-0.143441334,-0.299133241,0.124119431
105636.439875,0.351305656,0.144461224,-0.319755101,-0.147267506,-0.298443735,0.150842652
105636.449902,0.150869812,0.0202517838,-0.413743883,-0.107041776,-0.288729608,0.18766351
105636.459930,-0.0772483306,-0.078753511,-0.510876223,-0.0512466878,-0.268710077,0.223881438
105636.469957,-0.297879662,-0.11046397,-0.400900183,-0.0345766321,-0.236199275,0.256538719
105636.479984,-0.39665323,-0.17989348,-0.449192797,-0.0187457372,-0.204746798,0.283868074
105636.490012,-0.320654205,-0.203470901,-0.452294855,-0.0079455534,-0.181443617,0.299725056
105636.500039,-0.14047789,-0.164602387,-0.362333429,0.0159808174,-0.162431836,0.311912745
105636.510066,-0.0453613098,-0.106135147,-0.216187759,0.033564873,-0.131760746,0.32880944
105636.520093,-0.0180397703,-0.0769789025,0.0350584539,0.00758805871,-0.0855301246,0.329465479
105636.530121,-0.0252208409,-0.0238828338,0.312186712,-0.0185306258,-0.0319105722,0.32561481
105636.540148,-0.0778556123,-0.107590752,0.407253352,-0.0153263118,0.0249298047,0.320596635
105636.550175,-0.182365788,-0.0762616942,0.579811812,-0.0114562055,0.0987912491,0.299066842
105636.560203,-0.389133831,0.0164497612,0.819917622,-0.0150746424,0.20004943,0.268559247
105636.570230,-0.541486027,-0.0250977625,0.802856013,0.00672173267,0.294360757,0.239749968
105636.580257,-0.504144723,-0.0900926511,0.525444262,0.0460960343,0.35538283,0.203021511
105636.590285,-0.44210704,0.034105391,0.467653752,0.0420150086,0.37531206,0.163508728
105636.600312,-0.404042719,0.100715752,0.440727751,0.0192226116,0.357897133,0.125571728
105636.610339,-0.29863395,0.0353936772,0.178686588,0.019040186,0.295223624,0.0859436244
105636.620366,-0.220321644,0.0604392711,0.22100305,-0.0133180218,0.225693002,0.0333573818
105636.630394,-0.250528566,0.0197751062,0.447849566,-0.037724562,0.161367014,-0.0124212932
105636.640421,-0.286012041,-0.129823042,0.382941917,0.000533345505,0.10404779,-0.0350288674
105636.650448,-0.182354244,-0.227737035,0.402227048,0.046092838,0.0544581376,-0.0534115992
105636.660476,-0.127505486,-0.196950851,0.408878323,0.0724235177,-0.00241686357,-0.0890851766
105636.670503,-0.153089425,-0.145558956,0.296336231,0.0860905945,-0.0573797151,-0.124682322
105636.680530,-0.160254348,-0.139246704,0.257568986,0.069225058,-0.0938764736,-0.151966944
105636.690558,-0.156054631,-0.0150717508,0.387570746,0.0268184803,-0.102822833,-0.178261667
105636.700585,-0.176897732,-0.0241262871,0.412673039,-0.0053573004,-0.0837617889,-0.199727014
105636.710612,-0.232251297,-0.101159404,0.34546062,0.0116531085,-0.0488035381,-0.222183853
105636.720640,-0.205939629,-0.134281337,0.307878201,0.0671264902,-0.0117323343,-0.234180853
105636.730667,-0.204305598,-0.112139794,0.39509705,0.125210032,0.0181587189,-0.241133317
105636.740694,-0.204650137,-0.0477297194,0.446373064,0.171039566,0.0229028743,-0.245734707
105636.750722,-0.092667945,-0.0176429165,0.27009529,0.187429994,-0.00187624188,-0.25030148
105636.760749,0.0615803675,0.0460774222,0.0320750542,0.176215678,-0.0486581288,-0.262762159
105636.770776,0.192162046,0.199899764,-0.172688809,0.122163907,-0.101387121,-0.27310586
105636.780803,0.279985181,0.343212403,-0.178454533,0.0347562954,-0.130768716,-0.277623653
105636.790831,0.375162954,0.445378207,-0.205133866,-0.0440469049,-0.147359401,-0.278952569
105636.800858,0.427375043,0.409941422,-0.36500937,-0.0886045173,-0.155159265,-0.275742143
105636.810885,0.420625276,0.312488033,-0.498657962,-0.108308449,-0.156707108,-0.265741706
105636.820913,0.242895587,0.259892607,-0.433475588,-0.122420274,-0.129703179,-0.258709341
105636.830940,0.113610232,0.218552735,-0.38081718,-0.115291789,-0.0925102681,-0.233844236
105636.840967,0.123833337,0.175304544,-0.463763174,-0.105080694,-0.0715623796,-0.20397155
105636.850995,0.192971572,0.173795309,-0.502439234,-0.134724349,-0.0726050064,-0.179485649
105636.861022,0.316925065,0.0966946797,-0.411030532,-0.152307078,-0.0877117887,-0.157024279
105636.871049,0.486742447,-0.0677335198,-0.369210329,-0.134497449,-0.119499542,-0.130565777
105636.881077,0.567889283,-0.131386638,-0.105799631,-0.116327226,-0.144533262,-0.0978882611
105636.891104,0.552672497,-0.246559809,0.399860319,-0.106486313,-0.145482942,-0.0567663871
105636.901131,0.47734918,-0.450817476,0.440616692,-0.0493785553,-0.13847962,-0.014230378
105636.911159,0.421983121,-0.547944994,0.496471266,0.0038931896,-0.122915581,0.0152723864
105636.921186,0.311902415,-0.611972645,0.582255698,0.0419622771,-0.0949699655,0.0283295996
105636.931213,0.144199395,-0.596488222,0.56644029,0.0661616251,-0.0775353163,0.0324215442
105636.941241,0.0621596287,-0.46708019,0.50879591,0.0765926987,-0.0709091052,0.032742992
105636.951268,0.0164150917,-0.181047472,0.753611797,0.0383795276,-0.0382664725,0.0300073903
105636.961295,-0.0836081114,0.0525830047,0.934265302,0.00440132059,-0.000950793386,0.0356178731
105636.971323,-0.0351344783,0.176838476,0.686360216,0.00813001208,0.0317381769,0.0453338809
105636.981350,0.0691922672,0.326144656,0.612068068,0.0093244398,0.0738869607,0.0601953864
105636.991377,0.12086908,0.344892757,0.622473727,0.0373174585,0.11761713,0.0771570653
105637.001405,0.102780758,0.268389948,0.530686255,0.0662638918,0.144796029,0.0908318609
105637.011432,0.0786158195,0.208086432,0.59888067,0.050307557,0.161657825,0.0860227197
105637.021459,-0.0160580584,0.205950004,0.715124538,0.00179541751,0.157522202,0.0689987317
105637.031487,-0.0565325095,0.0433056194,0.462268552,-0.00796240475,0.133201152,0.063243106
105637.041514,0.0339207551,-0.15483941,0.288520005,0.00241593388,0.112329692,0.0755037665
105637.051541,0.0657463646,-0.340654827,0.242836112,0.0194375291,0.096236743,0.0964271575
105637.061569,0.0425819082,-0.454047398,0.0767623372,0.0602470078,0.0535539947,0.111837015
105637.071596,0.155950879,-0.50185252,-0.0646522127,0.0761210471,-0.00741561735,0.111721694
105637.081623,0.253015195,-0.370052625,0.0309995339,0.0448305011,-0.086117886,0.0829379857
105637.091651,0.387599424,-0.239201555,-0.100687987,0.0158292111,-0.191325799,0.0442244112
105637.101678,0.530209029,-0.223219996,-0.372080916,0.048571445,-0.301763624,0.0318649448
105637.111705,0.483553405,-0.319725583,-0.494909423,0.0947330818,-0.367449135,0.0291597061
105637.121733,0.183290173,-0.263791806,-0.602144056,0.110448927,-0.377820551,0.0250302088
105637.131760,-0.0678605802,-0.101354342,-0.699190471,0.0567100644,-0.346149713,0.0163744017
105637.141787,-0.177127686,0.225071761,-0.890964505,0.00205427664,-0.293693423,0.0138193658
105637.151815,-0.155497838,0.40108913,-1.34957044,0.00293258717,-0.24132292,0.0512402393
105637.161842,-0.102519897,0.414265715,-1.55673669,0.0405254997,-0.177537546,0.122713357
105637.171870,-0.185986792,0.411965767,-1.39251293,0.0661752075,-0.100673929,0.186197519
105637.181897,-0.208924198,0.310958777,-1.19955465,0.0817190111,-0.0353977159,0.224551305
105637.191924,-0.196211632,0.227700648,-1.02791506,0.114661783,0.00800781418,0.243611544
105637.201952,-0.262541331,0.25797596,-0.613513591,0.0917221159,0.040205963,0.249497935
105637.211979,-0.44972157,0.143168554,-0.0359755687,-0.0144509301,0.0755469128,0.234894484
105637.222006,-0.59055569,0.183798524,0.227796948,-0.107754506,0.112842083,0.175962195
105637.232034,-0.543574451,0.0313977394,0.144377491,-0.162244394,0.138159424,0.110255361
105637.242061,-0.596119827,-0.104428197,0.00845861627,-0.141680792,0.170162097,0.0553556234
105637.252088,-0.528582962,-0.0307515505,0.0510176551,-0.041413039,0.222504929,0.0334250256
105637.262116,-0.39860272,-0.0131396137,0.195561735,0.0434557796,0.270420015,0.0292619709
105637.272143,-0.38204464,0.159750563,0.246192437,0.0564562641,0.269239157,0.000939253718
105637.282170,-0.346652679,0.277565334,0.271857624,0.0055683176,0.241950005,-0.0560731627
105637.292198,-0.351680992,0.250588626,0.334810631,-0.0477369837,0.200710416,-0.112458944
105637.302225,-0.224233593,0.0981874025,0.130731243,-0.0284879189,0.144260466,-0.131686166
105637.312252,-0.0567254382,-0.0997964451,0.0115846393,0.00883814692,0.107748255,-0.118044659
105637.322280,-0.0165592494,-0.143745915,0.326069691,0.0154459821,0.123572491,-0.0971007645
105637.332307,-0.0634410102,-0.246867852,0.223293792,0.0590376668,0.135341004,-0.0647257715
105637.342335,-0.0424697165,-0.292416428,-0.0885422068,0.121944465,0.125704616,-0.0343079492
105637.352362,-0.113761586,-0.231601455,-0.0109878425,0.14868553,0.113907881,-0.0163941961
105637.362389,-0.236795663,-0.134494541,-0.0162158063,0.179131046,0.0851260349,-0.00626699347
105637.372417,-0.149117197,-0.0765194683,-0.0754652831,0.218379915,0.0425807051,0.00536942203
105637.382444,-0.159956096,0.0531136044,0.115254857,0.205438554,0.00522134872,-0.0192847922
105637.392471,-0.252824897,0.27890009,0.408828054,0.162331298,-0.0193074308,-0.0624317266
105637.402499,-0.285142637,0.290536021,0.50556818,0.0904717594,-0.029717993,-0.11906758
105637.412526,-0.365187065,0.261755332,0.459173509,0.0383417085,-0.0275573712,-0.163714141
105637.422554,-0.416342448,0.132612235,0.132231126,0.007645051,-0.0429107621,-0.187558487
105637.432581,-0.338999498,0.292135857,0.0600987871,-0.0279044211,-0.0730566755,-0.221988097
105637.442608,-0.25445732,0.294923004,-0.220010532,-0.0163995642,-0.122255385,-0.237346292
105637.452636,-0.195968234,0.14919629,-0.391620898,-0.0177266169,-0.157265827,-0.247847393
105637.462663,-0.176270503,0.156529701,-0.516944145,-0.0299132429,-0.208999336,-0.272496015
105637.472690,-0.11178561,0.148632665,-0.848778391,-0.0552260578,-0.282773942,-0.281140625
105637.482718,-0.0635725642,0.0572727699,-1.02350718,-0.0853671804,-0.332335889,-0.27103126
105637.492745,0.0101534375,-0.0253945535,-1.08776601,-0.0896372944,-0.356560022,-0.232508123
105637.502772,0.181359442,-0.135268594,-1.29756027,-0.0424833633,-0.366100252,-0.163992971
105637.512800,0.446543598,-0.241835995,-1.35768478,0.0252256431,-0.3501378,-0.089607954
105637.522827,0.570648555,-0.292163622,-1.13882809,0.0691595376,-0.302846521,-0.0309873149
105637.532855,0.486850328,-0.342371568,-0.847865368,0.083282277,-0.225063309,0.00678642746
105637.542882,0.312429873,-0.465785182,-0.528434092,0.0871513188,-0.149154425,0.0305458196
105637.552909,0.112213243,-0.548013822,-0.167068047,0.0637357384,-0.0819085538,0.0367360711
105637.562937,-0.142103464,-0.528731321,0.204605458,0.0398815461,-0.0373900831,0.0220508687
105637.572964,-0.321511516,-0.520556929,0.291595759,0.0327591859,0.000549842021,-0.00537276734
105637.582991,-0.444529628,-0.572252483,0.64198799,-0.0109139942,0.0688521937,-0.0272857882
105637.593019,-0.572034456,-0.493461563,0.859224381,-0.0291617066,0.133647978,-0.0486459397
105637.603046,-0.429184394,-0.483051666,0.567615179,0.00959980302,0.166588083,-0.0629045069
105637.613074,-0.287920431,-0.385550492,0.456508089,0.0332337618,0.175022587,-0.0647050664
105637.623101,-0.298540555,-0.151911832,0.405070747,0.0594339408,0.158507526,-0.0673152357
105637.633128,-0.308428893,0.236022779,0.419177014,0.042903699,0.143231094,-0.0800217092
105637.643156,-0.279047572,0.55632733,0.516011833,-0.0361825973,0.11236985,-0.100516595
105637.653183,-0.223911704,0.918871187,0.405998968,-0.160526395,0.0710634217,-0.104780853
105637.663211,-0.149545395,0.984014398,0.466963432,-0.250735104,0.0365757532,-0.0915079191
105637.673238,-0.200306044,0.973031232,0.547011951,-0.321834862,0.0203158241,-0.0734490231
105637.683265,-0.268650973,0.683844141,0.740322692,-0.330731958,0.0154249286,-0.0686659887
105637.693293,-0.383033468,0.381847838,0.860513837,-0.305866003,0.014529041,-0.072224237
105637.703320,-0.359857833,-0.0377586528,1.15117553,-0.265430182,0.0258059297,-0.0700361878
105637.713347,-0.35567324,-0.512234068,1.08443365,-0.16113013,0.0468012281,-0.0719517991
105637.723375,-0.269114791,-0.804550396,0.693457481,-0.00972116366,0.061858207,-0.0783886537
105637.733402,-0.0431026807,-0.9085497,0.55837681,0.0811283141,0.0763764232,-0.0857941061
105637.743430,-0.0162497816,-0.795486507,0.592527501,0.0661584213,0.089539364,-0.0852915719
105637.753457,0.104894663,-0.503020687,0.562540944,-0.046526581,0.0681440607,-0.0777939707
105637.763484,0.259707533,-0.216024239,0.251131647,-0.140852287,0.0211280882,-0.062733002
105637.773512,0.298611191,-0.0727281132,-0.243112006,-0.179569855,-0.0307548158,-0.0293124542
105637.783539,0.371784052,0.12010069,-0.360967986,-0.174790815,-0.0578420945,0.01695491
105637.793567,0.451700104,0.354959831,-0.226045721,-0.145990059,-0.0336291678,0.0966278985
105637.803594,0.631747751,0.514956624,0.117425187,-0.136610404,0.0204657596,0.179880977
105637.813621,0.70356854,0.551295181,0.130688573,-0.0925433412,0.056757722,0.247063473
105637.823649,0.786957675,0.36363779,0.115149059,-0.0136842141,0.0790382549,0.315200984
105637.833676,0.70276285,0.044042117,0.14159166,0.0575950257,0.0885633156,0.366843134
105637.843704,0.565546117,-0.256170371,0.20000527,0.0929322392,0.108551674,0.398198128
105637.853731,0.392890553,-0.497482635,0.244405553,0.0943394527,0.146360308,0.404933542
105637.863758,0.213878605,-0.543730591,0.260695009,0.0440267548,0.170900539,0.385827482
105637.873786,0.170233671,-0.446102138,-0.0204752173,0.0109769236,0.181612581,0.350679606
105637.883813,0.188172903,-0.335149654,-0.191201786,0.0160992481,0.196039453,0.338305771
105637.893841,0.146947451,-0.188068895,-0.167934308,0.0385153443,0.235633463,0.346338928
105637.903868,-0.0284615764,-0.00229161807,0.0655067837,0.0541475639,0.30437389,0.364356548
105637.913895,-0.0798764141,0.0356108271,0.181695122,0.0844719112,0.36429581,0.387657613
105637.923923,-0.0576670665,-0.0621517741,0.27284605,0.127273977,0.395625234,0.409089386
105637.933950,0.00495933944,-0.28191783,0.362613415,0.178177893,0.397616506,0.405501306
105637.943978,0.038091538,-0.478326976,0.306511004,0.230056003,0.356572121,0.358671755
105637.954005,0.0403475002,-0.515449084,0.31597266,0.242075652,0.308290333,0.287005842
105637.964032,0.0696048666,-0.443772672,0.581359042,0.180563822,0.278622717,0.21471858
105637.974060,0.0651614043,-0.362827788,0.493996985,0.121799842,0.248114109,0.147307053
105637.984087,0.113122375,-0.252214035,0.243354583,0.0772827119,0.227576345,0.0857448876
105637.994115,0.111948217,-0.139576228,0.37634325,0.0327759646,0.224594131,0.0331850126
105638.004142,0.0473084983,-0.279603562,0.248242355,0.0442957319,0.220481411,-0.00469712354
105638.014169,0.108634635,-0.359252122,0.0273404269,0.105257884,0.199715152,-0.0369866192
105638.024197,0.22131007,-0.35687078,0.132314129,0.118983813,0.179189369,-0.0745086968
105638.034224,0.117472533,-0.212904061,0.569605476,0.0694104061,0.157605246,-0.132942185
105638.044252,-0.0282602451,-0.0925285,0.751881028,0.0312116202,0.118398711,-0.193013236
105638.054279,-0.00928710298,-0.0475381424,0.836309954,0.0173788965,0.0620443635,-0.231193647
105638.064307,0.0446337262,-0.0363498089,0.688017335,0.0784313306,0.00443379628,-0.241315782
105638.074334,0.0013926234,0.0152454999,0.626443215,0.119871713,-0.0370326862,-0.24185136
105638.084361,0.0313934286,0.132228496,0.413560927,0.115712658,-0.061375577,-0.256084353
105638.094389,0.242134247,0.248337486,0.194745743,0.0493312404,-0.0670875311,-0.273422331
105638.104416,0.469894663,0.318618937,-0.106214642,-0.0105736423,-0.045216579,-0.286305904
105638.114444,0.576988718,0.281802095,-0.522774166,-0.0408785492,-0.00655680383,-0.269850492
105638.124471,0.667760949,0.155890527,-0.868686622,-0.0116311833,0.0568951406,-0.223317087
105638.134499,0.804810947,-0.00146831899,-1.05503805,0.031794589,0.125240102,-0.16371873
105638.144526,0.882753068,-0.0034599312,-1.26386726,0.0806779712,0.156059012,-0.110771634
105638.154553,0.968217183,0.118294809,-1.3322569,0.119028293,0.165554777,-0.063128747
105638.164581,0.985646164,0.0674357059,-1.30747142,0.186867788,0.150373966,-0.00988016743
105638.174608,0.908343656,0.00504310873,-1.58613522,0.250238508,0.0960838199,0.0300150514
105638.184636,0.710241735,0.149356741,-1.24605863,0.170599341,0.0593132898,0.0278927796
105638.194663,0.392224344,0.222705032,-0.789632959,0.042337779,0.0406080447,0.00648815325
105638.204690,0.229834226,0.124905533,-0.857419378,-0.0208371989,0.00596378185,-0.00365209859
105638.214718,0.320115824,0.141505151,-0.878269858,-0.0390878394,-0.0416580662,0.0051291422
105638.224745,0.323561873,0.139650317,-0.826429781,-0.0182494055,-0.0858327225,0.0268530808
105638.234773,0.247618378,0.153742409,-0.847667215,0.0322907381,-0.128636375,0.0560328029
105638.244800,0.268185511,0.26109453,-0.599895984,0.0407963395,-0.156405151,0.0735465437
105638.254828,0.188349758,0.414129448,-0.251385914,-0.0153492223,-0.178553328,0.0711196065
105638.264855,0.123898694,0.49718862,-0.121062667,-0.0558324642,-0.197714776,0.0588051528
105638.274882,0.135789696,0.504028111,0.0942681832,-0.0796368644,-0.205595329,0.0529949367
105638.284910,0.0965873469,0.458411877,0.302248086,-0.061995551,-0.216619492,0.0506905019
105638.294937,-0.0230024707,0.471080219,0.560439003,-0.0642374009,-0.188858956,0.0260634534
105638.304965,-0.179574769,0.510264229,1.1062445,-0.110379599,-0.125112474,-0.00245420914
105638.314992,-0.252249545,0.460764358,1.11291857,-0.148122713,-0.0665929765,-0.0298959538
105638.325020,-0.199257082,0.460920791,1.04726507,-0.192812949,-0.010631972,-0.0502124093
105638.335047,-0.104543128,0.445130516,1.05356973,-0.240582079,0.0370745622,-0.0444490612
105638.345075,-0.0230023977,0.325973099,0.804121503,-0.239267811,0.0686679035,-0.027988065
105638.355102,-0.0854115806,0.273998874,0.767053463,-0.233402729,0.100524642,-0.0195280015
105638.365129,-0.150841427,0.180641522,0.83769118,-0.222748756,0.118926547,-0.017834764
105638.375157,-0.185054954,0.0725545102,0.695960988,-0.197731823,0.129523546,-0.0313524343
105638.385184,-0.193353484,-0.105868459,0.56501581,-0.162995666,0.119742274,-0.0340257175
105638.395212,-0.14152992,-0.213214296,0.392961791,-0.139601931,0.0950246751,-0.0368694402
105638.405239,0.0230177414,-0.12727102,0.131717332,-0.110587858,0.0297649857,-0.054418873
105638.415267,0.269438726,-0.0800474963,-0.00769464616,-0.154947072,-0.0433843248,-0.0477156974
105638.425294,0.449466573,0.16537381,0.115500356,-0.219187841,-0.100224175,-0.0447598547
105638.435322,0.589292173,0.231596487,0.0774976657,-0.247079924,-0.14129518,-0.0206894055
105638.445349,0.624395781,0.0344711555,-0.0526753591,-0.219280779,-0.180399969,0.015383644
105638.455376,0.561708877,-0.170910986,-0.170789113,-0.162000716,-0.218380377,0.0434666798
105638.465404,0.383708006,-0.31974721,-0.224198047,-0.118387461,-0.242083043,0.0532527305
105638.475431,0.133281366,-0.471868301,-0.163635734,-0.0956099778,-0.25394851,0.0498263054
105638.485459,-0.117325015,-0.571230739,-0.125146137,-0.0947295353,-0.229843944,0.0531920083
105638.495486,-0.182511992,-0.592369096,-0.100013449,-0.0711813271,-0.184371263,0.0987858549
105638.505514,-0.0338873643,-0.586875029,-0.381951153,-0.0159747992,-0.135639951,0.174626023
105638.515541,0.119616852,-0.509495875,-0.605267156,0.0414821059,-0.111518644,0.265826762
105638.525569,0.248999238,-0.448749291,-0.842820944,0.106653333,-0.100378796,0.340172201
105638.535596,0.258630916,-0.377867975,-0.59683309,0.130774111,-0.0764598846,0.389307797
105638.545623,0.130076725,-0.3250044,-0.311578224,0.156485602,-0.0581900664,0.413358808
105638.555651,0.110927715,-0.274460646,-0.0412403574,0.161170632,-0.0276201721,0.41124931
105638.565678,0.0688620854,-0.223848357,0.203310742,0.161569312,0.00867951289,0.375998378
105638.575706,-0.0362612538,-0.0817570767,0.563851442,0.11997366,0.0905448198,0.321347117
105638.585733,-0.103530809,-0.148773242,0.6604922,0.14422521,0.164719447,0.274760157
105638.595761,-0.0871427883,-0.198374601,0.340440746,0.192028955,0.223880768,0.21816133
105638.605788,-0.171693368,0.0491059762,0.756798026,0.139413401,0.285405129,0.130248785
105638.615816,-0.335255672,0.153219554,0.757315913,0.0520508066,0.314171255,0.0189273171
105638.625843,-0.285526376,0.0621356998,0.408933852,-0.0204545539,0.315936148,-0.0756756216
105638.635871,-0.110675274,-0.016245763,0.351831909,-0.0474334396,0.309387445,-0.13211067
105638.645898,-0.0181109724,-0.102415542,0.0924251857,0.0099643385,0.273787886,-0.164881662
105638.655925,-0.0279071939,0.0149279584,0.0422463196,0.0524026081,0.232171729,-0.189672232
105638.665953,-0.0835774971,0.136793027,0.372771236,0.0459239371,0.192106068,-0.218450353
105638.675980,-0.219704535,0.229767372,0.284611307,0.0415760614,0.142107084,-0.247365877
105638.686008,-0.177033341,0.11727628,0.0909416692,0.039747268,0.0830938295,-0.272523165
105638.696035,-0.212193209,-0.0251931857,0.0666471859,0.0323889516,0.0430422798,-0.306182861
105638.706063,-0.367726374,-0.155697342,0.089549338,0.0129012717,0.021965757,-0.365478396
105638.716090,-0.378239,-0.281889773,0.00669219112,0.0211064722,0.00848084129,-0.430330902
105638.726118,-0.279661795,-0.2877819,0.0934808323,0.0190822035,-0.000115043484,-0.48374778
105638.736145,-0.27710305,-0.0669677961,0.523629322,-0.0193370916,0.00852584932,-0.527050555
105638.746173,-0.396652463,0.00922550898,0.579048427,-0.0482028276,0.000979515724,-0.550429881
105638.756200,-0.268361964,0.00888809372,0.38331192,-0.02372678,-0.00278779189,-0.559633493
105638.766228,0.0245414438,-0.10303455,0.321594591,0.0282109864,-0.012072104,-0.547763526
105638.776255,0.102081268,0.019112989,0.258859611,0.0654851198,-0.0156434029,-0.549671173
105638.786283,0.179252624,-0.0231602186,0.170305713,0.105668224,-0.0398837626,-0.531879663
105638.796310,0.350560647,-0.0316651582,-0.261370717,0.175461426,-0.0748979375,-0.513998687
105638.806337,0.389388098,-0.0178442842,-0.529966124,0.254419357,-0.120195113,-0.48047477
105638.816365,0.293386369,-0.0735302234,-0.726330992,0.282887489,-0.189250082,-0.418439627
105638.826392,0.17100166,-0.110982002,-1.05404319,0.298673928,-0.277137846,-0.357045233
105638.836420,0.137720225,-0.068135817,-1.55266023,0.28158015,-0.387189507,-0.314914823
105638.846447,0.206630315,0.118948743,-1.47339088,0.181153402,-0.47674948,-0.293848157
105638.856475,0.18816483,0.353167103,-1.37417823,0.0658046976,-0.562006891,-0.290083498
105638.866502,0.265145303,0.417111898,-1.24256611,-0.0648593009,-0.637508333,-0.293300599
105638.876530,0.414587384,0.422291785,-0.914692586,-0.162991464,-0.670925379,-0.273819059
105638.886557,0.527869845,0.149596833,-0.573003301,-0.172525838,-0.645361722,-0.214056939
105638.896585,0.571068936,-0.20125644,-0.28830607,-0.112972505,-0.573118925,-0.131285891
105638.906612,0.373997892,-0.420592287,0.182458508,-0.0578674413,-0.464975655,-0.076110512
105638.916640,-0.0526402696,-0.322598508,0.634663931,-0.0211211424,-0.348702312,-0.0625598207
105638.926667,-0.347157852,-0.346585094,0.801713857,0.014126326,-0.251097977,-0.0657050088
105638.936695,-0.538982264,-0.283783916,0.869927562,0.014326063,-0.166521072,-0.102956511
105638.946722,-0.600143895,-0.0251566531,0.829562818,0.0114794103,-0.109444462,-0.159793958
105638.956750,-0.353005373,0.142068338,0.420283514,-0.00697256718,-0.0871476829,-0.215714753
105638.966777,0.000369107307,0.455634959,0.312270298,-0.0900815651,-0.0721452981,-0.270447224
105638.976805,0.221382716,0.760949301,0.359869669,-0.190644667,-0.0414438397,-0.294005007
105638.986832,0.424485495,0.77012571,0.218584883,-0.210934222,0.00809095427,-0.263583452
105638.996860,0.714906877,0.778753691,0.375611428,-0.205909371,0.0666522682,-0.20807761
105639.006887,0.84206428,0.672224577,0.639171179,-0.165035173,0.123802908,-0.14946489
105639.016915,0.640884559,0.43756768,0.729537679,-0.0941239819,0.162879467,-0.103873968
105639.026942,0.306066037,0.211005972,0.93740886,-0.0662049949,0.199591145,-0.0850805715
105639.036970,-0.0262204647,-0.011199001,1.02806002,-0.0882935226,0.219096929,-0.107583217
105639.046997,-0.316241467,-0.09583704,0.942749052,-0.150789127,0.202118754,-0.161290392
105639.057025,-0.321095227,-0.192473268,0.379362305,-0.175502196,0.129621387,-0.199983731
105639.067052,-0.0553036983,-0.247871183,-0.134108026,-0.187854737,0.0486008301,-0.207905293
105639.077080,0.305409527,-0.216642079,-0.243466811,-0.156678706,-0.00931573287,-0.163202271
105639.087107,0.662176134,-0.335324572,-0.648355187,-0.0430954173,-0.0819968581,-0.061701484
105639.097134,0.809284293,-0.372330799,-0.94854634,0.0905750245,-0.155777872,0.0440329351
105639.107162,0.877578807,-0.287082519,-0.540181228,0.140373215,-0.221420273,0.125352293
105639.117189,0.772480968,-0.0709200409,-0.16475977,0.134849012,-0.291782826,0.158823431
105639.127217,0.468363142,0.210290225,0.163202019,0.0915012732,-0.362936109,0.156299025
105639.137244,0.224011,0.395341672,0.366847692,0.0401896201,-0.408000797,0.158808261
105639.147272,-0.00695377379,0.42620662,0.226271346,0.0136421639,-0.442939579,0.172745109
105639.157299,-0.312880941,0.516777264,0.107230541,-0.0206668079,-0.444192886,0.183670998
105639.167327,-0.524075823,0.716348819,0.290453019,-0.063360475,-0.385456324,0.177014157
105639.177354,-0.597239332,0.707716892,0.347156903,-0.0616493933,-0.292787373,0.198859006
105639.187382,-0.584678395,0.445973835,-0.0657616352,0.0114996508,-0.197369263,0.269629329
105639.197409,-0.491678844,0.321271205,-0.167188458,0.0786637738,-0.104563154,0.372137845
105639.207437,-0.513961476,0.146105338,-0.434746339,0.148058832,-0.0357273668,0.465619057
105639.217465,-0.423161663,0.0418105585,-0.72404668,0.193434834,0.0155584579,0.543571651
105639.227492,-0.147236634,0.0306282164,-0.816250917,0.199294046,0.0455294065,0.598418891
105639.237519,-0.0326142848,-0.0147777363,-0.791934806,0.17178227,0.0645270646,0.634054661
105639.247547,-0.0487905536,0.184293176,-0.3497212,0.109455772,0.10576345,0.632225335
105639.257574,-0.217973072,0.339079687,0.258164614,0.0381951779,0.192920998,0.620618224
105639.267602,-0.425749743,0.353000952,0.594224369,-0.0159793776,0.300845593,0.600681007
105639.277630,-0.454909385,0.317111308,0.941117067,-0.0260977931,0.43337515,0.590319932
105639.287657,-0.50114313,0.176438079,1.00251934,0.0186025668,0.551207781,0.58413291
105639.297684,-0.504165181,0.0623337066,0.878010915,0.0765542835,0.623592496,0.554852784
105639.307712,-0.455682452,0.0107706926,0.758989983,0.113635607,0.65754962,0.500789285
105639.317740,-0.46456828,-0.159229754,0.627241087,0.162024707,0.663283408,0.440147787
105639.327767,-0.532313344,-0.262973476,0.402863008,0.215148643,0.651026785,0.359951228
105639.337795,-0.615765023,-0.265467484,0.358783628,0.190850496,0.608653188,0.257652819
105639.347822,-0.740906118,-0.0817374952,0.321381241,0.112429194,0.530561566,0.138834015
105639.357850,-0.752260894,0.183103236,0.187350956,0.0234993212,0.428792387,0.0231793206
105639.367877,-0.677461893,0.40641807,-0.00589431874,-0.0315828398,0.354646534,-0.0680736303
105639.377905,-0.627622707,0.523935173,-0.23423195,-0.0580842197,0.296566188,-0.129482657
105639.387932,-0.652789589,0.539331333,-0.432990435,-0.0739340261,0.245708838,-0.179070979
105639.397960,-0.803597187,0.513294244,-0.388215474,-0.0807349384,0.221276462,-0.225278959
105639.407987,-0.855784251,0.3397212,-0.166553667,-0.0966446623,0.228180438,-0.251578718
105639.418015,-0.754236432,0.305736512,0.124000474,-0.113892891,0.239125505,-0.278450549
105639.428042,-0.503387256,0.280311418,0.26953941,-0.151106834,0.236790717,-0.293984234
105639.438070,-0.0994540614,0.13317776,0.358390829,-0.145039886,0.234176025,-0.29789561
105639.448097,0.155010967,0.0264621827,0.372092022,-0.0836015642,0.2260153,-0.282044232
105639.458125,0.3020644,-0.147900551,0.412447413,-0.0295774788,0.211157247,-0.266828001
105639.468152,0.436883789,-0.205346778,0.517397149,0.00834167376,0.18409048,-0.288070172
105639.478180,0.505087776,-0.334956762,0.386969273,0.0254306458,0.123683594,-0.298499882
105639.488207,0.558212779,-0.51864145,0.171404614,0.0569113418,0.050478626,-0.308736295
105639.498235,0.657820862,-0.573365559,-0.0521077884,0.115891568,-0.0311933346,-0.30314818
105639.508262,0.686839085,-0.59821563,-0.258797651,0.123191029,-0.11412257,-0.322011888
105639.518290,0.43647667,-0.499305905,-0.224015092,0.0459729396,-0.183638796,-0.340337098
105639.528317,0.187112763,-0.459789302,-0.614165917,0.000715143397,-0.244879156,-0.34186542
105639.538345,0.253972788,-0.207901138,-1.09353173,-0.0119212894,-0.317935258,-0.298849523
105639.548373,0.472540428,-0.150352328,-1.62805128,0.00651018182,-0.432223231,-0.220395744
105639.558400,0.553816882,0.137762457,-1.8381378,0.0104079843,-0.535309136,-0.151813477
105639.568428,0.477949448,0.406277639,-1.27780401,-0.0529384948,-0.57982415,-0.0724851042
105639.578455,0.421806303,0.404040966,-0.808573222,-0.0715276301,-0.580998063,0.031876184
105639.588483,0.394804095,0.0857503841,-0.801351454,-0.0212487467,-0.57078588,0.14705497
105639.598510,0.314501236,-0.135894179,-0.656996174,0.0496193022,-0.563982308,0.228983924
105639.608538,0.15910284,-0.282133372,-0.349117974,0.0860689208,-0.552691579,0.261320055
105639.618565,-0.0931600393,-0.419619643,-0.0476350269,0.0856433436,-0.537580788,0.261426568
105639.628593,-0.231371921,-0.419283543,0.196067347,0.0446690209,-0.481094629,0.234002128
105639.638620,-0.314258805,-0.207111741,0.69527359,-0.0514612421,-0.397610664,0.184088618
105639.648648,-0.308039638,0.00117138187,0.847984026,-0.118916184,-0.324349225,0.13279134
105639.658675,-0.230946407,0.161070414,0.823968944,-0.149227217,-0.259364098,0.0940229148
105639.668703,-0.215408884,0.398734091,0.968005074,-0.149395257,-0.199443236,0.081920445
105639.678730,-0.145999485,0.648602732,1.18111006,-0.157846525,-0.136814207,0.0796186775
105639.688758,-0.0657430401,0.898403276,1.37898183,-0.1821343,-0.06882824,0.0798050985
105639.698786,0.20183013,1.00918406,1.40090608,-0.144485459,-0.00171045179,0.0900944844
105639.708813,0.406044633,1.01136827,1.30166946,-0.0607178546,0.0530478656,0.107748583
105639.718841,0.503295486,0.78596976,1.44220781,-0.0235236175,0.117847905,0.125431702
105639.728868,0.503500653,0.533450312,1.56385383,-0.0204484668,0.175836101,0.110342495
105639.738896,0.399320951,0.338304465,1.56596804,-0.0616968349,0.220662698,0.0674435049
105639.748923,0.31666583,0.107075935,1.52148651,-0.106905065,0.255690455,0.0192690492
105639.758951,0.33256899,-0.00389510774,1.30607851,-0.130874842,0.281664789,-0.0173278451
105639.768978,0.427176634,-0.136105922,1.22187871,-0.141450778,0.307958454,-0.0364567973
105639.779006,0.449498137,-0.317753113,1.10048228,-0.11210382,0.334953845,-0.0211737156
105639.789033,0.558373413,-0.542896771,0.703618809,0.0125121484,0.34033078,0.0225053206
105639.799061,0.708764648,-0.485952941,0.234569219,0.159248859,0.300188154,0.063023448
105639.809089,0.757883483,-0.200424373,0.354669762,0.199793622,0.252920508,0.0651020557
105639.819116,0.567574554,0.0710761082,0.619682635,0.115703508,0.223767936,0.0389700457
105639.829144,0.277036378,0.217532744,0.750255473,-0.0437367409,0.221199855,-0.00307833496
105639.839171,0.179536446,0.185367381,0.723782476,-0.177662849,0.232040256,-0.0251082703
105639.849199,0.249251897,0.0755235891,0.402217696,-0.234990582,0.228902251,-0.0237418003
105639.859226,0.36943442,-0.0427563149,0.128117261,-0.191295564,0.195570931,0.00503738178
105639.869254,0.468477051,-0.216317523,-0.108639823,-0.0798662528,0.133305162,0.0469331667
105639.879281,0.455459128,-0.440136946,-0.108835638,0.0451145656,0.0577664562,0.0861663222
105639.889309,0.333118769,-0.767926592,-0.0489770891,0.115942933,-0.00453526666,0.121827915
105639.899336,-0.0325853418,-0.994642321,0.15967969,0.105146207,-0.0488907471,0.14064607
105639.909364,-0.262017307,-1.05268257,0.184513102,0.0791175365,-0.0928800404,0.135134131
105639.919392,-0.150557276,-1.04160223,0.0497311224,0.0792435035,-0.143987969,0.117223844
105639.929419,0.0448940211,-0.978901293,-0.0321206469,0.104443401,-0.174026832,0.103683531
105639.939447,0.134134841,-0.879539001,-0.159240714,0.139095932,-0.168699443,0.108798131
105639.949474,0.190789918,-0.643330345,-0.2137164,0.159837961,-0.118793666,0.131674409
105639.959502,0.210069788,-0.448074461,-0.115192898,0.176435575,-0.0116243353,0.182611629
105639.969529,0.14116105,-0.393153369,0.0456926606,0.208216667,0.126952723,0.243827581
105639.979557,-0.00676982293,-0.373226141,0.307305369,0.25432983,0.268938094,0.293012738
105639.989585,-0.0361073784,-0.297963394,0.596192454,0.298925549,0.399702489,0.308955729
105639.999612,-0.0541678627,-0.354816624,0.682927903,0.350269943,0.487914383,0.30971843
105640.009640,-0.000978416578,-0.468512999,0.4971686,0.413006306,0.521406293,0.297591746
105640.019667,0.147180712,-0.418903019,0.272846635,0.458743155,0.508128583,0.274005175
105640.029695,0.226812321,-0.2449051,0.0216758252,0.479924619,0.452722311,0.239822462
105640.039722,0.238209037,-0.0488587965,-0.25112697,0.457947671,0.388138235,0.187184289
105640.049750,0.2375977,0.113322793,-0.37023558,0.381267279,0.331465364,0.126034111
105640.059777,0.208796699,0.266466213,-0.52026306,0.302829742,0.284064054,0.0662818253
105640.069805,0.181169564,0.332320787,-0.702131201,0.271571934,0.248133466,0.0225037225
105640.079833,0.103694841,0.383205537,-0.776798612,0.279078603,0.217298061,-0.012339212
105640.089860,-0.0374064053,0.595525514,-0.675846421,0.264312953,0.181181595,-0.0579746068
105640.099888,-0.231846881,0.778617644,-0.455008206,0.209881678,0.14612402,-0.127867669
105640.109915,-0.461670659,0.968470865,-0.275349558,0.122004285,0.122326277,-0.19816047
105640.119943,-0.584112724,1.05742976,-0.269767373,0.0561704151,0.0967873558,-0.244667515
105640.129970,-0.588809723,1.03983755,-0.220891991,-0.0213235803,0.0993634313,-0.272655725
105640.139998,-0.544298966,0.887532777,-0.27563948,-0.0769394413,0.124640562,-0.285793126
105640.150026,-0.394045495,0.654108417,-0.41888826,-0.0924475566,0.157054961,-0.285841882
105640.160053,-0.234799813,0.446626162,-0.648599517,-0.0616680719,0.152690038,-0.27601397
105640.170081,-0.0614674451,0.329364276,-0.824563402,-0.053829059,0.112854473,-0.270422935
105640.180108,0.0473866051,0.329697453,-0.759485658,-0.0948944688,0.0611904822,-0.27600044
105640.190136,0.0960466642,0.158827019,-1.01444826,-0.117401913,-0.0196588244,-0.286394715
105640.200163,0.142578406,-0.0175237471,-1.35833535,-0.135421649,-0.0929277167,-0.297404766
105640.210191,0.0164841749,-0.0328993762,-1.08453419,-0.178946227,-0.113195434,-0.297364295
105640.220219,-0.0301896788,-0.139124247,-0.889329597,-0.188647851,-0.106616095,-0.257672787
105640.230246,0.00596183101,-0.233404486,-0.942143488,-0.143051609,-0.100927055,-0.206275657
105640.240274,0.104702045,-0.401205815,-1.0511615,-0.056182228,-0.110117085,-0.137492597
105640.250301,0.153891096,-0.731383891,-1.25773212,0.0688089728,-0.129446849,-0.0517699756
105640.260329,0.0478690548,-1.07790498,-1.28728321,0.174202517,-0.166321233,0.0298700277
105640.270357,-0.0568527179,-1.20500927,-1.31349843,0.240159154,-0.233778313,0.0819625258
105640.280384,-0.1859728,-1.18539929,-1.37036013,0.273759454,-0.334921718,0.0967800841
105640.290412,-0.423047206,-0.880189793,-1.14723468,0.248196587,-0.414615482,0.0935022682
105640.300439,-0.546906518,-0.520952504,-0.681816143,0.19776243,-0.449766785,0.0908870399
105640.310467,-0.581036897,-0.129732003,-0.445076594,0.141895711,-0.444556057,0.0914652124
105640.320494,-0.511941587,0.202758734,-0.337854237,0.0834742039,-0.431925207,0.0856557935
105640.330522,-0.518911573,0.71938826,0.142051679,-0.0134091973,-0.390693635,0.0703591257
105640.340550,-0.628890608,0.979732483,0.812877056,-0.114958465,-0.323517263,0.0575607754
105640.350577,-0.76670443,1.09725368,1.32726275,-0.232937828,-0.224437803,0.036037378
105640.360605,-0.755644691,0.98334892,1.72469029,-0.314620972,-0.112719797,0.0177688897
105640.370632,-0.613193127,0.690439594,1.58643625,-0.275650412,-0.00365296146,0.00460648211
105640.380660,-0.449188048,0.408576709,1.5450673,-0.191297174,0.105836779,0.0208403133
105640.390688,-0.351278878,0.231958525,1.73522922,-0.0902499184,0.224738136,0.0485153496
105640.400715,-0.354263666,0.0400603538,1.70224406,-0.0230130907,0.323746204,0.0827106014
105640.410743,-0.404108112,-0.0872806624,1.57944595,-0.0240384061,0.395307481,0.0939877629
105640.420770,-0.399766649,-0.0992379345,1.35388071,-0.0665136948,0.44227764,0.0889200345
105640.430798,-0.324836715,-0.100664899,1.03308749,-0.0814274028,0.463676423,0.0975742415
105640.440826,-0.17769312,-0.0949408949,0.654943918,-0.059312772,0.456742883,0.129292488
105640.450853,-0.0124749392,0.0503263118,0.435619614,-0.0384959094,0.424889058,0.151543468
105640.460881,0.157045323,0.211391026,0.291624401,-0.0573460273,0.373089254,0.148498669
105640.470908,0.480132856,0.206226264,0.196863465,-0.0625354648,0.286026776,0.145805955
105640.480936,0.762007431,0.204025539,-0.192076816,-0.0161394719,0.137659431,0.132403582
105640.490964,0.881466097,0.316890944,-0.24321196,-0.0163554531,-0.0190660059,0.0961489156
105640.500991,0.634298459,0.393631215,0.0752531016,-0.092221722,-0.153938606,0.0393333063
105640.511019,0.206790985,0.483853265,0.235845815,-0.204345852,-0.261528432,-0.0390967913
105640.521046,0.0506774633,0.573732785,0.339392114,-0.331955492,-0.330808192,-0.097211495
105640.531074,0.17687362,0.532737415,0.16689912,-0.385399997,-0.354843676,-0.105711475
105640.541102,0.318145839,0.381579762,-0.120171271,-0.329176128,-0.322985083,-0.0561010465
105640.551129,0.476674459,-0.00753054164,-0.317155732,-0.201784372,-0.241364241,0.0458623357
105640.561157,0.54856488,-0.477759113,-0.432685899,-0.0494715236,-0.162327215,0.163732231
105640.571184,0.349416372,-0.888912102,-0.580440758,0.0673648193,-0.110621668,0.253913552
105640.581212,0.0694866471,-1.09520697,-0.626436785,0.113639377,-0.110387579,0.287175089
105640.591240,0.00763093327,-1.13331488,-0.838975959,0.120400876,-0.179263055,0.266873032
105640.601267,0.0394100002,-0.913030864,-0.96985041,0.0878453255,-0.303190082,0.209620103
105640.611295,0.0940296252,-0.522393716,-1.16722066,0.0502958186,-0.440316767,0.149048895
105640.621322,0.228524605,-0.130867948,-1.15896779,0.00252536754,-0.524275839,0.111263715
105640.631350,0.168663061,0.281531096,-0.67781509,-0.066543445,-0.505012929,0.0883131251
105640.641378,0.0238872177,0.478910036,-0.138132459,-0.0986590385,-0.402833849,0.0978986397
105640.651405,0.0286428878,0.41085218,0.0335404506,-0.0669575706,-0.242468655,0.12994206
105640.661433,-0.0649635436,0.367788626,0.404066538,-0.0177370273,-0.03166987,0.160240561
105640.671460,-0.183472178,0.182030857,0.713863724,0.0273582805,0.179740921,0.20074299
105640.681488,-0.0574675618,-0.0967594886,0.551862314,0.0882197693,0.326873362,0.238649622
105640.691516,0.135763319,-0.250173469,0.5160697,0.129537106,0.420168698,0.26139304
105640.701543,0.287626125,-0.502223838,0.449585011,0.195123836,0.454865664,0.272062182
105640.711571,0.374294573,-0.567711186,0.388719332,0.241919577,0.461623192,0.257641703
105640.721599,0.313447014,-0.533036033,0.802977594,0.22727938,0.454179645,0.219828799
105640.731626,0.169138861,-0.531186751,0.931024712,0.223763213,0.424603105,0.175308466
105640.741654,0.109649073,-0.626272681,0.680220983,0.248890132,0.345656633,0.125454634
105640.751681,0.0181883484,-0.441135017,0.454411409,0.27450949,0.256085217,0.051972691
105640.761709,-0.190768802,-0.114107514,0.41047056,0.238197267,0.162295073,-0.0348562151
105640.771737,-0.427447487,0.294828896,0.277816824,0.154067218,0.102974229,-0.145339057
105640.781764,-0.5459867,0.734192227,0.241837164,0.0567968599,0.0756576583,-0.239647985
105640.791792,-0.413561439,0.899524389,0.0490039771,-0.00367447129,0.0602528639,-0.28527537
105640.801820,-0.336028483,0.946979822,-0.0350011708,-0.0412143916,0.0574464239,-0.312629223
105640.811847,-0.272442949,0.808399107,0.103747959,-0.0650366321,0.0692764595,-0.328257978
105640.821875,-0.153907682,0.472586825,0.139524791,-0.0359975249,0.0521283597,-0.328027636
105640.831902,0.0268768279,0.151514504,0.0175040925,0.00997928903,-0.00510536926,-0.336955875
105640.841930,0.255467849,0.0178661308,-0.00593991144,0.0326161571,-0.0812925473,-0.356602013
105640.851958,0.37392669,-0.0937250893,-0.211092482,0.0338332206,-0.16103372,-0.37446782
105640.861985,0.375242083,-0.151059088,-0.581049245,0.0181381498,-0.207479239,-0.381034136
105640.872013,0.246002978,-0.0749884594,-0.651781654,-0.0612765178,-0.200071394,-0.35255003
105640.882040,0.0324145153,-0.0095228845,-0.731371909,-0.12376599,-0.174703181,-0.293211311
105640.892068,-0.024807109,0.00524506105,-1.21261638,-0.118978158,-0.207300276,-0.225721508
105640.902096,-0.0707199883,-0.0077569708,-1.44034318,-0.0941457823,-0.286950648,-0.172610089
105640.912123,-0.223947725,-0.052267582,-1.32744395,-0.0845458806,-0.380351156,-0.137808695
105640.922151,-0.285610401,-0.178898258,-1.25600778,-0.071141392,-0.473550081,-0.115089536
105640.932179,-0.266491713,-0.219806899,-1.02284258,-0.108664803,-0.536625981,-0.110886797
105640.942206,-0.287455298,-0.277268981,-0.59702189,-0.150777638,-0.558209062,-0.106372476
105640.952234,-0.25759803,-0.48497372,-0.443308415,-0.153595537,-0.5548926,-0.0831289366
105640.962262,-0.105896552,-0.614131723,-0.262649066,-0.129265159,-0.534359396,-0.0458526723
105640.972289,0.0291322057,-0.629693814,-0.121214642,-0.083596468,-0.499974251,0.0016812901
105640.982317,0.0895049874,-0.520011497,0.0547556725,-0.0341719277,-0.456335157,0.053011857
105640.992344,0.191910811,-0.318049685,0.153014971,0.0241917819,-0.40632683,0.0987324715
105641.002372,0.300325374,-0.0212570884,0.485563503,0.0200878493,-0.338481218,0.130353779
105641.012400,0.355991147,0.200752582,0.881800955,-0.0163228884,-0.252769768,0.148116261
105641.022427,0.374020396,0.315096535,1.22099141,-0.0514036454,-0.149968281,0.155213848
105641.032455,0.379168244,0.419116516,1.77722302,-0.0875054523,-0.0143188424,0.156049013
105641.042483,0.344245874,0.443646781,2.01018773,-0.085443899,0.117759302,0.149895251
105641.052510,0.311533435,0.457843575,2.02664319,-0.0716074482,0.244792879,0.134604186
105641.062538,0.220290518,0.476267267,2.13783036,-0.0749374628,0.365906239,0.107540615
105641.072566,0.165306809,0.392293464,1.98326465,-0.0705211461,0.479415238,0.0783904493
105641.082593,0.262562301,0.270801466,1.56999423,-0.0414149277,0.559351623,0.0593371317
105641.092621,0.400207707,0.246391393,1.02787707,0.0170851368,0.593312263,0.0606364869
105641.102649,0.583303563,0.234572361,0.627223552,0.0588557497,0.582151711,0.0821068883
105641.112676,0.684446784,0.199627231,0.197732065,0.0907122195,0.532960474,0.0853897706
105641.122704,0.623935835,0.0654426324,-0.035888475,0.0679781437,0.456383944,0.0775390342
105641.132731,0.660745663,-0.100737891,-0.161118783,0.0491759591,0.365359485,0.0626050904
105641.142759,0.719045219,-0.208019577,-0.477408838,0.0628169402,0.241721466,0.0486362837
105641.152787,0.766624058,-0.186549577,-0.670609689,0.076052852,0.10288129,0.0249296203
105641.162814,0.797513118,-0.0281241977,-0.582325256,0.0367869325,-0.0373804867,-0.0061156461
105641.172842,0.675011577,0.0388026089,-0.358375631,-0.0289888829,-0.168770999,-0.0480306037
105641.182870,0.421302189,-0.026539778,-0.304916428,-0.0692766458,-0.290549099,-0.0904552937
105641.192897,0.170607546,-0.157543628,-0.571420416,-0.0489202477,-0.399190098,-0.133552432
105641.202925,-0.0854990397,-0.0402019543,-0.480641828,-0.0634027794,-0.471942604,-0.167060599
105641.212953,-0.318989852,0.133561206,-0.447370843,-0.102391988,-0.50157851,-0.19463709
105641.222980,-0.545754425,0.402895522,-0.427697005,-0.170731112,-0.493601561,-0.20169048
105641.233008,-0.510841554,0.3835553,-0.44708618,-0.174804673,-0.468938559,-0.161424279
105641.243036,-0.241038598,0.0201161747,-0.882814516,-0.0572649948,-0.476787955,-0.0791586936
105641.253063,-0.0478091413,-0.159899324,-0.928090997,0.0305338334,-0.484722316,-0.00252756942
105641.263091,-0.0894009425,-0.193035431,-0.497693501,0.0240644831,-0.48049587,0.0409503989
105641.273119,-0.10382223,-0.216388688,-0.302948928,-0.0370846279,-0.460549861,0.0365266241
105641.283146,0.0597496814,-0.131200907,-0.135951608,-0.100604475,-0.412771434,0.0243415944
105641.293174,0.191887814,-0.107925976,0.0162701668,-0.117643647,-0.347436905,0.0307611451
105641.303202,0.269254839,-0.076397011,0.167292503,-0.0986790136,-0.223697886,0.0512765422
105641.313229,0.276978894,-0.117231856,0.577426378,-0.0608027391,-0.0435584858,0.112902887
105641.323257,0.249374062,-0.266394244,0.743481449,0.0305892266,0.147939846,0.198886767
105641.333285,0.291271897,-0.255274592,0.829474555,0.13568528,0.317592233,0.265010148
105641.343312,0.303402297,-0.242033856,0.926519802,0.189298972,0.44049713,0.29607752
105641.353340,0.290548698,-0.328590953,0.895582228,0.218968987,0.521370113,0.291063309
105641.363367,0.353476205,-0.37046011,0.728808196,0.231057599,0.555264473,0.265731603
105641.373395,0.443854395,-0.349625412,0.444258263,0.257494271,0.538670301,0.237315372
105641.383423,0.476772549,-0.218621197,0.150787943,0.273309469,0.487457186,0.194052324
105641.393450,0.423162028,0.0170893742,0.123632225,0.233227283,0.43720147,0.136695027
105641.403478,0.292460413,0.203698061,0.045423196,0.191851079,0.386264771,0.0911557823
105641.413506,0.216885459,0.277891862,-0.190234987,0.177213818,0.328455538,0.0625632852
105641.423533,0.129956971,0.38584195,-0.322063962,0.140916526,0.275414169,0.0222747158
105641.433561,-0.084972897,0.489484183,-0.184600781,0.0857443586,0.249906152,-0.0269546136
105641.443589,-0.244479422,0.543887389,-0.128049457,0.0275452342,0.234790578,-0.0886970758
105641.453616,-0.34297326,0.559835558,-0.123771341,-0.0163729563,0.220561847,-0.144675925
105641.463644,-0.398901484,0.443675422,-0.132952426,-0.0451819673,0.197802737,-0.188917428
105641.473672,-0.393348891,0.299936667,-0.164862645,-0.0748980492,0.160978943,-0.241205677
105641.483699,-0.424828025,0.264769565,-0.211805014,-0.120761141,0.103126034,-0.297923535
105641.493727,-0.43416905,0.248443869,-0.144718268,-0.15052864,0.0404914096,-0.346310765
105641.503755,-0.453683241,0.191927032,-0.148930332,-0.161153853,-0.0160014275,-0.379254341
105641.513783,-0.42052083,0.147862776,-0.1521113,-0.165201321,-0.0631132722,-0.404134661
105641.523810,-0.266481484,0.0782728148,-0.212063957,-0.146480903,-0.114793248,-0.401580423
105641.533838,-0.101978173,0.0683579353,-0.443898198,-0.118985794,-0.158157185,-0.401923597
105641.543866,-0.0785683637,0.0949238707,-0.470911293,-0.122933663,-0.166406333,-0.398513943
105641.553893,-0.0315108444,0.0474069172,-0.643128977,-0.135339454,-0.157031998,-0.387387246
105641.563921,0.0806673818,-0.0128021984,-0.929706615,-0.126640782,-0.12969999,-0.355337709
105641.573949,0.228553685,-0.0509980005,-1.1550965,-0.105138689,-0.10685885,-0.294936687
105641.583976,0.310348682,-0.145531191,-1.50230309,-0.0781643242,-0.0994533971,-0.212696135
105641.594004,0.35533641,-0.173065679,-1.73152978,-0.0764290094,-0.101553567,-0.13605915
105641.604032,0.37713893,-0.0322948344,-1.6388778,-0.0924862772,-0.112091161,-0.0722985491
105641.614059,0.420371667,0.0452891944,-1.45477445,-0.0839766786,-0.124891907,0.00948179886
105641.624087,0.398964028,-0.0737023651,-1.21309744,-0.0249841977,-0.138909996,0.0949820504
105641.634115,0.342133704,-0.0597376987,-0.931415173,0.096154213,-0.153241798,0.162871882
105641.644142,0.257208227,-0.0943424175,-0.498884757,0.190733984,-0.172030926,0.223035097
105641.654170,0.0963375734,-0.295785247,-0.269034968,0.206964627,-0.203452229,0.239246279
105641.664198,-0.0301175269,-0.291452113,-0.157859489,0.134026498,-0.239866167,0.198788345
105641.674225,-0.0379041257,0.0557661648,0.132788176,-0.0271054041,-0.255077869,0.145550162
105641.684253,-0.152184512,0.102827922,0.452929646,-0.171860725,-0.209814265,0.134956896
105641.694281,-0.101163825,0.103139764,0.290664616,-0.200541094,-0.144825667,0.175673962
105641.704308,0.0463538645,0.215284673,0.169991825,-0.113384902,-0.0810000896,0.249944463
105641.714336,0.0107892877,0.238917185,0.706762952,-0.0387050696,0.00926402863,0.32529062
105641.724364,-0.0235342395,0.151933167,1.10047352,0.021715397,0.0734986737,0.372718602
105641.734391,0.0808758004,-0.0430861314,1.09185825,0.0440358818,0.0666008219,0.365285456
105641.744419,-0.063093512,-0.0492202502,1.12860656,0.0217534807,0.0256445985,0.300497383
105641.754447,-0.170674254,0.022292642,1.37496909,-0.033889275,-0.023985805,0.212511346
105641.764475,-0.158578414,-0.03950725,1.28061323,-0.0625568703,-0.0641880855,0.158228397
105641.774502,-0.244802882,-0.0956916402,1.3276006,-0.0805579796,-0.0568771772,0.150687397
105641.784530,-0.1616492,-0.0387836119,1.41782097,-0.0976312384,-0.0365647115,0.168894619
105641.794558,0.137852912,-0.168994777,1.23693015,-0.0610588454,-0.03666991,0.198270351
105641.804585,0.28643644,-0.258813579,1.01642745,0.0184562206,-0.0532185249,0.249260575
105641.814613,0.210761606,-0.279090498,1.03853875,0.0663300008,-0.0545945801,0.286151737
105641.824641,0.00633143151,-0.348048883,1.18109837,0.0247737709,-0.0288551282,0.300053984
105641.834668,-0.0307535232,-0.473525274,1.13697691,-0.0417852812,-0.0214283708,0.281288803
105641.844696,0.0812818604,-0.389987306,0.980315105,-0.0936876237,-0.0372547396,0.240934998
105641.854724,0.165225195,-0.314462109,0.895076616,-0.149217188,-0.0704081655,0.21837163
105641.864752,0.318076537,-0.373223949,0.570128623,-0.160621375,-0.111630432,0.199640825
105641.874779,0.353781801,-0.326985344,0.390247856,-0.166529074,-0.138971508,0.187367648
105641.884807,0.271405971,-0.242805425,0.583604775,-0.205624014,-0.128693044,0.17668198
105641.894835,0.111736255,-0.227232008,0.628531712,-0.242517039,-0.0981641635,0.166229337
105641.904862,0.0694836879,-0.152739954,0.31351533,-0.238313511,-0.0816397816,0.174556509
105641.914890,0.136897219,-0.0367078285,0.00167933139,-0.230687022,-0.103521377,0.205455571
105641.924918,0.0803112618,0.0422566948,-0.271620892,-0.245282739,-0.137258306,0.229642928
105641.934945,-0.0355364467,0.0822651724,-0.351631418,-0.280539274,-0.16800876,0.242373109
105641.944973,-0.0576758343,-0.034650896,-0.479843372,-0.287870973,-0.197150126,0.262265325
105641.955001,-0.0372747417,-0.266873259,-0.549753943,-0.271872818,-0.212755725,0.284370363
105641.965029,-0.0822184837,-0.281628784,-0.397243999,-0.273916513,-0.221531108,0.284271032
105641.975056,-0.0695332627,-0.313176307,-0.321246801,-0.283388853,-0.228288606,0.279872268
105641.985084,0.0131239412,-0.355710211,-0.385835885,-0.270957232,-0.229634568,0.282537311
105641.995112,0.105030912,-0.396117917,-0.476153869,-0.255594522,-0.225253403,0.29151535
105642.005139,0.0637328511,-0.285571676,-0.365097048,-0.272982568,-0.184180006,0.296756983
105642.015167,-0.0578841981,-0.301645152,-0.1227268,-0.276512831,-0.106982686,0.315296054
105642.025195,-0.239979133,-0.302749752,-0.0153086283,-0.253673583,0.00716199493,0.340743363
105642.035222,-0.319000008,-0.249565859,0.357921458,-0.227529302,0.161438122,0.378047317
105642.045250,-0.185499483,-0.379531817,0.329690804,-0.131338865,0.286933482,0.43265143
105642.055278,-0.0300077098,-0.487902759,-0.0256318694,0.00625042245,0.364580065,0.484815031
105642.065306,0.141074943,-0.379175112,0.0696031131,0.0644940212,0.42029953,0.510838091
105642.075333,0.0193488071,-0.157201463,0.167704006,0.0766388327,0.463047236,0.491577864
105642.085361,-0.0448735628,-0.177383397,0.264343595,0.0637725666,0.501829505,0.482857615
105642.095389,-0.0591497062,-0.466998211,0.179894795,0.132918358,0.528836906,0.469759375
105642.105416,-0.196565213,-0.603263707,0.24741701,0.140183195,0.540189922,0.441878498
105642.115444,-0.400807902,-0.609706015,0.597736761,0.11962758,0.540560663,0.352765113
105642.125472,-0.501684397,-0.501458407,0.491376573,0.140252441,0.505247414,0.255775452
105642.135500,-0.552742311,-0.442088957,0.221335059,0.196592137,0.451399654,0.160814866
105642.145527,-0.677635277,-0.269367707,0.189808286,0.25570631,0.408323824,0.0804875344
105642.155555,-0.727183882,0.0750166625,0.134143682,0.324730128,0.370581776,0.0238689929
105642.165583,-0.665445584,0.3026856,0.0805564687,0.35008049,0.327751994,-0.00735870004
105642.175611,-0.622411841,0.592551321,-0.0311187764,0.309730947,0.278692842,-0.0610482916
105642.185638,-0.581123479,0.805701173,-0.0922486601,0.219633013,0.210522577,-0.127533317
105642.195666,-0.321194778,0.856878111,-0.356929524,0.1539267,0.117382772,-0.184681013
105642.205694,-0.0239880477,0.767068806,-0.36044893,0.0980072394,0.0604422614,-0.221751958
105642.215721,-0.0143308693,0.595365794,-0.184541159,0.0577407777,0.0173067749,-0.246148378
105642.225749,0.0375412106,0.413973454,-0.372335768,0.0908654407,-0.0188594852,-0.266040057
105642.235777,0.116650111,0.330427009,-0.218438753,0.111192018,-0.0271736085,-0.281347901
105642.245805,0.10583178,0.260138837,0.0792985776,0.109644458,-0.017226968,-0.280069053
105642.255832,0.152321071,0.0109881347,-0.293174553,0.182176977,-0.0331998095,-0.257343501
105642.265860,0.111470736,-0.0979515479,-0.816677033,0.264922708,-0.0861437172,-0.247233361
105642.275888,-0.0207183784,-0.108032066,-1.16982938,0.326494187,-0.152592257,-0.254866779
105642.285915,-0.485315885,-0.210751121,-1.3411504,0.237741441,-0.205466643,-0.269316286
105642.295943,-0.900712722,-0.120693249,-1.29779349,0.0857242048,-0.227120548,-0.313396931
105642.305971,-1.12105738,-0.0417275564,-1.43025492,-0.0609328784,-0.24527292,-0.349324822
105642.315999,-1.04317744,-0.0568934152,-1.49934307,-0.165594041,-0.267179519,-0.352357358
105642.326026,-0.746663074,-0.026860096,-1.49709851,-0.197257161,-0.306160748,-0.341745198
105642.336054,-0.358442924,-0.0481732254,-1.46636376,-0.163897067,-0.33623904,-0.305336326
105642.346082,-0.0375410645,-0.114924895,-1.21600251,-0.0929778963,-0.345342785,-0.243818909
105642.356110,0.202267589,-0.224115629,-0.968729297,0.0142039526,-0.329485238,-0.157512516
105642.366137,0.327577027,-0.296157368,-0.683499566,0.0829989985,-0.290274739,-0.0690457672
105642.376165,0.194931913,-0.246856453,-0.167579503,0.0744893998,-0.212765574,-0.00435332302
105642.386193,-0.0671645608,-0.231536135,0.361920757,0.064902015,-0.0954309627,0.0516723953
105642.396221,-0.150671842,-0.397810254,0.401890948,0.119591624,0.0109596634,0.0982263163
105642.406248,-0.172654249,-0.346308031,0.597758972,0.141837016,0.0880070403,0.107862167
105642.416276,-0.185563269,-0.200412828,0.887105491,0.128742784,0.128971249,0.0692135692
105642.426304,-0.0855765619,-0.102985597,0.993440544,0.105339453,0.133807018,0.0223699007
105642.436331,0.000880436096,0.0294743702,1.10627431,0.0841619968,0.115116954,-0.00892969966
105642.446359,0.00160100546,0.117532154,1.44285838,0.0156095689,0.106900573,-0.0209504087
105642.456387,-0.0112386754,0.234592892,1.62673903,-0.0650408044,0.119077347,-0.037130177
105642.466415,0.179780959,0.30285102,1.65052673,-0.117292024,0.128869787,-0.0498640835
105642.476442,0.438324709,0.254247587,1.49328158,-0.121736839,0.121387899,-0.0405635238
105642.486470,0.654453504,0.0970375018,1.3198136,-0.0685745478,0.111858316,-0.0220257938
105642.496498,0.63187167,0.0758311938,1.34253572,-0.027757613,0.137058213,-0.0139913037
105642.506526,0.479454665,0.00170592714,1.52126556,-0.0148026645,0.208915889,-0.0052875597
105642.516553,0.502909921,-0.229825093,1.08957394,0.0473616384,0.266755223,0.0131748039
105642.526581,0.654864423,-0.400553562,0.426717931,0.132097036,0.296132565,0.0281731952
105642.536609,0.724018404,-0.451134287,0.236063257,0.13902697,0.306100845,0.0490936376
105642.546637,0.740314874,-0.620463264,0.11121698,0.186871186,0.301476806,0.0767186061
105642.556664,0.906406112,-0.584123684,-0.141546067,0.212417558,0.236239746,0.109790005
105642.566692,1.11610962,-0.340493938,0.0288940861,0.188839793,0.141416565,0.0967908502
105642.576720,1.2864073,0.0117398299,0.233859025,0.112244092,0.0229477081,0.0603870377
105642.586748,1.42090959,0.121293699,0.280852831,0.0209293533,-0.103009425,0.0230617691
105642.596775,1.1975355,0.205082428,0.473615875,-0.063650772,-0.189605564,-0.0019740751
105642.606803,0.859549156,0.159194975,0.678629329,-0.0815751776,-0.227458939,-0.0100474479
105642.616831,0.459526341,0.164499657,0.574589109,-0.0585026219,-0.240837604,-0.00904982816
105642.626859,0.112180564,0.193181416,0.382774159,-0.034683574,-0.222352326,-0.00891933311
105642.636886,-0.164888145,0.384009108,0.063486676,0.0123960525,-0.188731521,-0.0102264127
105642.646914,-0.312039704,0.610334815,-0.224764449,0.0726271719,-0.149907961,0.00531100156
105642.656942,-0.245238862,0.613413638,-0.63702423,0.103346735,-0.132093281,0.0194728933
105642.666970,-0.223621781,0.656995444,-1.03532797,0.10242635,-0.117943898,-0.00195676461
105642.676997,-0.138398709,0.556122601,-1.19690034,-0.00437973114,-0.144550741,-0.0368612185
105642.687025,0.0156216398,0.440506364,-1.36896955,-0.115289733,-0.179837897,-0.0995222032
105642.697053,0.0815867616,0.54441945,-1.11231476,-0.228162482,-0.164131105,-0.141726121
105642.707081,0.132079735,0.422956825,-0.758376235,-0.290584058,-0.123582877,-0.130455628
105642.717108,0.110105146,0.156333448,-0.749082337,-0.268707514,-0.08032462,-0.0817975402
105642.727136,0.0804071234,0.00757628047,-0.433931515,-0.194810122,0.00211007101,-0.0435132608
105642.737164,-0.0554098256,-0.205050863,0.0129606039,-0.0949501097,0.0852680728,-0.0143007832
105642.747192,-0.256282307,-0.390142789,0.192622174,0.0049173641,0.155170724,-0.0127534857
105642.757219,-0.381541037,-0.421264926,0.497783517,0.0316831991,0.202402413,-0.0444536246
105642.767247,-0.286966273,-0.422354475,0.534938067,0.04468688,0.200847134,-0.0938177183
105642.777275,-0.0598144172,-0.449747947,0.200247263,0.0726777762,0.155475393,-0.149840504
105642.787303,0.110494146,-0.2891263,0.247523393,0.0572777726,0.129850447,-0.19687593
105642.797331,0.160964834,-0.0485648551,0.476963432,0.0401078425,0.136719808,-0.207611918
105642.807358,0.218597962,0.0424840739,0.254843361,0.0771103352,0.14447999,-0.195967257
105642.817386,0.315748423,0.205769679,0.0898597191,0.132891312,0.153467625,-0.178131536
105642.827414,0.240676157,0.278929462,0.0627618689,0.189204648,0.153056979,-0.152848274
105642.837442,0.165375417,0.261033155,-0.157314714,0.251688272,0.129575342,-0.131628484
105642.847469,0.116423755,0.398488738,-0.23067338,0.269834518,0.0939582363,-0.131440461
105642.857497,-0.0185920339,0.571059328,0.0994517234,0.205259785,0.0833463371,-0.153773725
105642.867525,0.00560958351,0.590679243,0.174914084,0.18789278,0.0738953054,-0.16552493
105642.877553,0.311817659,0.380305066,0.0261930104,0.225185022,0.0579720065,-0.150949717
105642.887580,0.47607927,0.373131959,0.204727038,0.216804057,0.0474064462,-0.140234485
105642.897608,0.398009576,0.278329304,0.351301747,0.189628094,0.0348978452,-0.132950738
105642.907636,0.21246567,0.0840728063,0.0932224736,0.190809205,0.0118375337,-0.137968928
105642.917664,0.117396253,0.0813219002,0.0804588536,0.158280551,-0.0135527775,-0.168548152
105642.927692,0.0138525112,0.204921392,0.160507373,0.0931148678,-0.0298060514,-0.206639871
105642.937719,0.103262952,0.0320376448,-0.00987257472,0.0675365403,-0.0295631699,-0.21515426
105642.947747,0.34479653,-0.118284215,-0.456267266,0.0858542919,-0.0446462482,-0.206944808
105642.957775,0.463973675,-0.0986918449,-0.490464134,0.087902531,-0.0566927902,-0.181508958
105642.967803,0.506146784,-0.155295118,-0.626297669,0.12822172,-0.0757538378,-0.136483952
105642.977830,0.503424446,-0.38072183,-1.0185972,0.180726215,-0.099161692,-0.0746243149
105642.987858,0.353576268,-0.458772673,-1.02434305,0.21840328,-0.126845777,-0.0368082225
105642.997886,0.192015002,-0.472498635,-1.11628425,0.19113411,-0.164430439,-0.0299668275
105643.007914,0.0507545471,-0.319143326,-1.04857382,0.110700786,-0.208049297,-0.0623737685
105643.017941,0.14563319,-0.185194216,-0.977746716,0.0331154466,-0.245429426,-0.09033297
105643.027969,0.276935731,-0.0212688519,-0.957069839,-0.0149918953,-0.266097695,-0.0896847546
105643.037997,0.361600365,0.173123839,-0.774748693,-0.042193424,-0.256620824,-0.0677235276
105643.048025,0.407998763,0.268062688,-0.669219112,-0.0550932437,-0.25331077,-0.0260961875
105643.058053,0.383149423,0.329192207,-0.471178419,-0.0726258904,-0.231370598,0.000363647006
105643.068080,0.301072247,0.351054129,-0.0744277567,-0.116102263,-0.183876574,0.00303186849
105643.078108,0.323069705,0.179093488,0.0719061293,-0.117706023,-0.129680455,-0.0159894936
105643.088136,0.357059982,0.0944859176,0.0653752662,-0.0836250111,-0.0926124454,-0.0449766703
105643.098164,0.391194161,0.00680230043,0.379590853,-0.0554562323,-0.0498929396,-0.0783908218
105643.108192,0.254393388,0.123495593,0.691908498,-0.0600091703,-0.00580990408,-0.123314619
105643.118219,0.0624739553,0.27982378,0.993825744,-0.123411842,0.0514137074,-0.178606376
105643.128247,-0.227373791,0.447656016,1.28426006,-0.215427786,0.121513695,-0.229661033
105643.138275,-0.274529035,0.567300487,1.28332424,-0.252809525,0.186767265,-0.259998441
105643.148303,-0.150007533,0.603975217,1.17774673,-0.224055901,0.234227732,-0.263418198
105643.158330,-0.0903076821,0.583408887,1.08060796,-0.135598466,0.271780163,-0.249868572
105643.168358,-0.0567874706,0.484355004,1.12020522,-0.0462693907,0.325819433,-0.235444888
105643.178386,0.0655771455,0.300820976,1.12220312,0.0310459025,0.370512605,-0.224813014
105643.188414,0.202646506,0.125035735,0.866890386,0.0962387621,0.38198337,-0.218358308
105643.198442,0.434474901,-0.0321679201,0.609802461,0.117665224,0.355646819,-0.207859337
105643.208469,0.60548679,-0.112722343,0.487002596,0.0839149803,0.328879923,-0.204364195
105643.218497,0.542331684,-0.130230308,0.515713142,-0.00708869891,0.30682683,-0.214233339
105643.228525,0.488629832,-0.148234605,0.596789251,-0.112962395,0.30770728,-0.226334482
105643.238553,0.608579569,-0.195036834,0.56634852,-0.164961413,0.307289153,-0.198817641
105643.248581,0.792054268,-0.276557326,0.451882182,-0.12330132,0.278109431,-0.137076512
105643.258608,0.831633341,-0.135201886,0.251589912,-0.0289745573,0.213012457,-0.0803959146
105643.268636,0.687136388,0.0334430546,0.20619828,0.0464184694,0.13636668,-0.041458901
105643.278664,0.493052836,0.212537347,0.156621471,0.106580876,0.07378079,-0.0129236626
105643.288692,0.251705939,0.39184477,0.188706462,0.0568641834,0.0213239789,0.00980402064
105643.298720,0.0995367713,0.636673006,0.164133747,-0.0783623457,-0.00310573028,-0.0131263295
105643.308747,0.127388728,0.789242425,-0.0158335289,-0.215456009,-0.0138505194,-0.0294989087
105643.318775,0.322627442,0.463724304,-0.291746566,-0.250750095,-0.018277226,0.0217421725
105643.328803,0.336091173,0.0987684173,-0.393863124,-0.196536914,0.00984309241,0.117323287
105643.338831,0.102144981,-0.346044996,-0.133732763,-0.133768082,0.065307945,0.216811255
105643.348859,-0.211809544,-0.721204443,-0.0530137973,-0.0800071135,0.0999277085,0.260776043
105643.358886,-0.414486956,-0.932224736,0.160889066,-0.0755998418,0.105603702,0.235718369
105643.368914,-0.674060999,-0.953286959,0.233791805,-0.0900767893,0.0660192743,0.146766931
105643.378942,-0.789397616,-0.894380304,0.180645905,-0.131703064,0.0171585288,0.0356031284
105643.388970,-0.76185962,-0.732226333,0.184957339,-0.160422862,-0.0158873051,-0.0319740511
105643.398998,-0.561497499,-0.48930079,0.0040963294,-0.146617293,-0.0468518771,-0.0357557386
105643.409025,-0.324634251,-0.203460233,0.0435053797,-0.126987398,-0.0632854477,-0.0050247265
105643.419053,-0.190587381,-0.198996532,0.0785790312,-0.0656497404,-0.0667289197,0.0622350052
105643.429081,-0.14825689,-0.51723436,0.148774849,0.0319516435,-0.0412632339,0.134579509
105643.439109,-0.29650735,-0.61934785,0.405379375,0.0930544138,-0.0124736652,0.168427214
105643.449137,-0.449801504,-0.62779536,0.649026218,0.0990774184,-0.00917454157,0.155008346
105643.459164,-0.476215244,-0.600276508,0.512017794,0.1098065,-0.0519473031,0.114065178
105643.469192,-0.416098191,-0.387002152,0.672978172,0.0839123204,-0.0907911062,0.0523829088
105643.479220,-0.491898624,-0.149310564,1.09107908,0.0320078358,-0.0853918195,-0.00823596586
105643.489248,-0.572414907,-0.0733095664,1.22798288,0.00500444928,-0.0545508116,-0.0434906259
105643.499276,-0.42549175,-0.0215453307,1.13418991,0.037055593,-0.0278488938,-0.0568727441
105643.509303,-0.290535144,0.00603211977,1.02152507,0.095619306,-0.0105924085,-0.0692212954
105643.519331,-0.457998912,0.183962629,1.03974111,0.14513813,0.0179050118,-0.116315037
105643.529359,-0.671507149,0.307841814,1.02944651,0.162440941,0.0327033997,-0.168942288
105643.539387,-0.736262676,0.420857222,0.321451968,0.169824138,-0.00646304013,-0.22145699
105643.549415,-0.597037892,0.716225631,-0.027757191,0.0955792069,-0.0405560285,-0.287047446
105643.559443,-0.472241518,0.953804261,0.00419219099,-0.048549477,-0.0688385367,-0.353438467
105643.569470,-0.258516642,0.976473335,-0.264947406,-0.180436403,-0.0883821473,-0.410788298
105643.579498,-0.107887105,0.820403214,-0.16138474,-0.284323364,-0.0796238035,-0.459592611
105643.589526,-0.0796312437,0.535491317,0.00930032779,-0.309386641,-0.0589068048,-0.490279138
105643.599554,0.0860343887,0.15826617,0.0196861127,-0.25508213,-0.0476496257,-0.499318987
105643.609582,0.344775268,-0.077963968,0.0304746332,-0.169148073,-0.0332997143,-0.493790001
105643.619609,0.556657585,-0.262341315,0.147729724,-0.125984088,-0.00443717325,-0.458959311
105643.629637,0.77266838,-0.298796484,-0.0592301876,-0.0837087929,0.000354918884,-0.387950361
105643.639665,1.0649671,-0.299785641,-0.421957584,-0.0200461969,-0.0384619832,-0.286811769
105643.649693,1.31585493,-0.215221983,-0.562114828,0.0649733618,-0.0854105875,-0.172926992
105643.659721,1.47195822,-0.22423005,-0.818400788,0.183255523,-0.135378942,-0.0549830534
105643.669749,1.39861709,-0.126114689,-0.859728824,0.249960795,-0.145230517,0.0355596282
105643.679776,1.13555966,-0.0888483501,-0.774452925,0.258597165,-0.111083992,0.0938692763
105643.689804,0.757800262,-0.016132658,-0.888574979,0.232776195,-0.0649729595,0.111901805
105643.699832,0.418530679,0.289435951,-0.812442172,0.156126425,-0.0196222514,0.086380735
105643.709860,0.196424489,0.653809215,-0.666957596,0.047024183,0.0118714925,0.0398518443
105643.719888,0.11586086,0.860998405,-0.614122663,-0.0594870821,0.0352636352,-0.000300633721
105643.729915,0.11909955,0.911063728,-0.540899021,-0.137885481,0.0653190017,0.00305281905
105643.739943,0.202759465,0.764178784,-0.411292398,-0.137971506,0.115086026,0.0606878847
105643.749971,0.283013151,0.454499672,-0.370052041,-0.0658379197,0.167625397,0.148113877
105643.759999,0.306506766,0.143951521,-0.268667888,0.0117719201,0.183561757,0.217402399
105643.770027,0.358989745,-0.0481821394,-0.204501997,0.069443211,0.156417221,0.247157633
105643.780055,0.395683618,-0.193679575,-0.035126843,0.0670327842,0.0959594697,0.242929593
105643.790082,0.287340951,-0.286186009,0.120749363,0.00990850572,0.0347248763,0.205063716
105643.800110,0.203261569,-0.331694983,0.169614808,-0.0392928645,-0.00263634371,0.161430478
105643.810138,0.111895318,-0.229612912,0.3053367,-0.0735038295,0.00812762044,0.13498129
105643.820166,-0.0425818351,-0.0271326293,0.599592618,-0.0952663794,0.0580533706,0.128690109
105643.830194,-0.148210859,0.0911414295,0.613913988,-0.0689000189,0.128753901,0.144139901
105643.840222,-0.173495595,0.109458154,0.545004118,-0.0219905693,0.203459829,0.165565833
105643.850249,-0.337637306,0.108228904,0.669630615,-0.00069460331,0.272050083,0.174674645
105643.860277,-0.522733761,0.0664819123,0.669073566,0.00078691321,0.32565099,0.159006462
105643.870305,-0.531610822,-0.0670090049,0.543492545,-0.0034368604,0.345132828,0.131108254
105643.880333,-0.419271268,-0.250225199,0.227668353,0.0321293883,0.319077522,0.104574382
105643.890361,-0.289750862,-0.469377946,-0.162842538,0.110175192,0.252000749,0.0896044895
105643.900389,-0.0632512598,-0.530023261,-0.391850615,0.172503546,0.157608718,0.088459067
105643.910416,0.159958872,-0.325553266,-0.453331797,0.163670629,0.0510841422,0.0825497806
105643.920444,0.353061597,0.00112666594,-0.533547489,0.0987547562,-0.0569560416,0.0777654052
105643.930472,0.417656891,0.345788829,-0.547938418,0.0167411137,-0.147588477,0.0672094375
105643.940500,0.434613433,0.65916592,-0.470588052,-0.0697349235,-0.199027166,0.0439962558
105643.950528,0.368725103,0.935176279,-0.282691152,-0.136900917,-0.225169286,0.0199242104
105643.960556,0.182052046,1.12153647,0.0917827962,-0.226962894,-0.185424268,-0.000702770427
105643.970583,-0.218518613,0.989209483,0.693331808,-0.301198244,-0.0887967944,0.00470158178
105643.980611,-0.648329687,0.481739561,0.677478406,-0.243359983,0.0140342452,0.0470314622
105643.990639,-0.798004627,-0.146030665,0.333617038,-0.0828038529,0.0860138908,0.110516429
105644.000667,-0.766881833,-0.626432986,0.007249825,0.071063742,0.0993773714,0.146461114
105644.010695,-0.678827482,-0.604004004,-0.289731719,0.121764734,0.0744720176,0.105586119
105644.020723,-0.382651191,-0.312610928,-0.294472191,0.0304609202,0.0413023531,0.0340341702
105644.030751,-0.0568311636,-0.142929338,-0.446117628,-0.071754396,-0.00960636884,-0.00617183838
105644.040778,0.290427592,-0.00323357509,-0.588388502,-0.115517326,-0.0506235771,0.00285334792
105644.050806,0.437505574,0.16405469,-0.455464133,-0.0825175643,-0.0639396533,0.0402766205
105644.060834,0.381850103,0.0362830273,-0.0813940886,-0.0239961967,-0.0560694747,0.0899717435
105644.070862,0.0762500768,-0.11077362,0.269041397,0.0127988346,-0.0194518082,0.112858146
105644.080890,-0.337006388,-0.278664527,0.887138224,0.00882859435,0.0321394801,0.0799129829
105644.090918,-0.575766409,-0.475112836,1.1308406,0.00687330123,0.0695899129,0.0214235708
105644.100945,-0.543419406,-0.647593555,0.971027052,0.0320343152,0.0677150488,-0.0446971282
105644.110973,-0.448663293,-0.604465484,0.937142903,0.0407164842,0.0521299653,-0.11508394
105644.121001,-0.320714667,-0.53017436,0.937849005,0.0349081308,0.0405177847,-0.166613176
105644.131029,-0.072335826,-0.513265603,0.593528203,0.0704530776,0.0219925698,-0.177962244
105644.141057,0.0650846858,-0.39102527,0.22026363,0.15347445,-0.000362536754,-0.16247569
105644.151085,0.147656294,-0.233129103,0.102440968,0.184980452,-0.0249413829,-0.142283335
105644.161113,0.192790809,-0.0797651722,-0.00578793575,0.169921339,-0.052012682,-0.144917727
105644.171140,0.305250994,0.130025433,-0.24110885,0.155877694,-0.0866002217,-0.15454106
105644.181168,0.41477856,0.283437295,-0.286853533,0.116720706,-0.114675529,-0.149728462
105644.191196,0.29966523,0.440711823,-0.234648129,0.0774811581,-0.12229377,-0.146770492
105644.201224,0.0657963412,0.510231642,-0.209041394,0.0671251938,-0.108915649,-0.133317798
105644.211252,0.0184277102,0.54248176,-0.261006559,0.0821390301,-0.102842577,-0.0995220244
105644.221280,0.0402018081,0.518367017,-0.19065292,0.0801395252,-0.106269002,-0.0641014501
105644.231308,0.0378211235,0.458104564,-0.159683781,0.0693585202,-0.120764315,-0.0472268648
105644.241335,0.133194199,0.397631098,-0.10094693,0.00633534277,-0.146506697,-0.0469493642
105644.251363,0.272869504,0.302209654,0.244503168,-0.0920341015,-0.169573396,-0.0777187198
105644.261391,0.308476313,0.193317756,0.253381471,-0.121802919,-0.199654341,-0.119729564
105644.271419,0.235313754,0.0907286109,0.316622064,-0.103137352,-0.19011569,-0.147302598
105644.281447,0.0990954573,-0.0051484688,0.637480157,-0.0978158265,-0.153161675,-0.139521897
105644.291475,-0.0412235524,-0.0642746115,0.465071919,-0.105890796,-0.105790958,-0.107119486
105644.301503,0.210595127,-0.112248077,0.0553735122,-0.0861426592,-0.0439832509,-0.0467988923
105644.311530,0.403746293,0.00406038131,-0.103449853,-0.0619129539,0.0303098895,0.0368667096
105644.321558,0.602079539,0.0901223156,-0.249902397,0.0227460079,0.115808271,0.156840786
105644.331586,0.837833657,0.101185123,-0.453654453,0.187313914,0.163821071,0.29414323
105644.341614,0.827190463,0.207677559,-0.543389669,0.337640852,0.156088054,0.404819936
105644.351642,0.624156492,0.372247651,-0.399462844,0.382359862,0.110372499,0.472322017
105644.361670,0.43415356,0.429261989,-0.299909414,0.350127071,0.0472396053,0.487029344
105644.371698,0.257337881,0.337182621,-0.481390017,0.292039543,-0.0289590266,0.447127998
105644.381726,-0.00388451328,0.370528645,-0.615457711,0.211518854,-0.097296007,0.373614877
105644.391753,-0.259392841,0.518979158,-0.407294853,0.084587276,-0.138634667,0.274473667
105644.401781,-0.525512578,0.829572536,-0.207908591,-0.0665180907,-0.158837408,0.155527577
105644.411809,-0.567607726,1.06585163,-0.0695697953,-0.210155949,-0.156358793,0.0553346649
105644.421837,-0.416924339,1.1469734,0.0790524939,-0.311828762,-0.120303594,0.00232843915
105644.431865,-0.246677224,1.11097365,0.115054951,-0.330489814,-0.0948770642,-0.00242503732
105644.441893,0.0338994201,0.935620808,0.0329915845,-0.30477646,-0.0819988102,0.00808326341
105644.451921,0.211364211,0.690733024,0.237374339,-0.295348853,-0.073298797,0.0131086484
105644.461948,0.217902746,0.488488889,0.445711969,-0.282920152,-0.0592809804,-0.00405356009
105644.471976,0.247373244,0.186528826,0.550378797,-0.249977931,-0.036657162,-0.00675080996
105644.482004,0.290352262,-0.0605485767,0.649855655,-0.197962135,-0.0129321245,-0.00587010197
105644.492032,0.33360637,-0.274143104,0.776222858,-0.166846037,0.0134222507,0.00411834987
105644.502060,0.294837444,-0.176715434,0.887350406,-0.175686926,0.0230948534,-0.00611697696
105644.512088,0.260397707,-0.122801035,0.905163126,-0.212943226,0.0139679322,-0.0336828269
105644.522116,0.335621071,-0.0501665912,0.830635416,-0.230214089,0.0208407529,-0.0567982681
105644.532144,0.585733969,-0.0692662823,0.758273944,-0.20106259,0.0386141576,-0.0391500294
105644.542171,0.858717455,-0.211535111,0.604967881,-0.11700955,0.0654642731,0.0154903522
105644.552199,0.937849152,-0.303779387,0.576069703,-0.0236487128,0.109667689,0.0576351397
105644.562227,0.877473447,-0.250201088,0.600668138,0.0467607379,0.150996223,0.090788573
105644.572255,0.939834626,-0.131105337,0.546993246,0.0724722296,0.152539,0.106344894
105644.582283,1.1420548,0.174236915,0.318109672,0.069478035,0.122957394,0.109422974
105644.592311,1.20249765,0.415285267,0.29062896,0.0150155919,0.0990001261,0.118110739
105644.602339,1.1391883,0.545383765,0.298216054,-0.0592852682,0.0859887227,0.147348255
105644.612367,1.03897027,0.493226585,0.0522159249,-0.10188067,0.0669521764,0.187531888
105644.622395,0.913594343,0.533620408,-0.0140425539,-0.138349459,0.0610775128,0.212543234
105644.632422,0.786106027,0.53253159,-0.00281622646,-0.171372652,0.0509851985,0.230125695
105644.642450,0.736089073,0.473742278,-0.22661446,-0.162348002,0.0340829119,0.239722654
105644.652478,0.650866585,0.487406062,-0.368830974,-0.15433082,0.0319390707,0.235229641
105644.662506,0.434409508,0.462972024,-0.00323182153,-0.210793033,0.0797800943,0.219652817
105644.672534,0.193754393,0.33448403,0.266062089,-0.254904598,0.167842314,0.179611117
105644.682562,0.0730557377,0.150206636,0.247330501,-0.243112892,0.268150538,0.138527066
105644.692590,0.0569102933,0.03915113,0.349723538,-0.218886122,0.387177855,0.115661167
105644.702618,0.132843194,0.000571077886,0.533389668,-0.19389607,0.510583162,0.110966541
105644.712646,0.292609393,-0.079248601,0.346857043,-0.180089459,0.576679885,0.127189711
105644.722673,0.505975299,-0.106609778,0.199729376,-0.183671668,0.611356616,0.141164392
105644.732701,0.570257217,-0.157717304,0.26155601,-0.212418362,0.625742495,0.155079946
105644.742729,0.58537573,-0.388741982,0.20712124,-0.213738486,0.634354889,0.168379769
105644.752757,0.584121346,-0.614832272,0.0653857876,-0.154520437,0.611826181,0.185580865
105644.762785,0.671221099,-0.730728204,-0.0453016155,-0.0785463154,0.557644129,0.198635146
105644.772813,0.708755588,-0.72766677,0.178021402,-0.0264311824,0.490874976,0.203204334
105644.782841,0.633476036,-0.81733009,0.329015097,0.057629101,0.421166986,0.210659578
105644.792869,0.582541968,-0.928429435,0.275433144,0.133683652,0.356389314,0.208053678
105644.802897,0.539400161,-0.97053167,0.47311494,0.169423267,0.30185923,0.1932742
105644.812924,0.483893524,-1.01039855,0.38847091,0.205394059,0.225159928,0.169022918
105644.822952,0.39595995,-0.984926837,0.140813661,0.2261502,0.111707933,0.126883447
105644.832980,0.169279001,-0.782523711,0.134875503,0.207890779,-0.00580058666,0.0517061464
105644.843008,-0.146449768,-0.664907532,0.138072838,0.182143062,-0.092920579,-0.0252488218
105644.853036,-0.409745022,-0.715506231,0.0845335557,0.184820607,-0.137472063,-0.0896389931
105644.863064,-0.631603374,-0.664034256,-0.0135649995,0.212132916,-0.177663952,-0.165737495
105644.873092,-0.822146989,-0.440713284,-0.0272334594,0.197590202,-0.223458335,-0.262551129
105644.883120,-0.95887002,-0.334890272,0.052350365,0.156081632,-0.240801901,-0.364101976
105644.893148,-1.12645917,-0.443056925,0.0378325948,0.1514211,-0.234369308,-0.441701442
105644.903176,-1.1656594,-0.523781444,-0.300651757,0.184736177,-0.229371622,-0.492480725
105644.913203,-1.07399643,-0.23153745,-0.267266789,0.171098933,-0.2111018,-0.53191179
105644.923231,-1.02447588,0.0445623414,-0.233752642,0.159370378,-0.173021257,-0.536566436
105644.933259,-0.883183349,0.118627695,-0.435998969,0.1750516,-0.146948382,-0.493388087
105644.943287,-0.664941873,0.175628077,-0.494618916,0.195784837,-0.140369311,-0.438518941
105644.953315,-0.524121051,0.188177032,-0.492430466,0.224548042,-0.149803028,-0.395772547
105644.963343,-0.421453434,0.0681507223,-0.509606642,0.235861689,-0.179177165,-0.37132901
105644.973371,-0.35517099,-0.0140861008,-0.449432451,0.203611597,-0.222822905,-0.366515875
105644.983399,-0.290580152,-0.048553603,-0.465641243,0.137061611,-0.249490738,-0.384755313
105644.993427,-0.384221143,-0.120481214,-0.342079161,0.0830258057,-0.238692418,-0.398408026
105645.003455,-0.555199641,-0.204992557,-0.33429216,0.078887783,-0.191712931,-0.383954763
105645.013482,-0.696437227,-0.231788064,-0.294832841,0.109958351,-0.126568809,-0.341326088
105645.023510,-0.737592098,-0.0318603885,-0.356423913,0.138738871,-0.0793315321,-0.288986713
105645.033538,-0.606755349,0.145507518,-0.530578118,0.162721962,-0.0752409175,-0.218793258
105645.043566,-0.432556574,0.277209214,-0.748626995,0.191410601,-0.107502982,-0.131591767
105645.053594,-0.21166166,0.351236135,-0.723736884,0.211896703,-0.158446312,-0.0485059433
105645.063622,-0.105838794,0.365146002,-0.721675275,0.212058082,-0.21860899,0.00623560091
105645.073650,-0.0694901542,0.319587782,-0.550706714,0.174975693,-0.278410256,0.0282820463
105645.083678,-0.0388580654,0.216188344,-0.36801732,0.137869611,-0.324002802,0.0381826162
105645.093706,-0.0193875682,0.138438164,-0.0949187561,0.114235654,-0.337250143,0.0493809395
105645.103734,0.0530771449,0.17173823,0.241286544,0.0686793551,-0.33726719,0.0522044227
105645.113762,0.130460902,0.254129806,0.391792163,0.0222423468,-0.327816159,0.0424308889
105645.123789,0.176039946,0.259635563,0.488535212,-0.0238119643,-0.288400054,0.0369442441
105645.133817,0.0941690337,0.237319102,0.618048896,-0.0659977645,-0.22835137,0.0415062383
105645.143845,0.0270339913,0.288944222,0.726139853,-0.0841967463,-0.163615242,0.0442186669
105645.153873,0.110211018,0.351902636,0.923914004,-0.121310823,-0.107057966,0.0458112396
105645.163901,0.223184559,0.342484381,1.1095038,-0.142845675,-0.0639355257,0.046334818
105645.173929,0.286767097,0.12618454,1.0782611,-0.111467779,-0.040868029,0.044397898
105645.183957,0.301641206,-0.141759272,0.929830534,-0.0516702272,-0.0256866775,0.0309449434
105645.193985,0.333513285,-0.34275443,0.725019325,-0.00630780589,-0.0241332538,0.0129664745
105645.204013,0.410733814,-0.283130859,0.401156204,0.005327811,-0.0524186902,-0.0189195536
105645.214041,0.471263832,-0.118841337,0.224175835,-0.0425110832,-0.0844764933,-0.0536663495
105645.224069,0.463737894,0.00405789709,0.166938283,-0.109269604,-0.0986346528,-0.0759378299
105645.234097,0.475952867,0.00216448456,-0.0432248092,-0.143389225,-0.110300101,-0.0702897981
105645.244124,0.495545164,0.0386522406,-0.257365573,-0.132725924,-0.121451288,-0.0478420146
105645.254152,0.464377726,0.0790904878,-0.265634219,-0.116086498,-0.12015406,-0.0176260546
105645.264180,0.386458985,0.00614917028,-0.223075765,-0.103686824,-0.11662937,0.00376951369
105645.274208,0.303805471,-0.113036012,-0.326745983,-0.0744101629,-0.120534092,0.0142826084
105645.284236,0.307541516,-0.196861858,-0.292669526,-0.0530984811,-0.117971331,0.0174056962
105645.294264,0.286718947,-0.23394568,-0.155588621,-0.0596120395,-0.120249137,0.0195711143
105645.304292,0.158925657,-0.444410678,-0.195277073,-0.0666081607,-0.143927291,0.0212989729
105645.314320,0.133734151,-0.604942308,-0.245226222,-0.0679093823,-0.170078471,0.0139747467
105645.324348,0.108875385,-0.660953534,0.0332207171,-0.085100621,-0.164553478,0.00184378214
105645.334376,0.0476784276,-0.708029027,0.381896208,-0.107848011,-0.119187869,0.0100495145
105645.344404,0.147217975,-0.857660347,0.574644054,-0.0904445201,-0.0584123991,0.0566015691
105645.354432,0.262114228,-1.01119291,0.396691041,-0.010292694,-0.00552494917,0.123149976
105645.364460,0.294091814,-0.839391846,0.334241307,0.0551712662,0.0295539424,0.166114211
105645.374488,0.285385214,-0.618557869,0.343695364,0.0755055696,0.0464732684,0.196214601
105645.384515,0.176128209,-0.415171431,0.426986811,0.0770592541,0.0757509992,0.204841375
105645.394543,0.0352266501,-0.277540492,0.516446717,0.0819914266,0.118307248,0.22643508
105645.404571,-0.00597578647,-0.151579678,0.495336709,0.0981666744,0.166564524,0.244879335
105645.414599,0.0594865005,-0.0250695593,0.382696418,0.112498209,0.222128987,0.25358519
105645.424627,0.13470665,-0.0905611454,0.213871883,0.139131948,0.27410537,0.262222648
105645.434655,0.163693309,-0.233058376,-0.150610248,0.18959485,0.308340043,0.270420104
105645.444683,0.187088579,-0.321823432,-0.269814135,0.219284311,0.321108311,0.267396897
105645.454711,0.143855952,-0.266594296,-0.36415363,0.239038303,0.30483532,0.254290134
105645.464739,0.127386828,-0.280856192,-0.607991613,0.252056628,0.279308647,0.249305248
105645.474767,0.157269487,-0.192888863,-0.741971044,0.233431548,0.238369748,0.245212764
105645.484795,0.199409935,0.0216267985,-0.823648626,0.205808178,0.188163564,0.235291153
105645.494823,0.152798187,0.080267788,-1.00060795,0.173207626,0.123833574,0.207893625
105645.504851,0.0565137683,0.0777227797,-1.02383919,0.125464603,0.0596314147,0.165236443
105645.514879,0.0105786041,-0.0230512783,-0.976215853,0.0951490402,-0.00994792767,0.130685911
105645.524907,-0.0104918026,-0.155154687,-0.984393314,0.101525187,-0.0888211727,0.0974613875
105645.534934,-0.0960918185,-0.243490265,-0.882217719,0.100220501,-0.145359546,0.0540425368
105645.544962,-0.320159736,-0.197211621,-0.696931294,0.090511106,-0.171161965,0.0084690731
105645.554990,-0.503821921,-0.174102402,-0.58276657,0.100119531,-0.170442641,-0.00997837633
105645.565018,-0.693078637,-0.0753639416,-0.479376339,0.132320881,-0.136755511,-0.0206549894
105645.575046,-0.737675027,-0.0305402458,-0.398090387,0.161168233,-0.0904918835,-0.0260177962
105645.585074,-0.85698179,0.195212702,-0.345051455,0.135943845,-0.0265411269,-0.0425690785
105645.595102,-0.900355872,0.360590385,-0.128889999,0.103355803,0.0488178097,-0.053366594
105645.605130,-0.809499981,0.409051706,-0.151648359,0.119934514,0.112577081,-0.0330472104
105645.615158,-0.58319539,0.413141095,-0.0498784219,0.138942555,0.162037313,0.00236750487
105645.625186,-0.42075062,0.438975062,0.156790398,0.15374814,0.189861476,0.0221851505
105645.635214,-0.350519365,0.446039082,0.35211774,0.123845361,0.188834831,0.0079076793
105645.645242,-0.27575507,0.384077862,0.484230793,0.0541608222,0.152544737,-0.0381295867
105645.655270,-0.198923394,0.381770316,0.598022007,-0.00896914396,0.103613943,-0.0977867916
105645.665298,-0.118872317,0.334407603,0.606419249,-0.049900867,0.0478438921,-0.146087483
105645.675326,-0.0342434112,0.300695742,0.52541679,-0.0778142512,0.00451639201,-0.190897822
105645.685354,-0.0431520362,0.218532276,0.374656319,-0.0785966888,-0.0270617753,-0.229942173
105645.695382,-0.236541396,0.323472222,0.172688809,-0.0791682005,-0.0389900729,-0.267776638
105645.705410,-0.37353338,0.435366516,0.0547533345,-0.100589074,-0.0471731648,-0.296225578
105645.715437,-0.354604734,0.488898492,-0.34167058,-0.118814684,-0.100357831,-0.31974715
105645.725465,-0.158017017,0.582672974,-0.630038609,-0.174033463,-0.16924049,-0.328211755
105645.735493,0.0860991245,0.624225101,-0.560090044,-0.216187835,-0.242684081,-0.306037724
105645.745521,0.400275914,0.399158527,-0.787536863,-0.151675686,-0.315723151,-0.241049677
105645.755549,0.764459793,0.21107575,-0.758761435,-0.0316622071,-0.376180619,-0.161038205
105645.765577,0.892215162,0.124440107,-0.210123344,0.0730721951,-0.406630933,-0.0873767585
105645.775605,0.799167607,0.0244404676,0.303321268,0.115642026,-0.409775585,-0.0358752199
105645.785633,0.581594458,-0.030798093,0.754027392,0.0887531564,-0.389955282,-0.0204179678
105645.795661,0.441799107,-0.0134665076,1.16679863,0.0144030238,-0.362619013,-0.0396174937
105645.805689,0.266193387,-0.00767637985,1.34374977,-0.0489178933,-0.334986567,-0.0938953832
105645.815717,0.235151257,0.136253441,1.18668173,-0.0452797487,-0.32532835,-0.152057484
105645.825745,0.311518457,0.273877658,0.941584685,-0.0410756841,-0.318306923,-0.203737721
105645.835773,0.415726581,0.554748975,1.08115448,-0.0876466408,-0.289156765,-0.250653297
105645.845801,0.590254807,0.668569488,1.1319582,-0.152214989,-0.238604113,-0.263814658
105645.855829,0.814964165,0.537332049,1.10144675,-0.169538319,-0.182322472,-0.240470976
105645.865857,0.961954177,0.428603525,1.10803372,-0.158359423,-0.120724618,-0.202105209
105645.875885,1.08033747,0.310801833,1.28146838,-0.139517561,-0.0639849082,-0.147785515
105645.885913,1.22077528,0.128733494,1.00809042,-0.0747582763,-0.0192706976,-0.0859956443
105645.895941,1.24393068,0.043251405,0.93833182,-0.0218101069,0.0384682342,-0.010653222
105645.905969,1.11963254,0.0789986448,0.965343746,0.00727347564,0.0946755782,0.0655102581
105645.915997,1.04954697,0.0895339943,0.733089818,0.0462847874,0.128303573,0.135828093
105645.926025,0.956377692,0.01590864,0.446890366,0.0966161415,0.149254397,0.194843739
105645.936053,0.760939583,-0.12469379,0.266463071,0.169379294,0.152960181,0.242197946
105645.946081,0.605067396,-0.193170967,0.0455173041,0.251741797,0.151030198,0.265615642
105645.956109,0.48126376,-0.184085598,-0.000369417834,0.270992726,0.148294866,0.266939759
105645.966136,0.310411665,-0.0857611247,0.02595511,0.214115873,0.157018319,0.251389861
105645.976164,0.270260345,-0.0293136997,-0.0495142648,0.13380532,0.157714203,0.237830088
105645.986192,0.472359446,0.0287631531,-0.154255327,0.0614381768,0.145116121,0.230127171
105645.996220,0.637510333,0.0567078295,-0.160370595,-0.00249819551,0.114517458,0.209950522
105646.006248,0.584594297,0.0194647251,0.0137549691,-0.0399438404,0.0841065571,0.178603247
105646.016276,0.412803825,-0.152087189,-0.10953531,-0.0230745766,0.036041297,0.136223838
105646.026304,0.185744471,-0.297984145,-0.388179233,0.00348086772,-0.0190533828,0.0965730995
105646.036332,-0.115423711,-0.275470407,-0.505152,-0.00101801043,-0.0499697514,0.0433519557
105646.046360,-0.42908086,-0.0481773901,-0.603676087,-0.0261063185,-0.0822006613,-0.0149726029
105646.056388,-0.488388497,0.0621705519,-1.08139472,0.0140440296,-0.109686613,-0.0582207441
105646.066416,-0.313807591,-0.0781402745,-1.62271752,0.0983573124,-0.174675196,-0.0723983422
105646.076444,-0.193277497,0.216252422,-1.9685534,0.126672044,-0.248990715,-0.113175333
105646.086472,-0.0191643539,0.553090759,-1.81845695,0.0363839529,-0.323172808,-0.161321566
105646.096500,0.096467666,0.436783178,-1.75821203,-0.110990845,-0.3779535,-0.184392795
105646.106528,0.0500964486,0.668114877,-1.3481898,-0.266123444,-0.371101439,-0.213186085
105646.116556,0.0331797275,0.535657906,-0.673677844,-0.356091678,-0.324120075,-0.196142927
105646.126584,-0.104134292,0.288009571,-0.482380197,-0.328632087,-0.236309543,-0.173360646
105646.136612,-0.213378583,0.088209833,-0.0873491976,-0.265385747,-0.144040331,-0.152132049
105646.146640,-0.372321593,-0.207549037,0.0610287615,-0.20045042,-0.059875112,-0.131392151
105646.156668,-0.49699613,-0.369775562,0.469709516,-0.201913297,0.0502069145,-0.127659202
105646.166696,-0.572987994,-0.408389662,0.81010993,-0.205386326,0.146660477,-0.132356748
105646.176724,-0.410686614,-0.540897267,0.457266214,-0.129852951,0.178944647,-0.114543132
105646.186752,-0.0417222592,-0.530728632,0.191598677,-0.0436344482,0.173494756,-0.0960884914
105646.196780,0.0139480805,-0.341342517,0.31981706,0.0123167038,0.15628089,-0.0795414746
105646.206808,-0.0950633522,-0.25943931,0.302790522,0.0660587624,0.131335586,-0.0658150092
105646.216836,-0.179661351,-0.139839994,0.296011822,0.0892495662,0.102477841,-0.0649026111
105646.226864,-0.257422856,0.0241911691,0.442870024,0.0785183609,0.0743697733,-0.0723701194
105646.236892,-0.345092956,0.0844303876,0.488775451,0.0829128474,0.0426089168,-0.0762351602
105646.246920,-0.289380786,0.0647299541,0.298282105,0.100784518,-0.00140594575,-0.0739251375
105646.256948,-0.309931261,0.139021663,0.35627486,0.0745387971,-0.0391080491,-0.0941132307
105646.266976,-0.481701055,0.225241419,0.458078699,0.00694537396,-0.0406550802,-0.131034225
105646.277004,-0.663641092,0.164976189,0.4233014,-0.0386468805,-0.0181311313,-0.148316815
105646.287032,-0.678987057,0.0459333375,0.182175599,-0.0276304465,-0.00278919167,-0.13366197
105646.297060,-0.52787054,0.00667845485,0.0679290424,-0.00682290224,0.00350039592,-0.115012385
105646.307088,-0.497215435,-0.0350477864,0.00962882909,-0.00964185875,-8.52841185e-05,-0.120234579
105646.317116,-0.534594952,0.0642298956,0.27420974,-0.0575981997,0.0124321058,-0.149574354
105646.327144,-0.402358712,-0.0181410752,0.612467881,-0.0923393965,0.0338527113,-0.174126565
105646.337172,-0.173206622,-0.178138014,0.577929067,-0.0990724042,0.0408680104,-0.17249991
105646.347200,-0.0203818399,-0.198390675,0.638764352,-0.106578521,0.0457868688,-0.176647246
105646.357228,0.0245043997,-0.0302151055,0.818810538,-0.148782164,0.0582280904,-0.197850272
105646.367256,0.153010368,0.0120234691,1.01012864,-0.200871736,0.0763655454,-0.214109942
105646.377284,0.271697246,0.0188926243,0.848820476,-0.18716152,0.0823067948,-0.220535621
105646.387312,0.34854127,-0.0450486636,0.498332383,-0.0946694016,0.0673994794,-0.219516963
105646.397340,0.51206631,-0.164551388,0.432345123,-0.0426243097,0.0696977898,-0.204400048
105646.407368,0.459239998,-0.115261433,0.502125346,0.0166379493,0.084278062,-0.206415534
105646.417396,0.315901494,-0.0454391243,0.112417003,0.0843347088,0.0747029334,-0.19728516
105646.427424,0.43577517,0.122293377,-0.335526671,0.136959836,0.0507507324,-0.189335883
105646.437452,0.49483117,0.38755701,-0.688941465,0.116570137,0.0160193834,-0.177008107
105646.447479,0.460865772,0.605995763,-0.913700653,0.0350622274,-0.0165811703,-0.165807649
105646.457508,0.475560799,0.701190267,-1.09936409,-0.0327503756,-0.0382094979,-0.141194984
105646.467535,0.499816631,0.75506448,-1.0330267,-0.118114807,-0.0451044217,-0.113869354
105646.477563,0.429097154,0.692899993,-0.524262359,-0.231669858,-0.0450274572,-0.0712832808
105646.487591,0.361884005,0.348607686,-0.595647095,-0.229776084,-0.0809130222,-0.0415283144
105646.497619,0.298133271,-0.0166249716,-0.637854251,-0.217975885,-0.135219142,-0.0280910693
105646.507647,0.365103917,-0.227280231,-0.298548647,-0.197495639,-0.196124032,-0.0349497721
105646.517675,0.391186635,-0.337160702,-0.119730541,-0.172792435,-0.273613513,-0.0172506701
105646.527703,0.522908168,-0.600793226,-0.250788532,-0.116125688,-0.353192478,0.0252866689
105646.537731,0.627977074,-0.422504405,-0.454713022,-0.0402511694,-0.41217351,0.0277905725
105646.547760,0.652919134,-0.318260332,-0.298451616,-0.014369728,-0.441542506,0.0455886461
105646.557787,0.504117945,-0.458648169,-0.439703084,0.0549414344,-0.460125774,0.0922400355
105646.567815,0.450527736,-0.437097286,-0.696011257,0.106341511,-0.476090342,0.120546773
105646.577844,0.338015967,-0.0541072916,-0.22899288,0.022445811,-0.442761958,0.111091755
105646.587871,0.194643634,0.123604314,0.194454651,-0.07876762,-0.379568338,0.103787504
105646.597899,0.245604901,0.0638800592,0.303880655,-0.136980072,-0.323885888,0.120703906
105646.607927,0.276548266,0.0965232687,0.559088758,-0.15077737,-0.251508921,0.136543855
105646.617956,0.290020235,-0.0295775383,1.09703185,-0.141345263,-0.162243739,0.160876632
105646.627984,0.312475173,-0.365665496,1.22012515,-0.0631577671,-0.0839926079,0.208425507
105646.638011,0.315714813,-0.720366384,1.24298521,0.0225747079,-0.0128997881,0.241360024
105646.648040,0.324116219,-0.812040021,1.36668291,0.094472073,0.033823777,0.251690418
105646.658067,0.355440491,-0.988647172,1.12839671,0.176595166,0.0281387232,0.276733458
105646.668096,0.43365679,-1.04201446,0.796158561,0.241879627,-0.0104070697,0.29308179
105646.678124,0.347506666,-0.800026196,1.04226741,0.237098992,-0.0359792747,0.298061103
105646.688152,0.1792611,-0.648722413,1.16628484,0.256573349,-0.0563489944,0.317918181
105646.698180,0.17000947,-0.617629794,0.807319422,0.322348624,-0.0683585182,0.353838891
105646.708208,0.168295944,-0.523998009,0.655729515,0.347587138,-0.0736038834,0.38415125
105646.718236,0.0951061684,-0.293250102,0.387366748,0.354700983,-0.0955672339,0.395244658
105646.728264,0.138765204,-0.187673466,-0.0474374585,0.352950215,-0.129846126,0.397523522
105646.738292,0.0361408788,0.237006091,-0.281077288,0.333020985,-0.152539715,0.362367123
105646.748320,0.00893368643,0.519874499,-0.203552149,0.217664033,-0.14947015,0.325203776
105646.758348,0.128793261,0.683690778,-0.253922154,0.0897878334,-0.124281712,0.296819538
105646.768376,0.372208488,0.844283198,-0.253552152,-0.0347338542,-0.06305217,0.28301239
105646.778404,0.535582977,0.901617635,-0.0169242468,-0.104905218,0.0191337764,0.304359227
105646.788432,0.667974811,0.834246811,0.132666595,-0.100267589,0.0883735716,0.343873888
105646.798460,0.645191974,0.697338195,0.261279531,-0.0667748749,0.132659808,0.392092794
105646.808488,0.430755041,0.428297747,0.426292399,-0.0252508707,0.166291535,0.44096154
105646.818516,0.106687447,0.0467236842,0.359006915,0.0351656005,0.151867047,0.491402358
105646.828544,-0.12776684,-0.239703805,0.0453308416,0.0829469785,0.0706816614,0.502123713
105646.838572,-0.193715651,-0.344851914,-0.105903676,0.109825194,-0.0392253995,0.475037485
105646.848600,-0.163519195,-0.457043803,-0.401833665,0.116995491,-0.167358875,0.440225184
105646.858628,-0.0769483613,-0.466465711,-0.581441459,0.0907202065,-0.281536043,0.407348454
105646.868656,0.157304997,-0.293655322,-0.582225888,0.0305293035,-0.360111296,0.385795772
105646.878684,0.308848872,-0.100765582,-0.391968104,-0.0525357574,-0.381669044,0.37977621
105646.888712,0.45448367,0.0111043815,-0.125884972,-0.114255838,-0.355594575,0.395724833
105646.898740,0.484312991,-0.00231003051,-0.0781359636,-0.104178436,-0.295398057,0.428742975
105646.908768,0.318190628,-0.174666247,0.210664612,-0.0919417441,-0.195026994,0.470223308
105646.918796,0.0225190437,-0.211572447,0.491569465,-0.0457100719,-0.0631360635,0.476717412
105646.928824,-0.131693722,-0.132906176,0.504501428,0.0579252429,0.076612249,0.476885736
105646.938852,-0.271862556,-0.238009934,0.492178537,0.140893623,0.203245014,0.479872197
105646.948880,-0.561155554,-0.0478184937,0.48595864,0.178838074,0.33007887,0.470381498
105646.958908,-0.726820383,0.0466543453,0.171655374,0.271757364,0.417904586,0.468548179
105646.968936,-0.743158573,0.0551521976,-0.345977337,0.341840833,0.470686585,0.471897095
105646.978964,-0.885170431,0.326653994,-0.197066294,0.31501776,0.509579897,0.43739745
105646.988992,-0.986953886,0.554041923,-0.288852598,0.248960972,0.495047569,0.388834685
105646.999020,-0.944864145,0.646128159,-0.373052976,0.170881078,0.446082175,0.330206543
105647.009048,-1.00804307,0.717854986,-0.227552618,0.107389733,0.384563416,0.276363283
105647.019076,-1.14259979,0.721209192,-0.107940735,0.0507040806,0.318885595,0.223970905
105647.029104,-1.1049983,0.622463279,0.0352203665,0.0182116516,0.254923135,0.183210969
105647.039132,-1.02665534,0.411772437,-0.0267296015,0.0336534567,0.199382633,0.148720101
105647.049160,-1.08096115,0.234400877,0.0109428343,0.0530793518,0.155948341,0.105419487
105647.059188,-1.10948969,0.154858261,0.00365793799,0.0940816477,0.119988218,0.0474957339
105647.069216,-1.16570667,-0.00406578813,0.0812543879,0.115910783,0.0951601043,-0.000554347411
105647.079244,-1.25250313,-0.0179764593,0.283685424,0.0807277635,0.0877160355,-0.0685626939
105647.089272,-1.35464935,0.0752022482,0.469963783,-0.00405104365,0.0819321796,-0.132155508
105647.099300,-1.22615069,0.131815239,0.356963426,-0.0515431948,0.0642123073,-0.180784568
105647.109328,-1.05506194,0.0943305809,0.155917707,-0.0713919997,0.0524888076,-0.208903819
105647.119356,-0.994189682,0.130434818,0.168228322,-0.0848582685,0.0661122054,-0.235326901
105647.129384,-0.89817166,0.116900213,0.191463068,-0.0744634196,0.0891794413,-0.244533181
105647.139412,-0.795813401,0.00539250669,0.16688626,-0.0361538529,0.110127337,-0.244029313
105647.149441,-0.657354121,-0.0439011741,-0.0192208333,-0.0105217267,0.131159112,-0.252579391
105647.159469,-0.498405449,0.0142296739,0.239759773,-0.0614442974,0.181312293,-0.25797841
105647.169497,-0.368737012,0.0633200873,0.503182162,-0.102003701,0.238495693,-0.264367074
105647.179525,-0.20716939,0.0154058781,0.396634927,-0.0826417208,0.275792181,-0.253632665
105647.189553,0.0086443481,-0.0954777052,0.164490889,-0.00410643732,0.295019954,-0.231764123
105647.199581,0.116112935,-0.0969694781,0.131049223,0.0853105336,0.298055142,-0.204993501
105647.209609,0.171142822,-0.135973016,-0.0775081871,0.154151365,0.269362777,-0.185892507
105647.219637,0.304079758,-0.0321511151,-0.196325121,0.144302741,0.224198505,-0.183061838
105647.229665,0.401955684,0.0577684445,-0.20584406,0.104944155,0.164417461,-0.190478742
105647.239693,0.516481277,0.193133923,-0.349919353,0.084347263,0.11831709,-0.203461379
105647.249721,0.639105347,0.268152486,-0.316185426,0.0765631124,0.0859405026,-0.197092697
105647.259749,0.696682288,0.276024753,-0.300958046,0.0856258497,0.0663822517,-0.173612133
105647.269777,0.566064734,0.230482826,-0.408406613,0.101865269,0.0447736271,-0.158596173
105647.279805,0.309437194,0.115807669,-0.557546204,0.0893401578,0.0191622749,-0.175412431
105647.289833,0.118644207,0.0660456398,-0.709480395,0.0460246392,-0.0240938552,-0.219639018
105647.299861,-0.0043655748,0.0807519913,-0.776575909,-0.0288996678,-0.0817883089,-0.26822865
105647.309889,-0.0543007684,0.0772564774,-0.833331231,-0.0785279348,-0.136605218,-0.302758932
105647.319917,0.025591172,-0.00978949954,-0.92144323,-0.0719251633,-0.195977733,-0.288297713
105647.329945,0.152189188,-0.18076471,-1.15931558,-0.027315354,-0.256924182,-0.244478315
105647.339973,0.213226863,-0.249126006,-1.00911976,-0.0376590714,-0.287471443,-0.212041557
105647.350001,0.147747844,-0.195576933,-0.726643126,-0.0628086329,-0.304503411,-0.194855914
105647.360029,0.22633031,-0.265705604,-0.721236299,-0.0589832701,-0.317645311,-0.156449661
105647.370057,0.352784972,-0.326352088,-0.57643386,-0.031356167,-0.309072614,-0.110982858
105647.380085,0.366920684,-0.319812676,-0.501030537,0.0127921179,-0.290643245,-0.0732977912
105647.390114,0.297563581,-0.238482666,-0.341167307,-0.0104652671,-0.267525703,-0.053023681
105647.400142,0.204059003,-0.167379889,-0.0135953946,-0.0604208447,-0.237546489,-0.05576168
105647.410170,0.0335540772,-0.149934395,0.221668236,-0.0940112919,-0.20005317,-0.0571640953
105647.420198,0.045902504,-0.0965565134,0.473382067,-0.102113426,-0.163581714,-0.0500649102
105647.430226,0.177860622,-0.121115712,0.679177026,-0.104306802,-0.130660787,-0.029666692
105647.440254,0.170437669,-0.234511717,0.843823399,-0.086770691,-0.100161724,-0.0159239843
105647.450282,0.1574257,-0.337151788,0.982426398,-0.0444123149,-0.0687571913,0.0144941099
105647.460310,0.209941448,-0.51452912,0.984719478,-0.00415916787,-0.0466135442,0.0534359142
105647.470338,0.218551566,-0.628231779,0.944832873,0.00935957022,-0.0167925321,0.0766363069
105647.480366,0.174792832,-0.641325946,0.902377879,0.0286355298,0.0156096173,0.0872671157
105647.490394,0.227281656,-0.717352078,0.625194092,0.0724072456,0.0326503851,0.0948600546
105647.500422,0.241353911,-0.629536578,0.437510543,0.0963480026,0.0508403108,0.0864252895
105647.510450,0.172476628,-0.548236013,0.510389317,0.0903194025,0.0829439163,0.0772674754
105647.520478,0.0608803294,-0.477108832,0.52640054,0.0671419129,0.119996481,0.0663455874
105647.530506,-0.118026441,-0.314163565,0.715703799,0.023494564,0.145940185,0.0680729151
105647.540534,-0.214155523,-0.148796696,0.769290428,-0.00486517185,0.137981594,0.0821003169
105647.550562,-0.29102406,-2.25040928e-05,0.898182765,-0.0132615361,0.109459907,0.099792473
105647.560590,-0.375894446,-0.0404259723,0.790322695,0.0246746615,0.0445325747,0.107219763
105647.570618,-0.455123393,0.033962037,0.680029844,0.0382309519,-0.0221343357,0.0893230587
105647.580647,-0.495103594,-0.100073509,0.678136577,0.0421207622,-0.0672645271,0.07815855
105647.590675,-0.496496948,-0.0788961343,0.392602311,0.0602022968,-0.0974410772,0.0587004311
105647.600703,-0.329006402,0.07924524,0.241776958,0.0378999189,-0.134994835,0.0180989448
105647.610731,-0.362109119,0.240620336,0.268993467,-0.0383325331,-0.167750657,-0.0180321615
105647.620759,-0.430731367,0.246093872,0.23755145,-0.131407887,-0.183297381,-0.0503240563
105647.630787,-0.431748801,0.243395938,0.238845581,-0.215287343,-0.176112175,-0.0559622347
105647.640815,-0.505653703,0.0549794714,0.189122642,-0.238436073,-0.167146116,-0.0133873429
105647.650843,-0.658580375,-0.0536215539,0.00929331352,-0.165631369,-0.16398041,0.0473814644
105647.660871,-0.79996789,-0.136658368,0.0204033211,-0.0916649997,-0.167965308,0.103845008
105647.670899,-1.0269373,-0.180216501,0.197025378,-0.0373194665,-0.144220829,0.136218399
105647.680927,-1.21800845,-0.374348788,0.201814366,0.0119761759,-0.11360167,0.141413152
105647.690955,-1.38529131,-0.428693176,0.201275437,0.0536594428,-0.0676781163,0.11999841
105647.700983,-1.27296885,-0.473070297,0.216509246,0.074070707,-0.0170357153,0.0845429525
105647.711011,-1.15789578,-0.592297419,0.0165092363,0.0709300414,0.00882437918,0.0503333136
105647.721039,-1.03341892,-0.470377551,0.0384732308,-0.00709019275,0.0282505397,0.0178294331
105647.731067,-0.731481506,-0.390208255,0.132846628,-0.0787627771,0.0570963025,0.0114825871
105647.741096,-0.397729006,-0.677512673,-0.209250069,-0.0445150621,0.0736883283,0.0350390449
105647.751124,-0.0446603219,-0.736824986,-0.613774872,0.0398038141,0.0760385692,0.0604999326
105647.761152,0.22941337,-0.641574733,-0.304255919,0.094120048,0.0837976858,0.0753073692
105647.771180,0.335684236,-0.596024404,-0.191052149,0.107499503,0.0781049132,0.0958576575
105647.781208,0.378296941,-0.447334091,-0.179682613,0.12047895,0.055543147,0.116427109
105647.791236,0.377372227,-0.346530368,0.0568815787,0.0907628685,0.03286127,0.152346492
105647.801264,0.37698352,-0.245750173,0.0322492417,0.118648827,-0.00384108257,0.202818722
105647.811292,0.41129364,-0.22250286,-0.229901227,0.153474972,-0.0363281853,0.244347781
105647.821320,0.260910113,-0.038416313,-0.0793517691,0.136154845,-0.0279988833,0.25526461
105647.831348,0.0361024465,-0.000679506697,-0.0782458537,0.132762238,-0.0205329787,0.261634648
105647.841376,-0.129317687,-0.00239544377,-0.319891879,0.1484669,-0.03314358,0.248491138
105647.851404,-0.293387136,0.168641799,-0.144156542,0.102740437,-0.0407833867,0.209365577
105647.861432,-0.530079557,0.230657818,-0.0881821413,0.0776262954,-0.0589336306,0.156350821
105647.871460,-0.638031508,0.263883868,-0.409014516,0.098264724,-0.0862693787,0.100880645
105647.881489,-0.696654012,0.433538278,-0.233678407,0.0773695633,-0.100430205,0.0577014796
105647.891517,-0.801456448,0.602750716,0.108070499,0.0383875445,-0.114460006,0.0184297096
105647.901545,-0.797616213,0.66924578,0.113824532,0.0132574234,-0.124855123,-0.016063286
105647.911573,-0.777925716,0.693248149,0.185168351,-0.0447739214,-0.118310936,-0.049277965
105647.921601,-0.725227268,0.688422555,0.202215348,-0.104933135,-0.127331853,-0.0812444165
105647.931629,-0.55056979,0.589117766,0.0205149648,-0.114600673,-0.140598655,-0.100609332
105647.941657,-0.333528081,0.507440184,0.0784445912,-0.0969452485,-0.121721111,-0.0974889025
105647.951685,-0.237739118,0.431037767,0.290026902,-0.08194419,-0.079429321,-0.0806550607
105647.961713,-0.233184779,0.442344027,0.417874114,-0.0742921308,-0.0268055219,-0.0661930293
105647.971741,-0.19143322,0.367236472,0.478522352,-0.0582140945,0.0517843626,-0.0499288402
105647.981769,-0.159498817,0.261527588,0.336165553,-0.0320131183,0.129680231,-0.0276355222
105647.991797,-0.0679868735,0.220457034,0.231784557,-0.00225895224,0.196445152,0.000923952088
105648.001825,0.0505681943,0.206621912,0.152963533,0.0239132643,0.265525401,0.0260567367
105648.011854,-0.0715537357,0.153730572,0.148715228,0.0348055921,0.351810753,0.0472813323
105648.021882,-0.298749759,0.106812534,0.0946159738,0.0358945578,0.431040049,0.0496789739
105648.031910,-0.354077276,0.136007722,-0.175106976,0.0492926575,0.485408753,0.0397999808
105648.041938,-0.357252655,0.285862403,-0.438781878,0.0254930519,0.536701262,0.031935662
105648.051966,-0.288932823,0.431439187,-0.723020844,0.0124478219,0.577271283,0.0533677191
105648.061994,0.0107392015,0.510077401,-1.22499188,0.0616079122,0.583226681,0.114902988
105648.072022,0.338824105,0.584695566,-1.42427994,0.133328423,0.586716712,0.200355023
105648.082050,0.520470346,0.635006022,-1.16417997,0.186451837,0.59741199,0.291613579
105648.092078,0.536002335,0.573911575,-0.964992448,0.214265093,0.583412528,0.3702887
105648.102106,0.538087836,0.591126695,-0.752735015,0.18788968,0.532758713,0.409670711
105648.112134,0.561385198,0.576740588,-0.572796381,0.132647723,0.4308483,0.411514968
105648.122162,0.494111113,0.450718619,-0.539479802,0.0973898768,0.290569514,0.38288784
105648.132191,0.346773456,0.438632094,-0.398487861,0.0492905267,0.166370332,0.319439888
105648.142219,0.10120507,0.416904539,-0.0383382062,-0.0299683437,0.0756880939,0.237266183
105648.152247,-0.0365326181,0.430809292,0.0758972448,-0.0786682367,-0.00651170081,0.147987694
105648.162275,0.00633694794,0.453544344,0.0253577286,-0.101697922,-0.0881708786,0.0783441737
105648.172303,0.0566601179,0.411801882,0.077399466,-0.108113743,-0.151272342,0.0389613509
105648.182331,-0.00584646101,0.411299339,0.323691856,-0.125523642,-0.20133923,0.0264402311
105648.192359,-0.0433816072,0.296454524,0.425225062,-0.141071975,-0.236744106,0.0228915699
105648.202387,0.0887016352,0.0818148713,0.346678179,-0.132033199,-0.269946009,0.0337817669
105648.212415,0.252338611,-0.0934254488,0.100742348,-0.0941654369,-0.307961822,0.042495098
105648.222443,0.378416183,-0.230469236,-0.0209843358,-0.0539479777,-0.339337856,0.0583185367
105648.232471,0.468024704,-0.347357832,-0.0786748928,-0.0209839046,-0.350394249,0.073583506
105648.242500,0.389320951,-0.398648532,0.0148550393,-0.0374646075,-0.334197164,0.0703746676
105648.252528,0.308382059,-0.382385818,0.116368371,-0.10970898,-0.31214273,0.0475476459
105648.262556,0.304281711,-0.297160919,0.0742038849,-0.175857112,-0.304627836,0.00684043113
105648.272584,0.426008394,-0.113749275,-0.0090869773,-0.203481555,-0.301903129,-0.0239310637
105648.282612,0.556752497,-0.107385074,-0.0290951616,-0.198482528,-0.278261453,-0.016582869
105648.292640,0.467872802,-0.0865772634,0.0869815334,-0.200141147,-0.22192201,0.00467474852
105648.302668,0.302069003,-0.117430228,0.254897137,-0.197422326,-0.165339157,0.0214689076
105648.312696,0.241259656,-0.215676083,0.190213944,-0.196514994,-0.133371368,0.028132936
105648.322724,0.271252351,-0.343536228,0.267691736,-0.221197963,-0.134479776,0.0346872434
105648.332752,0.203638951,-0.41035424,0.286365457,-0.221711427,-0.151875809,0.0239570998
105648.342781,0.204406574,-0.482531003,0.23736148,-0.226193786,-0.19355002,0.0110439649
105648.352809,0.223112224,-0.387867683,0.328804084,-0.254405171,-0.248935774,-0.0105388258
105648.362837,0.0857120249,-0.233867281,0.618658553,-0.282887697,-0.286415786,-0.0304709896
105648.372865,-0.0775589674,-0.115719625,0.840237941,-0.279079378,-0.284023225,-0.0270464309
105648.382893,-0.178243667,-0.154621237,0.99174017,-0.272048622,-0.234946996,0.0215184428
105648.392921,-0.448062588,-0.396579032,1.4112714,-0.304094166,-0.123928882,0.104020245
105648.402949,-0.884899359,-0.746901632,1.74362587,-0.321180224,0.00566187501,0.157055229
105648.412977,-1.06351215,-1.07265802,1.65641579,-0.280980855,0.102187611,0.160833716
105648.423005,-0.83926369,-1.3467776,1.29536831,-0.184644476,0.117110103,0.11203716
105648.433033,-0.495146009,-1.34480644,0.58722998,-0.0699828714,0.0612689443,0.00492135715
105648.443062,-0.294918474,-1.28154554,0.399072968,-0.0344491117,0.0129056731,-0.113647103
105648.453090,-0.268910574,-1.2272946,0.348877735,-0.0418239385,-0.0025393297,-0.205660641
105648.463118,-0.14531806,-0.948919558,0.253522341,-0.104110211,0.00350737758,-0.258412004
105648.473146,0.221228237,-0.580525806,0.0384714772,-0.161450744,-0.00242960732,-0.282323182
105648.483174,0.623408816,-0.200923116,-0.327017785,-0.181666806,-0.0148066478,-0.260697782
105648.493202,0.914458777,-0.0435724536,-0.434817066,-0.154519871,0.00181866728,-0.172712296
105648.503230,0.992784199,-0.0146780753,-0.200978499,-0.100664087,0.0797813758,-0.0531379506
105648.513258,0.926152869,-0.179438283,0.290814838,-0.0260915793,0.199460372,0.0945700184
105648.523286,0.770705921,-0.513815053,0.457123006,0.0797783956,0.314209044,0.211286783
105648.533315,0.555173849,-0.717242115,0.778902891,0.168886155,0.422306746,0.255231321
105648.543343,0.221460073,-1.06843865,0.957512906,0.230658174,0.510657132,0.23003757
105648.553371,0.0180544929,-1.32290894,0.798766113,0.293251991,0.551284671,0.160380527
105648.563399,-0.00901990341,-1.28382707,0.67090838,0.343961239,0.560777009,0.0869979262
105648.573427,-0.0628772389,-0.990131127,0.356020008,0.381555498,0.553483903,-0.00142461527
105648.583455,-0.169586094,-0.658856854,0.0232686474,0.354381651,0.534671605,-0.0791881233
105648.593483,-0.332227702,-0.183691776,-0.191335057,0.273618639,0.518755496,-0.176156476
105648.603511,-0.429310577,0.313433278,-0.597818594,0.231799543,0.494568944,-0.247545704
105648.613539,-0.374827511,0.639972632,-1.06494745,0.246810451,0.443976879,-0.273104608
105648.623568,-0.253385563,0.974186612,-1.2228911,0.272664964,0.354405463,-0.275394112
105648.633596,-0.0948983709,1.28717901,-1.20903034,0.274328649,0.220070019,-0.272637486
105648.643624,0.154794475,1.30677409,-1.26501,0.240778118,0.0492476672,-0.267702639
105648.653652,0.402277682,1.11871403,-1.3961206,0.211681217,-0.138730213,-0.279939622
105648.663680,0.399818672,0.945311158,-1.37256495,0.093787618,-0.2936351,-0.355799228
105648.673708,0.124550217,0.799152117,-1.17772159,-0.0772451162,-0.384244651,-0.48669225
105648.683736,-0.105871673,0.5460537,-1.24097154,-0.220357001,-0.409960657,-0.608175814
105648.693764,-0.0962623527,0.365103697,-1.52955116,-0.277853847,-0.37501359,-0.671179831
105648.703793,-0.0625328093,0.439696216,-1.34364865,-0.33414188,-0.276183426,-0.672441602
105648.713821,0.0146471687,0.580440539,-1.21163204,-0.328939646,-0.147421986,-0.604320109
105648.723849,0.336910745,0.628320334,-1.46555186,-0.242121682,-0.0440993235,-0.47373572
105648.733877,0.708603027,0.572480008,-1.49596161,-0.114902742,0.0187398251,-0.312024027
105648.743905,0.97500392,0.333848801,-1.47267426,0.000748486491,0.034891367,-0.157768682
105648.753933,1.02529969,0.140750241,-1.31624568,0.0633333027,0.0177640431,-0.0500339642
105648.763961,0.960481839,0.0145158705,-1.04458329,0.0891739577,-0.0274684168,0.00487882039
105648.773989,0.900767229,-0.102224695,-0.868296161,0.0919905156,-0.0875916779,0.0139719173
105648.784017,0.756991868,-0.119274176,-0.543202037,0.0530721471,-0.134437472,-0.0235038195
105648.794046,0.440141403,0.00760740626,-0.192560215,7.65709556e-05,-0.145816624,-0.0739859045
105648.804074,0.220029091,0.218778506,0.104731125,-0.0370092764,-0.120312341,-0.117386647
105648.814102,0.121774541,0.430737834,0.148046535,-0.0440477468,-0.0984669626,-0.134858027
105648.824130,0.149084719,0.705012456,0.107908586,-0.0338233374,-0.0845551416,-0.135892674
105648.834159,0.265671044,0.845217337,0.157621588,-0.0161921475,-0.0842866898,-0.0958978608
105648.844187,0.401873412,0.88138536,0.158657361,-0.00591500849,-0.0927009508,-0.0369288102
105648.854215,0.489080644,0.840246125,0.332432212,-0.00803648308,-0.0921257064,0.0025392333
105648.864243,0.514907013,0.603241203,0.403425902,0.00511420611,-0.0909493864,0.0377041474
105648.874272,0.513500215,0.304445011,0.431754171,0.0297612287,-0.101550639,0.070477806
105648.884300,0.520953819,0.0546659484,0.4780296,0.0577814132,-0.123515591,0.0855941698
105648.894328,0.41254912,-0.0618336481,0.591768792,0.0452765413,-0.138361111,0.074907437
105648.904356,0.316209683,-0.123471116,0.906897987,0.0147900032,-0.137354702,0.0589276776
105648.914384,0.265724236,-0.22299817,0.91321433,0.032821469,-0.137470812,0.0455399603
105648.924412,0.263822055,-0.239243713,0.889500862,0.0687123612,-0.135407925,0.0617173389
105648.934440,0.289357405,-0.173765133,0.962498878,0.095264338,-0.127447471,0.0960172489
105648.944469,0.189654995,-0.00763480573,0.977939024,0.0942997411,-0.114881352,0.13828136
105648.954497,0.158136187,0.150323029,0.892552651,0.0926824063,-0.111143343,0.191700906
105648.964525,0.242898583,0.262893761,0.664680884,0.112872899,-0.123985104,0.254863083
105648.974553,0.253199101,0.394099344,0.578690699,0.122836314,-0.158508718,0.321491659
105648.984581,0.233899795,0.484004437,0.616962855,0.107828334,-0.205436274,0.367966205
105648.994609,0.171795404,0.437509301,0.681017686,0.0812830105,-0.270746857,0.389812917
105649.004637,0.0941992827,0.253643556,0.566252074,0.0624768361,-0.357515037,0.369540662
105649.014665,-0.011046112,0.124241224,0.460949286,0.0104538444,-0.437295616,0.302176535
105649.024694,-0.154604031,0.178982283,0.672735011,-0.110572711,-0.511865437,0.186404407
105649.034722,-0.24849158,0.32080008,0.770230924,-0.251277089,-0.563063145,0.0681672469
105649.044750,-0.143531505,0.376368092,0.685025752,-0.357721776,-0.57953161,-0.00335061364
105649.054778,0.00887954509,0.437131992,0.752512896,-0.41655767,-0.541881919,-0.0153161958
105649.064806,-0.0257340329,0.48994654,1.0272113,-0.444720864,-0.426125765,0.0299149305
105649.074834,-0.0331930071,0.241674082,1.31602765,-0.415827692,-0.23979719,0.128296897
105649.084862,-0.272404937,-0.144952953,1.41789345,-0.295040816,-0.0454958826,0.241770193
105649.094891,-0.54046315,-0.587781184,1.45553491,-0.119288966,0.133323938,0.323088467
105649.104919,-0.729902128,-0.944374023,1.35742525,0.0515336394,0.244483739,0.340046167
105649.114947,-0.789355895,-1.01061599,1.00705231,0.165217325,0.259792656,0.276262373
105649.124975,-0.700222006,-0.840936007,0.824500274,0.113635093,0.217854261,0.155323192
105649.135003,-0.450585969,-0.519598897,0.544754527,-0.0325996131,0.135356188,0.0210154466
105649.145031,0.0131525828,-0.108580202,-0.174997086,-0.170086116,0.0225606617,-0.0773979425
105649.155059,0.556030283,0.282406052,-0.396491719,-0.277432799,-0.0287568532,-0.0949665532
105649.165087,0.799959269,0.408332087,-0.112778822,-0.283369511,-0.00131351093,-0.0296107139
105649.175116,0.850605606,0.300936126,-0.0643465077,-0.193819672,0.0679467842,0.0747449845
105649.185144,0.764350926,0.172653445,0.231069102,-0.132105976,0.153535992,0.15663293
105649.195172,0.472773689,-0.0301632292,0.715786217,-0.0855360627,0.239344105,0.199927941
105649.205200,0.18270503,-0.424144281,0.890533127,-0.0114716943,0.312146425,0.218474731
105649.215228,0.0485318296,-0.671907035,1.17988198,0.0281857029,0.374708056,0.198526323
105649.225256,-0.0365783569,-0.806229289,1.28470254,0.0591036752,0.388711751,0.143114999
105649.235285,0.0795638775,-0.791829446,0.965838252,0.0872910991,0.346331,0.0655341744
105649.245313,0.214210468,-0.566303219,0.911665347,0.0825621262,0.311356246,-0.0179154407
105649.255341,0.211401475,-0.387651264,0.95018534,0.0900077969,0.315621555,-0.0585129336
105649.265369,0.173206111,-0.307741715,0.6608774,0.131658301,0.348414391,-0.0628118142
105649.275397,0.0372657547,-0.17479791,0.492477228,0.177306473,0.413368911,-0.049297601
105649.285425,-0.144858699,-0.0171235688,0.21067221,0.224747494,0.471407175,-0.0263438132
105649.295453,-0.331202962,0.096074502,-0.144893624,0.260904968,0.51019609,-0.0216422696
105649.305482,-0.669189082,0.208248637,-0.235106394,0.260102302,0.515068114,-0.0604895353
105649.315510,-0.882638794,0.31762145,-0.265702024,0.224938169,0.462888777,-0.135256171
105649.325538,-0.839556389,0.381801223,-0.544931053,0.182496443,0.327505141,-0.221733019
105649.335566,-0.600478314,0.461660503,-0.730134476,0.106223784,0.168149829,-0.314701855
105649.345594,-0.334741804,0.597177227,-0.699485655,0.0159479454,0.0391436368,-0.402881503
105649.355622,-0.0831627057,0.657403878,-0.729454092,-0.050438799,-0.0439382009,-0.449393094
105649.365650,0.20445677,0.695836923,-0.750466485,-0.0948294327,-0.0787137598,-0.461551756
105649.375679,0.341703606,0.745956022,-0.679414927,-0.132075876,-0.0630804747,-0.461869448
105649.385707,0.309665011,0.708547936,-0.48513914,-0.170743108,0.0134007204,-0.458783388
105649.395735,0.352739087,0.551288605,-0.416888026,-0.175367698,0.13539587,-0.434536904
105649.405763,0.405639852,0.26631168,-0.560599747,-0.117537409,0.261348218,-0.383608758
105649.415791,0.459004289,0.0174640528,-0.893997004,-0.0187154934,0.350368351,-0.323612511
105649.425819,0.422607865,-0.106130617,-1.12365449,0.0503021926,0.387526929,-0.269429445
105649.435848,0.40814767,-0.151250154,-1.26730308,0.103568077,0.368284523,-0.216876999
105649.445876,0.481524457,-0.179873752,-1.51993344,0.161060929,0.28379786,-0.159208119
105649.455904,0.59043769,-0.124262339,-1.69858963,0.190088049,0.143132627,-0.10960941
105649.465932,0.697781554,-0.0315076296,-1.9014725,0.187714368,-0.0376331694,-0.0849733055
105649.475960,0.778214105,0.0984706034,-1.96685829,0.108312495,-0.20998469,-0.0721123666
105649.485988,0.804993537,0.211918265,-1.72018012,0.000734371715,-0.34221676,-0.0600663573
105649.496016,0.733352561,0.240070593,-1.51530519,-0.0819466561,-0.440389931,-0.034040086
105649.506045,0.687557171,0.221609053,-1.1374644,-0.133882567,-0.496005535,-0.00299002137
105649.516073,0.49743675,0.132970254,-0.521273699,-0.156923965,-0.507523954,0.0269028954
105649.526101,0.279601077,-0.117936059,-0.0978659155,-0.127029717,-0.501449823,0.0608275756
105649.536129,0.0914225845,-0.390428035,0.241422738,-0.0803953633,-0.501857042,0.0829158276
105649.546157,-0.0748784962,-0.570103488,0.643631666,-0.0627367496,-0.503321469,0.0706700832
105649.556185,-0.163536292,-0.732376702,0.822941354,-0.0591783226,-0.518332958,0.0377824977
105649.566214,-0.0737395553,-0.837273246,0.827576613,-0.0491597764,-0.534664273,0.00849358365
105649.576242,0.128009673,-0.888145648,0.774186968,-0.0270281117,-0.554547966,-0.000281265937
105649.586270,0.299488047,-0.811184865,0.670126289,-0.0088821305,-0.545115054,0.00421361718
105649.596298,0.401979539,-0.633964843,0.817896346,-0.00341173122,-0.489827514,0.0320375264
105649.606326,0.444931231,-0.593891045,0.867006121,0.0300471578,-0.392702043,0.0954148993
105649.616354,0.450958821,-0.564224075,0.788870158,0.100068055,-0.266073793,0.180706099
105649.626383,0.427733574,-0.45695481,0.70768942,0.141731083,-0.140773401,0.255819201
105649.636411,0.378512593,-0.244440625,0.757818017,0.141328141,-0.0352693535,0.295738667
105649.646439,0.272023847,-0.0672372607,0.842545634,0.121133126,0.0685156286,0.312027633
105649.656467,0.148829283,-0.0730832103,0.973007997,0.108052216,0.169668078,0.318996847
105649.666495,0.0603568901,0.00775660548,1.09091775,0.0966893062,0.263661712,0.31225428
105649.676523,0.0886404795,0.0297442731,1.10461018,0.0936996415,0.319186479,0.302242905
105649.686552,0.202155179,-0.0124386258,0.937950712,0.105524078,0.339171648,0.276809722
105649.696580,0.318225553,-0.0138113755,0.924176454,0.060386423,0.326287538,0.225709528
105649.706608,0.508691536,0.00333265155,0.643573798,0.0502104871,0.260739684,0.159353405
105649.716636,0.6746803,0.0701136929,0.495209283,-0.0724672303,0.155103788,0.108452141
105649.726664,0.931996553,0.327933585,0.672732088,-0.144021571,0.051733721,0.0247995853
105649.736692,0.907564926,0.542197098,0.676077307,-0.214994013,-0.0594977252,-0.0406177677
105649.746721,0.744430493,0.400326037,0.92506142,-0.286199212,-0.142511383,-0.0972565487
105649.756749,0.355319312,0.41294528,0.885186506,-0.314505696,-0.171777666,-0.16070956
105649.766777,0.0134389985,0.177113347,0.859991274,-0.304956406,-0.146727443,-0.194372982
105649.776805,-0.183219227,0.0243817232,0.623624651,-0.248881951,-0.088241227,-0.192133531
105649.786833,-0.250530868,-0.050668111,0.345782107,-0.192444503,-0.0289502013,-0.159900218
105649.796862,-0.235087836,-0.206226921,-0.0205400992,-0.104478426,0.0199451689,-0.129765749
105649.806890,-0.032291583,-0.292522372,-0.269744577,-0.0091188848,0.026663525,-0.109634653
105649.816918,0.260672797,-0.284640241,-0.665902534,0.0490530767,-0.0318778157,-0.111613385
105649.826946,0.441862527,-0.157342041,-0.743320121,0.00470718136,-0.126561448,-0.143604338
105649.836973,0.533914752,-0.00540127452,-0.882915638,-0.0515148118,-0.226685911,-0.196157292
105649.847001,0.550813353,-0.0671817311,-0.880517345,-0.146817625,-0.294148296,-0.188657567
105649.857030,0.464625892,-0.255173323,-0.653560355,-0.184670731,-0.278110206,-0.147006527
105649.867058,0.290817578,-0.195145848,-0.51839902,-0.165080249,-0.201129958,-0.0727144554
105649.877086,0.162799466,-0.434728803,-0.194854464,-0.0991763398,-0.0994302258,0.0340761766
105649.887114,0.0224269359,-0.487621751,-0.0158984109,0.0106372423,0.00303143216,0.130622685
105649.897142,0.00785374571,-0.508134523,0.203265149,0.100564204,0.0819438249,0.202932835
105649.907170,-0.0340384997,-0.514504789,0.266298821,0.155596823,0.11878626,0.245092005
105649.917199,-0.0863592002,-0.522198705,0.262184371,0.185536087,0.119531147,0.247803912
105649.927227,-0.193969826,-0.494858132,0.291384162,0.188970238,0.109666795,0.227204353
105649.937255,-0.345837454,-0.412084571,0.459608977,0.148907766,0.110504627,0.191215724
105649.947283,-0.478578868,-0.319260742,0.626142771,0.119079828,0.122577801,0.156346425
105649.957311,-0.481612829,-0.284682326,0.315165435,0.158749476,0.126277998,0.129602432
105649.967340,-0.452848032,-0.210344001,0.113407183,0.22583051,0.138462499,0.104979381
105649.977368,-0.641860053,-0.0143657945,0.239527718,0.275221765,0.17901817,0.0656719133
105649.987396,-0.906332023,0.132359429,0.208784205,0.296199471,0.234573841,0.0224634614
105649.997424,-1.06299682,0.293021262,0.0328805253,0.285234988,0.291723698,-0.0393964425
105650.007452,-1.15883306,0.59956383,0.0625204613,0.223045111,0.338349253,-0.115634486
105650.017481,-1.10146523,0.779507725,-0.0103559743,0.164619625,0.371840358,-0.19193086
105650.027509,-0.924088483,0.870102626,-0.183009127,0.128746569,0.387880862,-0.247694254
105650.037537,-0.713738856,1.02589057,-0.119876087,0.0711871386,0.398678392,-0.291836679
105650.047565,-0.493685581,1.10368751,0.050641223,0.0117970491,0.395430654,-0.312963277
105650.057593,-0.180404206,0.986367245,-0.0882435161,0.0145499585,0.37274611,-0.305608422
105650.067621,0.195804531,0.918941914,-0.0958528221,0.0170306917,0.344735265,-0.280482829
105650.077650,0.508333407,0.771829737,0.0366050988,0.0127360802,0.315017581,-0.249964327
105650.087678,0.73125347,0.591548573,-0.213891757,0.0335995518,0.259530067,-0.218502551
105650.097706,0.852358807,0.450779336,-0.198982357,0.0289994702,0.19443281,-0.196609229
105650.107734,0.581431815,0.245954975,-0.212064542,0.0416689292,0.134526074,-0.190581694
105650.117762,0.144971439,-0.0139152742,-0.404956181,0.0341923721,0.124827906,-0.234318793
105650.127791,-0.164637458,-0.139350311,-0.474950339,-0.0201433077,0.16607362,-0.279145658
105650.137819,-0.262676904,-0.265808261,-0.6982453,-0.0494298227,0.233059034,-0.31018585
105650.147847,-0.0430077324,-0.10952815,-1.09297761,-0.0414664373,0.281988233,-0.31375742
105650.157875,0.323043475,0.0264548762,-1.41467683,0.0110337874,0.303058386,-0.253665328
105650.167903,0.725215432,0.128867641,-1.64679047,0.101451568,0.312457204,-0.149804175
105650.177932,1.01421584,0.251162919,-1.72493053,0.172792062,0.304275453,-0.0162996463
105650.187960,1.04530663,0.27905886,-1.78740481,0.213519245,0.262092829,0.116605408
105650.197988,1.00994554,0.190452575,-1.56700265,0.23157309,0.221679091,0.218044952
105650.208016,0.83347305,-0.00657265639,-1.27601888,0.230768278,0.158633813,0.267624736
105650.218044,0.522165606,-0.142506948,-0.868652135,0.197403938,0.0953270048,0.258507401
105650.228073,0.226679269,-0.192989327,-0.511558945,0.171794176,0.0204266682,0.217354119
105650.238101,-0.0344767085,-0.251346166,-0.238527601,0.120454818,-0.0527239777,0.177022412
105650.248129,-0.287402545,-0.197771593,0.186335057,0.0819958448,-0.111566521,0.0962647125
105650.258157,-0.494505592,-0.00769318485,0.45924482,0.0203034505,-0.165039599,-0.000476475805
105650.268185,-0.498105808,0.0440857369,0.745903707,-0.030957073,-0.226418272,-0.0769134611
105650.278214,-0.499807351,-0.0559115646,0.987660792,-0.060541328,-0.281271398,-0.123931572
105650.288242,-0.486430349,-0.101084074,1.34439625,-0.0682812706,-0.322346389,-0.165178865
105650.298270,-0.3382984,-0.0984480993,1.49576521,-0.0416555218,-0.365752459,-0.198354408
105650.308298,-0.0546904983,-0.34116022,1.42977328,0.0227599517,-0.409684479,-0.218424782
105650.318326,0.170622378,-0.496246006,1.33995564,0.0765185207,-0.432425469,-0.239692524
105650.328354,0.308921207,-0.578321501,1.31114456,0.100464337,-0.412857383,-0.248686552
105650.338383,0.451951521,-0.653252969,1.17327455,0.139499083,-0.376289248,-0.218304411
105650.348411,0.689884883,-0.598409984,0.860264246,0.19866015,-0.339616984,-0.171090826
105650.358439,0.722264327,-0.390651761,0.790229756,0.237712473,-0.309526443,-0.12101914
105650.368467,0.63656918,-0.348387687,0.832323515,0.270876557,-0.285517544,-0.0557676926
105650.378496,0.447002082,-0.0754655754,0.982382559,0.286548465,-0.260741621,-0.0268244594
105650.388524,0.193957296,0.0983342636,1.2570003,0.230560288,-0.22415325,-0.00763691682
105650.398552,-0.0164222886,0.289878287,1.25851479,0.210205749,-0.190124452,-0.0197694786
105650.408580,-0.15400201,0.375192545,0.992088545,0.156828001,-0.168371484,-0.0375599265
105650.418608,-0.121509862,0.476307014,0.895350172,0.0924207866,-0.158616588,-0.054491505
105650.428637,-0.2304201,0.444244308,0.8074071,0.00686061336,-0.148506433,-0.0691306368
105650.438665,-0.36734132,0.389487028,0.766240393,-0.0697449446,-0.148301899,-0.104949884
105650.448693,-0.283378002,0.388351302,0.672886986,-0.145984858,-0.177388683,-0.126204044
105650.458721,-0.156892543,0.41164713,0.527763645,-0.187707543,-0.237720996,-0.135905668
105650.468749,0.0430077324,0.519906283,0.632535687,-0.222640485,-0.309343219,-0.12943472
105650.478778,0.0588317629,0.718831138,0.714341863,-0.275254697,-0.350029141,-0.106127538
105650.488806,-0.100740704,0.7073059,1.01340021,-0.398646146,-0.350124747,-0.0706771314
105650.498834,-0.305886333,0.564655087,1.04483405,-0.446724981,-0.307095528,-0.0176887512
105650.508862,-0.601232128,0.178168775,1.10329383,-0.428654641,-0.223320216,0.0624399073
105650.518890,-0.857941502,-0.220101937,1.27933838,-0.33568421,-0.12096668,0.150699466
105650.528919,-1.02848205,-0.477560375,1.08357382,-0.166364968,-0.0379117392,0.214762598
105650.538947,-1.0970979,-0.454929222,0.967976433,-0.0346095972,0.0169741455,0.233774379
105650.548975,-1.07939069,-0.359553151,0.901314634,0.0101616019,0.0283682141,0.227110878
105650.559003,-1.15347438,-0.253886644,0.564222614,0.00324410899,0.0166687947,0.180096805
105650.569032,-1.13873303,-0.26428675,0.175429632,-0.0352963582,-0.0235864818,0.124085478
105650.579060,-0.809254774,-0.310509134,-0.337771235,-0.0869835243,-0.0730150193,0.102784723
105650.589088,-0.472092392,-0.365091715,-0.441659479,-0.140722916,-0.0928869918,0.0988134146
105650.599116,-0.145504267,-0.41161878,-0.541986232,-0.144615665,-0.116802707,0.111395516
105650.609144,0.30321799,-0.433685285,-0.728590753,-0.124558598,-0.137718916,0.152691573
105650.619173,0.498409796,-0.458086882,-0.530525511,-0.100229554,-0.13516441,0.219412804
105650.629201,0.57726779,-0.533985735,-0.465441921,-0.0332513191,-0.113252454,0.296002388
105650.639229,0.673643358,-0.603101941,-0.438415383,0.0148464367,-0.0977019891,0.355453998
105650.649257,0.635559857,-0.507205718,-0.33499534,0.0642920136,-0.0862176344,0.384273648
105650.659285,0.524960278,-0.54743646,-0.323493703,0.137588069,-0.079227373,0.422047377
105650.669314,0.342733643,-0.508460979,-0.386340912,0.240035608,-0.0623943321,0.458861858
105650.679342,0.0203166292,-0.330845673,-0.35706338,0.320229262,-0.0215217322,0.473501265
105650.689370,-0.222862232,-0.141292239,-0.181976862,0.317008674,0.022660641,0.466511786
105650.699398,-0.531262922,-0.0517160126,-0.455462964,0.345548719,0.0568803959,0.434285402
105650.709427,-0.78353435,0.131133175,-0.676535572,0.334352255,0.077850394,0.373422056
105650.719455,-1.07587216,0.405851449,-0.661034636,0.321856707,0.091404818,0.267374992
105650.729483,-1.28352634,0.618445494,-0.706678197,0.288252145,0.0956557617,0.135085404
105650.739511,-1.29875912,0.833287172,-0.467390133,0.198710814,0.105489746,-0.00690902025
105650.749539,-1.07491164,1.05395989,-0.40974926,0.135339022,0.106589101,-0.122031622
105650.759568,-0.552081619,1.19367276,-0.517155157,0.0723560676,0.0924557,-0.18839252
105650.769596,-0.0474135296,1.35066496,-0.416985057,0.0200489219,0.0991194621,-0.224244803
105650.779624,0.300566636,1.29337392,-0.381700393,0.021006329,0.156322032,-0.211631805
105650.789652,0.506366162,1.03602348,-0.389301515,0.0408327617,0.272265434,-0.171932071
105650.799681,0.638286286,0.973929715,-0.200500945,0.0418311842,0.4113594,-0.145000577
105650.809709,0.864705005,0.919012495,-0.247262112,0.0384255312,0.524731994,-0.131351888
105650.819737,0.981928386,0.909846315,-0.385664036,0.0485383533,0.601358354,-0.129614174
105650.829765,0.797756133,0.695276294,-0.238823954,0.0495237224,0.667290211,-0.109841257
105650.839794,0.627581352,0.349227206,-0.230683902,0.0759433433,0.683801293,-0.108048156
105650.849823,0.414931266,0.111963561,-0.503490789,0.111098401,0.622126997,-0.143333435
105650.859851,0.140106682,-0.0509876252,-0.702944271,0.0785548389,0.507119954,-0.215172201
105650.869879,-0.0145373517,-0.0670320935,-0.7846125,0.00218496984,0.379751682,-0.304143906
105650.879907,0.0240799638,-0.0658721829,-1.04151104,-0.042396348,0.227558926,-0.367306888
105650.889936,0.219565857,0.146230133,-1.23214759,-0.0500409491,0.0829615369,-0.389916331
105650.899964,0.580477802,0.447927673,-1.25095575,-0.0360183418,-0.0536921881,-0.372330159
105650.909992,0.946959144,0.61060238,-1.43836107,0.00725988951,-0.173574924,-0.304168671
105650.920020,1.17201439,0.628304844,-1.40031863,0.0722260997,-0.231194004,-0.194420606
105650.930048,1.01533125,0.582526697,-1.10097153,0.143561006,-0.219963461,-0.0804724544
105650.940077,0.723354826,0.498032962,-0.806301185,0.186474651,-0.175562173,0.000364605337
105650.950105,0.399377065,0.46832851,-0.287422857,0.183929205,-0.138156742,0.031232506
105650.960133,0.0809515325,0.356976797,0.15664193,0.172856838,-0.127493441,0.0200360455
105650.970161,-0.153432758,0.312876959,0.56962418,0.129552245,-0.143996254,-0.0301903747
105650.980190,-0.299359452,0.351190615,0.990591,0.0564223751,-0.17131044,-0.110607453
105650.990218,-0.282396188,0.256493174,1.08231008,-0.000476327172,-0.222904116,-0.176265836
105651.000246,-0.0972063556,0.126909566,0.943255833,-0.030129293,-0.268499553,-0.226476252
105651.010274,0.0791199331,0.0867644565,0.946342693,-0.0783367753,-0.298906982,-0.251950741
105651.020303,0.336133258,0.0253113322,0.764521314,-0.100752331,-0.323180914,-0.248578101
105651.030331,0.64261679,-0.0698869715,0.523760839,-0.0727902055,-0.327880323,-0.209825128
105651.040359,0.825550222,-0.138874291,0.447659596,-0.0315508917,-0.316900373,-0.155103803
105651.050387,0.947640258,-0.189916496,0.484708932,-0.0157106742,-0.289812028,-0.107256927
105651.060416,1.04081487,-0.291668386,0.512152235,0.0146221984,-0.263919711,-0.0638577938
105651.070444,1.13575701,-0.51393868,0.405344888,0.0449337661,-0.248607621,-0.0271762088
105651.080472,1.14283119,-0.621787279,0.515385225,0.0518678389,-0.227559865,-0.0120635685
105651.090500,1.02300552,-0.707490901,0.681965196,0.0363746323,-0.216735169,-0.00185753684
105651.100528,0.828794683,-0.60070299,0.888223097,0.00949295051,-0.213619009,-0.00994342566
105651.110557,0.658956661,-0.574149695,1.07837333,-0.00797339156,-0.213643774,0.000525726005
105651.120585,0.538793171,-0.600882,1.11999479,0.0139699904,-0.19950825,0.0232352987
105651.130613,0.521175389,-0.684232045,1.02605277,0.0403986685,-0.180120707,0.0711732656
105651.140641,0.423741326,-0.469135661,0.984827614,0.113353297,-0.141995952,0.0805819482
105651.150670,0.422356192,-0.399294209,1.16394733,0.102082536,-0.114308126,0.110075124
105651.160698,0.390329872,-0.335523456,0.943584919,0.145254508,-0.108908035,0.123984285
105651.170726,0.34839397,-0.0308658976,0.820876238,0.140250966,-0.12883462,0.112172097
105651.180754,0.44968902,0.266832197,0.974999463,0.0336267836,-0.177491635,0.0626554117
105651.190783,0.388050712,0.386824312,0.625000615,-0.0670175403,-0.25978142,-0.0140787829
105651.200811,0.117786147,0.455393259,0.421733128,-0.166596591,-0.344241977,-0.0946415365
105651.210839,-0.0517079754,0.698254798,0.549910011,-0.246842161,-0.392267048,-0.149531692
105651.220867,-0.0874505756,0.601556173,0.612461451,-0.279744178,-0.405118644,-0.145716697
105651.230896,-0.217920172,0.613278467,0.541613307,-0.290314794,-0.373577774,-0.109295577
105651.240924,-0.349445927,0.535316472,0.791512781,-0.320869774,-0.30803898,-0.0648729876
105651.250952,-0.686891327,0.245185013,0.76412267,-0.262472779,-0.238248184,-0.0263671391
105651.260980,-0.826040416,-0.284823927,0.732197253,-0.188125059,-0.182117537,0.0145360846
105651.271009,-0.980555271,-0.514068882,0.66221011,-0.117233038,-0.154068589,0.00077473186
105651.281037,-0.929471784,-0.603033113,0.47952773,-0.0827208683,-0.130940109,-0.0501888506
105651.291065,-0.873334594,-0.661504592,0.130378777,-0.0506348349,-0.134492502,-0.103043541
105651.301093,-0.632250732,-0.721580071,-0.443002126,-0.061900273,-0.138207614,-0.0974109545
105651.311122,-0.432931033,-0.617918548,-0.514516041,-0.0989997089,-0.09106832,-0.0560752377
105651.321150,-0.362474993,-0.320063582,-0.37922202,-0.119522296,-0.0298672821,0.00311218854
105651.331178,-0.147297059,-0.403173462,-0.461205891,-0.0920057148,0.015366775,0.0986746624
105651.341206,0.00280803174,-0.509973795,-0.513079286,0.0201253537,0.0870630667,0.183283031
105651.351235,-0.0593829761,-0.660772405,-0.286527954,0.109565221,0.16328299,0.290121585
105651.361263,-0.219222597,-0.764607166,-0.105793201,0.224236414,0.245622084,0.375707597
105651.371291,-0.297395531,-0.743660312,0.139772628,0.274764836,0.306386918,0.447686166
105651.381319,-0.32799496,-0.826924652,0.129683195,0.341785133,0.336150914,0.465351194
105651.391348,-0.326972266,-0.743838811,0.0551262594,0.382223636,0.331455767,0.457470894
105651.401376,-0.287897051,-0.666660586,0.123470897,0.439856857,0.313630968,0.445098639
105651.411404,-0.418655255,-0.391102135,0.0208434661,0.501808107,0.316966325,0.431576192
105651.421432,-0.678989103,-0.136916435,0.0545201102,0.493926197,0.344980359,0.419454277
105651.431461,-0.914315423,0.089187592,-0.0232172095,0.413261175,0.402018368,0.393748641
105651.441489,-1.10970955,0.252458584,-0.0636935968,0.319676638,0.45499742,0.344662309
105651.451517,-1.32304221,0.426819564,-0.265791456,0.254105359,0.476749599,0.298851699
105651.461545,-1.30937989,0.411756654,-0.453840331,0.226714477,0.455670655,0.276248634
105651.471574,-1.12952776,0.652508727,-0.696028792,0.219149768,0.361360401,0.21978271
105651.481602,-0.910451076,0.800160636,-0.952509399,0.250007808,0.221770808,0.174095124
105651.491630,-0.486878969,0.78449998,-1.09870358,0.309040785,0.0749270469,0.158170491
105651.501658,-0.135805441,0.61796078,-0.851686972,0.299235553,-0.0392043255,0.181900829
105651.511687,0.0945861997,0.539086857,-0.622761896,0.24077943,-0.116674349,0.210404664
105651.521715,0.349424921,0.600036489,-0.179235454,0.142958328,-0.121811315,0.192870945
105651.531743,0.448885046,0.657861778,0.316527956,0.0149902478,-0.0983704403,0.135132015
105651.541771,0.695803605,0.314981493,-0.00306231018,-0.0232681911,-0.0754952207,0.0740204528
105651.551800,0.695067985,-0.0580481017,-0.285338452,0.0162861422,-0.0397380218,0.0162620787
105651.561828,0.186262394,-0.0522239986,-0.120617846,0.00420325249,0.0300605595,-0.0822607204
105651.571856,-0.365102967,0.133200994,0.0650333209,-0.0686994493,0.11900375,-0.209285259
105651.581884,-0.426146926,0.316198395,-0.113620534,-0.130687982,0.221572727,-0.322950572
105651.591913,-0.231636673,0.417365179,-0.543867808,-0.125120923,0.320593864,-0.375978112
105651.601941,0.0727163862,0.524424747,-0.627651422,-0.134354353,0.442393005,-0.351849049
105651.611969,0.447640928,0.580043539,-0.784424869,-0.0593072809,0.565019846,-0.255969942
105651.621998,0.781863567,0.498910439,-1.12833475,0.0913890228,0.652752876,-0.0992660671
105651.632026,1.18200219,0.341181262,-1.14720253,0.198316798,0.670362532,0.0665551201
105651.642054,1.42409771,0.211697791,-1.2810902,0.237343833,0.581772745,0.188328415
105651.652082,1.60166567,-0.0793888132,-1.52275668,0.166429982,0.408059806,0.26880914
105651.662111,1.46495974,0.0342586818,-1.27785487,0.0551500544,0.209500358,0.254114628
105651.672139,1.2453008,0.248589049,-0.813289144,-0.0529268794,0.020775713,0.197739229
105651.682167,1.1085899,0.0903336568,-0.290686827,-0.111081526,-0.136799797,0.152012229
105651.692195,0.850683202,0.0670285499,0.143699446,-0.122577325,-0.251342356,0.0931481197
105651.702224,0.537969251,-0.0162812362,0.825519096,-0.185297966,-0.323462874,0.0337574929
105651.712252,0.360019088,-0.129227597,1.22879887,-0.203752071,-0.407548189,-0.0256072972
105651.722280,0.302716653,-0.357000288,1.20224521,-0.192356139,-0.518229723,-0.0619386733
105651.732308,0.27198125,-0.822978325,1.11433896,-0.313907892,-0.662029207,-0.0271284934
105651.742337,0.204674103,-1.49242964,0.983692473,-0.290171415,-0.650824785,0.0143600935
105651.752365,0.4898848,-1.33191233,1.08956926,-0.310239643,-0.690711439,0.0158788934
105651.762393,0.819572901,-1.05928445,0.839993027,-0.236683652,-0.695695817,0.0255981013
105651.772421,1.19743561,-0.932630321,0.829580938,-0.169041231,-0.664250314,0.0414606854
105651.782450,1.04615857,-0.611287585,0.848899971,-0.105664127,-0.601722181,0.0751693845
105651.792478,0.86554657,-0.420975441,0.703962508,-0.0266886167,-0.501819551,0.130514666
105651.802506,0.610809702,-0.354859367,0.793175162,0.0513981916,-0.361917049,0.204328433
105651.812535,0.293129818,-0.346538552,1.00785135,0.12492089,-0.186795056,0.279573381
105651.822563,0.0832580376,-0.427391884,1.07276601,0.184007913,-0.0371696092,0.350541562
105651.832590,0.051864061,-0.468829445,0.696822573,0.29410243,0.0432866178,0.377951354
105651.842618,0.0470490437,-0.345775531,0.327125337,0.381457835,0.0375317931,0.350645959
105651.852647,0.198556222,-0.253923506,0.161255561,0.367817938,-0.0366058201,0.278397858
105651.862675,0.22580203,-0.107180966,0.164646372,0.395799756,-0.116383202,0.178389773
105651.872703,-3.03038067e-05,0.226600578,0.405403924,0.385078937,-0.200320721,0.0726774633
105651.882731,-0.111375696,0.569085799,0.661119976,0.252958477,-0.271652937,-0.0293698106
105651.892760,-0.237205741,0.687177962,0.985100001,0.120998316,-0.288388252,-0.108893126
105651.902788,-0.314451588,0.540782117,1.3489339,0.0105676753,-0.263872772,-0.160353661
105651.912816,-0.359317515,0.318759149,1.34763977,-0.0325113535,-0.21238564,-0.200410798
105651.922845,-0.298294745,-0.0474017296,1.34278823,-0.0587344356,-0.147704378,-0.22823897
105651.932873,-0.200291704,-0.242641649,1.26294021,-0.0726087019,-0.0830207244,-0.24694261
105651.942901,-0.104148375,-0.552096086,1.12363403,-0.0547466166,-0.0211467035,-0.234599128
105651.952929,0.0385817783,-0.863130595,0.827851338,0.0187497046,0.0324600674,-0.176834643
105651.962958,0.216930175,-0.97309816,0.714855074,0.113513499,0.0924171433,-0.084653303
105651.972986,0.401852552,-0.789401927,0.834672124,0.231611118,0.184375018,0.0128556741
105651.983014,0.511453512,-0.570494132,1.00585637,0.323654741,0.270230561,0.125712708
105651.993043,0.66473013,-0.567180112,0.796935975,0.378828257,0.307699382,0.231073484
105652.003071,0.797758836,-0.497832471,0.302683555,0.397670627,0.289036483,0.303825468
105652.013099,0.719567343,-0.40253626,0.0702349812,0.435630262,0.245896712,0.350268841
105652.023127,0.759663791,-0.473333661,0.393952556,0.393186688,0.232739091,0.384413779
105652.033156,0.678106621,-0.624169352,0.840451876,0.339650482,0.243283346,0.4034338
105652.043184,0.296834737,-0.751889358,0.993639866,0.320778519,0.270976245,0.412931442
105652.053212,0.024317371,-0.769340112,1.21384855,0.322088271,0.336071104,0.410306096
105652.063240,-0.185880591,-0.777034174,1.41145144,0.284702003,0.413069993,0.400468647
105652.073269,-0.357431336,-0.716206123,1.23517074,0.200764775,0.444687575,0.371331006
105652.083297,-0.215611786,-0.512567355,0.803543411,0.114377432,0.434980094,0.307445496
105652.093325,-0.126076147,-0.210004924,0.924733503,0.0429517105,0.419899404,0.222122878
105652.103354,-0.0219326495,0.00840219164,0.819118581,0.0111338627,0.3849819,0.145922914
105652.113382,0.1666157,0.00791937656,0.640125703,0.0179334451,0.314641953,0.0971114337
105652.123410,0.166118564,-0.112478707,0.374267612,0.0582467802,0.226188257,0.0766602233
105652.133438,-0.0265508109,-0.26522257,0.298373875,0.0973707512,0.177685961,0.0349569805
105652.143467,-0.280507963,0.0313963603,0.36136663,0.0671366826,0.150334761,-0.0558030158
105652.153495,-0.381421503,0.442641805,0.101212888,0.0552957281,0.135508955,-0.161563545
105652.163523,-0.515014346,0.515372293,-0.381187183,0.0317552499,0.105102845,-0.217681661
105652.173552,-0.783924372,0.624711934,-1.02353991,0.0546009094,0.0794659257,-0.224734515
105652.183580,-0.853903844,0.621934213,-1.35827748,0.0256435629,0.0170725882,-0.216692299
105652.193608,-0.852960426,0.995276089,-1.03497082,-0.0923603028,-0.109701864,-0.268067867
105652.203637,-0.760682466,1.37421973,-0.789537682,-0.188921735,-0.32256034,-0.392628461
105652.213665,-0.582934803,1.31969831,-0.714208592,-0.268928707,-0.577463746,-0.526852846
105652.223693,-0.43373307,0.968092826,-0.560384643,-0.298828274,-0.769043803,-0.632334232
105652.233721,-0.0439592244,0.252519612,-0.451131072,-0.291413218,-0.849758089,-0.634128928
105652.243750,0.400694139,-0.397999968,-0.510090041,-0.184023112,-0.788569331,-0.553830147
105652.253778,0.716355322,-0.666555884,-0.522247512,-0.0419823527,-0.617911279,-0.405270219
105652.263806,1.01706495,-0.764759361,-0.505517911,0.130576909,-0.404197395,-0.23016417
105652.273835,1.47428038,-0.740484897,-0.575874473,0.291612923,-0.223230571,-0.0292603541
105652.283863,1.94724057,-0.623289866,-0.768466837,0.453803957,-0.0986628011,0.164854258
105652.293891,2.20366725,-0.321423838,-0.725885002,0.502957404,-0.034880355,0.336977273
105652.303919,2.10456113,0.073873977,-0.284689633,0.436048657,0.00223345496,0.466255903
105652.313948,1.82558344,0.256590789,0.0752706373,0.368003815,0.0328006856,0.547230363
105652.323976,1.38043188,0.282619622,0.251578806,0.351924449,0.0587739646,0.583685577
105652.334004,0.848806156,0.36882659,0.372946008,0.422410071,0.0604248568,0.544504404
105652.344033,0.867985488,0.280669218,0.310854002,0.39338243,0.0192531832,0.466729432
105652.354061,1.13129601,0.180749183,0.149247728,0.316957146,-0.0268352143,0.34305355
105652.364089,1.16867378,0.514814805,-0.142113638,0.171383992,-0.0712005496,0.222970024
105652.374117,1.46414638,0.987009488,0.076958152,-0.026726434,-0.0604997016,0.116420686
105652.384146,2.05466941,1.43940196,0.664814155,-0.217605576,0.0434743688,0.0278865546
105652.394174,3.12186565,2.64979818,2.68885388,-0.454769135,0.357688755,-0.0891591087
105652.404202,5.71501781,4.55496866,6.1696794,-0.658844233,0.810863197,-0.199505597
105652.414231,9.03447086,5.14757098,5.13906092,-0.734502196,0.74143672,-0.100099638
105652.424259,9.75187562,1.66500607,-0.690811935,-0.619522393,0.174141288,0.39689815
105652.434287,7.62227416,-0.46108358,-4.8445484,-0.387921661,-0.317199916,0.952087343
105652.444316,6.1496642,-0.20197489,-4.51117979,-0.361353695,-0.412397027,1.26081753
105652.454344,4.60613624,-0.741881174,-2.00495977,-0.240046173,-0.249729559,1.34417176
105652.464372,2.05250668,-0.799969133,-1.36577865,-0.0414742231,-0.0643671453,1.24389553
105652.474400,-0.594156966,-1.25409142,-0.6422142,-0.0209108889,0.211837545,1.09646857
105652.484429,-2.41770616,-2.21428348,-0.373113182,0.0128910169,0.528999269,0.987820804
105652.494457,-2.70003579,-2.8138761,-0.634966713,0.111264192,0.764918864,0.956760883
105652.504485,-2.25621226,-2.68145384,-0.586474777,0.30668506,0.880785286,0.963833749
105652.514514,-1.69857882,-2.09463887,-0.737592391,0.446337789,0.833256364,0.956985712
105652.524542,-1.260023,-1.03368488,-0.681805037,0.4513762,0.678006351,0.872229517
105652.534570,-0.62268262,0.137512875,-0.450559994,0.318274617,0.452636063,0.72486347
105652.544599,0.0857641204,0.913753406,-0.518119618,0.158977926,0.194589585,0.583359122
105652.554627,0.753045469,0.953803165,-0.844954449,0.0734824613,-0.0267981961,0.524630249
105652.564655,0.929521833,0.557360801,-1.02197749,0.0314035825,-0.174708486,0.550606728
105652.574684,0.429363915,0.393396968,-0.819998871,0.0228092968,-0.227885157,0.573165298
105652.584712,-0.243364154,0.391305658,-0.548987635,0.00542524643,-0.213944837,0.56031394
105652.594740,-0.863143016,0.348163742,-0.570801407,-0.00754914153,-0.204175293,0.516044199
105652.604768,-1.08917325,0.227055226,-0.478297311,-0.0629516765,-0.21651718,0.456585169
105652.614797,-1.05513347,0.235807218,-0.18325638,-0.106987841,-0.231397063,0.366899759
105652.624825,-1.11004959,0.26456712,-0.0385901352,-0.0866178572,-0.238192111,0.280043155
105652.634853,-1.20977078,-0.0476944928,0.361339157,-0.135263696,-0.235857859,0.225405723
105652.644882,-1.17645647,-0.197005431,0.581260842,-0.12308985,-0.216311321,0.177627027
105652.654910,-0.865934108,-0.372817523,0.514485646,-0.0502979383,-0.218621075,0.146692276
105652.664938,-0.448478475,-0.581857529,0.303420052,-0.0153095927,-0.281539857,0.128067195
105652.674967,0.150623583,-0.490359067,0.113321259,-0.0272698477,-0.382247835,0.0824166164
105652.684995,0.566887631,0.0545848232,-0.0591489391,-0.0741457418,-0.52538234,0.0179425552
105652.695023,0.958988751,0.582573313,-0.357520476,-0.0845099688,-0.698374867,-0.0314729325
105652.705052,1.23693527,0.754758775,-0.395120431,-0.127356768,-0.843972325,-0.0413950682
105652.715080,1.33907418,0.810561984,-0.267429286,-0.139889881,-0.947110415,-0.0378501378
105652.725108,1.20468106,0.885886836,-0.420879726,-0.088093251,-1.00706887,-0.0531116463
105652.735136,0.78628606,1.06003337,-0.17589082,-0.0731920674,-1.02641881,-0.128441289
105652.745165,0.16346056,0.847067934,0.130596219,-0.148189887,-1.03537905,-0.174997881
105652.755193,-0.787350474,0.428159215,-0.0304115049,-0.262143075,-0.94842869,-0.240717232
105652.765221,-0.549676129,0.555781569,0.208213711,-0.265912801,-0.763540864,-0.367496997
105652.775250,-0.366605444,0.0134741063,0.400263054,-0.297201723,-0.702438891,-0.454939485
105652.785278,-0.138760346,0.0372196779,-0.184627084,-0.277596861,-0.680285633,-0.562545359
105652.795306,0.326078422,0.520410287,-0.272348038,-0.171443805,-0.613603532,-0.671932817
105652.805335,0.00163702662,0.376818028,0.564459929,-0.163749129,-0.529167473,-0.695995271
105652.815363,-0.506066412,-0.0273805032,0.598768442,-0.128978372,-0.402182907,-0.711368918
105652.825391,-0.640402694,-0.616211598,0.158946115,-0.105642952,-0.275499552,-0.723282576
105652.835420,-0.430611358,-0.881006078,0.219362882,-0.132700667,-0.181303531,-0.755790949
105652.845448,-0.0145651895,-0.82973759,0.03862696,-0.123997718,-0.142286092,-0.770750463
105652.855476,0.864007378,-0.682022771,-0.212318809,-0.101410389,-0.146349818,-0.747197747
105652.865505,1.34972329,-0.375691215,-0.0850870979,-0.122350022,-0.20280537,-0.700870991
105652.875533,1.25062857,0.0746030037,-0.136149761,-0.117494285,-0.277109414,-0.667474687
105652.885561,0.876974192,0.519049885,-0.0273649768,-0.161207944,-0.356157094,-0.674083591
105652.895590,0.345880088,0.418036137,0.15183073,-0.192889184,-0.395526618,-0.677838922
105652.905618,0.253287436,0.230916797,-0.069642276,-0.221683815,-0.419422895,-0.765954375
105652.915646,0.6022009,0.043299829,0.104632341,-0.258193076,-0.450518221,-0.906176746
105652.925674,0.71005498,0.018073563,0.157456753,-0.232919425,-0.504229128,-1.0397563
105652.935703,0.50744508,0.0864994855,0.037717444,-0.190274492,-0.502225876,-1.12452686
105652.945731,0.155585552,0.108742078,-0.220393394,-0.113414317,-0.462403655,-1.12254786
105652.955759,0.0016582886,-0.145835362,-0.361564783,-0.0926224887,-0.384926707,-1.04166341
105652.965788,-0.0614884879,-0.339206382,0.0711117641,-0.0676151365,-0.291628182,-0.93301928
105652.975816,0.130381772,-0.318495456,-0.0401776966,-0.0208649486,-0.230135262,-0.834853053
105652.985844,0.337817485,-0.216467763,0.237167419,-0.0277007483,-0.193172172,-0.758130312
105652.995873,0.506241403,-0.284889996,0.181768188,-0.038481757,-0.18178317,-0.687241733
105653.005901,0.660131477,-0.245129337,0.129048989,-0.0569449216,-0.172288999,-0.621199846
105653.015929,0.533395367,0.0740568228,0.0581160889,-0.0265116468,-0.149027079,-0.586022437
105653.025958,0.305825506,0.225203333,-0.222872351,0.0601276383,-0.116079256,-0.541076303
105653.035986,0.0781285109,-0.201253316,-0.330859848,0.183480725,-0.0473918021,-0.425965369
105653.046014,0.383434231,-0.216785268,-0.532783519,0.0531464294,-0.069228664,-0.353813142
105653.056043,0.725650754,-0.377232052,-0.375128613,0.0211211182,-0.0432111695,-0.295976758
105653.066071,0.487762766,-0.29500301,0.0979290438,0.0154754845,-0.00851204898,-0.264209241
105653.076099,0.52944283,-0.141512001,0.0420662868,-0.0172904506,0.0290110912,-0.250424981
105653.086128,0.717781044,-0.446248268,-0.040254269,-0.043702621,0.097895883,-0.207004279
105653.096156,0.605681144,-0.824627627,0.0725058488,0.0290730521,0.219660401,-0.08238592
105653.106184,0.2477412,-0.883736015,0.286978621,0.0567206554,0.330752313,0.0819521621
105653.116213,0.628379444,-0.925701325,-0.308299641,-0.0383723043,0.340294152,0.254594505
105653.126241,1.21650769,-1.08688674,-0.314467516,-0.133503884,0.353515923,0.41361773
105653.136269,1.00989542,-0.138035648,0.253642168,-0.149754226,0.353103936,0.466507852
105653.146298,0.83518095,0.769005839,-0.241856453,-0.105430163,0.316686004,0.434233516
105653.156326,0.862357784,0.88925792,-0.353054144,-0.145948038,0.273281544,0.3760629
105653.166354,0.69079133,0.837820067,-0.302560805,-0.217667758,0.240323067,0.314366788
105653.176383,0.579247603,0.937418505,-0.39429567,-0.266684562,0.198158041,0.250030667
105653.186411,0.389671956,1.05242772,-0.440278254,-0.222594872,0.135392919,0.178179622
105653.196439,0.195721456,1.21495914,-0.735996061,-0.0967911333,0.0720379204,0.088230826
105653.206468,0.131344334,1.21832847,-0.379610727,-0.0198414959,0.061299786,-0.022839494
105653.216496,-0.194434265,0.957018839,-0.376233944,0.0761383027,0.0575380772,-0.130436271
105653.226524,-0.517504848,0.648770636,-0.554188711,0.117513701,0.0843811408,-0.222398415
105653.236553,-0.711604693,0.308285686,-0.000829436561,0.125345513,0.140558392,-0.282815933
105653.246581,-0.723238871,-0.155507482,-0.162174429,0.161121622,0.148786232,-0.303531855
105653.256609,-0.399022041,-0.553273423,-0.29376492,0.342032015,0.174603969,-0.28671959
105653.266638,-0.207584766,-0.446926898,0.326601021,0.539175987,0.222281754,-0.294078171
105653.276666,0.213808682,0.244249066,0.540450108,0.595267236,0.183112502,-0.347084135
105653.286694,0.736580729,0.773021066,-0.19096447,0.56007117,0.065751791,-0.408828467
105653.296723,1.00389486,0.831705237,-0.288089212,0.39353171,-0.0539879203,-0.445036262
105653.306751,1.03013274,0.939536374,-0.384811218,0.219754308,-0.192191064,-0.483016938
105653.316779,1.06394477,1.01216746,-0.664865008,0.153700456,-0.298507661,-0.515751481
105653.326808,0.99621242,0.892137786,-0.369732892,0.122768655,-0.375191242,-0.51442951
105653.336836,1.06232192,0.671271076,-0.196290634,0.155087441,-0.435899854,-0.491928428
105653.346864,8.33507289,-2.61680805,2.75378082,-0.54145354,-0.101557039,0.465385586
105653.356893,0.794686516,0.917004297,0.703913408,0.3984074,-0.474798262,0.369140536
105653.366921,-0.411352165,0.486155989,-1.38975691,0.521436691,-0.390094817,0.293714494
105653.376949,1.07550954,-0.907958456,0.414135512,0.400686294,-0.371481985,-0.00639900379
105653.386978,-1.43290544,-0.273882883,0.102534492,0.192464635,-0.409587562,-0.209429085
105653.397006,1.14177583,-1.80002157,1.7277222,-0.0442387126,-0.231746733,0.100137025
105653.407034,0.521142035,-0.500479113,0.496723195,0.248044282,-0.243380487,0.063724421
105653.417063,-0.485557511,-0.101731377,-0.953414823,0.380350113,-0.329693794,-0.0754316002
105653.427091,0.0126679045,-0.691728976,1.02661333,0.150460467,-0.299883723,-0.0948156863
105653.437119,0.363231108,0.0668576685,1.01238139,0.0433611758,-0.269655496,-0.0362298675
105653.447148,0.199080557,0.482942872,-0.465257212,0.0880697966,-0.233746499,0.0163736865
105653.457176,0.033422231,-0.061864372,-0.110022217,0.0110895233,-0.177680299,-0.00872314442
105653.467204,0.0536775219,-0.101238662,0.180374103,-0.000497357512,-0.16707693,-0.0172409974
105653.477233,0.14012714,0.150556965,0.0525005871,-0.00123824889,-0.176217169,0.00365549419
105653.487261,0.0895578136,0.0414867151,0.150099961,-0.00432937965,-0.18686235,-0.00299601629
105653.497289,0.0732365011,-0.0399464269,0.165451259,-0.00150136929,-0.208825707,-0.0113543486
105653.507318,0.119554892,0.040374717,0.162173845,0.00333732832,-0.231544867,-0.0122193424
105653.517346,0.112747989,0.0431234312,0.170175949,0.00648252154,-0.250375003,-0.0112630008
105653.527374,0.0918310192,-0.0138749605,0.0441050992,0.0461545661,-0.239500254,-0.0194106773
105653.537403,0.0916859117,0.0346142721,-0.12956746,0.106961995,-0.213297948,-0.0206663571
105653.547431,0.0945503612,0.0589522657,-0.124794254,0.160995126,-0.184875891,-0.0208698213
105653.557460,0.0919533304,0.0226671378,-0.0529576832,0.181231424,-0.175853103,-0.0275421068
105653.567488,0.101505149,0.0230316968,0.0999473979,0.165448695,-0.176855177,-0.0274493173
105653.577516,0.0960593044,0.0906490064,0.047559039,0.156551614,-0.174853548,-0.0181900375
105653.587545,0.103057201,0.103263244,0.0571206481,0.120643139,-0.175405622,-0.00573496614
105653.597573,0.102305213,0.0726369826,0.0892231748,0.082365796,-0.170687839,0.00258714566
105653.607601,0.101509533,0.048696957,0.0724929893,0.0585874878,-0.170259595,0.0075635286
105653.617630,0.0937640331,0.0298858736,0.0762479579,0.0490685515,-0.173770443,0.00574032869
105653.627658,0.087258889,0.0177856129,0.167676534,0.00985936541,-0.177615777,0.00109391101
105653.637686,0.101473,0.049536988,0.0538689528,0.00388003653,-0.1704873,0.00645299023
105653.647715,0.0953819897,0.0473293585,0.0052712184,0.0100577706,-0.15980269,0.00924132019
105653.657743,0.0809828775,0.0012972002,-0.0572223549,0.00798663031,-0.130461052,0.00583487097
105653.667771,0.093675478,0.0530960322,-0.0566957007,0.00477352692,-0.107695565,0.0101470612
105653.677800,0.0790317434,0.0401818979,-0.0205325004,0.00592720835,-0.0876765773,0.00807592086
105653.687828,0.0709675333,-0.00434508,-0.00742985774,0.00615011482,-0.0744888708,0.00244013919
105653.697856,0.0866113849,0.0147334588,0.023377953,0.00593786081,-0.0621142276,0.00551262824
105653.707885,0.0839420195,0.0408284521,-0.0281061505,0.00381585443,-0.04111946,0.00621863222
105653.717913,0.0760401604,0.0443579049,-0.0399684378,-0.00154349115,-0.0158777535,0.00953879487
105653.727941,0.0799132024,0.0272087998,-0.0808089822,-0.00083722081,0.0165273231,0.00865915325
105653.737970,0.0493728105,-0.00407747857,-0.0827718067,-0.00371876126,0.0473784469,0.00239246851
105653.747998,0.0690263361,0.028398375,-0.0640624301,-0.000978368334,0.0716494247,0.00163746253
105653.758027,0.0728182757,0.0602605901,-0.0775263073,-0.00274484325,0.102153808,0.00225877808
105653.768055,0.0623581104,0.0138048361,-0.0905745894,-0.00409559859,0.13442494,-0.0014123898
105653.778083,0.078958532,0.0566208088,-0.0370423212,-0.00496804994,0.155546471,0.00612595398
105653.788112,0.0702786742,0.045227162,-0.00531856467,-0.0132374316,0.175220564,0.00835635141
105653.798140,0.0710555038,0.028381643,0.048958969,-0.0261404477,0.185321674,0.0100477254
105653.808168,0.113771194,0.0599613514,0.243134803,-0.108485647,0.219641834,0.0201264583
105653.818197,0.132283733,0.0893992986,0.15068156,-0.179801375,0.279040694,0.0354697295
105653.828225,0.127266928,0.0939627523,0.0456043978,-0.256863415,0.345891893,0.0560485087
105653.838253,0.138829502,0.124592466,0.321225174,-0.391313106,0.41985321,0.0684369951
105653.848282,-0.00807356247,0.590264671,0.184379247,-0.373582035,0.502625883,0.0368822701
105653.858310,0.120770552,0.342140353,-0.327780587,-0.365749151,0.538284779,0.0777796283
105653.868339,0.329000922,-0.174291312,-0.0990133319,-0.427714258,0.58577323,0.137607545
105653.878367,0.261675252,-0.17535432,0.0656938307,-0.447737753,0.6466254,0.173738912
105653.888395,0.347858913,-0.130320525,0.180634215,-0.424722999,0.719141662,0.207470521
105653.898424,1.10001291,-0.54849671,-0.0150502696,-0.424642295,0.715788484,0.262052804
105653.908452,1.59935214,-0.603282485,0.132489485,-0.405655563,0.697329342,0.302272141
105653.918480,1.78610761,-0.470260574,0.0555430235,-0.34994781,0.636912286,0.336046606
105653.928509,1.91116475,-0.464674882,-0.0971364322,-0.299241245,0.603887796,0.375645965
105653.938537,1.76286775,-0.539193021,0.148304894,-0.273899138,0.610466063,0.433833629
105653.948565,1.55415427,-0.645926937,0.0387847809,-0.283694506,0.631200373,0.489750147
105653.958594,1.4034619,-0.637847602,-0.280875627,-0.267114729,0.636324048,0.5287745
105653.968622,1.25685153,-0.518369136,-0.493229507,-0.256791502,0.640951514,0.52216506
105653.978651,1.16766146,-0.192508631,-0.506053333,-0.244148403,0.651631355,0.459203422
105653.988679,1.09599827,-0.0254848256,-0.486973954,-0.25249663,0.665187895,0.378758669
105653.998707,1.02687892,-0.113156716,-0.60973115,-0.268937647,0.689131021,0.302042842
105654.008736,0.865108909,-0.173970702,-0.636269028,-0.300630599,0.730653703,0.225157365
105654.018764,0.907138152,-0.233458298,-0.726392367,-0.335512966,0.767401099,0.137629911
105654.028792,1.0687784,-0.163100348,-0.933180429,-0.364529431,0.775358856,0.0339173712
105654.038821,1.15170489,0.010809271,-0.99630061,-0.344595939,0.778818846,-0.0810220018
105654.048849,1.30610276,0.131450169,-0.949384545,-0.30553323,0.772867203,-0.175615355
105654.058877,1.44904029,0.0872539936,-0.836263193,-0.279829711,0.756423771,-0.22605136
105654.068906,1.45978482,0.068855473,-0.783337658,-0.247702658,0.752984881,-0.248084232
105654.078934,1.26080641,0.140898344,-0.810386993,-0.248572975,0.765206873,-0.258045495
105654.088963,1.04312257,0.00942289472,-0.853208482,-0.306202471,0.789700806,-0.25864923
105654.098991,0.804901694,-0.0816787508,-0.857408272,-0.390137047,0.824491501,-0.28690964
105654.109019,0.460025961,0.0114983493,-0.882385477,-0.43599084,0.866449118,-0.340489239
105654.119048,0.675242902,-0.113498077,-1.03156365,-0.436142087,0.922052443,-0.37600702
105654.129076,0.860311154,-0.320296587,-0.960188847,-0.377889693,0.948411345,-0.349587142
105654.139104,1.08686205,-0.545019754,-0.849735253,-0.287603766,0.93242228,-0.247553185
105654.149133,1.20114031,-0.882069981,-0.822116009,-0.100267671,0.932922423,-0.0957687199
105654.159161,1.61578334,-1.46716193,-0.132841367,0.0694827512,0.997011364,0.11908526
105654.169190,1.24668962,-1.77174781,-1.09005792,0.0920367986,0.843723536,0.321499884
105654.179218,0.565648189,-0.830028901,-1.09880237,0.0389887542,0.714778066,0.387261868
105654.189246,-0.0829328425,0.106865799,-1.62428638,-0.00469241291,0.548447132,0.335211724
105654.199275,-0.37263855,0.451552731,-2.03968095,-0.0840143934,0.434500575,0.201575339
105654.209303,-0.399679336,0.640377486,-2.11482592,-0.221310198,0.334295958,0.034967456
105654.219331,-0.238692875,0.60850928,-2.40166367,-0.380323291,0.270181686,-0.087817058
105654.229360,0.0429125284,0.437933079,-2.26723649,-0.536764026,0.261692852,-0.155710086
105654.239388,0.356210635,0.271427635,-2.13713712,-0.627904892,0.287618458,-0.161813781
105654.249417,0.606470248,0.0498326831,-2.22144388,-0.664012253,0.315826684,-0.115607671
105654.259445,0.574415287,0.18634704,-2.00498139,-0.678414106,0.366106093,-0.0823977888
105654.269473,0.615644173,-0.226660638,-1.90566937,-0.677007198,0.390551776,-0.0202699676
105654.279502,0.601702157,-0.622169483,-2.06698163,-0.684486389,0.365852296,0.0341173746
105654.289530,0.471200046,-0.306195362,-1.8906758,-0.673835874,0.314032227,0.00877233688
105654.299558,0.345846405,0.172542532,-1.80255971,-0.608213186,0.257029414,-0.104963288
105654.309587,0.465967553,-0.0375562621,-1.65027364,-0.637919962,0.15008992,-0.215875685
105654.319615,0.471472141,-0.387668215,-1.51241883,-0.662018895,0.0261562485,-0.35535422
105654.329644,0.541550909,-0.462949666,-1.36734341,-0.65263021,-0.0936106369,-0.512299895
105654.339672,0.617117314,-0.616659195,-1.38279174,-0.599954486,-0.208059981,-0.650295854
105654.349700,0.631922085,-0.558132188,-1.41503923,-0.537911057,-0.279080361,-0.77666074
105654.359729,0.912964374,-0.340701151,-1.19113695,-0.512193978,-0.323187917,-0.877483726
105654.369757,1.12312549,-0.232644242,-1.28170394,-0.507602155,-0.378359556,-0.932917714
105654.379785,1.25542004,-0.210136642,-1.02824298,-0.524465561,-0.381717533,-0.946496069
105654.389814,1.22089007,-0.20436785,-0.807044112,-0.502104044,-0.301802456,-0.895560503
105654.399842,1.17976545,-0.0679335724,-1.22120359,-0.49349913,-0.200672626,-0.766014755
105654.409871,1.73919359,-0.188363348,-1.2499872,-0.532512307,-0.172272682,-0.657313049
105654.419899,1.34871558,-0.0781596367,-0.8010627,-0.500853419,-0.112992853,-0.582650781
105654.429927,1.01058537,-0.0719533294,-0.721233376,-0.354324728,0.00453963643,-0.50069654
105654.439956,0.658795771,-0.274996799,-0.684736414,-0.165159851,0.185660154,-0.431904912
105654.449984,0.241429606,-0.45636342,-0.658655047,0.0326712057,0.418473154,-0.442615062
105654.460013,0.159888072,-0.586222556,-0.521830163,0.128578022,0.599893868,-0.512884736
105654.470041,0.359407605,-0.426015481,-0.60280515,0.291683316,0.784528136,-0.631053746
105654.480069,0.421875313,-0.12109087,-0.806800951,0.386903048,1.01001775,-0.768688262
105654.490098,0.461272746,-0.0161357268,-0.578710573,0.367000163,1.18952358,-0.874286056
105654.500126,0.415447033,0.248661749,-0.877976428,0.458999604,1.28552222,-1.19816208
105654.510154,0.16704072,0.33395986,-1.00568628,0.443117857,1.26980031,-1.59573746
105654.520183,0.224663765,0.443832585,-0.555078353,0.261865497,1.1895957,-1.97533643
105654.530211,0.263230957,0.931958194,-0.589186374,0.155203253,1.10473788,-2.2628355
105654.540240,0.52325552,1.42991648,-0.900105842,-0.0145066939,1.05950487,-2.34937811
105654.550268,0.757193894,1.23094406,-0.392585359,-0.174993038,0.953229547,-2.31431699
105654.560296,0.794840026,0.966891706,-0.618769027,-0.198078915,0.820695996,-2.23824024
105654.570325,0.351707406,0.641147155,-0.735707892,0.01672226,0.506951451,-1.98852825
105654.580353,-0.734906074,0.238490046,-0.0640215135,0.154767752,0.236457616,-1.71964085
105654.590382,0.496219337,0.336653337,0.920450127,0.268401355,0.194575951,-1.67763317
105654.600410,1.21759095,-0.203737881,-0.911827844,0.374756277,0.102955744,-1.68371987
105654.610438,0.709461252,-0.159364194,-0.580658785,0.345572829,0.103807956,-1.70933008
105654.620467,-0.0795301944,0.154311733,-0.353106751,0.437144041,0.116370887,-1.73221648
105654.630495,-0.828191968,0.33304406,-0.677098467,0.607520044,0.172666654,-1.72428596
105654.640524,-1.05845501,0.211019124,-0.272893981,0.799581587,0.305798352,-1.63674331
105654.650552,-0.90147377,-0.114642717,-0.28569501,0.920069396,0.475642502,-1.47230768
105654.660580,-0.694567342,-0.0967562007,-0.680970924,1.0368315,0.595477581,-1.32832158
105654.670609,-0.201703453,-0.064646952,-0.579724719,1.03997111,0.750213861,-1.21312654
105654.680637,0.285040784,-0.158944215,-0.601558365,1.14890981,0.899892032,-1.16873217
105654.690666,0.888293678,0.00556391774,-0.539162407,1.16500998,1.0145123,-1.20883644
105654.700694,1.46862908,0.30512481,-0.194472771,1.16905582,1.04079688,-1.32843947
105654.710722,1.37619907,0.31126609,-0.551235706,1.240394,1.01127982,-1.50522816
105654.720751,0.534031327,0.182375067,-0.441616225,1.21153438,0.969688177,-1.67902839
105654.730779,-0.731079063,0.217728559,-0.316940044,1.18581116,0.922207475,-1.83470106
105654.740807,-1.65936821,0.402765393,-0.0983528222,1.15398526,0.886980772,-1.96784163
105654.750836,-2.0117373,0.530456976,0.272331086,1.09031999,0.814523101,-2.06357026
105654.760864,-2.01269927,0.553783491,0.207541511,0.997005761,0.756520808,-2.10948658
105654.770893,-1.71254173,0.648337067,0.290486921,1.03440511,0.714653254,-2.06891823
105654.780921,-1.0943242,0.84590057,0.563590745,1.07384038,0.621876955,-1.92897987
105654.790950,-0.464126455,0.572699642,0.997272085,1.06263113,0.480846584,-1.75393617
105654.800978,-0.075989307,0.602968524,0.99052378,1.02796793,0.311094582,-1.61987722
105654.811006,-0.0103724871,0.675150182,0.998536406,0.986480415,0.13128832,-1.53061712
105654.821035,-0.164332338,0.626125527,1.07332306,0.982837975,-0.0166609287,-1.48873305
105654.831063,-0.420289359,0.480908078,1.02365039,0.992757738,-0.0902941376,-1.51206207
105654.841093,-0.655339201,0.595336056,0.875447202,1.01276314,-0.146716401,-1.60830688
105654.851121,-0.798315593,0.757450645,0.425831211,0.999867618,-0.226920679,-1.73360932
105654.861149,-0.878557589,0.734200556,0.546828411,0.915415823,-0.301684409,-1.83859837
105654.871178,-0.884120776,0.705477516,0.72173022,0.813386083,-0.38947764,-1.92415857
105654.881206,-0.907032573,0.528683829,0.434148957,0.736358941,-0.517841458,-1.94500577
105654.891235,-0.831443225,0.145004391,0.631291824,0.65611577,-0.611607671,-1.89773142
105654.901263,-0.552758824,-0.0742515234,1.03725981,0.671129882,-0.668726861,-1.81012547
105654.911291,-0.214526986,-0.22616847,0.809732329,0.829487026,-0.742887914,-1.68174887
105654.921320,0.0717941934,-0.651188073,1.04871586,1.03691614,-0.791629314,-1.49858749
105654.931348,0.298014102,-1.07477289,1.26879712,1.33100879,-0.82617563,-1.26556206
105654.941377,0.5051539,-1.52950674,0.887937266,1.65094149,-0.898030639,-0.993986368
105654.951405,0.604480097,-1.94291394,1.13864747,1.94890511,-0.994513452,-0.717369199
105654.961433,0.595492343,-2.0409818,1.22091542,2.14878869,-1.11409664,-0.511180103
105654.971462,0.425361986,-1.33252023,1.65482122,2.07572532,-1.26270926,-0.451464534
105654.981490,-0.190825062,-0.0596003361,1.83006439,1.76661432,-1.42376137,-0.620912731
105654.991519,-1.65519064,0.877106002,1.83806591,1.16872776,-1.48347902,-0.952344179
105655.001547,-1.41713036,1.03711259,1.53282507,0.471613318,-1.43981695,-1.26069057
105655.011575,-2.14155581,1.42565868,0.68356211,0.108994938,-1.18914592,-1.67200375
105655.021604,-3.15696502,1.51783895,-0.751168496,0.0817284286,-0.909827888,-2.09045744
105655.031632,-2.54385855,1.38580642,-0.685619627,0.0809795484,-0.730048001,-2.30529761
105655.041661,-1.73410694,1.27974623,0.331197117,0.0164183937,-0.643508077,-2.28930879
105655.051689,-1.29131699,0.738094276,0.104838093,0.0204395019,-0.665811777,-2.15199685
105655.061717,-1.49536408,0.147881335,-0.113158762,0.060957633,-0.643155456,-2.05871773
105655.071746,-1.61984357,-0.137680989,-0.0546989739,0.164280027,-0.656075239,-2.00344229
105655.081774,-1.31577967,-0.556361525,-0.125798463,0.272818476,-0.726732612,-1.88472855
105655.091803,-0.8031322,-0.874238118,0.468643932,0.37400049,-0.818420768,-1.72774327
105655.101831,-0.232567889,-0.98024562,0.709888976,0.433777809,-0.88316083,-1.56002963
105655.111859,0.256808651,-0.751350867,0.644648149,0.547255337,-0.953292012,-1.39455199
105655.121888,0.728775535,-0.655264382,0.580793225,0.635277867,-1.00445116,-1.21604323
105655.131916,0.968887629,-0.689276469,0.817454447,0.603023291,-1.02728271,-1.09754348
105655.141945,0.990086338,-0.347835167,0.551675851,0.575088084,-1.08300722,-1.03733122
105655.151973,0.875424113,-0.0401294736,0.601430354,0.465361834,-1.12602973,-0.995258331
105655.162002,0.604299115,0.198547619,1.14526134,0.44680199,-1.10635912,-0.976457238
105655.172030,0.366601352,0.254897648,1.20858318,0.445331395,-1.07684648,-0.967568636
105655.182058,0.0951281611,0.00572035041,1.54889241,0.431277901,-1.05857718,-0.960171461
105655.192087,-0.120197136,-0.163866474,1.69183665,0.359814614,-1.08651507,-0.930685461
105655.202115,-0.0772176066,-0.534840598,1.29809394,0.220614403,-1.1960206,-0.85448736
105655.212144,0.02395473,-0.702045349,1.16444184,0.0551865622,-1.31724131,-0.768945575
105655.222172,-0.0264637902,-0.415379375,1.10471948,-0.0600164607,-1.40627444,-0.686852813
105655.232200,-0.160931151,0.465319172,0.843361042,-0.100851238,-1.56677151,-0.65758574
105655.242229,-0.281789016,0.913969606,0.73781977,-0.218251899,-1.74684858,-0.742158175
105655.252257,-0.367170494,0.679932083,0.730441934,-0.400039017,-1.93231726,-0.876122892
105655.262286,-0.0920610286,0.450190211,0.165958624,-0.445177197,-2.04443932,-0.956054747
105655.272314,0.051626873,0.498747394,-0.183083362,-0.348069847,-2.09426737,-1.03245044
105655.282343,-0.226820504,0.506704491,-0.552398905,-0.153396741,-2.14339566,-1.08100367
105655.292371,-0.263378988,0.803078935,-0.686285982,0.0885189548,-2.1920507,-1.13987541
105655.302399,-0.521056403,0.976066216,-0.441463664,0.318973452,-2.22513938,-1.16783416
105655.312428,-0.668024056,0.922954511,0.122322311,0.458961457,-2.22832656,-1.21541119
105655.322456,-0.971045757,1.07726917,0.761058022,0.492925793,-2.18832517,-1.33184624
105655.332485,-1.01728553,1.33726933,1.63399061,0.3445113,-2.06463099,-1.46238291
105655.342513,-0.794487998,0.856791163,1.9547394,0.338526636,-1.88514996,-1.53000772
105655.352541,-0.0242430454,0.878513312,1.96802675,0.293797523,-1.66941583,-1.53045309
105655.362570,0.152295133,0.734859312,2.2979841,0.203003183,-1.43772697,-1.51559556
105655.372598,-0.476049825,0.27278526,1.99998256,0.195931971,-1.28079319,-1.4641813
105655.382627,-0.788559777,0.119895376,1.61285781,0.184710994,-1.18485951,-1.40934849
105655.392655,-0.845323282,0.290603387,1.63648418,0.0961185545,-1.11010134,-1.3784883
105655.402684,-0.810733322,0.691499479,1.36563778,0.0735953972,-1.0577631,-1.36726677
105655.412712,-0.866196266,1.04368882,1.00755792,0.105606064,-1.02734292,-1.38920486
105655.422740,-0.964060136,1.26566306,1.016573,0.0857825577,-1.033319,-1.42675066
105655.432769,-1.07672848,1.41726334,1.04277828,-0.0302053001,-1.0954926,-1.49223614
105655.442797,-1.07684714,1.45366093,0.955236778,-0.197435841,-1.198946,-1.57472837
105655.452826,-0.803779265,1.29923551,0.739758629,-0.360858053,-1.32505286,-1.62880647
105655.462854,-0.385904274,1.0740635,0.461110614,-0.451167464,-1.44231772,-1.63546181
105655.472883,-0.044395022,0.89339027,0.348788888,-0.49766171,-1.53153574,-1.62979138
105655.482911,0.130249013,0.696991208,0.563407205,-0.553490341,-1.56475914,-1.61142695
105655.492939,0.239549053,0.572122719,0.732649089,-0.578923523,-1.55181861,-1.57130492
105655.502968,0.231986217,0.55437415,0.686349695,-0.570908785,-1.51695061,-1.53410959
105655.512996,0.381425375,0.580682019,0.595461801,-0.530451357,-1.47262442,-1.50256896
105655.523025,0.642716305,0.479271709,0.551646041,-0.463786036,-1.42598534,-1.45554471
105655.533053,0.653739803,0.348975935,0.518028433,-0.361354738,-1.39322519,-1.4107703
105655.543082,0.957233505,0.121215811,0.746756525,-0.432400167,-1.37149727,-1.30722022
105655.553110,1.13227648,-0.182579942,0.998335331,-0.49718821,-1.35158861,-1.21846962
105655.563138,1.09478203,-0.433988214,0.676793931,-0.451420188,-1.33428633,-1.12444425
105655.573167,1.04286187,-0.561727874,0.624733489,-0.373735875,-1.3077569,-1.04592812
105655.583195,0.906249752,-0.509959693,0.859497353,-0.356707096,-1.25857401,-0.994108081
105655.593224,0.859797213,-0.378660879,1.07639063,-0.366118163,-1.18400252,-0.940066218
105655.603252,0.678146514,-0.282900704,1.18723176,-0.384765893,-1.08948219,-0.899524391
105655.613281,0.564266453,-0.293769596,1.12708797,-0.381331205,-1.00496304,-0.881881714
105655.623309,0.619819998,-0.383503351,1.0756442,-0.374175042,-0.937947989,-0.860239267
105655.633337,0.529151885,-0.467629787,1.12173258,-0.380232662,-0.862629533,-0.867867112
105655.643366,0.52764148,-0.651621495,1.31014795,-0.426754355,-0.761831045,-0.84763211
105655.653394,0.635877398,-0.762718064,1.29562842,-0.461180776,-0.664491951,-0.792724669
105655.663423,0.697115419,-0.761608934,1.23635206,-0.477030575,-0.577904344,-0.734060824
105655.673451,0.61915715,-0.807596778,1.09471773,-0.5103513,-0.512824655,-0.688157499
105655.683480,0.436502243,-0.688450174,1.07419809,-0.568227112,-0.488337219,-0.659761548
105655.693508,0.131827806,-0.603181582,0.693827483,-0.649713993,-0.45808211,-0.664336622
105655.703536,0.149958506,-0.616911417,0.685201109,-0.663244963,-0.459847242,-0.657557011
105655.713565,0.121077864,-0.773663529,0.350814256,-0.654592335,-0.458497286,-0.637538552
105655.723593,0.334798941,-0.736696026,0.264352363,-0.669672251,-0.453943819,-0.600077748
105655.733622,0.594569236,-0.57954907,0.169615393,-0.673593998,-0.450217515,-0.554082811
105655.743650,0.640428486,-0.425063441,0.169283969,-0.675871789,-0.452871084,-0.521202087
105655.753679,0.433368621,-0.356110024,0.309605463,-0.724971712,-0.44676581,-0.504987717
105655.763707,0.283683086,-0.282583162,0.547484829,-0.792752624,-0.451093435,-0.522588015
105655.773736,0.167622758,-0.478276707,0.477512298,-0.830645919,-0.460177213,-0.506217539
105655.783764,0.277330502,-0.485148785,0.563120205,-0.903197885,-0.451186389,-0.478351831
105655.793792,0.250871534,-0.518775452,0.362431629,-0.891649127,-0.43504256,-0.440580755
105655.803821,0.278761412,-0.377554817,0.129045482,-0.882659853,-0.40854013,-0.43008256
105655.813849,0.384408483,-0.206215085,0.027144612,-0.842836261,-0.372118205,-0.428984553
105655.823878,0.437649074,-0.198309572,-0.0131049808,-0.815146089,-0.343768835,-0.436094373
105655.833906,0.433279773,-0.0887329071,0.0507698178,-0.808879375,-0.315219223,-0.464891404
105655.843934,0.218794142,-0.117621002,-0.00270049113,-0.762817621,-0.297900409,-0.47093147
105655.853962,0.0485965654,-0.213446936,0.0598328297,-0.719474912,-0.252621084,-0.488837481
105655.863990,-0.0131213474,-0.163865013,0.179452896,-0.639837921,-0.213007092,-0.496746302
105655.874019,-0.166631993,-0.355134165,0.435468223,-0.685335636,-0.175317764,-0.511230171
105655.884047,0.0130482821,-0.152737323,0.815870977,-0.885056973,-0.160583556,-0.521393836
105655.894076,0.112471364,-0.103463735,0.589881371,-1.03293145,-0.174893796,-0.531951427
105655.904104,0.26042496,0.077728698,0.209717686,-1.12193847,-0.225490391,-0.537332594
105655.914133,0.241593418,0.0523642474,-0.0996381858,-1.16557622,-0.274852365,-0.561239243
105655.924161,0.20188217,0.113928431,-0.267125335,-1.18901634,-0.297015458,-0.572140932
105655.934190,0.13550328,0.204540722,-0.489905331,-1.16795075,-0.306364208,-0.583194077
105655.944218,0.0407394221,0.355781815,-0.633541064,-1.12233794,-0.328736365,-0.594771087
105655.954246,0.082513448,0.505228573,-0.64200611,-1.08959818,-0.380175859,-0.596476853
105655.964275,0.180385793,0.619996231,-0.543717001,-1.11715114,-0.441246122,-0.585298538
105655.974303,0.208391406,0.544000494,-0.144828742,-1.22526538,-0.431162596,-0.512533486
105655.984332,0.285347804,0.450498181,0.0522141714,-1.2634331,-0.3646411,-0.407907486
105655.994360,0.219345346,0.469224801,0.0267488907,-1.20648396,-0.2770769,-0.3314026
105656.004389,0.17697277,0.751438399,-0.00293254632,-1.09094572,-0.172431439,-0.289209068
105656.014417,0.0182885209,1.11808677,0.0599859744,-0.985287726,-0.0541207716,-0.288309723
105656.024446,-0.0656926616,1.40360292,0.137418758,-0.89586997,0.0776625574,-0.306550503
105656.034474,-0.135706694,1.59491269,0.0478881249,-0.79271853,0.197507203,-0.371950299
105656.044502,-0.207725636,1.7292763,-0.186145672,-0.688887715,0.287223756,-0.455038518
105656.054531,-0.193577283,1.87865438,-0.265439573,-0.60857451,0.359913945,-0.54545629
105656.064559,-0.119589671,1.94746312,-0.297702259,-0.540382147,0.415361494,-0.64987272
105656.074588,-0.0575830049,1.8766008,-0.322595877,-0.442666203,0.464791089,-0.753223896
105656.084616,0.00580722497,1.74519298,-0.254815304,-0.396626294,0.488087088,-0.78950119
105656.094645,-0.0480482839,1.62675569,0.0503945547,-0.479497463,0.51901257,-0.796749771
105656.104673,-0.0666027622,1.56689802,0.212473707,-0.622006416,0.540981472,-0.806103349
105656.114702,0.00336275443,1.52523476,0.0138479081,-0.72605747,0.524252295,-0.827655792
105656.124730,0.0386263755,1.50077252,-0.252894565,-0.774597585,0.475045055,-0.844396949
105656.134758,0.117218266,1.43344933,-0.469288075,-0.821096897,0.40180546,-0.839386165
105656.144787,0.241892109,1.36390993,-0.521164393,-0.900638044,0.324326932,-0.821715593
105656.154815,0.283781286,1.3233618,-0.529918777,-1.00901437,0.238264486,-0.805084169
105656.164844,0.19685119,1.30413833,-0.761518625,-1.11496711,0.124601036,-0.775537729
105656.174872,0.0931909094,1.40229636,-1.15989952,-1.14840579,-0.0239532832,-0.759150982
105656.184901,0.118663789,1.6216382,-1.34293027,-1.134462,-0.182608709,-0.754369318
105656.194929,0.267064544,1.83452663,-1.25442548,-1.09969711,-0.327995479,-0.759554446
105656.204958,0.397417017,2.01140953,-1.08663262,-1.0529927,-0.446125299,-0.77582854
105656.214986,0.45087622,2.10225314,-0.946287748,-1.01570308,-0.536884189,-0.799806535
105656.225015,0.504116228,2.10422883,-0.774246005,-0.952518284,-0.59616828,-0.831051052
105656.235043,0.519341854,1.9852003,-0.567401244,-0.872466624,-0.628570199,-0.862720788
105656.245071,0.473228922,1.78325646,-0.303316007,-0.804372489,-0.629581928,-0.881315768
105656.255100,0.439661583,1.59280695,-0.00800970345,-0.757632434,-0.602222443,-0.883976281
105656.265128,0.435168948,1.34523402,0.157895144,-0.701952159,-0.5547508,-0.889031768
105656.275157,0.481601613,1.19381618,0.208334123,-0.646092892,-0.518983245,-0.859130621
105656.285185,0.483320108,1.2824156,0.419593193,-0.64609766,-0.467071056,-0.820613027
105656.295214,0.380173622,1.338409,0.47088382,-0.632344306,-0.411169201,-0.783651292
105656.305242,0.498766683,1.25986299,0.0259755683,-0.104162194,-0.455406159,-0.781046212
105656.315271,0.29848318,1.20755091,-0.263316005,0.433329225,-0.417683005,-0.818058789
105656.325299,0.0250572844,1.18162181,1.13391986,0.357662439,-0.336767137,-0.785055578
105656.335328,-0.137799282,1.41731141,1.88807292,-0.0423329137,-0.22499983,-0.762436032
105656.345356,-0.323125454,1.71956257,2.32551099,-0.467339337,-0.115639001,-0.80882138
105656.355385,-0.613374475,1.80884478,2.17132697,-0.701511145,0.0328926891,-0.96241653
105656.365413,-0.538155275,1.68656996,2.08727272,-0.855086029,0.20514223,-1.0582608
105656.375441,-0.257753695,1.49458696,2.10739372,-1.02609074,0.414135903,-1.07748365
105656.385470,0.458207878,1.17348468,1.50294373,-1.28457749,0.556746602,-1.06002319
105656.395498,1.40847154,0.68453132,0.202491827,-1.39206827,0.492296487,-1.01829576
105656.405527,1.24353466,-0.0975223627,-0.968544588,-0.972251773,0.265240163,-0.876603067
105656.415555,0.308807006,-0.358496189,-1.02612116,-0.453232557,0.05639695,-0.753544509
105656.425584,-0.5118401,-0.0300558233,0.101193599,-0.41256398,-0.0107980659,-0.588676453
105656.435612,-0.965195862,0.321139468,1.31948042,-0.7570135,-0.00698441919,-0.453056604
105656.445641,-0.987995723,0.828809443,1.51965754,-1.04985523,-0.0217660274,-0.450948715
105656.455669,-0.979409681,1.21763669,0.938426513,-1.1084975,-0.0949728712,-0.530611813
105656.465698,-0.962943699,1.35257488,0.596164397,-1.04172146,-0.165594295,-0.624061644
105656.475726,-0.78853698,1.2204904,0.667175623,-0.986273587,-0.189981669,-0.704845965
105656.485755,-0.786605135,1.04748588,0.930284123,-0.991233766,-0.151926428,-0.760801613
105656.495783,-0.835340817,0.938856575,1.14429863,-0.98277849,-0.0516861118,-0.770549893
105656.505812,-0.888157046,0.819071673,1.19105337,-0.900266051,0.0834163129,-0.776445568
105656.515840,-1.02318043,0.743834938,1.20983756,-0.77750814,0.234928608,-0.79696548
105656.525868,-1.1763918,0.789207427,1.23488433,-0.653738558,0.383891702,-0.834612727
105656.540911,-1.32007722,0.843787231,1.22191495,-0.491173297,0.574844897,-0.931334734
105656.550940,-1.43760178,0.883066591,1.1814409,-0.384549111,0.680130303,-1.00949395
